Time(s),Setpoint (C),Temperature (C),TotalOutput (%),PIDOutput (%)
0.4454982280731201,0.0,22.264,0.0,-3.6303489208221436
0.47579526901245117,0.0,22.261,0.0,-3.6124634742736816
0.5060551166534424,0.0,22.262,0.0,-3.5940024852752686
0.5467939376831055,0.0,22.227,0.0,-3.5572147369384766
0.5779974460601807,0.0,22.219,0.0,-3.538577079772949
0.60970139503479,0.0,22.205,0.0,-3.5207314491271973
0.6428873538970947,0.0,22.188,0.0,-3.486987352371216
0.6746068000793457,0.0,22.203,0.0,-3.4725255966186523
0.7063601016998291,0.0,22.201,0.0,-3.4593558311462402
0.7320077419281006,0.0,22.208,0.0,-3.4471333026885986
0.7571549415588379,0.0,22.23,0.0,-3.4362874031066895
0.7936344146728516,0.0,22.25,0.0,-3.419814109802246
0.8249692916870117,0.0,22.254,0.0,-3.412945508956909
0.8567817211151123,0.0,22.245,0.0,-3.406881093978882
0.8860247135162354,0.0,22.209,0.0,-3.4004101753234863
0.9204056262969971,0.0,22.216,0.0,-3.3866679668426514
0.9463405609130859,0.0,22.205,0.0,-3.3805861473083496
0.9761550426483154,0.0,22.213,0.0,-3.3755459785461426
1.0088276863098145,0.0,22.209,0.0,-3.3710451126098633
1.042191505432129,0.0,22.252,0.0,-3.364471435546875
1.0734338760375977,0.0,22.27,0.0,-3.3626508712768555
1.1048126220703125,0.0,22.297,0.0,-3.3615989685058594
1.145508050918579,0.0,22.244,0.0,-3.359039306640625
1.1704585552215576,0.0,22.261,0.0,-3.3567020893096924
1.205155849456787,0.0,22.238,0.0,-3.3553309440612793
1.2404723167419434,0.0,22.261,0.0,-3.352034330368042
1.2759490013122559,0.0,22.266,0.0,-3.3512940406799316
1.3081679344177246,0.0,22.281,0.0,-3.350494146347046
1.340815544128418,0.0,22.262,0.0,-3.3492608070373535
1.37164306640625,0.0,22.245,0.0,-3.3475735187530518
1.4028151035308838,0.0,22.194,0.0,-3.3440001010894775
1.4298436641693115,0.0,22.21,0.0,-3.3411293029785156
1.4599719047546387,0.0,22.21,0.0,-3.3394935131073
1.4927325248718262,0.0,22.227,0.0,-3.337773561477661
1.5245029926300049,0.0,22.216,0.0,-3.3369617462158203
1.5585341453552246,0.0,22.199,0.0,-3.3346900939941406
1.589057445526123,0.0,22.204,0.0,-3.333250045776367
1.6225550174713135,0.0,22.224,0.0,-3.33365797996521
1.6664464473724365,0.0,22.213,0.0,-3.333902359008789
1.70485258102417,0.0,22.222,0.0,-3.3336334228515625
1.7368264198303223,0.0,22.229,0.0,-3.333784341812134
1.7606453895568848,0.0,22.264,0.0,-3.334177255630493
1.7931110858917236,0.0,22.267,0.0,-3.337019681930542
1.8246285915374756,0.0,22.259,0.0,-3.3382132053375244
1.8576383590698242,0.0,22.241,0.0,-3.338773250579834
1.8908710479736328,0.0,22.228,0.0,-3.3375778198242188
1.9246535301208496,0.0,22.245,0.0,-3.3371124267578125
1.9574334621429443,0.0,22.24,0.0,-3.337238073348999
1.9926002025604248,0.0,22.259,0.0,-3.3377914428710938
2.035924196243286,0.0,22.251,0.0,-3.338388204574585
2.058171272277832,0.0,22.265,0.0,-3.3384130001068115
2.0927510261535645,0.0,22.263,0.0,-3.339359760284424
2.1272788047790527,0.0,22.258,0.0,-3.3394081592559814
2.159066915512085,0.0,22.203,0.0,-3.3389668464660645
2.1867778301239014,0.0,22.197,0.0,-3.3367629051208496
2.2101380825042725,0.0,22.198,0.0,-3.3347978591918945
2.243607759475708,0.0,22.189,0.0,-3.331805467605591
2.2717783451080322,0.0,22.212,0.0,-3.3316118717193604
2.3171939849853516,0.0,22.192,0.0,-3.330512762069702
2.3753275871276855,0.0,22.205,0.0,-3.3293344974517822
2.4039664268493652,0.0,22.21,0.0,-3.329484701156616
2.436047077178955,0.0,22.205,0.0,-3.3298280239105225
2.4749398231506348,0.0,22.214,0.0,-3.32950496673584
2.524531364440918,0.0,22.234,0.0,-3.3313286304473877
2.5561959743499756,0.0,22.254,0.0,-3.3324904441833496
2.591280460357666,0.0,22.256,0.0,-3.335360050201416
2.6192057132720947,0.0,22.275,0.0,-3.3371524810791016
2.6542928218841553,0.0,22.29,0.0,-3.3391549587249756
2.683983564376831,0.0,22.238,0.0,-3.339423656463623
2.716808319091797,0.0,22.221,0.0,-3.337379217147827
2.748591184616089,0.0,22.211,0.0,-3.33593487739563
2.7765884399414062,0.0,22.238,0.0,-3.3359427452087402
2.810163974761963,0.0,22.265,0.0,-3.3371615409851074
2.8508994579315186,0.0,22.268,0.0,-3.3387253284454346
2.882176637649536,0.0,22.266,0.0,-3.3393242359161377
2.9136078357696533,0.0,22.274,0.0,-3.339689016342163
2.9455113410949707,0.0,22.307,0.0,-3.340353488922119
2.977604389190674,0.0,22.301,0.0,-3.3421616554260254
3.0095417499542236,0.0,22.306,0.0,-3.343289375305176
3.0440306663513184,0.0,22.288,0.0,-3.344386100769043
3.072779893875122,0.0,22.258,0.0,-3.34413743019104
3.1047186851501465,0.0,22.271,0.0,-3.3429136276245117
3.1362109184265137,0.0,22.269,0.0,-3.342494249343872
3.1675801277160645,0.0,22.236,0.0,-3.340346574783325
3.199603796005249,0.0,22.222,0.0,-3.338627815246582
3.2321276664733887,0.0,22.203,0.0,-3.3370885848999023
3.2682440280914307,0.0,22.206,0.0,-3.333712577819824
3.2938342094421387,0.0,22.212,0.0,-3.332904577255249
3.3250584602355957,0.0,22.22,0.0,-3.332636833190918
3.3569273948669434,0.0,22.258,0.0,-3.3336689472198486
3.390194892883301,0.0,22.276,0.0,-3.3365566730499268
3.4284844398498535,0.0,22.256,0.0,-3.3370327949523926
3.4630494117736816,0.0,22.238,0.0,-3.337402820587158
3.495596408843994,0.0,22.219,0.0,-3.3370890617370605
3.5271267890930176,0.0,22.233,0.0,-3.3358917236328125
3.5600852966308594,0.0,22.25,0.0,-3.3355565071105957
3.590766668319702,0.0,22.271,0.0,-3.3372600078582764
3.6233975887298584,0.0,22.23,0.0,-3.3378448486328125
3.6562907695770264,0.0,22.234,0.0,-3.3369510173797607
3.686948299407959,0.0,22.243,0.0,-3.3364264965057373
3.719010829925537,0.0,22.241,0.0,-3.3362984657287598
3.750861406326294,0.0,22.239,0.0,-3.3372719287872314
3.782499074935913,0.0,22.247,0.0,-3.3368918895721436
3.8149421215057373,0.0,22.25,0.0,-3.3369333744049072
3.8473052978515625,0.0,22.226,0.0,-3.3362059593200684
3.8791003227233887,0.0,22.22,0.0,-3.336613893508911
3.90263032913208,0.0,22.22,0.0,-3.335587739944458
3.9277994632720947,0.0,22.226,0.0,-3.3350491523742676
3.9589412212371826,0.0,22.248,0.0,-3.3353524208068848
3.9937736988067627,0.0,22.272,0.0,-3.337162971496582
4.0339813232421875,0.0,22.297,0.0,-3.339432716369629
4.07484245300293,0.0,22.286,0.0,-3.3417601585388184
4.110402584075928,0.0,22.269,0.0,-3.341606855392456
4.14333176612854,0.0,22.247,0.0,-3.339923143386841
4.168567895889282,0.0,22.257,0.0,-3.339219093322754
4.203325986862183,0.0,22.262,0.0,-3.3390886783599854
4.234230041503906,0.0,22.257,0.0,-3.3391940593719482
4.266778469085693,0.0,22.279,0.0,-3.3398807048797607
4.298978328704834,0.0,22.296,0.0,-3.3416855335235596
4.33162522315979,0.0,22.267,0.0,-3.3426103591918945
4.36316442489624,0.0,22.235,0.0,-3.3420939445495605
4.395383834838867,0.0,22.205,0.0,-3.337711811065674
4.427084445953369,0.0,22.242,0.0,-3.336143732070923
4.442793369293213,0.0,22.242,0.0,-3.336031675338745
4.475585460662842,0.0,22.263,0.0,-3.3365020751953125
4.521127462387085,0.0,22.27,0.0,-3.3380613327026367
4.553655385971069,0.0,22.222,0.0,-3.337167739868164
4.58617639541626,0.0,22.221,0.0,-3.3360180854797363
4.618585824966431,0.0,22.235,0.0,-3.334977865219116
4.649914264678955,0.0,22.247,0.0,-3.3354036808013916
4.681897163391113,0.0,22.268,0.0,-3.336625099182129
4.714408874511719,0.0,22.193,0.0,-3.33719801902771
4.745685577392578,0.0,22.234,0.0,-3.334801435470581
4.785685300827026,0.0,22.26,0.0,-3.334756374359131
4.822602272033691,0.0,22.341,0.0,-3.337745428085327
4.861870765686035,0.0,22.356,0.0,-3.3415427207946777
4.89402174949646,0.0,22.359,0.0,-3.3471953868865967
4.926047325134277,0.0,22.359,0.0,-3.3495397567749023
4.954794406890869,0.0,22.314,0.0,-3.351314067840576
4.976252317428589,0.0,22.304,0.0,-3.350752830505371
5.00794792175293,0.0,22.279,0.0,-3.349855661392212
5.047895669937134,0.0,22.261,0.0,-3.3460800647735596
5.075295448303223,0.0,22.274,0.0,-3.3443493843078613
5.111415863037109,0.0,22.265,0.0,-3.343545436859131
5.13489031791687,0.0,22.279,0.0,-3.3425393104553223
5.16407585144043,0.0,22.272,0.0,-3.3423471450805664
5.194591045379639,0.0,22.263,0.0,-3.3411865234375
5.225539922714233,0.0,22.261,0.0,-3.340550661087036
5.257233619689941,0.0,22.245,0.0,-3.339686632156372
5.289604187011719,0.0,22.238,0.0,-3.338732957839966
5.321752548217773,0.0,22.25,0.0,-3.337441921234131
5.353900194168091,0.0,22.243,0.0,-3.336954116821289
5.384503602981567,0.0,22.293,0.0,-3.3380627632141113
5.417388439178467,0.0,22.289,0.0,-3.340564012527466
5.448556423187256,0.0,22.305,0.0,-3.3420119285583496
5.475993633270264,0.0,22.272,0.0,-3.3417437076568604
5.509554624557495,0.0,22.279,0.0,-3.341531753540039
5.539342880249023,0.0,22.26,0.0,-3.341658353805542
5.569318532943726,0.0,22.242,0.0,-3.340200424194336
5.608782768249512,0.0,22.245,0.0,-3.339071750640869
5.643264532089233,0.0,22.209,0.0,-3.336671829223633
5.705899477005005,0.0,22.223,0.0,-3.3336925506591797
5.725566864013672,0.0,22.241,0.0,-3.3333051204681396
5.75581169128418,0.0,22.254,0.0,-3.333785057067871
5.788151979446411,0.0,22.247,0.0,-3.334724187850952
5.819297790527344,0.0,22.234,0.0,-3.334989070892334
5.850965976715088,0.0,22.227,0.0,-3.3348164558410645
5.882887125015259,0.0,22.217,0.0,-3.334442615509033
5.914597749710083,0.0,22.173,0.0,-3.3337457180023193
5.946431875228882,0.0,22.145,0.0,-3.3283791542053223
5.978463888168335,0.0,22.15,0.0,-3.326301336288452
6.0114452838897705,0.0,22.218,0.0,-3.325695276260376
6.044528484344482,0.0,22.205,0.0,-3.3277688026428223
6.069620132446289,0.0,22.223,0.0,-3.3290271759033203
6.100960731506348,0.0,22.228,0.0,-3.3302319049835205
6.133689641952515,0.0,22.223,0.0,-3.3309683799743652
6.165025234222412,0.0,22.229,0.0,-3.3315482139587402
6.196434497833252,10.0,22.226,10.0,-3.0337140560150146
6.226669073104858,10.0,22.211,10.0,-2.793804168701172
6.269240617752075,10.0,22.217,10.0,-2.447497844696045
6.294548273086548,10.0,22.217,10.0,-2.324464797973633
6.323744535446167,10.0,22.284,10.0,-2.227344036102295
6.356582403182983,10.0,22.262,10.0,-2.1511261463165283
6.388156890869141,10.0,22.269,10.0,-2.0891547203063965
6.420534133911133,10.0,22.252,10.0,-1.9996163845062256
6.452291250228882,10.0,22.322,10.0,-1.968306541442871
6.484034061431885,10.0,22.352,10.0,-1.945273995399475
6.520291090011597,10.0,22.394,10.0,-1.9158406257629395
6.548033952713013,10.0,22.426,10.0,-1.9072871208190918
6.579886198043823,10.0,22.445,10.0,-1.901058554649353
6.609742164611816,10.0,22.464,10.0,-1.8966856002807617
6.64561915397644,10.0,22.544,10.0,-1.894590139389038
6.673684120178223,10.0,22.63,10.0,-1.8978185653686523
6.706824064254761,10.0,22.73,10.0,-1.9000766277313232
6.744633197784424,10.0,22.889,10.0,-1.9127463102340698
6.770549774169922,10.0,22.951,10.0,-1.9217944145202637
6.802791595458984,10.0,23.124,10.0,-1.9311435222625732
6.835012197494507,10.0,23.209,10.0,-1.9453696012496948
6.871736764907837,10.0,23.309,10.0,-1.9745582342147827
6.907179594039917,10.0,23.522,10.0,-1.9906013011932373
6.9336256980896,10.0,23.611,10.0,-2.006688356399536
6.970451593399048,10.0,23.703,10.0,-2.038029193878174
6.996825218200684,10.0,23.814,10.0,-2.054262161254883
7.029376745223999,10.0,24.007,10.0,-2.0692877769470215
7.061853408813477,10.0,24.156,10.0,-2.085498332977295
7.095927476882935,10.0,24.3,10.0,-2.1233086585998535
7.125489234924316,10.0,24.444,10.0,-2.1438801288604736
7.156761407852173,10.0,24.704,10.0,-2.164268732070923
7.18047571182251,10.0,24.704,10.0,-2.1851563453674316
7.211773633956909,10.0,24.965,10.0,-2.205768585205078
7.243728160858154,10.0,25.138,10.0,-2.24951434135437
7.27613091468811,10.0,25.288,10.0,-2.272613048553467
7.307478904724121,10.0,25.458,10.0,-2.2967934608459473
7.3411705493927,10.0,25.754,10.0,-2.3214027881622314
7.371534109115601,10.0,25.889,10.0,-2.3583500385284424
7.404654502868652,10.0,26.026,10.0,-2.3776490688323975
7.436544418334961,10.0,26.195,10.0,-2.3974108695983887
7.4692089557647705,10.0,26.555,10.0,-2.4496374130249023
7.500751972198486,10.0,26.932,10.0,-2.4804015159606934
7.532552242279053,10.0,27.114,10.0,-2.5110692977905273
7.5649755001068115,10.0,27.306,10.0,-2.541367530822754
7.600517749786377,10.0,27.732,10.0,-2.6029419898986816
7.636457920074463,10.0,27.92,10.0,-2.6349527835845947
7.66854190826416,10.0,28.126,10.0,-2.666388988494873
7.708463191986084,10.0,28.503,10.0,-2.729041337966919
7.742129802703857,10.0,28.738,10.0,-2.759807825088501
7.7725725173950195,10.0,28.944,10.0,-2.8244409561157227
7.804152727127075,10.0,29.166,10.0,-2.8573622703552246
7.838331460952759,10.0,29.55,10.0,-2.8892688751220703
7.868636608123779,10.0,29.727,10.0,-2.9207844734191895
7.900641918182373,10.0,29.944,10.0,-2.9822702407836914
7.932626485824585,10.0,30.168,10.0,-3.014274835586548
7.964272499084473,10.0,30.646,10.0,-3.0470268726348877
7.998063802719116,10.0,30.895,10.0,-3.1169679164886475
8.028550624847412,10.0,31.156,10.0,-3.142899513244629
8.06000542640686,10.0,31.408,10.0,-3.172353744506836
8.09186315536499,10.0,31.907,10.0,-3.2041637897491455
8.12312126159668,10.0,32.424,10.0,-3.2916817665100098
8.155145645141602,10.0,32.692,10.0,-3.334320068359375
8.19168758392334,10.0,32.95,10.0,-3.376858711242676
8.222883462905884,10.0,33.215,10.0,-3.460693836212158
8.252240896224976,10.0,33.806,10.0,-3.5037615299224854
8.285082578659058,10.0,34.111,10.0,-3.547537326812744
8.325857877731323,10.0,34.394,10.0,-3.6369500160217285
8.357152223587036,10.0,34.657,10.0,-3.6805624961853027
8.382586002349854,10.0,34.935,10.0,-3.723997116088867
8.412963628768921,10.0,35.508,10.0,-3.7677712440490723
8.4481520652771,10.0,35.837,10.0,-3.857078790664673
8.476990461349487,10.0,36.133,10.0,-3.902700185775757
8.50869083404541,10.0,36.442,10.0,-3.948866367340088
8.540796756744385,10.0,37.089,10.0,-3.9959757328033447
8.572661876678467,10.0,37.422,10.0,-4.092801094055176
8.605044841766357,10.0,37.732,10.0,-4.1284098625183105
8.637181758880615,10.0,38.072,10.0,-4.166759014129639
8.67277979850769,10.0,38.978,10.0,-4.251376628875732
8.701868057250977,10.0,39.282,10.0,-4.307620048522949
8.734208345413208,10.0,39.605,10.0,-4.361661434173584
8.766199588775635,10.0,39.933,10.0,-4.4147467613220215
8.798553943634033,10.0,40.26,10.0,-4.519252300262451
8.830548524856567,10.0,40.627,10.0,-4.572491645812988
8.862375497817993,10.0,41.317,10.0,-4.624942779541016
8.898030996322632,10.0,41.667,10.0,-4.731887340545654
8.926316499710083,10.0,41.966,10.0,-4.783350944519043
8.94796872138977,10.0,42.326,10.0,-4.835751533508301
8.974721193313599,10.0,42.716,10.0,-4.890119552612305
9.01052188873291,10.0,43.094,10.0,-4.9454827308654785
9.03932809829712,10.0,43.496,10.0,-5.002596378326416
9.080150365829468,10.0,44.204,10.0,-5.100533485412598
9.112168550491333,10.0,44.577,10.0,-5.144338130950928
9.143491744995117,10.0,44.954,10.0,-5.191265106201172
9.17552661895752,10.0,46.094,10.0,-5.293037414550781
9.20719861984253,10.0,46.447,10.0,-5.362161159515381
9.234890699386597,10.0,46.824,10.0,-5.427793502807617
9.25941252708435,10.0,47.228,10.0,-5.491662979125977
9.291500091552734,10.0,47.579,10.0,-5.555252552032471
9.324000358581543,10.0,47.952,10.0,-5.676419734954834
9.355879306793213,10.0,48.744,10.0,-5.736245155334473
9.38820219039917,10.0,49.159,10.0,-5.7966179847717285
9.419605255126953,10.0,49.585,10.0,-5.857811450958252
9.45197343826294,10.0,50.004,10.0,-5.982860565185547
9.4829261302948,10.0,50.428,10.0,-6.046220779418945
9.514703750610352,10.0,51.306,10.0,-6.110590934753418
9.549357175827026,10.0,51.726,10.0,-6.240788459777832
9.579575777053833,10.0,52.142,10.0,-6.305411338806152
9.612804174423218,10.0,53.002,10.0,-6.3697662353515625
9.643367290496826,10.0,53.425,10.0,-6.434986114501953
9.675477504730225,10.0,53.87,10.0,-6.565786361694336
9.74562382698059,10.0,54.303,10.0,-6.712943077087402
9.787975788116455,10.0,54.745,10.0,-6.735820770263672
9.824801445007324,10.0,56.556,10.0,-6.867856979370117
9.851866006851196,10.0,57.004,10.0,-6.960128307342529
9.883509635925293,10.0,57.953,10.0,-7.048276901245117
9.915935039520264,10.0,58.417,10.0,-7.1331586837768555
9.949186563491821,10.0,58.867,10.0,-7.293692111968994
9.980536460876465,10.0,59.363,10.0,-7.3719401359558105
10.011684894561768,10.0,59.848,10.0,-7.44929313659668
10.050513982772827,10.0,60.814,10.0,-7.601755142211914
10.076420068740845,10.0,61.287,10.0,-7.676630973815918
10.109086036682129,10.0,61.766,10.0,-7.750983238220215
10.141219139099121,10.0,62.225,10.0,-7.804795265197754
10.173888444900513,10.0,63.218,10.0,-7.923295974731445
10.205511808395386,10.0,63.728,10.0,-7.98814582824707
10.23760437965393,10.0,64.749,10.0,-8.056142807006836
10.274530172348022,10.0,65.244,10.0,-8.2362699508667
10.326674222946167,10.0,66.693,10.0,-8.401778221130371
10.358558893203735,10.0,67.195,10.0,-8.482060432434082
10.391107559204102,10.0,67.692,10.0,-8.561380386352539
10.422986030578613,10.0,68.218,10.0,-8.718484878540039
10.454874038696289,10.0,68.741,10.0,-8.797442436218262
10.4794282913208,10.0,69.245,10.0,-8.875728607177734
10.508656978607178,10.0,69.766,10.0,-8.954190254211426
10.559686660766602,10.0,70.788,10.0,-9.110355377197266
10.590748310089111,10.0,71.827,10.0,-9.187918663024902
10.623032331466675,10.0,72.377,10.0,-9.345794677734375
10.655041933059692,10.0,72.905,10.0,-9.425494194030762
10.686826705932617,10.0,73.44,10.0,-9.50554084777832
10.718515634536743,10.0,74.471,10.0,-9.585258483886719
10.750250577926636,10.0,75.013,10.0,-9.721244812011719
10.782719612121582,10.0,75.539,10.0,-9.784029006958008
10.815288066864014,10.0,76.077,10.0,-9.850677490234375
10.851268768310547,10.0,77.137,10.0,-9.993667602539062
10.88367247581482,10.0,78.222,10.0,-10.068097114562988
10.915716171264648,10.0,78.769,10.0,-10.167290687561035
10.95197319984436,10.0,79.32,10.0,-10.356084823608398
10.978490829467773,10.0,79.852,10.0,-10.446283340454102
11.01090955734253,10.0,80.95,10.0,-10.511857032775879
11.042923212051392,10.0,81.508,10.0,-10.604496002197266
11.074980020523071,10.0,82.064,10.0,-10.7847900390625
11.107767105102539,10.0,83.212,10.0,-10.873758316040039
11.13960337638855,10.0,83.757,10.0,-10.96235466003418
11.17557954788208,10.0,84.322,10.0,-11.1361083984375
11.200470447540283,10.0,84.885,10.0,-11.22240924835205
11.225603103637695,10.0,85.489,10.0,-11.310113906860352
11.260423183441162,10.0,86.087,10.0,-11.39863395690918
11.302159547805786,10.0,87.258,10.0,-11.57672119140625
11.333794116973877,10.0,87.841,10.0,-11.6650972366333
11.375754833221436,10.0,88.935,10.0,-11.836925506591797
11.400755882263184,10.0,89.529,10.0,-11.923689842224121
11.433653831481934,10.0,90.063,10.0,-11.986272811889648
11.4653799533844,10.0,90.685,10.0,-12.052613258361816
11.497237920761108,10.0,91.255,10.0,-12.125629425048828
11.530422925949097,10.0,92.428,10.0,-12.280936241149902
11.562517404556274,10.0,93.666,10.0,-12.362398147583008
11.59425163269043,10.0,94.233,10.0,-12.473066329956055
11.625633239746094,10.0,94.881,10.0,-12.682059288024902
11.657930374145508,10.0,96.031,10.0,-12.78315258026123
11.69056224822998,10.0,96.674,10.0,-12.87977409362793
11.722887754440308,10.0,97.25,10.0,-12.976838111877441
11.739774465560913,10.0,97.87,10.0,-13.07138729095459
11.771037340164185,10.0,98.457,10.0,-13.165809631347656
11.802502870559692,10.0,99.049,10.0,-13.350696563720703
11.834804773330688,10.0,99.672,10.0,-13.44320011138916
11.866966485977173,10.0,100.852,10.0,-13.533388137817383
11.909355401992798,10.0,101.43,10.0,-13.714385032653809
11.93484878540039,10.0,102.016,10.0,-13.803726196289062
11.97791576385498,10.0,103.297,10.0,-13.987702369689941
12.006064414978027,10.0,103.914,10.0,-14.054481506347656
12.038017749786377,10.0,104.578,10.0,-14.127277374267578
12.070647478103638,10.0,105.168,10.0,-14.206757545471191
12.103266954421997,10.0,106.405,10.0,-14.371519088745117
12.134016036987305,10.0,106.991,10.0,-14.45848274230957
12.166976928710938,10.0,108.326,10.0,-14.545741081237793
12.203386545181274,10.0,108.926,10.0,-14.777168273925781
12.230233669281006,10.0,109.558,10.0,-14.885933876037598
12.2626953125,10.0,110.738,10.0,-14.989967346191406
12.294584274291992,10.0,111.413,10.0,-15.090283393859863
12.326246500015259,10.0,112.068,10.0,-15.291863441467285
12.358476161956787,10.0,112.701,10.0,-15.391242027282715
12.390743970870972,10.0,113.96,10.0,-15.490325927734375
12.42980170249939,10.0,114.571,10.0,-15.683290481567383
12.45326852798462,10.0,115.245,10.0,-15.780580520629883
12.482324600219727,10.0,115.889,10.0,-15.877786636352539
12.514422178268433,10.0,116.525,10.0,-15.974584579467773
12.547295570373535,10.0,117.795,10.0,-16.071395874023438
12.579341650009155,10.0,118.424,10.0,-16.263063430786133
12.620398044586182,10.0,119.053,10.0,-16.358312606811523
12.6607506275177,10.0,120.345,10.0,-16.524497985839844
12.691466569900513,10.0,121.003,10.0,-16.599519729614258
12.724381446838379,10.0,121.655,10.0,-16.680200576782227
12.757370948791504,10.0,122.974,10.0,-16.852907180786133
12.789818286895752,10.0,124.287,10.0,-16.94428825378418
12.821600914001465,10.0,124.92,10.0,-17.065235137939453
12.85440444946289,10.0,125.574,10.0,-17.292022705078125
12.884923219680786,10.0,126.869,10.0,-17.39954948425293
12.917677402496338,10.0,127.538,10.0,-17.50562286376953
12.94358515739441,10.0,128.169,10.0,-17.610572814941406
12.985683917999268,10.0,129.525,10.0,-17.815589904785156
13.016858339309692,10.0,130.202,10.0,-17.918045043945312
13.04942011833191,10.0,130.877,10.0,-18.020444869995117
13.082396745681763,10.0,131.554,10.0,-18.22492790222168
13.113781452178955,10.0,132.212,10.0,-18.326313018798828
13.146085977554321,10.0,133.534,10.0,-18.426284790039062
13.178165435791016,10.0,134.141,10.0,-18.62493133544922
13.209304332733154,10.0,134.769,10.0,-18.72178077697754
13.242121696472168,10.0,135.453,10.0,-18.820096969604492
13.273414611816406,10.0,136.771,10.0,-18.917591094970703
13.306169748306274,10.0,137.461,10.0,-19.087345123291016
13.33858585357666,10.0,138.115,10.0,-19.16604232788086
13.37661337852478,10.0,139.459,10.0,-19.249217987060547
13.400704622268677,10.0,139.459,10.0,-19.337263107299805
13.43313455581665,10.0,140.798,10.0,-19.521371841430664
13.465141534805298,10.0,141.475,10.0,-19.61649513244629
13.49280595779419,10.0,142.852,10.0,-19.713464736938477
13.523843050003052,10.0,143.496,10.0,-19.84124755859375
13.555937767028809,10.0,144.173,10.0,-20.07863426208496
13.587409019470215,10.0,145.524,10.0,-20.192428588867188
13.625786304473877,10.0,146.272,10.0,-20.302927017211914
13.652559518814087,10.0,146.989,10.0,-20.414396286010742
13.683977603912354,10.0,147.688,10.0,-20.634923934936523
13.716165542602539,10.0,149.111,10.0,-20.74500274658203
13.747970819473267,10.0,149.794,10.0,-20.853588104248047
13.780158042907715,10.0,150.481,10.0,-21.06682777404785
13.812106370925903,10.0,151.136,10.0,-21.170841217041016
13.84453010559082,10.0,152.484,10.0,-21.273136138916016
13.875989198684692,10.0,153.193,10.0,-21.375865936279297
13.908535718917847,10.0,153.9,10.0,-21.583833694458008
13.940069913864136,10.0,154.602,10.0,-21.68842315673828
13.972777366638184,10.0,155.315,10.0,-21.7936954498291
14.005834341049194,10.0,156.748,10.0,-21.951873779296875
14.02984094619751,10.0,157.519,10.0,-22.041147232055664
14.058558464050293,10.0,158.223,10.0,-22.1372127532959
14.086180210113525,10.0,159.662,10.0,-22.23574447631836
14.125800371170044,10.0,160.405,10.0,-22.367048263549805
14.157797574996948,10.0,161.846,10.0,-22.617643356323242
14.189876794815063,10.0,162.556,10.0,-22.737686157226562
14.221818447113037,10.0,163.257,10.0,-22.854707717895508
14.25365424156189,10.0,164.037,10.0,-22.968963623046875
14.287453413009644,10.0,164.803,10.0,-23.200029373168945
14.318018198013306,10.0,166.274,10.0,-23.315326690673828
14.349755764007568,10.0,166.994,10.0,-23.428844451904297
14.382303714752197,10.0,167.726,10.0,-23.652721405029297
14.4140784740448,10.0,168.447,10.0,-23.763517379760742
14.447295188903809,10.0,169.915,10.0,-23.874340057373047
14.47966456413269,10.0,170.648,10.0,-23.984844207763672
14.511476516723633,10.0,171.397,10.0,-24.2061824798584
14.542218685150146,10.0,172.188,10.0,-24.31934356689453
14.570490837097168,10.0,172.972,10.0,-24.43390464782715
14.608405828475952,10.0,174.531,10.0,-24.631214141845703
14.634811401367188,10.0,175.271,10.0,-24.722936630249023
14.667145013809204,10.0,176.063,10.0,-24.819175720214844
14.699482440948486,10.0,176.869,10.0,-24.921144485473633
14.731759548187256,10.0,179.292,10.0,-25.172910690307617
14.767806768417358,10.0,180.125,10.0,-25.31319808959961
14.798850774765015,10.0,180.964,10.0,-25.450782775878906
14.833345890045166,10.0,181.805,10.0,-25.72055435180664
14.862208127975464,10.0,183.429,10.0,-25.851337432861328
14.895093202590942,10.0,184.262,10.0,-25.98122787475586
14.91106104850769,10.0,184.262,10.0,-26.110383987426758
14.943689584732056,10.0,185.957,10.0,-26.238723754882812
14.975767374038696,10.0,186.749,10.0,-26.36802101135254
15.008567571640015,10.0,187.574,10.0,-26.621185302734375
15.039873123168945,10.0,188.41,10.0,-26.747535705566406
15.072245359420776,10.0,190.131,10.0,-26.87425994873047
15.105486631393433,10.0,190.988,10.0,-27.002553939819336
15.13729214668274,10.0,191.866,10.0,-27.261091232299805
15.17003059387207,10.0,192.712,10.0,-27.390478134155273
15.201582670211792,10.0,194.455,10.0,-27.520355224609375
15.233644485473633,10.0,195.331,10.0,-27.782135009765625
15.266330480575562,10.0,196.206,10.0,-27.913654327392578
15.299524545669556,10.0,197.093,10.0,-28.00869369506836
15.331427335739136,10.0,198.881,10.0,-28.11280059814453
15.363867044448853,10.0,199.844,10.0,-28.340885162353516
15.395906686782837,10.0,201.728,10.0,-28.465734481811523
15.426424741744995,10.0,202.665,10.0,-28.634939193725586
15.475603818893433,10.0,204.548,10.0,-28.957679748535156
15.513391017913818,10.0,206.436,10.0,-29.26744842529297
15.544638872146606,10.0,207.387,10.0,-29.418493270874023
15.576878786087036,10.0,208.328,10.0,-29.568105697631836
15.609159231185913,10.0,209.282,10.0,-29.863414764404297
15.635306119918823,10.0,210.22,10.0,-30.009428024291992
15.666669130325317,10.0,211.162,10.0,-30.154573440551758
15.697639465332031,10.0,213.064,10.0,-30.300025939941406
15.730107069015503,10.0,214.039,10.0,-30.444425582885742
15.762301921844482,10.0,214.992,10.0,-30.73450469970703
15.793965578079224,10.0,215.921,10.0,-30.87809944152832
15.826711893081665,10.0,216.85,10.0,-31.02070426940918
15.861358165740967,10.0,218.755,10.0,-31.26447868347168
15.890863418579102,10.0,219.739,10.0,-31.377119064331055
15.92297077178955,10.0,220.701,10.0,-31.498252868652344
15.955044507980347,10.0,221.648,10.0,-31.62510108947754
15.9874906539917,10.0,224.429,10.0,-31.88866424560547
16.019721508026123,10.0,225.411,10.0,-32.06208038330078
16.052199840545654,10.0,226.36,10.0,-32.23020553588867
16.08704447746277,10.0,227.314,10.0,-32.55103302001953
16.11632251739502,10.0,229.219,10.0,-32.70710754394531
16.158941507339478,10.0,230.171,10.0,-32.859012603759766
16.191406726837158,10.0,232.098,10.0,-33.157955169677734
16.216296195983887,10.0,232.098,10.0,-33.305572509765625
16.248412609100342,10.0,234.013,10.0,-33.4523811340332
16.281047821044922,10.0,234.983,10.0,-33.5982551574707
16.312225341796875,10.0,235.92,10.0,-33.88848876953125
16.345327377319336,10.0,236.85,10.0,-34.03150939941406
16.37761878967285,10.0,238.772,10.0,-34.17474365234375
16.409127235412598,10.0,239.731,10.0,-34.46162033081055
16.441376447677612,10.0,240.748,10.0,-34.607566833496094
16.47325038909912,10.0,241.724,10.0,-34.75371551513672
16.505327224731445,10.0,243.676,10.0,-34.89971160888672
16.537389516830444,10.0,244.614,10.0,-35.11991882324219
16.569796323776245,10.0,245.576,10.0,-35.240726470947266
16.6025128364563,10.0,246.529,10.0,-35.36711883544922
16.63392400741577,10.0,248.449,10.0,-35.49751281738281
16.670687675476074,10.0,250.352,10.0,-35.839412689208984
16.702337503433228,10.0,251.306,10.0,-36.00104904174805
16.737269401550293,10.0,252.262,10.0,-36.31275939941406
16.766340255737305,10.0,253.215,10.0,-36.464351654052734
16.79772400856018,10.0,255.127,10.0,-36.614830017089844
16.83055853843689,10.0,256.079,10.0,-36.76274108886719
16.86770749092102,10.0,257.036,10.0,-37.05509567260742
16.90058732032776,10.0,258.935,10.0,-37.199806213378906
16.941860914230347,10.0,259.902,10.0,-37.488189697265625
16.972288131713867,10.0,260.842,10.0,-37.631473541259766
17.00399875640869,10.0,262.753,10.0,-37.773738861083984
17.035947561264038,10.0,263.715,10.0,-38.060508728027344
17.067342281341553,10.0,264.662,10.0,-38.20349884033203
17.09977126121521,10.0,265.589,10.0,-38.345279693603516
17.131340265274048,10.0,267.483,10.0,-38.48634719848633
17.16361951828003,10.0,268.431,10.0,-38.76990509033203
17.191845655441284,10.0,269.42,10.0,-38.91340255737305
17.233495235443115,10.0,271.29,10.0,-39.0167121887207
17.265941619873047,10.0,272.204,10.0,-39.24687576293945
17.29850721359253,10.0,274.044,10.0,-39.36908721923828
17.32939124107361,10.0,274.941,10.0,-39.533546447753906
17.36454701423645,10.0,275.899,10.0,-39.84571075439453
17.39310073852539,10.0,277.769,10.0,-39.99641036987305
17.424866437911987,10.0,278.725,10.0,-40.145362854003906
17.457176208496094,10.0,279.624,10.0,-40.29313659667969
17.48989987373352,10.0,280.514,10.0,-40.57906723022461
17.521195888519287,10.0,282.291,10.0,-40.717041015625
17.55358648300171,10.0,283.177,10.0,-40.854618072509766
17.588738441467285,10.0,284.094,10.0,-41.12680435180664
17.626113176345825,10.0,285.847,10.0,-41.26236343383789
17.657176971435547,10.0,286.762,10.0,-41.3955078125
17.681278944015503,10.0,287.635,10.0,-41.52941131591797
17.714656352996826,10.0,288.548,10.0,-41.795738220214844
17.75174641609192,10.0,289.46,10.0,-41.92993927001953
17.784152269363403,10.0,291.241,10.0,-42.06383514404297
17.816606521606445,10.0,292.116,10.0,-42.264427185058594
17.847833156585693,10.0,292.944,10.0,-42.3747673034668
17.879382133483887,10.0,294.651,10.0,-42.48781967163086
17.91182804107666,10.0,295.465,10.0,-42.639949798583984
17.94418478012085,10.0,297.198,10.0,-42.92578125
17.976189374923706,10.0,298.068,10.0,-43.06450653076172
18.008251428604126,10.0,298.929,10.0,-43.20121383666992
18.040811777114868,10.0,299.799,10.0,-43.469573974609375
18.07258152961731,10.0,301.49,10.0,-43.60154724121094
18.104515075683594,10.0,302.345,10.0,-43.731719970703125
18.137274980545044,10.0,303.168,10.0,-43.988739013671875
18.168948650360107,10.0,303.999,10.0,-44.11520004272461
18.2018985748291,10.0,305.664,10.0,-44.24045181274414
18.23220729827881,10.0,306.516,10.0,-44.36567687988281
18.254290103912354,10.0,307.368,10.0,-44.49128341674805
18.289679050445557,10.0,308.233,10.0,-44.74394226074219
18.32607078552246,10.0,309.061,10.0,-44.86977005004883
18.358917236328125,10.0,310.689,10.0,-44.99454879760742
18.391687393188477,10.0,311.502,10.0,-45.18056869506836
18.42407989501953,10.0,312.317,10.0,-45.2825813293457
18.456153631210327,10.0,313.136,10.0,-45.38909912109375
18.490899562835693,10.0,314.756,10.0,-45.64613342285156
18.517913103103638,10.0,316.382,10.0,-45.78688430786133
18.5504732131958,10.0,317.201,10.0,-45.92371368408203
18.58289408683777,10.0,317.995,10.0,-46.05728530883789
18.61496925354004,10.0,318.793,10.0,-46.314552307128906
18.646978855133057,10.0,320.395,10.0,-46.4400520324707
18.679419994354248,10.0,321.207,10.0,-46.56390380859375
18.71506953239441,10.0,322.012,10.0,-46.809417724609375
18.743966817855835,10.0,322.801,10.0,-46.930477142333984
18.776113033294678,10.0,324.39,10.0,-47.05064392089844
18.802045583724976,10.0,325.166,10.0,-47.170433044433594
18.833078622817993,10.0,325.955,10.0,-47.28902053833008
18.86733865737915,10.0,326.727,10.0,-47.52448654174805
18.8975670337677,10.0,327.507,10.0,-47.641334533691406
18.930203676223755,10.0,328.255,10.0,-47.756561279296875
18.962019681930542,10.0,329.752,10.0,-47.870025634765625
18.992499113082886,10.0,330.499,10.0,-48.09576416015625
19.036049127578735,10.0,332.099,10.0,-48.209373474121094
19.0750572681427,10.0,332.864,10.0,-48.38167190551758
19.10726571083069,10.0,334.421,10.0,-48.477840423583984
19.14291286468506,10.0,335.909,10.0,-48.740264892578125
19.171552419662476,10.0,336.632,10.0,-48.86463928222656
19.203691720962524,10.0,337.35,10.0,-48.98497009277344
19.23616600036621,10.0,338.079,10.0,-49.10195541381836
19.26842999458313,10.0,338.854,10.0,-49.3319206237793
19.299561500549316,10.0,340.397,10.0,-49.44751739501953
19.329964876174927,10.0,341.164,10.0,-49.562686920166016
19.366973400115967,10.0,341.884,10.0,-49.790748596191406
19.395549297332764,10.0,342.622,10.0,-49.90292739868164
19.42717671394348,10.0,344.036,10.0,-50.01402282714844
19.45967173576355,10.0,344.779,10.0,-50.122615814208984
19.494123458862305,10.0,345.513,10.0,-50.34067153930664
19.52288794517517,10.0,346.253,10.0,-50.449951171875
19.554110527038574,10.0,347.039,10.0,-50.52839660644531
19.587449550628662,10.0,348.511,10.0,-50.61607360839844
19.6185462474823,10.0,349.897,10.0,-50.858734130859375
19.649674892425537,10.0,350.577,10.0,-50.9738655090332
19.683324813842773,10.0,351.291,10.0,-51.08552169799805
19.707343101501465,10.0,352.025,10.0,-51.19590377807617
19.75298571586609,10.0,353.439,10.0,-51.414268493652344
19.792444229125977,10.0,354.172,10.0,-51.631107330322266
19.8244891166687,10.0,354.874,10.0,-51.7386474609375
19.85085129737854,10.0,355.627,10.0,-51.8475341796875
19.891241550445557,10.0,356.992,10.0,-52.060272216796875
19.92165517807007,10.0,357.675,10.0,-52.164634704589844
19.953190803527832,10.0,358.336,10.0,-52.26725387573242
19.984821796417236,10.0,359.697,10.0,-52.369476318359375
20.016536951065063,10.0,360.394,10.0,-52.47119903564453
20.048677444458008,10.0,361.069,10.0,-52.67498016357422
20.081073999404907,10.0,361.71,10.0,-52.74784851074219
20.112735271453857,10.0,362.382,10.0,-52.825477600097656
20.145037174224854,10.0,364.357,10.0,-53.02178192138672
20.177470684051514,10.0,365.015,10.0,-53.13207244873047
20.20895481109619,10.0,365.657,10.0,-53.239532470703125
20.241216897964478,10.0,366.321,10.0,-53.34410858154297
20.272883415222168,10.0,367.654,10.0,-53.55027770996094
20.305581092834473,10.0,368.343,10.0,-53.65177917480469
20.338786602020264,10.0,369.003,10.0,-53.75371170043945
20.364566802978516,10.0,369.664,10.0,-53.85476303100586
20.40623188018799,10.0,370.994,10.0,-54.054996490478516
20.431583166122437,10.0,371.633,10.0,-54.154937744140625
20.457000732421875,10.0,372.299,10.0,-54.25360107421875
20.490277528762817,10.0,372.966,10.0,-54.352420806884766
20.530014991760254,10.0,374.199,10.0,-54.547515869140625
20.562435626983643,10.0,374.826,10.0,-54.643253326416016
20.59469199180603,10.0,375.457,10.0,-54.83283233642578
20.624114990234375,10.0,376.112,10.0,-54.92814636230469
20.65566372871399,10.0,376.767,10.0,-55.02404022216797
20.68830919265747,10.0,378.017,10.0,-55.11846923828125
20.72055196762085,10.0,378.661,10.0,-55.3080940246582
20.752952575683594,10.0,379.315,10.0,-55.37629699707031
20.78540015220642,10.0,379.946,10.0,-55.45130920410156
20.819986820220947,10.0,381.855,10.0,-55.61471939086914
20.848922729492188,10.0,382.53,10.0,-55.727256774902344
20.881964683532715,10.0,383.135,10.0,-55.837650299072266
20.91785979270935,10.0,383.712,10.0,-55.943363189697266
20.94976782798767,10.0,384.926,10.0,-56.14421463012695
20.981572151184082,10.0,385.528,10.0,-56.24026870727539
21.013335466384888,10.0,386.154,10.0,-56.33467102050781
21.04578399658203,10.0,386.741,10.0,-56.521114349365234
21.077543020248413,10.0,387.978,10.0,-56.613990783691406
21.11100125312805,10.0,388.544,10.0,-56.70602035522461
21.143722534179688,10.0,389.141,10.0,-56.885311126708984
21.169109582901,10.0,389.71,10.0,-56.973331451416016
21.196518421173096,10.0,390.282,10.0,-57.06037902832031
21.23733878135681,10.0,391.484,10.0,-57.149723052978516
21.27042007446289,10.0,392.088,10.0,-57.32534408569336
21.30237579345703,10.0,392.677,10.0,-57.41324996948242
21.33463716506958,10.0,393.226,10.0,-57.499351501464844
21.3664710521698,10.0,394.374,10.0,-57.5852165222168
21.39878511428833,10.0,394.963,10.0,-57.756771087646484
21.434996604919434,10.0,395.492,10.0,-57.84066390991211
21.466249227523804,10.0,396.6,10.0,-57.924827575683594
21.49905228614807,10.0,397.088,10.0,-58.066741943359375
21.531107187271118,10.0,398.187,10.0,-58.128326416015625
21.56327223777771,10.0,398.731,10.0,-58.217498779296875
21.59511113166809,10.0,399.853,10.0,-58.392269134521484
21.627443313598633,10.0,400.419,10.0,-58.47789001464844
21.659059524536133,10.0,401.018,10.0,-58.563297271728516
21.689333200454712,10.0,401.577,10.0,-58.649925231933594
21.722837209701538,10.0,402.138,10.0,-58.821224212646484
21.754536628723145,10.0,403.181,10.0,-58.90504455566406
21.786019802093506,10.0,403.708,10.0,-58.98675537109375
21.817488193511963,10.0,404.216,10.0,-59.0675163269043
21.85590648651123,10.0,405.184,10.0,-59.223304748535156
21.883357524871826,10.0,405.69,10.0,-59.29887008666992
21.923836708068848,10.0,406.211,10.0,-59.44973373413086
21.956235885620117,10.0,406.766,10.0,-59.52711868286133
21.985142707824707,10.0,407.753,10.0,-59.60400390625
22.01606297492981,10.0,408.26,10.0,-59.67913055419922
22.04944896697998,10.0,408.731,10.0,-59.82769775390625
22.079840660095215,10.0,409.216,10.0,-59.9006233215332
22.11196804046631,10.0,409.707,10.0,-59.97337341308594
22.146790504455566,10.0,410.708,10.0,-60.08243942260742
22.17646551132202,10.0,411.739,10.0,-60.14354705810547
22.208654642105103,10.0,412.25,10.0,-60.23007583618164
22.241218328475952,10.0,412.746,10.0,-60.314453125
22.27369785308838,10.0,413.681,10.0,-60.47517013549805
22.304895877838135,10.0,414.113,10.0,-60.551876068115234
22.335457801818848,10.0,414.565,10.0,-60.625244140625
22.36699366569519,10.0,415.05,10.0,-60.69687271118164
22.398898363113403,10.0,415.497,10.0,-60.83873748779297
22.4300057888031,10.0,416.429,10.0,-60.908416748046875
22.46172785758972,10.0,416.857,10.0,-60.97798538208008
22.49187707901001,10.0,417.286,10.0,-61.04576873779297
22.52535581588745,10.0,417.749,10.0,-61.179141998291016
22.573953866958618,10.0,418.682,10.0,-61.31423568725586
22.602787256240845,10.0,419.15,10.0,-61.38253402709961
22.642241716384888,10.0,420.048,10.0,-61.45140838623047
22.673370599746704,10.0,420.461,10.0,-61.58415985107422
22.7050302028656,10.0,420.894,10.0,-61.649208068847656
22.738337993621826,10.0,421.299,10.0,-61.712738037109375
22.753750324249268,10.0,421.746,10.0,-61.776885986328125
22.785937070846558,10.0,422.221,10.0,-61.822776794433594
22.81844210624695,10.0,423.047,10.0,-61.874549865722656
22.85085439682007,10.0,423.886,10.0,-61.99710464477539
22.881157159805298,10.0,424.328,10.0,-62.068572998046875
22.91359305381775,10.0,424.747,10.0,-62.13887023925781
22.95066475868225,10.0,425.151,10.0,-62.273590087890625
22.977616548538208,10.0,425.959,10.0,-62.33785629272461
23.009548902511597,10.0,426.395,10.0,-62.40138244628906
23.036861658096313,10.0,426.822,10.0,-62.46527862548828
23.06955075263977,10.0,427.232,10.0,-62.529083251953125
23.10200023651123,10.0,427.635,10.0,-62.654273986816406
23.133948802947998,10.0,428.46,10.0,-62.71656036376953
23.166197776794434,10.0,428.865,10.0,-62.778167724609375
23.20007872581482,10.0,429.246,10.0,-62.89919662475586
23.230058431625366,10.0,429.631,10.0,-62.95820617675781
23.271496534347534,10.0,430.383,10.0,-63.015533447265625
23.30553412437439,10.0,430.771,10.0,-63.130226135253906
23.344435930252075,10.0,431.574,10.0,-63.18752670288086
23.3764328956604,10.0,431.946,10.0,-63.30333709716797
23.40777015686035,10.0,432.318,10.0,-63.34446716308594
23.440176963806152,10.0,433.026,10.0,-63.38865280151367
23.47196936607361,10.0,433.836,10.0,-63.44936752319336
23.50408673286438,10.0,434.222,10.0,-63.570953369140625
23.536579608917236,10.0,434.626,10.0,-63.63109588623047
23.576743602752686,10.0,434.997,10.0,-63.75044631958008
23.605345487594604,10.0,435.743,10.0,-63.808013916015625
23.638558387756348,10.0,436.08,10.0,-63.86561584472656
23.669875383377075,10.0,436.408,10.0,-63.92115783691406
23.701934814453125,10.0,436.778,10.0,-64.02857208251953
23.733766317367554,10.0,437.57,10.0,-64.08355712890625
23.765681743621826,10.0,437.926,10.0,-64.13978576660156
23.802423000335693,10.0,438.292,10.0,-64.25021362304688
23.829700231552124,10.0,438.625,10.0,-64.30372619628906
23.8617422580719,10.0,438.973,10.0,-64.3566665649414
23.893458366394043,10.0,439.792,10.0,-64.41311645507812
23.925715923309326,10.0,440.163,10.0,-64.5257797241211
23.95806121826172,10.0,440.518,10.0,-64.58112335205078
23.99151372909546,10.0,440.813,10.0,-64.63328552246094
24.019973039627075,10.0,441.491,10.0,-64.68400573730469
24.059854984283447,10.0,442.167,10.0,-64.76039123535156
24.090616464614868,10.0,442.523,10.0,-64.81694793701172
24.123054265975952,10.0,442.824,10.0,-64.87277221679688
24.15553069114685,10.0,443.496,10.0,-64.97814178466797
24.187859535217285,10.0,443.826,10.0,-65.0296859741211
24.218525409698486,10.0,444.196,10.0,-65.0805435180664
24.25190043449402,10.0,444.513,10.0,-65.1832504272461
24.283414840698242,10.0,445.084,10.0,-65.23272705078125
24.315401792526245,10.0,445.379,10.0,-65.27903747558594
24.347646951675415,10.0,445.698,10.0,-65.3244400024414
24.379233360290527,10.0,446.032,10.0,-65.41679382324219
24.411865949630737,10.0,446.738,10.0,-65.46578979492188
24.444011926651,10.0,447.067,10.0,-65.51494598388672
24.477593660354614,10.0,447.37,10.0,-65.61207580566406
24.508820056915283,10.0,447.671,10.0,-65.65914154052734
24.53988289833069,10.0,448.223,10.0,-65.70390319824219
24.57179355621338,10.0,448.54,10.0,-65.74798583984375
24.604119777679443,10.0,448.849,10.0,-65.83770751953125
24.641722202301025,10.0,449.173,10.0,-65.88347625732422
24.67847490310669,10.0,449.777,10.0,-65.97370910644531
24.70746636390686,10.0,450.053,10.0,-66.01785278320312
24.75347590446472,10.0,450.961,10.0,-66.11788177490234
24.809048414230347,10.0,451.575,10.0,-66.18961334228516
24.841832160949707,10.0,451.889,10.0,-66.2359848022461
24.873570203781128,10.0,452.196,10.0,-66.28256225585938
24.905250787734985,10.0,452.84,10.0,-66.37620544433594
24.937649726867676,10.0,453.138,10.0,-66.42351531982422
24.969886779785156,10.0,453.412,10.0,-66.47013854980469
25.001919269561768,10.0,453.684,10.0,-66.55902862548828
25.033417224884033,10.0,453.957,10.0,-66.60189819335938
25.065255165100098,10.0,454.523,10.0,-66.64393615722656
25.09711456298828,10.0,454.822,10.0,-66.68643188476562
25.12892770767212,10.0,455.094,10.0,-66.77165985107422
25.153838396072388,10.0,455.389,10.0,-66.8143081665039
25.190685033798218,10.0,455.965,10.0,-66.85702514648438
25.222763061523438,10.0,456.285,10.0,-66.89972686767578
25.254312753677368,10.0,456.571,10.0,-66.98753356933594
25.286773204803467,10.0,456.858,10.0,-67.03102111816406
25.31923484802246,10.0,457.165,10.0,-67.0751724243164
25.355052947998047,10.0,457.755,10.0,-67.16321563720703
25.38487458229065,10.0,458.307,10.0,-67.21820831298828
25.41573143005371,10.0,458.558,10.0,-67.25836181640625
25.450359582901,10.0,459.149,10.0,-67.29756927490234
25.480645656585693,10.0,459.42,10.0,-67.37871551513672
25.51138472557068,10.0,459.685,10.0,-67.4197769165039
25.543867826461792,10.0,459.936,10.0,-67.46033477783203
25.57898449897766,10.0,460.21,10.0,-67.53973388671875
25.607527256011963,10.0,460.472,10.0,-67.57923126220703
25.63826084136963,10.0,461.086,10.0,-67.62093353271484
25.66585659980774,10.0,461.361,10.0,-67.66326141357422
25.69744634628296,10.0,461.659,10.0,-67.70527648925781
25.731348752975464,10.0,461.915,10.0,-67.78955078125
25.76181435585022,10.0,462.171,10.0,-67.83015441894531
25.792985677719116,10.0,462.709,10.0,-67.8709716796875
25.825437784194946,10.0,462.965,10.0,-67.91120147705078
25.85694122314453,10.0,463.264,10.0,-67.99176788330078
25.888843536376953,10.0,463.533,10.0,-68.03250122070312
25.92090678215027,10.0,464.097,10.0,-68.07433319091797
25.95546007156372,10.0,464.352,10.0,-68.15596771240234
25.985004663467407,10.0,464.615,10.0,-68.1960220336914
26.016504287719727,10.0,465.112,10.0,-68.22478485107422
26.049099445343018,10.0,465.36,10.0,-68.26571655273438
26.080004930496216,10.0,465.796,10.0,-68.34381103515625
26.112356662750244,10.0,466.025,10.0,-68.3800048828125
26.13151216506958,10.0,466.025,10.0,-68.41546630859375
26.165239810943604,10.0,466.258,10.0,-68.4505386352539
26.195492029190063,10.0,466.258,10.0,-68.47555541992188
26.224009037017822,10.0,466.258,10.0,-68.49283599853516
26.26933002471924,10.0,467.438,10.0,-68.55179595947266
26.30103373527527,10.0,467.673,10.0,-68.59553527832031
26.333236694335938,10.0,467.9,10.0,-68.67716979980469
26.36528205871582,10.0,468.352,10.0,-68.71514129638672
26.397884607315063,10.0,468.536,10.0,-68.75239562988281
26.430830478668213,10.0,468.738,10.0,-68.82017517089844
26.462220668792725,10.0,468.954,10.0,-68.85297393798828
26.4937641620636,10.0,469.382,10.0,-68.88440704345703
26.52500605583191,10.0,469.583,10.0,-68.91673278808594
26.557461738586426,10.0,469.821,10.0,-68.9807357788086
26.588502407073975,10.0,470.052,10.0,-69.01366424560547
26.6204617023468,10.0,470.262,10.0,-69.04607391357422
26.656513452529907,10.0,470.888,10.0,-69.1151123046875
26.68481183052063,10.0,471.107,10.0,-69.14520263671875
26.718690633773804,10.0,471.315,10.0,-69.17582702636719
26.73892569541931,10.0,471.555,10.0,-69.20641326904297
26.77094292640686,10.0,471.728,10.0,-69.23832702636719
26.808220624923706,10.0,471.947,10.0,-69.2991714477539
26.83527684211731,10.0,472.357,10.0,-69.32974243164062
26.87417697906494,10.0,472.571,10.0,-69.36022186279297
26.89919900894165,10.0,472.762,10.0,-69.39102172851562
26.939485788345337,10.0,473.116,10.0,-69.45001220703125
26.971609354019165,10.0,473.301,10.0,-69.47811126708984
27.008885383605957,10.0,473.513,10.0,-69.53458404541016
27.037049293518066,10.0,473.726,10.0,-69.56402587890625
27.068522214889526,10.0,473.945,10.0,-69.59432220458984
27.100391387939453,10.0,474.335,10.0,-69.624267578125
27.13246989250183,10.0,474.546,10.0,-69.68409729003906
27.164010524749756,10.0,474.716,10.0,-69.71290588378906
27.196159839630127,10.0,474.902,10.0,-69.74134063720703
27.22801375389099,10.0,475.269,10.0,-69.76966857910156
27.25895595550537,10.0,475.711,10.0,-69.83573913574219
27.289671897888184,10.0,475.711,10.0,-69.86377716064453
27.316949129104614,10.0,476.174,10.0,-69.88382720947266
27.34819197654724,10.0,476.376,10.0,-69.91716003417969
27.380220413208008,10.0,476.578,10.0,-69.94981384277344
27.4127995967865,10.0,476.916,10.0,-70.01217651367188
27.444358587265015,10.0,477.097,10.0,-70.04112243652344
27.477044820785522,10.0,477.283,10.0,-70.0694808959961
27.508284091949463,10.0,477.506,10.0,-70.12712097167969
27.54089665412903,10.0,477.908,10.0,-70.15699005126953
27.572330236434937,10.0,478.119,10.0,-70.18672180175781
27.613571166992188,10.0,478.306,10.0,-70.24662780761719
27.645204544067383,10.0,478.682,10.0,-70.27484893798828
27.6768159866333,10.0,478.888,10.0,-70.3039779663086
27.70962929725647,10.0,479.119,10.0,-70.36456298828125
27.73957347869873,10.0,479.35,10.0,-70.39664459228516
27.773231267929077,10.0,479.759,10.0,-70.42876434326172
27.804696083068848,10.0,479.922,10.0,-70.46026611328125
27.832481145858765,10.0,480.129,10.0,-70.51982879638672
27.863620042800903,10.0,480.355,10.0,-70.5508804321289
27.89482617378235,10.0,480.559,10.0,-70.58184814453125
27.92708969116211,10.0,480.986,10.0,-70.61426544189453
27.959648370742798,10.0,481.4,10.0,-70.68553161621094
27.993311882019043,10.0,481.575,10.0,-70.71479034423828
28.026270151138306,10.0,481.79,10.0,-70.74311065673828
28.062272787094116,10.0,482.189,10.0,-70.8001937866211
28.09039068222046,10.0,482.427,10.0,-70.83000946044922
28.122791051864624,10.0,482.611,10.0,-70.86143493652344
28.154027938842773,10.0,482.824,10.0,-70.89183807373047
28.186955213546753,10.0,482.973,10.0,-70.95114135742188
28.218464851379395,10.0,483.338,10.0,-70.97850036621094
28.251198053359985,10.0,483.534,10.0,-71.00640869140625
28.277297258377075,10.0,483.757,10.0,-71.03460693359375
28.31765079498291,10.0,484.159,10.0,-71.0948715209961
28.350990533828735,10.0,484.323,10.0,-71.12448120117188
28.38249635696411,10.0,484.51,10.0,-71.15267181396484
28.414167404174805,10.0,484.69,10.0,-71.20841979980469
28.44712257385254,10.0,485.14,10.0,-71.23748779296875
28.479023933410645,10.0,485.303,10.0,-71.26805877685547
28.51128363609314,10.0,485.481,10.0,-71.32522583007812
28.54384756088257,10.0,485.672,10.0,-71.35353088378906
28.576287031173706,10.0,485.859,10.0,-71.38170623779297
28.608273029327393,10.0,486.515,10.0,-71.41075134277344
28.640381813049316,10.0,486.712,10.0,-71.48770141601562
28.671441316604614,10.0,486.935,10.0,-71.51496887207031
28.702919244766235,10.0,487.143,10.0,-71.5438003540039
28.73682713508606,10.0,487.509,10.0,-71.60254669189453
28.767646312713623,10.0,487.661,10.0,-71.63080596923828
28.800466299057007,10.0,487.833,10.0,-71.65744018554688
28.83228898048401,10.0,488.017,10.0,-71.68367767333984
28.874351978302002,10.0,488.457,10.0,-71.73823547363281
28.90688133239746,10.0,488.655,10.0,-71.76766967773438
28.93775725364685,10.0,488.842,10.0,-71.82630920410156
28.962565898895264,10.0,489.071,10.0,-71.85688781738281
28.992979764938354,10.0,489.285,10.0,-71.88796997070312
29.035409927368164,10.0,489.642,10.0,-71.9474105834961
29.075129508972168,10.0,489.769,10.0,-71.97359466552734
29.106383323669434,10.0,490.092,10.0,-71.9992904663086
29.139141082763672,10.0,490.302,10.0,-72.0506820678711
29.171090126037598,10.0,490.522,10.0,-72.07889556884766
29.203485250473022,10.0,490.897,10.0,-72.11494445800781
29.23602318763733,10.0,491.25,10.0,-72.16763305664062
29.26789617538452,10.0,491.421,10.0,-72.19378662109375
29.29969596862793,10.0,491.594,10.0,-72.21967315673828
29.33219003677368,10.0,491.746,10.0,-72.24543762207031
29.3639132976532,10.0,492.041,10.0,-72.29399108886719
29.40105128288269,10.0,492.254,10.0,-72.31721496582031
29.437193155288696,10.0,492.459,10.0,-72.3694839477539
29.46537494659424,10.0,492.628,10.0,-72.39588165283203
29.49726939201355,10.0,492.979,10.0,-72.42333984375
29.52943229675293,10.0,493.139,10.0,-72.44938659667969
29.564064979553223,10.0,493.352,10.0,-72.5019760131836
29.592936754226685,10.0,493.522,10.0,-72.5286865234375
29.625332593917847,10.0,493.814,10.0,-72.553955078125
29.656744480133057,10.0,493.955,10.0,-72.57827758789062
29.68608593940735,10.0,494.124,10.0,-72.6015853881836
29.724788427352905,10.0,494.328,10.0,-72.65079498291016
29.758094310760498,10.0,494.71,10.0,-72.67890167236328
29.78975224494934,10.0,494.918,10.0,-72.73341369628906
29.820914030075073,10.0,495.102,10.0,-72.76131439208984
29.853217840194702,10.0,495.491,10.0,-72.79781341552734
29.885217905044556,10.0,495.813,10.0,-72.8246078491211
29.921805381774902,10.0,495.967,10.0,-72.87611389160156
29.946495294570923,10.0,496.125,10.0,-72.90081024169922
29.978354454040527,10.0,496.271,10.0,-72.92510986328125
30.014850854873657,10.0,496.453,10.0,-72.97300720214844
30.04140305519104,10.0,496.78,10.0,-72.99736022949219
30.073098182678223,10.0,496.939,10.0,-73.02163696289062
30.10465908050537,10.0,497.095,10.0,-73.04570007324219
30.1366605758667,10.0,497.255,10.0,-73.06947326660156
30.16865086555481,10.0,497.657,10.0,-73.11921691894531
30.20101547241211,10.0,497.822,10.0,-73.14582824707031
30.23327898979187,10.0,497.987,10.0,-73.17196655273438
30.265161275863647,10.0,498.085,10.0,-73.22042083740234
30.297032594680786,10.0,498.224,10.0,-73.24242401123047
30.32977533340454,10.0,498.526,10.0,-73.26393127441406
30.36153817176819,10.0,498.707,10.0,-73.28606414794922
30.40176773071289,10.0,498.887,10.0,-73.33378601074219
30.44144582748413,10.0,499.152,10.0,-73.37905883789062
30.47019052505493,10.0,499.419,10.0,-73.40602111816406
30.50318932533264,10.0,499.613,10.0,-73.4337158203125
30.533843994140625,10.0,499.943,10.0,-73.46141815185547
30.56655740737915,10.0,500.114,10.0,-73.50199890136719
30.598355531692505,10.0,500.271,10.0,-73.52371215820312
30.630977153778076,10.0,500.405,10.0,-73.5457992553711
30.666500568389893,10.0,500.585,10.0,-73.590087890625
30.6934711933136,10.0,500.911,10.0,-73.61376190185547
30.724995851516724,10.0,501.101,10.0,-73.63722229003906
30.75725507736206,10.0,501.255,10.0,-73.66207885742188
30.790405750274658,10.0,501.405,10.0,-73.71041870117188
30.82076597213745,10.0,501.769,10.0,-73.73524475097656
30.85316562652588,10.0,501.942,10.0,-73.76085662841797
30.88451910018921,10.0,502.109,10.0,-73.7866439819336
30.916073083877563,10.0,502.243,10.0,-73.83650970458984
30.947586059570312,10.0,502.375,10.0,-73.85946655273438
30.98208451271057,10.0,502.739,10.0,-73.88307189941406
31.007120609283447,10.0,502.936,10.0,-73.90818786621094
31.038333892822266,10.0,503.146,10.0,-73.96253204345703
31.069932222366333,10.0,503.298,10.0,-73.98921966552734
31.104001998901367,10.0,503.48,10.0,-74.01618957519531
31.13546371459961,10.0,503.833,10.0,-74.04328155517578
31.16506814956665,10.0,504.009,10.0,-74.09700775146484
31.1973876953125,10.0,504.144,10.0,-74.12208557128906
31.230480909347534,10.0,504.455,10.0,-74.15318298339844
31.2619571685791,10.0,504.611,10.0,-74.1758804321289
31.2943913936615,10.0,504.948,10.0,-74.22232055664062
31.325770616531372,10.0,505.107,10.0,-74.24598693847656
31.358225345611572,10.0,505.286,10.0,-74.26962280273438
31.39041018486023,10.0,505.481,10.0,-74.31986236572266
31.422235250473022,10.0,505.851,10.0,-74.3463134765625
31.455133199691772,10.0,506.02,10.0,-74.37311553955078
31.487069129943848,10.0,506.187,10.0,-74.39960479736328
31.523366451263428,10.0,506.523,10.0,-74.45246887207031
31.554789066314697,10.0,506.671,10.0,-74.47804260253906
31.587000370025635,10.0,506.848,10.0,-74.50267028808594
31.61961340904236,10.0,506.984,10.0,-74.55157470703125
31.651636600494385,10.0,507.174,10.0,-74.57659912109375
31.683687210083008,10.0,507.501,10.0,-74.60191345214844
31.71941328048706,10.0,507.691,10.0,-74.65225982666016
31.747931718826294,10.0,507.849,10.0,-74.67742156982422
31.78020215034485,10.0,508.022,10.0,-74.70280456542969
31.820613861083984,10.0,508.544,10.0,-74.76179504394531
31.849383115768433,10.0,508.544,10.0,-74.7859115600586
31.889800548553467,10.0,508.968,10.0,-74.83751678466797
31.92097759246826,10.0,509.125,10.0,-74.85814666748047
31.95425248146057,10.0,509.333,10.0,-74.87933349609375
31.985036373138428,10.0,509.496,10.0,-74.90310668945312
32.01760196685791,10.0,509.9,10.0,-74.95233917236328
32.05692648887634,10.0,510.053,10.0,-74.97938537597656
32.08857345581055,10.0,510.223,10.0,-75.00538635253906
32.12095093727112,10.0,510.534,10.0,-75.05693054199219
32.153080224990845,10.0,510.679,10.0,-75.08153533935547
32.18543481826782,10.0,510.848,10.0,-75.10530853271484
32.21790432929993,10.0,511.002,10.0,-75.15325927734375
32.249696016311646,10.0,511.182,10.0,-75.17789459228516
32.280036211013794,10.0,511.59,10.0,-75.20464324951172
32.31198835372925,10.0,511.809,10.0,-75.23210144042969
32.3447949886322,10.0,512.022,10.0,-75.2912826538086
32.37655711174011,10.0,512.18,10.0,-75.31982421875
32.4083731174469,10.0,512.498,10.0,-75.34735870361328
32.441115617752075,10.0,512.652,10.0,-75.373779296875
32.47265005111694,10.0,512.854,10.0,-75.42609405517578
32.50541567802429,10.0,513.206,10.0,-75.46021270751953
32.54064655303955,10.0,513.571,10.0,-75.49253845214844
32.5733757019043,10.0,513.736,10.0,-75.5408706665039
32.596872091293335,10.0,513.85,10.0,-75.5655288696289
32.63793635368347,10.0,514.037,10.0,-75.58796691894531
32.67078495025635,10.0,514.352,10.0,-75.63485717773438
32.702361822128296,10.0,514.599,10.0,-75.6584701538086
32.735193967819214,10.0,514.756,10.0,-75.68572998046875
32.770731925964355,10.0,514.943,10.0,-75.73885345458984
32.79935622215271,10.0,515.106,10.0,-75.76506042480469
32.83122491836548,10.0,515.435,10.0,-75.79049682617188
32.86259412765503,10.0,515.612,10.0,-75.8160400390625
32.89448380470276,10.0,515.806,10.0,-75.86857604980469
32.926514863967896,10.0,515.956,10.0,-75.8941650390625
32.957749128341675,10.0,516.233,10.0,-75.91836547851562
32.98982548713684,10.0,516.429,10.0,-75.94153594970703
33.022685050964355,10.0,516.641,10.0,-75.9930191040039
33.055434703826904,10.0,516.818,10.0,-76.01973724365234
33.08717894554138,10.0,517.189,10.0,-76.04961395263672
33.11912560462952,10.0,517.384,10.0,-76.10380554199219
33.15047073364258,10.0,517.606,10.0,-76.1236572265625
33.19031286239624,10.0,517.797,10.0,-76.14695739746094
33.22320628166199,10.0,518.121,10.0,-76.19677734375
33.2555890083313,10.0,518.246,10.0,-76.2210464477539
33.28824806213379,10.0,518.41,10.0,-76.24370574951172
33.326777935028076,10.0,518.772,10.0,-76.29120635986328
33.354954957962036,10.0,518.964,10.0,-76.31603240966797
33.3918731212616,10.0,519.118,10.0,-76.34196472167969
33.423550844192505,10.0,519.305,10.0,-76.39315032958984
33.45524024963379,10.0,519.637,10.0,-76.41838073730469
33.4867467880249,10.0,519.836,10.0,-76.44403076171875
33.503581285476685,10.0,519.986,10.0,-76.47088623046875
33.540241718292236,10.0,520.216,10.0,-76.4966049194336
33.57310366630554,10.0,520.406,10.0,-76.55323791503906
33.597341775894165,10.0,520.57,10.0,-76.58074951171875
33.63028597831726,10.0,520.782,10.0,-76.60955047607422
33.66123867034912,10.0,521.232,10.0,-76.63619232177734
33.69652485847473,10.0,521.344,10.0,-76.69686889648438
33.72589993476868,10.0,521.489,10.0,-76.72343444824219
33.75820755958557,10.0,521.65,10.0,-76.74932861328125
33.791441202163696,10.0,522.018,10.0,-76.76793670654297
33.82337927818298,10.0,522.189,10.0,-76.8108901977539
33.855640172958374,10.0,522.381,10.0,-76.83403015136719
33.88840913772583,10.0,522.538,10.0,-76.858642578125
33.92177224159241,10.0,522.886,10.0,-76.90750122070312
33.95835638046265,10.0,523.058,10.0,-76.9326400756836
33.99365305900574,10.0,523.215,10.0,-76.95796966552734
34.04015326499939,10.0,523.555,10.0,-77.00731658935547
34.073856353759766,10.0,523.684,10.0,-77.05618286132812
34.10474896430969,10.0,524.046,10.0,-77.08074951171875
34.1364221572876,10.0,524.18,10.0,-77.1059799194336
34.16813278198242,10.0,524.357,10.0,-77.12979125976562
34.2020845413208,10.0,524.513,10.0,-77.17849731445312
34.23307180404663,10.0,524.85,10.0,-77.2020492553711
34.258604288101196,10.0,524.85,10.0,-77.2269287109375
34.299222469329834,10.0,525.163,10.0,-77.27521514892578
34.330440521240234,10.0,525.322,10.0,-77.29937744140625
34.35596561431885,10.0,525.614,10.0,-77.32901000976562
34.38243746757507,10.0,525.79,10.0,-77.35800170898438
34.41998887062073,10.0,526.163,10.0,-77.38710021972656
34.45281004905701,10.0,526.349,10.0,-77.4446029663086
34.485557317733765,10.0,526.508,10.0,-77.4654312133789
34.51765489578247,10.0,526.653,10.0,-77.4868392944336
34.54155945777893,10.0,526.807,10.0,-77.50812530517578
34.57427167892456,10.0,527.191,10.0,-77.55377197265625
34.60580897331238,10.0,527.379,10.0,-77.5784912109375
34.63641881942749,10.0,527.542,10.0,-77.60418701171875
34.668452739715576,10.0,527.665,10.0,-77.62958526611328
34.70060706138611,10.0,527.804,10.0,-77.67574310302734
34.73422908782959,10.0,528.116,10.0,-77.69771575927734
34.77347803115845,10.0,528.29,10.0,-77.74457550048828
34.799336671829224,10.0,528.47,10.0,-77.7692642211914
34.831138372421265,10.0,528.785,10.0,-77.79412078857422
34.86974215507507,10.0,528.935,10.0,-77.81822204589844
34.90689516067505,10.0,529.059,10.0,-77.86405181884766
34.941508054733276,10.0,529.381,10.0,-77.88726806640625
34.97395610809326,10.0,529.51,10.0,-77.93192291259766
35.0097451210022,10.0,529.657,10.0,-77.95368957519531
35.047919034957886,10.0,530.534,10.0,-78.04010772705078
35.07297348976135,10.0,530.951,10.0,-78.08773040771484
35.105435848236084,10.0,582.123,10.0,-80.2712631225586
35.13080978393555,10.0,582.864,10.0,-81.98545837402344
35.16242980957031,10.0,592.386,10.0,-83.69827270507812
35.203211307525635,10.0,574.138,10.0,-85.23482513427734
35.235262870788574,10.0,574.102,10.0,-85.37883758544922
35.27485775947571,10.0,568.367,10.0,-85.26944732666016
35.30674457550049,10.0,547.278,10.0,-85.10012817382812
35.33809471130371,10.0,547.16,10.0,-84.0661392211914
35.370227575302124,10.0,557.125,10.0,-83.24723052978516
35.39387011528015,10.0,557.378,10.0,-83.0226821899414
35.44017791748047,10.0,595.335,10.0,-84.28446960449219
35.47871112823486,10.0,596.056,10.0,-86.2885971069336
35.511197090148926,10.0,553.446,10.0,-86.96150970458984
35.53673052787781,10.0,553.133,10.0,-85.67646789550781
35.57606244087219,10.0,546.834,10.0,-83.59127044677734
35.60215401649475,10.0,546.925,10.0,-82.7679443359375
35.638848543167114,10.0,546.312,10.0,-82.097412109375
35.66405773162842,10.0,561.857,10.0,-81.58851623535156
35.69377517700195,10.0,562.175,10.0,-81.851806640625
35.72540903091431,10.0,570.396,10.0,-82.5928726196289
35.762901067733765,10.0,559.991,10.0,-83.00691223144531
35.801509141922,10.0,560.067,10.0,-82.78325653076172
35.83268332481384,10.0,581.778,10.0,-83.6198959350586
35.868305683135986,10.0,590.727,10.0,-84.62899780273438
35.91929340362549,10.0,599.752,10.0,-86.382568359375
35.9521701335907,10.0,580.939,10.0,-87.69891357421875
35.984963178634644,10.0,581.0,10.0,-87.33203125
36.01657271385193,10.0,557.247,10.0,-87.03660583496094
36.05157017707825,10.0,557.196,10.0,-84.83177947998047
36.08036661148071,10.0,558.832,10.0,-84.14063262939453
36.14322757720947,10.0,545.862,10.0,-82.66410064697266
36.17492151260376,10.0,547.417,10.0,-81.44432830810547
36.22747874259949,10.0,548.354,10.0,-80.84504699707031
36.254796266555786,10.0,548.618,10.0,-80.68267822265625
36.28713607788086,10.0,617.272,10.0,-83.396240234375
36.319385051727295,10.0,625.215,10.0,-85.55464935302734
36.351078748703,10.0,625.566,10.0,-89.10089874267578
36.38341927528381,10.0,573.308,10.0,-88.08654022216797
36.415425062179565,10.0,623.186,10.0,-87.26100158691406
36.45296859741211,10.0,624.242,10.0,-89.89129638671875
36.47943043708801,10.0,648.651,10.0,-91.79930877685547
36.511698722839355,10.0,649.291,10.0,-93.2799072265625
36.54417538642883,10.0,579.884,10.0,-93.28519439697266
36.57654786109924,10.0,579.663,10.0,-90.01870727539062
36.60983610153198,10.0,549.239,10.0,-87.61177825927734
36.639426469802856,10.0,549.113,10.0,-85.73897552490234
36.671703577041626,10.0,550.23,10.0,-84.3291015625
36.70352053642273,10.0,544.332,10.0,-82.434326171875
36.73573327064514,10.0,544.57,10.0,-81.57340240478516
36.767576694488525,10.0,544.835,10.0,-80.93505859375
36.78436875343323,10.0,545.112,10.0,-80.47158813476562
36.81570887565613,10.0,545.406,10.0,-80.14458465576172
36.84863495826721,10.0,545.672,10.0,-79.9239273071289
36.89024591445923,10.0,546.248,10.0,-79.70707702636719
36.915777921676636,10.0,546.561,10.0,-79.67711639404297
36.955567359924316,10.0,546.838,10.0,-79.71639251708984
37.0033233165741,10.0,570.045,10.0,-81.50586700439453
37.03514313697815,10.0,589.064,10.0,-82.93157958984375
37.067261695861816,10.0,567.547,10.0,-84.0599594116211
37.103317975997925,10.0,567.44,10.0,-83.95112609863281
37.13139271736145,10.0,548.943,10.0,-83.13021087646484
37.16306948661804,10.0,548.872,10.0,-82.49040222167969
37.19519114494324,10.0,549.641,10.0,-82.01665496826172
37.22776246070862,10.0,549.925,10.0,-81.41011047363281
37.26033091545105,10.0,550.162,10.0,-81.22779083251953
37.29302263259888,10.0,550.417,10.0,-81.1031494140625
37.32387137413025,10.0,550.873,10.0,-81.02133178710938
37.35617733001709,10.0,551.124,10.0,-80.94355010986328
37.38806414604187,10.0,551.382,10.0,-80.93570709228516
37.4195990562439,10.0,551.67,10.0,-80.94554138183594
37.452372550964355,10.0,552.185,10.0,-81.00396728515625
37.483229875564575,10.0,552.442,10.0,-81.04496002197266
37.51541256904602,10.0,552.664,10.0,-81.09091186523438
37.54649615287781,10.0,552.926,10.0,-81.13883209228516
37.579265832901,10.0,553.18,10.0,-81.24171447753906
37.61383271217346,10.0,553.657,10.0,-81.2939682006836
37.65449047088623,10.0,553.889,10.0,-81.39725494384766
37.678553104400635,10.0,554.113,10.0,-81.44728088378906
37.70977067947388,10.0,554.333,10.0,-81.49593353271484
37.74161767959595,10.0,554.778,10.0,-81.54490661621094
37.77371025085449,10.0,554.963,10.0,-81.59085845947266
37.80597949028015,10.0,555.161,10.0,-81.67597198486328
37.8373281955719,10.0,555.345,10.0,-81.71571350097656
37.869314193725586,10.0,555.972,10.0,-81.7559585571289
37.90206956863403,10.0,556.145,10.0,-81.84593200683594
37.9337420463562,10.0,556.31,10.0,-81.88531494140625
37.966219425201416,10.0,556.512,10.0,-81.92337799072266
37.99823474884033,10.0,556.854,10.0,-81.9591064453125
38.03055191040039,10.0,556.998,10.0,-82.01776123046875
38.062615394592285,10.0,557.108,10.0,-82.0419921875
38.09467792510986,10.0,557.222,10.0,-82.064208984375
38.132871866226196,10.0,557.332,10.0,-82.10459899902344
38.15932273864746,10.0,557.591,10.0,-82.12358856201172
38.19132590293884,10.0,557.719,10.0,-82.14302825927734
38.22258758544922,10.0,557.879,10.0,-82.16230773925781
38.25485563278198,10.0,558.003,10.0,-82.2027816772461
38.28643202781677,10.0,558.255,10.0,-82.2224349975586
38.31775116920471,10.0,558.356,10.0,-82.24176788330078
38.34879732131958,10.0,558.476,10.0,-82.2598648071289
38.38152194023132,10.0,558.594,10.0,-82.29553985595703
38.42086362838745,10.0,558.755,10.0,-82.31267547607422
38.45414638519287,10.0,558.843,10.0,-82.32713317871094
38.48552870750427,10.0,558.904,10.0,-82.35317993164062
38.5174994468689,10.0,559.098,10.0,-82.36515808105469
38.535597801208496,10.0,559.098,10.0,-82.37805938720703
38.57230067253113,10.0,559.237,10.0,-82.39039611816406
38.60737490653992,10.0,559.312,10.0,-82.41236114501953
38.63623809814453,10.0,559.337,10.0,-82.42090606689453
38.669025897979736,10.0,559.374,10.0,-82.42820739746094
38.70045328140259,10.0,559.533,10.0,-82.43633270263672
38.7325382232666,10.0,559.572,10.0,-82.45286560058594
38.76473259925842,10.0,559.652,10.0,-82.46143341064453
38.796619176864624,10.0,559.716,10.0,-82.46732330322266
38.83153057098389,10.0,559.731,10.0,-82.47760772705078
38.85989570617676,10.0,559.759,10.0,-82.48111724853516
38.892208099365234,10.0,559.769,10.0,-82.48439025878906
38.9235417842865,10.0,559.824,10.0,-82.48675537109375
38.95562195777893,10.0,559.87,10.0,-82.49451446533203
38.98798489570618,10.0,559.832,10.0,-82.4961929321289
39.022823095321655,10.0,559.789,10.0,-82.49646759033203
39.058225870132446,10.0,559.781,10.0,-82.49210357666016
39.08259844779968,10.0,559.795,10.0,-82.49051666259766
39.111597537994385,10.0,559.816,10.0,-82.48857116699219
39.14402484893799,10.0,559.811,10.0,-82.48802185058594
39.17607641220093,10.0,559.806,10.0,-82.48709869384766
39.20844912528992,10.0,559.806,10.0,-82.4847640991211
39.240119218826294,10.0,559.767,10.0,-82.48202514648438
39.27216339111328,10.0,559.661,10.0,-82.47819519042969
39.30507302284241,10.0,559.585,10.0,-82.47213745117188
39.33643054962158,10.0,559.502,10.0,-82.454345703125
39.36880540847778,10.0,559.406,10.0,-82.44268798828125
39.40038728713989,10.0,559.296,10.0,-82.42979431152344
39.43353843688965,10.0,559.295,10.0,-82.41087341308594
39.46388292312622,10.0,559.258,10.0,-82.40306091308594
39.49626421928406,10.0,559.198,10.0,-82.39462280273438
39.52861714363098,10.0,558.997,10.0,-82.38465118408203
39.55553340911865,10.0,558.898,10.0,-82.37710571289062
39.582611083984375,10.0,558.811,10.0,-82.3546142578125
39.62308883666992,10.0,558.734,10.0,-82.3418960571289
39.65935659408569,10.0,558.674,10.0,-82.31700134277344
39.68617844581604,10.0,558.455,10.0,-82.30406188964844
39.719693660736084,10.0,558.348,10.0,-82.28912353515625
39.757362365722656,10.0,558.228,10.0,-82.25670623779297
39.78687381744385,10.0,557.976,10.0,-82.23883056640625
39.82635998725891,10.0,557.802,10.0,-82.22027587890625
39.86058282852173,10.0,557.593,10.0,-82.174560546875
39.890626430511475,10.0,557.421,10.0,-82.14893341064453
39.9227249622345,10.0,557.146,10.0,-82.12418365478516
39.95530557632446,10.0,556.995,10.0,-82.09978485107422
39.97160243988037,10.0,556.807,10.0,-82.07532501220703
40.003018379211426,10.0,556.572,10.0,-82.04930114746094
40.03468346595764,10.0,556.164,10.0,-81.98131561279297
40.06661677360535,10.0,555.949,10.0,-81.94320678710938
40.09865999221802,10.0,555.714,10.0,-81.90489196777344
40.13427734375,10.0,555.242,10.0,-81.82804870605469
40.16290307044983,10.0,554.991,10.0,-81.78894805908203
40.19492149353027,10.0,554.731,10.0,-81.7599868774414
40.22721481323242,10.0,554.427,10.0,-81.72799682617188
40.25877571105957,10.0,553.751,10.0,-81.65105438232422
40.29081702232361,10.0,553.419,10.0,-81.60675048828125
40.32283091545105,10.0,553.105,10.0,-81.56002807617188
40.35971665382385,10.0,552.794,10.0,-81.46389770507812
40.38676977157593,10.0,552.147,10.0,-81.41461181640625
40.412609815597534,10.0,551.758,10.0,-81.3646469116211
40.44104337692261,10.0,551.398,10.0,-81.31149291992188
40.482768535614014,10.0,551.038,10.0,-81.20196533203125
40.52272915840149,10.0,550.318,10.0,-81.14530944824219
40.55492973327637,10.0,549.958,10.0,-81.08935546875
40.58701300621033,10.0,549.547,10.0,-80.97459411621094
40.61974310874939,10.0,549.183,10.0,-80.91632843017578
40.651543617248535,10.0,548.366,10.0,-80.85663604736328
40.683732748031616,10.0,547.513,10.0,-80.71490478515625
40.7155179977417,10.0,547.077,10.0,-80.63679504394531
40.746798515319824,10.0,546.612,10.0,-80.55953216552734
40.77814197540283,10.0,545.737,10.0,-80.48365783691406
40.81094765663147,10.0,545.268,10.0,-80.3559799194336
40.842270374298096,10.0,544.834,10.0,-80.29747772216797
40.87408494949341,10.0,544.385,10.0,-80.23699188232422
40.905946493148804,10.0,543.941,10.0,-80.17436218261719
40.93840670585632,10.0,543.041,10.0,-80.04505920410156
40.97069764137268,10.0,542.55,10.0,-79.9786148071289
41.00293731689453,10.0,542.077,10.0,-79.90970611572266
41.035345792770386,10.0,541.576,10.0,-79.7677001953125
41.06694531440735,10.0,540.597,10.0,-79.69369506835938
41.09873414039612,10.0,540.081,10.0,-79.62016296386719
41.13980007171631,10.0,539.617,10.0,-79.47066497802734
41.18091177940369,10.0,538.645,10.0,-79.39571380615234
41.21945095062256,10.0,538.155,10.0,-79.24664306640625
41.25204086303711,10.0,537.222,10.0,-79.1728744506836
41.2851984500885,10.0,536.72,10.0,-79.02571105957031
41.31713104248047,10.0,536.211,10.0,-78.95067596435547
41.34913778305054,10.0,534.676,10.0,-78.8533935546875
41.38250422477722,10.0,534.187,10.0,-78.7602767944336
41.41432476043701,10.0,533.667,10.0,-78.58493041992188
41.445292234420776,10.0,533.185,10.0,-78.50165557861328
41.47745108604431,10.0,532.685,10.0,-78.42022705078125
41.51093649864197,10.0,531.705,10.0,-78.28300476074219
41.54174852371216,10.0,531.182,10.0,-78.22197723388672
41.573023080825806,10.0,530.658,10.0,-78.15675354003906
41.60577964782715,10.0,530.15,10.0,-78.08821105957031
41.63822340965271,10.0,529.133,10.0,-77.94588470458984
41.67021346092224,10.0,528.65,10.0,-77.8726806640625
41.70233631134033,10.0,528.156,10.0,-77.79963684082031
41.73493695259094,10.0,527.66,10.0,-77.72626495361328
41.76690101623535,10.0,527.16,10.0,-77.57840728759766
41.79890775680542,10.0,526.117,10.0,-77.50231170654297
41.831538438797,10.0,525.622,10.0,-77.42618560791016
41.871063232421875,10.0,524.62,10.0,-77.27436065673828
41.8995475769043,10.0,524.092,10.0,-77.19874572753906
41.93848776817322,10.0,523.562,10.0,-77.04437255859375
41.97084951400757,10.0,523.058,10.0,-76.96710205078125
42.00265336036682,10.0,521.587,10.0,-76.89031982421875
42.03890109062195,10.0,521.069,10.0,-76.7020263671875
42.06770658493042,10.0,520.554,10.0,-76.61325073242188
42.099520444869995,10.0,520.03,10.0,-76.52671813964844
42.13125514984131,10.0,518.982,10.0,-76.44202423095703
42.16342329978943,10.0,518.506,10.0,-76.29845428466797
42.195695877075195,10.0,517.995,10.0,-76.23607635498047
42.22816801071167,10.0,517.48,10.0,-76.1705093383789
42.26367807388306,10.0,517.011,10.0,-76.0338134765625
42.291513442993164,10.0,516.022,10.0,-75.96453857421875
42.32376194000244,10.0,515.574,10.0,-75.89379119873047
42.35600471496582,10.0,515.068,10.0,-75.82423400878906
42.388590812683105,10.0,514.574,10.0,-75.6813735961914
42.41991949081421,10.0,513.51,10.0,-75.60687255859375
42.45223379135132,10.0,513.009,10.0,-75.53142547607422
42.4844605922699,10.0,512.463,10.0,-75.45597076416016
42.516623973846436,10.0,512.027,10.0,-75.3044662475586
42.548593521118164,10.0,511.001,10.0,-75.22813415527344
42.56458258628845,10.0,511.001,10.0,-75.15290832519531
42.59823226928711,10.0,510.535,10.0,-75.07913208007812
42.64681959152222,10.0,509.022,10.0,-74.90898132324219
42.6777708530426,10.0,508.53,10.0,-74.81822967529297
42.71739959716797,10.0,507.547,10.0,-74.64791107177734
42.74199962615967,10.0,507.113,10.0,-74.56916809082031
42.77447009086609,10.0,506.63,10.0,-74.49214172363281
42.80699944496155,10.0,506.149,10.0,-74.41654205322266
42.838083028793335,10.0,505.16,10.0,-74.30509185791016
42.87080407142639,10.0,504.669,10.0,-74.24263000488281
42.901909828186035,10.0,504.188,10.0,-74.17767333984375
42.94055485725403,10.0,503.687,10.0,-74.04259490966797
42.967350482940674,10.0,502.746,10.0,-73.97441101074219
42.99894094467163,10.0,502.304,10.0,-73.9050521850586
43.03106355667114,10.0,501.866,10.0,-73.8366928100586
43.06407928466797,10.0,501.432,10.0,-73.70271301269531
43.09523129463196,10.0,500.498,10.0,-73.6354751586914
43.127418518066406,10.0,499.998,10.0,-73.56761169433594
43.15950393676758,10.0,499.529,10.0,-73.4979019165039
43.1916880607605,10.0,499.089,10.0,-73.35932159423828
43.22373175621033,10.0,498.644,10.0,-73.2912368774414
43.25580024719238,10.0,497.751,10.0,-73.22380828857422
43.291258335113525,10.0,496.823,10.0,-73.06906127929688
43.32268190383911,10.0,496.38,10.0,-72.98664855957031
43.34772038459778,10.0,495.907,10.0,-72.90686798095703
43.3795120716095,10.0,495.469,10.0,-72.83062744140625
43.41144609451294,10.0,494.568,10.0,-72.75650787353516
43.44288778305054,10.0,494.103,10.0,-72.61272430419922
43.475762367248535,10.0,493.618,10.0,-72.54092407226562
43.50676608085632,10.0,493.169,10.0,-72.48926544189453
43.5423469543457,10.0,492.339,10.0,-72.37683868408203
43.56939387321472,10.0,491.899,10.0,-72.3199462890625
43.600374698638916,10.0,491.466,10.0,-72.26113891601562
43.633347272872925,10.0,491.027,10.0,-72.20109558105469
43.66445875167847,10.0,490.503,10.0,-72.073974609375
43.69723200798035,10.0,489.631,10.0,-72.00934600830078
43.728511571884155,10.0,489.201,10.0,-71.94355773925781
43.76063632965088,10.0,488.807,10.0,-71.87815856933594
43.79302000999451,10.0,488.321,10.0,-71.7485122680664
43.82431983947754,10.0,487.419,10.0,-71.68297576904297
43.856157302856445,10.0,486.954,10.0,-71.61591339111328
43.88886761665344,10.0,486.555,10.0,-71.54804992675781
43.92115259170532,10.0,486.14,10.0,-71.41761779785156
43.9523229598999,10.0,485.274,10.0,-71.35298919677734
43.99276947975159,10.0,484.447,10.0,-71.2070083618164
44.03135323524475,10.0,483.618,10.0,-71.13024139404297
44.07087683677673,10.0,483.176,10.0,-70.98563385009766
44.102277994155884,10.0,482.724,10.0,-70.91500091552734
44.13408136367798,10.0,482.271,10.0,-70.84500122070312
44.16769766807556,10.0,481.375,10.0,-70.70781707763672
44.196370363235474,10.0,480.977,10.0,-70.65814971923828
44.228344440460205,10.0,480.606,10.0,-70.60664367675781
44.26045274734497,10.0,480.203,10.0,-70.5547866821289
44.2921929359436,10.0,479.354,10.0,-70.4458236694336
44.323394536972046,10.0,478.941,10.0,-70.38818359375
44.355551958084106,10.0,478.527,10.0,-70.32964324951172
44.38752222061157,10.0,478.129,10.0,-70.27034759521484
44.419429779052734,10.0,477.701,10.0,-70.15067291259766
44.45142841339111,10.0,476.839,10.0,-70.08936309814453
44.483652114868164,10.0,476.432,10.0,-70.0269546508789
44.51604342460632,10.0,476.035,10.0,-69.90357208251953
44.54794120788574,10.0,475.608,10.0,-69.84152221679688
44.5804078578949,10.0,474.826,10.0,-69.78012084960938
44.59597373008728,10.0,474.826,10.0,-69.71981811523438
44.62823128700256,10.0,474.432,10.0,-69.65995025634766
44.65971922874451,10.0,473.18,10.0,-69.58104705810547
44.69149112701416,10.0,472.757,10.0,-69.50667572021484
44.723748207092285,10.0,472.371,10.0,-69.36638641357422
44.756343603134155,10.0,472.001,10.0,-69.30139923095703
44.78790020942688,10.0,471.175,10.0,-69.23548126220703
44.820261001586914,10.0,470.768,10.0,-69.10993194580078
44.85175180435181,10.0,470.359,10.0,-69.04790496826172
44.8840537071228,10.0,470.005,10.0,-68.9885025024414
44.916285276412964,10.0,469.2,10.0,-68.92814636230469
44.94858646392822,10.0,468.824,10.0,-68.83879089355469
44.98006081581116,10.0,468.436,10.0,-68.79065704345703
45.01283073425293,10.0,468.029,10.0,-68.74037170410156
45.04573345184326,10.0,467.24,10.0,-68.63346099853516
45.07731771469116,10.0,466.851,10.0,-68.57805633544922
45.10964846611023,10.0,466.432,10.0,-68.5219955444336
45.14153051376343,10.0,466.004,10.0,-68.46415710449219
45.17328214645386,10.0,465.611,10.0,-68.34507751464844
45.20457577705383,10.0,464.833,10.0,-68.28400421142578
45.22120189666748,10.0,464.833,10.0,-68.22540283203125
45.25259470939636,10.0,464.487,10.0,-68.1686782836914
45.28560543060303,10.0,463.317,10.0,-68.09597778320312
45.317423582077026,10.0,462.907,10.0,-68.02571868896484
45.349703550338745,10.0,462.564,10.0,-67.89331817626953
45.39002728462219,10.0,461.876,10.0,-67.83258819580078
45.4285569190979,10.0,461.554,10.0,-67.71917724609375
45.46211004257202,10.0,461.135,10.0,-67.6620864868164
45.495580434799194,10.0,460.307,10.0,-67.54386901855469
45.524563789367676,10.0,459.898,10.0,-67.50135803222656
45.55695462226868,10.0,459.543,10.0,-67.4544677734375
45.58879065513611,10.0,459.189,10.0,-67.40641021728516
45.62123966217041,10.0,458.439,10.0,-67.3063735961914
45.652467250823975,10.0,458.074,10.0,-67.254638671875
45.685096740722656,10.0,457.729,10.0,-67.20228576660156
45.7212176322937,10.0,457.346,10.0,-67.09696197509766
45.74792218208313,10.0,456.98,10.0,-67.04328918457031
45.778892993927,10.0,456.205,10.0,-66.98838806152344
45.81056523323059,10.0,455.876,10.0,-66.93266296386719
45.848469734191895,10.0,455.496,10.0,-66.82393646240234
45.87530970573425,10.0,455.168,10.0,-66.770751953125
45.90739417076111,10.0,454.455,10.0,-66.71743774414062
45.939266204833984,10.0,453.77,10.0,-66.664306640625
45.97117805480957,10.0,453.396,10.0,-66.53282928466797
46.004334926605225,10.0,453.026,10.0,-66.47036743164062
46.03569293022156,10.0,452.637,10.0,-66.40873718261719
46.067243337631226,10.0,451.872,10.0,-66.34793853759766
46.10612463951111,10.0,451.494,10.0,-66.22884368896484
46.13938641548157,10.0,451.123,10.0,-66.17057800292969
46.17928719520569,10.0,450.393,10.0,-66.08323669433594
46.21154236793518,10.0,450.049,10.0,-66.03642272949219
46.24520516395569,10.0,449.349,10.0,-65.93984985351562
46.27621841430664,10.0,448.974,10.0,-65.89046478271484
46.30686163902283,10.0,448.662,10.0,-65.83940124511719
46.339720726013184,10.0,448.306,10.0,-65.7896728515625
46.37175488471985,10.0,447.994,10.0,-65.68975830078125
46.40360689163208,10.0,447.353,10.0,-65.64286041259766
46.43601727485657,10.0,447.027,10.0,-65.59403228759766
46.468384981155396,10.0,446.673,10.0,-65.54537200927734
46.50047445297241,10.0,446.289,10.0,-65.44384002685547
46.53277897834778,10.0,445.598,10.0,-65.39166259765625
46.564863443374634,10.0,444.942,10.0,-65.33992004394531
46.596500635147095,10.0,444.61,10.0,-65.21385192871094
46.62888717651367,10.0,444.279,10.0,-65.1553955078125
46.66073203086853,10.0,443.917,10.0,-65.09783935546875
46.69291806221008,10.0,443.247,10.0,-65.04246520996094
46.72494459152222,10.0,442.922,10.0,-64.93531799316406
46.75698757171631,10.0,442.627,10.0,-64.88497924804688
46.78958749771118,10.0,442.315,10.0,-64.84892272949219
46.822025537490845,10.0,442.008,10.0,-64.77112579345703
46.86239981651306,10.0,441.34,10.0,-64.72879028320312
46.897008180618286,10.0,441.011,10.0,-64.64012145996094
46.927597761154175,10.0,440.385,10.0,-64.59471130371094
46.959999322891235,10.0,440.041,10.0,-64.5491943359375
46.99198532104492,10.0,439.699,10.0,-64.50215148925781
47.02409529685974,10.0,439.363,10.0,-64.40525817871094
47.055991649627686,10.0,439.029,10.0,-64.35612487792969
47.08714842796326,10.0,438.018,10.0,-64.29275512695312
47.11931085586548,10.0,437.679,10.0,-64.23187255859375
47.15070962905884,10.0,437.331,10.0,-64.115966796875
47.18259644508362,10.0,437.009,10.0,-64.06089782714844
47.21413969993591,10.0,436.358,10.0,-64.00703430175781
47.24628257751465,10.0,436.052,10.0,-63.954830169677734
47.278963804244995,10.0,435.733,10.0,-63.8547248840332
47.3107635974884,10.0,435.416,10.0,-63.80577850341797
47.343154191970825,10.0,434.751,10.0,-63.75643539428711
47.37447953224182,10.0,434.418,10.0,-63.68263244628906
47.40673804283142,10.0,434.098,10.0,-63.64161682128906
47.43821930885315,10.0,433.716,10.0,-63.59907913208008
47.4709587097168,10.0,433.389,10.0,-63.55272674560547
47.50281596183777,10.0,432.696,10.0,-63.45736312866211
47.5358681678772,10.0,432.422,10.0,-63.40800094604492
47.56670045852661,10.0,432.07,10.0,-63.36088562011719
47.60502624511719,10.0,431.431,10.0,-63.26427459716797
47.63882875442505,10.0,431.083,10.0,-63.21581268310547
47.67194199562073,10.0,430.803,10.0,-63.166290283203125
47.70392847061157,10.0,430.481,10.0,-63.071128845214844
47.73543405532837,10.0,429.558,10.0,-63.01280975341797
47.767979860305786,10.0,429.234,10.0,-62.95555877685547
47.80080032348633,10.0,428.875,10.0,-62.84513854980469
47.83240628242493,10.0,428.53,10.0,-62.79065704345703
47.86459565162659,10.0,427.907,10.0,-62.73823547363281
47.895891427993774,10.0,427.599,10.0,-62.68721008300781
47.92853021621704,10.0,427.273,10.0,-62.58810043334961
47.96055889129639,10.0,426.932,10.0,-62.53826141357422
47.993977308273315,10.0,426.618,10.0,-62.489227294921875
48.0266797542572,10.0,426.001,10.0,-62.415252685546875
48.057392597198486,10.0,425.677,10.0,-62.37614059448242
48.08853054046631,10.0,425.348,10.0,-62.334861755371094
48.12071514129639,10.0,425.025,10.0,-62.291664123535156
48.152021646499634,10.0,424.403,10.0,-62.200477600097656
48.18444204330444,10.0,424.065,10.0,-62.155582427978516
48.21711087226868,10.0,423.777,10.0,-62.109169006347656
48.25580668449402,10.0,423.519,10.0,-62.0201416015625
48.2847843170166,10.0,422.852,10.0,-61.97426223754883
48.32676100730896,10.0,422.194,10.0,-61.866966247558594
48.35755920410156,10.0,421.88,10.0,-61.809120178222656
48.38988733291626,10.0,421.235,10.0,-61.7526969909668
48.42132067680359,10.0,420.886,10.0,-61.698795318603516
48.454163551330566,10.0,420.557,10.0,-61.592323303222656
48.485568046569824,10.0,420.285,10.0,-61.54275894165039
48.50186729431152,10.0,419.996,10.0,-61.494937896728516
48.53444719314575,10.0,419.686,10.0,-61.44758605957031
48.56606888771057,10.0,419.369,10.0,-61.400291442871094
48.59785509109497,10.0,418.706,10.0,-61.353328704833984
48.63014316558838,10.0,418.379,10.0,-61.28132629394531
48.662410259246826,10.0,418.09,10.0,-61.240516662597656
48.69446539878845,10.0,417.767,10.0,-61.19932174682617
48.72599816322327,10.0,417.145,10.0,-61.11229705810547
48.75830006599426,10.0,416.847,10.0,-61.067893981933594
48.790205240249634,10.0,416.509,10.0,-61.02349090576172
48.82187485694885,10.0,416.222,10.0,-60.9774055480957
48.85400414466858,10.0,415.918,10.0,-60.88683319091797
48.88575720787048,10.0,415.315,10.0,-60.841041564941406
48.918293714523315,10.0,415.037,10.0,-60.795928955078125
48.950101375579834,10.0,414.469,10.0,-60.751808166503906
48.9841046333313,10.0,414.152,10.0,-60.6424560546875
49.01869225502014,10.0,413.502,10.0,-60.59013366699219
49.05785369873047,10.0,413.177,10.0,-60.48668670654297
49.09090209007263,10.0,412.576,10.0,-60.43781661987305
49.122148752212524,10.0,412.32,10.0,-60.38901138305664
49.154295921325684,10.0,412.003,10.0,-60.296783447265625
49.18522834777832,10.0,411.713,10.0,-60.25135803222656
49.216548204422,10.0,411.403,10.0,-60.20574951171875
49.24810433387756,10.0,410.795,10.0,-60.173004150390625
49.27991080284119,10.0,410.48,10.0,-60.09886932373047
49.31244087219238,10.0,410.179,10.0,-60.0589599609375
49.34427881240845,10.0,409.854,10.0,-60.017852783203125
49.3762001991272,10.0,409.537,10.0,-59.97479248046875
49.409125566482544,10.0,408.887,10.0,-59.884334564208984
49.44015049934387,10.0,408.581,10.0,-59.83802795410156
49.471232652664185,10.0,408.278,10.0,-59.791744232177734
49.50485610961914,10.0,407.994,10.0,-59.70039367675781
49.53561186790466,10.0,407.372,10.0,-59.65446090698242
49.56821036338806,10.0,407.073,10.0,-59.60856628417969
49.59998941421509,10.0,406.521,10.0,-59.56291961669922
49.63263964653015,10.0,406.229,10.0,-59.453636169433594
49.6658353805542,10.0,405.631,10.0,-59.403141021728516
49.70543122291565,10.0,405.336,10.0,-59.30479431152344
49.74505567550659,10.0,404.744,10.0,-59.2576789855957
49.78016424179077,10.0,404.446,10.0,-59.16493225097656
49.80906391143799,10.0,404.137,10.0,-59.11881637573242
49.84131169319153,10.0,403.829,10.0,-59.08564758300781
49.87325692176819,10.0,403.497,10.0,-59.049530029296875
49.904139280319214,10.0,402.878,10.0,-58.96992492675781
49.936230182647705,10.0,402.584,10.0,-58.927303314208984
49.96912169456482,10.0,402.295,10.0,-58.884361267089844
50.00436282157898,10.0,402.004,10.0,-58.79827117919922
50.03157711029053,10.0,401.485,10.0,-58.757118225097656
50.064199686050415,10.0,401.201,10.0,-58.716007232666016
50.09644150733948,10.0,400.884,10.0,-58.67462158203125
50.13245987892151,10.0,400.567,10.0,-58.587379455566406
50.15998101234436,10.0,400.272,10.0,-58.543094635009766
50.19178771972656,10.0,399.698,10.0,-58.49983215332031
50.22429895401001,10.0,399.098,10.0,-58.455928802490234
50.255943059921265,10.0,398.791,10.0,-58.34461975097656
50.28908920288086,10.0,398.499,10.0,-58.2926139831543
50.320459842681885,10.0,397.917,10.0,-58.241798400878906
50.3560905456543,10.0,397.658,10.0,-58.14777755737305
50.388503551483154,10.0,397.39,10.0,-58.10360336303711
50.42250633239746,10.0,396.847,10.0,-58.06022644042969
50.446094274520874,10.0,396.847,10.0,-58.018001556396484
50.478187799453735,10.0,396.285,10.0,-57.974979400634766
50.51136755943298,10.0,396.004,10.0,-57.9035530090332
50.54265761375427,10.0,395.694,10.0,-57.87108612060547
50.57472276687622,10.0,395.387,10.0,-57.835289001464844
50.60705780982971,10.0,394.779,10.0,-57.755638122558594
50.63858246803284,10.0,394.5,10.0,-57.71439743041992
50.671059131622314,10.0,394.227,10.0,-57.67304611206055
50.70311665534973,10.0,393.952,10.0,-57.63185119628906
50.73638939857483,10.0,393.359,10.0,-57.54951095581055
50.7678382396698,10.0,393.067,10.0,-57.506591796875
50.799885511398315,10.0,392.764,10.0,-57.46337890625
50.831480979919434,10.0,392.18,10.0,-57.363250732421875
50.86293029785156,10.0,391.895,10.0,-57.31007766723633
50.89504289627075,10.0,391.284,10.0,-57.25944137573242
50.927729845047,10.0,391.005,10.0,-57.20881652832031
50.96051836013794,10.0,390.69,10.0,-57.11200714111328
50.991843700408936,10.0,390.403,10.0,-57.06499481201172
51.02384376525879,10.0,389.811,10.0,-57.01909255981445
51.05763578414917,10.0,389.507,10.0,-56.927242279052734
51.08810377120972,10.0,389.22,10.0,-56.88212585449219
51.11427164077759,10.0,388.93,10.0,-56.83750915527344
51.15556502342224,10.0,388.347,10.0,-56.769901275634766
51.187416076660156,10.0,388.018,10.0,-56.73340606689453
51.22015881538391,10.0,387.74,10.0,-56.69369125366211
51.252206802368164,10.0,387.472,10.0,-56.653602600097656
51.28597354888916,10.0,386.893,10.0,-56.57262420654297
51.316816568374634,10.0,386.554,10.0,-56.53125
51.34999489784241,10.0,386.237,10.0,-56.487281799316406
51.380927085876465,10.0,385.95,10.0,-56.397613525390625
51.413495779037476,10.0,385.395,10.0,-56.353206634521484
51.44510531425476,10.0,384.804,10.0,-56.31002426147461
51.477126598358154,10.0,384.514,10.0,-56.25410842895508
51.508705615997314,10.0,384.207,10.0,-56.149410247802734
51.54013442993164,10.0,383.937,10.0,-56.100555419921875
51.572274684906006,10.0,383.396,10.0,-56.0543098449707
51.604021310806274,10.0,383.109,10.0,-56.009124755859375
51.636136054992676,10.0,382.807,10.0,-55.91980743408203
51.6680805683136,10.0,382.481,10.0,-55.873939514160156
51.6999773979187,10.0,382.166,10.0,-55.82765579223633
51.73316192626953,10.0,381.6,10.0,-55.7384147644043
51.76366853713989,10.0,381.341,10.0,-55.706329345703125
51.7898268699646,10.0,381.065,10.0,-55.67301940917969
51.8146116733551,10.0,380.777,10.0,-55.63801574707031
51.859147787094116,10.0,380.473,10.0,-55.562164306640625
51.88765501976013,10.0,379.875,10.0,-55.52196502685547
51.91852426528931,10.0,379.599,10.0,-55.480316162109375
51.951613903045654,10.0,379.321,10.0,-55.43876266479492
51.983219623565674,10.0,379.002,10.0,-55.35389709472656
52.01442003250122,10.0,378.415,10.0,-55.31072998046875
52.04627513885498,10.0,378.095,10.0,-55.266868591308594
52.07891011238098,10.0,377.803,10.0,-55.221763610839844
52.11060166358948,10.0,377.22,10.0,-55.11995315551758
52.142961263656616,10.0,376.684,10.0,-55.067562103271484
52.1753785610199,10.0,376.397,10.0,-55.01755142211914
52.20818471908569,10.0,376.105,10.0,-54.92192840576172
52.24014759063721,10.0,375.765,10.0,-54.873497009277344
52.272337198257446,10.0,375.141,10.0,-54.82606887817383
52.304656744003296,10.0,374.868,10.0,-54.77799606323242
52.336092472076416,10.0,374.606,10.0,-54.68748474121094
52.36811065673828,10.0,374.333,10.0,-54.644195556640625
52.39980411529541,10.0,374.042,10.0,-54.600929260253906
52.43257427215576,10.0,373.471,10.0,-54.52751922607422
52.46473813056946,10.0,373.172,10.0,-54.493927001953125
52.50526690483093,10.0,372.871,10.0,-54.457725524902344
52.538166761398315,10.0,372.319,10.0,-54.38020324707031
52.578773736953735,10.0,372.055,10.0,-54.340782165527344
52.611024618148804,10.0,371.499,10.0,-54.26295852661133
52.64191961288452,10.0,371.204,10.0,-54.222389221191406
52.6742205619812,10.0,370.947,10.0,-54.18084716796875
52.70566725730896,10.0,370.66,10.0,-54.14014434814453
52.73738098144531,10.0,370.376,10.0,-54.05715560913086
52.769078493118286,10.0,369.766,10.0,-54.01554489135742
52.801950216293335,10.0,369.221,10.0,-53.971553802490234
52.83313870429993,10.0,368.973,10.0,-53.9168701171875
52.86546349525452,10.0,368.693,10.0,-53.81791687011719
52.89727425575256,10.0,368.108,10.0,-53.769622802734375
52.92945671081543,10.0,367.829,10.0,-53.72314453125
52.962032318115234,10.0,367.564,10.0,-53.634010314941406
52.993876695632935,10.0,367.293,10.0,-53.591094970703125
53.02568507194519,10.0,366.705,10.0,-53.54854202270508
53.058560609817505,10.0,366.404,10.0,-53.505001068115234
53.09039616584778,10.0,366.111,10.0,-53.41706848144531
53.12237572669983,10.0,365.785,10.0,-53.37171936035156
53.15360450744629,10.0,365.201,10.0,-53.32631301879883
53.18678903579712,10.0,364.936,10.0,-53.23845672607422
53.219825983047485,10.0,364.696,10.0,-53.20735549926758
53.249366998672485,10.0,364.417,10.0,-53.1755485534668
53.2858624458313,10.0,363.832,10.0,-53.10542297363281
53.321648597717285,10.0,363.534,10.0,-53.06717300415039
53.354074478149414,10.0,363.277,10.0,-53.02727508544922
53.387797832489014,10.0,363.0,10.0,-52.94785690307617
53.41846013069153,10.0,362.484,10.0,-52.907920837402344
53.45112323760986,10.0,362.212,10.0,-52.868751525878906
53.48282861709595,10.0,361.941,10.0,-52.8292121887207
53.51560878753662,10.0,361.362,10.0,-52.73649597167969
53.5468692779541,10.0,360.788,10.0,-52.685447692871094
53.57879829406738,10.0,360.53,10.0,-52.63639450073242
53.61290383338928,10.0,360.238,10.0,-52.543922424316406
53.6425199508667,10.0,359.967,10.0,-52.49929428100586
53.67485523223877,10.0,359.415,10.0,-52.45570373535156
53.70617961883545,10.0,359.136,10.0,-52.412498474121094
53.73800492286682,10.0,358.857,10.0,-52.3271369934082
53.76936745643616,10.0,358.54,10.0,-52.283226013183594
53.80155086517334,10.0,358.264,10.0,-52.23998260498047
53.83824825286865,10.0,357.698,10.0,-52.17448043823242
53.86474370956421,10.0,357.455,10.0,-52.138938903808594
53.89719009399414,10.0,357.165,10.0,-52.10346221923828
53.93851375579834,10.0,356.573,10.0,-52.027767181396484
53.961272954940796,10.0,356.573,10.0,-51.98698425292969
54.00825381278992,10.0,356.027,10.0,-51.94508743286133
54.03983116149902,10.0,355.748,10.0,-51.86344909667969
54.071526288986206,10.0,355.271,10.0,-51.82408905029297
54.103591203689575,10.0,354.744,10.0,-51.785606384277344
54.136576414108276,10.0,354.427,10.0,-51.68628692626953
54.16852331161499,10.0,354.136,10.0,-51.637916564941406
54.20027184486389,10.0,353.587,10.0,-51.5908203125
54.2314727306366,10.0,353.344,10.0,-51.54552459716797
54.26391053199768,10.0,353.077,10.0,-51.46040344238281
54.29782056808472,10.0,352.825,10.0,-51.41949462890625
54.3283166885376,10.0,352.308,10.0,-51.37921142578125
54.3603355884552,10.0,352.059,10.0,-51.33952713012695
54.392372369766235,10.0,351.767,10.0,-51.26054000854492
54.42499756813049,10.0,351.477,10.0,-51.2195930480957
54.45682454109192,10.0,351.239,10.0,-51.180152893066406
54.48864412307739,10.0,350.676,10.0,-51.120601654052734
54.520543575286865,10.0,350.411,10.0,-51.08651351928711
54.55243945121765,10.0,350.083,10.0,-51.0511474609375
54.584882974624634,10.0,349.791,10.0,-51.012123107910156
54.617393493652344,10.0,349.248,10.0,-50.93069839477539
54.655640602111816,10.0,348.972,10.0,-50.89019775390625
54.68321371078491,10.0,348.692,10.0,-50.84939193725586
54.719038009643555,10.0,348.154,10.0,-50.767642974853516
54.75556659698486,10.0,347.664,10.0,-50.72660827636719
54.78769302368164,10.0,347.356,10.0,-50.62682342529297
54.82021498680115,10.0,347.111,10.0,-50.580360412597656
54.85158658027649,10.0,346.552,10.0,-50.535343170166016
54.88453149795532,10.0,346.264,10.0,-50.49057388305664
54.91726326942444,10.0,345.927,10.0,-50.39979553222656
54.94896936416626,10.0,345.59,10.0,-50.352088928222656
54.981335401535034,10.0,345.046,10.0,-50.30542755126953
55.0146803855896,10.0,344.775,10.0,-50.21728515625
55.04608201980591,10.0,344.524,10.0,-50.17536544799805
55.07694673538208,10.0,344.239,10.0,-50.13328552246094
55.10950255393982,10.0,343.949,10.0,-50.09088134765625
55.1414954662323,10.0,343.393,10.0,-50.02797317504883
55.18924880027771,10.0,342.893,10.0,-49.957271575927734
55.220932960510254,10.0,342.62,10.0,-49.92157745361328
55.25339937210083,10.0,342.38,10.0,-49.88466262817383
55.285918951034546,10.0,342.092,10.0,-49.84817123413086
55.31797122955322,10.0,341.524,10.0,-49.770267486572266
55.34940981864929,10.0,341.241,10.0,-49.73011779785156
55.381831645965576,10.0,340.736,10.0,-49.689300537109375
55.41521143913269,10.0,340.491,10.0,-49.591331481933594
55.447407245635986,10.0,339.949,10.0,-49.545867919921875
55.48716497421265,10.0,339.693,10.0,-49.501190185546875
55.519022703170776,10.0,339.395,10.0,-49.41447830200195
55.55000972747803,10.0,339.131,10.0,-49.371883392333984
55.58208703994751,10.0,338.593,10.0,-49.330596923828125
55.6139018535614,10.0,338.356,10.0,-49.28888702392578
55.64632773399353,10.0,338.08,10.0,-49.20862579345703
55.67820119857788,10.0,337.794,10.0,-49.16768264770508
55.71021223068237,10.0,337.272,10.0,-49.126773834228516
55.74180054664612,10.0,336.983,10.0,-49.04612350463867
55.77328896522522,10.0,336.725,10.0,-49.0059700012207
55.80584359169006,10.0,336.487,10.0,-48.977115631103516
55.838743686676025,10.0,335.971,10.0,-48.94697952270508
55.871116161346436,10.0,335.709,10.0,-48.8807373046875
55.90212154388428,10.0,335.475,10.0,-48.84608459472656
55.935035943984985,10.0,335.201,10.0,-48.811519622802734
55.9674289226532,10.0,334.932,10.0,-48.738067626953125
55.997796297073364,10.0,334.111,10.0,-48.700069427490234
56.0306761264801,10.0,333.87,10.0,-48.64944839477539
56.06273055076599,10.0,333.61,10.0,-48.60222625732422
56.089054346084595,10.0,333.355,10.0,-48.5568733215332
56.11864161491394,10.0,333.083,10.0,-48.470149993896484
56.15051317214966,10.0,332.801,10.0,-48.427154541015625
56.19195103645325,10.0,332.32,10.0,-48.346256256103516
56.22117471694946,10.0,332.1,10.0,-48.308387756347656
56.2550413608551,10.0,331.908,10.0,-48.273193359375
56.2866473197937,10.0,331.425,10.0,-48.2375373840332
56.31856369972229,10.0,331.164,10.0,-48.16634750366211
56.35059690475464,10.0,330.877,10.0,-48.128517150878906
56.382755756378174,10.0,330.583,10.0,-48.08899688720703
56.4145610332489,10.0,330.067,10.0,-48.04901123046875
56.44675540924072,10.0,329.81,10.0,-47.981964111328125
56.47867941856384,10.0,329.545,10.0,-47.95153045654297
56.50982594490051,10.0,329.299,10.0,-47.91889572143555
56.54534912109375,10.0,328.818,10.0,-47.85186004638672
56.57332515716553,10.0,328.627,10.0,-47.81724548339844
56.605332374572754,10.0,328.376,10.0,-47.78440856933594
56.63822913169861,10.0,328.118,10.0,-47.75042724609375
56.668689012527466,10.0,327.888,10.0,-47.68031311035156
56.702293395996094,10.0,327.079,10.0,-47.632171630859375
56.73350167274475,10.0,326.819,10.0,-47.585968017578125
56.77053761482239,10.0,326.576,10.0,-47.49858093261719
56.79730939865112,10.0,326.35,10.0,-47.45808410644531
56.82222390174866,10.0,326.096,10.0,-47.41815185546875
56.85738945007324,10.0,325.617,10.0,-47.380550384521484
56.88885974884033,10.0,325.395,10.0,-47.342193603515625
56.92185997962952,10.0,325.142,10.0,-47.26813888549805
56.953187704086304,10.0,324.893,10.0,-47.23101806640625
56.985636949539185,10.0,324.383,10.0,-47.194358825683594
57.01999568939209,10.0,324.127,10.0,-47.11872482299805
57.05022382736206,10.0,323.856,10.0,-47.09144592285156
57.08185863494873,10.0,323.601,10.0,-47.060977935791016
57.11387062072754,10.0,323.355,10.0,-47.0286865234375
57.14637994766235,10.0,322.859,10.0,-46.9614143371582
57.17790150642395,10.0,322.665,10.0,-46.92635726928711
57.209794759750366,10.0,322.413,10.0,-46.89302444458008
57.24543786048889,10.0,322.189,10.0,-46.824440002441406
57.274420499801636,10.0,321.471,10.0,-46.78990173339844
57.305906534194946,10.0,321.255,10.0,-46.74497985839844
57.33722257614136,10.0,321.059,10.0,-46.70308303833008
57.36915636062622,10.0,320.811,10.0,-46.626014709472656
57.40155482292175,10.0,320.578,10.0,-46.5885124206543
57.43431282043457,10.0,320.041,10.0,-46.55009841918945
57.47073769569397,10.0,319.772,10.0,-46.4717903137207
57.506014585494995,10.0,319.529,10.0,-46.433101654052734
57.540942430496216,10.0,319.042,10.0,-46.3950080871582
57.57626748085022,10.0,318.837,10.0,-46.32146072387695
57.6075165271759,10.0,318.589,10.0,-46.28535461425781
57.639403343200684,10.0,318.127,10.0,-46.250770568847656
57.67140436172485,10.0,317.886,10.0,-46.17964553833008
57.70347833633423,10.0,317.642,10.0,-46.15407180786133
57.73519825935364,10.0,317.401,10.0,-46.1259880065918
57.76730489730835,10.0,317.207,10.0,-46.0960578918457
57.79967021942139,10.0,316.758,10.0,-46.03672790527344
57.83193111419678,10.0,316.514,10.0,-46.00560760498047
57.86377024650574,10.0,316.3,10.0,-45.973121643066406
57.896594285964966,10.0,315.774,10.0,-45.89558410644531
57.92828917503357,10.0,315.169,10.0,-45.84978103637695
57.96057653427124,10.0,314.934,10.0,-45.803462982177734
57.99256134033203,10.0,314.697,10.0,-45.75968933105469
58.02550768852234,10.0,314.502,10.0,-45.67924499511719
58.05629301071167,10.0,314.082,10.0,-45.64147186279297
58.08863878250122,10.0,313.911,10.0,-45.60652542114258
58.121968507766724,10.0,313.704,10.0,-45.54265213012695
58.152692556381226,10.0,313.501,10.0,-45.51160430908203
58.1852445602417,10.0,313.212,10.0,-45.47739028930664
58.22328448295593,10.0,312.683,10.0,-45.40496063232422
58.25466513633728,10.0,312.413,10.0,-45.378448486328125
58.28781795501709,10.0,312.164,10.0,-45.3484992980957
58.32280445098877,10.0,311.693,10.0,-45.283172607421875
58.351314067840576,10.0,311.495,10.0,-45.250152587890625
58.38379740715027,10.0,311.263,10.0,-45.218143463134766
58.415592193603516,10.0,311.063,10.0,-45.18547821044922
58.44849967956543,10.0,310.627,10.0,-45.121395111083984
58.48068165779114,10.0,310.437,10.0,-45.08940505981445
58.513288736343384,10.0,309.948,10.0,-45.05848693847656
58.54695987701416,10.0,309.701,10.0,-44.97429656982422
58.57812571525574,10.0,309.265,10.0,-44.93619155883789
58.62657880783081,10.0,309.082,10.0,-44.862796783447266
58.6586332321167,10.0,308.628,10.0,-44.82831573486328
58.6901593208313,10.0,308.443,10.0,-44.79352569580078
58.72319149971008,10.0,308.221,10.0,-44.7279052734375
58.753270387649536,10.0,308.003,10.0,-44.695228576660156
58.78553080558777,10.0,307.52,10.0,-44.66160202026367
58.816749572753906,10.0,307.281,10.0,-44.627357482910156
58.84886050224304,10.0,307.057,10.0,-44.55830001831055
58.880975008010864,10.0,306.836,10.0,-44.52427673339844
58.91217231750488,10.0,306.612,10.0,-44.49039840698242
58.94856142997742,10.0,306.161,10.0,-44.432350158691406
58.982826709747314,10.0,305.984,10.0,-44.40584945678711
59.007797956466675,10.0,305.747,10.0,-44.37970733642578
59.03877019882202,10.0,305.549,10.0,-44.351295471191406
59.070873737335205,10.0,305.363,10.0,-44.3227424621582
59.10308623313904,10.0,304.66,10.0,-44.26322937011719
59.133979082107544,10.0,304.426,10.0,-44.22241973876953
59.16580033302307,10.0,304.226,10.0,-44.18274688720703
59.198607444763184,10.0,304.003,10.0,-44.10893249511719
59.23120379447937,10.0,303.783,10.0,-44.073265075683594
59.261439085006714,10.0,303.344,10.0,-44.03810501098633
59.29428839683533,10.0,303.104,10.0,-44.003639221191406
59.32580852508545,10.0,302.872,10.0,-43.93375778198242
59.35755181312561,10.0,302.665,10.0,-43.899845123291016
59.389806270599365,10.0,302.226,10.0,-43.86450958251953
59.421271085739136,10.0,302.035,10.0,-43.83148193359375
59.4527108669281,10.0,301.789,10.0,-43.76665496826172
59.484880208969116,10.0,301.576,10.0,-43.73393249511719
59.5174765586853,10.0,301.296,10.0,-43.69866943359375
59.551005363464355,10.0,300.901,10.0,-43.64645767211914
59.58203315734863,10.0,300.704,10.0,-43.619773864746094
59.613792181015015,10.0,300.56,10.0,-43.59259796142578
59.6540367603302,10.0,300.078,10.0,-43.53916931152344
59.68422341346741,10.0,299.874,10.0,-43.50904846191406
59.72492599487305,10.0,299.613,10.0,-43.446197509765625
59.75639247894287,10.0,298.951,10.0,-43.404258728027344
59.78866934776306,10.0,298.767,10.0,-43.36405944824219
59.82632374763489,10.0,298.559,10.0,-43.29128646850586
59.85276675224304,10.0,298.363,10.0,-43.25722122192383
59.88561987876892,10.0,297.919,10.0,-43.22373962402344
59.91733479499817,10.0,297.723,10.0,-43.18987274169922
59.949352979660034,10.0,297.507,10.0,-43.124664306640625
59.98063111305237,10.0,297.317,10.0,-43.09328079223633
60.01348567008972,10.0,296.894,10.0,-43.06363296508789
60.05085897445679,10.0,296.73,10.0,-43.00210189819336
60.07789707183838,10.0,296.518,10.0,-42.97193908691406
60.126704454422,10.0,296.1,10.0,-42.910396575927734
60.15850591659546,10.0,295.851,10.0,-42.878173828125
60.19057655334473,10.0,295.642,10.0,-42.84619903564453
60.226125955581665,10.0,295.237,10.0,-42.799049377441406
60.254929304122925,10.0,295.04,10.0,-42.77306365966797
60.28733444213867,10.0,294.817,10.0,-42.746334075927734
60.32186269760132,10.0,294.591,10.0,-42.717918395996094
60.351441860198975,10.0,294.212,10.0,-42.65932083129883
60.38328194618225,10.0,293.789,10.0,-42.630043029785156
60.42058777809143,10.0,293.557,10.0,-42.591243743896484
60.44403314590454,10.0,293.393,10.0,-42.55310821533203
60.48626112937927,10.0,293.034,10.0,-42.4841194152832
60.51826333999634,10.0,292.849,10.0,-42.45329666137695
60.550557136535645,10.0,292.602,10.0,-42.391544342041016
60.58251094818115,10.0,292.418,10.0,-42.36087417602539
60.61444616317749,10.0,292.017,10.0,-42.33000946044922
60.64742422103882,10.0,291.84,10.0,-42.29979705810547
60.67923665046692,10.0,291.63,10.0,-42.24098205566406
60.71179556846619,10.0,291.428,10.0,-42.21119689941406
60.74348425865173,10.0,290.998,10.0,-42.18041229248047
60.77560329437256,10.0,290.799,10.0,-42.11907196044922
60.807758808135986,10.0,290.61,10.0,-42.097103118896484
60.83850026130676,10.0,290.415,10.0,-42.07380676269531
60.87108254432678,10.0,290.212,10.0,-42.04920196533203
60.90239596366882,10.0,289.776,10.0,-41.99591827392578
60.93262004852295,10.0,289.575,10.0,-41.966819763183594
60.96533131599426,10.0,289.166,10.0,-41.93742370605469
60.9976224899292,10.0,289.012,10.0,-41.89906692504883
61.028998374938965,10.0,288.812,10.0,-41.83096694946289
61.06221795082092,10.0,288.442,10.0,-41.79832458496094
61.086650133132935,10.0,288.191,10.0,-41.767478942871094
61.11996579170227,10.0,288.019,10.0,-41.734710693359375
61.16088104248047,10.0,287.844,10.0,-41.67413330078125
61.19315981864929,10.0,287.457,10.0,-41.643943786621094
61.225502014160156,10.0,287.208,10.0,-41.58357238769531
61.25747632980347,10.0,286.983,10.0,-41.551536560058594
61.28962755203247,10.0,286.791,10.0,-41.52033233642578
61.32165718078613,10.0,286.455,10.0,-41.490150451660156
61.35397458076477,10.0,286.297,10.0,-41.43525314331055
61.38590145111084,10.0,286.081,10.0,-41.4071044921875
61.41930055618286,10.0,285.892,10.0,-41.37900161743164
61.455374002456665,10.0,285.456,10.0,-41.32902526855469
61.48302674293518,10.0,285.267,10.0,-41.30507278442383
61.51453948020935,10.0,285.042,10.0,-41.28015899658203
61.54575967788696,10.0,284.848,10.0,-41.25297546386719
61.578062295913696,10.0,284.496,10.0,-41.197853088378906
61.609586238861084,10.0,284.32,10.0,-41.17094039916992
61.64224410057068,10.0,283.896,10.0,-41.14424133300781
61.67456269264221,10.0,283.673,10.0,-41.107295989990234
61.70598316192627,10.0,283.487,10.0,-41.03644561767578
61.73805809020996,10.0,283.142,10.0,-41.004295349121094
61.76991891860962,10.0,282.971,10.0,-40.97362518310547
61.80187106132507,10.0,282.754,10.0,-40.94432067871094
61.834956645965576,10.0,282.56,10.0,-40.884239196777344
61.87473154067993,10.0,282.189,10.0,-40.855655670166016
61.906378507614136,10.0,282.036,10.0,-40.79931640625
61.9393744468689,10.0,281.787,10.0,-40.76933288574219
61.97102689743042,10.0,281.393,10.0,-40.73915481567383
62.00287485122681,10.0,281.161,10.0,-40.70941925048828
62.03493785858154,10.0,280.989,10.0,-40.648521423339844
62.066579818725586,10.0,280.808,10.0,-40.619510650634766
62.09879922866821,10.0,280.572,10.0,-40.598655700683594
62.13118600845337,10.0,280.237,10.0,-40.54877853393555
62.16362690925598,10.0,280.015,10.0,-40.52460861206055
62.19471192359924,10.0,279.879,10.0,-40.49810791015625
62.226611375808716,10.0,279.719,10.0,-40.4734001159668
62.25931692123413,10.0,279.124,10.0,-40.42193603515625
62.29296660423279,10.0,278.891,10.0,-40.387229919433594
62.324702739715576,10.0,278.687,10.0,-40.35208511352539
62.35589385032654,10.0,278.476,10.0,-40.2840461730957
62.38772368431091,10.0,278.085,10.0,-40.24959182739258
62.4201717376709,10.0,277.926,10.0,-40.21796417236328
62.45246767997742,10.0,277.763,10.0,-40.18841552734375
62.484936237335205,10.0,277.631,10.0,-40.134613037109375
62.52244806289673,10.0,277.298,10.0,-40.110103607177734
62.55648493766785,10.0,277.103,10.0,-40.0588264465332
62.58958148956299,10.0,276.891,10.0,-40.03125762939453
62.62199592590332,10.0,276.465,10.0,-40.00142288208008
62.65390467643738,10.0,276.264,10.0,-39.972023010253906
62.686628580093384,10.0,276.092,10.0,-39.91374588012695
62.71802830696106,10.0,275.947,10.0,-39.88705062866211
62.750288009643555,10.0,275.627,10.0,-39.86058044433594
62.78244161605835,10.0,275.445,10.0,-39.82237243652344
62.81471514701843,10.0,275.224,10.0,-39.801307678222656
62.846675157547,10.0,275.018,10.0,-39.77717208862305
62.879000425338745,10.0,274.825,10.0,-39.75127410888672
62.910611629486084,10.0,274.242,10.0,-39.68871307373047
62.944363594055176,10.0,274.003,10.0,-39.65453338623047
62.97549247741699,10.0,273.864,10.0,-39.61952590942383
63.008126974105835,10.0,273.682,10.0,-39.55766677856445
63.039198875427246,10.0,273.423,10.0,-39.52960205078125
63.0716552734375,10.0,273.224,10.0,-39.50458908081055
63.103862285614014,10.0,273.072,10.0,-39.4784049987793
63.13554787635803,10.0,272.909,10.0,-39.428489685058594
63.16796135902405,10.0,272.591,10.0,-39.404083251953125
63.20031690597534,10.0,272.38,10.0,-39.38004684448242
63.24086546897888,10.0,272.179,10.0,-39.326961517333984
63.27124619483948,10.0,271.8,10.0,-39.29863357543945
63.31978464126587,10.0,271.652,10.0,-39.244998931884766
63.35210108757019,10.0,271.312,10.0,-39.219268798828125
63.3847291469574,10.0,271.151,10.0,-39.16835403442383
63.41664361953735,10.0,270.978,10.0,-39.150299072265625
63.448487758636475,10.0,270.785,10.0,-39.1304817199707
63.48089623451233,10.0,270.443,10.0,-39.108436584472656
63.51323580741882,10.0,270.22,10.0,-39.06251525878906
63.5459406375885,10.0,269.877,10.0,-39.03620910644531
63.57790207862854,10.0,269.685,10.0,-39.002803802490234
63.61097264289856,10.0,269.353,10.0,-38.93994140625
63.64223551750183,10.0,269.207,10.0,-38.91050720214844
63.67424440383911,10.0,269.06,10.0,-38.883033752441406
63.70718502998352,10.0,268.902,10.0,-38.83173370361328
63.73758935928345,10.0,268.718,10.0,-38.80585861206055
63.76995134353638,10.0,268.334,10.0,-38.779083251953125
63.80241322517395,10.0,268.188,10.0,-38.75185775756836
63.83505988121033,10.0,268.021,10.0,-38.70056915283203
63.86667990684509,10.0,267.838,10.0,-38.674564361572266
63.89791536331177,10.0,267.432,10.0,-38.64751052856445
63.93060255050659,10.0,267.279,10.0,-38.61930847167969
63.97038793563843,10.0,267.137,10.0,-38.56720733642578
64.01023006439209,10.0,266.822,10.0,-38.5185546875
64.04165077209473,10.0,266.657,10.0,-38.50102996826172
64.07388472557068,10.0,266.479,10.0,-38.481929779052734
64.10941219329834,10.0,266.149,10.0,-38.4384880065918
64.13863158226013,10.0,265.987,10.0,-38.41624069213867
64.17039084434509,10.0,265.652,10.0,-38.3935432434082
64.20230913162231,10.0,265.452,10.0,-38.36322784423828
64.23613691329956,10.0,265.27,10.0,-38.30277633666992
64.26699423789978,10.0,264.95,10.0,-38.27384948730469
64.29813718795776,10.0,264.8,10.0,-38.24654769897461
64.33079481124878,10.0,264.611,10.0,-38.22051239013672
64.36260676383972,10.0,264.448,10.0,-38.167724609375
64.39495801925659,10.0,264.118,10.0,-38.14224624633789
64.42797613143921,10.0,263.979,10.0,-38.11674499511719
64.46158504486084,10.0,263.814,10.0,-38.06832504272461
64.49287390708923,10.0,263.624,10.0,-38.04296875
64.52459073066711,10.0,263.255,10.0,-38.01670455932617
64.55792498588562,10.0,263.025,10.0,-37.99028778076172
64.58983421325684,10.0,262.856,10.0,-37.93364715576172
64.6214509010315,10.0,262.728,10.0,-37.90806198120117
64.65334582328796,10.0,262.475,10.0,-37.883705139160156
64.67737746238708,10.0,262.475,10.0,-37.86159133911133
64.71094632148743,10.0,262.154,10.0,-37.82875061035156
64.74452781677246,10.0,261.996,10.0,-37.80965042114258
64.7766489982605,10.0,261.843,10.0,-37.78953552246094
64.80840134620667,10.0,261.671,10.0,-37.76882553100586
64.84114933013916,10.0,261.098,10.0,-37.71477127075195
64.87279033660889,10.0,260.899,10.0,-37.683502197265625
64.90507292747498,10.0,260.719,10.0,-37.652259826660156
64.93690633773804,10.0,260.588,10.0,-37.59419250488281
64.96907496452332,10.0,260.316,10.0,-37.56810760498047
65.00099062919617,10.0,260.181,10.0,-37.54392623901367
65.03296113014221,10.0,259.997,10.0,-37.52091598510742
65.06398797035217,10.0,259.774,10.0,-37.47004699707031
65.09583258628845,10.0,259.457,10.0,-37.44364929199219
65.12801766395569,10.0,259.327,10.0,-37.41836929321289
65.16128826141357,10.0,259.216,10.0,-37.37310791015625
65.19233822822571,10.0,259.072,10.0,-37.3516960144043
65.22428607940674,10.0,258.921,10.0,-37.33012008666992
65.25624346733093,10.0,258.589,10.0,-37.30756759643555
65.28874778747559,10.0,258.427,10.0,-37.26145553588867
65.32015991210938,10.0,258.275,10.0,-37.23841094970703
65.35260200500488,10.0,258.13,10.0,-37.215789794921875
65.38706851005554,10.0,257.791,10.0,-37.181583404541016
65.42784857749939,10.0,257.373,10.0,-37.16139221191406
65.46082663536072,10.0,257.234,10.0,-37.10015106201172
65.49344730377197,10.0,256.958,10.0,-37.07291793823242
65.52516722679138,10.0,256.823,10.0,-37.047386169433594
65.55773782730103,10.0,256.645,10.0,-37.02326202392578
65.5903549194336,10.0,256.48,10.0,-36.97357940673828
65.62157225608826,10.0,256.176,10.0,-36.94974136352539
65.65339374542236,10.0,256.047,10.0,-36.925758361816406
65.68589520454407,10.0,255.882,10.0,-36.879913330078125
65.71793055534363,10.0,255.741,10.0,-36.857357025146484
65.74927616119385,10.0,255.425,10.0,-36.83552551269531
65.78133535385132,10.0,255.286,10.0,-36.81231689453125
65.81355857849121,10.0,255.121,10.0,-36.766719818115234
65.84603381156921,10.0,254.984,10.0,-36.744380950927734
65.87784051895142,10.0,254.808,10.0,-36.72097396850586
65.91195583343506,10.0,254.51,10.0,-36.674560546875
65.94363522529602,10.0,254.327,10.0,-36.65823745727539
65.97598648071289,10.0,254.175,10.0,-36.639163970947266
66.0081787109375,10.0,254.03,10.0,-36.61924743652344
66.03965902328491,10.0,253.588,10.0,-36.5780029296875
66.07107830047607,10.0,253.451,10.0,-36.5508918762207
66.1024534702301,10.0,253.278,10.0,-36.52536392211914
66.13482713699341,10.0,253.104,10.0,-36.499568939208984
66.16741728782654,10.0,252.818,10.0,-36.448795318603516
66.20762181282043,10.0,252.655,10.0,-36.42473220825195
66.23979377746582,10.0,252.506,10.0,-36.37679672241211
66.27182602882385,10.0,252.175,10.0,-36.353271484375
66.30287265777588,10.0,252.012,10.0,-36.328853607177734
66.3343596458435,10.0,251.864,10.0,-36.304378509521484
66.36557579040527,10.0,251.736,10.0,-36.25790023803711
66.39737820625305,10.0,251.468,10.0,-36.23635482788086
66.42922234535217,10.0,251.34,10.0,-36.215023040771484
66.46144318580627,10.0,251.172,10.0,-36.194393157958984
66.49297618865967,10.0,250.988,10.0,-36.1492805480957
66.5241916179657,10.0,250.695,10.0,-36.126495361328125
66.55580520629883,10.0,250.569,10.0,-36.103759765625
66.5903685092926,10.0,250.456,10.0,-36.06184768676758
66.61969089508057,10.0,250.277,10.0,-36.03987121582031
66.65151453018188,10.0,249.896,10.0,-36.01762008666992
66.68358707427979,10.0,249.712,10.0,-35.992088317871094
66.71466898918152,10.0,249.577,10.0,-35.94106674194336
66.74640226364136,10.0,249.454,10.0,-35.91798782348633
66.7781937122345,10.0,249.348,10.0,-35.89692306518555
66.81809306144714,10.0,249.11,10.0,-35.85693359375
66.85760521888733,10.0,248.966,10.0,-35.84337615966797
66.88997483253479,10.0,248.635,10.0,-35.81013870239258
66.92149424552917,10.0,248.463,10.0,-35.79072189331055
66.95296168327332,10.0,248.316,10.0,-35.769615173339844
66.98483347892761,10.0,248.06,10.0,-35.74824142456055
67.01759004592896,10.0,247.695,10.0,-35.696189880371094
67.04933071136475,10.0,247.499,10.0,-35.66879653930664
67.08123421669006,10.0,247.363,10.0,-35.64055633544922
67.11336708068848,10.0,247.215,10.0,-35.61419677734375
67.1451506614685,10.0,246.99,10.0,-35.56557846069336
67.1770532131195,10.0,246.86,10.0,-35.544219970703125
67.20932269096375,10.0,246.706,10.0,-35.523468017578125
67.24215531349182,10.0,246.564,10.0,-35.480953216552734
67.27356624603271,10.0,246.406,10.0,-35.4591178894043
67.30519843101501,10.0,246.142,10.0,-35.43629455566406
67.33728575706482,10.0,246.012,10.0,-35.415897369384766
67.3675103187561,10.0,245.877,10.0,-35.37588882446289
67.39957904815674,10.0,245.744,10.0,-35.35603713989258
67.43117213249207,10.0,245.334,10.0,-35.333126068115234
67.46832823753357,10.0,245.191,10.0,-35.28390884399414
67.49599862098694,10.0,245.06,10.0,-35.26089096069336
67.52077627182007,10.0,244.953,10.0,-35.23978805541992
67.55073690414429,10.0,244.818,10.0,-35.218990325927734
67.58694100379944,10.0,244.556,10.0,-35.2040901184082
67.6239960193634,10.0,244.367,10.0,-35.17171096801758
67.65699315071106,10.0,244.112,10.0,-35.15202331542969
67.69366645812988,10.0,243.972,10.0,-35.10325241088867
67.71970820426941,10.0,243.721,10.0,-35.08169937133789
67.75211238861084,10.0,243.55,10.0,-35.05978775024414
67.78430652618408,10.0,243.391,10.0,-35.03679656982422
67.81629943847656,10.0,243.222,10.0,-34.98950958251953
67.84836053848267,10.0,242.959,10.0,-34.965824127197266
67.88016080856323,10.0,242.855,10.0,-34.94392776489258
67.91164803504944,10.0,242.745,10.0,-34.923797607421875
67.94366574287415,10.0,242.636,10.0,-34.88663864135742
67.97554922103882,10.0,242.317,10.0,-34.86775588989258
68.00838685035706,10.0,242.159,10.0,-34.84689712524414
68.04011678695679,10.0,241.974,10.0,-34.801883697509766
68.07240009307861,10.0,241.805,10.0,-34.7778434753418
68.1047465801239,10.0,241.461,10.0,-34.75296401977539
68.1363787651062,10.0,241.325,10.0,-34.72786331176758
68.16844463348389,10.0,241.156,10.0,-34.679466247558594
68.20072793960571,10.0,240.982,10.0,-34.654441833496094
68.25057244300842,10.0,240.691,10.0,-34.60651397705078
68.29493474960327,10.0,240.425,10.0,-34.56158447265625
68.32443881034851,10.0,240.277,10.0,-34.54591751098633
68.35504150390625,10.0,240.052,10.0,-34.528778076171875
68.38703203201294,10.0,239.914,10.0,-34.50724792480469
68.41848564147949,10.0,239.614,10.0,-34.465084075927734
68.45061945915222,10.0,239.508,10.0,-34.443077087402344
68.48310852050781,10.0,239.404,10.0,-34.42276382446289
68.51988577842712,10.0,239.265,10.0,-34.384521484375
68.54732966423035,10.0,239.122,10.0,-34.36471176147461
68.57951045036316,10.0,238.787,10.0,-34.34334182739258
68.61087226867676,10.0,238.648,10.0,-34.3210563659668
68.64349937438965,10.0,238.52,10.0,-34.27790832519531
68.67417454719543,10.0,238.418,10.0,-34.258358001708984
68.70694351196289,10.0,238.205,10.0,-34.23937225341797
68.73903489112854,10.0,238.067,10.0,-34.221866607666016
68.77105498313904,10.0,237.926,10.0,-34.18473815917969
68.80270171165466,10.0,237.752,10.0,-34.163902282714844
68.83466982841492,10.0,237.446,10.0,-34.14157485961914
68.86693716049194,10.0,237.317,10.0,-34.1198616027832
68.89866256713867,10.0,237.224,10.0,-34.079627990722656
68.929860830307,10.0,237.118,10.0,-34.06149673461914
68.96535611152649,10.0,236.827,10.0,-34.04856491088867
68.98761415481567,10.0,236.827,10.0,-34.03379821777344
69.02700233459473,10.0,236.4,10.0,-33.99312210083008
69.05885195732117,10.0,236.27,10.0,-33.9697380065918
69.09065747261047,10.0,236.142,10.0,-33.94724655151367
69.12270522117615,10.0,235.937,10.0,-33.90522003173828
69.15480375289917,10.0,235.798,10.0,-33.88658905029297
69.18678188323975,10.0,235.67,10.0,-33.8674201965332
69.22072315216064,10.0,235.522,10.0,-33.828346252441406
69.25072431564331,10.0,235.24,10.0,-33.80781555175781
69.28290581703186,10.0,235.082,10.0,-33.787330627441406
69.31443500518799,10.0,234.984,10.0,-33.765926361083984
69.34675598144531,10.0,234.852,10.0,-33.72669982910156
69.3797013759613,10.0,234.738,10.0,-33.70780563354492
69.41111183166504,10.0,234.478,10.0,-33.689979553222656
69.44393515586853,10.0,234.317,10.0,-33.67061996459961
69.47582936286926,10.0,234.168,10.0,-33.628753662109375
69.50798630714417,10.0,234.029,10.0,-33.60759353637695
69.5403220653534,10.0,233.84,10.0,-33.588096618652344
69.5726706981659,10.0,233.708,10.0,-33.5521354675293
69.60503363609314,10.0,233.586,10.0,-33.53398513793945
69.63703966140747,10.0,233.445,10.0,-33.52099609375
69.67138004302979,10.0,233.105,10.0,-33.48640823364258
69.7034912109375,10.0,232.959,10.0,-33.4670524597168
69.73669910430908,10.0,232.784,10.0,-33.44696044921875
69.77427530288696,10.0,232.651,10.0,-33.40360641479492
69.80019903182983,10.0,232.404,10.0,-33.3823127746582
69.83267879486084,10.0,232.261,10.0,-33.362220764160156
69.86438488960266,10.0,232.092,10.0,-33.34172058105469
69.89675879478455,10.0,231.939,10.0,-33.2974967956543
69.92943549156189,10.0,231.72,10.0,-33.27587890625
69.96141290664673,10.0,231.671,10.0,-33.256446838378906
69.99332618713379,10.0,231.577,10.0,-33.24043273925781
70.02727103233337,10.0,231.443,10.0,-33.208763122558594
70.05870223045349,10.0,231.302,10.0,-33.191192626953125
70.09093642234802,10.0,231.01,10.0,-33.171531677246094
70.12272500991821,10.0,230.856,10.0,-33.13176727294922
70.15364384651184,10.0,230.724,10.0,-33.1114616394043
70.18636178970337,10.0,230.606,10.0,-33.09183120727539
70.21825551986694,10.0,230.351,10.0,-33.07259750366211
70.25034761428833,10.0,230.099,10.0,-33.04344177246094
70.2825608253479,10.0,229.946,10.0,-33.02202224731445
70.31461906433105,10.0,229.824,10.0,-33.00003433227539
70.34914207458496,10.0,229.575,10.0,-32.95806884765625
70.38621830940247,10.0,229.468,10.0,-32.93806076049805
70.41243386268616,10.0,229.355,10.0,-32.919124603271484
70.44299745559692,10.0,229.251,10.0,-32.90077209472656
70.47473120689392,10.0,229.113,10.0,-32.86491394042969
70.50616598129272,10.0,228.894,10.0,-32.84646987915039
70.53884434700012,10.0,228.783,10.0,-32.82931900024414
70.56959295272827,10.0,228.649,10.0,-32.812408447265625
70.60242938995361,10.0,228.536,10.0,-32.77727127075195
70.6340057849884,10.0,228.299,10.0,-32.75965881347656
70.6668803691864,10.0,228.167,10.0,-32.7421989440918
70.69918036460876,10.0,228.037,10.0,-32.70569610595703
70.7313015460968,10.0,227.894,10.0,-32.6864128112793
70.76404309272766,10.0,227.605,10.0,-32.666099548339844
70.79600262641907,10.0,227.449,10.0,-32.6456298828125
70.82774996757507,10.0,227.323,10.0,-32.60342025756836
70.86038899421692,10.0,227.217,10.0,-32.58387756347656
70.89212250709534,10.0,227.039,10.0,-32.566505432128906
70.92388892173767,10.0,226.748,10.0,-32.53804397583008
70.95584774017334,10.0,226.651,10.0,-32.51765441894531
70.98791003227234,10.0,226.536,10.0,-32.49879455566406
71.01998567581177,10.0,226.416,10.0,-32.48036575317383
71.0514862537384,10.0,226.176,10.0,-32.44414520263672
71.08825349807739,10.0,226.043,10.0,-32.425941467285156
71.12634944915771,10.0,225.954,10.0,-32.39006042480469
71.15288877487183,10.0,225.675,10.0,-32.37173080444336
71.18440961837769,10.0,225.563,10.0,-32.35282516479492
71.21698355674744,10.0,225.449,10.0,-32.33448028564453
71.24925971031189,10.0,225.345,10.0,-32.29917907714844
71.28208780288696,10.0,225.211,10.0,-32.28114700317383
71.31363868713379,10.0,225.007,10.0,-32.26351547241211
71.35041332244873,10.0,224.889,10.0,-32.230140686035156
71.37726902961731,10.0,224.757,10.0,-32.21256637573242
71.40983963012695,10.0,224.625,10.0,-32.194393157958984
71.44164633750916,10.0,224.364,10.0,-32.17596435546875
71.47608923912048,10.0,224.239,10.0,-32.138126373291016
71.50561237335205,10.0,224.103,10.0,-32.118751525878906
71.53804397583008,10.0,223.965,10.0,-32.098941802978516
71.56921339035034,10.0,223.706,10.0,-32.077919006347656
71.60131001472473,10.0,223.568,10.0,-32.04761505126953
71.63403797149658,10.0,223.437,10.0,-32.03116226196289
71.66603231430054,10.0,223.333,10.0,-32.01390075683594
71.70189952850342,10.0,223.246,10.0,-31.981475830078125
71.72998929023743,10.0,223.014,10.0,-31.965476989746094
71.76281452178955,10.0,222.899,10.0,-31.94913101196289
71.80390858650208,10.0,222.802,10.0,-31.91666030883789
71.83624219894409,10.0,222.654,10.0,-31.903709411621094
71.87543559074402,10.0,222.494,10.0,-31.87348175048828
71.90850162506104,10.0,222.361,10.0,-31.856056213378906
71.93927836418152,10.0,222.123,10.0,-31.83839225769043
71.9709165096283,10.0,222.002,10.0,-31.820714950561523
72.00296664237976,10.0,221.866,10.0,-31.78424644470215
72.0354962348938,10.0,221.723,10.0,-31.764753341674805
72.06776094436646,10.0,221.572,10.0,-31.746898651123047
72.09942889213562,10.0,221.445,10.0,-31.71493911743164
72.13188028335571,10.0,221.296,10.0,-31.696895599365234
72.16388869285583,10.0,221.133,10.0,-31.67700958251953
72.19541049003601,10.0,220.731,10.0,-31.651594161987305
72.22732663154602,10.0,220.634,10.0,-31.608898162841797
72.2595226764679,10.0,220.522,10.0,-31.591825485229492
72.29221940040588,10.0,220.487,10.0,-31.57489776611328
72.32828521728516,10.0,220.304,10.0,-31.549449920654297
72.35691523551941,10.0,220.166,10.0,-31.535846710205078
72.38884282112122,10.0,220.034,10.0,-31.52045440673828
72.42111992835999,10.0,219.901,10.0,-31.503917694091797
72.45326828956604,10.0,219.811,10.0,-31.470073699951172
72.48524641990662,10.0,219.568,10.0,-31.453569412231445
72.51683616638184,10.0,219.472,10.0,-31.436250686645508
72.55373883247375,10.0,219.394,10.0,-31.404584884643555
72.58988308906555,10.0,219.21,10.0,-31.391124725341797
72.61240696907043,10.0,219.091,10.0,-31.376522064208984
72.64357829093933,10.0,218.948,10.0,-31.361112594604492
72.67581868171692,10.0,218.793,10.0,-31.344066619873047
72.70830798149109,10.0,218.664,10.0,-31.30615997314453
72.74010252952576,10.0,218.402,10.0,-31.285860061645508
72.77167582511902,10.0,218.299,10.0,-31.2664852142334
72.8040885925293,10.0,218.233,10.0,-31.23200798034668
72.8368489742279,10.0,218.171,10.0,-31.217885971069336
72.86796069145203,10.0,218.033,10.0,-31.20208168029785
72.90011382102966,10.0,217.792,10.0,-31.18572235107422
72.9319965839386,10.0,217.604,10.0,-31.14887237548828
72.9639675617218,10.0,217.604,10.0,-31.134296417236328
72.99581027030945,10.0,217.35,10.0,-31.113264083862305
73.02842378616333,10.0,217.125,10.0,-31.082489013671875
73.06002831459045,10.0,217.049,10.0,-31.066476821899414
73.09083604812622,10.0,216.908,10.0,-31.051803588867188
73.12335014343262,10.0,216.77,10.0,-31.035430908203125
73.15657091140747,10.0,216.568,10.0,-31.00105094909668
73.18764400482178,10.0,216.509,10.0,-30.984575271606445
73.22030782699585,10.0,216.424,10.0,-30.97024917602539
73.2536199092865,10.0,216.314,10.0,-30.942106246948242
73.28580856323242,10.0,216.128,10.0,-30.927316665649414
73.31744980812073,10.0,216.052,10.0,-30.913467407226562
73.35009551048279,10.0,215.958,10.0,-30.900419235229492
73.38364338874817,10.0,215.825,10.0,-30.87227439880371
73.41419911384583,10.0,215.572,10.0,-30.855619430541992
73.44607496261597,10.0,215.463,10.0,-30.838865280151367
73.47900438308716,10.0,215.383,10.0,-30.80672836303711
73.51083207130432,10.0,215.313,10.0,-30.79269027709961
73.54304933547974,10.0,215.171,10.0,-30.776708602905273
73.57540249824524,10.0,214.994,10.0,-30.760896682739258
73.60822176933289,10.0,214.768,10.0,-30.726449966430664
73.63911938667297,10.0,214.643,10.0,-30.706645965576172
73.67118620872498,10.0,214.511,10.0,-30.692184448242188
73.70459771156311,10.0,214.265,10.0,-30.659814834594727
73.7356972694397,10.0,214.107,10.0,-30.642663955688477
73.768559217453,10.0,213.96,10.0,-30.62362289428711
73.80133986473083,10.0,213.847,10.0,-30.60359001159668
73.83283972740173,10.0,213.743,10.0,-30.568300247192383
73.86513137817383,10.0,213.677,10.0,-30.55435562133789
73.89705324172974,10.0,213.541,10.0,-30.54168701171875
73.9305727481842,10.0,213.404,10.0,-30.510848999023438
73.96212077140808,10.0,213.208,10.0,-30.495105743408203
74.00414490699768,10.0,213.17,10.0,-30.466928482055664
74.03612232208252,10.0,213.036,10.0,-30.45232582092285
74.06808972358704,10.0,212.821,10.0,-30.437467575073242
74.10045099258423,10.0,212.744,10.0,-30.42219352722168
74.13326954841614,10.0,212.657,10.0,-30.394176483154297
74.16531133651733,10.0,212.565,10.0,-30.38045883178711
74.19664716720581,10.0,212.301,10.0,-30.365924835205078
74.22935104370117,10.0,212.086,10.0,-30.327980041503906
74.26144242286682,10.0,211.932,10.0,-30.305967330932617
74.29407954216003,10.0,211.807,10.0,-30.2845458984375
74.32582211494446,10.0,211.617,10.0,-30.26885223388672
74.35963344573975,10.0,211.588,10.0,-30.238906860351562
74.40597581863403,10.0,211.43,10.0,-30.21624755859375
74.43771553039551,10.0,211.303,10.0,-30.20453643798828
74.47008013725281,10.0,211.169,10.0,-30.19097328186035
74.50184988975525,10.0,211.057,10.0,-30.175670623779297
74.53327989578247,10.0,210.892,10.0,-30.144651412963867
74.56590390205383,10.0,210.763,10.0,-30.130653381347656
74.59831762313843,10.0,210.627,10.0,-30.115222930908203
74.63016438484192,10.0,210.519,10.0,-30.081645965576172
74.6694507598877,10.0,210.366,10.0,-30.06586456298828
74.6885039806366,10.0,210.366,10.0,-30.051712036132812
74.72132897377014,10.0,210.168,10.0,-30.03873062133789
74.75723505020142,10.0,210.037,10.0,-30.007997512817383
74.78634405136108,10.0,209.93,10.0,-29.991901397705078
74.81910276412964,10.0,209.731,10.0,-29.976022720336914
74.85050201416016,10.0,209.584,10.0,-29.9604434967041
74.88259196281433,10.0,209.459,10.0,-29.925151824951172
74.9143488407135,10.0,209.32,10.0,-29.90631103515625
74.9467933177948,10.0,209.243,10.0,-29.889345169067383
74.98366904258728,10.0,209.065,10.0,-29.85787582397461
75.01037549972534,10.0,208.974,10.0,-29.846961975097656
75.0431387424469,10.0,208.857,10.0,-29.83553695678711
75.07452321052551,10.0,208.712,10.0,-29.822612762451172
75.10596036911011,10.0,208.445,10.0,-29.791250228881836
75.13745975494385,10.0,208.314,10.0,-29.773487091064453
75.16908240318298,10.0,208.234,10.0,-29.755064010620117
75.20117378234863,10.0,208.156,10.0,-29.73828125
75.2335410118103,10.0,208.108,10.0,-29.70975112915039
75.26510787010193,10.0,207.945,10.0,-29.698261260986328
75.2971739768982,10.0,207.827,10.0,-29.685531616210938
75.32912826538086,10.0,207.733,10.0,-29.671539306640625
75.37058305740356,10.0,207.507,10.0,-29.643272399902344
75.4082305431366,10.0,207.417,10.0,-29.61285400390625
75.44032979011536,10.0,207.262,10.0,-29.5955753326416
75.4723129272461,10.0,207.079,10.0,-29.577762603759766
75.50452446937561,10.0,207.017,10.0,-29.562358856201172
75.53666877746582,10.0,206.929,10.0,-29.535171508789062
75.56876182556152,10.0,206.716,10.0,-29.516605377197266
75.60059380531311,10.0,206.586,10.0,-29.497596740722656
75.63367199897766,10.0,206.469,10.0,-29.469867706298828
75.6640887260437,10.0,206.377,10.0,-29.45901107788086
75.69637393951416,10.0,206.293,10.0,-29.447559356689453
75.7286012172699,10.0,206.154,10.0,-29.43596839904785
75.7611141204834,10.0,205.959,10.0,-29.406627655029297
75.79205203056335,10.0,205.889,10.0,-29.39261245727539
75.82466340065002,10.0,205.803,10.0,-29.379608154296875
75.85496759414673,10.0,205.704,10.0,-29.366710662841797
75.88832688331604,10.0,205.573,10.0,-29.33826446533203
75.919606924057,10.0,205.36,10.0,-29.322031021118164
75.9524474143982,10.0,205.239,10.0,-29.30662727355957
75.98520588874817,10.0,205.14,10.0,-29.274478912353516
76.01574540138245,10.0,205.0,10.0,-29.257064819335938
76.04725289344788,10.0,204.837,10.0,-29.24014663696289
76.0796422958374,10.0,204.787,10.0,-29.225255966186523
76.12364077568054,10.0,204.775,10.0,-29.20282554626465
76.15581345558167,10.0,204.519,10.0,-29.191383361816406
76.18857502937317,10.0,204.394,10.0,-29.1619930267334
76.22002291679382,10.0,204.183,10.0,-29.14202880859375
76.2520272731781,10.0,204.104,10.0,-29.12404441833496
76.28415155410767,10.0,203.874,10.0,-29.107067108154297
76.31610679626465,10.0,203.781,10.0,-29.08020782470703
76.34850192070007,10.0,203.696,10.0,-29.06585693359375
76.38051247596741,10.0,203.636,10.0,-29.051982879638672
76.41223406791687,10.0,203.522,10.0,-29.029369354248047
76.44377827644348,10.0,203.421,10.0,-29.018802642822266
76.47567963600159,10.0,203.293,10.0,-29.007143020629883
76.5078227519989,10.0,203.177,10.0,-28.99349594116211
76.54036688804626,10.0,203.061,10.0,-28.963321685791016
76.57172560691833,10.0,202.86,10.0,-28.94835090637207
76.6047158241272,10.0,202.766,10.0,-28.932819366455078
76.63690137863159,10.0,202.669,10.0,-28.902538299560547
76.66734647750854,10.0,202.6,10.0,-28.888744354248047
76.69886660575867,10.0,202.46,10.0,-28.876529693603516
76.73068737983704,10.0,202.363,10.0,-28.864269256591797
76.76378893852234,10.0,202.277,10.0,-28.838695526123047
76.79027199745178,10.0,202.077,10.0,-28.821163177490234
76.8190929889679,10.0,202.041,10.0,-28.806835174560547
76.851553440094,10.0,201.905,10.0,-28.79079818725586
76.89273571968079,10.0,201.705,10.0,-28.759456634521484
76.92690205574036,10.0,201.578,10.0,-28.748046875
76.95750308036804,10.0,201.438,10.0,-28.734649658203125
76.98930597305298,10.0,201.37,10.0,-28.710187911987305
77.02186322212219,10.0,201.258,10.0,-28.698890686035156
77.05456137657166,10.0,201.168,10.0,-28.686187744140625
77.08739376068115,10.0,201.05,10.0,-28.65912628173828
77.11831021308899,10.0,200.847,10.0,-28.644010543823242
77.15147304534912,10.0,200.762,10.0,-28.629396438598633
77.18318748474121,10.0,200.665,10.0,-28.615259170532227
77.21487379074097,10.0,200.566,10.0,-28.586536407470703
77.24718832969666,10.0,200.393,10.0,-28.572612762451172
77.27910828590393,10.0,200.348,10.0,-28.558807373046875
77.31241774559021,10.0,200.285,10.0,-28.53592300415039
77.34329056739807,10.0,200.217,10.0,-28.525245666503906
77.37427258491516,10.0,200.098,10.0,-28.51270866394043
77.4062066078186,10.0,199.878,10.0,-28.498138427734375
77.4385244846344,10.0,199.815,10.0,-28.47100830078125
77.47101664543152,10.0,199.629,10.0,-28.45392417907715
77.50371193885803,10.0,199.508,10.0,-28.436351776123047
77.53766775131226,10.0,199.262,10.0,-28.398042678833008
77.57560014724731,10.0,199.224,10.0,-28.38347816467285
77.60718512535095,10.0,199.181,10.0,-28.37299346923828
77.63983058929443,10.0,199.061,10.0,-28.35648536682129
77.67141079902649,10.0,198.908,10.0,-28.347532272338867
77.70360732078552,10.0,198.788,10.0,-28.334896087646484
77.73943066596985,10.0,198.67,10.0,-28.305622100830078
77.76786017417908,10.0,198.516,10.0,-28.291410446166992
77.80054426193237,10.0,198.366,10.0,-28.27785873413086
77.83213090896606,10.0,198.285,10.0,-28.261795043945312
77.86434173583984,10.0,198.198,10.0,-28.232084274291992
77.89666962623596,10.0,198.119,10.0,-28.218624114990234
77.92904686927795,10.0,198.042,10.0,-28.208528518676758
77.96491718292236,10.0,197.915,10.0,-28.185617446899414
77.99334573745728,10.0,197.779,10.0,-28.17087173461914
78.02571249008179,10.0,197.547,10.0,-28.154590606689453
78.05740451812744,10.0,197.49,10.0,-28.13855743408203
78.08938026428223,10.0,197.48,10.0,-28.113924026489258
78.12132096290588,10.0,197.335,10.0,-28.100391387939453
78.15315771102905,10.0,197.195,10.0,-28.084768295288086
78.18869233131409,10.0,196.996,10.0,-28.05272102355957
78.21836924552917,10.0,196.931,10.0,-28.041746139526367
78.26551055908203,10.0,196.818,10.0,-28.021291732788086
78.3050787448883,10.0,196.689,10.0,-28.012147903442383
78.34173727035522,10.0,196.548,10.0,-27.98601531982422
78.36933040618896,10.0,196.364,10.0,-27.972000122070312
78.40079545974731,10.0,196.272,10.0,-27.957740783691406
78.43269801139832,10.0,196.174,10.0,-27.94355010986328
78.46522426605225,10.0,196.095,10.0,-27.915428161621094
78.4965500831604,10.0,195.908,10.0,-27.900476455688477
78.52822709083557,10.0,195.852,10.0,-27.88681411743164
78.56101679801941,10.0,195.797,10.0,-27.874614715576172
78.59333801269531,10.0,195.766,10.0,-27.854463577270508
78.62569832801819,10.0,195.696,10.0,-27.845165252685547
78.65736413002014,10.0,195.463,10.0,-27.833616256713867
78.69051885604858,10.0,195.271,10.0,-27.80316734313965
78.72173619270325,10.0,195.27,10.0,-27.790313720703125
78.75365257263184,10.0,195.155,10.0,-27.77623748779297
78.78574728965759,10.0,194.898,10.0,-27.760501861572266
78.81825947761536,10.0,194.76,10.0,-27.731565475463867
78.85057973861694,10.0,194.69,10.0,-27.717037200927734
78.88277673721313,10.0,194.672,10.0,-27.703575134277344
78.91439032554626,10.0,194.569,10.0,-27.68315315246582
78.9515163898468,10.0,194.446,10.0,-27.67441749572754
78.98498392105103,10.0,194.317,10.0,-27.663183212280273
79.0185899734497,10.0,194.112,10.0,-27.63613510131836
79.0513436794281,10.0,194.072,10.0,-27.621578216552734
79.08384275436401,10.0,193.997,10.0,-27.609323501586914
79.11599016189575,10.0,193.9,10.0,-27.584753036499023
79.14708042144775,10.0,193.812,10.0,-27.571969985961914
79.1794981956482,10.0,193.66,10.0,-27.558860778808594
79.21126937866211,10.0,193.595,10.0,-27.54692268371582
79.24369955062866,10.0,193.545,10.0,-27.52549171447754
79.27624225616455,10.0,193.45,10.0,-27.514320373535156
79.30780577659607,10.0,193.076,10.0,-27.496517181396484
79.34144592285156,10.0,193.008,10.0,-27.460697174072266
79.37262296676636,10.0,192.976,10.0,-27.447038650512695
79.40464520454407,10.0,192.899,10.0,-27.4339599609375
79.43599772453308,10.0,192.726,10.0,-27.424560546875
79.45258975028992,10.0,192.726,10.0,-27.41590118408203
79.48471665382385,10.0,192.607,10.0,-27.40473175048828
79.51622605323792,10.0,192.432,10.0,-27.379159927368164
79.54856157302856,10.0,192.395,10.0,-27.36600685119629
79.58039093017578,10.0,192.341,10.0,-27.35495948791504
79.61254119873047,10.0,192.245,10.0,-27.344825744628906
79.65274381637573,10.0,192.033,10.0,-27.321048736572266
79.68097805976868,10.0,191.919,10.0,-27.307659149169922
79.70596885681152,10.0,191.846,10.0,-27.293176651000977
79.73698091506958,10.0,191.767,10.0,-27.279577255249023
79.76868343353271,10.0,191.666,10.0,-27.252674102783203
79.80034637451172,10.0,191.583,10.0,-27.239238739013672
79.83239912986755,10.0,191.382,10.0,-27.224998474121094
79.86882376670837,10.0,191.325,10.0,-27.198057174682617
79.8970856666565,10.0,191.263,10.0,-27.186317443847656
79.9283938407898,10.0,191.206,10.0,-27.175533294677734
79.9598879814148,10.0,190.932,10.0,-27.161075592041016
79.99231696128845,10.0,190.833,10.0,-27.13065528869629
80.02491784095764,10.0,190.75,10.0,-27.11609649658203
80.05677103996277,10.0,190.699,10.0,-27.10340118408203
80.09301495552063,10.0,190.571,10.0,-27.081209182739258
80.12151408195496,10.0,190.457,10.0,-27.06837272644043
80.15261483192444,10.0,190.356,10.0,-27.05913543701172
80.1850516796112,10.0,190.25,10.0,-27.048431396484375
80.21732592582703,10.0,190.164,10.0,-27.02511215209961
80.26458549499512,10.0,190.088,10.0,-27.01605796813965
80.29691791534424,10.0,189.958,10.0,-26.99776840209961
80.32871103286743,10.0,189.84,10.0,-26.988191604614258
80.36852812767029,10.0,189.761,10.0,-26.964672088623047
80.39439535140991,10.0,189.668,10.0,-26.9522762298584
80.42600893974304,10.0,189.525,10.0,-26.940582275390625
80.4583580493927,10.0,189.413,10.0,-26.92888641357422
80.48957991600037,10.0,189.284,10.0,-26.915761947631836
80.52247595787048,10.0,189.155,10.0,-26.884483337402344
80.55402708053589,10.0,189.076,10.0,-26.86918067932129
80.586177110672,10.0,189.038,10.0,-26.85708236694336
80.61857342720032,10.0,189.021,10.0,-26.84042739868164
80.65052556991577,10.0,188.851,10.0,-26.828292846679688
80.68354034423828,10.0,188.719,10.0,-26.814002990722656
80.71487331390381,10.0,188.534,10.0,-26.79846954345703
80.74707269668579,10.0,188.48,10.0,-26.772022247314453
80.77890396118164,10.0,188.391,10.0,-26.759328842163086
80.81118965148926,10.0,188.279,10.0,-26.75017547607422
80.84312224388123,10.0,188.01,10.0,-26.725055694580078
80.87535047531128,10.0,187.96,10.0,-26.709632873535156
80.90694999694824,10.0,187.941,10.0,-26.696266174316406
80.93991136550903,10.0,187.936,10.0,-26.685800552368164
80.97074747085571,10.0,187.831,10.0,-26.67194175720215
81.00288486480713,10.0,187.749,10.0,-26.66431999206543
81.0341420173645,10.0,187.635,10.0,-26.655597686767578
81.07036447525024,10.0,187.515,10.0,-26.631771087646484
81.09601783752441,10.0,187.456,10.0,-26.61992073059082
81.12683606147766,10.0,187.278,10.0,-26.60732650756836
81.15844488143921,10.0,187.185,10.0,-26.594749450683594
81.19017267227173,10.0,187.072,10.0,-26.581729888916016
81.22182583808899,10.0,186.969,10.0,-26.552852630615234
81.25314950942993,10.0,186.89,10.0,-26.538814544677734
81.28461766242981,10.0,186.812,10.0,-26.525327682495117
81.31651878356934,10.0,186.761,10.0,-26.515544891357422
81.3489601612091,10.0,186.689,10.0,-26.497093200683594
81.38080358505249,10.0,186.566,10.0,-26.485294342041016
81.41235947608948,10.0,186.427,10.0,-26.476791381835938
81.44521903991699,10.0,186.273,10.0,-26.452787399291992
81.47694182395935,10.0,186.23,10.0,-26.44118881225586
81.50872850418091,10.0,186.149,10.0,-26.431028366088867
81.5406928062439,10.0,186.055,10.0,-26.42038345336914
81.57290649414062,10.0,185.853,10.0,-26.396480560302734
81.60532331466675,10.0,185.805,10.0,-26.383060455322266
81.63670301437378,10.0,185.733,10.0,-26.371280670166016
81.66905617713928,10.0,185.67,10.0,-26.359766006469727
81.70089507102966,10.0,185.615,10.0,-26.338685989379883
81.7328553199768,10.0,185.462,10.0,-26.328807830810547
81.74892139434814,10.0,185.462,10.0,-26.317996978759766
81.78558564186096,10.0,185.255,10.0,-26.304950714111328
81.81601905822754,10.0,185.16,10.0,-26.292064666748047
81.85691785812378,10.0,185.122,10.0,-26.267425537109375
81.889000415802,10.0,184.887,10.0,-26.25381088256836
81.92028093338013,10.0,184.771,10.0,-26.224266052246094
81.9519853591919,10.0,184.662,10.0,-26.208520889282227
81.98449373245239,10.0,184.608,10.0,-26.194734573364258
82.01659679412842,10.0,184.505,10.0,-26.184736251831055
82.04858160018921,10.0,184.474,10.0,-26.1668701171875
82.08033204078674,10.0,184.422,10.0,-26.159515380859375
82.1129252910614,10.0,184.306,10.0,-26.15226936340332
82.14429759979248,10.0,184.215,10.0,-26.142404556274414
82.17690420150757,10.0,184.008,10.0,-26.119091033935547
82.20908999443054,10.0,183.991,10.0,-26.106019973754883
82.24104619026184,10.0,183.928,10.0,-26.095800399780273
82.27434206008911,10.0,183.884,10.0,-26.07691192626953
82.30566596984863,10.0,183.648,10.0,-26.066139221191406
82.3376874923706,10.0,183.549,10.0,-26.052936553955078
82.3695433139801,10.0,183.436,10.0,-26.039159774780273
82.40159749984741,10.0,183.372,10.0,-26.010839462280273
82.43456840515137,10.0,183.294,10.0,-25.999954223632812
82.45807600021362,10.0,183.294,10.0,-25.989933013916016
82.49744629859924,10.0,183.035,10.0,-25.962326049804688
82.52676773071289,10.0,182.95,10.0,-25.94825553894043
82.55790281295776,10.0,182.841,10.0,-25.933433532714844
82.59035158157349,10.0,182.71,10.0,-25.91879653930664
82.62571716308594,10.0,182.596,10.0,-25.892776489257812
82.65508079528809,10.0,182.501,10.0,-25.88286590576172
82.68687319755554,10.0,182.396,10.0,-25.871871948242188
82.71882653236389,10.0,182.27,10.0,-25.8596134185791
82.75123953819275,10.0,182.244,10.0,-25.83392333984375
82.78277134895325,10.0,182.25,10.0,-25.825841903686523
82.81454849243164,10.0,182.216,10.0,-25.82048988342285
82.84956479072571,10.0,182.133,10.0,-25.808847427368164
82.87786102294922,10.0,181.898,10.0,-25.798702239990234
82.91047406196594,10.0,181.832,10.0,-25.78710174560547
82.94250226020813,10.0,181.777,10.0,-25.77593231201172
82.97516059875488,10.0,181.731,10.0,-25.756179809570312
83.00667428970337,10.0,181.63,10.0,-25.747480392456055
83.03941535949707,10.0,181.516,10.0,-25.739089965820312
83.07554030418396,10.0,181.44,10.0,-25.717443466186523
83.10292100906372,10.0,181.318,10.0,-25.704425811767578
83.13494205474854,10.0,181.18,10.0,-25.689123153686523
83.16756987571716,10.0,181.071,10.0,-25.675804138183594
83.19379734992981,10.0,181.022,10.0,-25.66357421875
83.21787858009338,10.0,180.925,10.0,-25.652652740478516
83.2586612701416,10.0,180.809,10.0,-25.632118225097656
83.28995656967163,10.0,180.743,10.0,-25.621173858642578
83.32544827461243,10.0,180.609,10.0,-25.599267959594727
83.35374140739441,10.0,180.548,10.0,-25.58913230895996
83.38528728485107,10.0,180.471,10.0,-25.57931900024414
83.41801047325134,10.0,180.345,10.0,-25.56907844543457
83.44880604743958,10.0,180.225,10.0,-25.54222297668457
83.48055958747864,10.0,180.071,10.0,-25.527822494506836
83.51312899589539,10.0,180.051,10.0,-25.51481056213379
83.54970335960388,10.0,180.035,10.0,-25.496501922607422
83.57798385620117,10.0,180.002,10.0,-25.489517211914062
83.60975527763367,10.0,179.835,10.0,-25.482481002807617
83.64166736602783,10.0,179.692,10.0,-25.47282600402832
83.67447137832642,10.0,179.594,10.0,-25.446392059326172
83.70575594902039,10.0,179.508,10.0,-25.43289566040039
83.73859238624573,10.0,179.363,10.0,-25.41897201538086
83.77028250694275,10.0,179.263,10.0,-25.406787872314453
83.80242109298706,10.0,179.191,10.0,-25.38128662109375
83.83410334587097,10.0,179.101,10.0,-25.36846923828125
83.86577868461609,10.0,178.996,10.0,-25.354766845703125
83.89233374595642,10.0,178.868,10.0,-25.34130859375
83.94221687316895,10.0,178.816,10.0,-25.319072723388672
83.97718930244446,10.0,178.702,10.0,-25.302082061767578
84.00629329681396,10.0,178.614,10.0,-25.294843673706055
84.03846740722656,10.0,178.547,10.0,-25.28614616394043
84.070237159729,10.0,178.482,10.0,-25.277191162109375
84.10158395767212,10.0,178.355,10.0,-25.259098052978516
84.13420963287354,10.0,178.261,10.0,-25.24991798400879
84.1660406589508,10.0,178.193,10.0,-25.239429473876953
84.20144271850586,10.0,178.115,10.0,-25.218244552612305
84.22988724708557,10.0,178.036,10.0,-25.2071533203125
84.26123309135437,10.0,177.898,10.0,-25.196992874145508
84.29428696632385,10.0,177.843,10.0,-25.186038970947266
84.32792067527771,10.0,177.794,10.0,-25.166412353515625
84.3573694229126,10.0,177.718,10.0,-25.156505584716797
84.37673902511597,10.0,177.639,10.0,-25.146080017089844
84.40527868270874,10.0,177.549,10.0,-25.13479232788086
84.43712377548218,10.0,177.448,10.0,-25.12237548828125
84.46915054321289,10.0,177.281,10.0,-25.108924865722656
84.50167965888977,10.0,177.216,10.0,-25.084718704223633
84.53318762779236,10.0,177.133,10.0,-25.07619857788086
84.56421136856079,10.0,177.055,10.0,-25.066701889038086
84.61262822151184,10.0,176.863,10.0,-25.04500389099121
84.65239691734314,10.0,176.737,10.0,-25.02130699157715
84.68356347084045,10.0,176.705,10.0,-25.010486602783203
84.71559596061707,10.0,176.659,10.0,-25.001354217529297
84.74837136268616,10.0,176.61,10.0,-24.992935180664062
84.7814872264862,10.0,176.564,10.0,-24.97737693786621
84.813059091568,10.0,176.345,10.0,-24.96708106994629
84.84549236297607,10.0,176.258,10.0,-24.95546531677246
84.87874150276184,10.0,176.163,10.0,-24.93058967590332
84.90987277030945,10.0,176.144,10.0,-24.92046356201172
84.94209885597229,10.0,175.964,10.0,-24.911598205566406
84.97405672073364,10.0,175.849,10.0,-24.899341583251953
85.005850315094,10.0,175.739,10.0,-24.870914459228516
85.03822040557861,10.0,175.661,10.0,-24.856868743896484
85.07027125358582,10.0,175.592,10.0,-24.843706130981445
85.10273051261902,10.0,175.534,10.0,-24.82382583618164
85.13469505310059,10.0,175.47,10.0,-24.817527770996094
85.16683793067932,10.0,175.435,10.0,-24.810558319091797
85.19843339920044,10.0,175.347,10.0,-24.804269790649414
85.23052430152893,10.0,175.168,10.0,-24.786340713500977
85.26286149024963,10.0,175.084,10.0,-24.775968551635742
85.29429244995117,10.0,175.019,10.0,-24.76496124267578
85.32086300849915,10.0,174.978,10.0,-24.75425910949707
85.3540563583374,10.0,174.95,10.0,-24.736858367919922
85.38537693023682,10.0,174.85,10.0,-24.730369567871094
85.41752529144287,10.0,174.761,10.0,-24.722558975219727
85.44942736625671,10.0,174.657,10.0,-24.713298797607422
85.48132586479187,10.0,174.52,10.0,-24.688522338867188
85.5131049156189,10.0,174.471,10.0,-24.676347732543945
85.54524970054626,10.0,174.345,10.0,-24.663312911987305
85.56136131286621,10.0,174.345,10.0,-24.65264320373535
85.59338283538818,10.0,174.185,10.0,-24.64183807373047
85.62532758712769,10.0,174.076,10.0,-24.63042449951172
85.65788912773132,10.0,173.996,10.0,-24.604846954345703
85.68906044960022,10.0,173.931,10.0,-24.59284210205078
85.72194337844849,10.0,173.886,10.0,-24.582246780395508
85.7533130645752,10.0,173.763,10.0,-24.562828063964844
85.78475141525269,10.0,173.659,10.0,-24.555601119995117
85.81767272949219,10.0,173.543,10.0,-24.546207427978516
85.84901666641235,10.0,173.458,10.0,-24.534626007080078
85.88039326667786,10.0,173.334,10.0,-24.510517120361328
85.91290473937988,10.0,173.303,10.0,-24.49993133544922
85.94501328468323,10.0,173.295,10.0,-24.491012573242188
85.98456764221191,10.0,173.227,10.0,-24.478605270385742
86.03440880775452,10.0,173.123,10.0,-24.464794158935547
86.06597423553467,10.0,172.873,10.0,-24.452964782714844
86.09740662574768,10.0,172.777,10.0,-24.439838409423828
86.13013052940369,10.0,172.731,10.0,-24.41421890258789
86.16183710098267,10.0,172.671,10.0,-24.402999877929688
86.19366431236267,10.0,172.574,10.0,-24.392860412597656
86.22659230232239,10.0,172.462,10.0,-24.383514404296875
86.25836515426636,10.0,172.358,10.0,-24.359519958496094
86.29072904586792,10.0,172.274,10.0,-24.34679412841797
86.32243061065674,10.0,172.192,10.0,-24.334579467773438
86.35565376281738,10.0,172.131,10.0,-24.315963745117188
86.38796806335449,10.0,172.071,10.0,-24.306865692138672
86.41931247711182,10.0,172.002,10.0,-24.297494888305664
86.45113372802734,10.0,171.812,10.0,-24.285850524902344
86.48367404937744,10.0,171.733,10.0,-24.26839828491211
86.5148458480835,10.0,171.667,10.0,-24.2586669921875
86.54731822013855,10.0,171.67,10.0,-24.248916625976562
86.57976031303406,10.0,171.64,10.0,-24.242046356201172
86.61207342147827,10.0,171.49,10.0,-24.22825050354004
86.64416837692261,10.0,171.372,10.0,-24.220073699951172
86.6779580116272,10.0,171.266,10.0,-24.209300994873047
86.70902419090271,10.0,171.213,10.0,-24.185819625854492
86.7424750328064,10.0,171.095,10.0,-24.174861907958984
86.76845359802246,10.0,171.051,10.0,-24.164772033691406
86.80694031715393,10.0,171.034,10.0,-24.14841079711914
86.83892798423767,10.0,170.976,10.0,-24.14089584350586
86.87080144882202,10.0,170.727,10.0,-24.13001251220703
86.90268754959106,10.0,170.637,10.0,-24.117237091064453
86.93553686141968,10.0,170.545,10.0,-24.09060287475586
86.98307156562805,10.0,170.471,10.0,-24.069366455078125
87.01498436927795,10.0,170.427,10.0,-24.060436248779297
87.04720330238342,10.0,170.354,10.0,-24.051015853881836
87.07913565635681,10.0,170.183,10.0,-24.040788650512695
87.11112761497498,10.0,170.085,10.0,-24.02172088623047
87.14365744590759,10.0,170.043,10.0,-24.01195526123047
87.17492651939392,10.0,169.977,10.0,-24.003175735473633
87.20713520050049,10.0,169.936,10.0,-23.986610412597656
87.23939895629883,10.0,169.914,10.0,-23.98067283630371
87.27215099334717,10.0,169.903,10.0,-23.975666046142578
87.3039824962616,10.0,169.864,10.0,-23.97182846069336
87.33602857589722,10.0,169.694,10.0,-23.961484909057617
87.36761689186096,10.0,169.608,10.0,-23.953468322753906
87.39972853660583,10.0,169.504,10.0,-23.94409942626953
87.43875670433044,10.0,169.429,10.0,-23.921594619750977
87.48048377037048,10.0,169.327,10.0,-23.91122817993164
87.51972150802612,10.0,169.062,10.0,-23.888160705566406
87.5521719455719,10.0,168.955,10.0,-23.873449325561523
87.58513474464417,10.0,168.909,10.0,-23.844791412353516
87.6158664226532,10.0,168.853,10.0,-23.83270263671875
87.64897990226746,10.0,168.791,10.0,-23.823104858398438
87.68097257614136,10.0,168.736,10.0,-23.814430236816406
87.71404576301575,10.0,168.693,10.0,-23.79814338684082
87.7458279132843,10.0,168.642,10.0,-23.79049301147461
87.7779541015625,10.0,168.551,10.0,-23.78510093688965
87.81060433387756,10.0,168.404,10.0,-23.769901275634766
87.8411283493042,10.0,168.302,10.0,-23.76068687438965
87.87302541732788,10.0,168.271,10.0,-23.749771118164062
87.88933491706848,10.0,168.217,10.0,-23.740520477294922
87.9218111038208,10.0,168.18,10.0,-23.73159408569336
87.95343899726868,10.0,168.154,10.0,-23.7236328125
87.98614311218262,10.0,167.943,10.0,-23.70798110961914
88.01785922050476,10.0,167.84,10.0,-23.696880340576172
88.05021619796753,10.0,167.752,10.0,-23.6844539642334
88.08257746696472,10.0,167.702,10.0,-23.67164421081543
88.11528015136719,10.0,167.661,10.0,-23.650047302246094
88.14683079719543,10.0,167.599,10.0,-23.641626358032227
88.18555307388306,10.0,167.545,10.0,-23.626638412475586
88.21784973144531,10.0,167.444,10.0,-23.617082595825195
88.24871492385864,10.0,167.21,10.0,-23.604820251464844
88.28142833709717,10.0,167.15,10.0,-23.591388702392578
88.31363677978516,10.0,167.089,10.0,-23.567394256591797
88.3456699848175,10.0,167.056,10.0,-23.557571411132812
88.3775680065155,10.0,167.025,10.0,-23.550514221191406
88.41081166267395,10.0,166.878,10.0,-23.53651237487793
88.44232296943665,10.0,166.795,10.0,-23.528322219848633
88.47495174407959,10.0,166.697,10.0,-23.51900863647461
88.50752639770508,10.0,166.64,10.0,-23.508193969726562
88.54024076461792,10.0,166.538,10.0,-23.488168716430664
88.57202243804932,10.0,166.524,10.0,-23.479190826416016
88.60429000854492,10.0,166.493,10.0,-23.472169876098633
88.63585209846497,10.0,166.456,10.0,-23.460063934326172
88.66789126396179,10.0,166.246,10.0,-23.452598571777344
88.70000529289246,10.0,166.072,10.0,-23.441883087158203
88.73221135139465,10.0,166.044,10.0,-23.4267635345459
88.76422357559204,10.0,166.043,10.0,-23.405269622802734
88.79648494720459,10.0,166.006,10.0,-23.397180557250977
88.82876920700073,10.0,165.888,10.0,-23.388744354248047
88.86795163154602,10.0,165.854,10.0,-23.37311363220215
88.89351892471313,10.0,165.772,10.0,-23.364486694335938
88.93224310874939,10.0,165.635,10.0,-23.355361938476562
88.9641981124878,10.0,165.535,10.0,-23.335012435913086
88.99617600440979,10.0,165.496,10.0,-23.327022552490234
89.02811527252197,10.0,165.463,10.0,-23.3196964263916
89.0623197555542,10.0,165.384,10.0,-23.30756187438965
89.09355068206787,10.0,165.287,10.0,-23.301372528076172
89.12644076347351,10.0,165.192,10.0,-23.29296875
89.15902018547058,10.0,165.09,10.0,-23.282930374145508
89.1899344921112,10.0,164.972,10.0,-23.25918197631836
89.22289896011353,10.0,164.936,10.0,-23.24895477294922
89.25461983680725,10.0,164.882,10.0,-23.24001693725586
89.28711462020874,10.0,164.866,10.0,-23.224409103393555
89.31814050674438,10.0,164.795,10.0,-23.21656036376953
89.3504114151001,10.0,164.632,10.0,-23.204120635986328
89.38324904441833,10.0,164.459,10.0,-23.194978713989258
89.41408395767212,10.0,164.415,10.0,-23.169063568115234
89.44679617881775,10.0,164.361,10.0,-23.157974243164062
89.47902321815491,10.0,164.298,10.0,-23.14911651611328
89.512460231781,10.0,164.284,10.0,-23.13452911376953
89.54308986663818,10.0,164.221,10.0,-23.1274356842041
89.58327794075012,10.0,164.067,10.0,-23.118621826171875
89.6164698600769,10.0,163.983,10.0,-23.10320281982422
89.64089107513428,10.0,163.934,10.0,-23.095169067382812
89.67269253730774,10.0,163.87,10.0,-23.087373733520508
89.70494365692139,10.0,163.823,10.0,-23.07912826538086
89.73848223686218,10.0,163.716,10.0,-23.063682556152344
89.76872229576111,10.0,163.662,10.0,-23.055734634399414
89.80056715011597,10.0,163.581,10.0,-23.047779083251953
89.83326458930969,10.0,163.492,10.0,-23.038679122924805
89.8662941455841,10.0,163.4,10.0,-23.01698112487793
89.89835238456726,10.0,163.269,10.0,-23.005584716796875
89.93085026741028,10.0,163.172,10.0,-22.99481201171875
89.96367168426514,10.0,163.158,10.0,-22.97358512878418
89.99461460113525,10.0,163.103,10.0,-22.964574813842773
90.02633118629456,10.0,162.983,10.0,-22.955629348754883
90.05840802192688,10.0,162.877,10.0,-22.94664764404297
90.09148859977722,10.0,162.807,10.0,-22.924875259399414
90.14000654220581,10.0,162.665,10.0,-22.90310287475586
90.17222690582275,10.0,162.641,10.0,-22.894187927246094
90.20472645759583,10.0,162.592,10.0,-22.885753631591797
90.23683166503906,10.0,162.49,10.0,-22.878061294555664
90.26864194869995,10.0,162.405,10.0,-22.864288330078125
90.3014063835144,10.0,162.334,10.0,-22.856781005859375
90.33480715751648,10.0,162.257,10.0,-22.84847640991211
90.37525796890259,10.0,162.139,10.0,-22.829984664916992
90.40654253959656,10.0,162.096,10.0,-22.820995330810547
90.43896865844727,10.0,162.072,10.0,-22.805774688720703
90.47050952911377,10.0,162.027,10.0,-22.799957275390625
90.50262665748596,10.0,161.986,10.0,-22.794954299926758
90.53517484664917,10.0,161.888,10.0,-22.789813995361328
90.56721806526184,10.0,161.776,10.0,-22.771968841552734
90.59864544868469,10.0,161.666,10.0,-22.76120376586914
90.63108396530151,10.0,161.585,10.0,-22.752017974853516
90.66359615325928,10.0,161.538,10.0,-22.732666015625
90.6941430568695,10.0,161.489,10.0,-22.723875045776367
90.72674250602722,10.0,161.444,10.0,-22.71564483642578
90.75825119018555,10.0,161.33,10.0,-22.706926345825195
90.79081344604492,10.0,161.286,10.0,-22.69089126586914
90.82271909713745,10.0,161.186,10.0,-22.681137084960938
90.85467982292175,10.0,161.158,10.0,-22.672874450683594
90.88703989982605,10.0,160.996,10.0,-22.666940689086914
90.9182333946228,10.0,160.983,10.0,-22.650096893310547
90.95008850097656,10.0,160.935,10.0,-22.643321990966797
90.982173204422,10.0,160.918,10.0,-22.636512756347656
90.9975597858429,10.0,160.869,10.0,-22.630970001220703
91.03400564193726,10.0,160.744,10.0,-22.625057220458984
91.07429504394531,10.0,160.551,10.0,-22.603857040405273
91.09909057617188,10.0,160.551,10.0,-22.59201431274414
91.1308605670929,10.0,160.375,10.0,-22.579477310180664
91.16350889205933,10.0,160.356,10.0,-22.556447982788086
91.19562935829163,10.0,160.273,10.0,-22.54553985595703
91.22788381576538,10.0,160.208,10.0,-22.534866333007812
91.26002883911133,10.0,160.054,10.0,-22.52437973022461
91.29195809364319,10.0,160.008,10.0,-22.502836227416992
91.32420372962952,10.0,159.943,10.0,-22.492733001708984
91.35649490356445,10.0,159.891,10.0,-22.48324966430664
91.39289569854736,10.0,159.803,10.0,-22.469566345214844
91.42092752456665,10.0,159.778,10.0,-22.463157653808594
91.45262336730957,10.0,159.762,10.0,-22.4576416015625
91.48508095741272,10.0,159.743,10.0,-22.45318031311035
91.51716637611389,10.0,159.627,10.0,-22.444766998291016
91.5485532283783,10.0,159.532,10.0,-22.438888549804688
91.58087873458862,10.0,159.439,10.0,-22.430770874023438
91.6126983165741,10.0,159.379,10.0,-22.421001434326172
91.64494132995605,10.0,159.328,10.0,-22.402164459228516
91.67700290679932,10.0,159.174,10.0,-22.39217758178711
91.71745181083679,10.0,159.119,10.0,-22.371807098388672
91.75681853294373,10.0,158.973,10.0,-22.36264419555664
91.78077459335327,10.0,158.915,10.0,-22.35181427001953
91.81253671646118,10.0,158.827,10.0,-22.341466903686523
91.84456872940063,10.0,158.755,10.0,-22.319005966186523
91.87615919113159,10.0,158.716,10.0,-22.309167861938477
91.90865445137024,10.0,158.677,10.0,-22.300621032714844
91.94037628173828,10.0,158.631,10.0,-22.294292449951172
91.97339129447937,10.0,158.605,10.0,-22.28242301940918
92.00432300567627,10.0,158.535,10.0,-22.27861213684082
92.03637862205505,10.0,158.431,10.0,-22.273170471191406
92.06837248802185,10.0,158.252,10.0,-22.255550384521484
92.10007333755493,10.0,158.173,10.0,-22.244747161865234
92.13233733177185,10.0,158.133,10.0,-22.233510971069336
92.1642496585846,10.0,158.094,10.0,-22.22359275817871
92.19688725471497,10.0,158.021,10.0,-22.20785140991211
92.22875547409058,10.0,157.941,10.0,-22.20041847229004
92.26069903373718,10.0,157.85,10.0,-22.19176483154297
92.29387402534485,10.0,157.664,10.0,-22.166561126708984
92.32552123069763,10.0,157.581,10.0,-22.152719497680664
92.34374213218689,10.0,157.581,10.0,-22.14162254333496
92.37323093414307,10.0,157.56,10.0,-22.132661819458008
92.41678810119629,10.0,157.514,10.0,-22.119091033935547
92.44817924499512,10.0,157.48,10.0,-22.113372802734375
92.47235560417175,10.0,157.443,10.0,-22.10787582397461
92.50382280349731,10.0,157.335,10.0,-22.09955596923828
92.5355908870697,10.0,157.143,10.0,-22.090347290039062
92.56721043586731,10.0,157.063,10.0,-22.078855514526367
92.59939050674438,10.0,157.049,10.0,-22.058443069458008
92.63230609893799,10.0,157.017,10.0,-22.051658630371094
92.66419839859009,10.0,156.993,10.0,-22.04554557800293
92.69584608078003,10.0,156.906,10.0,-22.034934997558594
92.72841238975525,10.0,156.834,10.0,-22.029315948486328
92.75984287261963,10.0,156.765,10.0,-22.02237892150879
92.79205131530762,10.0,156.709,10.0,-22.014541625976562
92.82576084136963,10.0,156.556,10.0,-21.997692108154297
92.85771989822388,10.0,156.534,10.0,-21.987945556640625
92.88935828208923,10.0,156.499,10.0,-21.97991371154785
92.92079544067383,10.0,156.471,10.0,-21.96631622314453
92.95280861854553,10.0,156.358,10.0,-21.958934783935547
92.98502254486084,10.0,156.309,10.0,-21.951801300048828
93.01676845550537,10.0,156.225,10.0,-21.944644927978516
93.04854774475098,10.0,156.136,10.0,-21.925996780395508
93.08057761192322,10.0,156.015,10.0,-21.913602828979492
93.11256980895996,10.0,155.896,10.0,-21.901050567626953
93.15084552764893,10.0,155.879,10.0,-21.88155746459961
93.17675399780273,10.0,155.875,10.0,-21.875173568725586
93.20768284797668,10.0,155.832,10.0,-21.868892669677734
93.23997235298157,10.0,155.714,10.0,-21.862979888916016
93.2721037864685,10.0,155.603,10.0,-21.852643966674805
93.30392456054688,10.0,155.534,10.0,-21.843603134155273
93.3350830078125,10.0,155.436,10.0,-21.834135055541992
93.37073087692261,10.0,155.382,10.0,-21.812774658203125
93.39967584609985,10.0,155.316,10.0,-21.803829193115234
93.43153262138367,10.0,155.311,10.0,-21.79597282409668
93.46337056159973,10.0,155.299,10.0,-21.790136337280273
93.49519872665405,10.0,155.301,10.0,-21.782535552978516
93.5266923904419,10.0,155.233,10.0,-21.777755737304688
93.55896997451782,10.0,154.977,10.0,-21.76799201965332
93.59082102775574,10.0,154.926,10.0,-21.756559371948242
93.60737633705139,10.0,154.871,10.0,-21.745986938476562
93.63862228393555,10.0,154.833,10.0,-21.735923767089844
93.67070198059082,10.0,154.787,10.0,-21.718564987182617
93.7025854587555,10.0,154.765,10.0,-21.71157455444336
93.73447918891907,10.0,154.732,10.0,-21.705219268798828
93.76666450500488,10.0,154.65,10.0,-21.698257446289062
93.81503963470459,10.0,154.479,10.0,-21.685148239135742
93.85821628570557,10.0,154.432,10.0,-21.669076919555664
93.89011359214783,10.0,154.333,10.0,-21.662281036376953
93.92108654975891,10.0,154.23,10.0,-21.643882751464844
93.95363903045654,10.0,154.194,10.0,-21.635562896728516
93.98581671714783,10.0,154.189,10.0,-21.628040313720703
94.02216577529907,10.0,154.171,10.0,-21.61776351928711
94.04956889152527,10.0,154.147,10.0,-21.614429473876953
94.08135032653809,10.0,154.098,10.0,-21.611364364624023
94.11419153213501,10.0,153.924,10.0,-21.60731315612793
94.14604687690735,10.0,153.822,10.0,-21.585533142089844
94.17811751365662,10.0,153.696,10.0,-21.573333740234375
94.20994806289673,10.0,153.666,10.0,-21.56253433227539
94.24196314811707,10.0,153.631,10.0,-21.55333709716797
94.27405762672424,10.0,153.61,10.0,-21.538410186767578
94.3060212135315,10.0,153.54,10.0,-21.530658721923828
94.3377959728241,10.0,153.394,10.0,-21.522274017333984
94.37065410614014,10.0,153.276,10.0,-21.501110076904297
94.402672290802,10.0,153.229,10.0,-21.49045753479004
94.43576121330261,10.0,153.167,10.0,-21.48006248474121
94.46716547012329,10.0,153.127,10.0,-21.470802307128906
94.49930214881897,10.0,153.099,10.0,-21.45907974243164
94.53441643714905,10.0,153.079,10.0,-21.454763412475586
94.56627011299133,10.0,153.057,10.0,-21.45101547241211
94.60702204704285,10.0,152.911,10.0,-21.44344711303711
94.63882160186768,10.0,152.832,10.0,-21.436416625976562
94.67421078681946,10.0,152.756,10.0,-21.418758392333984
94.70215344429016,10.0,152.565,10.0,-21.406383514404297
94.73400926589966,10.0,152.528,10.0,-21.394779205322266
94.76590991020203,10.0,152.512,10.0,-21.38467025756836
94.79983735084534,10.0,152.481,10.0,-21.3695125579834
94.82989931106567,10.0,152.443,10.0,-21.362857818603516
94.86235094070435,10.0,152.245,10.0,-21.353647232055664
94.8991219997406,10.0,152.16,10.0,-21.33186149597168
94.92624974250793,10.0,152.078,10.0,-21.320148468017578
94.95876336097717,10.0,152.045,10.0,-21.310161590576172
94.99037909507751,10.0,151.961,10.0,-21.301097869873047
95.02612805366516,10.0,151.948,10.0,-21.286367416381836
95.05547285079956,10.0,151.952,10.0,-21.28199577331543
95.08695363998413,10.0,151.952,10.0,-21.279064178466797
95.11936902999878,10.0,151.905,10.0,-21.27680778503418
95.15142774581909,10.0,151.796,10.0,-21.27208137512207
95.1832845211029,10.0,151.702,10.0,-21.26645278930664
95.21438550949097,10.0,151.661,10.0,-21.258514404296875
95.23872113227844,10.0,151.569,10.0,-21.25101089477539
95.26789140701294,10.0,151.559,10.0,-21.241710662841797
95.3172402381897,10.0,151.428,10.0,-21.227100372314453
95.34897327423096,10.0,151.434,10.0,-21.21233558654785
95.38078451156616,10.0,151.286,10.0,-21.205284118652344
95.41290426254272,10.0,151.201,10.0,-21.19672393798828
95.44495034217834,10.0,151.13,10.0,-21.18691635131836
95.47682857513428,10.0,151.053,10.0,-21.166030883789062
95.50856471061707,10.0,150.927,10.0,-21.155643463134766
95.54061460494995,10.0,150.92,10.0,-21.145259857177734
95.57286429405212,10.0,150.903,10.0,-21.137365341186523
95.60571146011353,10.0,150.882,10.0,-21.125591278076172
95.6374990940094,10.0,150.831,10.0,-21.121171951293945
95.66932463645935,10.0,150.828,10.0,-21.116697311401367
95.7022533416748,10.0,150.793,10.0,-21.109954833984375
95.73345255851746,10.0,150.712,10.0,-21.104177474975586
95.7659056186676,10.0,150.639,10.0,-21.09700584411621
95.79770517349243,10.0,150.425,10.0,-21.08598518371582
95.8299446105957,10.0,150.396,10.0,-21.06875228881836
95.8614330291748,10.0,150.351,10.0,-21.060897827148438
95.89483761787415,10.0,150.364,10.0,-21.053325653076172
95.92579460144043,10.0,150.283,10.0,-21.043182373046875
95.96522426605225,10.0,150.21,10.0,-21.037925720214844
95.99154758453369,10.0,150.138,10.0,-21.031166076660156
96.01641082763672,10.0,150.007,10.0,-21.023284912109375
96.04739665985107,10.0,149.973,10.0,-21.01205825805664
96.08002638816833,10.0,149.907,10.0,-20.99242401123047
96.11207318305969,10.0,149.802,10.0,-20.981975555419922
96.14504194259644,10.0,149.765,10.0,-20.97308921813965
96.17627573013306,10.0,149.752,10.0,-20.958763122558594
96.20891571044922,10.0,149.703,10.0,-20.952239990234375
96.24064087867737,10.0,149.638,10.0,-20.946640014648438
96.2723753452301,10.0,149.571,10.0,-20.94095230102539
96.30506825447083,10.0,149.513,10.0,-20.926830291748047
96.33761525154114,10.0,149.45,10.0,-20.91892433166504
96.36952137947083,10.0,149.302,10.0,-20.910390853881836
96.40203094482422,10.0,149.278,10.0,-20.892759323120117
96.4334282875061,10.0,149.22,10.0,-20.88695526123047
96.4652349948883,10.0,149.157,10.0,-20.880435943603516
96.49746513366699,10.0,149.155,10.0,-20.873149871826172
96.52934622764587,10.0,148.983,10.0,-20.861040115356445
96.56129670143127,10.0,148.944,10.0,-20.852022171020508
96.59325504302979,10.0,148.848,10.0,-20.843799591064453
96.62557554244995,10.0,148.813,10.0,-20.833805084228516
96.66710019111633,10.0,148.69,10.0,-20.8171443939209
96.69257092475891,10.0,148.646,10.0,-20.807777404785156
96.73225212097168,10.0,148.654,10.0,-20.793148040771484
96.76358246803284,10.0,148.612,10.0,-20.787071228027344
96.79512596130371,10.0,148.57,10.0,-20.782907485961914
96.82812404632568,10.0,148.507,10.0,-20.772520065307617
96.8584725856781,10.0,148.482,10.0,-20.767364501953125
96.89107489585876,10.0,148.368,10.0,-20.761232376098633
96.92276501655579,10.0,148.295,10.0,-20.75459098815918
96.95446372032166,10.0,148.248,10.0,-20.739097595214844
96.98623847961426,10.0,148.171,10.0,-20.730308532714844
97.01795101165771,10.0,148.106,10.0,-20.721160888671875
97.05015635490417,10.0,148.03,10.0,-20.713586807250977
97.08246874809265,10.0,148.0,10.0,-20.69892120361328
97.11400175094604,10.0,147.978,10.0,-20.693984985351562
97.14641809463501,10.0,147.91,10.0,-20.68962860107422
97.18074703216553,10.0,147.78,10.0,-20.677518844604492
97.21085715293884,10.0,147.698,10.0,-20.669681549072266
97.24319672584534,10.0,147.642,10.0,-20.66054344177246
97.27442145347595,10.0,147.577,10.0,-20.65149688720703
97.30618405342102,10.0,147.511,10.0,-20.633756637573242
97.33787035942078,10.0,147.471,10.0,-20.626440048217773
97.38096785545349,10.0,147.457,10.0,-20.61393165588379
97.41112518310547,10.0,147.339,10.0,-20.60804557800293
97.45485806465149,10.0,147.269,10.0,-20.59280776977539
97.48332023620605,10.0,147.191,10.0,-20.583662033081055
97.51479816436768,10.0,147.042,10.0,-20.573575973510742
97.54655623435974,10.0,147.011,10.0,-20.563316345214844
97.57915997505188,10.0,146.962,10.0,-20.5460205078125
97.61041712760925,10.0,146.966,10.0,-20.540056228637695
97.64250326156616,10.0,146.921,10.0,-20.53396987915039
97.67892861366272,10.0,146.825,10.0,-20.5213565826416
97.70683932304382,10.0,146.716,10.0,-20.51211166381836
97.73853349685669,10.0,146.639,10.0,-20.50212860107422
97.77086567878723,10.0,146.572,10.0,-20.494815826416016
97.80743598937988,10.0,146.471,10.0,-20.478164672851562
97.83485913276672,10.0,146.473,10.0,-20.470462799072266
97.8668761253357,10.0,146.454,10.0,-20.465007781982422
97.89950442314148,10.0,146.426,10.0,-20.460399627685547
97.93167519569397,10.0,146.388,10.0,-20.453598022460938
97.96309566497803,10.0,146.334,10.0,-20.449966430664062
97.99558544158936,10.0,146.277,10.0,-20.44525146484375
98.03119492530823,10.0,146.232,10.0,-20.433612823486328
98.05837488174438,10.0,146.143,10.0,-20.42561912536621
98.08372616767883,10.0,146.069,10.0,-20.41667366027832
98.1142065525055,10.0,145.911,10.0,-20.40599250793457
98.13970279693604,10.0,145.881,10.0,-20.39557647705078
98.17060828208923,10.0,145.876,10.0,-20.386638641357422
98.20327305793762,10.0,145.848,10.0,-20.37390899658203
98.23508477210999,10.0,145.826,10.0,-20.368736267089844
98.26750111579895,10.0,145.774,10.0,-20.362932205200195
98.29953360557556,10.0,145.661,10.0,-20.356088638305664
98.33249926567078,10.0,145.581,10.0,-20.340797424316406
98.3638653755188,10.0,145.498,10.0,-20.331226348876953
98.39559864997864,10.0,145.414,10.0,-20.3206787109375
98.42793893814087,10.0,145.312,10.0,-20.310436248779297
98.46150088310242,10.0,145.31,10.0,-20.295705795288086
98.49216675758362,10.0,145.295,10.0,-20.290451049804688
98.52406096458435,10.0,145.286,10.0,-20.28615951538086
98.55626821517944,10.0,145.189,10.0,-20.278867721557617
98.58826041221619,10.0,145.151,10.0,-20.27388572692871
98.62145328521729,10.0,145.046,10.0,-20.26879119873047
98.65357804298401,10.0,144.93,10.0,-20.250083923339844
98.70095157623291,10.0,144.812,10.0,-20.238677978515625
98.73312854766846,10.0,144.771,10.0,-20.21976661682129
98.76529121398926,10.0,144.751,10.0,-20.212533950805664
98.79789876937866,10.0,144.736,10.0,-20.207172393798828
98.8280041217804,10.0,144.727,10.0,-20.20279312133789
98.86802530288696,10.0,144.581,10.0,-20.19390106201172
98.90130949020386,10.0,144.51,10.0,-20.187145233154297
98.93305325508118,10.0,144.403,10.0,-20.169103622436523
98.9640622138977,10.0,144.385,10.0,-20.160831451416016
98.99715876579285,10.0,144.276,10.0,-20.152130126953125
99.01444554328918,10.0,144.276,10.0,-20.143896102905273
99.04527759552002,10.0,144.252,10.0,-20.136911392211914
99.07743334770203,10.0,144.208,10.0,-20.13013458251953
99.10882616043091,10.0,144.207,10.0,-20.121767044067383
99.14148259162903,10.0,144.203,10.0,-20.119441986083984
99.17310738563538,10.0,144.187,10.0,-20.11783218383789
99.20605850219727,10.0,144.066,10.0,-20.116254806518555
99.2389452457428,10.0,143.986,10.0,-20.108810424804688
99.2704689502716,10.0,143.774,10.0,-20.101762771606445
99.30307793617249,10.0,143.733,10.0,-20.087711334228516
99.33479404449463,10.0,143.681,10.0,-20.06411361694336
99.36644792556763,10.0,143.643,10.0,-20.054920196533203
99.39888596534729,10.0,143.611,10.0,-20.04738998413086
99.43078708648682,10.0,143.587,10.0,-20.040607452392578
99.46390175819397,10.0,143.564,10.0,-20.029613494873047
99.50239849090576,10.0,143.486,10.0,-20.02421760559082
99.53428363800049,10.0,143.433,10.0,-20.012998580932617
99.57054162025452,10.0,143.349,10.0,-20.005231857299805
99.6007490158081,10.0,143.178,10.0,-19.99547004699707
99.6330189704895,10.0,143.124,10.0,-19.975400924682617
99.66542434692383,10.0,143.087,10.0,-19.966644287109375
99.6977550983429,10.0,143.086,10.0,-19.960224151611328
99.72839403152466,10.0,143.046,10.0,-19.955656051635742
99.76065254211426,10.0,143.013,10.0,-19.94832420349121
99.79351687431335,10.0,142.99,10.0,-19.944517135620117
99.82483792304993,10.0,142.917,10.0,-19.940959930419922
99.856862783432,10.0,142.867,10.0,-19.935483932495117
99.88975596427917,10.0,142.638,10.0,-19.918041229248047
99.92140650749207,10.0,142.573,10.0,-19.907054901123047
99.95273566246033,10.0,142.523,10.0,-19.896188735961914
99.98560738563538,10.0,142.514,10.0,-19.87824249267578
100.01770663261414,10.0,142.447,10.0,-19.87116050720215
100.04977869987488,10.0,142.39,10.0,-19.86469268798828
100.08118724822998,10.0,142.331,10.0,-19.857688903808594
100.11476516723633,10.0,142.254,10.0,-19.841541290283203
100.14474105834961,10.0,142.11,10.0,-19.831764221191406
100.1771183013916,10.0,142.041,10.0,-19.822040557861328
100.21749305725098,10.0,142.001,10.0,-19.803030014038086
100.2504723072052,10.0,141.959,10.0,-19.795230865478516
100.29069018363953,10.0,141.952,10.0,-19.784523010253906
100.32241129875183,10.0,141.955,10.0,-19.781503677368164
100.3539457321167,10.0,141.911,10.0,-19.779144287109375
100.38648843765259,10.0,141.867,10.0,-19.7744083404541
100.41901469230652,10.0,141.803,10.0,-19.771465301513672
100.43572688102722,10.0,141.702,10.0,-19.76683235168457
100.46763777732849,10.0,141.65,10.0,-19.75933074951172
100.49860262870789,10.0,141.56,10.0,-19.751663208007812
100.5306978225708,10.0,141.49,10.0,-19.742280960083008
100.56209945678711,10.0,141.372,10.0,-19.720399856567383
100.5947916507721,10.0,141.335,10.0,-19.711257934570312
100.62685656547546,10.0,141.34,10.0,-19.703012466430664
100.66174292564392,10.0,141.321,10.0,-19.692344665527344
100.69153952598572,10.0,141.254,10.0,-19.68613052368164
100.72414493560791,10.0,141.128,10.0,-19.680395126342773
100.75610375404358,10.0,141.077,10.0,-19.672338485717773
100.78824186325073,10.0,141.017,10.0,-19.65599822998047
100.82031083106995,10.0,140.954,10.0,-19.647281646728516
100.85252976417542,10.0,140.873,10.0,-19.639158248901367
100.88631558418274,10.0,140.859,10.0,-19.625598907470703
100.9163715839386,10.0,140.85,10.0,-19.620946884155273
100.94970726966858,10.0,140.85,10.0,-19.61772918701172
100.99145698547363,10.0,140.804,10.0,-19.612903594970703
101.02206373214722,10.0,140.753,10.0,-19.610633850097656
101.0550000667572,10.0,140.678,10.0,-19.607057571411133
101.08731818199158,10.0,140.527,10.0,-19.594398498535156
101.1188395023346,10.0,140.487,10.0,-19.585933685302734
101.15114998817444,10.0,140.367,10.0,-19.578022003173828
101.18361067771912,10.0,140.334,10.0,-19.567188262939453
101.21606659889221,10.0,140.257,10.0,-19.548173904418945
101.24755668640137,10.0,140.206,10.0,-19.5405330657959
101.27983260154724,10.0,140.167,10.0,-19.532852172851562
101.31179356575012,10.0,140.123,10.0,-19.518596649169922
101.34459376335144,10.0,140.056,10.0,-19.51070785522461
101.37664222717285,10.0,139.901,10.0,-19.502126693725586
101.40850377082825,10.0,139.829,10.0,-19.492218017578125
101.44073224067688,10.0,139.757,10.0,-19.471332550048828
101.47262024879456,10.0,139.736,10.0,-19.462671279907227
101.50420355796814,10.0,139.682,10.0,-19.454627990722656
101.53806853294373,10.0,139.683,10.0,-19.44390296936035
101.56794857978821,10.0,139.681,10.0,-19.440807342529297
101.59952449798584,10.0,139.688,10.0,-19.438806533813477
101.63233828544617,10.0,139.659,10.0,-19.43792724609375
101.66561126708984,10.0,139.57,10.0,-19.433795928955078
101.69925570487976,10.0,139.508,10.0,-19.430097579956055
101.72544836997986,10.0,139.442,10.0,-19.42494010925293
101.74896931648254,10.0,139.347,10.0,-19.418481826782227
101.78051090240479,10.0,139.239,10.0,-19.40979766845703
101.81296801567078,10.0,139.185,10.0,-19.38828468322754
101.84357070922852,10.0,139.151,10.0,-19.380617141723633
101.88221073150635,10.0,139.144,10.0,-19.373613357543945
101.91400122642517,10.0,139.121,10.0,-19.363502502441406
101.94532322883606,10.0,139.036,10.0,-19.359037399291992
101.97771549224854,10.0,138.981,10.0,-19.353490829467773
102.00331473350525,10.0,138.958,10.0,-19.347225189208984
102.0328426361084,10.0,138.883,10.0,-19.341747283935547
102.06404852867126,10.0,138.814,10.0,-19.326675415039062
102.09730625152588,10.0,138.73,10.0,-19.317283630371094
102.12914705276489,10.0,138.622,10.0,-19.307594299316406
102.15751266479492,10.0,138.604,10.0,-19.298694610595703
102.19897437095642,10.0,138.61,10.0,-19.28642463684082
102.23033118247986,10.0,138.566,10.0,-19.2814998626709
102.25691676139832,10.0,138.561,10.0,-19.277631759643555
102.2818820476532,10.0,138.479,10.0,-19.274782180786133
102.31281781196594,10.0,138.4,10.0,-19.26238250732422
102.34455132484436,10.0,138.318,10.0,-19.253786087036133
102.38335299491882,10.0,138.135,10.0,-19.242019653320312
102.41337323188782,10.0,138.101,10.0,-19.224645614624023
102.44896292686462,10.0,138.06,10.0,-19.216920852661133
102.4771728515625,10.0,138.044,10.0,-19.20960235595703
102.51939392089844,10.0,137.922,10.0,-19.19610595703125
102.55026769638062,10.0,137.885,10.0,-19.1888427734375
102.58229184150696,10.0,137.838,10.0,-19.182048797607422
102.61415839195251,10.0,137.784,10.0,-19.16800880432129
102.64655804634094,10.0,137.611,10.0,-19.159969329833984
102.6788022518158,10.0,137.566,10.0,-19.149723052978516
102.71080660820007,10.0,137.518,10.0,-19.140295028686523
102.73609447479248,10.0,137.478,10.0,-19.131383895874023
102.77451992034912,10.0,137.457,10.0,-19.117050170898438
102.80572533607483,10.0,137.45,10.0,-19.112058639526367
102.83914756774902,10.0,137.465,10.0,-19.106407165527344
102.87014031410217,10.0,137.441,10.0,-19.10430335998535
102.90295600891113,10.0,137.431,10.0,-19.10260581970215
102.91913294792175,10.0,137.41,10.0,-19.10074234008789
102.9512095451355,10.0,137.346,10.0,-19.0969295501709
102.98288106918335,10.0,137.188,10.0,-19.092395782470703
103.01875567436218,10.0,137.107,10.0,-19.075193405151367
103.05002927780151,10.0,137.043,10.0,-19.068349838256836
103.09009194374084,10.0,137.022,10.0,-19.053958892822266
103.12129139900208,10.0,136.982,10.0,-19.049331665039062
103.15412020683289,10.0,136.969,10.0,-19.044401168823242
103.18595361709595,10.0,136.923,10.0,-19.040363311767578
103.21836233139038,10.0,136.817,10.0,-19.030424118041992
103.25792217254639,10.0,136.758,10.0,-19.024105072021484
103.2824079990387,10.0,136.67,10.0,-19.017045974731445
103.31570792198181,10.0,136.623,10.0,-18.999706268310547
103.3411283493042,10.0,136.56,10.0,-18.99081802368164
103.37822198867798,10.0,136.447,10.0,-18.98109245300293
103.41864514350891,10.0,136.425,10.0,-18.965055465698242
103.46648526191711,10.0,136.397,10.0,-18.95424461364746
103.49907088279724,10.0,136.383,10.0,-18.950363159179688
103.53067779541016,10.0,136.329,10.0,-18.946155548095703
103.5713837146759,10.0,136.291,10.0,-18.938457489013672
103.60285067558289,10.0,136.242,10.0,-18.933574676513672
103.63503623008728,10.0,136.114,10.0,-18.928686141967773
103.66633415222168,10.0,136.052,10.0,-18.913246154785156
103.69929647445679,10.0,135.96,10.0,-18.90349578857422
103.7312741279602,10.0,135.882,10.0,-18.896286010742188
103.76005148887634,10.0,135.85,10.0,-18.887775421142578
103.78001117706299,10.0,135.798,10.0,-18.88019371032715
103.8180501461029,10.0,135.788,10.0,-18.866483688354492
103.85508704185486,10.0,135.682,10.0,-18.859458923339844
103.89166140556335,10.0,135.64,10.0,-18.845989227294922
103.91914010047913,10.0,135.642,10.0,-18.84127426147461
103.95253586769104,0.0,135.504,0.0,-19.133739471435547
103.98385882377625,0.0,135.426,0.0,-19.366708755493164
104.01548433303833,0.0,135.338,0.0,-19.69414520263672
104.04855537414551,0.0,135.324,0.0,-19.809221267700195
104.08098912239075,0.0,135.303,0.0,-19.901065826416016
104.11079907417297,0.0,135.306,0.0,-19.975004196166992
104.14317226409912,0.0,135.298,0.0,-20.08269691467285
104.17411303520203,0.0,135.277,0.0,-20.120559692382812
104.20714044570923,0.0,135.28,0.0,-20.1513671875
104.23934555053711,0.0,135.174,0.0,-20.175058364868164
104.27187132835388,0.0,135.084,0.0,-20.200759887695312
104.30276203155518,0.0,134.996,0.0,-20.208871841430664
104.34215927124023,0.0,134.879,0.0,-20.21162986755371
104.37457180023193,0.0,134.793,0.0,-20.21041488647461
104.40602588653564,0.0,134.777,0.0,-20.206357955932617
104.43796753883362,0.0,134.741,0.0,-20.20301628112793
104.47034573554993,0.0,134.716,0.0,-20.196264266967773
104.50278449058533,0.0,134.68,0.0,-20.193939208984375
104.53552985191345,0.0,134.668,0.0,-20.191022872924805
104.56749558448792,0.0,134.643,0.0,-20.186105728149414
104.5999984741211,0.0,134.536,0.0,-20.182388305664062
104.63251161575317,0.0,134.461,0.0,-20.177448272705078
104.6637499332428,0.0,134.378,0.0,-20.170801162719727
104.69464063644409,0.0,134.289,0.0,-20.152664184570312
104.72654414176941,0.0,134.242,0.0,-20.14342498779297
104.75846433639526,0.0,134.192,0.0,-20.135244369506836
104.79249620437622,0.0,134.199,0.0,-20.12405014038086
104.82387018203735,0.0,134.202,0.0,-20.12104606628418
104.85088396072388,0.0,134.187,0.0,-20.118436813354492
104.87685585021973,0.0,134.162,0.0,-20.115699768066406
104.90879392623901,0.0,134.14,0.0,-20.112979888916016
104.94413828849792,0.0,134.074,0.0,-20.10819435119629
104.97285318374634,0.0,134.006,0.0,-20.105281829833984
105.00508761405945,0.0,133.957,0.0,-20.100446701049805
105.04262852668762,0.0,133.881,0.0,-20.08771514892578
105.06992650032043,0.0,133.701,0.0,-20.07927131652832
105.10214853286743,0.0,133.688,0.0,-20.068614959716797
105.13464426994324,0.0,133.65,0.0,-20.06012535095215
105.17054271697998,0.0,133.643,0.0,-20.046241760253906
105.2000560760498,0.0,133.602,0.0,-20.041183471679688
105.21980667114258,0.0,133.602,0.0,-20.036590576171875
105.2560465335846,0.0,133.52,0.0,-20.032011032104492
105.28735566139221,0.0,133.438,0.0,-20.02668571472168
105.31997060775757,0.0,133.341,0.0,-20.01006317138672
105.35133504867554,0.0,133.28,0.0,-20.000577926635742
105.38304352760315,0.0,133.169,0.0,-19.991058349609375
105.42027187347412,0.0,133.149,0.0,-19.974334716796875
105.44667935371399,0.0,133.093,0.0,-19.96649742126465
105.47959232330322,0.0,133.081,0.0,-19.960298538208008
105.51147413253784,0.0,133.075,0.0,-19.955873489379883
105.54326486587524,0.0,133.09,0.0,-19.950979232788086
105.57636332511902,0.0,133.078,0.0,-19.949588775634766
105.60768508911133,0.0,133.069,0.0,-19.948827743530273
105.63986420631409,0.0,133.065,0.0,-19.94816017150879
105.67191553115845,0.0,132.977,0.0,-19.94640350341797
105.70411944389343,0.0,132.884,0.0,-19.943208694458008
105.73591113090515,0.0,132.654,0.0,-19.937070846557617
105.76851105690002,0.0,132.598,0.0,-19.909852981567383
105.80067825317383,0.0,132.542,0.0,-19.898080825805664
105.83244347572327,0.0,132.522,0.0,-19.888917922973633
105.86511588096619,0.0,132.506,0.0,-19.881328582763672
105.89908623695374,0.0,132.49,0.0,-19.870012283325195
105.9309093952179,0.0,132.423,0.0,-19.864171981811523
105.9618592262268,0.0,132.328,0.0,-19.859405517578125
105.99414777755737,0.0,132.271,0.0,-19.844329833984375
106.02729558944702,0.0,132.233,0.0,-19.83709144592285
106.05780339241028,0.0,132.116,0.0,-19.82822608947754
106.08989024162292,0.0,132.069,0.0,-19.820417404174805
106.12269425392151,0.0,132.026,0.0,-19.80539321899414
106.15434193611145,0.0,132.008,0.0,-19.79930305480957
106.18690848350525,0.0,131.995,0.0,-19.794410705566406
106.2182104587555,0.0,131.975,0.0,-19.787885665893555
106.25075578689575,0.0,131.957,0.0,-19.785783767700195
106.2817656993866,0.0,131.945,0.0,-19.783723831176758
106.31347346305847,0.0,131.955,0.0,-19.781932830810547
106.34527349472046,0.0,131.795,0.0,-19.779165267944336
106.37673020362854,0.0,131.688,0.0,-19.772937774658203
106.40792322158813,0.0,131.577,0.0,-19.763887405395508
106.44271516799927,0.0,131.484,0.0,-19.75249671936035
106.4743583202362,0.0,131.436,0.0,-19.730648040771484
106.50658321380615,0.0,131.424,0.0,-19.721803665161133
106.53890442848206,0.0,131.41,0.0,-19.71480369567871
106.56377625465393,0.0,131.393,0.0,-19.709152221679688
106.59484457969666,0.0,131.384,0.0,-19.700719833374023
106.63228058815002,0.0,131.31,0.0,-19.69731330871582
106.66342759132385,0.0,131.238,0.0,-19.692777633666992
106.69593548774719,0.0,131.163,0.0,-19.67892074584961
106.7281596660614,0.0,131.096,0.0,-19.670515060424805
106.76059126853943,0.0,130.995,0.0,-19.662199020385742
106.79543590545654,0.0,130.97,0.0,-19.646957397460938
106.82460165023804,0.0,130.923,0.0,-19.639883041381836
106.85636854171753,0.0,130.909,0.0,-19.6347599029541
106.88863015174866,0.0,130.894,0.0,-19.630558013916016
106.9195122718811,0.0,130.88,0.0,-19.624359130859375
106.95235991477966,0.0,130.873,0.0,-19.622285842895508
106.99597501754761,0.0,130.823,0.0,-19.61966896057129
107.0264630317688,0.0,130.743,0.0,-19.61713409423828
107.05900168418884,0.0,130.677,0.0,-19.612075805664062
107.09525489807129,0.0,130.574,0.0,-19.596616744995117
107.12293100357056,0.0,130.504,0.0,-19.586963653564453
107.15479278564453,0.0,130.416,0.0,-19.57781219482422
107.18755722045898,0.0,130.377,0.0,-19.569316864013672
107.21917366981506,0.0,130.367,0.0,-19.55522346496582
107.25034070014954,0.0,130.355,0.0,-19.550251007080078
107.28269481658936,0.0,130.331,0.0,-19.54572296142578
107.31997036933899,0.0,130.341,0.0,-19.541202545166016
107.35371947288513,0.0,130.324,0.0,-19.53936004638672
107.38823699951172,0.0,130.264,0.0,-19.536958694458008
107.4336085319519,0.0,130.211,0.0,-19.532175064086914
107.46503782272339,0.0,130.149,0.0,-19.528701782226562
107.50681018829346,0.0,129.98,0.0,-19.517269134521484
107.53229331970215,0.0,129.911,0.0,-19.508209228515625
107.56444215774536,0.0,129.861,0.0,-19.498563766479492
107.59620380401611,0.0,129.803,0.0,-19.481304168701172
107.62811422348022,0.0,129.788,0.0,-19.474096298217773
107.66034388542175,0.0,129.758,0.0,-19.468202590942383
107.69179654121399,0.0,129.737,0.0,-19.46269989013672
107.72453951835632,0.0,129.679,0.0,-19.4520206451416
107.75646305084229,0.0,129.566,0.0,-19.44427490234375
107.7884213924408,0.0,129.528,0.0,-19.4373779296875
107.8207790851593,0.0,129.453,0.0,-19.422828674316406
107.85219073295593,0.0,129.415,0.0,-19.41541862487793
107.88501930236816,0.0,129.278,0.0,-19.40745735168457
107.91655898094177,0.0,129.273,0.0,-19.39844512939453
107.94844198226929,0.0,129.28,0.0,-19.386974334716797
107.98005676269531,0.0,129.242,0.0,-19.382139205932617
108.01602935791016,0.0,129.238,0.0,-19.378742218017578
108.05701518058777,0.0,129.168,0.0,-19.375211715698242
108.08152365684509,0.0,129.149,0.0,-19.371231079101562
108.11458659172058,0.0,129.092,0.0,-19.367645263671875
108.14664506912231,0.0,129.01,0.0,-19.357421875
108.17850637435913,0.0,128.863,0.0,-19.35197639465332
108.21091771125793,0.0,128.788,0.0,-19.341873168945312
108.24526691436768,0.0,128.743,0.0,-19.321365356445312
108.27457332611084,0.0,128.724,0.0,-19.31328773498535
108.3064136505127,0.0,128.699,0.0,-19.306665420532227
108.33869242668152,0.0,128.7,0.0,-19.30154800415039
108.37269449234009,0.0,128.695,0.0,-19.295326232910156
108.40205478668213,0.0,128.679,0.0,-19.292930603027344
108.43469405174255,0.0,128.611,0.0,-19.29029083251953
108.47136759757996,0.0,128.578,0.0,-19.2829647064209
108.4990587234497,0.0,128.55,0.0,-19.279115676879883
108.53043103218079,0.0,128.491,0.0,-19.273935317993164
108.5626950263977,0.0,128.439,0.0,-19.268016815185547
108.59819531440735,0.0,128.284,0.0,-19.257381439208984
108.62749099731445,0.0,128.235,0.0,-19.24952507019043
108.66076970100403,0.0,128.214,0.0,-19.241670608520508
108.69663143157959,0.0,128.205,0.0,-19.22977066040039
108.73256492614746,0.0,128.168,0.0,-19.22576904296875
108.76958203315735,0.0,128.156,0.0,-19.21828269958496
108.80018925666809,0.0,128.069,0.0,-19.215023040771484
108.83279013633728,0.0,128.038,0.0,-19.21004867553711
108.86454963684082,0.0,127.935,0.0,-19.205171585083008
108.89610266685486,0.0,127.866,0.0,-19.188671112060547
108.92797303199768,0.0,127.853,0.0,-19.181703567504883
108.95991444587708,0.0,127.791,0.0,-19.174470901489258
108.99254965782166,0.0,127.747,0.0,-19.168716430664062
109.02458596229553,0.0,127.702,0.0,-19.156509399414062
109.05655431747437,0.0,127.662,0.0,-19.15032958984375
109.08387494087219,0.0,127.648,0.0,-19.14527130126953
109.10928010940552,0.0,127.645,0.0,-19.141542434692383
109.14649534225464,0.0,127.62,0.0,-19.13588523864746
109.17408514022827,0.0,127.602,0.0,-19.133359909057617
109.20686960220337,0.0,127.566,0.0,-19.130168914794922
109.23770928382874,0.0,127.51,0.0,-19.125614166259766
109.26958799362183,0.0,127.385,0.0,-19.115549087524414
109.3020544052124,0.0,127.341,0.0,-19.109844207763672
109.33408713340759,0.0,127.307,0.0,-19.103845596313477
109.36638140678406,0.0,127.234,0.0,-19.098045349121094
109.39789056777954,0.0,127.119,0.0,-19.083520889282227
109.4305419921875,0.0,127.064,0.0,-19.075260162353516
109.45925235748291,0.0,127.044,0.0,-19.066856384277344
109.4998562335968,0.0,127.004,0.0,-19.054018020629883
109.53186678886414,0.0,126.951,0.0,-19.04883575439453
109.56313872337341,0.0,126.92,0.0,-19.04291534423828
109.5979061126709,0.0,126.888,0.0,-19.032001495361328
109.62255048751831,0.0,126.826,0.0,-19.025575637817383
109.65468692779541,0.0,126.783,0.0,-19.01910972595215
109.68663287162781,0.0,126.646,0.0,-19.011608123779297
109.71909427642822,0.0,126.609,0.0,-19.003183364868164
109.75075149536133,0.0,126.574,0.0,-18.988311767578125
109.78229856491089,0.0,126.53,0.0,-18.98128890991211
109.81467843055725,0.0,126.495,0.0,-18.975187301635742
109.84713554382324,0.0,126.485,0.0,-18.966520309448242
109.87748384475708,0.0,126.485,0.0,-18.963890075683594
109.9092767238617,0.0,126.478,0.0,-18.96187973022461
109.94073557853699,0.0,126.466,0.0,-18.960124969482422
109.97385549545288,0.0,126.413,0.0,-18.957496643066406
110.00509476661682,0.0,126.371,0.0,-18.955331802368164
110.03730821609497,0.0,126.311,0.0,-18.9521427154541
110.06934952735901,0.0,126.249,0.0,-18.947397232055664
110.10113310813904,0.0,126.109,0.0,-18.932861328125
110.1347222328186,0.0,126.068,0.0,-18.924734115600586
110.15602827072144,0.0,126.019,0.0,-18.916994094848633
110.19876670837402,0.0,126.019,0.0,-18.903507232666016
110.22817540168762,0.0,125.916,0.0,-18.899375915527344
110.26016306877136,0.0,125.905,0.0,-18.89214515686035
110.29273557662964,0.0,125.915,0.0,-18.886383056640625
110.32401752471924,0.0,125.915,0.0,-18.88003921508789
110.35581374168396,0.0,125.879,0.0,-18.876798629760742
110.38775587081909,0.0,125.783,0.0,-18.87343406677246
110.42410135269165,0.0,125.707,0.0,-18.861225128173828
110.45160508155823,0.0,125.665,0.0,-18.85433578491211
110.48409581184387,0.0,125.586,0.0,-18.845966339111328
110.51708912849426,0.0,125.471,0.0,-18.837093353271484
110.54870939254761,0.0,125.424,0.0,-18.819988250732422
110.58180856704712,0.0,125.407,0.0,-18.813814163208008
110.61313772201538,0.0,125.393,0.0,-18.808650970458984
110.64464831352234,0.0,125.384,0.0,-18.804393768310547
110.67745542526245,0.0,125.379,0.0,-18.798824310302734
110.70972013473511,0.0,125.39,0.0,-18.79713249206543
110.74249505996704,0.0,125.373,0.0,-18.796571731567383
110.77380204200745,0.0,125.338,0.0,-18.793792724609375
110.8061306476593,0.0,125.211,0.0,-18.788951873779297
110.84674859046936,0.0,125.145,0.0,-18.777143478393555
110.8876838684082,0.0,124.977,0.0,-18.768898010253906
110.933846950531,0.0,124.859,0.0,-18.748472213745117
110.96599769592285,0.0,124.833,0.0,-18.738929748535156
110.99779963493347,0.0,124.847,0.0,-18.725360870361328
111.02996373176575,0.0,124.848,0.0,-18.72154426574707
111.06195950508118,0.0,124.82,0.0,-18.718826293945312
111.09478259086609,0.0,124.758,0.0,-18.715938568115234
111.12707424163818,0.0,124.725,0.0,-18.706785202026367
111.1592321395874,0.0,124.69,0.0,-18.702035903930664
111.19050002098083,0.0,124.594,0.0,-18.695831298828125
111.2242500782013,0.0,124.509,0.0,-18.682382583618164
111.25628614425659,0.0,124.43,0.0,-18.673389434814453
111.2897162437439,0.0,124.409,0.0,-18.666736602783203
111.32489800453186,0.0,124.328,0.0,-18.65485382080078
111.35321426391602,0.0,124.302,0.0,-18.649051666259766
111.38563394546509,0.0,124.27,0.0,-18.643787384033203
111.41734671592712,0.0,124.251,0.0,-18.638683319091797
111.44938611984253,0.0,124.256,0.0,-18.631328582763672
111.4818217754364,0.0,124.241,0.0,-18.6286563873291
111.5131893157959,0.0,124.223,0.0,-18.6269588470459
111.55002665519714,0.0,124.214,0.0,-18.6236629486084
111.58249378204346,0.0,124.155,0.0,-18.620269775390625
111.61094450950623,0.0,124.048,0.0,-18.617887496948242
111.64847540855408,0.0,124.004,0.0,-18.605453491210938
111.68709516525269,0.0,123.885,0.0,-18.599454879760742
111.71939969062805,0.0,123.857,0.0,-18.591407775878906
111.74997544288635,0.0,123.779,0.0,-18.57573127746582
111.7883689403534,0.0,123.712,0.0,-18.56659698486328
111.82467293739319,0.0,123.681,0.0,-18.553815841674805
111.85266900062561,0.0,123.676,0.0,-18.549243927001953
111.88521122932434,0.0,123.685,0.0,-18.545801162719727
111.91691374778748,0.0,123.677,0.0,-18.543811798095703
111.94897055625916,0.0,123.623,0.0,-18.540298461914062
111.98068022727966,0.0,123.569,0.0,-18.53776741027832
112.01282262802124,0.0,123.483,0.0,-18.53379249572754
112.04504942893982,0.0,123.435,0.0,-18.5273494720459
112.07713270187378,0.0,123.305,0.0,-18.510168075561523
112.1099956035614,0.0,123.195,0.0,-18.500524520874023
112.14214444160461,0.0,123.188,0.0,-18.490581512451172
112.17374467849731,0.0,123.154,0.0,-18.475852966308594
112.20580267906189,0.0,123.147,0.0,-18.470426559448242
112.23751521110535,0.0,123.145,0.0,-18.466678619384766
112.26631498336792,0.0,123.145,0.0,-18.463886260986328
112.29984259605408,0.0,123.141,0.0,-18.460725784301758
112.33019208908081,0.0,123.123,0.0,-18.45923614501953
112.38853168487549,0.0,123.039,0.0,-18.453704833984375
112.42018842697144,0.0,122.944,0.0,-18.449567794799805
112.45207452774048,0.0,122.916,0.0,-18.438920974731445
112.48400902748108,0.0,122.853,0.0,-18.435169219970703
112.51648902893066,0.0,122.767,0.0,-18.429866790771484
112.54959893226624,0.0,122.705,0.0,-18.41427230834961
112.57939171791077,0.0,122.594,0.0,-18.40472412109375
112.6125078201294,0.0,122.573,0.0,-18.396484375
112.64454817771912,0.0,122.552,0.0,-18.389522552490234
112.67684435844421,0.0,122.549,0.0,-18.379119873046875
112.7094316482544,0.0,122.496,0.0,-18.374309539794922
112.74154949188232,0.0,122.445,0.0,-18.37034034729004
112.77505874633789,0.0,122.403,0.0,-18.360145568847656
112.83957839012146,0.0,122.237,0.0,-18.34853744506836
112.87075805664062,0.0,122.201,0.0,-18.340972900390625
112.90335369110107,0.0,122.12,0.0,-18.325342178344727
112.93556714057922,0.0,122.132,0.0,-18.319534301757812
112.96731686592102,0.0,122.072,0.0,-18.31439208984375
113.00052404403687,0.0,122.057,0.0,-18.304821014404297
113.03145980834961,0.0,122.023,0.0,-18.30033302307129
113.06464171409607,0.0,122.013,0.0,-18.296743392944336
113.10512948036194,0.0,122.044,0.0,-18.29352378845215
113.13093519210815,0.0,122.071,0.0,-18.293630599975586
113.16359257698059,0.0,122.05,0.0,-18.295101165771484
113.19508695602417,0.0,122.04,0.0,-18.295589447021484
113.22708225250244,0.0,121.953,0.0,-18.29436492919922
113.25936794281006,0.0,121.922,0.0,-18.29153823852539
113.29169583320618,0.0,121.83,0.0,-18.288230895996094
113.324777841568,0.0,121.799,0.0,-18.276039123535156
113.35657000541687,0.0,121.64,0.0,-18.26596450805664
113.38933825492859,0.0,121.57,0.0,-18.257375717163086
113.42753720283508,0.0,121.568,0.0,-18.24095916748047
113.45386958122253,0.0,121.522,0.0,-18.233823776245117
113.4860577583313,0.0,121.519,0.0,-18.22811508178711
113.5177788734436,0.0,121.522,0.0,-18.22431182861328
113.5497944355011,0.0,121.515,0.0,-18.219776153564453
113.58222532272339,0.0,121.506,0.0,-18.21811294555664
113.6137261390686,0.0,121.468,0.0,-18.215473175048828
113.64506912231445,0.0,121.39,0.0,-18.211946487426758
113.67739176750183,0.0,121.33,0.0,-18.202472686767578
113.71020340919495,0.0,121.262,0.0,-18.19850730895996
113.74203658103943,0.0,121.205,0.0,-18.19281768798828
113.77414846420288,0.0,121.109,0.0,-18.177391052246094
113.79873561859131,0.0,121.044,0.0,-18.168058395385742
113.83218741416931,0.0,120.963,0.0,-18.159513473510742
113.86204385757446,0.0,120.959,0.0,-18.151382446289062
113.89595603942871,0.0,120.959,0.0,-18.145221710205078
113.92843651771545,0.0,120.956,0.0,-18.137481689453125
113.96040797233582,0.0,120.948,0.0,-18.135072708129883
113.99279999732971,0.0,120.937,0.0,-18.133325576782227
114.02487778663635,0.0,120.937,0.0,-18.130847930908203
114.05641150474548,0.0,120.916,0.0,-18.129486083984375
114.08841705322266,0.0,120.808,0.0,-18.126270294189453
114.12105870246887,0.0,120.753,0.0,-18.121864318847656
114.15293717384338,0.0,120.671,0.0,-18.108901977539062
114.18470430374146,0.0,120.612,0.0,-18.100881576538086
114.21698188781738,0.0,120.562,0.0,-18.09282684326172
114.24906730651855,0.0,120.454,0.0,-18.075572967529297
114.28071856498718,0.0,120.442,0.0,-18.069034576416016
114.31224226951599,0.0,120.406,0.0,-18.064271926879883
114.34439587593079,0.0,120.382,0.0,-18.059371948242188
114.37717366218567,0.0,120.369,0.0,-18.051881790161133
114.41449999809265,0.0,120.369,0.0,-18.04909896850586
114.44530701637268,0.0,120.348,0.0,-18.04722023010254
114.47942972183228,0.0,120.314,0.0,-18.04304313659668
114.50324749946594,0.0,120.314,0.0,-18.040985107421875
114.53143906593323,0.0,120.154,0.0,-18.037860870361328
114.57177448272705,0.0,120.067,0.0,-18.030715942382812
114.60452151298523,0.0,120.005,0.0,-18.012481689453125
114.65264773368835,0.0,119.916,0.0,-17.995258331298828
114.68412375450134,0.0,119.888,0.0,-17.987895965576172
114.71608901023865,0.0,119.853,0.0,-17.981536865234375
114.7478380203247,0.0,119.853,0.0,-17.976417541503906
114.78013706207275,0.0,119.865,0.0,-17.970739364624023
114.81294322013855,0.0,119.866,0.0,-17.969505310058594
114.84528136253357,0.0,119.85,0.0,-17.968446731567383
114.8769588470459,0.0,119.813,0.0,-17.967174530029297
114.9054307937622,0.0,119.785,0.0,-17.965526580810547
114.94758915901184,0.0,119.752,0.0,-17.963293075561523
114.97892260551453,0.0,119.701,0.0,-17.956539154052734
115.01083040237427,0.0,119.645,0.0,-17.953428268432617
115.0436942577362,0.0,119.568,0.0,-17.948871612548828
115.07527613639832,0.0,119.506,0.0,-17.94231414794922
115.10720896720886,0.0,119.364,0.0,-17.925596237182617
115.13955116271973,0.0,119.347,0.0,-17.916410446166992
115.17261290550232,0.0,119.318,0.0,-17.90884780883789
115.21222567558289,0.0,119.306,0.0,-17.89735984802246
115.2413387298584,0.0,119.299,0.0,-17.893213272094727
115.27723932266235,0.0,119.29,0.0,-17.887386322021484
115.32902431488037,0.0,119.26,0.0,-17.882686614990234
115.36122560501099,0.0,119.219,0.0,-17.879512786865234
115.39264798164368,0.0,119.118,0.0,-17.873977661132812
115.42906832695007,0.0,119.064,0.0,-17.863136291503906
115.46428036689758,0.0,119.021,0.0,-17.857032775878906
115.49580240249634,0.0,118.916,0.0,-17.851552963256836
115.51243138313293,0.0,118.916,0.0,-17.844165802001953
115.54381561279297,0.0,118.888,0.0,-17.838712692260742
115.5765450000763,0.0,118.809,0.0,-17.82757568359375
115.60847520828247,0.0,118.795,0.0,-17.822187423706055
115.64072227478027,0.0,118.768,0.0,-17.817703247070312
115.67330598831177,0.0,118.764,0.0,-17.813371658325195
115.70575737953186,0.0,118.754,0.0,-17.80816650390625
115.73769092559814,0.0,118.735,0.0,-17.806194305419922
115.76954054832458,0.0,118.728,0.0,-17.804115295410156
115.80236220359802,0.0,118.704,0.0,-17.800373077392578
115.83356165885925,0.0,118.649,0.0,-17.797975540161133
115.86542558670044,0.0,118.593,0.0,-17.795028686523438
115.89803862571716,0.0,118.542,0.0,-17.79060173034668
115.92934942245483,0.0,118.508,0.0,-17.77987289428711
115.96504092216492,0.0,118.385,0.0,-17.77257537841797
115.99610662460327,0.0,118.312,0.0,-17.765348434448242
116.04278230667114,0.0,118.228,0.0,-17.74789047241211
116.0757942199707,0.0,118.204,0.0,-17.733888626098633
116.1073682308197,0.0,118.204,0.0,-17.729127883911133
116.1400237083435,0.0,118.187,0.0,-17.725017547607422
116.17248773574829,0.0,118.195,0.0,-17.722244262695312
116.20461320877075,0.0,118.174,0.0,-17.71955680847168
116.23616600036621,0.0,118.125,0.0,-17.71813201904297
116.26717710494995,0.0,118.076,0.0,-17.715208053588867
116.29877090454102,0.0,118.011,0.0,-17.711116790771484
116.33039379119873,0.0,117.877,0.0,-17.69818115234375
116.36319732666016,0.0,117.817,0.0,-17.690277099609375
116.39510941505432,0.0,117.764,0.0,-17.68189239501953
116.42722392082214,0.0,117.742,0.0,-17.673442840576172
116.45934343338013,0.0,117.714,0.0,-17.66061019897461
116.49168729782104,0.0,117.678,0.0,-17.655731201171875
116.5162148475647,0.0,117.67,0.0,-17.650733947753906
116.54786086082458,0.0,117.66,0.0,-17.646820068359375
116.5803074836731,0.0,117.669,0.0,-17.641860961914062
116.61235618591309,0.0,117.673,0.0,-17.641033172607422
116.65304684638977,0.0,117.681,0.0,-17.64069175720215
116.69083380699158,0.0,117.624,0.0,-17.63970184326172
116.7323739528656,0.0,117.62,0.0,-17.63687515258789
116.7634539604187,0.0,117.578,0.0,-17.634357452392578
116.79512858390808,0.0,117.469,0.0,-17.630870819091797
116.83060669898987,0.0,117.41,0.0,-17.619050979614258
116.85924339294434,0.0,117.364,0.0,-17.61232566833496
116.89127969741821,0.0,117.331,0.0,-17.60594367980957
116.9239809513092,0.0,117.283,0.0,-17.601221084594727
116.95667243003845,0.0,117.18,0.0,-17.589603424072266
116.98835611343384,0.0,117.134,0.0,-17.58292007446289
117.02038216590881,0.0,117.14,0.0,-17.57605743408203
117.04932165145874,0.0,117.129,0.0,-17.57124900817871
117.08188343048096,0.0,117.092,0.0,-17.563188552856445
117.11322402954102,0.0,117.066,0.0,-17.56003189086914
117.14621043205261,0.0,117.044,0.0,-17.55674171447754
117.17873954772949,0.0,116.985,0.0,-17.548770904541016
117.2103579044342,0.0,116.976,0.0,-17.544960021972656
117.24270701408386,0.0,116.81,0.0,-17.539093017578125
117.28084635734558,0.0,116.817,0.0,-17.525224685668945
117.30685448646545,0.0,116.75,0.0,-17.51822280883789
117.33893418312073,0.0,116.731,0.0,-17.51226806640625
117.37926387786865,0.0,116.665,0.0,-17.501710891723633
117.40932250022888,0.0,116.641,0.0,-17.496519088745117
117.44771814346313,0.0,116.598,0.0,-17.491849899291992
117.48070883750916,0.0,116.581,0.0,-17.48462677001953
117.53020024299622,0.0,116.547,0.0,-17.478622436523438
117.56513118743896,0.0,116.56,0.0,-17.47628402709961
117.59781408309937,0.0,116.556,0.0,-17.475261688232422
117.62874817848206,0.0,116.562,0.0,-17.474437713623047
117.66049337387085,0.0,116.545,0.0,-17.474609375
117.693204164505,0.0,116.513,0.0,-17.474172592163086
117.7303376197815,0.0,116.476,0.0,-17.470115661621094
117.75597715377808,0.0,116.374,0.0,-17.464019775390625
117.78799080848694,0.0,116.295,0.0,-17.458885192871094
117.82013726234436,0.0,116.274,0.0,-17.452360153198242
117.85133671760559,0.0,116.194,0.0,-17.446617126464844
117.88305282592773,0.0,116.125,0.0,-17.43044090270996
117.91466212272644,0.0,116.108,0.0,-17.423322677612305
117.94747114181519,0.0,116.055,0.0,-17.41570281982422
117.98108386993408,0.0,116.05,0.0,-17.405963897705078
118.01130199432373,0.0,116.049,0.0,-17.402912139892578
118.04396104812622,0.0,116.045,0.0,-17.400636672973633
118.0750060081482,0.0,116.016,0.0,-17.39899444580078
118.11520266532898,0.0,115.988,0.0,-17.39628791809082
118.15682888031006,0.0,115.923,0.0,-17.391145706176758
118.18592405319214,0.0,115.867,0.0,-17.387727737426758
118.21809244155884,0.0,115.802,0.0,-17.382930755615234
118.24980688095093,0.0,115.755,0.0,-17.37668800354004
118.28222608566284,0.0,115.67,0.0,-17.361637115478516
118.31439638137817,0.0,115.626,0.0,-17.355453491210938
118.3457703590393,0.0,115.589,0.0,-17.34893798828125
118.37283039093018,0.0,115.564,0.0,-17.342592239379883
118.40793561935425,0.0,115.506,0.0,-17.330299377441406
118.44577860832214,0.0,115.485,0.0,-17.3245849609375
118.47817039489746,0.0,115.498,0.0,-17.3204345703125
118.50100421905518,0.0,115.478,0.0,-17.318038940429688
118.53181743621826,0.0,115.472,0.0,-17.3137264251709
118.5635974407196,0.0,115.466,0.0,-17.3122615814209
118.59450030326843,0.0,115.432,0.0,-17.310897827148438
118.62600612640381,0.0,115.422,0.0,-17.309097290039062
118.65849685668945,0.0,115.385,0.0,-17.304903030395508
118.68366646766663,0.0,115.344,0.0,-17.301372528076172
118.73028922080994,0.0,115.268,0.0,-17.29170036315918
118.76068377494812,0.0,115.238,0.0,-17.28856086730957
118.79795861244202,0.0,115.226,0.0,-17.285072326660156
118.83178400993347,0.0,115.164,0.0,-17.280742645263672
118.86352515220642,0.0,115.11,0.0,-17.276504516601562
118.8901937007904,0.0,115.039,0.0,-17.271148681640625
118.92350268363953,0.0,114.965,0.0,-17.264217376708984
118.95744037628174,0.0,114.941,0.0,-17.248767852783203
118.98069453239441,0.0,114.931,0.0,-17.243022918701172
119.01174402236938,0.0,114.93,0.0,-17.23919677734375
119.05748462677002,0.0,114.905,0.0,-17.232818603515625
119.0972330570221,0.0,114.841,0.0,-17.229536056518555
119.1316168308258,0.0,114.847,0.0,-17.222936630249023
119.16472816467285,0.0,114.834,0.0,-17.220596313476562
119.19882845878601,0.0,114.733,0.0,-17.216144561767578
119.23671007156372,0.0,114.666,0.0,-17.205360412597656
119.26870894432068,0.0,114.62,0.0,-17.19887924194336
119.30007696151733,0.0,114.54,0.0,-17.193296432495117
119.33234930038452,0.0,114.5,0.0,-17.180078506469727
119.36476707458496,0.0,114.46,0.0,-17.175243377685547
119.39620208740234,0.0,114.426,0.0,-17.170076370239258
119.42771887779236,0.0,114.406,0.0,-17.164907455444336
119.45188212394714,0.0,114.383,0.0,-17.160324096679688
119.4838936328888,0.0,114.372,0.0,-17.152446746826172
119.51282739639282,0.0,114.389,0.0,-17.150022506713867
119.54687428474426,0.0,114.402,0.0,-17.149106979370117
119.58209466934204,0.0,114.395,0.0,-17.149160385131836
119.60996675491333,0.0,114.372,0.0,-17.14838218688965
119.6425552368164,0.0,114.326,0.0,-17.147254943847656
119.66745805740356,0.0,114.301,0.0,-17.14534568786621
119.69924545288086,0.0,114.226,0.0,-17.142993927001953
119.73263669013977,0.0,114.203,0.0,-17.133686065673828
119.76298642158508,0.0,114.133,0.0,-17.1274356842041
119.79473423957825,0.0,114.014,0.0,-17.120391845703125
119.82680034637451,0.0,113.931,0.0,-17.112537384033203
119.85865068435669,0.0,113.911,0.0,-17.09534454345703
119.89033102989197,0.0,113.874,0.0,-17.087970733642578
119.92254710197449,0.0,113.855,0.0,-17.08172607421875
119.95325708389282,0.0,113.838,0.0,-17.076656341552734
119.9856927394867,0.0,113.844,0.0,-17.07032012939453
120.01739573478699,0.0,113.848,0.0,-17.068666458129883
120.06474089622498,0.0,113.818,0.0,-17.06740951538086
120.09653043746948,0.0,113.803,0.0,-17.066024780273438
120.12994575500488,0.0,113.734,0.0,-17.0606746673584
120.16084289550781,0.0,113.642,0.0,-17.055912017822266
120.19291520118713,0.0,113.589,0.0,-17.050537109375
120.23294687271118,0.0,113.553,0.0,-17.03827476501465
120.28452634811401,0.0,113.382,0.0,-17.021160125732422
120.30995726585388,0.0,113.375,0.0,-17.013551712036133
120.34987163543701,0.0,113.371,0.0,-17.007549285888672
120.3826687335968,0.0,113.349,0.0,-16.999507904052734
120.41400742530823,0.0,113.334,0.0,-16.996143341064453
120.44604468345642,0.0,113.315,0.0,-16.99380111694336
120.4770667552948,0.0,113.306,0.0,-16.99144172668457
120.50946235656738,0.0,113.296,0.0,-16.987777709960938
120.54124808311462,0.0,113.288,0.0,-16.986347198486328
120.5745906829834,0.0,113.286,0.0,-16.985706329345703
120.5931441783905,0.0,113.286,0.0,-16.985076904296875
120.62922883033752,0.0,113.249,0.0,-16.98398208618164
120.66022825241089,0.0,113.226,0.0,-16.98163604736328
120.69349980354309,0.0,113.218,0.0,-16.980117797851562
120.72329902648926,0.0,113.162,0.0,-16.978763580322266
120.76240491867065,0.0,113.012,0.0,-16.970884323120117
120.79446768760681,0.0,112.921,0.0,-16.963424682617188
120.8259859085083,0.0,112.876,0.0,-16.95400047302246
120.85931253433228,0.0,112.793,0.0,-16.934988021850586
120.89030337333679,0.0,112.793,0.0,-16.927255630493164
120.93286466598511,0.0,112.749,0.0,-16.915496826171875
120.96257185935974,0.0,112.764,0.0,-16.911766052246094
120.98894190788269,0.0,112.765,0.0,-16.90909767150879
121.01453828811646,0.0,112.75,0.0,-16.907329559326172
121.04665517807007,0.0,112.733,0.0,-16.905574798583984
121.084716796875,0.0,112.705,0.0,-16.90135955810547
121.11339807510376,0.0,112.704,0.0,-16.899694442749023
121.14536762237549,0.0,112.67,0.0,-16.898235321044922
121.17097043991089,0.0,112.637,0.0,-16.896255493164062
121.20632648468018,0.0,112.594,0.0,-16.893529891967773
121.23992443084717,0.0,112.513,0.0,-16.883703231811523
121.2719190120697,0.0,112.45,0.0,-16.87653160095215
121.3039755821228,0.0,112.343,0.0,-16.868793487548828
121.33395290374756,0.0,112.331,0.0,-16.854568481445312
121.36674785614014,0.0,112.326,0.0,-16.84968376159668
121.3991436958313,0.0,112.297,0.0,-16.846149444580078
121.42992615699768,0.0,112.233,0.0,-16.842443466186523
121.4611976146698,0.0,112.23,0.0,-16.834327697753906
121.4895191192627,0.0,112.225,0.0,-16.831199645996094
121.51451015472412,0.0,112.225,0.0,-16.82880401611328
121.54954195022583,0.0,112.228,0.0,-16.827177047729492
121.58553981781006,0.0,112.219,0.0,-16.82538604736328
121.61497902870178,0.0,112.202,0.0,-16.82490348815918
121.64554286003113,0.0,112.195,0.0,-16.82400131225586
121.67019987106323,0.0,112.146,0.0,-16.823184967041016
121.70580005645752,0.0,112.082,0.0,-16.820659637451172
121.74315190315247,0.0,111.925,0.0,-16.809181213378906
121.77421450614929,0.0,111.896,0.0,-16.801042556762695
121.79414772987366,0.0,111.843,0.0,-16.793718338012695
121.83478379249573,0.0,111.797,0.0,-16.778377532958984
121.86257410049438,0.0,111.786,0.0,-16.772226333618164
121.8948278427124,0.0,111.766,0.0,-16.766870498657227
121.92630386352539,0.0,111.714,0.0,-16.761882781982422
121.95890927314758,0.0,111.691,0.0,-16.752830505371094
121.99102449417114,0.0,111.682,0.0,-16.74933624267578
122.02319073677063,0.0,111.684,0.0,-16.746963500976562
122.04970145225525,0.0,111.66,0.0,-16.7453670501709
122.08643412590027,0.0,111.641,0.0,-16.741430282592773
122.14053750038147,0.0,111.591,0.0,-16.737110137939453
122.17466378211975,0.0,111.535,0.0,-16.734905242919922
122.21015334129333,0.0,111.473,0.0,-16.726224899291992
122.26166319847107,0.0,111.349,0.0,-16.715679168701172
122.29338359832764,0.0,111.275,0.0,-16.709144592285156
122.32521939277649,0.0,111.218,0.0,-16.70119857788086
122.35741329193115,0.0,111.189,0.0,-16.692882537841797
122.39888668060303,0.0,111.146,0.0,-16.679033279418945
122.43074083328247,0.0,111.127,0.0,-16.673471450805664
122.46377182006836,0.0,111.122,0.0,-16.66495704650879
122.49609160423279,0.0,111.118,0.0,-16.662372589111328
122.53516459465027,0.0,111.118,0.0,-16.659231185913086
122.56488227844238,0.0,111.105,0.0,-16.657968521118164
122.59488606452942,0.0,111.074,0.0,-16.655914306640625
122.62751269340515,0.0,111.099,0.0,-16.655210494995117
122.66233205795288,0.0,111.116,0.0,-16.656179428100586
122.69156861305237,0.0,111.112,0.0,-16.65690803527832
122.72345185279846,0.0,111.083,0.0,-16.65641212463379
122.75925421714783,0.0,110.974,0.0,-16.6508731842041
122.78734087944031,0.0,110.919,0.0,-16.647594451904297
122.81982707977295,0.0,110.89,0.0,-16.642894744873047
122.85065507888794,0.0,110.844,0.0,-16.638193130493164
122.88640713691711,0.0,110.823,0.0,-16.627838134765625
122.9120864868164,0.0,110.754,0.0,-16.624231338500977
122.94644522666931,0.0,110.748,0.0,-16.61871910095215
122.97971653938293,0.0,110.702,0.0,-16.61438751220703
123.01271104812622,0.0,110.624,0.0,-16.602815628051758
123.04348349571228,0.0,110.579,0.0,-16.59745979309082
123.07568597793579,0.0,110.581,0.0,-16.591636657714844
123.112468957901,0.0,110.579,0.0,-16.58431625366211
123.13852953910828,0.0,110.56,0.0,-16.581954956054688
123.17895436286926,0.0,110.537,0.0,-16.579710006713867
123.21023917198181,0.0,110.513,0.0,-16.57447624206543
123.26229786872864,0.0,110.442,0.0,-16.568050384521484
123.30582427978516,0.0,110.34,0.0,-16.563261032104492
123.33101892471313,0.0,110.318,0.0,-16.55718994140625
123.36225318908691,0.0,110.256,0.0,-16.545183181762695
123.38865733146667,0.0,110.232,0.0,-16.539297103881836
123.42099571228027,0.0,110.204,0.0,-16.53379249572754
123.46270656585693,0.0,110.113,0.0,-16.521930694580078
123.49519324302673,0.0,110.089,0.0,-16.516239166259766
123.53126263618469,0.0,110.064,0.0,-16.511579513549805
123.57822751998901,0.0,110.041,0.0,-16.50503158569336
123.61160182952881,0.0,110.005,0.0,-16.498619079589844
123.64498662948608,0.0,110.007,0.0,-16.496129989624023
123.67469239234924,0.0,110.01,0.0,-16.49451446533203
123.70486211776733,0.0,110.002,0.0,-16.493608474731445
123.72970795631409,0.0,110.014,0.0,-16.492778778076172
123.76233172416687,0.0,110.005,0.0,-16.492765426635742
123.80101919174194,0.0,110.002,0.0,-16.4927978515625
123.82375454902649,0.0,109.985,0.0,-16.492855072021484
123.85544562339783,0.0,109.938,0.0,-16.49233055114746
123.88811755180359,0.0,109.832,0.0,-16.486553192138672
123.91992259025574,0.0,109.803,0.0,-16.481433868408203
123.96051979064941,0.0,109.751,0.0,-16.470470428466797
123.99233031272888,0.0,109.702,0.0,-16.463987350463867
124.02438402175903,0.0,109.567,0.0,-16.456459045410156
124.05695939064026,0.0,109.518,0.0,-16.44784164428711
124.08923268318176,0.0,109.533,0.0,-16.4335880279541
124.12035131454468,0.0,109.511,0.0,-16.4284610748291
124.1525092124939,0.0,109.503,0.0,-16.42389488220215
124.18411898612976,0.0,109.486,0.0,-16.421106338500977
124.21559810638428,0.0,109.474,0.0,-16.41615867614746
124.24756073951721,0.0,109.454,0.0,-16.41375160217285
124.2798752784729,0.0,109.399,0.0,-16.411014556884766
124.31150817871094,0.0,109.364,0.0,-16.40420913696289
124.34300708770752,0.0,109.36,0.0,-16.401399612426758
124.37506604194641,0.0,109.319,0.0,-16.397705078125
124.40714621543884,0.0,109.248,0.0,-16.395048141479492
124.43951272964478,0.0,109.197,0.0,-16.38815689086914
124.47052526473999,0.0,109.105,0.0,-16.383127212524414
124.50333714485168,0.0,109.073,0.0,-16.37557029724121
124.53742170333862,0.0,109.03,0.0,-16.362781524658203
124.5689127445221,0.0,109.008,0.0,-16.357341766357422
124.59980511665344,0.0,108.975,0.0,-16.35244369506836
124.63248062133789,0.0,108.963,0.0,-16.34750747680664
124.66705799102783,0.0,108.927,0.0,-16.339622497558594
124.70317053794861,0.0,108.927,0.0,-16.336288452148438
124.73794651031494,0.0,108.922,0.0,-16.332149505615234
124.76630973815918,0.0,108.925,0.0,-16.331106185913086
124.79891419410706,0.0,108.907,0.0,-16.33046531677246
124.83071494102478,0.0,108.902,0.0,-16.329452514648438
124.86229157447815,0.0,108.901,0.0,-16.328155517578125
124.89480352401733,0.0,108.879,0.0,-16.32701873779297
124.9270088672638,0.0,108.789,0.0,-16.325624465942383
124.96294379234314,0.0,108.739,0.0,-16.31652069091797
124.9908127784729,0.0,108.708,0.0,-16.31145477294922
125.02278876304626,0.0,108.682,0.0,-16.306610107421875
125.05528545379639,0.0,108.645,0.0,-16.303035736083984
125.08684659004211,0.0,108.521,0.0,-16.2952823638916
125.1180727481842,0.0,108.455,0.0,-16.288047790527344
125.14986729621887,0.0,108.436,0.0,-16.279869079589844
125.18228721618652,0.0,108.414,0.0,-16.272951126098633
125.21326661109924,0.0,108.41,0.0,-16.262691497802734
125.24533367156982,0.0,108.408,0.0,-16.25925064086914
125.27734422683716,0.0,108.398,0.0,-16.25673484802246
125.3146116733551,0.0,108.365,0.0,-16.252437591552734
125.34632515907288,0.0,108.365,0.0,-16.250308990478516
125.37169528007507,0.0,108.357,0.0,-16.248865127563477
125.40494298934937,0.0,108.357,0.0,-16.24760627746582
125.43822455406189,0.0,108.365,0.0,-16.246723175048828
125.46847200393677,0.0,108.336,0.0,-16.24559783935547
125.50029563903809,0.0,108.25,0.0,-16.2432861328125
125.53182673454285,0.0,108.149,0.0,-16.239635467529297
125.56436538696289,0.0,108.145,0.0,-16.227373123168945
125.5962142944336,0.0,108.138,0.0,-16.223114013671875
125.62645697593689,0.0,108.012,0.0,-16.216093063354492
125.66267681121826,0.0,107.961,0.0,-16.2023983001709
125.69086813926697,0.0,107.891,0.0,-16.19420623779297
125.72368025779724,0.0,107.9,0.0,-16.188474655151367
125.75460433959961,0.0,107.88,0.0,-16.18343734741211
125.78610754013062,0.0,107.872,0.0,-16.176406860351562
125.81846714019775,0.0,107.866,0.0,-16.17448616027832
125.85298204421997,0.0,107.858,0.0,-16.172977447509766
125.87453293800354,0.0,107.848,0.0,-16.171693801879883
125.90678215026855,0.0,107.833,0.0,-16.170490264892578
125.93832278251648,0.0,107.81,0.0,-16.16771697998047
125.9701919555664,0.0,107.823,0.0,-16.1663875579834
125.99763584136963,0.0,107.801,0.0,-16.166078567504883
126.03043699264526,0.0,107.786,0.0,-16.16507911682129
126.07176303863525,0.0,107.685,0.0,-16.160537719726562
126.09646320343018,0.0,107.653,0.0,-16.1563720703125
126.12888765335083,0.0,107.604,0.0,-16.15195655822754
126.15490198135376,0.0,107.575,0.0,-16.146638870239258
126.18818259239197,0.0,107.523,0.0,-16.13546371459961
126.22963619232178,0.0,107.424,0.0,-16.129444122314453
126.26433086395264,0.0,107.36,0.0,-16.114423751831055
126.29323673248291,0.0,107.338,0.0,-16.107566833496094
126.32575368881226,0.0,107.345,0.0,-16.102785110473633
126.35723567008972,0.0,107.325,0.0,-16.0982723236084
126.3944776058197,0.0,107.301,0.0,-16.092098236083984
126.42763042449951,0.0,107.305,0.0,-16.090072631835938
126.45894241333008,0.0,107.294,0.0,-16.088308334350586
126.4872739315033,0.0,107.242,0.0,-16.086395263671875
126.52503538131714,0.0,107.213,0.0,-16.08384895324707
126.55719518661499,0.0,107.186,0.0,-16.080846786499023
126.58918809890747,0.0,107.107,0.0,-16.07278823852539
126.62099099159241,0.0,107.088,0.0,-16.068387985229492
126.65267777442932,0.0,107.101,0.0,-16.064376831054688
126.68459796905518,0.0,107.067,0.0,-16.062009811401367
126.72389268875122,0.0,106.972,0.0,-16.05536651611328
126.75000166893005,0.0,106.917,0.0,-16.050186157226562
126.78164148330688,0.0,106.847,0.0,-16.044057846069336
126.81465077400208,0.0,106.814,0.0,-16.029613494873047
126.8458046913147,0.0,106.796,0.0,-16.023693084716797
126.8898434638977,0.0,106.774,0.0,-16.01457977294922
126.91345071792603,0.0,106.773,0.0,-16.011802673339844
126.9406430721283,0.0,106.772,0.0,-16.009843826293945
126.97265481948853,0.0,106.778,0.0,-16.008804321289062
126.99827647209167,0.0,106.766,0.0,-16.007709503173828
127.02848362922668,0.0,106.768,0.0,-16.007484436035156
127.0642945766449,0.0,106.745,0.0,-16.00613021850586
127.09411001205444,0.0,106.744,0.0,-16.005455017089844
127.12767577171326,0.0,106.704,0.0,-16.0034122467041
127.15665793418884,0.0,106.666,0.0,-16.000389099121094
127.18932247161865,0.0,106.623,0.0,-15.995697021484375
127.22757315635681,0.0,106.622,0.0,-15.993070602416992
127.24784398078918,0.0,106.591,0.0,-15.991144180297852
127.29125189781189,0.0,106.485,0.0,-15.985716819763184
127.32323718070984,0.0,106.434,0.0,-15.980138778686523
127.35515356063843,0.0,106.384,0.0,-15.973833084106445
127.38824129104614,0.0,106.338,0.0,-15.959993362426758
127.42605876922607,0.0,106.311,0.0,-15.95348834991455
127.46610236167908,0.0,106.285,0.0,-15.94426441192627
127.49088597297668,0.0,106.238,0.0,-15.939005851745605
127.52242636680603,0.0,106.221,0.0,-15.935741424560547
127.55443000793457,0.0,106.213,0.0,-15.932130813598633
127.58681464195251,0.0,106.222,0.0,-15.929215431213379
127.6186854839325,0.0,106.206,0.0,-15.925792694091797
127.64874982833862,0.0,106.199,0.0,-15.924083709716797
127.67969083786011,0.0,106.187,0.0,-15.923203468322754
127.70253872871399,0.0,106.16,0.0,-15.922198295593262
127.74622702598572,0.0,106.175,0.0,-15.919905662536621
127.78941345214844,0.0,106.101,0.0,-15.915752410888672
127.82139205932617,0.0,106.038,0.0,-15.910964012145996
127.84052562713623,0.0,105.936,0.0,-15.903127670288086
127.87285208702087,0.0,105.877,0.0,-15.894754409790039
127.91017055511475,0.0,105.863,0.0,-15.887327194213867
127.94127798080444,0.0,105.874,0.0,-15.879134178161621
127.9731056690216,0.0,105.839,0.0,-15.876873016357422
128.00475478172302,0.0,105.811,0.0,-15.873860359191895
128.02877569198608,0.0,105.761,0.0,-15.870553970336914
128.05942487716675,0.0,105.74,0.0,-15.866096496582031
128.09606266021729,0.0,105.695,0.0,-15.85846996307373
128.12678623199463,0.0,105.683,0.0,-15.854580879211426
128.16531038284302,0.0,105.673,0.0,-15.848490715026855
128.19989132881165,0.0,105.685,0.0,-15.846790313720703
128.23077607154846,0.0,105.682,0.0,-15.845918655395508
128.26312637329102,0.0,105.676,0.0,-15.845301628112793
128.2955446243286,0.0,105.653,0.0,-15.843807220458984
128.328537940979,0.0,105.644,0.0,-15.842941284179688
128.36966180801392,0.0,105.612,0.0,-15.840139389038086
128.4081723690033,0.0,105.507,0.0,-15.835737228393555
128.43941283226013,0.0,105.419,0.0,-15.824009895324707
128.47175645828247,0.0,105.426,0.0,-15.818957328796387
128.5042462348938,0.0,105.332,0.0,-15.812278747558594
128.53571701049805,0.0,105.289,0.0,-15.80628490447998
128.56212210655212,0.0,105.259,0.0,-15.800034523010254
128.61600804328918,0.0,105.216,0.0,-15.784317970275879
128.64425206184387,0.0,105.185,0.0,-15.779520034790039
128.67580652236938,0.0,105.161,0.0,-15.775022506713867
128.6976969242096,0.0,105.168,0.0,-15.77206039428711
128.7343578338623,0.0,105.15,0.0,-15.770410537719727
128.76642990112305,0.0,105.141,0.0,-15.76755428314209
128.7986204624176,0.0,105.117,0.0,-15.765984535217285
128.8287284374237,0.0,105.091,0.0,-15.76395034790039
128.85778284072876,0.0,105.089,0.0,-15.761465072631836
