Time(s),Setpoint (C),Temperature (C),TotalOutput (%),PIDOutput (%)
0.45975208282470703,0.0,22.584,0.0,-3.6885297298431396
0.4855484962463379,0.0,22.583,0.0,-3.668755054473877
0.5161514282226562,0.0,22.576,0.0,-3.629000425338745
0.5529930591583252,0.0,22.597,0.0,-3.6101489067077637
0.5901308059692383,0.0,22.627,0.0,-3.577350616455078
0.6186916828155518,0.0,22.633,0.0,-3.562877893447876
0.6505444049835205,0.0,22.638,0.0,-3.549309015274048
0.68178391456604,0.0,22.626,0.0,-3.5353751182556152
0.7141697406768799,0.0,22.615,0.0,-3.5111467838287354
0.766237735748291,0.0,22.606,0.0,-3.490145444869995
0.7948675155639648,0.0,22.603,0.0,-3.480576276779175
0.8264784812927246,0.0,22.612,0.0,-3.471766948699951
0.870246171951294,0.0,22.618,0.0,-3.4573466777801514
0.8902537822723389,0.0,22.614,0.0,-3.4512929916381836
0.9222080707550049,0.0,22.633,0.0,-3.445594310760498
0.9541335105895996,0.0,22.643,0.0,-3.4412193298339844
0.9855172634124756,0.0,22.652,0.0,-3.437563896179199
1.0176818370819092,0.0,22.645,0.0,-3.4323372840881348
1.0490643978118896,0.0,22.637,0.0,-3.429063081741333
1.0808053016662598,0.0,22.636,0.0,-3.4257235527038574
1.112788438796997,0.0,22.608,0.0,-3.422673463821411
1.1447877883911133,0.0,22.62,0.0,-3.4158883094787598
1.1701416969299316,0.0,22.611,0.0,-3.41298770904541
1.2041797637939453,0.0,22.622,0.0,-3.4106826782226562
1.2427115440368652,0.0,22.63,0.0,-3.407656192779541
1.268244981765747,0.0,22.648,0.0,-3.4072470664978027
1.302323341369629,0.0,22.665,0.0,-3.406667470932007
1.3348870277404785,0.0,22.657,0.0,-3.4068527221679688
1.3669564723968506,0.0,22.648,0.0,-3.4057226181030273
1.3989951610565186,0.0,22.641,0.0,-3.4046926498413086
1.4308149814605713,0.0,22.618,0.0,-3.4028985500335693
1.4662699699401855,0.0,22.622,0.0,-3.4001874923706055
1.526643991470337,0.0,22.661,0.0,-3.4004499912261963
1.5578551292419434,0.0,22.67,0.0,-3.401149034500122
1.5795862674713135,0.0,22.67,0.0,-3.4017953872680664
1.613724946975708,0.0,22.655,0.0,-3.401400089263916
1.6696360111236572,0.0,22.652,0.0,-3.400938034057617
1.7029788494110107,0.0,22.657,0.0,-3.400615930557251
1.7407867908477783,0.0,22.648,0.0,-3.4000635147094727
1.7705507278442383,0.0,22.623,0.0,-3.399160861968994
1.8027427196502686,0.0,22.626,0.0,-3.3978896141052246
1.8372364044189453,0.0,22.623,0.0,-3.3970117568969727
1.8692970275878906,0.0,22.609,0.0,-3.394873857498169
1.9023778438568115,0.0,22.609,0.0,-3.393932819366455
1.9192328453063965,0.0,22.609,0.0,-3.3932037353515625
1.9536652565002441,0.0,22.657,0.0,-3.39335560798645
1.9921584129333496,0.0,22.662,0.0,-3.3960869312286377
2.0213046073913574,0.0,22.661,0.0,-3.397052049636841
2.0479907989501953,0.0,22.652,0.0,-3.3974106311798096
2.0819809436798096,0.0,22.65,0.0,-3.397592782974243
2.120274066925049,0.0,22.647,0.0,-3.3976850509643555
2.169729709625244,0.0,22.634,0.0,-3.396702766418457
2.2032456398010254,0.0,22.634,0.0,-3.396324634552002
2.233346462249756,0.0,22.641,0.0,-3.3957760334014893
2.2694525718688965,0.0,22.641,0.0,-3.395986557006836
2.302432060241699,0.0,22.641,0.0,-3.396055221557617
2.3363358974456787,0.0,22.623,0.0,-3.3960227966308594
2.369041919708252,0.0,22.614,0.0,-3.3944053649902344
2.392343044281006,0.0,22.622,0.0,-3.39369797706604
2.420137643814087,0.0,22.615,0.0,-3.3934924602508545
2.4533801078796387,0.0,22.61,0.0,-3.3930466175079346
2.486015558242798,0.0,22.608,0.0,-3.3924996852874756
2.5178186893463135,0.0,22.623,0.0,-3.391669750213623
2.550069570541382,0.0,22.643,0.0,-3.392011880874634
2.58187198638916,0.0,22.655,0.0,-3.393126964569092
2.618119716644287,0.0,22.654,0.0,-3.395522117614746
2.645585298538208,0.0,22.639,0.0,-3.3959314823150635
2.6702609062194824,0.0,22.642,0.0,-3.3959903717041016
2.7033283710479736,0.0,22.636,0.0,-3.396156072616577
2.7363784313201904,0.0,22.64,0.0,-3.396026372909546
2.7701072692871094,0.0,22.638,0.0,-3.3961734771728516
2.8003251552581787,0.0,22.639,0.0,-3.3961081504821777
2.8374295234680176,0.0,22.625,0.0,-3.396094799041748
2.8672022819519043,0.0,22.634,0.0,-3.395401954650879
2.8929038047790527,0.0,22.636,0.0,-3.3954148292541504
2.9216392040252686,0.0,22.643,0.0,-3.3957176208496094
2.952274799346924,0.0,22.634,0.0,-3.395824432373047
2.9843387603759766,0.0,22.624,0.0,-3.3956527709960938
3.016183853149414,0.0,22.633,0.0,-3.3950469493865967
3.047274351119995,0.0,22.64,0.0,-3.3953020572662354
3.079835891723633,0.0,22.636,0.0,-3.395331621170044
3.1203176975250244,0.0,22.614,0.0,-3.3944478034973145
3.152101993560791,0.0,22.624,0.0,-3.3941681385040283
3.16907000541687,0.0,22.633,0.0,-3.394333600997925
3.204209566116333,0.0,22.639,0.0,-3.39471697807312
3.236806869506836,0.0,22.647,0.0,-3.395561456680298
3.269731044769287,0.0,22.643,0.0,-3.3963446617126465
3.3033106327056885,0.0,22.634,0.0,-3.3964357376098633
3.337172508239746,0.0,22.627,0.0,-3.3961234092712402
3.370590925216675,0.0,22.636,0.0,-3.395249128341675
3.392465353012085,0.0,22.636,0.0,-3.3952841758728027
3.420614719390869,0.0,22.646,0.0,-3.3956475257873535
3.450754404067993,0.0,22.646,0.0,-3.396012306213379
3.484750509262085,0.0,22.647,0.0,-3.3962926864624023
3.518354892730713,0.0,22.646,0.0,-3.3967013359069824
3.5491700172424316,0.0,22.658,0.0,-3.3974030017852783
3.5805234909057617,0.0,22.655,0.0,-3.3978562355041504
3.6181204319000244,0.0,22.656,0.0,-3.398275136947632
3.6520590782165527,0.0,22.643,0.0,-3.3977508544921875
3.6700375080108643,0.0,22.643,0.0,-3.3974642753601074
3.7035839557647705,0.0,22.643,0.0,-3.397279977798462
3.7320737838745117,0.0,22.639,0.0,-3.3970913887023926
3.769702672958374,0.0,22.644,0.0,-3.3967385292053223
3.8014018535614014,0.0,22.64,0.0,-3.3965415954589844
3.8285887241363525,0.0,22.649,0.0,-3.3967671394348145
3.862828254699707,0.0,22.637,0.0,-3.3973190784454346
3.8967223167419434,0.0,22.64,0.0,-3.3966329097747803
3.920092821121216,0.0,22.62,0.0,-3.3956151008605957
3.9512176513671875,0.0,22.606,0.0,-3.394242286682129
3.9868273735046387,0.0,22.606,0.0,-3.393690586090088
4.018855810165405,0.0,22.612,0.0,-3.3923215866088867
4.047795057296753,0.0,22.624,0.0,-3.3924922943115234
4.086434364318848,0.0,22.633,0.0,-3.3932671546936035
4.120441675186157,0.0,22.62,0.0,-3.394103527069092
4.152577638626099,0.0,22.608,0.0,-3.393737554550171
4.1699254512786865,0.0,22.602,0.0,-3.3929553031921387
4.202361822128296,0.0,22.605,0.0,-3.3921051025390625
4.23462176322937,0.0,22.615,0.0,-3.391582727432251
4.268091201782227,0.0,22.617,0.0,-3.3916006088256836
4.303974628448486,0.0,22.626,0.0,-3.3917298316955566
4.335766792297363,0.0,22.631,0.0,-3.3922171592712402
4.367966890335083,0.0,22.649,0.0,-3.3940322399139404
4.401284217834473,0.0,22.65,0.0,-3.395061492919922
4.42046046257019,0.0,22.65,0.0,-3.3958122730255127
4.453157663345337,0.0,22.655,0.0,-3.395840644836426
4.485052585601807,0.0,22.647,0.0,-3.396611213684082
4.518083333969116,0.0,22.634,0.0,-3.3965020179748535
4.553313732147217,0.0,22.626,0.0,-3.396634101867676
4.585356950759888,0.0,22.633,0.0,-3.395972728729248
4.6174561977386475,0.0,22.64,0.0,-3.3958659172058105
4.649808168411255,0.0,22.641,0.0,-3.3959946632385254
4.681241512298584,0.0,22.646,0.0,-3.396216630935669
4.713838577270508,0.0,22.65,0.0,-3.396468162536621
4.736670255661011,0.0,22.658,0.0,-3.3968257904052734
4.769506454467773,0.0,22.646,0.0,-3.3973913192749023
4.802286148071289,0.0,22.643,0.0,-3.3972256183624268
4.836556911468506,0.0,22.639,0.0,-3.3973426818847656
4.871816396713257,0.0,22.631,0.0,-3.396406650543213
4.920130968093872,0.0,22.635,0.0,-3.3958418369293213
4.953516006469727,0.0,22.636,0.0,-3.3957111835479736
4.986613035202026,0.0,22.647,0.0,-3.395610809326172
5.0203697681427,0.0,22.642,0.0,-3.396001100540161
5.052402973175049,0.0,22.651,0.0,-3.3960883617401123
5.083915710449219,0.0,22.656,0.0,-3.396533489227295
5.11081337928772,0.0,22.663,0.0,-3.3970861434936523
5.1518495082855225,0.0,22.651,0.0,-3.3981447219848633
5.169100284576416,0.0,22.639,0.0,-3.398106813430786
5.202852010726929,0.0,22.632,0.0,-3.397566318511963
5.235316276550293,0.0,22.635,0.0,-3.3968489170074463
5.267079591751099,0.0,22.642,0.0,-3.3964173793792725
5.29898738861084,0.0,22.66,0.0,-3.3966407775878906
5.330974102020264,0.0,22.665,0.0,-3.3973066806793213
5.3628621101379395,0.0,22.666,0.0,-3.3980300426483154
5.395222902297974,0.0,22.682,0.0,-3.399754762649536
5.42692494392395,0.0,22.697,0.0,-3.400869369506836
5.453941345214844,0.0,22.699,0.0,-3.4020965099334717
5.48600435256958,0.0,22.701,0.0,-3.4031131267547607
5.516834497451782,0.0,22.692,0.0,-3.403963804244995
5.553884029388428,0.0,22.691,0.0,-3.404357433319092
5.5857017040252686,0.0,22.68,0.0,-3.4040627479553223
5.62076473236084,0.0,22.687,0.0,-3.403752088546753
5.6489338874816895,0.0,22.689,0.0,-3.403837203979492
5.6814422607421875,0.0,22.698,0.0,-3.404266834259033
5.7135841846466064,0.0,22.698,0.0,-3.4046688079833984
5.736901044845581,0.0,22.704,0.0,-3.4048807621002197
5.777570962905884,0.0,22.701,0.0,-3.4054508209228516
5.79352879524231,0.0,22.695,0.0,-3.405566692352295
5.825840711593628,0.0,22.67,0.0,-3.4053897857666016
5.857746601104736,0.0,22.656,0.0,-3.4041895866394043
5.895344257354736,0.0,22.655,0.0,-3.401437759399414
5.922119617462158,0.0,22.662,0.0,-3.400533437728882
5.953760623931885,0.0,22.667,0.0,-3.4000916481018066
5.985531568527222,0.0,22.657,0.0,-3.399967908859253
6.017321348190308,0.0,22.651,0.0,-3.398824691772461
6.048619270324707,0.0,22.647,0.0,-3.3985114097595215
6.081003189086914,0.0,22.658,0.0,-3.397944927215576
6.1131744384765625,0.0,22.666,0.0,-3.3979811668395996
6.143746852874756,0.0,22.651,0.0,-3.398029327392578
6.169916868209839,0.0,22.661,0.0,-3.3982057571411133
6.202378273010254,0.0,22.663,0.0,-3.3983516693115234
6.2366414070129395,0.0,22.683,0.0,-3.3985564708709717
6.268707275390625,0.0,22.694,0.0,-3.4008054733276367
6.300931692123413,0.0,22.679,0.0,-3.401136875152588
6.332979202270508,0.0,22.667,0.0,-3.40126371383667
6.364079236984253,0.0,22.652,0.0,-3.40097975730896
6.39559268951416,0.0,22.66,0.0,-3.3998022079467773
6.426843881607056,0.0,22.655,0.0,-3.3993420600891113
6.458419561386108,0.0,22.672,0.0,-3.3988211154937744
6.486982107162476,0.0,22.663,0.0,-3.3993046283721924
6.520538568496704,0.0,22.675,0.0,-3.3998119831085205
6.551076173782349,0.0,22.68,0.0,-3.4004156589508057
6.583177804946899,0.0,22.673,0.0,-3.400588035583496
6.619922637939453,0.0,22.683,0.0,-3.401636838912964
6.6466968059539795,0.0,22.667,0.0,-3.401942253112793
6.678950548171997,0.0,22.672,0.0,-3.4015002250671387
6.710468292236328,0.0,22.68,0.0,-3.4013631343841553
6.742932081222534,0.0,22.707,0.0,-3.4028940200805664
6.7715537548065186,0.0,22.679,0.0,-3.40297269821167
6.803297281265259,0.0,22.671,0.0,-3.402772903442383
6.828376293182373,0.0,22.666,0.0,-3.4022746086120605
6.870347261428833,0.0,22.69,0.0,-3.402212619781494
6.903501272201538,0.0,22.693,0.0,-3.4026687145233154
6.920474290847778,0.0,22.693,0.0,-3.4031007289886475
6.952976226806641,0.0,22.68,0.0,-3.403428554534912
6.984259128570557,0.0,22.667,0.0,-3.4031293392181396
7.02170729637146,0.0,22.675,0.0,-3.402070999145508
7.052509307861328,0.0,22.684,0.0,-3.4022350311279297
7.084991931915283,0.0,22.693,0.0,-3.4021925926208496
7.1167802810668945,0.0,22.681,0.0,-3.4027037620544434
7.148256540298462,0.0,22.67,0.0,-3.4020421504974365
7.179852247238159,0.0,22.682,0.0,-3.402118682861328
7.211609363555908,0.0,22.69,0.0,-3.402345657348633
7.236948728561401,0.0,22.693,0.0,-3.4026880264282227
7.270406723022461,0.0,22.689,0.0,-3.4032063484191895
7.303255558013916,0.0,22.695,0.0,-3.4035544395446777
7.336809873580933,0.0,22.689,0.0,-3.40356707572937
7.370048761367798,0.0,22.683,0.0,-3.4033515453338623
7.40331506729126,0.0,22.672,0.0,-3.4031448364257812
7.435559988021851,0.0,22.66,0.0,-3.402520179748535
7.470662593841553,0.0,22.66,0.0,-3.4006857872009277
7.499955415725708,0.0,22.675,0.0,-3.400120973587036
7.537026882171631,0.0,22.671,0.0,-3.4003219604492188
7.5682594776153564,0.0,22.681,0.0,-3.4003169536590576
7.602609872817993,0.0,22.674,0.0,-3.4011151790618896
7.634355068206787,0.0,22.677,0.0,-3.4010727405548096
7.666124582290649,0.0,22.674,0.0,-3.4011688232421875
7.698251485824585,0.0,22.671,0.0,-3.4009578227996826
7.729620456695557,0.0,22.677,0.0,-3.4011292457580566
7.754693031311035,0.0,22.678,0.0,-3.401221990585327
7.79325795173645,0.0,22.682,0.0,-3.401337146759033
7.809620380401611,0.0,22.689,0.0,-3.4015955924987793
7.841458797454834,0.0,22.691,0.0,-3.402089834213257
7.8732428550720215,0.0,22.693,0.0,-3.4029953479766846
7.904983043670654,0.0,22.692,0.0,-3.403289794921875
7.936855792999268,0.0,22.698,0.0,-3.40334415435791
7.970465183258057,0.0,22.692,0.0,-3.4038946628570557
8.001439094543457,0.0,22.692,0.0,-3.403960704803467
8.033679723739624,0.0,22.678,0.0,-3.4034171104431152
8.064920425415039,0.0,22.651,0.0,-3.402151584625244
8.102535724639893,0.0,22.66,0.0,-3.400273323059082
8.13460659980774,0.0,22.67,0.0,-3.4002327919006348
8.166575908660889,0.0,22.69,0.0,-3.4005868434906006
8.198155879974365,0.0,22.675,0.0,-3.4012770652770996
8.22021746635437,0.0,22.671,0.0,-3.4010708332061768
8.25337290763855,0.0,22.687,0.0,-3.4015860557556152
8.284321546554565,0.0,22.691,0.0,-3.4021542072296143
8.319597482681274,0.0,22.696,0.0,-3.40293025970459
8.351683139801025,0.0,22.678,0.0,-3.40339732170105
8.384092330932617,0.0,22.683,0.0,-3.4029979705810547
8.415969610214233,0.0,22.68,0.0,-3.4028944969177246
8.447749376296997,0.0,22.673,0.0,-3.402142286300659
8.479657888412476,0.0,22.671,0.0,-3.401805877685547
8.503605604171753,0.0,22.668,0.0,-3.4014625549316406
8.542907238006592,0.0,22.667,0.0,-3.4010732173919678
8.570016145706177,0.0,22.664,0.0,-3.400348663330078
8.603588581085205,0.0,22.661,0.0,-3.399973154067993
8.637060642242432,0.0,22.674,0.0,-3.3996472358703613
8.652767419815063,0.0,22.673,0.0,-3.3999485969543457
8.685103178024292,0.0,22.685,0.0,-3.400146722793579
8.716770887374878,0.0,22.686,0.0,-3.4008092880249023
8.74863862991333,0.0,22.685,0.0,-3.4017577171325684
8.780274629592896,0.0,22.658,0.0,-3.401554584503174
8.811715602874756,0.0,22.66,0.0,-3.400766372680664
8.846917867660522,0.0,22.666,0.0,-3.4000909328460693
8.876178741455078,0.0,22.685,0.0,-3.4007763862609863
8.903927087783813,0.0,22.683,0.0,-3.4012255668640137
8.93501329421997,0.0,22.667,0.0,-3.401153326034546
8.970468521118164,0.0,22.653,0.0,-3.400019645690918
9.00169062614441,0.0,22.654,0.0,-3.399425745010376
9.034058809280396,0.0,22.666,0.0,-3.399475574493408
9.065457820892334,0.0,22.687,0.0,-3.3996877670288086
9.098035097122192,0.0,22.699,0.0,-3.4017601013183594
9.130357503890991,0.0,22.7,0.0,-3.4026782512664795
9.153200149536133,0.0,22.698,0.0,-3.4034247398376465
9.184715747833252,0.0,22.692,0.0,-3.403909921646118
9.21683645248413,0.0,22.68,0.0,-3.4040229320526123
9.248245477676392,0.0,22.693,0.0,-3.4033403396606445
9.280414819717407,0.0,22.699,0.0,-3.403597593307495
9.312335968017578,0.0,22.704,0.0,-3.4040420055389404
9.346547603607178,0.0,22.695,0.0,-3.4046237468719482
9.375594139099121,0.0,22.702,0.0,-3.4044737815856934
9.407313823699951,0.0,22.684,0.0,-3.404811382293701
9.436890125274658,0.0,22.699,0.0,-3.404308319091797
9.472125768661499,0.0,22.695,0.0,-3.404548168182373
9.503643274307251,0.0,22.703,0.0,-3.4042108058929443
9.536488056182861,0.0,22.695,0.0,-3.4046168327331543
9.572898864746094,0.0,22.694,0.0,-3.4045214653015137
9.600237607955933,0.0,22.701,0.0,-3.4047579765319824
9.636154174804688,0.0,22.701,0.0,-3.4048099517822266
9.65325403213501,0.0,22.701,0.0,-3.4049713611602783
9.685744762420654,0.0,22.699,0.0,-3.4049229621887207
9.718842506408691,0.0,22.676,0.0,-3.4049649238586426
9.751163244247437,0.0,22.67,0.0,-3.4030473232269287
9.783130645751953,0.0,22.67,0.0,-3.4022908210754395
9.814860582351685,0.0,22.675,0.0,-3.4013326168060303
9.84719967842102,0.0,22.681,0.0,-3.4013357162475586
9.878676652908325,0.0,22.685,0.0,-3.4016268253326416
9.91042160987854,0.0,22.697,0.0,-3.402362823486328
9.942839860916138,0.0,22.705,0.0,-3.403062343597412
9.97461986541748,0.0,22.713,0.0,-3.404731273651123
10.003505945205688,0.0,22.705,0.0,-3.405099630355835
10.038811445236206,0.0,22.719,0.0,-3.4053778648376465
10.07163691520691,0.0,22.702,0.0,-3.4067800045013428
10.102437496185303,0.0,22.702,0.0,-3.406524181365967
10.13458776473999,0.0,22.699,0.0,-3.406315565109253
10.153188228607178,0.0,22.704,0.0,-3.4060192108154297
10.18824577331543,0.0,22.696,0.0,-3.405992269515991
10.223522424697876,0.0,22.693,0.0,-3.405216932296753
10.25098180770874,0.0,22.691,0.0,-3.4046430587768555
10.287007331848145,0.0,22.691,0.0,-3.4043660163879395
10.319127798080444,0.0,22.692,0.0,-3.4041521549224854
10.350327968597412,0.0,22.708,0.0,-3.404399871826172
10.385036945343018,0.0,22.715,0.0,-3.4048969745635986
10.416720628738403,0.0,22.707,0.0,-3.4055750370025635
10.449166059494019,0.0,22.703,0.0,-3.4057323932647705
10.481077671051025,0.0,22.665,0.0,-3.405118227005005
10.512379884719849,0.0,22.665,0.0,-3.403632640838623
10.543851375579834,0.0,22.655,0.0,-3.4024853706359863
10.575941801071167,0.0,22.642,0.0,-3.399643898010254
10.607326745986938,0.0,22.671,0.0,-3.399139404296875
10.63867712020874,0.0,22.683,0.0,-3.39931321144104
10.674453020095825,0.0,22.702,0.0,-3.4012887477874756
10.701782703399658,0.0,22.706,0.0,-3.402487277984619
10.732994318008423,0.0,22.695,0.0,-3.402956485748291
10.768440008163452,0.0,22.691,0.0,-3.403236150741577
10.80070424079895,0.0,22.687,0.0,-3.4033005237579346
10.832252025604248,0.0,22.695,0.0,-3.40358304977417
10.864452838897705,0.0,22.689,0.0,-3.403211832046509
10.899012804031372,0.0,22.69,0.0,-3.403337001800537
10.927627325057983,0.0,22.686,0.0,-3.403228521347046
10.959743738174438,0.0,22.697,0.0,-3.403143882751465
10.982064008712769,0.0,22.7,0.0,-3.4035398960113525
11.018924474716187,0.0,22.714,0.0,-3.4039711952209473
11.051341533660889,0.0,22.722,0.0,-3.405336856842041
11.086322546005249,0.0,22.711,0.0,-3.4062716960906982
11.11837100982666,0.0,22.679,0.0,-3.4065232276916504
11.149979591369629,0.0,22.672,0.0,-3.404247283935547
11.182003736495972,0.0,22.678,0.0,-3.403297185897827
11.21426796913147,0.0,22.706,0.0,-3.402815103530884
11.246414184570312,0.0,22.695,0.0,-3.4036214351654053
11.286173105239868,0.0,22.682,0.0,-3.4032835960388184
11.317858695983887,0.0,22.679,0.0,-3.402980327606201
11.349401473999023,0.0,22.681,0.0,-3.402433156967163
11.381053447723389,0.0,22.699,0.0,-3.4027531147003174
11.413047790527344,0.0,22.706,0.0,-3.4032983779907227
11.448205947875977,0.0,22.721,0.0,-3.405200481414795
11.478042602539062,0.0,22.741,0.0,-3.406952142715454
11.509370565414429,0.0,22.748,0.0,-3.408297300338745
11.542061805725098,0.0,22.751,0.0,-3.409616708755493
11.574601411819458,0.0,22.752,0.0,-3.4116363525390625
11.60681962966919,0.0,22.777,0.0,-3.4133517742156982
11.637428998947144,0.0,22.779,0.0,-3.4147348403930664
11.674261569976807,0.0,22.803,0.0,-3.418165922164917
11.718849420547485,0.0,22.785,0.0,-3.4189398288726807
11.753589153289795,0.0,22.764,0.0,-3.418410539627075
11.786429643630981,0.0,22.722,0.0,-3.4160304069519043
11.818684339523315,0.0,22.717,0.0,-3.4141619205474854
11.852577686309814,0.0,22.717,0.0,-3.411154270172119
11.885118246078491,0.0,22.739,0.0,-3.4101510047912598
11.916680097579956,0.0,22.732,0.0,-3.4103002548217773
11.948755741119385,0.0,22.732,0.0,-3.4095299243927
11.98159384727478,0.0,22.731,0.0,-3.409536123275757
12.012123584747314,0.0,22.739,0.0,-3.409503936767578
12.05111050605774,0.0,22.726,0.0,-3.4095213413238525
12.077945709228516,0.0,22.716,0.0,-3.408874273300171
12.109276294708252,0.0,22.702,0.0,-3.4082109928131104
12.141331195831299,0.0,22.717,0.0,-3.407285451889038
12.174440383911133,0.0,22.712,0.0,-3.406951427459717
12.205929517745972,0.0,22.717,0.0,-3.406972646713257
12.238587856292725,0.0,22.715,0.0,-3.407461404800415
12.269354104995728,0.0,22.712,0.0,-3.407302141189575
12.303337574005127,0.0,22.7,0.0,-3.4063775539398193
12.333529472351074,0.0,22.71,0.0,-3.406278133392334
12.374286651611328,0.0,22.729,0.0,-3.407193183898926
12.402060508728027,0.0,22.737,0.0,-3.4080677032470703
12.431244134902954,0.0,22.713,0.0,-3.4077394008636475
12.470406293869019,0.0,22.702,0.0,-3.407487154006958
12.504735231399536,0.0,22.693,0.0,-3.406590461730957
12.534772872924805,0.0,22.709,0.0,-3.4057700634002686
12.566796779632568,0.0,22.726,0.0,-3.4058151245117188
12.598554134368896,0.0,22.725,0.0,-3.4074995517730713
12.629735946655273,0.0,22.708,0.0,-3.407841444015503
12.660306215286255,0.0,22.693,0.0,-3.4073920249938965
12.69214940071106,0.0,22.681,0.0,-3.40641450881958
12.724146604537964,0.0,22.691,0.0,-3.4046123027801514
12.755969524383545,0.0,22.715,0.0,-3.404242515563965
12.788245677947998,0.0,22.728,0.0,-3.404933452606201
12.825685024261475,0.0,22.728,0.0,-3.4068715572357178
12.854026317596436,0.0,22.742,0.0,-3.4081168174743652
12.886672973632812,0.0,22.722,0.0,-3.4089090824127197
12.918623685836792,0.0,22.72,0.0,-3.4088432788848877
12.935205936431885,0.0,22.708,0.0,-3.408700942993164
12.966123819351196,0.0,22.701,0.0,-3.408080577850342
13.001073122024536,0.0,22.707,0.0,-3.4069509506225586
13.031098127365112,0.0,22.7,0.0,-3.406386137008667
13.061293125152588,0.0,22.724,0.0,-3.406203508377075
13.093900918960571,0.0,22.733,0.0,-3.4068222045898438
13.13694953918457,0.0,22.738,0.0,-3.408555030822754
13.169410228729248,0.0,22.728,0.0,-3.409311056137085
13.203055381774902,0.0,22.715,0.0,-3.408889055252075
13.234434366226196,0.0,22.72,0.0,-3.4087090492248535
13.266356468200684,0.0,22.724,0.0,-3.4087331295013428
13.299872636795044,0.0,22.72,0.0,-3.4081339836120605
13.331042289733887,0.0,22.73,0.0,-3.4085326194763184
13.36292839050293,0.0,22.731,0.0,-3.408839225769043
13.403688907623291,0.0,22.745,0.0,-3.4098706245422363
13.435023546218872,0.0,22.748,0.0,-3.4104909896850586
13.467443227767944,0.0,22.751,0.0,-3.411088705062866
13.500015258789062,0.0,22.754,0.0,-3.411977529525757
13.531413793563843,0.0,22.741,0.0,-3.4124574661254883
13.562579154968262,0.0,22.74,0.0,-3.4122695922851562
13.593904972076416,0.0,22.732,0.0,-3.4120702743530273
13.62552261352539,0.0,22.714,0.0,-3.410417079925537
13.656943559646606,0.0,22.713,0.0,-3.408891201019287
13.688066005706787,0.0,22.719,0.0,-3.4082999229431152
13.725587129592896,0.0,22.729,0.0,-3.408369541168213
13.752216815948486,0.0,22.741,0.0,-3.409087896347046
13.783963203430176,0.0,22.7,0.0,-3.4085543155670166
13.815594673156738,0.0,22.705,0.0,-3.4075140953063965
13.84168553352356,0.0,22.702,0.0,-3.4069247245788574
13.885998725891113,0.0,22.723,0.0,-3.4062530994415283
13.92043662071228,0.0,22.729,0.0,-3.406733512878418
13.95463252067566,0.0,22.73,0.0,-3.407902479171753
13.986820936203003,0.0,22.744,0.0,-3.4089088439941406
14.018807411193848,0.0,22.703,0.0,-3.408175230026245
14.049652338027954,0.0,22.71,0.0,-3.407093048095703
14.081043004989624,0.0,22.709,0.0,-3.4068195819854736
14.113582849502563,0.0,22.743,0.0,-3.408041477203369
14.145586729049683,0.0,22.736,0.0,-3.4088213443756104
14.17814302444458,0.0,22.731,0.0,-3.4096622467041016
14.208822965621948,0.0,22.731,0.0,-3.4097297191619873
14.241103172302246,0.0,22.713,0.0,-3.4097769260406494
14.275043487548828,0.0,22.708,0.0,-3.408614158630371
14.30585265159607,0.0,22.721,0.0,-3.4079384803771973
14.337198972702026,0.0,22.726,0.0,-3.407963275909424
14.369166612625122,0.0,22.729,0.0,-3.4081947803497314
14.40090823173523,0.0,22.723,0.0,-3.4084877967834473
14.433943033218384,0.0,22.743,0.0,-3.4089808464050293
14.450019121170044,0.0,22.743,0.0,-3.4096975326538086
14.486222505569458,0.0,22.729,0.0,-3.4102065563201904
14.517566919326782,0.0,22.733,0.0,-3.4100489616394043
14.548506498336792,0.0,22.714,0.0,-3.409317970275879
14.58633804321289,0.0,22.712,0.0,-3.4085919857025146
14.61733603477478,0.0,22.698,0.0,-3.4080724716186523
14.653079271316528,0.0,22.699,0.0,-3.4063682556152344
14.68498969078064,0.0,22.719,0.0,-3.4066617488861084
14.731719970703125,0.0,22.734,0.0,-3.408071517944336
14.764878988265991,0.0,22.745,0.0,-3.4090874195098877
14.79634165763855,0.0,22.74,0.0,-3.409451961517334
14.828980207443237,0.0,22.746,0.0,-3.410313367843628
14.861747741699219,0.0,22.734,0.0,-3.4108476638793945
14.893415212631226,0.0,22.735,0.0,-3.4107494354248047
14.926162481307983,0.0,22.711,0.0,-3.4101223945617676
14.955649852752686,0.0,22.718,0.0,-3.4092025756835938
14.986541271209717,0.0,22.7,0.0,-3.408783435821533
15.01894235610962,0.0,22.687,0.0,-3.4077038764953613
15.051995277404785,0.0,22.668,0.0,-3.4044713973999023
15.082190036773682,0.0,22.697,0.0,-3.403890609741211
15.113437175750732,0.0,22.713,0.0,-3.403836488723755
15.151552200317383,0.0,22.721,0.0,-3.405334949493408
15.178652048110962,0.0,22.7,0.0,-3.4051222801208496
15.209924936294556,0.0,22.701,0.0,-3.4050087928771973
15.242497205734253,0.0,22.705,0.0,-3.4049298763275146
15.263668537139893,0.0,22.719,0.0,-3.405045509338379
15.3035306930542,0.0,22.723,0.0,-3.4064342975616455
15.333778619766235,0.0,22.722,0.0,-3.4069392681121826
15.371033906936646,0.0,22.719,0.0,-3.407036066055298
15.40211009979248,0.0,22.727,0.0,-3.40779972076416
15.435127973556519,0.0,22.724,0.0,-3.408074378967285
15.451076030731201,0.0,22.733,0.0,-3.408660650253296
15.482237815856934,0.0,22.735,0.0,-3.4091923236846924
15.515789031982422,0.0,22.731,0.0,-3.409428358078003
15.553767204284668,0.0,22.719,0.0,-3.4088690280914307
15.585496425628662,0.0,22.71,0.0,-3.4086530208587646
15.616695165634155,0.0,22.677,0.0,-3.4081034660339355
15.64735221862793,0.0,22.691,0.0,-3.40628981590271
15.679604768753052,0.0,22.698,0.0,-3.405190944671631
15.713067293167114,0.0,22.746,0.0,-3.4049363136291504
15.745086431503296,0.0,22.725,0.0,-3.406764507293701
15.778520107269287,0.0,22.725,0.0,-3.407716989517212
15.809455871582031,0.0,22.706,0.0,-3.4072389602661133
15.840393543243408,0.0,22.721,0.0,-3.4068679809570312
15.871540784835815,0.0,22.739,0.0,-3.4072113037109375
15.887601613998413,0.0,22.75,0.0,-3.408233404159546
15.919869422912598,0.0,22.763,0.0,-3.4094836711883545
15.9696524143219,0.0,22.731,0.0,-3.411513566970825
16.00211215019226,0.0,22.732,0.0,-3.4109690189361572
16.034598350524902,0.0,22.738,0.0,-3.4110381603240967
16.068195581436157,0.0,22.751,0.0,-3.4112913608551025
16.100385427474976,0.0,22.753,0.0,-3.4118127822875977
16.133074283599854,0.0,22.734,0.0,-3.4118471145629883
16.164036750793457,0.0,22.723,0.0,-3.41103196144104
16.19653034210205,0.0,22.698,0.0,-3.4102253913879395
16.228214979171753,0.0,22.693,0.0,-3.4073376655578613
16.26097345352173,0.0,22.719,0.0,-3.407370090484619
16.292383432388306,0.0,22.727,0.0,-3.407402992248535
16.324912309646606,0.0,22.773,0.0,-3.407771348953247
16.357182502746582,0.0,22.75,0.0,-3.41096830368042
16.389452695846558,0.0,22.731,0.0,-3.4114990234375
16.420040607452393,0.0,22.72,0.0,-3.4111030101776123
16.453742027282715,0.0,22.711,0.0,-3.409343957901001
16.483827352523804,0.0,22.736,0.0,-3.4093382358551025
16.515932321548462,0.0,22.729,0.0,-3.409628391265869
16.548636198043823,0.0,22.725,0.0,-3.4095587730407715
16.584540128707886,0.0,22.716,0.0,-3.408954620361328
16.619264364242554,0.0,22.717,0.0,-3.4084928035736084
16.651835203170776,0.0,22.724,0.0,-3.408236503601074
16.67812752723694,0.0,22.718,0.0,-3.4080324172973633
16.702916860580444,0.0,22.698,0.0,-3.407038688659668
16.735896110534668,0.0,22.692,0.0,-3.40602445602417
16.771511793136597,0.0,22.702,0.0,-3.405249834060669
16.80342674255371,0.0,22.722,0.0,-3.4058072566986084
16.835265636444092,0.0,22.733,0.0,-3.4068405628204346
16.866899251937866,0.0,22.68,0.0,-3.406932830810547
16.89861822128296,0.0,22.662,0.0,-3.405496597290039
16.930529356002808,0.0,22.66,0.0,-3.402127265930176
16.96262812614441,0.0,22.652,0.0,-3.400641441345215
16.994016408920288,0.0,22.716,0.0,-3.4016988277435303
17.026397705078125,0.0,22.714,0.0,-3.404012680053711
17.059464693069458,0.0,22.742,0.0,-3.405949115753174
17.0897958278656,0.0,22.731,0.0,-3.4069886207580566
17.11950945854187,0.0,22.743,0.0,-3.407790184020996
17.154541492462158,0.0,22.742,0.0,-3.4100162982940674
17.18217897415161,0.0,22.741,0.0,-3.410566568374634
17.214887142181396,0.0,22.73,0.0,-3.410935401916504
17.245480060577393,0.0,22.724,0.0,-3.410743236541748
17.278191089630127,0.0,22.741,0.0,-3.410162925720215
17.309295892715454,0.0,22.757,0.0,-3.4105703830718994
17.340478897094727,0.0,22.775,0.0,-3.4115474224090576
17.385722398757935,0.0,22.753,0.0,-3.41473650932312
17.416829347610474,0.0,22.746,0.0,-3.414552688598633
17.43632936477661,0.0,22.721,0.0,-3.4140944480895996
17.46755862236023,0.0,22.731,0.0,-3.412670612335205
17.499583959579468,0.0,22.742,0.0,-3.411975145339966
17.531962156295776,0.0,22.753,0.0,-3.412278652191162
17.564040422439575,0.0,22.757,0.0,-3.4128239154815674
17.596370458602905,0.0,22.758,0.0,-3.4131529331207275
17.628989219665527,0.0,22.753,0.0,-3.4134416580200195
17.669647693634033,0.0,22.737,0.0,-3.4128031730651855
17.70242404937744,0.0,22.749,0.0,-3.4123377799987793
17.733254194259644,0.0,22.75,0.0,-3.4124364852905273
17.764493227005005,0.0,22.763,0.0,-3.4130547046661377
17.796911001205444,0.0,22.738,0.0,-3.4133176803588867
17.82888674736023,0.0,22.737,0.0,-3.41213059425354
17.860594987869263,0.0,22.746,0.0,-3.4120850563049316
17.89349126815796,0.0,22.747,0.0,-3.412090539932251
17.9285306930542,0.0,22.763,0.0,-3.4122631549835205
17.95736312866211,0.0,22.773,0.0,-3.4128966331481934
17.98914384841919,0.0,22.782,0.0,-3.413804054260254
18.021846294403076,0.0,22.796,0.0,-3.4148781299591064
18.05555009841919,0.0,22.791,0.0,-3.4171550273895264
18.082802057266235,0.0,22.743,0.0,-3.4161720275878906
18.119052171707153,0.0,22.717,0.0,-3.4150185585021973
18.15492343902588,0.0,22.721,0.0,-3.4116482734680176
18.18460702896118,0.0,22.71,0.0,-3.40970516204834
18.220795392990112,0.0,22.734,0.0,-3.4086318016052246
18.25142478942871,0.0,22.742,0.0,-3.4093246459960938
18.283957958221436,0.0,22.784,0.0,-3.4114880561828613
18.31504487991333,0.0,22.775,0.0,-3.4130001068115234
18.3474862575531,0.0,22.778,0.0,-3.4139585494995117
18.378846406936646,0.0,22.772,0.0,-3.415226936340332
18.411475658416748,0.0,22.779,0.0,-3.4158248901367188
18.444469451904297,0.0,22.787,0.0,-3.416611909866333
18.476478099822998,0.0,22.79,0.0,-3.4178435802459717
18.50865411758423,0.0,22.777,0.0,-3.417708396911621
18.540446758270264,0.0,22.778,0.0,-3.417588233947754
18.572484016418457,0.0,22.778,0.0,-3.417522668838501
18.604756116867065,0.0,22.779,0.0,-3.4165163040161133
18.635698795318604,0.0,22.759,0.0,-3.4167022705078125
18.66979432106018,0.0,22.742,0.0,-3.415999412536621
18.700083017349243,0.0,22.753,0.0,-3.414736270904541
18.73466968536377,0.0,22.723,0.0,-3.4119338989257812
18.76677393913269,0.0,22.736,0.0,-3.4108028411865234
18.80349826812744,0.0,22.779,0.0,-3.412064552307129
18.834742069244385,0.0,22.777,0.0,-3.4132957458496094
18.86900806427002,0.0,22.766,0.0,-3.4141693115234375
18.900794744491577,0.0,22.767,0.0,-3.414383888244629
18.93242835998535,0.0,22.751,0.0,-3.414077043533325
18.963746309280396,0.0,22.707,0.0,-3.4121670722961426
18.997313976287842,0.0,22.714,0.0,-3.4103574752807617
19.030071020126343,0.0,22.714,0.0,-3.408430814743042
19.058745622634888,0.0,22.767,0.0,-3.4100308418273926
19.09098792076111,0.0,22.754,0.0,-3.4111993312835693
19.122884273529053,0.0,22.745,0.0,-3.411649703979492
19.155098915100098,0.0,22.754,0.0,-3.411987781524658
19.18651294708252,0.0,22.753,0.0,-3.412229061126709
19.2178795337677,0.0,22.769,0.0,-3.4127111434936523
19.255146026611328,0.0,22.76,0.0,-3.413662910461426
19.28284764289856,0.0,22.77,0.0,-3.414233922958374
19.314743757247925,0.0,22.763,0.0,-3.4143764972686768
19.34613609313965,0.0,22.768,0.0,-3.4142708778381348
19.377449989318848,0.0,22.778,0.0,-3.4152743816375732
19.40946102142334,0.0,22.781,0.0,-3.41591215133667
19.441335439682007,0.0,22.782,0.0,-3.416438102722168
19.47395944595337,0.0,22.746,0.0,-3.4157421588897705
19.504119157791138,0.0,22.751,0.0,-3.4142301082611084
19.536945343017578,0.0,22.765,0.0,-3.414393424987793
19.56666398048401,0.0,22.759,0.0,-3.414518117904663
19.60224962234497,0.0,22.769,0.0,-3.414321184158325
19.634087085723877,0.0,22.758,0.0,-3.4146251678466797
19.666087865829468,0.0,22.772,0.0,-3.4143967628479004
19.698241233825684,0.0,22.793,0.0,-3.414806365966797
19.730551958084106,0.0,22.786,0.0,-3.4162096977233887
19.754992961883545,0.0,22.786,0.0,-3.4167823791503906
19.785061359405518,0.0,22.768,0.0,-3.417552947998047
19.817696809768677,0.0,22.749,0.0,-3.4170467853546143
19.85014533996582,0.0,22.746,0.0,-3.4158477783203125
19.882090091705322,0.0,22.759,0.0,-3.4145140647888184
19.914294242858887,0.0,22.787,0.0,-3.415227174758911
19.94603419303894,0.0,22.803,0.0,-3.4160311222076416
19.979766130447388,0.0,22.779,0.0,-3.417306423187256
20.01026940345764,0.0,22.77,0.0,-3.416908025741577
20.04126811027527,0.0,22.763,0.0,-3.417306900024414
20.073390245437622,0.0,22.783,0.0,-3.4166011810302734
20.106199026107788,0.0,22.791,0.0,-3.417445182800293
20.136897325515747,0.0,22.787,0.0,-3.417701005935669
20.169438123703003,0.0,22.811,0.0,-3.41890025138855
20.205302715301514,0.0,22.806,0.0,-3.4199180603027344
20.23706293106079,0.0,22.803,0.0,-3.4203720092773438
20.270317554473877,0.0,22.783,0.0,-3.4205832481384277
20.30176830291748,0.0,22.781,0.0,-3.4198927879333496
20.336423635482788,0.0,22.78,0.0,-3.4187021255493164
20.367952346801758,0.0,22.805,0.0,-3.418285846710205
20.400890827178955,0.0,22.787,0.0,-3.4190104007720947
20.43223476409912,0.0,22.763,0.0,-3.4181480407714844
20.4645574092865,0.0,22.792,0.0,-3.4171290397644043
20.496544361114502,0.0,22.802,0.0,-3.417559862136841
20.52837824821472,0.0,22.812,0.0,-3.4193177223205566
20.56008529663086,0.0,22.798,0.0,-3.419501781463623
20.591299772262573,0.0,22.809,0.0,-3.420351982116699
20.62397336959839,0.0,22.818,0.0,-3.420750379562378
20.655104160308838,0.0,22.836,0.0,-3.422696113586426
20.687325716018677,0.0,22.801,0.0,-3.422193765640259
20.719754457473755,0.0,22.806,0.0,-3.4220011234283447
20.75131607055664,0.0,22.788,0.0,-3.4218404293060303
20.784465312957764,0.0,22.8,0.0,-3.42075777053833
20.8200945854187,0.0,22.785,0.0,-3.4199745655059814
20.85689902305603,0.0,22.786,0.0,-3.418821334838867
20.884506225585938,0.0,22.798,0.0,-3.4185190200805664
20.90584397315979,0.0,22.808,0.0,-3.418792963027954
20.93588137626648,0.0,22.803,0.0,-3.4194283485412598
20.967304229736328,0.0,22.815,0.0,-3.419711112976074
21.002424240112305,0.0,22.821,0.0,-3.420433521270752
21.034520626068115,0.0,22.835,0.0,-3.4225339889526367
21.06594753265381,0.0,22.827,0.0,-3.42344069480896
21.098658323287964,0.0,22.802,0.0,-3.4237937927246094
21.130508422851562,0.0,22.798,0.0,-3.4222118854522705
21.161579847335815,0.0,22.811,0.0,-3.421760082244873
21.19388747215271,0.0,22.804,0.0,-3.421783447265625
21.224738359451294,0.0,22.81,0.0,-3.4215035438537598
21.257563829421997,0.0,22.81,0.0,-3.4215586185455322
21.290143966674805,0.0,22.803,0.0,-3.4212799072265625
21.32167410850525,0.0,22.78,0.0,-3.421104669570923
21.35554313659668,0.0,22.763,0.0,-3.418363332748413
21.386459350585938,0.0,22.746,0.0,-3.416421413421631
21.418497562408447,0.0,22.733,0.0,-3.414386749267578
21.448978900909424,0.0,22.718,0.0,-3.4128332138061523
21.48233389854431,0.0,22.732,0.0,-3.410248279571533
21.513968229293823,0.0,22.74,0.0,-3.4100143909454346
21.54666256904602,0.0,22.755,0.0,-3.4098658561706543
21.581308126449585,0.0,22.744,0.0,-3.4107351303100586
21.620058298110962,0.0,22.765,0.0,-3.4106733798980713
21.653207302093506,0.0,22.752,0.0,-3.411529541015625
21.686278820037842,0.0,22.785,0.0,-3.4130024909973145
21.71842908859253,0.0,22.773,0.0,-3.4142165184020996
21.75001883506775,0.0,22.774,0.0,-3.4146575927734375
21.782183408737183,0.0,22.781,0.0,-3.415635585784912
21.81511163711548,0.0,22.794,0.0,-3.416260242462158
21.84714365005493,0.0,22.803,0.0,-3.4171178340911865
21.88669443130493,0.0,22.816,0.0,-3.419490098953247
21.91860604286194,0.0,22.831,0.0,-3.4202170372009277
21.950844049453735,0.0,22.814,0.0,-3.421687126159668
21.966469526290894,0.0,22.815,0.0,-3.422091007232666
21.998028993606567,0.0,22.826,0.0,-3.422424077987671
22.031378984451294,0.0,22.814,0.0,-3.4231369495391846
22.062180995941162,0.0,22.829,0.0,-3.4237565994262695
22.094446897506714,0.0,22.813,0.0,-3.4235424995422363
22.12627410888672,0.0,22.828,0.0,-3.4236507415771484
22.15782928466797,0.0,22.824,0.0,-3.424175500869751
22.190011501312256,0.0,22.846,0.0,-3.424253225326538
22.22187089920044,0.0,22.818,0.0,-3.425219774246216
22.2576003074646,0.0,22.797,0.0,-3.423781394958496
22.28701114654541,0.0,22.801,0.0,-3.42274808883667
22.3157057762146,0.0,22.805,0.0,-3.4221081733703613
22.35183024406433,0.0,22.807,0.0,-3.421776294708252
22.37423586845398,0.0,22.798,0.0,-3.421600818634033
22.403759479522705,0.0,22.792,0.0,-3.4210853576660156
22.435402631759644,0.0,22.779,0.0,-3.4193875789642334
22.467180728912354,0.0,22.814,0.0,-3.4198427200317383
22.50011420249939,0.0,22.833,0.0,-3.420410633087158
22.532284021377563,0.0,22.851,0.0,-3.4233665466308594
22.56397032737732,0.0,22.821,0.0,-3.423427104949951
22.595937490463257,0.0,22.8,0.0,-3.4226670265197754
22.626798152923584,0.0,22.786,0.0,-3.4219884872436523
22.659032583236694,0.0,22.798,0.0,-3.420513153076172
22.691735982894897,0.0,22.812,0.0,-3.4208261966705322
22.724117040634155,0.0,22.824,0.0,-3.420861005783081
22.756479263305664,0.0,22.824,0.0,-3.4221787452697754
22.788264751434326,0.0,22.827,0.0,-3.422621250152588
22.82008934020996,0.0,22.811,0.0,-3.4230852127075195
22.85147738456726,0.0,22.811,0.0,-3.42276668548584
22.883503675460815,0.0,22.737,0.0,-3.4217705726623535
22.91569232940674,0.0,22.73,0.0,-3.4186317920684814
22.95026421546936,0.0,22.691,0.0,-3.4159162044525146
22.983806371688843,0.0,22.71,0.0,-3.409344434738159
23.02342462539673,0.0,22.742,0.0,-3.4079761505126953
23.050483465194702,0.0,22.75,0.0,-3.4083056449890137
23.077286958694458,0.0,22.741,0.0,-3.4089386463165283
23.118051290512085,0.0,22.728,0.0,-3.4091522693634033
23.150335550308228,0.0,22.772,0.0,-3.408770799636841
23.18257188796997,0.0,22.79,0.0,-3.412355422973633
23.213478326797485,0.0,22.751,0.0,-3.4140467643737793
23.237420558929443,0.0,22.751,0.0,-3.4135985374450684
23.276577949523926,0.0,22.714,0.0,-3.412836790084839
23.308292388916016,0.0,22.689,0.0,-3.40875506401062
23.339625358581543,0.0,22.703,0.0,-3.40753173828125
23.37180209159851,0.0,22.73,0.0,-3.406567096710205
23.407337188720703,0.0,22.71,0.0,-3.4065613746643066
23.435458421707153,0.0,22.708,0.0,-3.4061434268951416
23.4664945602417,0.0,22.702,0.0,-3.4055917263031006
23.503005743026733,0.0,22.701,0.0,-3.404768705368042
23.5350399017334,0.0,22.738,0.0,-3.4059324264526367
23.566503524780273,0.0,22.758,0.0,-3.4078738689422607
23.59877347946167,0.0,22.763,0.0,-3.409010171890259
23.63342785835266,0.0,22.746,0.0,-3.4109091758728027
23.662540912628174,0.0,22.732,0.0,-3.4106478691101074
23.693864107131958,0.0,22.751,0.0,-3.411240577697754
23.72271990776062,0.0,22.753,0.0,-3.4117796421051025
23.752488136291504,0.0,22.755,0.0,-3.4116454124450684
23.78391170501709,0.0,22.761,0.0,-3.412814140319824
23.813775300979614,0.0,22.743,0.0,-3.4125516414642334
23.850608825683594,0.0,22.743,0.0,-3.4123406410217285
23.882335662841797,0.0,22.721,0.0,-3.4115304946899414
23.914280652999878,0.0,22.743,0.0,-3.410611629486084
23.94641900062561,0.0,22.742,0.0,-3.41082501411438
23.978243827819824,0.0,22.751,0.0,-3.410949230194092
24.00144124031067,0.0,22.738,0.0,-3.411423683166504
24.034048795700073,0.0,22.724,0.0,-3.4110612869262695
24.06406259536743,0.0,22.721,0.0,-3.4103736877441406
24.095544576644897,0.0,22.738,0.0,-3.409717082977295
24.12768793106079,0.0,22.75,0.0,-3.4099268913269043
24.159801244735718,0.0,22.759,0.0,-3.411118507385254
24.191219091415405,0.0,22.754,0.0,-3.4118993282318115
24.22321629524231,0.0,22.742,0.0,-3.412290573120117
24.260246992111206,0.0,22.721,0.0,-3.4110381603240967
24.287529706954956,0.0,22.711,0.0,-3.4098074436187744
24.318650007247925,0.0,22.715,0.0,-3.4086480140686035
24.350194692611694,0.0,22.726,0.0,-3.4081363677978516
24.381598472595215,0.0,22.755,0.0,-3.408212184906006
24.410155534744263,0.0,22.763,0.0,-3.410835027694702
24.43527626991272,0.0,22.755,0.0,-3.411533832550049
24.467599391937256,0.0,22.758,0.0,-3.4121973514556885
24.502949237823486,0.0,22.751,0.0,-3.4132089614868164
24.53429865837097,0.0,22.767,0.0,-3.413829803466797
24.565474271774292,0.0,22.758,0.0,-3.413940191268921
24.599212408065796,0.0,22.763,0.0,-3.413888931274414
24.634556531906128,0.0,22.759,0.0,-3.4142189025878906
24.67256736755371,0.0,22.752,0.0,-3.4139490127563477
24.696749448776245,0.0,22.721,0.0,-3.4124295711517334
24.726052045822144,0.0,22.707,0.0,-3.4111242294311523
24.75368094444275,0.0,22.733,0.0,-3.409653663635254
24.790254592895508,0.0,22.76,0.0,-3.4107275009155273
24.820575714111328,0.0,22.767,0.0,-3.4118881225585938
24.853768587112427,0.0,22.743,0.0,-3.412576913833618
24.88545799255371,0.0,22.733,0.0,-3.4120993614196777
24.937276124954224,0.0,22.742,0.0,-3.410853385925293
24.9676730632782,0.0,22.72,0.0,-3.4109318256378174
25.00419855117798,0.0,22.691,0.0,-3.410071849822998
25.043665409088135,0.0,22.69,0.0,-3.4065821170806885
25.084888458251953,0.0,22.738,0.0,-3.4056079387664795
25.116501569747925,0.0,22.737,0.0,-3.406778335571289
25.14010763168335,0.0,22.75,0.0,-3.4076576232910156
25.168752431869507,0.0,22.74,0.0,-3.4088945388793945
25.202025890350342,0.0,22.736,0.0,-3.4094371795654297
25.236407041549683,0.0,22.738,0.0,-3.4099724292755127
25.26764702796936,0.0,22.738,0.0,-3.410273313522339
25.2994167804718,0.0,22.727,0.0,-3.4104206562042236
25.33166813850403,0.0,22.719,0.0,-3.4100701808929443
25.36369562149048,0.0,22.717,0.0,-3.408907175064087
25.395024299621582,0.0,22.726,0.0,-3.4084389209747314
25.426594495773315,0.0,22.726,0.0,-3.4085006713867188
25.45918846130371,0.0,22.727,0.0,-3.408640146255493
25.48997473716736,0.0,22.725,0.0,-3.4086270332336426
25.522082090377808,0.0,22.715,0.0,-3.40815806388855
25.55515193939209,0.0,22.711,0.0,-3.407841205596924
25.58727502822876,0.0,22.711,0.0,-3.4071238040924072
25.619257926940918,0.0,22.728,0.0,-3.4076054096221924
25.65122938156128,0.0,22.738,0.0,-3.407480239868164
25.677534103393555,0.0,22.751,0.0,-3.4083123207092285
25.71471619606018,0.0,22.755,0.0,-3.4105947017669678
25.74635672569275,0.0,22.769,0.0,-3.412020444869995
25.77885675430298,0.0,22.754,0.0,-3.412567615509033
25.81081223487854,0.0,22.738,0.0,-3.4131336212158203
25.85385036468506,0.0,22.736,0.0,-3.4126334190368652
25.888567447662354,0.0,22.768,0.0,-3.4125661849975586
25.935749292373657,0.0,22.756,0.0,-3.4133224487304688
25.96816849708557,0.0,22.728,0.0,-3.413484573364258
26.000303268432617,0.0,22.719,0.0,-3.412423610687256
26.032244443893433,0.0,22.743,0.0,-3.411217212677002
26.063947200775146,0.0,22.71,0.0,-3.4102940559387207
26.09579110145569,0.0,22.721,0.0,-3.4091897010803223
26.137048959732056,0.0,22.724,0.0,-3.408637046813965
26.16729235649109,0.0,22.724,0.0,-3.409188747406006
26.199223279953003,0.0,22.754,0.0,-3.4089503288269043
26.215418100357056,0.0,22.754,0.0,-3.41003155708313
26.24808359146118,0.0,22.724,0.0,-3.410367488861084
26.279648303985596,0.0,22.758,0.0,-3.40987229347229
26.312479257583618,0.0,22.739,0.0,-3.4109292030334473
26.346325635910034,0.0,22.721,0.0,-3.4110612869262695
26.375388622283936,0.0,22.688,0.0,-3.4102792739868164
26.410773754119873,0.0,22.72,0.0,-3.4080967903137207
26.440199613571167,0.0,22.728,0.0,-3.408292770385742
26.471903562545776,0.0,22.745,0.0,-3.409166097640991
26.50498604774475,0.0,22.742,0.0,-3.4112322330474854
26.537867546081543,0.0,22.766,0.0,-3.412386894226074
26.570999145507812,0.0,22.765,0.0,-3.4132070541381836
26.602585077285767,0.0,22.764,0.0,-3.4137895107269287
26.63481116294861,0.0,22.741,0.0,-3.4144797325134277
26.66823434829712,0.0,22.755,0.0,-3.4137277603149414
26.700274229049683,0.0,22.741,0.0,-3.4137229919433594
26.731875896453857,0.0,22.75,0.0,-3.4131221771240234
26.76324486732483,0.0,22.77,0.0,-3.41336989402771
26.79530620574951,0.0,22.777,0.0,-3.414048194885254
26.827574729919434,0.0,22.759,0.0,-3.4148597717285156
26.86065983772278,0.0,22.741,0.0,-3.413849353790283
26.89275813102722,0.0,22.739,0.0,-3.413083076477051
26.924914360046387,0.0,22.77,0.0,-3.4129908084869385
26.956352710723877,0.0,22.774,0.0,-3.413715124130249
26.988473892211914,0.0,22.776,0.0,-3.4150798320770264
27.02021622657776,0.0,22.795,0.0,-3.4163646697998047
27.051783561706543,0.0,22.776,0.0,-3.4170114994049072
27.085330963134766,0.0,22.769,0.0,-3.4167470932006836
27.117424964904785,0.0,22.767,0.0,-3.4164271354675293
27.149065256118774,0.0,22.779,0.0,-3.416672945022583
27.18646764755249,0.0,22.795,0.0,-3.417109489440918
27.21865749359131,0.0,22.775,0.0,-3.4178435802459717
27.250433683395386,0.0,22.773,0.0,-3.417560338973999
27.278270721435547,0.0,22.782,0.0,-3.4172463417053223
27.31846833229065,0.0,22.811,0.0,-3.4175031185150146
27.354013919830322,0.0,22.804,0.0,-3.4187726974487305
27.386704921722412,0.0,22.808,0.0,-3.4201290607452393
27.418660879135132,0.0,22.812,0.0,-3.420849084854126
27.451369524002075,0.0,22.8,0.0,-3.4213476181030273
27.488701581954956,0.0,22.771,0.0,-3.4198715686798096
27.515406370162964,0.0,22.771,0.0,-3.4188222885131836
27.547043561935425,0.0,22.77,0.0,-3.418213129043579
27.57869529724121,0.0,22.772,0.0,-3.4174861907958984
27.611329078674316,0.0,22.755,0.0,-3.415924549102783
27.642154693603516,0.0,22.761,0.0,-3.4153432846069336
27.67592453956604,0.0,22.767,0.0,-3.4156570434570312
27.701262950897217,0.0,22.764,0.0,-3.41540265083313
27.736760139465332,0.0,22.783,0.0,-3.415647268295288
27.768233060836792,0.0,22.772,0.0,-3.4156253337860107
27.798722982406616,0.0,22.78,0.0,-3.4159488677978516
27.830209970474243,0.0,22.73,0.0,-3.4151530265808105
27.862344980239868,0.0,22.719,0.0,-3.4117541313171387
27.895026683807373,0.0,22.709,0.0,-3.4100053310394287
27.92706274986267,0.0,22.753,0.0,-3.408673048019409
27.962159156799316,0.0,22.754,0.0,-3.409938097000122
28.003198385238647,0.0,22.773,0.0,-3.410578966140747
28.034541368484497,0.0,22.762,0.0,-3.411888599395752
28.071662187576294,0.0,22.805,0.0,-3.4145724773406982
28.101755142211914,0.0,22.803,0.0,-3.4163405895233154
28.13443160057068,0.0,22.798,0.0,-3.418384313583374
28.166171312332153,0.0,22.796,0.0,-3.4185843467712402
28.197580575942993,0.0,22.78,0.0,-3.419017791748047
28.237518548965454,0.0,22.761,0.0,-3.4175808429718018
28.27039337158203,0.0,22.761,0.0,-3.4167733192443848
28.30164933204651,0.0,22.775,0.0,-3.416100263595581
28.33391809463501,0.0,22.776,0.0,-3.4161648750305176
28.365670204162598,0.0,22.787,0.0,-3.4167845249176025
28.398688554763794,0.0,22.788,0.0,-3.417233467102051
28.430505990982056,0.0,22.772,0.0,-3.4175338745117188
28.46278476715088,0.0,22.799,0.0,-3.417947769165039
28.494316816329956,0.0,22.801,0.0,-3.4186582565307617
28.527969121932983,0.0,22.822,0.0,-3.420081615447998
28.559468269348145,0.0,22.808,0.0,-3.4220948219299316
28.591559171676636,0.0,22.8,0.0,-3.423290491104126
28.622726440429688,0.0,22.803,0.0,-3.4226651191711426
28.654837369918823,0.0,22.813,0.0,-3.422287702560425
28.68773055076599,0.0,22.774,0.0,-3.4214625358581543
28.71978998184204,0.0,22.756,0.0,-3.420095920562744
28.75229024887085,0.0,22.753,0.0,-3.418276309967041
28.78648352622986,0.0,22.772,0.0,-3.416360378265381
28.816514492034912,0.0,22.821,0.0,-3.417124032974243
28.84938645362854,0.0,22.813,0.0,-3.4187302589416504
28.881027936935425,0.0,22.803,0.0,-3.4196391105651855
28.913357496261597,0.0,22.808,0.0,-3.4203426837921143
28.944904088974,0.0,22.793,0.0,-3.420034170150757
28.9770770072937,0.0,22.774,0.0,-3.419076442718506
29.01069140434265,0.0,22.754,0.0,-3.4167709350585938
29.039949417114258,0.0,22.761,0.0,-3.415926933288574
29.07215642929077,0.0,22.796,0.0,-3.4167537689208984
29.103676557540894,0.0,22.796,0.0,-3.417947769165039
29.138996362686157,0.0,22.801,0.0,-3.4188361167907715
29.167845964431763,0.0,22.823,0.0,-3.4201512336730957
29.200334787368774,0.0,22.789,0.0,-3.419735908508301
29.23292112350464,0.0,22.82,0.0,-3.4208340644836426
29.264386415481567,0.0,22.823,0.0,-3.4221935272216797
29.30315589904785,0.0,22.83,0.0,-3.4227075576782227
29.33975887298584,0.0,22.78,0.0,-3.421797513961792
29.366901397705078,0.0,22.737,0.0,-3.420389413833618
29.39971423149109,0.0,22.734,0.0,-3.417658567428589
29.41972780227661,0.0,22.771,0.0,-3.41542387008667
29.45340847969055,0.0,22.779,0.0,-3.415262460708618
29.491821765899658,0.0,22.796,0.0,-3.416311025619507
29.518629550933838,0.0,22.773,0.0,-3.417041778564453
29.549390077590942,0.0,22.774,0.0,-3.416649341583252
29.581105947494507,0.0,22.759,0.0,-3.4163947105407715
29.613951921463013,0.0,22.773,0.0,-3.415539264678955
29.646458864212036,0.0,22.737,0.0,-3.41447114944458
29.67704463005066,0.0,22.719,0.0,-3.4131948947906494
29.709003686904907,0.0,22.717,0.0,-3.4114675521850586
29.741690158843994,0.0,22.744,0.0,-3.4101428985595703
29.773369789123535,0.0,22.74,0.0,-3.4100584983825684
29.80627417564392,0.0,22.773,0.0,-3.4114444255828857
29.83774423599243,0.0,22.754,0.0,-3.4125194549560547
29.867779970169067,0.0,22.773,0.0,-3.4133481979370117
29.901223182678223,0.0,22.75,0.0,-3.4130311012268066
29.932721376419067,0.0,22.742,0.0,-3.4122462272644043
29.964350700378418,0.0,22.715,0.0,-3.4114041328430176
29.996203184127808,0.0,22.749,0.0,-3.410092830657959
30.027995347976685,0.0,22.765,0.0,-3.41051983833313
30.06316900253296,0.0,22.74,0.0,-3.4112820625305176
30.092222213745117,0.0,22.73,0.0,-3.4118494987487793
30.135372400283813,0.0,22.72,0.0,-3.4111194610595703
30.17043399810791,0.0,22.715,0.0,-3.4098563194274902
30.20304560661316,0.0,22.727,0.0,-3.4089748859405518
30.239624977111816,0.0,22.747,0.0,-3.4095354080200195
30.268314361572266,0.0,22.755,0.0,-3.410444498062134
30.300192832946777,0.0,22.715,0.0,-3.4100210666656494
30.33282232284546,0.0,22.72,0.0,-3.409153699874878
30.369828939437866,0.0,22.721,0.0,-3.408403158187866
30.401890516281128,0.0,22.711,0.0,-3.4078896045684814
30.433977365493774,0.0,22.704,0.0,-3.4073781967163086
30.46568751335144,0.0,22.712,0.0,-3.4065279960632324
30.514343738555908,0.0,22.779,0.0,-3.4101483821868896
30.54642963409424,0.0,22.763,0.0,-3.4113657474517822
30.57808256149292,0.0,22.768,0.0,-3.4125137329101562
30.609968662261963,0.0,22.705,0.0,-3.413393974304199
30.64245867729187,0.0,22.718,0.0,-3.4106926918029785
30.674447774887085,0.0,22.714,0.0,-3.4098613262176514
30.70697546005249,0.0,22.727,0.0,-3.4090514183044434
30.739983081817627,0.0,22.718,0.0,-3.4085440635681152
30.770122051239014,0.0,22.724,0.0,-3.4078807830810547
30.801363945007324,0.0,22.741,0.0,-3.407963752746582
30.832940101623535,0.0,22.752,0.0,-3.408750057220459
30.858956336975098,0.0,22.746,0.0,-3.4098260402679443
30.901177883148193,0.0,22.744,0.0,-3.411067485809326
30.918583869934082,0.0,22.743,0.0,-3.4112796783447266
30.952459812164307,0.0,22.763,0.0,-3.4113967418670654
30.989093542099,0.0,22.751,0.0,-3.412527084350586
31.015779972076416,0.0,22.762,0.0,-3.4131391048431396
31.047337770462036,0.0,22.783,0.0,-3.4138131141662598
31.079415798187256,0.0,22.779,0.0,-3.414994955062866
31.110947847366333,0.0,22.781,0.0,-3.415727138519287
31.142553091049194,0.0,22.754,0.0,-3.415698766708374
31.174049854278564,0.0,22.767,0.0,-3.4157161712646484
31.20624542236328,0.0,22.731,0.0,-3.4144554138183594
31.237502574920654,0.0,22.745,0.0,-3.413217544555664
31.269169330596924,0.0,22.736,0.0,-3.4121737480163574
31.300585746765137,0.0,22.744,0.0,-3.411992073059082
31.331969738006592,0.0,22.736,0.0,-3.4120635986328125
31.366003274917603,0.0,22.745,0.0,-3.4115774631500244
31.395568370819092,0.0,22.789,0.0,-3.413430690765381
31.419739961624146,0.0,22.799,0.0,-3.415283441543579
31.45102834701538,0.0,22.818,0.0,-3.417506694793701
31.48285150527954,0.0,22.776,0.0,-3.4187493324279785
31.51459765434265,0.0,22.771,0.0,-3.4178781509399414
31.553183794021606,0.0,22.766,0.0,-3.4172563552856445
31.5849027633667,0.0,22.812,0.0,-3.418189764022827
31.619258165359497,0.0,22.821,0.0,-3.4207005500793457
31.651139736175537,0.0,22.821,0.0,-3.421684503555298
31.68221092224121,0.0,22.821,0.0,-3.422422170639038
31.714918613433838,0.0,22.811,0.0,-3.423238754272461
31.74648141860962,0.0,22.791,0.0,-3.423128843307495
31.77813148498535,0.0,22.779,0.0,-3.422180414199829
31.810630559921265,0.0,22.77,0.0,-3.4209227561950684
31.842957496643066,0.0,22.792,0.0,-3.418074369430542
31.87432074546814,0.0,22.789,0.0,-3.4182684421539307
31.906927824020386,0.0,22.782,0.0,-3.418292760848999
31.93946385383606,0.0,22.798,0.0,-3.4184765815734863
31.968783617019653,0.0,22.787,0.0,-3.418369770050049
32.00061655044556,0.0,22.794,0.0,-3.418454647064209
32.03321599960327,0.0,22.794,0.0,-3.4186456203460693
32.066335678100586,0.0,22.811,0.0,-3.4196176528930664
32.09577441215515,0.0,22.814,0.0,-3.4203786849975586
32.12780785560608,0.0,22.785,0.0,-3.420457124710083
32.1597101688385,0.0,22.753,0.0,-3.4197964668273926
32.19223666191101,0.0,22.748,0.0,-3.4162864685058594
32.2232871055603,0.0,22.774,0.0,-3.416109085083008
32.249080419540405,0.0,22.78,0.0,-3.4162330627441406
32.284626960754395,0.0,22.799,0.0,-3.417555809020996
32.32126474380493,0.0,22.792,0.0,-3.418341875076294
32.352574586868286,0.0,22.794,0.0,-3.418562889099121
32.38344049453735,0.0,22.794,0.0,-3.41848087310791
32.41625618934631,0.0,22.794,0.0,-3.418811798095703
32.44764542579651,0.0,22.784,0.0,-3.4189209938049316
32.485124826431274,0.0,22.768,0.0,-3.4185831546783447
32.51840806007385,0.0,22.765,0.0,-3.4170522689819336
32.550323486328125,0.0,22.752,0.0,-3.4163432121276855
32.581868171691895,0.0,22.776,0.0,-3.415254831314087
32.615705490112305,0.0,22.783,0.0,-3.41586971282959
32.64499497413635,0.0,22.794,0.0,-3.416259765625
32.676552057266235,0.0,22.801,0.0,-3.416987419128418
32.70879030227661,0.0,22.794,0.0,-3.4178476333618164
32.74260139465332,0.0,22.831,0.0,-3.420058012008667
32.77282381057739,0.0,22.83,0.0,-3.4214320182800293
32.80439043045044,0.0,22.75,0.0,-3.4214746952056885
32.84061574935913,0.0,22.772,0.0,-3.418253183364868
32.869478702545166,0.0,22.764,0.0,-3.4172284603118896
32.90217447280884,0.0,22.8,0.0,-3.417949914932251
32.93320441246033,0.0,22.822,0.0,-3.4202322959899902
32.964351654052734,0.0,22.813,0.0,-3.42155385017395
33.0024778842926,0.0,22.838,0.0,-3.4228694438934326
33.03542447090149,0.0,22.859,0.0,-3.423957347869873
33.06843638420105,0.0,22.87,0.0,-3.427274703979492
33.100926876068115,0.0,22.806,0.0,-3.4285597801208496
33.131860971450806,0.0,22.794,0.0,-3.4268367290496826
33.163532733917236,0.0,22.802,0.0,-3.424018144607544
33.19503474235535,0.0,22.829,0.0,-3.423100233078003
33.22743010520935,0.0,22.825,0.0,-3.4235172271728516
33.25906229019165,0.0,22.809,0.0,-3.423666000366211
33.29100441932678,0.0,22.794,0.0,-3.4223263263702393
33.32242274284363,0.0,22.765,0.0,-3.4214298725128174
33.35453748703003,0.0,22.763,0.0,-3.4195199012756348
33.38724112510681,0.0,22.787,0.0,-3.4179651737213135
33.41980290412903,0.0,22.793,0.0,-3.417909622192383
33.45151615142822,0.0,22.81,0.0,-3.418903350830078
33.48306679725647,0.0,22.794,0.0,-3.4195146560668945
33.516594648361206,0.0,22.773,0.0,-3.4182980060577393
33.55276703834534,0.0,22.805,0.0,-3.4194867610931396
33.58562183380127,0.0,22.887,0.0,-3.419782876968384
33.61911129951477,0.0,22.871,0.0,-3.425626277923584
33.64850997924805,0.0,22.885,0.0,-3.42787504196167
33.6770133972168,0.0,22.884,0.0,-3.4295494556427
33.70289325714111,0.0,22.842,0.0,-3.4290523529052734
33.73421335220337,0.0,22.825,0.0,-3.4287233352661133
33.76889514923096,0.0,22.853,0.0,-3.4279685020446777
33.80142021179199,0.0,22.857,0.0,-3.428368330001831
33.83452653884888,0.0,22.846,0.0,-3.428785562515259
33.865286111831665,0.0,22.841,0.0,-3.428056478500366
33.89667844772339,0.0,22.825,0.0,-3.42769718170166
33.92941904067993,0.0,22.816,0.0,-3.4267358779907227
33.96051216125488,0.0,22.817,0.0,-3.4256060123443604
33.99213266372681,0.0,22.79,0.0,-3.422990322113037
34.02584671974182,0.0,22.784,0.0,-3.421618938446045
34.058348178863525,0.0,22.803,0.0,-3.4203171730041504
34.086621046066284,0.0,22.809,0.0,-3.42012357711792
34.11803078651428,0.0,22.806,0.0,-3.4200148582458496
34.15037441253662,0.0,22.796,0.0,-3.4200634956359863
34.1815447807312,0.0,22.801,0.0,-3.4196951389312744
34.2162139415741,0.0,22.834,0.0,-3.4209861755371094
34.24434757232666,0.0,22.816,0.0,-3.4212863445281982
34.27724027633667,0.0,22.772,0.0,-3.4212727546691895
34.308794260025024,0.0,22.768,0.0,-3.4196715354919434
34.340888261795044,0.0,22.794,0.0,-3.4182968139648438
34.367443323135376,0.0,22.805,0.0,-3.4187917709350586
34.44245100021362,0.0,22.839,0.0,-3.4228718280792236
34.469871520996094,0.0,22.84,0.0,-3.4238200187683105
34.50017428398132,0.0,22.837,0.0,-3.4244205951690674
34.532262325286865,0.0,22.831,0.0,-3.424623489379883
34.56357431411743,0.0,22.771,0.0,-3.4238884449005127
34.60394358634949,0.0,22.778,0.0,-3.4202513694763184
34.63509726524353,0.0,22.763,0.0,-3.419156551361084
34.66802716255188,0.0,22.792,0.0,-3.4164841175079346
34.69982981681824,0.0,22.789,0.0,-3.4168717861175537
34.7321412563324,0.0,22.805,0.0,-3.4170632362365723
34.764220237731934,0.0,22.808,0.0,-3.4178988933563232
34.796489000320435,0.0,22.804,0.0,-3.41984486579895
34.82778310775757,0.0,22.792,0.0,-3.4200332164764404
34.8600594997406,0.0,22.822,0.0,-3.4196763038635254
34.893061876297,0.0,22.786,0.0,-3.419912815093994
34.924328327178955,0.0,22.817,0.0,-3.4206349849700928
34.95657253265381,0.0,22.782,0.0,-3.4201014041900635
34.98806858062744,0.0,22.772,0.0,-3.4193100929260254
35.01990294456482,0.0,22.776,0.0,-3.417656898498535
35.051719188690186,0.0,22.788,0.0,-3.417687177658081
35.08291053771973,0.0,22.794,0.0,-3.4185168743133545
35.12089824676514,0.0,22.792,0.0,-3.4186182022094727
35.15441870689392,0.0,22.763,0.0,-3.417403221130371
35.16902685165405,0.0,22.757,0.0,-3.416217803955078
35.20452046394348,0.0,22.761,0.0,-3.415478467941284
35.23670721054077,0.0,22.739,0.0,-3.414919376373291
35.269381284713745,0.0,22.76,0.0,-3.41373348236084
35.30089044570923,0.0,22.774,0.0,-3.4135777950286865
35.33311104774475,0.0,22.764,0.0,-3.414062261581421
35.36600351333618,0.0,22.759,0.0,-3.414031744003296
35.3987922668457,0.0,22.747,0.0,-3.412729263305664
35.429901123046875,0.0,22.76,0.0,-3.4123263359069824
35.46307063102722,0.0,22.759,0.0,-3.412576675415039
35.495368003845215,0.0,22.768,0.0,-3.4132637977600098
35.52684926986694,0.0,22.736,0.0,-3.412123203277588
35.55862021446228,0.0,22.765,0.0,-3.4114625453948975
35.59182906150818,0.0,22.765,0.0,-3.4121835231781006
35.623900175094604,0.0,22.784,0.0,-3.4140024185180664
35.6544771194458,0.0,22.764,0.0,-3.414133071899414
35.68534278869629,0.0,22.76,0.0,-3.4129347801208496
35.719125747680664,0.0,22.777,0.0,-3.414029359817505
35.75009727478027,0.0,22.822,0.0,-3.4166057109832764
35.782442808151245,0.0,22.834,0.0,-3.419098377227783
35.81374454498291,0.0,22.83,0.0,-3.421013355255127
35.853007555007935,0.0,22.804,0.0,-3.423539161682129
35.88821792602539,0.0,22.779,0.0,-3.4231128692626953
35.919411182403564,0.0,22.766,0.0,-3.420091390609741
35.952120304107666,0.0,22.763,0.0,-3.4187865257263184
35.98384189605713,0.0,22.795,0.0,-3.4176430702209473
36.01871299743652,0.0,22.786,0.0,-3.418073892593384
36.048447370529175,0.0,22.83,0.0,-3.4184718132019043
36.08048439025879,0.0,22.844,0.0,-3.4202044010162354
36.112821102142334,0.0,22.861,0.0,-3.422125816345215
36.145535945892334,0.0,22.846,0.0,-3.42535400390625
36.177910566329956,0.0,22.843,0.0,-3.4257149696350098
36.21921992301941,0.0,22.852,0.0,-3.4270381927490234
36.25151491165161,0.0,22.834,0.0,-3.426856279373169
36.283287048339844,0.0,22.843,0.0,-3.4258923530578613
36.31599974632263,0.0,22.827,0.0,-3.4263014793395996
36.34884190559387,0.0,22.845,0.0,-3.4263756275177
36.380619049072266,0.0,22.838,0.0,-3.426412343978882
36.412466049194336,0.0,22.836,0.0,-3.4261724948883057
36.44533681869507,0.0,22.809,0.0,-3.42610239982605
36.47610116004944,0.0,22.808,0.0,-3.424927234649658
36.507014989852905,0.0,22.804,0.0,-3.4239675998687744
36.53291654586792,0.0,22.814,0.0,-3.42305326461792
36.56833815574646,0.0,22.869,0.0,-3.4237217903137207
36.60167741775513,0.0,22.885,0.0,-3.425595283508301
36.63717246055603,0.0,22.901,0.0,-3.427711248397827
36.67072105407715,0.0,22.87,0.0,-3.4304614067077637
36.70315885543823,0.0,22.839,0.0,-3.4296553134918213
36.73503756523132,0.0,22.833,0.0,-3.428842782974243
36.76716923713684,0.0,22.847,0.0,-3.427945613861084
36.80007290840149,0.0,22.859,0.0,-3.4282312393188477
36.83203673362732,0.0,22.821,0.0,-3.4270219802856445
36.86439847946167,0.0,22.831,0.0,-3.4259960651397705
36.896103858947754,0.0,22.837,0.0,-3.4255826473236084
36.9288649559021,0.0,22.825,0.0,-3.425050735473633
36.95962905883789,0.0,22.861,0.0,-3.4251036643981934
36.99248647689819,0.0,22.852,0.0,-3.4261977672576904
37.02367568016052,0.0,22.861,0.0,-3.4274046421051025
37.0558385848999,0.0,22.827,0.0,-3.4265432357788086
37.08743238449097,0.0,22.835,0.0,-3.425579071044922
37.12020230293274,0.0,22.855,0.0,-3.426215410232544
37.151039361953735,0.0,22.852,0.0,-3.426797866821289
37.18176555633545,0.0,22.835,0.0,-3.4271202087402344
37.214032888412476,0.0,22.834,0.0,-3.426651954650879
37.242433071136475,0.0,22.804,0.0,-3.4262447357177734
37.268545150756836,0.0,22.836,0.0,-3.42429256439209
37.300697803497314,0.0,22.854,0.0,-3.4245119094848633
37.33652091026306,0.0,22.887,0.0,-3.425443410873413
37.369940996170044,0.0,22.899,0.0,-3.4296860694885254
37.40155601501465,0.0,22.899,0.0,-3.431870937347412
37.43347787857056,0.0,22.872,0.0,-3.4329965114593506
37.466195821762085,0.0,22.852,0.0,-3.4327101707458496
37.481338024139404,0.0,22.832,0.0,-3.4316258430480957
37.513622760772705,0.0,22.83,0.0,-3.429928779602051
37.54527139663696,0.0,22.83,0.0,-3.4274258613586426
37.5772590637207,0.0,22.84,0.0,-3.426999092102051
37.60973000526428,0.0,22.851,0.0,-3.4274699687957764
37.645416259765625,0.0,22.879,0.0,-3.428701639175415
37.67428421974182,0.0,22.873,0.0,-3.429377555847168
37.706709146499634,0.0,22.855,0.0,-3.4291396141052246
37.73747682571411,0.0,22.87,0.0,-3.4295804500579834
37.76955795288086,0.0,22.823,0.0,-3.427516460418701
37.804038763046265,0.0,22.825,0.0,-3.426342010498047
37.8352792263031,0.0,22.82,0.0,-3.425522565841675
37.870627641677856,0.0,22.822,0.0,-3.423841953277588
37.89972472190857,0.0,22.811,0.0,-3.4234955310821533
37.92624044418335,0.0,22.785,0.0,-3.4227802753448486
37.952720165252686,0.0,22.802,0.0,-3.4211506843566895
37.983519554138184,0.0,22.828,0.0,-3.420623302459717
38.02186059951782,0.0,22.846,0.0,-3.422650098800659
38.05114459991455,0.0,22.866,0.0,-3.4248201847076416
38.083529472351074,0.0,22.855,0.0,-3.426211357116699
38.11452007293701,0.0,22.848,0.0,-3.4268250465393066
38.146801471710205,0.0,22.835,0.0,-3.426586389541626
38.17910695075989,0.0,22.834,0.0,-3.4262187480926514
38.20986986160278,0.0,22.84,0.0,-3.426057815551758
38.24794864654541,0.0,22.827,0.0,-3.425510883331299
38.2743022441864,0.0,22.834,0.0,-3.425381660461426
38.300761461257935,0.0,22.821,0.0,-3.424736976623535
38.33550667762756,0.0,22.848,0.0,-3.425374984741211
38.36788010597229,0.0,22.833,0.0,-3.425492763519287
38.40072059631348,0.0,22.824,0.0,-3.4248318672180176
38.43219757080078,0.0,22.797,0.0,-3.4233126640319824
38.464844703674316,0.0,22.786,0.0,-3.4221434593200684
38.496549129486084,0.0,22.812,0.0,-3.4212660789489746
38.527607917785645,0.0,22.842,0.0,-3.421231269836426
38.56031656265259,0.0,22.863,0.0,-3.4224774837493896
38.59170913696289,0.0,22.852,0.0,-3.424333095550537
38.63566493988037,0.0,22.829,0.0,-3.4266505241394043
38.66844391822815,0.0,22.808,0.0,-3.424832820892334
38.702683448791504,0.0,22.823,0.0,-3.4237864017486572
38.734556436538696,0.0,22.867,0.0,-3.4236502647399902
38.77134394645691,0.0,22.881,0.0,-3.4273338317871094
38.79900503158569,0.0,22.892,0.0,-3.4292874336242676
38.83244800567627,0.0,22.872,0.0,-3.4307422637939453
38.869128704071045,0.0,22.876,0.0,-3.4314346313476562
38.9006621837616,0.0,22.824,0.0,-3.4295272827148438
38.933666706085205,0.0,22.812,0.0,-3.4282875061035156
38.9648962020874,0.0,22.835,0.0,-3.426563262939453
38.997982025146484,0.0,22.828,0.0,-3.425612449645996
39.04450273513794,0.0,22.807,0.0,-3.4243686199188232
39.076520919799805,0.0,22.796,0.0,-3.422072410583496
39.11003541946411,0.0,22.819,0.0,-3.4220800399780273
39.141772747039795,0.0,22.81,0.0,-3.4221010208129883
39.17374897003174,0.0,22.821,0.0,-3.42169189453125
39.20460772514343,0.0,22.83,0.0,-3.421924591064453
39.23634576797485,0.0,22.835,0.0,-3.422494649887085
39.27174234390259,0.0,22.86,0.0,-3.424722194671631
39.300652265548706,0.0,22.835,0.0,-3.425096273422241
39.333181381225586,0.0,22.857,0.0,-3.425173759460449
39.35790944099426,0.0,22.861,0.0,-3.4261550903320312
39.402910232543945,0.0,22.892,0.0,-3.4289586544036865
39.4359929561615,0.0,22.894,0.0,-3.4305272102355957
39.47128987312317,0.0,22.889,0.0,-3.4325623512268066
39.49950695037842,0.0,22.885,0.0,-3.432954788208008
39.53096342086792,0.0,22.845,0.0,-3.4324774742126465
39.56226325035095,0.0,22.827,0.0,-3.4311609268188477
39.59514784812927,0.0,22.837,0.0,-3.4283924102783203
39.62719178199768,0.0,22.823,0.0,-3.427044630050659
39.65874457359314,0.0,22.822,0.0,-3.4262964725494385
39.69104504585266,0.0,22.829,0.0,-3.4253857135772705
39.723156452178955,0.0,22.844,0.0,-3.425309181213379
39.75501823425293,0.0,22.824,0.0,-3.4247305393218994
39.7874870300293,0.0,22.839,0.0,-3.424375295639038
39.81861853599548,0.0,22.847,0.0,-3.4246559143066406
39.85082983970642,0.0,22.843,0.0,-3.4254910945892334
39.884716272354126,0.0,22.844,0.0,-3.4257071018218994
39.92259240150452,0.0,22.809,0.0,-3.42533016204834
39.95025706291199,0.0,22.801,0.0,-3.424163341522217
39.98209810256958,0.0,22.8,0.0,-3.422930955886841
40.01382231712341,0.0,22.778,0.0,-3.4219460487365723
40.04683065414429,0.0,22.818,0.0,-3.4193766117095947
40.087090730667114,0.0,22.811,0.0,-3.4200057983398438
40.122018814086914,0.0,22.844,0.0,-3.4217870235443115
40.15410137176514,0.0,22.839,0.0,-3.422802209854126
40.18472933769226,0.0,22.837,0.0,-3.4227962493896484
40.21758675575256,0.0,22.795,0.0,-3.4235100746154785
40.24893021583557,0.0,22.785,0.0,-3.4209492206573486
40.2813184261322,0.0,22.787,0.0,-3.4199960231781006
40.31289458274841,0.0,22.773,0.0,-3.4193968772888184
40.34778714179993,0.0,22.782,0.0,-3.4177279472351074
40.37672758102417,0.0,22.768,0.0,-3.4167675971984863
40.40866303443909,0.0,22.803,0.0,-3.4175143241882324
40.436174392700195,0.0,22.812,0.0,-3.418488025665283
40.46754169464111,0.0,22.839,0.0,-3.419255495071411
40.500792026519775,0.0,22.82,0.0,-3.4221138954162598
40.53096556663513,0.0,22.833,0.0,-3.4224095344543457
40.56260442733765,0.0,22.825,0.0,-3.423180341720581
40.597251892089844,0.0,22.841,0.0,-3.4242959022521973
40.626535415649414,0.0,22.885,0.0,-3.4260871410369873
40.65911626815796,0.0,22.903,0.0,-3.428173065185547
40.690277338027954,0.0,22.914,0.0,-3.4305219650268555
40.72194528579712,0.0,22.911,0.0,-3.434356212615967
40.753231048583984,0.0,22.887,0.0,-3.4352049827575684
40.77995562553406,0.0,22.89,0.0,-3.4351489543914795
40.81786012649536,0.0,22.888,0.0,-3.435192584991455
40.853684425354004,0.0,22.887,0.0,-3.4349639415740967
40.88579607009888,0.0,22.842,0.0,-3.4341094493865967
40.91806888580322,0.0,22.842,0.0,-3.432245969772339
40.95125770568848,0.0,22.81,0.0,-3.428300380706787
40.98646378517151,0.0,22.855,0.0,-3.4285168647766113
41.01844882965088,0.0,22.921,0.0,-3.428433656692505
41.05014157295227,0.0,22.946,0.0,-3.4342823028564453
41.08222842216492,0.0,22.919,0.0,-3.4355618953704834
41.11422681808472,0.0,22.904,0.0,-3.4368648529052734
41.14580535888672,0.0,22.892,0.0,-3.4368808269500732
41.178483724594116,0.0,22.905,0.0,-3.4364843368530273
41.21041226387024,0.0,22.892,0.0,-3.4365572929382324
41.24291729927063,0.0,22.879,0.0,-3.4360477924346924
41.275136947631836,0.0,22.815,0.0,-3.433243989944458
41.30761003494263,0.0,22.816,0.0,-3.43021297454834
41.339303970336914,0.0,22.793,0.0,-3.4279136657714844
41.3720281124115,0.0,22.81,0.0,-3.4238040447235107
41.403557777404785,0.0,22.856,0.0,-3.424487829208374
41.43616509437561,0.0,22.876,0.0,-3.4252536296844482
41.46844267845154,0.0,22.842,0.0,-3.4267077445983887
41.50311994552612,0.0,22.834,0.0,-3.425875186920166
41.536311626434326,0.0,22.823,0.0,-3.424459457397461
41.56928324699402,0.0,22.837,0.0,-3.423926830291748
41.601757764816284,0.0,22.839,0.0,-3.424375057220459
41.63316011428833,0.0,22.863,0.0,-3.4255943298339844
41.66479706764221,0.0,22.888,0.0,-3.4268431663513184
41.699540853500366,0.0,22.88,0.0,-3.429572343826294
41.73040580749512,0.0,22.893,0.0,-3.430887222290039
41.761900186538696,0.0,22.885,0.0,-3.4315593242645264
41.802650690078735,0.0,22.868,0.0,-3.430954694747925
41.83753442764282,0.0,22.859,0.0,-3.4304864406585693
41.87156891822815,0.0,22.862,0.0,-3.429497480392456
41.901451587677,0.0,22.854,0.0,-3.4291350841522217
41.933536529541016,0.0,22.851,0.0,-3.4288535118103027
41.95977997779846,0.0,22.873,0.0,-3.4285097122192383
41.986961364746094,0.0,22.884,0.0,-3.429168701171875
42.02307415008545,0.0,22.903,0.0,-3.431687831878662
42.05203032493591,0.0,22.869,0.0,-3.432666778564453
42.083401679992676,0.0,22.836,0.0,-3.432194471359253
42.11494779586792,0.0,22.803,0.0,-3.430431365966797
42.1501886844635,0.0,22.823,0.0,-3.4263863563537598
42.17896270751953,0.0,22.869,0.0,-3.4260714054107666
42.20208692550659,0.0,22.886,0.0,-3.4270999431610107
42.23602509498596,0.0,22.873,0.0,-3.428619384765625
42.26908349990845,0.0,22.88,0.0,-3.429253101348877
42.30446934700012,0.0,22.871,0.0,-3.430263042449951
42.33624339103699,0.0,22.881,0.0,-3.4309375286102295
42.36887264251709,0.0,22.857,0.0,-3.4313693046569824
42.401658058166504,0.0,22.831,0.0,-3.429062843322754
42.43379306793213,0.0,22.824,0.0,-3.4275104999542236
42.46083092689514,0.0,22.856,0.0,-3.426356554031372
42.48983860015869,0.0,22.878,0.0,-3.4267756938934326
42.51915717124939,0.0,22.901,0.0,-3.4280338287353516
42.550947189331055,0.0,22.884,0.0,-3.4307689666748047
42.583752393722534,0.0,22.887,0.0,-3.4315006732940674
42.608559370040894,0.0,22.891,0.0,-3.4322264194488525
42.65196919441223,0.0,22.896,0.0,-3.4328508377075195
42.68798470497131,0.0,22.908,0.0,-3.433952808380127
42.71986961364746,0.0,22.884,0.0,-3.433993339538574
42.752891302108765,0.0,22.902,0.0,-3.43363618850708
42.78348684310913,0.0,22.893,0.0,-3.434253454208374
42.81539702415466,0.0,22.888,0.0,-3.4343411922454834
42.85070204734802,0.0,22.875,0.0,-3.434391498565674
42.879515647888184,0.0,22.877,0.0,-3.43365740776062
42.904449462890625,0.0,22.933,0.0,-3.4331648349761963
42.935518741607666,0.0,22.95,0.0,-3.4351298809051514
42.968554973602295,0.0,22.938,0.0,-3.437354803085327
43.00237154960632,0.0,22.869,0.0,-3.4389595985412598
43.03504681587219,0.0,22.844,0.0,-3.4368553161621094
43.06788659095764,0.0,22.861,0.0,-3.4341602325439453
43.102652072906494,0.0,22.863,0.0,-3.4318020343780518
43.133065700531006,0.0,22.878,0.0,-3.4316790103912354
43.16477108001709,0.0,22.866,0.0,-3.4315907955169678
43.19719886779785,0.0,22.848,0.0,-3.431025505065918
43.220048904418945,0.0,22.864,0.0,-3.429840087890625
43.253103256225586,0.0,22.857,0.0,-3.429142713546753
43.28473782539368,0.0,22.858,0.0,-3.428839683532715
43.31651568412781,0.0,22.878,0.0,-3.4290385246276855
43.35090708732605,0.0,22.9,0.0,-3.4310126304626465
43.38089895248413,0.0,22.905,0.0,-3.4323015213012695
43.41363215446472,0.0,22.913,0.0,-3.4336345195770264
43.444602251052856,0.0,22.911,0.0,-3.4343247413635254
43.47560954093933,0.0,22.923,0.0,-3.4354984760284424
43.50727438926697,0.0,22.905,0.0,-3.4364922046661377
43.538630962371826,0.0,22.909,0.0,-3.436491012573242
43.57601451873779,0.0,22.92,0.0,-3.437209129333496
43.60334634780884,0.0,22.907,0.0,-3.4361202716827393
43.636045932769775,0.0,22.898,0.0,-3.436232089996338
43.66939330101013,0.0,22.871,0.0,-3.4359309673309326
43.70232057571411,0.0,22.901,0.0,-3.434452772140503
43.73494553565979,0.0,22.884,0.0,-3.4346656799316406
43.76702642440796,0.0,22.875,0.0,-3.434114933013916
43.80079960823059,0.0,22.856,0.0,-3.431891679763794
43.83118009567261,0.0,22.849,0.0,-3.430506706237793
43.86333656311035,0.0,22.865,0.0,-3.429572343826294
43.895989418029785,0.0,22.876,0.0,-3.429409980773926
43.92809319496155,0.0,22.876,0.0,-3.4300482273101807
43.961572885513306,0.0,22.865,0.0,-3.429819345474243
43.99273133277893,0.0,22.862,0.0,-3.4293594360351562
44.025914907455444,0.0,22.846,0.0,-3.4283862113952637
44.0574586391449,0.0,22.864,0.0,-3.4285387992858887
44.08956027030945,0.0,22.832,0.0,-3.427325963973999
44.123008489608765,0.0,22.835,0.0,-3.4264442920684814
44.169968128204346,100.0,22.796,100.0,-0.425368070602417
44.20081567764282,100.0,22.804,100.0,3.897160768508911
44.23559808731079,100.0,22.819,100.0,5.434139251708984
44.26738381385803,100.0,22.86,100.0,6.663039207458496
44.30004692077637,100.0,22.862,100.0,8.429442405700684
44.33642864227295,100.0,22.883,100.0,9.05648422241211
44.36841320991516,100.0,22.879,100.0,9.558292388916016
44.405537605285645,100.0,22.923,100.0,10.279959678649902
44.43575167655945,100.0,22.997,100.0,10.535531997680664
44.467692136764526,100.0,23.064,100.0,10.736957550048828
44.501779556274414,100.0,23.141,100.0,11.01921558380127
44.53146815299988,100.0,23.269,100.0,11.113151550292969
44.56234359741211,100.0,23.485,100.0,11.18418025970459
44.593644857406616,100.0,23.613,100.0,11.236971855163574
44.62770342826843,100.0,23.688,100.0,11.30189323425293
44.65904235839844,100.0,23.779,100.0,11.320756912231445
44.685006856918335,100.0,23.911,100.0,11.331043243408203
44.71777963638306,100.0,24.417,100.0,11.326744079589844
44.75150942802429,100.0,24.587,100.0,11.302459716796875
44.78104782104492,100.0,24.742,100.0,11.286009788513184
44.81272530555725,100.0,24.915,100.0,11.266955375671387
44.84449863433838,100.0,25.331,100.0,11.245845794677734
44.8755898475647,100.0,25.566,100.0,11.201512336730957
44.90681314468384,100.0,25.824,100.0,11.178096771240234
44.93801498413086,100.0,26.093,100.0,11.150144577026367
44.97009491920471,100.0,26.323,100.0,11.11824893951416
45.001919746398926,100.0,26.838,100.0,11.048309326171875
45.03663945198059,100.0,27.094,100.0,11.011533737182617
45.068291902542114,100.0,27.4,100.0,10.973562240600586
45.10075378417969,100.0,27.989,100.0,10.890660285949707
45.134124755859375,100.0,28.308,100.0,10.846504211425781
45.165977001190186,100.0,28.616,100.0,10.800420761108398
45.20188093185425,100.0,29.315,100.0,10.704437255859375
45.23296332359314,100.0,29.686,100.0,10.653055191040039
45.26461982727051,100.0,30.032,100.0,10.599475860595703
45.296324491500854,100.0,30.409,100.0,10.545324325561523
45.32798361778259,100.0,30.814,100.0,10.431289672851562
45.360008239746094,100.0,31.628,100.0,10.37092399597168
45.39134383201599,100.0,32.007,100.0,10.309563636779785
45.42762017250061,100.0,32.441,100.0,10.18514347076416
45.454620361328125,100.0,32.851,100.0,10.121360778808594
45.486056327819824,100.0,33.811,100.0,10.055142402648926
45.517513036727905,100.0,34.244,100.0,9.98543643951416
45.55439519882202,100.0,34.701,100.0,9.845638275146484
45.58191108703613,100.0,35.183,100.0,9.773777961730957
45.61387348175049,100.0,36.133,100.0,9.702455520629883
45.64578866958618,100.0,36.644,100.0,9.628849029541016
45.677979469299316,100.0,37.133,100.0,9.477580070495605
45.70962882041931,100.0,37.651,100.0,9.400274276733398
45.73569297790527,100.0,38.69,100.0,9.300043106079102
45.76905965805054,100.0,39.791,100.0,9.203089714050293
45.80290198326111,100.0,40.326,100.0,9.015565872192383
45.83641862869263,100.0,40.874,100.0,8.924702644348145
45.868364334106445,100.0,41.397,100.0,8.836206436157227
45.90096592903137,100.0,42.558,100.0,8.748186111450195
45.93308997154236,100.0,43.111,100.0,8.593297958374023
45.965118408203125,100.0,43.734,100.0,8.523508071899414
45.99730610847473,100.0,44.32,100.0,8.447297096252441
46.0140061378479,100.0,44.897,100.0,8.367681503295898
46.04593777656555,100.0,45.546,100.0,8.28581714630127
46.07882499694824,100.0,46.137,100.0,8.111429214477539
46.10901856422424,100.0,47.418,100.0,8.020416259765625
46.14169716835022,100.0,48.006,100.0,7.927506923675537
46.173476219177246,100.0,48.698,100.0,7.835119247436523
46.20592665672302,100.0,49.355,100.0,7.6410346031188965
46.23869276046753,100.0,50.762,100.0,7.540892601013184
46.270286083221436,100.0,51.444,100.0,7.437616348266602
46.30349898338318,100.0,52.148,100.0,7.228112697601318
46.334232568740845,100.0,52.888,100.0,7.120096206665039
46.36618638038635,100.0,54.349,100.0,7.00930643081665
46.398006200790405,100.0,55.791,100.0,6.899011611938477
46.424012899398804,100.0,56.481,100.0,6.75802755355835
46.454103231430054,100.0,57.255,100.0,6.494797706604004
46.48648548126221,100.0,58.035,100.0,6.366632461547852
46.51910161972046,100.0,58.795,100.0,6.241003036499023
46.54986238479614,100.0,60.419,100.0,6.114873886108398
46.58185029029846,100.0,61.2,100.0,5.923672676086426
46.613890409469604,100.0,62.032,100.0,5.819694995880127
46.645556926727295,100.0,62.849,100.0,5.709900856018066
46.679417848587036,100.0,63.662,100.0,5.479814529418945
46.709376096725464,100.0,65.336,100.0,5.360716342926025
46.74126863479614,100.0,66.181,100.0,5.238677978515625
46.77434587478638,100.0,67.045,100.0,5.114551544189453
46.80310559272766,100.0,67.915,100.0,4.859577655792236
46.83469796180725,100.0,69.663,100.0,4.729817867279053
46.867340326309204,100.0,70.606,100.0,4.5983781814575195
46.899930477142334,100.0,71.533,100.0,4.463193893432617
46.932631731033325,100.0,72.449,100.0,4.187398910522461
46.96432423591614,100.0,74.265,100.0,4.048404693603516
46.99662137031555,100.0,75.223,100.0,3.9092442989349365
47.027875900268555,100.0,77.187,100.0,3.582547903060913
47.076597452163696,100.0,79.142,100.0,3.4046578407287598
47.108455181121826,100.0,80.165,100.0,3.064638614654541
47.14501595497131,100.0,82.158,100.0,2.9001667499542236
47.1841459274292,100.0,83.209,100.0,2.5758285522460938
47.21814489364624,100.0,84.235,100.0,2.414862632751465
47.2506902217865,100.0,86.355,100.0,2.2528693675994873
47.2818124294281,100.0,87.45,100.0,1.9742748737335205
47.31496858596802,100.0,88.589,100.0,1.8454020023345947
47.356337785720825,100.0,90.842,100.0,1.5592161417007446
47.384925842285156,100.0,91.967,100.0,1.404780626296997
47.41642355918884,100.0,93.093,100.0,1.2457283735275269
47.44752645492554,100.0,94.299,100.0,1.0831183195114136
47.48031735420227,100.0,95.443,100.0,0.7438125610351562
47.5113205909729,100.0,97.761,100.0,0.5708674192428589
47.54314589500427,100.0,98.859,100.0,0.3966583013534546
47.576271772384644,100.0,100.035,100.0,0.2239082157611847
47.6082398891449,100.0,101.219,100.0,-0.12759914994239807
47.63941431045532,100.0,103.639,100.0,-0.3061639964580536
47.671305656433105,100.0,104.869,100.0,-0.4872211217880249
47.704405307769775,100.0,106.051,100.0,-0.8530834317207336
47.73537039756775,100.0,107.257,100.0,-1.0363413095474243
47.767377614974976,100.0,110.957,100.0,-1.2213804721832275
47.79965901374817,100.0,112.173,100.0,-1.458939790725708
47.832563161849976,100.0,113.379,100.0,-1.9007301330566406
47.86254382133484,100.0,114.611,100.0,-2.1100974082946777
47.903733015060425,100.0,117.172,100.0,-2.3162424564361572
47.9369637966156,100.0,118.426,100.0,-2.720036029815674
47.96901822090149,100.0,119.677,100.0,-2.9176337718963623
48.00019955635071,100.0,120.974,100.0,-3.0605826377868652
48.031582832336426,100.0,123.607,100.0,-3.3802201747894287
48.062756061553955,100.0,124.93,100.0,-3.554227113723755
48.094871282577515,100.0,126.211,100.0,-3.734807014465332
48.125956773757935,100.0,127.466,100.0,-3.9186911582946777
48.15749526023865,100.0,130.05,100.0,-4.291140556335449
48.18876838684082,100.0,131.366,100.0,-4.481386184692383
48.22073721885681,100.0,132.665,100.0,-4.674124240875244
48.25751233100891,100.0,134.011,100.0,-5.064829349517822
48.28443241119385,100.0,136.661,100.0,-5.2625412940979
48.31686210632324,100.0,138.045,100.0,-5.461581707000732
48.34995675086975,100.0,139.36,100.0,-5.66373872756958
48.38617968559265,100.0,142.089,100.0,-6.068450927734375
48.41841173171997,100.0,143.472,100.0,-6.272886753082275
48.45060610771179,100.0,144.884,100.0,-6.478943824768066
48.48266315460205,100.0,146.288,100.0,-6.8973493576049805
48.513676166534424,100.0,147.73,100.0,-7.1099748611450195
48.5454523563385,100.0,150.567,100.0,-7.323685169219971
48.58610129356384,100.0,151.982,100.0,-7.75267219543457
48.61718988418579,100.0,153.431,100.0,-7.9689764976501465
48.652586460113525,100.0,157.828,100.0,-8.246953964233398
48.684114933013916,100.0,159.3,100.0,-8.771909713745117
48.73237442970276,100.0,162.305,100.0,-9.269073486328125
48.76429200172424,100.0,163.758,100.0,-9.508399963378906
48.7962703704834,100.0,165.27,100.0,-9.745316505432129
48.827960729599,100.0,168.191,100.0,-9.977580070495605
48.8605592250824,100.0,169.674,100.0,-10.373034477233887
48.892271995544434,100.0,171.169,100.0,-10.551774978637695
48.92175912857056,100.0,172.702,100.0,-10.74121379852295
48.9538414478302,100.0,174.231,100.0,-10.940640449523926
48.98447299003601,100.0,177.156,100.0,-11.358736038208008
49.0165491104126,100.0,178.62,100.0,-11.57125473022461
49.04878759384155,100.0,180.119,100.0,-11.785787582397461
49.08388876914978,100.0,181.631,100.0,-12.223710060119629
49.11215019226074,100.0,184.637,100.0,-12.44631576538086
49.144700050354004,100.0,186.115,100.0,-12.66977310180664
49.1765878200531,100.0,187.567,100.0,-12.893216133117676
49.207571506500244,100.0,189.034,100.0,-13.337563514709473
49.23930835723877,100.0,190.558,100.0,-13.56175708770752
49.27160120010376,100.0,193.558,100.0,-13.786746978759766
49.3000271320343,100.0,195.03,100.0,-14.011990547180176
49.33563184738159,100.0,197.945,100.0,-14.520722389221191
49.369521617889404,100.0,199.44,100.0,-14.791626930236816
49.40222525596619,100.0,202.504,100.0,-15.053596496582031
49.4334819316864,100.0,203.978,100.0,-15.554824829101562
49.48656511306763,100.0,206.911,100.0,-16.029911041259766
49.517534494400024,100.0,208.354,100.0,-16.259584426879883
49.54839539527893,100.0,209.82,100.0,-16.48634147644043
49.58394813537598,100.0,212.865,100.0,-16.828275680541992
49.61156702041626,100.0,214.388,100.0,-17.017370223999023
49.643988609313965,100.0,215.877,100.0,-17.2156982421875
49.67595863342285,100.0,217.282,100.0,-17.419883728027344
49.712170362472534,100.0,220.144,100.0,-17.833711624145508
49.74016547203064,100.0,221.591,100.0,-18.042152404785156
49.772440671920776,100.0,223.047,100.0,-18.25255584716797
49.80508017539978,100.0,224.493,100.0,-18.464889526367188
49.83643817901611,100.0,226.026,100.0,-18.896297454833984
49.86793541908264,100.0,228.893,100.0,-19.114540100097656
49.90048408508301,100.0,230.322,100.0,-19.331018447875977
49.93690872192383,100.0,231.703,100.0,-19.760377883911133
49.96528220176697,100.0,233.076,100.0,-19.971601486206055
50.00230169296265,100.0,237.285,100.0,-20.241554260253906
50.02763342857361,100.0,238.758,100.0,-20.497358322143555
50.06886696815491,100.0,240.16,100.0,-20.98402214050293
50.101391315460205,100.0,243.127,100.0,-21.218505859375
50.1375093460083,100.0,244.523,100.0,-21.676713943481445
50.16620397567749,100.0,245.916,100.0,-21.898006439208984
50.19839406013489,100.0,247.314,100.0,-22.115812301635742
50.229440689086914,100.0,248.63,100.0,-22.27225685119629
50.26148700714111,100.0,251.339,100.0,-22.609569549560547
50.293118715286255,100.0,252.673,100.0,-22.788177490234375
50.32505702972412,100.0,254.054,100.0,-22.971025466918945
50.35632944107056,100.0,255.343,100.0,-23.15924644470215
50.38860607147217,100.0,257.977,100.0,-23.5393009185791
50.42013716697693,100.0,259.302,100.0,-23.73041534423828
50.452457427978516,100.0,260.676,100.0,-23.922962188720703
50.48449897766113,100.0,262.001,100.0,-24.31493377685547
50.51688861846924,100.0,264.639,100.0,-24.512144088745117
50.550482749938965,100.0,265.921,100.0,-24.708438873291016
50.58227825164795,100.0,267.181,100.0,-24.90333366394043
50.61463403701782,100.0,268.457,100.0,-25.288318634033203
50.64616417884827,100.0,270.97,100.0,-25.479402542114258
50.678502798080444,100.0,272.229,100.0,-25.66889190673828
50.710371255874634,100.0,273.488,100.0,-26.046024322509766
50.73489689826965,100.0,274.766,100.0,-26.23480987548828
50.76875638961792,100.0,276.058,100.0,-26.42456817626953
50.79983377456665,100.0,279.764,100.0,-26.664104461669922
50.83677816390991,100.0,281.011,100.0,-27.108489990234375
50.867576122283936,100.0,282.29,100.0,-27.319522857666016
50.8990044593811,100.0,283.524,100.0,-27.523746490478516
50.930301666259766,100.0,285.853,100.0,-27.720233917236328
50.962130546569824,100.0,287.059,100.0,-28.09634017944336
50.99420356750488,100.0,288.238,100.0,-28.279361724853516
51.037487506866455,100.0,290.597,100.0,-28.638710021972656
51.067692279815674,100.0,291.785,100.0,-28.816038131713867
51.09871244430542,100.0,292.965,100.0,-28.9923095703125
51.13167595863342,100.0,295.359,100.0,-29.16826820373535
51.16388773918152,100.0,296.491,100.0,-29.431720733642578
51.1954710483551,100.0,297.625,100.0,-29.57579231262207
51.22752857208252,100.0,298.775,100.0,-29.72508430480957
51.26399636268616,100.0,299.896,100.0,-30.035991668701172
51.29167199134827,100.0,302.23,100.0,-30.19661521911621
51.32309055328369,100.0,303.355,100.0,-30.3607177734375
51.355015993118286,100.0,304.489,100.0,-30.525569915771484
51.38815927505493,100.0,305.608,100.0,-30.857439041137695
51.439276933670044,100.0,307.851,100.0,-31.191120147705078
51.4879207611084,100.0,310.014,100.0,-31.520254135131836
51.516969203948975,100.0,311.074,100.0,-31.68219757080078
51.55497908592224,100.0,314.352,100.0,-31.890565872192383
51.58547043800354,100.0,315.436,100.0,-32.088050842285156
51.61840891838074,100.0,316.481,100.0,-32.45778274536133
51.64964318275452,100.0,317.546,100.0,-32.63291931152344
51.68081259727478,100.0,319.655,100.0,-32.803619384765625
51.7141649723053,100.0,320.75,100.0,-33.13565444946289
51.74422073364258,100.0,321.793,100.0,-33.29811096191406
51.77569532394409,100.0,322.872,100.0,-33.459815979003906
51.80705165863037,100.0,324.882,100.0,-33.61793518066406
51.83916139602661,100.0,325.875,100.0,-33.92583465576172
51.87215209007263,100.0,326.849,100.0,-34.07575607299805
51.90362071990967,100.0,327.89,100.0,-34.226444244384766
51.9385986328125,100.0,329.886,100.0,-34.450645446777344
51.967780113220215,100.0,330.954,100.0,-34.5739631652832
51.99981355667114,100.0,331.923,100.0,-34.70576095581055
52.03214740753174,100.0,332.897,100.0,-34.8400764465332
52.06325006484985,100.0,334.897,100.0,-35.11798095703125
52.10169982910156,100.0,335.866,100.0,-35.25934982299805
52.133503913879395,100.0,336.843,100.0,-35.40131759643555
52.16628170013428,100.0,338.729,100.0,-35.68576431274414
52.2027952671051,100.0,339.728,100.0,-35.827369689941406
52.23331904411316,100.0,340.697,100.0,-35.970924377441406
52.26915097236633,100.0,342.564,100.0,-36.256813049316406
52.30160140991211,100.0,343.525,100.0,-36.398468017578125
52.33376121520996,100.0,344.486,100.0,-36.54051971435547
52.36518859863281,100.0,345.436,100.0,-36.825096130371094
52.39719271659851,100.0,347.354,100.0,-36.9676628112793
52.42956519126892,100.0,349.159,100.0,-37.11028289794922
52.46116042137146,100.0,350.063,100.0,-37.28863525390625
52.49282193183899,100.0,350.933,100.0,-37.61530303955078
52.52491474151611,100.0,351.841,100.0,-37.768104553222656
52.55644679069519,100.0,353.721,100.0,-37.9188117980957
52.59078598022461,100.0,354.635,100.0,-38.20979690551758
52.61907243728638,100.0,355.514,100.0,-38.350101470947266
52.6516592502594,100.0,356.326,100.0,-38.48474884033203
52.68350028991699,100.0,358.018,100.0,-38.61738967895508
52.71590876579285,100.0,358.91,100.0,-38.87647247314453
52.74785280227661,100.0,359.805,100.0,-39.00663757324219
52.779929399490356,100.0,360.694,100.0,-39.13697814941406
52.816274881362915,100.0,362.396,100.0,-39.360923767089844
52.843127489089966,100.0,363.229,100.0,-39.45979309082031
52.87542653083801,100.0,364.047,100.0,-39.56393814086914
52.91758394241333,100.0,365.739,100.0,-39.78223419189453
52.95254111289978,100.0,366.551,100.0,-39.897518157958984
52.98469948768616,100.0,367.349,100.0,-40.01387405395508
53.016727924346924,100.0,368.912,100.0,-40.247581481933594
53.04821419715881,100.0,369.701,100.0,-40.36334991455078
53.08070659637451,100.0,370.524,100.0,-40.47929000854492
53.11194610595703,100.0,371.318,100.0,-40.596832275390625
53.15221190452576,100.0,372.899,100.0,-40.83246612548828
53.18346905708313,100.0,373.647,100.0,-40.94984817504883
53.21645975112915,100.0,374.444,100.0,-41.18181228637695
53.246846437454224,100.0,375.969,100.0,-41.29722213745117
53.278488636016846,100.0,376.736,100.0,-41.41205596923828
53.310452938079834,100.0,377.464,100.0,-41.52660369873047
53.34235596656799,100.0,378.234,100.0,-41.752384185791016
53.37380361557007,100.0,379.749,100.0,-41.86560821533203
53.40580368041992,100.0,380.521,100.0,-41.9782600402832
53.442126989364624,100.0,381.283,100.0,-42.204673767089844
53.46945643424988,100.0,382.047,100.0,-42.31801986694336
53.50135064125061,100.0,384.409,100.0,-42.43301010131836
53.533053398132324,100.0,385.164,100.0,-42.58125305175781
53.5655779838562,100.0,385.851,100.0,-42.852012634277344
53.59736895561218,100.0,386.583,100.0,-42.97737503051758
53.62354016304016,100.0,387.274,100.0,-43.09684371948242
53.66804838180542,100.0,388.788,100.0,-43.3293342590332
53.70253396034241,100.0,389.544,100.0,-43.44490432739258
53.73468542098999,100.0,391.019,100.0,-43.558658599853516
53.76654052734375,100.0,391.708,100.0,-43.781005859375
53.798502683639526,100.0,392.414,100.0,-43.88911437988281
53.83038115501404,100.0,393.153,100.0,-43.99745178222656
53.86185908317566,100.0,394.635,100.0,-44.105987548828125
53.89337158203125,100.0,395.332,100.0,-44.32217025756836
53.92533826828003,100.0,396.035,100.0,-44.428470611572266
53.957621812820435,100.0,396.702,100.0,-44.53254318237305
53.989498138427734,100.0,398.117,100.0,-44.63606262207031
54.02107572555542,100.0,398.847,100.0,-44.791595458984375
54.05225944519043,100.0,399.569,100.0,-44.87946319580078
54.08441495895386,100.0,400.258,100.0,-44.97198486328125
54.11850070953369,100.0,401.6,100.0,-45.16341018676758
54.147270917892456,100.0,402.281,100.0,-45.25996017456055
54.17927026748657,100.0,402.961,100.0,-45.357662200927734
54.21783399581909,100.0,404.336,100.0,-45.55568313598633
54.24922323226929,100.0,404.961,100.0,-45.6561279296875
54.280961751937866,100.0,405.62,100.0,-45.75457000732422
54.312437772750854,100.0,406.282,100.0,-45.8529167175293
54.34327960014343,100.0,407.554,100.0,-46.048583984375
54.38458609580994,100.0,408.186,100.0,-46.14521408081055
54.41916632652283,100.0,408.774,100.0,-46.33451843261719
54.45072650909424,100.0,410.004,100.0,-46.42606735229492
54.482330083847046,100.0,410.573,100.0,-46.518531799316406
54.51389789581299,100.0,411.181,100.0,-46.60863494873047
54.54557657241821,100.0,411.791,100.0,-46.78851318359375
54.577444314956665,100.0,412.961,100.0,-46.87608337402344
54.60978555679321,100.0,413.489,100.0,-46.964542388916016
54.640886068344116,100.0,414.029,100.0,-47.049991607666016
54.6726861000061,100.0,414.599,100.0,-47.217220306396484
54.70362639427185,100.0,416.293,100.0,-47.32326889038086
54.734180212020874,100.0,416.784,100.0,-47.424957275390625
54.76670789718628,100.0,417.349,100.0,-47.5191650390625
54.79880428314209,100.0,417.873,100.0,-47.698394775390625
54.83024311065674,100.0,418.971,100.0,-47.782493591308594
54.86193776130676,100.0,419.491,100.0,-47.867340087890625
54.89549493789673,100.0,420.011,100.0,-48.030517578125
54.92572593688965,100.0,420.561,100.0,-48.111141204833984
54.95751667022705,100.0,421.089,100.0,-48.19081497192383
54.989235162734985,100.0,422.197,100.0,-48.27132034301758
55.02119159698486,100.0,422.688,100.0,-48.42967224121094
55.0442373752594,100.0,423.192,100.0,-48.506473541259766
55.08417820930481,100.0,423.697,100.0,-48.58241653442383
55.122230768203735,100.0,424.76,100.0,-48.73542022705078
55.150964975357056,100.0,425.286,100.0,-48.81248092651367
55.182939291000366,100.0,425.818,100.0,-48.86756896972656
55.21538043022156,100.0,426.335,100.0,-48.928070068359375
55.24761199951172,100.0,427.477,100.0,-49.061256408691406
55.2846519947052,100.0,428.029,100.0,-49.13469314575195
55.31686067581177,100.0,428.573,100.0,-49.21047592163086
55.34928107261658,100.0,429.57,100.0,-49.36428451538086
55.380664110183716,100.0,430.043,100.0,-49.44025421142578
55.41237711906433,100.0,430.584,100.0,-49.514713287353516
55.443771839141846,100.0,431.072,100.0,-49.59086608886719
55.47570085525513,100.0,432.095,100.0,-49.7414436340332
55.50694394111633,100.0,432.591,100.0,-49.81728744506836
55.53881597518921,100.0,433.097,100.0,-49.89265441894531
55.57168102264404,100.0,433.605,100.0,-50.043636322021484
55.60205030441284,100.0,435.115,100.0,-50.140289306640625
55.63393998146057,100.0,435.595,100.0,-50.23198699951172
55.66552972793579,100.0,436.062,100.0,-50.31886291503906
55.69732332229614,100.0,436.52,100.0,-50.480262756347656
55.72931957244873,100.0,437.444,100.0,-50.55607604980469
55.75488591194153,100.0,437.929,100.0,-50.63015365600586
55.78551459312439,100.0,438.43,100.0,-50.703575134277344
55.821892499923706,100.0,438.9,100.0,-50.84967041015625
55.85017418861389,100.0,439.341,100.0,-50.92007064819336
55.882105350494385,100.0,439.766,100.0,-50.98822021484375
55.913329124450684,100.0,440.672,100.0,-51.054283142089844
55.945359230041504,100.0,441.171,100.0,-51.191070556640625
55.977349042892456,100.0,441.652,100.0,-51.26078796386719
56.00989603996277,100.0,442.162,100.0,-51.33213424682617
56.04143667221069,100.0,443.141,100.0,-51.40354537963867
56.07150864601135,100.0,443.658,100.0,-51.5493049621582
56.10357403755188,100.0,444.088,100.0,-51.620323181152344
56.13561677932739,100.0,444.474,100.0,-51.68751525878906
56.16656041145325,100.0,445.306,100.0,-51.75312423706055
56.198577642440796,100.0,445.77,100.0,-51.882652282714844
56.23054099082947,100.0,446.294,100.0,-51.95132064819336
56.26258873939514,100.0,446.733,100.0,-52.00061798095703
56.29416370391846,100.0,447.67,100.0,-52.05341720581055
56.335113286972046,100.0,448.092,100.0,-52.170650482177734
56.3660626411438,100.0,448.573,100.0,-52.231056213378906
56.3998498916626,100.0,449.499,100.0,-52.358150482177734
56.42997908592224,100.0,449.971,100.0,-52.424476623535156
56.45615577697754,100.0,450.436,100.0,-52.4920539855957
56.48527717590332,100.0,450.908,100.0,-52.560302734375
56.516786336898804,100.0,451.329,100.0,-52.629356384277344
56.55162310600281,100.0,452.222,100.0,-52.76372528076172
56.583319664001465,100.0,452.685,100.0,-52.83118438720703
56.61482858657837,100.0,453.173,100.0,-52.89923858642578
56.649590253829956,100.0,453.689,100.0,-53.04066848754883
56.67793655395508,100.0,454.584,100.0,-53.111228942871094
56.70991516113281,100.0,455.021,100.0,-53.18121337890625
56.741400480270386,100.0,455.499,100.0,-53.25007629394531
56.773584604263306,100.0,456.0,100.0,-53.39110565185547
56.80511260032654,100.0,457.395,100.0,-53.462154388427734
56.83735251426697,100.0,457.855,100.0,-53.55249786376953
56.868077754974365,100.0,458.289,100.0,-53.63798904418945
56.900049448013306,100.0,458.736,100.0,-53.79583740234375
56.93180060386658,100.0,459.611,100.0,-53.870025634765625
56.96392059326172,100.0,460.071,100.0,-53.94202423095703
56.995113372802734,100.0,460.53,100.0,-54.013179779052734
57.026954650878906,100.0,461.004,100.0,-54.1541748046875
57.05816674232483,100.0,461.91,100.0,-54.22391128540039
57.09004878997803,100.0,462.352,100.0,-54.293033599853516
57.124664545059204,100.0,462.766,100.0,-54.42753219604492
57.153247356414795,100.0,463.214,100.0,-54.49382781982422
57.199519634246826,100.0,464.119,100.0,-54.62689971923828
57.2348256111145,100.0,464.575,100.0,-54.69387435913086
57.26648998260498,100.0,465.422,100.0,-54.759822845458984
57.29986000061035,100.0,465.856,100.0,-54.889549255371094
57.330119371414185,100.0,466.311,100.0,-54.955055236816406
57.362295150756836,100.0,466.751,100.0,-55.020530700683594
57.401729345321655,100.0,467.62,100.0,-55.15017318725586
57.43345618247986,100.0,468.038,100.0,-55.21454620361328
57.465702533721924,100.0,468.489,100.0,-55.2796516418457
57.500874280929565,100.0,469.385,100.0,-55.377891540527344
57.529969453811646,100.0,469.818,100.0,-55.43294906616211
57.56218957901001,100.0,470.284,100.0,-55.49026107788086
57.59417128562927,100.0,470.795,100.0,-55.55073547363281
57.62615728378296,100.0,471.742,100.0,-55.68147277832031
57.65806174278259,100.0,472.219,100.0,-55.749656677246094
57.689666509628296,100.0,472.68,100.0,-55.81901931762695
57.72611880302429,100.0,473.155,100.0,-55.95889663696289
57.75367474555969,100.0,474.084,100.0,-56.02882766723633
57.78574872016907,100.0,474.554,100.0,-56.09940719604492
57.81718444824219,100.0,475.031,100.0,-56.17021942138672
57.8493127822876,100.0,475.488,100.0,-56.3122444152832
57.874656677246094,100.0,476.412,100.0,-56.40219497680664
57.91827154159546,100.0,477.357,100.0,-56.486915588378906
57.95159363746643,100.0,477.82,100.0,-56.649349212646484
57.98337531089783,100.0,478.812,100.0,-56.72698211669922
58.015483140945435,100.0,479.309,100.0,-56.805084228515625
58.047226905822754,100.0,479.734,100.0,-56.88251495361328
58.07904410362244,100.0,480.228,100.0,-57.030372619628906
58.11089873313904,100.0,480.68,100.0,-57.10270690917969
58.14289999008179,100.0,481.682,100.0,-57.17518615722656
58.17657470703125,100.0,482.178,100.0,-57.32307434082031
58.20673322677612,100.0,482.701,100.0,-57.398414611816406
58.23876690864563,100.0,483.225,100.0,-57.47479248046875
58.27076292037964,100.0,484.25,100.0,-57.55216979980469
58.30269169807434,100.0,484.734,100.0,-57.70469665527344
58.334855794906616,100.0,485.224,100.0,-57.77992248535156
58.36186337471008,100.0,485.728,100.0,-57.85533142089844
58.38929510116577,100.0,486.214,100.0,-57.93010330200195
58.435155630111694,100.0,487.19,100.0,-58.07974624633789
58.46508026123047,100.0,487.69,100.0,-58.13275146484375
58.5024516582489,100.0,488.591,100.0,-58.25165939331055
58.54118514060974,100.0,489.062,100.0,-58.312965393066406
58.56822681427002,100.0,489.507,100.0,-58.37638854980469
58.603408336639404,100.0,490.469,100.0,-58.506080627441406
58.63458585739136,100.0,490.937,100.0,-58.573699951171875
58.667887687683105,100.0,491.382,100.0,-58.64196014404297
58.70001435279846,100.0,491.868,100.0,-58.70976257324219
58.73171329498291,100.0,492.704,100.0,-58.8463020324707
58.76385521888733,100.0,493.165,100.0,-58.91230010986328
58.796082496643066,100.0,493.559,100.0,-58.97903823852539
58.828685998916626,100.0,494.02,100.0,-59.109161376953125
58.859928369522095,100.0,494.865,100.0,-59.17517852783203
58.891448736190796,100.0,495.59,100.0,-59.23919677734375
58.923267126083374,100.0,495.903,100.0,-59.31554412841797
58.955811500549316,100.0,496.143,100.0,-59.443580627441406
58.985841512680054,100.0,496.624,100.0,-59.496124267578125
59.01712155342102,100.0,496.871,100.0,-59.54322052001953
59.0542209148407,100.0,497.168,100.0,-59.629032135009766
59.08096694946289,100.0,497.433,100.0,-59.66969680786133
59.113027572631836,100.0,497.972,100.0,-59.70975875854492
59.1446738243103,100.0,498.25,100.0,-59.74829864501953
59.17636680603027,100.0,498.533,100.0,-59.82520294189453
59.208051681518555,100.0,498.873,100.0,-59.866310119628906
59.24010682106018,100.0,499.246,100.0,-59.91085433959961
59.27195405960083,100.0,499.986,100.0,-59.95768737792969
59.29813838005066,100.0,500.344,100.0,-60.00690460205078
59.334819078445435,100.0,500.687,100.0,-60.10768127441406
59.37003564834595,100.0,501.445,100.0,-60.15876770019531
59.40169715881348,100.0,501.841,100.0,-60.26788330078125
59.433443546295166,100.0,502.234,100.0,-60.324424743652344
59.46456551551819,100.0,502.625,100.0,-60.36534881591797
59.496299266815186,100.0,502.905,100.0,-60.41062927246094
59.533663272857666,100.0,503.148,100.0,-60.494571685791016
59.564629554748535,100.0,503.062,100.0,-60.524349212646484
59.59684467315674,100.0,502.893,100.0,-60.5411376953125
59.628540992736816,100.0,502.43,100.0,-60.53373718261719
59.66049337387085,100.0,502.237,100.0,-60.514732360839844
59.69195222854614,100.0,502.048,100.0,-60.48994064331055
59.72918891906738,100.0,501.878,100.0,-60.43006896972656
59.75559878349304,100.0,501.667,100.0,-60.39591979980469
59.77926158905029,100.0,501.476,100.0,-60.36039733886719
59.81981897354126,100.0,501.121,100.0,-60.32544708251953
59.851295709609985,100.0,501.028,100.0,-60.2894172668457
59.88328289985657,100.0,500.913,100.0,-60.227027893066406
59.91498398780823,100.0,500.641,100.0,-60.19732666015625
59.947094440460205,100.0,500.546,100.0,-60.16908645629883
59.97865271568298,100.0,500.454,100.0,-60.11965560913086
60.00337028503418,100.0,500.408,100.0,-60.099666595458984
60.03536796569824,100.0,500.354,100.0,-60.082237243652344
60.06799674034119,100.0,500.227,100.0,-60.06553649902344
60.10026669502258,100.0,500.158,100.0,-60.05124282836914
60.13235402107239,100.0,500.137,100.0,-60.02680969238281
60.16400480270386,100.0,500.096,100.0,-60.017112731933594
60.195937156677246,100.0,500.036,100.0,-60.00810241699219
60.22762894630432,100.0,500.023,100.0,-60.00105285644531
60.25900316238403,100.0,500.037,100.0,-59.992286682128906
60.290807485580444,100.0,500.06,100.0,-59.991188049316406
60.31139135360718,100.0,500.073,100.0,-59.99129867553711
60.35534691810608,100.0,500.036,100.0,-59.990421295166016
60.38689613342285,100.0,499.987,100.0,-59.988182067871094
60.41798400878906,100.0,500.01,100.0,-59.98677062988281
60.434263706207275,100.0,500.039,100.0,-59.986942291259766
60.46620464324951,100.0,500.065,100.0,-59.98857498168945
60.498194456100464,100.0,500.177,100.0,-59.991188049316406
60.53143787384033,100.0,500.339,100.0,-60.0067024230957
60.561710357666016,100.0,500.522,100.0,-60.01729202270508
60.60027098655701,100.0,500.615,100.0,-60.03327178955078
60.63177728652954,100.0,514.596,100.0,-60.059993743896484
60.663952112197876,100.0,529.733,100.0,-60.657073974609375
60.70248031616211,100.0,529.488,100.0,-61.75302505493164
60.73426151275635,100.0,514.607,100.0,-63.209739685058594
60.76676058769226,100.0,499.69,100.0,-63.0699348449707
60.80091595649719,100.0,512.387,100.0,-62.32527160644531
60.832361936569214,100.0,526.641,100.0,-62.82821273803711
60.864248275756836,100.0,556.755,100.0,-63.91507339477539
60.89599251747131,100.0,565.531,100.0,-65.34595489501953
60.927732706069946,100.0,570.793,100.0,-66.80790710449219
60.95926213264465,100.0,573.76,100.0,-69.27639770507812
60.99113059043884,100.0,580.305,100.0,-70.26263427734375
61.02245306968689,100.0,583.268,100.0,-71.13951873779297
61.054572105407715,100.0,587.45,100.0,-71.91344451904297
61.08557724952698,100.0,595.236,100.0,-73.52997589111328
61.11770415306091,100.0,623.961,100.0,-74.84814453125
61.149680376052856,100.0,606.883,100.0,-76.36495208740234
61.182721853256226,100.0,594.295,100.0,-76.54359436035156
61.213215351104736,100.0,558.765,100.0,-74.82968139648438
61.24497985839844,100.0,550.735,100.0,-73.52471160888672
61.27689862251282,100.0,526.255,100.0,-72.10784912109375
61.30849528312683,100.0,516.232,100.0,-67.88958740234375
61.3402681350708,100.0,471.968,100.0,-64.42436218261719
61.37186002731323,100.0,464.966,100.0,-61.506744384765625
61.403273582458496,100.0,461.03,100.0,-59.23009490966797
61.44894862174988,100.0,458.147,100.0,-55.858917236328125
61.48529815673828,100.0,459.799,100.0,-53.89227294921875
61.51695442199707,100.0,463.88,100.0,-53.493446350097656
61.548426389694214,100.0,465.425,100.0,-53.33140563964844
61.5805082321167,100.0,462.178,100.0,-53.01606369018555
61.61185431480408,100.0,458.918,100.0,-52.76676940917969
61.650413274765015,100.0,454.43,100.0,-52.42022705078125
61.68253469467163,100.0,453.199,100.0,-51.9688720703125
61.713194608688354,100.0,452.974,100.0,-51.838279724121094
61.744497537612915,100.0,452.727,100.0,-51.76640319824219
61.77578258514404,100.0,452.46,100.0,-51.72787857055664
61.80906414985657,100.0,451.263,100.0,-51.70196533203125
61.83996796607971,100.0,450.611,100.0,-51.6884880065918
61.87166619300842,100.0,449.924,100.0,-51.67143630981445
61.903071880340576,100.0,449.288,100.0,-51.64872741699219
61.93480038642883,100.0,447.957,100.0,-51.59021759033203
61.966909885406494,100.0,447.339,100.0,-51.55387878417969
61.999040842056274,100.0,446.771,100.0,-51.51455307006836
62.03026103973389,100.0,446.174,100.0,-51.47412109375
62.0628387928009,100.0,444.962,100.0,-51.38188171386719
62.09179139137268,100.0,443.782,100.0,-51.3322868347168
62.12659764289856,100.0,443.223,100.0,-51.25528335571289
62.16701650619507,100.0,442.053,100.0,-51.11103057861328
62.18561792373657,100.0,442.053,100.0,-51.04128646850586
62.217103719711304,100.0,440.945,100.0,-50.97260284423828
62.2486355304718,100.0,440.458,100.0,-50.90544891357422
62.28431725502014,100.0,439.935,100.0,-50.77784729003906
62.31248140335083,100.0,439.444,100.0,-50.715728759765625
62.344332218170166,100.0,438.419,100.0,-50.65373611450195
62.37650966644287,100.0,437.933,100.0,-50.59109878540039
62.40804171562195,100.0,437.469,100.0,-50.46808624267578
62.43855810165405,100.0,437.04,100.0,-50.409236907958984
62.468769550323486,100.0,436.56,100.0,-50.34964370727539
62.50202178955078,100.0,435.665,100.0,-50.290653228759766
62.53496170043945,100.0,435.176,100.0,-50.17141342163086
62.565669775009155,100.0,434.725,100.0,-50.11103057861328
62.59847664833069,100.0,433.837,100.0,-50.051292419433594
62.62915015220642,100.0,433.424,100.0,-49.99107360839844
62.66137981414795,100.0,433.027,100.0,-49.874542236328125
62.687116384506226,100.0,432.574,100.0,-49.815696716308594
62.71859431266785,100.0,432.153,100.0,-49.75705337524414
62.750558614730835,100.0,431.781,100.0,-49.70053482055664
62.78461670875549,100.0,431.002,100.0,-49.6043815612793
62.820069551467896,100.0,430.63,100.0,-49.56249237060547
62.85357999801636,100.0,430.224,100.0,-49.51846694946289
62.88268041610718,100.0,429.463,100.0,-49.422279357910156
62.91787648200989,100.0,429.111,100.0,-49.372352600097656
62.93637776374817,100.0,428.777,100.0,-49.32256317138672
62.967116355895996,100.0,428.439,100.0,-49.27357482910156
62.99925708770752,100.0,428.092,100.0,-49.224979400634766
63.03602933883667,100.0,427.35,100.0,-49.11073684692383
63.06987428665161,100.0,426.674,100.0,-49.04926681518555
63.10042715072632,100.0,426.301,100.0,-48.99082946777344
63.13669681549072,100.0,425.908,100.0,-48.87562561035156
63.16451096534729,100.0,425.557,100.0,-48.819576263427734
63.19649052619934,100.0,424.89,100.0,-48.76413345336914
63.22036004066467,100.0,424.597,100.0,-48.71186828613281
63.25180697441101,100.0,424.274,100.0,-48.66236877441406
63.28408622741699,100.0,423.966,100.0,-48.56630325317383
63.315423250198364,100.0,423.628,100.0,-48.518550872802734
63.34789967536926,100.0,423.331,100.0,-48.47221755981445
63.37893056869507,100.0,422.732,100.0,-48.42681121826172
63.41113615036011,100.0,422.445,100.0,-48.338443756103516
63.443082094192505,100.0,422.147,100.0,-48.29505157470703
63.47558283805847,100.0,421.821,100.0,-48.264347076416016
63.49843215942383,100.0,421.507,100.0,-48.22970962524414
63.5357129573822,100.0,420.904,100.0,-48.153465270996094
63.56919002532959,100.0,420.621,100.0,-48.11345672607422
63.60240459442139,100.0,420.342,100.0,-48.073211669921875
63.6366868019104,100.0,420.087,100.0,-47.99358367919922
63.665027141571045,100.0,419.508,100.0,-47.95405960083008
63.69629740715027,100.0,418.903,100.0,-47.91323471069336
63.728606939315796,100.0,418.631,100.0,-47.858707427978516
63.76783084869385,100.0,418.09,100.0,-47.75804901123047
63.79964900016785,100.0,417.821,100.0,-47.71195602416992
63.83160066604614,100.0,417.514,100.0,-47.667510986328125
63.863067626953125,100.0,417.257,100.0,-47.57979202270508
63.89509057998657,100.0,416.99,100.0,-47.537837982177734
63.92666292190552,100.0,416.451,100.0,-47.49592208862305
63.95842981338501,100.0,416.198,100.0,-47.455238342285156
63.99068474769592,100.0,415.939,100.0,-47.37642288208008
64.02255964279175,100.0,415.674,100.0,-47.33739471435547
64.05515050888062,100.0,415.133,100.0,-47.2985725402832
64.08768677711487,100.0,414.841,100.0,-47.21876907348633
64.1191418170929,100.0,414.579,100.0,-47.17882537841797
64.15077471733093,100.0,414.325,100.0,-47.139564514160156
64.18263792991638,100.0,413.833,100.0,-47.100852966308594
64.20906972885132,100.0,413.615,100.0,-47.07318115234375
64.23938870429993,100.0,413.379,100.0,-47.01441192626953
64.26704287528992,100.0,413.128,100.0,-46.9837760925293
64.30183219909668,100.0,412.863,100.0,-46.95164108276367
64.33405590057373,100.0,412.624,100.0,-46.91773223876953
64.36568593978882,100.0,412.222,100.0,-46.849727630615234
64.39818167686462,100.0,411.988,100.0,-46.818084716796875
64.42948341369629,100.0,411.753,100.0,-46.78578567504883
64.46369647979736,100.0,411.239,100.0,-46.70787048339844
64.49418711662292,100.0,410.737,100.0,-46.665767669677734
64.52678322792053,100.0,410.498,100.0,-46.623355865478516
64.55833768844604,100.0,410.221,100.0,-46.58252716064453
64.5904130935669,100.0,409.998,100.0,-46.502166748046875
64.6226794719696,100.0,409.547,100.0,-46.46479415893555
64.6544988155365,100.0,409.368,100.0,-46.4281120300293
64.68976950645447,100.0,409.129,100.0,-46.360076904296875
64.7188823223114,100.0,408.881,100.0,-46.32523727416992
64.75070071220398,100.0,408.619,100.0,-46.2892951965332
64.78314113616943,100.0,408.125,100.0,-46.253204345703125
64.81844019889832,100.0,407.943,100.0,-46.18302917480469
64.84947037696838,100.0,407.731,100.0,-46.14996337890625
64.88160920143127,100.0,407.231,100.0,-46.11581039428711
64.90580105781555,100.0,407.231,100.0,-46.08088684082031
64.93898034095764,100.0,406.687,100.0,-46.0067253112793
64.96767807006836,100.0,406.45,100.0,-45.97949981689453
65.00166583061218,100.0,406.227,100.0,-45.95041275024414
65.03372383117676,100.0,406.006,100.0,-45.92045211791992
65.06595206260681,100.0,405.59,100.0,-45.859893798828125
65.09702181816101,100.0,405.401,100.0,-45.829261779785156
65.12977170944214,100.0,405.189,100.0,-45.799461364746094
65.16374444961548,100.0,404.963,100.0,-45.73830795288086
65.19400930404663,100.0,404.254,100.0,-45.69700622558594
65.22633934020996,100.0,404.025,100.0,-45.65618896484375
65.25833821296692,100.0,403.771,100.0,-45.616825103759766
65.29093980789185,100.0,403.599,100.0,-45.541831970214844
65.32297658920288,100.0,403.201,100.0,-45.50822067260742
65.35245656967163,100.0,402.98,100.0,-45.47523498535156
65.3842465877533,100.0,402.752,100.0,-45.442298889160156
65.41681098937988,100.0,402.537,100.0,-45.37626266479492
65.44871497154236,100.0,402.289,100.0,-45.342288970947266
65.48075532913208,100.0,401.828,100.0,-45.30882263183594
65.51631903648376,100.0,401.602,100.0,-45.24020767211914
65.54475378990173,100.0,401.409,100.0,-45.20744705200195
65.57703590393066,100.0,401.242,100.0,-45.17692947387695
65.61931276321411,100.0,400.907,100.0,-45.11976623535156
65.65010404586792,100.0,400.717,100.0,-45.09247970581055
65.68362808227539,100.0,400.497,100.0,-45.06391525268555
65.70102882385254,100.0,400.235,100.0,-45.04356002807617
65.73277282714844,100.0,399.947,100.0,-45.01852035522461
65.76627039909363,100.0,399.452,100.0,-44.956912994384766
65.79781198501587,100.0,399.257,100.0,-44.923622131347656
65.82977533340454,100.0,399.081,100.0,-44.89134979248047
65.86323857307434,100.0,398.68,100.0,-44.86067199707031
65.90243434906006,100.0,398.239,100.0,-44.78514099121094
65.93475270271301,100.0,397.977,100.0,-44.74822998046875
65.96674060821533,100.0,397.768,100.0,-44.67411804199219
65.998215675354,100.0,397.343,100.0,-44.638999938964844
66.03081583976746,100.0,397.12,100.0,-44.604583740234375
66.06296372413635,100.0,396.925,100.0,-44.570377349853516
66.09515404701233,100.0,396.69,100.0,-44.5040168762207
66.12688755989075,100.0,396.52,100.0,-44.47274398803711
66.15931558609009,100.0,396.12,100.0,-44.44198226928711
66.19227409362793,100.0,395.92,100.0,-44.381309509277344
66.22391676902771,100.0,395.683,100.0,-44.34974670410156
66.25705981254578,100.0,395.5,100.0,-44.319393157958984
66.28830194473267,100.0,395.106,100.0,-44.29026794433594
66.31921362876892,100.0,394.911,100.0,-44.23066329956055
66.35153579711914,100.0,394.69,100.0,-44.200157165527344
66.38255381584167,100.0,394.461,100.0,-44.178260803222656
66.41910576820374,100.0,394.002,100.0,-44.126808166503906
66.45164275169373,100.0,393.781,100.0,-44.09759521484375
66.48355793952942,100.0,393.542,100.0,-44.06733322143555
66.51414251327515,100.0,393.357,100.0,-44.0355110168457
66.54654741287231,100.0,392.88,100.0,-43.96881103515625
66.57935929298401,100.0,392.632,100.0,-43.93638610839844
66.61029386520386,100.0,392.376,100.0,-43.90254211425781
66.64326977729797,100.0,392.136,100.0,-43.83159255981445
66.67396545410156,100.0,391.717,100.0,-43.79509735107422
66.70800113677979,100.0,391.494,100.0,-43.76156234741211
66.73919200897217,100.0,391.287,100.0,-43.72797393798828
66.77165532112122,100.0,391.1,100.0,-43.66340637207031
66.80387687683105,100.0,390.716,100.0,-43.63240432739258
66.83575510978699,100.0,390.551,100.0,-43.602294921875
66.86841654777527,100.0,390.339,100.0,-43.54454803466797
66.89915251731873,100.0,390.136,100.0,-43.515098571777344
66.93573212623596,100.0,389.729,100.0,-43.48812484741211
66.96826553344727,100.0,389.516,100.0,-43.426918029785156
66.99991130828857,100.0,389.293,100.0,-43.3953857421875
67.0364100933075,100.0,388.87,100.0,-43.36262130737305
67.0684244632721,100.0,388.694,100.0,-43.30120086669922
67.10417222976685,100.0,388.518,100.0,-43.27964782714844
67.1361517906189,100.0,388.343,100.0,-43.257232666015625
67.16837739944458,100.0,387.958,100.0,-43.21070098876953
67.19955921173096,100.0,387.699,100.0,-43.18513488769531
67.23393630981445,100.0,387.479,100.0,-43.15602111816406
67.27053093910217,100.0,387.261,100.0,-43.094810485839844
67.29684662818909,100.0,386.688,100.0,-43.05698013305664
67.32924509048462,100.0,386.467,100.0,-43.02063751220703
67.36085081100464,100.0,386.238,100.0,-42.98484802246094
67.39290571212769,100.0,386.01,100.0,-42.91363525390625
67.42485094070435,100.0,385.628,100.0,-42.880088806152344
67.45439076423645,100.0,385.474,100.0,-42.84749984741211
67.48539996147156,100.0,385.265,100.0,-42.817501068115234
67.51916003227234,100.0,385.07,100.0,-42.757240295410156
67.54923748970032,100.0,384.889,100.0,-42.7281379699707
67.58084630966187,100.0,384.501,100.0,-42.69792938232422
67.61284399032593,100.0,384.253,100.0,-42.669288635253906
67.64574551582336,100.0,384.074,100.0,-42.60858917236328
67.67757844924927,100.0,383.888,100.0,-42.57938766479492
67.70937776565552,100.0,383.69,100.0,-42.55012512207031
67.73146319389343,100.0,383.525,100.0,-42.522193908691406
67.76464176177979,100.0,383.04,100.0,-42.502220153808594
67.80256271362305,100.0,382.836,100.0,-42.450439453125
67.83118748664856,100.0,382.638,100.0,-42.422515869140625
67.86993527412415,100.0,382.273,100.0,-42.366756439208984
67.89634895324707,100.0,381.841,100.0,-42.33879852294922
67.92162990570068,100.0,381.663,100.0,-42.300575256347656
67.95174932479858,100.0,381.492,100.0,-42.26509094238281
67.9853982925415,100.0,381.314,100.0,-42.23204803466797
68.01927280426025,100.0,381.121,100.0,-42.16981506347656
68.05103850364685,100.0,380.695,100.0,-42.13870620727539
68.08582711219788,100.0,380.477,100.0,-42.107276916503906
68.12215828895569,100.0,380.29,100.0,-42.04457473754883
68.15037226676941,100.0,380.098,100.0,-42.014278411865234
68.18210124969482,100.0,379.736,100.0,-41.98453140258789
68.21451878547668,100.0,379.51,100.0,-41.95589065551758
68.24685072898865,100.0,379.292,100.0,-41.895111083984375
68.27795386314392,0.0,379.094,0.0,-44.86463165283203
68.29436922073364,0.0,378.857,0.0,-47.23271942138672
68.33134007453918,0.0,378.689,0.0,-49.12260818481445
68.3723714351654,0.0,378.336,0.0,-51.83039093017578
68.4009337425232,0.0,378.192,0.0,-52.78704833984375
68.42645645141602,0.0,377.985,0.0,-53.545997619628906
68.45255136489868,0.0,377.746,0.0,-54.15547561645508
68.48684549331665,0.0,377.564,0.0,-54.63511276245117
68.51990628242493,0.0,377.13,0.0,-55.30826950073242
68.55122399330139,0.0,376.987,0.0,-55.53804016113281
68.58277368545532,0.0,376.597,0.0,-55.718101501464844
68.6149332523346,0.0,376.399,0.0,-55.84796905517578
68.64734220504761,0.0,376.181,0.0,-56.01768493652344
68.67862462997437,0.0,375.855,0.0,-56.07094192504883
68.71134281158447,0.0,375.654,0.0,-56.10880661010742
68.74364423751831,0.0,375.484,0.0,-56.14760971069336
68.77633094787598,0.0,375.297,0.0,-56.15376281738281
68.80831098556519,0.0,374.901,0.0,-56.15185546875
68.84073185920715,0.0,374.676,0.0,-56.14521026611328
68.87147355079651,0.0,374.455,0.0,-56.11590576171875
68.90432119369507,0.0,374.269,0.0,-56.09700393676758
68.93575811386108,0.0,373.912,0.0,-56.07628631591797
68.96768641471863,0.0,373.727,0.0,-56.0550651550293
68.99959015846252,0.0,373.504,0.0,-56.0076789855957
69.03279542922974,0.0,373.328,0.0,-55.982666015625
69.0714201927185,0.0,372.961,0.0,-55.93157196044922
69.10231876373291,0.0,372.818,0.0,-55.913326263427734
69.1287088394165,0.0,372.629,0.0,-55.894805908203125
69.16991114616394,0.0,372.239,0.0,-55.85160446166992
69.20432043075562,0.0,371.887,0.0,-55.82729721069336
69.23523020744324,0.0,371.712,0.0,-55.79518508911133
69.27233982086182,0.0,371.544,0.0,-55.73516082763672
69.29841017723083,0.0,371.34,0.0,-55.705413818359375
69.33104467391968,0.0,370.973,0.0,-55.67559051513672
69.3630633354187,0.0,370.777,0.0,-55.646934509277344
69.39516758918762,0.0,370.574,0.0,-55.58870315551758
69.42745900154114,0.0,370.37,0.0,-55.55895233154297
69.45944857597351,0.0,369.971,0.0,-55.527767181396484
69.49188327789307,0.0,369.821,0.0,-55.49811935424805
69.52384233474731,0.0,369.665,0.0,-55.44398498535156
69.55681133270264,0.0,369.511,0.0,-55.418601989746094
69.57736372947693,0.0,369.294,0.0,-55.39137268066406
69.61959600448608,0.0,368.925,0.0,-55.364051818847656
69.65116477012634,0.0,368.753,0.0,-55.3098258972168
69.68258357048035,0.0,368.624,0.0,-55.2905387878418
69.7154848575592,0.0,368.416,0.0,-55.27168655395508
69.73158764839172,0.0,368.198,0.0,-55.249813079833984
69.76327347755432,0.0,368.008,0.0,-55.225162506103516
69.79609203338623,0.0,367.638,0.0,-55.17164993286133
69.83572340011597,0.0,367.29,0.0,-55.145408630371094
69.86892056465149,0.0,367.128,0.0,-55.111907958984375
69.89983081817627,0.0,366.765,0.0,-55.04954528808594
69.93451619148254,0.0,366.581,0.0,-55.02004623413086
69.96727752685547,0.0,366.361,0.0,-54.99097442626953
69.99905395507812,0.0,366.18,0.0,-54.93121337890625
70.03133058547974,0.0,365.8,0.0,-54.9019889831543
70.06372737884521,0.0,365.646,0.0,-54.87282180786133
70.09543752670288,0.0,365.471,0.0,-54.81816101074219
70.13461518287659,0.0,365.151,0.0,-54.79225158691406
70.16685152053833,0.0,364.939,0.0,-54.766693115234375
70.19897246360779,0.0,364.777,0.0,-54.713157653808594
70.2308349609375,0.0,364.584,0.0,-54.68614959716797
70.26241397857666,0.0,364.279,0.0,-54.66013717651367
70.29468750953674,0.0,364.095,0.0,-54.635276794433594
70.32597088813782,0.0,363.911,0.0,-54.58378219604492
70.35812067985535,0.0,363.689,0.0,-54.55580139160156
70.39005494117737,0.0,363.344,0.0,-54.52800750732422
70.42334747314453,0.0,363.174,0.0,-54.47454833984375
70.45351314544678,0.0,362.988,0.0,-54.44767379760742
70.485511302948,0.0,362.755,0.0,-54.41856384277344
70.51846981048584,0.0,362.354,0.0,-54.397499084472656
70.5528793334961,0.0,362.22,0.0,-54.34886169433594
70.58694529533386,0.0,362.116,0.0,-54.32540512084961
70.62477517127991,0.0,361.916,0.0,-54.28096389770508
70.65186738967896,0.0,361.496,0.0,-54.25576400756836
70.68550419807434,0.0,361.161,0.0,-54.228538513183594
70.71671748161316,0.0,361.049,0.0,-54.19478225708008
70.74825167655945,0.0,360.929,0.0,-54.13898849487305
70.78159856796265,0.0,360.6,0.0,-54.11298751831055
70.81123328208923,0.0,360.402,0.0,-54.08749008178711
70.84270000457764,0.0,360.207,0.0,-54.06086730957031
70.8750319480896,0.0,360.028,0.0,-54.00623321533203
70.90690612792969,0.0,359.654,0.0,-53.97916793823242
70.93976163864136,0.0,359.486,0.0,-53.95133972167969
70.97168636322021,0.0,359.327,0.0,-53.897926330566406
71.00422286987305,0.0,359.173,0.0,-53.872581481933594
71.03563857078552,0.0,358.861,0.0,-53.84830856323242
71.06908226013184,0.0,358.663,0.0,-53.823936462402344
71.1005175113678,0.0,358.487,0.0,-53.77227020263672
71.13137936592102,0.0,358.295,0.0,-53.745567321777344
71.16368460655212,0.0,358.116,0.0,-53.71879959106445
71.18649911880493,0.0,357.984,0.0,-53.69395065307617
71.21771311759949,0.0,357.678,0.0,-53.66971206665039
71.25280594825745,0.0,357.541,0.0,-53.623172760009766
71.28546690940857,0.0,357.358,0.0,-53.599266052246094
71.31678891181946,0.0,357.16,0.0,-53.58213806152344
71.35198330879211,0.0,356.847,0.0,-53.5415153503418
71.3847451210022,0.0,356.699,0.0,-53.519989013671875
71.41790246963501,0.0,356.57,0.0,-53.4984130859375
71.44917297363281,0.0,356.2,0.0,-53.45469665527344
71.48066997528076,0.0,355.884,0.0,-53.43077850341797
71.51320290565491,0.0,355.752,0.0,-53.400272369384766
71.54988241195679,0.0,355.599,0.0,-53.345733642578125
71.57802724838257,0.0,355.209,0.0,-53.317378997802734
71.60999608039856,0.0,355.031,0.0,-53.28942108154297
71.6424765586853,0.0,354.88,0.0,-53.26165771484375
71.67478537559509,0.0,354.772,0.0,-53.211524963378906
71.71955227851868,0.0,354.423,0.0,-53.18718719482422
71.75127696990967,0.0,354.259,0.0,-53.13775634765625
71.78310966491699,0.0,354.087,0.0,-53.11278533935547
71.81472134590149,0.0,353.763,0.0,-53.0880126953125
71.84820699691772,0.0,353.595,0.0,-53.03861999511719
71.87832570075989,0.0,353.422,0.0,-53.01353454589844
71.91073346138,0.0,353.252,0.0,-52.98833084106445
71.94195222854614,0.0,352.865,0.0,-52.96223831176758
71.96893310546875,0.0,352.739,0.0,-52.93508529663086
72.00151300430298,0.0,352.594,0.0,-52.88609313964844
72.0351209640503,0.0,352.477,0.0,-52.86884689331055
72.06937980651855,0.0,352.333,0.0,-52.85192108154297
72.10124468803406,0.0,351.953,0.0,-52.81205749511719
72.13391852378845,0.0,351.783,0.0,-52.78981399536133
72.16622877120972,0.0,351.511,0.0,-52.766727447509766
72.20093035697937,0.0,351.511,0.0,-52.71826934814453
72.23594522476196,0.0,350.994,0.0,-52.68891143798828
72.26762127876282,0.0,350.814,0.0,-52.660579681396484
72.30022263526917,0.0,350.66,0.0,-52.60542678833008
72.33243370056152,0.0,350.54,0.0,-52.580841064453125
72.36462354660034,0.0,350.252,0.0,-52.55701446533203
72.40245699882507,0.0,350.108,0.0,-52.511348724365234
72.42956471443176,0.0,349.923,0.0,-52.4874153137207
72.4610493183136,0.0,349.758,0.0,-52.46327590942383
72.4932656288147,0.0,349.448,0.0,-52.439144134521484
72.52558541297913,0.0,349.285,0.0,-52.39169692993164
72.55750679969788,0.0,349.12,0.0,-52.367637634277344
72.58918499946594,0.0,348.935,0.0,-52.35032272338867
72.62181258201599,0.0,348.595,0.0,-52.3304443359375
72.65343117713928,0.0,348.434,0.0,-52.28594970703125
72.67901492118835,0.0,348.326,0.0,-52.263370513916016
72.71921801567078,0.0,348.21,0.0,-52.242610931396484
72.75085377693176,0.0,347.729,0.0,-52.20315933227539
72.78503632545471,0.0,347.549,0.0,-52.174644470214844
72.81719088554382,0.0,347.38,0.0,-52.14624786376953
72.8520884513855,0.0,347.241,0.0,-52.09233093261719
72.88127326965332,0.0,346.958,0.0,-52.06821060180664
72.91261148452759,0.0,346.753,0.0,-52.044151306152344
72.9504463672638,0.0,346.581,0.0,-51.99221420288086
72.97664642333984,0.0,346.409,0.0,-51.96617126464844
73.00916123390198,0.0,346.268,0.0,-51.94139862060547
73.04009366035461,0.0,346.0,0.0,-51.918922424316406
73.07759165763855,0.0,345.874,0.0,-51.8746223449707
73.10456275939941,0.0,345.736,0.0,-51.85342025756836
73.13583636283875,0.0,345.562,0.0,-51.830989837646484
73.16836071014404,0.0,345.294,0.0,-51.81024932861328
73.20047545433044,0.0,345.104,0.0,-51.765602111816406
73.23214292526245,0.0,344.964,0.0,-51.74885177612305
73.26504731178284,0.0,344.758,0.0,-51.73124694824219
73.30277872085571,0.0,344.388,0.0,-51.68589782714844
73.33360171318054,0.0,344.242,0.0,-51.66196823120117
73.36573028564453,0.0,344.133,0.0,-51.63853073120117
73.4028902053833,0.0,343.754,0.0,-51.59157943725586
73.43542003631592,0.0,343.579,0.0,-51.567222595214844
73.46876335144043,0.0,343.384,0.0,-51.54225540161133
73.50131916999817,0.0,343.258,0.0,-51.491607666015625
73.53256750106812,0.0,342.965,0.0,-51.46815872192383
73.56474614143372,0.0,342.857,0.0,-51.444801330566406
73.6014757156372,0.0,342.673,0.0,-51.40045166015625
73.63040232658386,0.0,342.501,0.0,-51.376678466796875
73.66279435157776,0.0,342.187,0.0,-51.352901458740234
73.69424414634705,0.0,342.032,0.0,-51.329200744628906
73.72761917114258,0.0,341.904,0.0,-51.283226013183594
73.75938963890076,0.0,341.796,0.0,-51.26262283325195
73.7916648387909,0.0,341.662,0.0,-51.2422981262207
73.83589386940002,0.0,341.373,0.0,-51.20184326171875
73.8677830696106,0.0,341.207,0.0,-51.179847717285156
73.90029692649841,0.0,340.906,0.0,-51.145931243896484
73.9309139251709,0.0,340.774,0.0,-51.12751007080078
73.96337509155273,0.0,340.615,0.0,-51.1088752746582
73.99568486213684,0.0,340.477,0.0,-51.088924407958984
74.02809715270996,0.0,340.306,0.0,-51.0472412109375
74.06033945083618,0.0,339.892,0.0,-51.019996643066406
74.0919897556305,0.0,339.745,0.0,-50.99435043334961
74.13508176803589,0.0,339.447,0.0,-50.94544982910156
74.16817450523376,0.0,339.306,0.0,-50.92151641845703
74.20357203483582,0.0,339.159,0.0,-50.875328063964844
74.23544502258301,0.0,338.845,0.0,-50.85188674926758
74.26739478111267,0.0,338.71,0.0,-50.82865524291992
74.30211424827576,0.0,338.596,0.0,-50.78528594970703
74.33008456230164,0.0,338.456,0.0,-50.76441955566406
74.36993455886841,0.0,338.149,0.0,-50.74376678466797
74.40170931816101,0.0,337.97,0.0,-50.69847106933594
74.43435668945312,0.0,337.833,0.0,-50.675865173339844
74.46688723564148,0.0,337.688,0.0,-50.653480529785156
74.50279426574707,0.0,337.41,0.0,-50.61006164550781
74.53020572662354,0.0,337.268,0.0,-50.594482421875
74.56272912025452,0.0,337.131,0.0,-50.57764434814453
74.59502792358398,0.0,336.999,0.0,-50.56001663208008
74.62669229507446,0.0,336.758,0.0,-50.524269104003906
74.6583104133606,0.0,336.638,0.0,-50.506439208984375
74.6908929347992,0.0,336.371,0.0,-50.488704681396484
74.72240924835205,0.0,336.192,0.0,-50.464866638183594
74.75469923019409,0.0,336.04,0.0,-50.415489196777344
74.78669691085815,0.0,335.683,0.0,-50.39030456542969
74.81949138641357,0.0,335.572,0.0,-50.364315032958984
74.84712886810303,0.0,335.409,0.0,-50.34070587158203
74.88462495803833,0.0,335.324,0.0,-50.29584503173828
74.9189887046814,0.0,335.041,0.0,-50.27487564086914
74.95412492752075,0.0,334.898,0.0,-50.23284912109375
74.98280572891235,0.0,334.737,0.0,-50.21096420288086
75.01364016532898,0.0,334.61,0.0,-50.18986511230469
75.045494556427,0.0,334.379,0.0,-50.16925048828125
75.07702660560608,0.0,334.229,0.0,-50.13035583496094
75.10893750190735,0.0,334.104,0.0,-50.11088562011719
75.14131999015808,0.0,333.974,0.0,-50.09149932861328
75.17229056358337,0.0,333.65,0.0,-50.06952667236328
75.20422148704529,0.0,333.495,0.0,-50.02625274658203
75.23595881462097,0.0,333.338,0.0,-50.010440826416016
75.26966094970703,0.0,333.24,0.0,-49.99273681640625
75.30120396614075,0.0,332.971,0.0,-49.958038330078125
75.33318758010864,0.0,332.854,0.0,-49.9400749206543
75.36585211753845,0.0,332.702,0.0,-49.922340393066406
75.39735269546509,0.0,332.558,0.0,-49.90330123901367
75.41940259933472,0.0,332.26,0.0,-49.88358688354492
75.45089292526245,0.0,332.156,0.0,-49.85688018798828
75.48337578773499,0.0,331.89,0.0,-49.81132888793945
75.51461887359619,0.0,331.786,0.0,-49.78871154785156
75.55249381065369,0.0,331.626,0.0,-49.74629211425781
75.5865569114685,0.0,331.302,0.0,-49.72291946411133
75.61941123008728,0.0,331.161,0.0,-49.70008087158203
75.65424346923828,0.0,331.043,0.0,-49.65642547607422
75.68277072906494,0.0,330.894,0.0,-49.63490676879883
75.71409511566162,0.0,330.788,0.0,-49.61494827270508
75.74469304084778,0.0,330.695,0.0,-49.600643157958984
75.77702212333679,0.0,330.401,0.0,-49.569942474365234
75.81040167808533,0.0,330.249,0.0,-49.552860260009766
75.8416383266449,0.0,330.113,0.0,-49.53432083129883
75.87379026412964,0.0,330.018,0.0,-49.515323638916016
75.90517544746399,0.0,329.563,0.0,-49.48055648803711
75.93695521354675,0.0,329.375,0.0,-49.45376968383789
75.96871733665466,0.0,329.228,0.0,-49.42620086669922
76.00119042396545,0.0,329.1,0.0,-49.37506866455078
76.0330262184143,0.0,329.012,0.0,-49.3533821105957
76.0652711391449,0.0,328.771,0.0,-49.33277893066406
76.09762001037598,0.0,328.607,0.0,-49.31280517578125
76.12905430793762,0.0,328.475,0.0,-49.27077102661133
76.16129302978516,0.0,328.345,0.0,-49.250328063964844
76.19393968582153,0.0,328.115,0.0,-49.23009490966797
76.22591853141785,0.0,327.976,0.0,-49.211448669433594
76.25610446929932,0.0,327.875,0.0,-49.17436218261719
76.28544402122498,0.0,327.74,0.0,-49.15591049194336
76.32122540473938,0.0,327.586,0.0,-49.136260986328125
76.3536171913147,0.0,327.325,0.0,-49.09796905517578
76.38356637954712,0.0,327.179,0.0,-49.08372497558594
76.41687250137329,0.0,327.049,0.0,-49.0676383972168
76.44839835166931,0.0,326.913,0.0,-49.05078125
76.47137308120728,0.0,326.813,0.0,-49.03306579589844
76.50630116462708,0.0,326.699,0.0,-48.999359130859375
76.53411149978638,0.0,326.452,0.0,-48.9830322265625
76.56656384468079,0.0,326.292,0.0,-48.96535873413086
76.599191904068,0.0,326.033,0.0,-48.945960998535156
76.63110947608948,0.0,325.921,0.0,-48.89813232421875
76.66270208358765,0.0,325.657,0.0,-48.87675476074219
76.69622159004211,0.0,325.536,0.0,-48.85483169555664
76.7303819656372,0.0,325.351,0.0,-48.810890197753906
76.75973558425903,0.0,325.214,0.0,-48.788448333740234
76.79235458374023,0.0,324.962,0.0,-48.76737594604492
76.8249089717865,0.0,324.887,0.0,-48.746360778808594
76.85693407058716,0.0,324.787,0.0,-48.710750579833984
76.8881049156189,0.0,324.693,0.0,-48.69449996948242
76.91968560218811,0.0,324.456,0.0,-48.678287506103516
76.9555082321167,0.0,324.335,0.0,-48.64453887939453
76.98481726646423,0.0,324.177,0.0,-48.62577819824219
77.01874566078186,0.0,324.057,0.0,-48.60724639892578
77.05026698112488,0.0,323.784,0.0,-48.588050842285156
77.08263373374939,0.0,323.676,0.0,-48.55009841918945
77.11475443840027,0.0,323.545,0.0,-48.536781311035156
77.14696550369263,0.0,323.395,0.0,-48.5219841003418
77.1806914806366,0.0,323.049,0.0,-48.48589324951172
77.21099328994751,0.0,322.921,0.0,-48.46473693847656
77.24356651306152,0.0,322.777,0.0,-48.44397735595703
77.27525186538696,0.0,322.693,0.0,-48.42287063598633
77.3076639175415,0.0,322.329,0.0,-48.385406494140625
77.33999300003052,0.0,322.172,0.0,-48.36177062988281
77.37159442901611,0.0,322.036,0.0,-48.337913513183594
77.40689754486084,0.0,321.918,0.0,-48.29297637939453
77.43533563613892,0.0,321.773,0.0,-48.271087646484375
77.4669783115387,0.0,321.534,0.0,-48.249977111816406
77.49951910972595,0.0,321.386,0.0,-48.22993469238281
77.5365936756134,0.0,321.261,0.0,-48.18915557861328
77.56815886497498,0.0,321.141,0.0,-48.16961669921875
77.59983944892883,0.0,320.842,0.0,-48.14898681640625
77.63202786445618,0.0,320.703,0.0,-48.107261657714844
77.65689945220947,0.0,320.553,0.0,-48.08589172363281
77.68572950363159,0.0,320.435,0.0,-48.065494537353516
77.71658158302307,0.0,320.33,0.0,-48.05080032348633
77.75561451911926,0.0,320.131,0.0,-48.021751403808594
77.78840899467468,0.0,320.037,0.0,-48.007362365722656
77.8207037448883,0.0,319.916,0.0,-47.99330139160156
77.85197877883911,0.0,319.779,0.0,-47.97834396362305
77.88454508781433,0.0,319.483,0.0,-47.94453811645508
77.916832447052,0.0,319.384,0.0,-47.92536163330078
77.94865250587463,0.0,319.152,0.0,-47.90734100341797
77.98000931739807,0.0,319.012,0.0,-47.862159729003906
78.01401782035828,0.0,318.705,0.0,-47.839393615722656
78.04349684715271,0.0,318.556,0.0,-47.816287994384766
78.08419418334961,0.0,318.458,0.0,-47.77223587036133
78.11651015281677,0.0,318.233,0.0,-47.75204086303711
78.1480119228363,0.0,318.15,0.0,-47.73306655883789
78.17943358421326,0.0,318.038,0.0,-47.71595764160156
78.21180438995361,0.0,317.922,0.0,-47.682167053222656
78.24244523048401,0.0,317.614,0.0,-47.66453552246094
78.27462387084961,0.0,317.47,0.0,-47.644569396972656
78.30715346336365,0.0,317.335,0.0,-47.60362243652344
78.33908915519714,0.0,317.195,0.0,-47.58293151855469
78.36014080047607,0.0,317.095,0.0,-47.563758850097656
78.40123987197876,0.0,316.96,0.0,-47.549964904785156
78.43721675872803,0.0,316.642,0.0,-47.51906967163086
78.4674551486969,0.0,316.54,0.0,-47.49939727783203
78.50003409385681,0.0,316.402,0.0,-47.48088836669922
78.53274393081665,0.0,316.27,0.0,-47.44243240356445
78.56459021568298,0.0,316.019,0.0,-47.42376708984375
78.60645890235901,0.0,315.934,0.0,-47.38701248168945
78.63712573051453,0.0,315.83,0.0,-47.370121002197266
78.66912722587585,0.0,315.587,0.0,-47.352718353271484
78.69966077804565,0.0,315.442,0.0,-47.33536911010742
78.71665120124817,0.0,315.322,0.0,-47.31684494018555
78.747798204422,0.0,315.157,0.0,-47.298458099365234
78.78367853164673,0.0,315.03,0.0,-47.258331298828125
78.81234335899353,0.0,314.918,0.0,-47.23918914794922
78.84546899795532,0.0,314.769,0.0,-47.2191162109375
78.87825894355774,0.0,314.52,0.0,-47.199928283691406
78.90942859649658,0.0,314.388,0.0,-47.16056823730469
78.9415512084961,0.0,314.228,0.0,-47.13959884643555
78.97336864471436,0.0,314.096,0.0,-47.124393463134766
79.00819826126099,0.0,313.882,0.0,-47.09220886230469
79.03648948669434,0.0,313.774,0.0,-47.076202392578125
79.05933213233948,0.0,313.659,0.0,-47.060264587402344
79.10300302505493,0.0,313.52,0.0,-47.0440788269043
79.13450193405151,0.0,313.269,0.0,-47.00826644897461
79.1678237915039,0.0,313.019,0.0,-46.9903564453125
79.2012505531311,0.0,312.912,0.0,-46.96696472167969
79.2328450679779,0.0,312.785,0.0,-46.924278259277344
79.26420331001282,0.0,312.599,0.0,-46.90599822998047
79.29678153991699,0.0,312.476,0.0,-46.88802719116211
79.32936263084412,0.0,312.355,0.0,-46.86996078491211
79.36023139953613,0.0,312.215,0.0,-46.83304214477539
79.39307188987732,0.0,312.092,0.0,-46.81428527832031
79.42440056800842,0.0,311.844,0.0,-46.79539489746094
79.45811319351196,0.0,311.714,0.0,-46.75784683227539
79.48900556564331,0.0,311.606,0.0,-46.73969268798828
79.52131652832031,0.0,311.486,0.0,-46.72160720825195
79.55274605751038,0.0,311.203,0.0,-46.702857971191406
79.58535718917847,0.0,311.063,0.0,-46.66902160644531
79.61780858039856,0.0,310.933,0.0,-46.65314865112305
79.65440893173218,0.0,310.862,0.0,-46.636390686035156
79.68704748153687,0.0,310.648,0.0,-46.60646057128906
79.71940326690674,0.0,310.573,0.0,-46.591182708740234
79.75117659568787,0.0,310.403,0.0,-46.577152252197266
79.7824182510376,0.0,310.278,0.0,-46.542564392089844
79.81815576553345,0.0,309.892,0.0,-46.51799774169922
79.8490469455719,0.0,309.771,0.0,-46.49565124511719
79.88568305969238,0.0,309.671,0.0,-46.4544563293457
79.91818475723267,0.0,309.468,0.0,-46.43572998046875
79.94947385787964,0.0,309.367,0.0,-46.418113708496094
79.98203015327454,0.0,309.228,0.0,-46.40122985839844
80.01348376274109,0.0,309.116,0.0,-46.36573028564453
80.04488492012024,0.0,308.859,0.0,-46.34730911254883
80.0771324634552,0.0,308.718,0.0,-46.32903289794922
80.10949373245239,0.0,308.594,0.0,-46.29096221923828
80.1399073600769,0.0,308.495,0.0,-46.273094177246094
80.17333698272705,0.0,308.37,0.0,-46.255001068115234
80.20222783088684,0.0,308.136,0.0,-46.23707580566406
80.23386597633362,0.0,307.97,0.0,-46.19950485229492
80.26638698577881,0.0,307.827,0.0,-46.1791877746582
80.29792380332947,0.0,307.727,0.0,-46.16445541381836
80.33019471168518,0.0,307.495,0.0,-46.14984130859375
80.3623514175415,0.0,307.391,0.0,-46.11823272705078
80.39468193054199,0.0,307.292,0.0,-46.10285186767578
80.42587018013,0.0,307.156,0.0,-46.08773422241211
80.45794010162354,0.0,307.061,0.0,-46.05545425415039
80.48363590240479,0.0,306.8,0.0,-46.03318786621094
80.51913261413574,0.0,306.572,0.0,-46.01348876953125
80.55146384239197,0.0,306.459,0.0,-45.993019104003906
80.58439922332764,0.0,306.386,0.0,-45.95610427856445
80.61514711380005,0.0,306.274,0.0,-45.93899154663086
80.64687967300415,0.0,306.097,0.0,-45.92293167114258
80.6794171333313,0.0,305.932,0.0,-45.90781021118164
80.72005105018616,0.0,305.796,0.0,-45.87167739868164
80.7507152557373,0.0,305.558,0.0,-45.853267669677734
80.78527116775513,0.0,305.44,0.0,-45.81696319580078
80.81484866142273,0.0,305.354,0.0,-45.80030822753906
80.84828090667725,0.0,305.246,0.0,-45.783836364746094
80.88363003730774,0.0,305.02,0.0,-45.749847412109375
80.91111636161804,0.0,304.898,0.0,-45.738136291503906
80.94381356239319,0.0,304.797,0.0,-45.72488021850586
80.976487159729,0.0,304.695,0.0,-45.71128845214844
81.01037955284119,0.0,304.494,0.0,-45.683101654052734
81.0397698879242,0.0,304.374,0.0,-45.66889572143555
81.07281947135925,0.0,304.269,0.0,-45.65373229980469
81.10412311553955,0.0,304.14,0.0,-45.63845443725586
81.13530826568604,0.0,303.907,0.0,-45.6004753112793
81.1672101020813,0.0,303.645,0.0,-45.579219818115234
81.19848966598511,0.0,303.509,0.0,-45.55807876586914
81.23573470115662,0.0,303.38,0.0,-45.51605987548828
81.26738786697388,0.0,303.15,0.0,-45.495819091796875
81.30216407775879,0.0,303.06,0.0,-45.47649002075195
81.33477544784546,0.0,302.956,0.0,-45.44155502319336
81.36550569534302,0.0,302.831,0.0,-45.423988342285156
81.3973605632782,0.0,302.604,0.0,-45.407196044921875
81.42867016792297,0.0,302.478,0.0,-45.3897819519043
81.4608166217804,0.0,302.423,0.0,-45.35682678222656
81.49288535118103,0.0,302.317,0.0,-45.34160614013672
81.52566385269165,0.0,302.196,0.0,-45.325687408447266
81.56027483940125,0.0,301.954,0.0,-45.29283905029297
81.58894634246826,0.0,301.837,0.0,-45.28056716918945
81.62176656723022,0.0,301.722,0.0,-45.267066955566406
81.65317749977112,0.0,301.617,0.0,-45.252689361572266
81.68439674377441,0.0,301.33,0.0,-45.22212219238281
81.71651935577393,0.0,301.193,0.0,-45.2040901184082
81.74740481376648,0.0,301.098,0.0,-45.18526077270508
81.78502082824707,0.0,300.989,0.0,-45.150230407714844
81.81489300727844,0.0,300.788,0.0,-45.13399887084961
81.84681701660156,0.0,300.544,0.0,-45.117591857910156
81.87900042533875,0.0,300.453,0.0,-45.09554672241211
81.90623354911804,0.0,300.355,0.0,-45.0755729675293
81.93650579452515,0.0,300.209,0.0,-45.03729248046875
81.9657666683197,0.0,300.091,0.0,-45.01808166503906
81.99860143661499,0.0,299.894,0.0,-45.0002555847168
82.03611469268799,0.0,299.796,0.0,-44.966556549072266
82.06940793991089,0.0,299.57,0.0,-44.950042724609375
82.10339164733887,0.0,299.446,0.0,-44.933414459228516
82.13462567329407,0.0,299.357,0.0,-44.90021514892578
82.16155290603638,0.0,299.245,0.0,-44.88401412963867
82.1989676952362,0.0,298.963,0.0,-44.865684509277344
82.23595905303955,0.0,298.846,0.0,-44.829105377197266
82.26881504058838,0.0,298.76,0.0,-44.81234359741211
82.30001401901245,0.0,298.545,0.0,-44.79598617553711
82.3349928855896,0.0,298.426,0.0,-44.76277160644531
82.36671686172485,0.0,298.295,0.0,-44.745208740234375
82.39828944206238,0.0,298.211,0.0,-44.72901916503906
82.43083548545837,0.0,297.976,0.0,-44.717411041259766
82.46295118331909,0.0,297.868,0.0,-44.690284729003906
82.49402141571045,0.0,297.763,0.0,-44.67572021484375
82.52520036697388,0.0,297.695,0.0,-44.66091537475586
82.55738139152527,0.0,297.59,0.0,-44.64746856689453
82.58918476104736,0.0,297.348,0.0,-44.619327545166016
82.61409568786621,0.0,297.201,0.0,-44.603267669677734
82.65035343170166,0.0,297.046,0.0,-44.585514068603516
82.68763279914856,0.0,296.906,0.0,-44.546077728271484
82.71917510032654,0.0,296.65,0.0,-44.523597717285156
82.7500102519989,0.0,296.525,0.0,-44.50419998168945
82.78215408325195,0.0,296.416,0.0,-44.4848518371582
82.81458616256714,0.0,296.31,0.0,-44.448280334472656
82.85069966316223,0.0,296.13,0.0,-44.43116760253906
82.88161373138428,0.0,295.994,0.0,-44.41545486450195
82.9139723777771,0.0,295.87,0.0,-44.38111877441406
82.94657301902771,0.0,295.673,0.0,-44.3646354675293
82.97826147079468,0.0,295.59,0.0,-44.348480224609375
83.011301279068,0.0,295.472,0.0,-44.317710876464844
83.04264903068542,0.0,295.323,0.0,-44.300209045410156
83.07456016540527,0.0,295.208,0.0,-44.28274154663086
83.10698819160461,0.0,294.99,0.0,-44.265602111816406
83.13790035247803,0.0,294.884,0.0,-44.231956481933594
83.17017340660095,0.0,294.765,0.0,-44.2149658203125
83.2022442817688,0.0,294.641,0.0,-44.202728271484375
83.23440766334534,0.0,294.481,0.0,-44.176109313964844
83.2658474445343,0.0,294.392,0.0,-44.163394927978516
83.29923677444458,0.0,294.321,0.0,-44.15067672729492
83.33764672279358,0.0,294.211,0.0,-44.125648498535156
83.36807703971863,0.0,293.978,0.0,-44.111541748046875
83.40134620666504,0.0,293.841,0.0,-44.09648895263672
83.43308162689209,0.0,293.692,0.0,-44.07990264892578
83.46576142311096,0.0,293.479,0.0,-44.039371490478516
83.51443910598755,0.0,293.305,0.0,-44.000701904296875
83.54586267471313,0.0,293.132,0.0,-43.98469924926758
83.57827711105347,0.0,293.019,0.0,-43.968746185302734
83.61194062232971,0.0,292.908,0.0,-43.93621063232422
83.6423876285553,0.0,292.802,0.0,-43.920005798339844
83.67486572265625,0.0,292.666,0.0,-43.90262985229492
83.70583367347717,0.0,292.469,0.0,-43.88616180419922
83.73818135261536,0.0,292.336,0.0,-43.85266876220703
83.76967668533325,0.0,292.212,0.0,-43.834983825683594
83.80199909210205,0.0,292.111,0.0,-43.81795120239258
83.83701419830322,0.0,291.887,0.0,-43.79195022583008
83.86613178253174,0.0,291.784,0.0,-43.77788543701172
83.8985915184021,0.0,291.693,0.0,-43.76353454589844
83.93637418746948,0.0,291.571,0.0,-43.73429870605469
83.96732831001282,0.0,291.419,0.0,-43.720298767089844
83.99995470046997,0.0,291.293,0.0,-43.707027435302734
84.03179454803467,0.0,291.213,0.0,-43.692298889160156
84.06942129135132,0.0,290.881,0.0,-43.663330078125
84.10139155387878,0.0,290.765,0.0,-43.64365005493164
84.13605785369873,0.0,290.633,0.0,-43.60477066040039
84.1695237159729,0.0,290.347,0.0,-43.585289001464844
84.19987916946411,0.0,290.223,0.0,-43.56424331665039
84.23203301429749,0.0,290.126,0.0,-43.54364013671875
84.26551103591919,0.0,290.038,0.0,-43.5069580078125
84.29659986495972,0.0,290.0,0.0,-43.49269104003906
84.3288586139679,0.0,289.809,0.0,-43.478912353515625
84.36116909980774,0.0,289.737,0.0,-43.451717376708984
84.39308071136475,0.0,289.607,0.0,-43.43702697753906
84.4201169013977,0.0,289.505,0.0,-43.42224884033203
84.4518632888794,0.0,289.399,0.0,-43.4072265625
84.4879584312439,0.0,289.138,0.0,-43.373069763183594
84.51607704162598,0.0,289.023,0.0,-43.36080551147461
84.54885506629944,0.0,288.905,0.0,-43.34734344482422
84.58053541183472,0.0,288.825,0.0,-43.33281707763672
84.61283421516418,0.0,288.618,0.0,-43.305301666259766
84.64346981048584,0.0,288.536,0.0,-43.290733337402344
84.67616486549377,0.0,288.433,0.0,-43.27684020996094
84.71355104446411,0.0,288.321,0.0,-43.24766540527344
84.74009084701538,0.0,288.075,0.0,-43.22660446166992
84.76908135414124,0.0,287.867,0.0,-43.206512451171875
84.80005812644958,0.0,287.795,0.0,-43.18769836425781
84.83705925941467,0.0,287.725,0.0,-43.15596008300781
84.86810111999512,0.0,287.603,0.0,-43.14008331298828
84.9008047580719,0.0,287.378,0.0,-43.12407684326172
84.9401752948761,0.0,287.25,0.0,-43.090492248535156
84.96862053871155,0.0,287.123,0.0,-43.072715759277344
85.00024724006653,0.0,287.003,0.0,-43.05479431152344
85.03159976005554,0.0,286.772,0.0,-43.037227630615234
85.06273674964905,0.0,286.675,0.0,-43.00240707397461
85.09429478645325,0.0,286.591,0.0,-42.986629486083984
85.12672805786133,0.0,286.479,0.0,-42.970603942871094
85.15870332717896,0.0,286.315,0.0,-42.955814361572266
85.19075059890747,0.0,286.167,0.0,-42.93433380126953
85.22197031974792,0.0,286.076,0.0,-42.92051696777344
85.25550198554993,0.0,285.991,0.0,-42.906837463378906
85.28601789474487,0.0,285.895,0.0,-42.89350891113281
85.31682872772217,0.0,285.73,0.0,-42.86705780029297
85.34890532493591,0.0,285.611,0.0,-42.85420608520508
85.38155364990234,0.0,285.483,0.0,-42.840065002441406
85.41342759132385,0.0,285.367,0.0,-42.808448791503906
85.4452064037323,0.0,285.132,0.0,-42.78692626953125
85.48602557182312,0.0,284.969,0.0,-42.771087646484375
85.51759457588196,0.0,284.868,0.0,-42.735267639160156
85.55329728126526,0.0,284.651,0.0,-42.718204498291016
85.58446788787842,0.0,284.576,0.0,-42.70106506347656
85.61694002151489,0.0,284.472,0.0,-42.66995620727539
85.64839243888855,0.0,284.26,0.0,-42.65424346923828
85.6806046962738,0.0,284.119,0.0,-42.63856506347656
85.7126293182373,0.0,283.985,0.0,-42.6032829284668
85.74389290809631,0.0,283.836,0.0,-42.583900451660156
85.77692675590515,0.0,283.729,0.0,-42.565277099609375
85.80805730819702,0.0,283.566,0.0,-42.54709243774414
85.84067559242249,0.0,283.5,0.0,-42.5179557800293
85.872230052948,0.0,283.397,0.0,-42.50385665893555
85.90463614463806,0.0,283.31,0.0,-42.49016571044922
85.93668723106384,0.0,283.126,0.0,-42.48043441772461
85.96888899803162,0.0,283.027,0.0,-42.45884704589844
86.00313186645508,0.0,282.914,0.0,-42.44679260253906
86.03523564338684,0.0,282.785,0.0,-42.43351364135742
86.06825542449951,0.0,282.6,0.0,-42.40353012084961
86.09937024116516,0.0,282.491,0.0,-42.38920974731445
86.13163590431213,0.0,282.381,0.0,-42.37433624267578
86.16377353668213,0.0,282.182,0.0,-42.33955383300781
86.20236730575562,0.0,281.971,0.0,-42.32086181640625
86.23434257507324,0.0,281.848,0.0,-42.30280303955078
86.2693784236908,0.0,281.734,0.0,-42.26637649536133
86.30177044868469,0.0,281.552,0.0,-42.248924255371094
86.33394646644592,0.0,281.426,0.0,-42.23291778564453
86.36770057678223,0.0,281.341,0.0,-42.20037841796875
86.39816904067993,0.0,281.27,0.0,-42.186092376708984
86.4295756816864,0.0,281.095,0.0,-42.17161178588867
86.46111845970154,0.0,281.013,0.0,-42.1581916809082
86.49409174919128,0.0,280.907,0.0,-42.13154220581055
86.52590894699097,0.0,280.808,0.0,-42.117637634277344
86.55206799507141,0.0,280.727,0.0,-42.10429382324219
86.58345341682434,0.0,280.492,0.0,-42.089996337890625
86.61490678787231,0.0,280.424,0.0,-42.0635986328125
86.64677453041077,0.0,280.301,0.0,-42.052982330322266
86.67901849746704,0.0,280.186,0.0,-42.04039001464844
86.71054077148438,0.0,280.114,0.0,-42.026588439941406
86.74245810508728,0.0,279.861,0.0,-41.99848937988281
86.77429223060608,0.0,279.751,0.0,-41.982818603515625
86.80751037597656,0.0,279.65,0.0,-41.96684265136719
86.83765816688538,0.0,279.571,0.0,-41.95101547241211
86.87156367301941,0.0,279.228,0.0,-41.91726303100586
86.90270829200745,0.0,279.104,0.0,-41.89728546142578
86.93472576141357,0.0,279.033,0.0,-41.87743377685547
86.96960592269897,0.0,278.943,0.0,-41.843441009521484
86.9995391368866,0.0,278.806,0.0,-41.82880401611328
87.0317976474762,0.0,278.693,0.0,-41.8152961730957
87.06519818305969,0.0,278.578,0.0,-41.785831451416016
87.10154938697815,0.0,278.462,0.0,-41.77009963989258
87.13426923751831,0.0,278.244,0.0,-41.75422286987305
87.16607618331909,0.0,278.146,0.0,-41.72242736816406
87.19774150848389,0.0,278.052,0.0,-41.7071533203125
87.23053503036499,0.0,277.94,0.0,-41.69146728515625
87.26273012161255,0.0,277.741,0.0,-41.67626953125
87.2947986125946,0.0,277.6,0.0,-41.65325164794922
87.32738494873047,0.0,277.501,0.0,-41.63878631591797
87.35841989517212,0.0,277.367,0.0,-41.62424087524414
87.39175915718079,0.0,277.232,0.0,-41.593658447265625
87.42347025871277,0.0,277.136,0.0,-41.5804328918457
87.45531606674194,0.0,277.063,0.0,-41.56696319580078
87.48632597923279,0.0,276.861,0.0,-41.55426788330078
87.51906657218933,0.0,276.754,0.0,-41.519493103027344
87.55051183700562,0.0,276.567,0.0,-41.50341033935547
87.58439517021179,0.0,276.45,0.0,-41.48744583129883
87.61806917190552,0.0,276.367,0.0,-41.45559310913086
87.65121126174927,0.0,276.251,0.0,-41.43962097167969
87.69104433059692,0.0,276.063,0.0,-41.4087028503418
87.71607303619385,0.0,275.932,0.0,-41.39241027832031
87.74770903587341,0.0,275.826,0.0,-41.37617492675781
87.77981543540955,0.0,275.744,0.0,-41.36099624633789
87.81163167953491,0.0,275.564,0.0,-41.3458366394043
87.84401750564575,0.0,275.441,0.0,-41.31627655029297
87.87432718276978,0.0,275.311,0.0,-41.299766540527344
87.90777277946472,0.0,275.187,0.0,-41.28261947631836
87.93945336341858,0.0,274.979,0.0,-41.27018356323242
87.97228336334229,0.0,274.9,0.0,-41.24243927001953
88.00364279747009,0.0,274.804,0.0,-41.22949981689453
88.03592348098755,0.0,274.733,0.0,-41.21626281738281
88.06710600852966,0.0,274.614,0.0,-41.19001388549805
88.09933423995972,0.0,274.415,0.0,-41.17544174194336
88.13619589805603,0.0,274.322,0.0,-41.1612548828125
88.1673972606659,0.0,274.231,0.0,-41.13320541381836
88.19921970367432,0.0,273.938,0.0,-41.11517333984375
88.23089694976807,0.0,273.831,0.0,-41.097721099853516
88.26358652114868,0.0,273.713,0.0,-41.08052062988281
88.29462099075317,0.0,273.597,0.0,-41.04550552368164
88.31830763816833,0.0,273.552,0.0,-41.030853271484375
88.35292792320251,0.0,273.489,0.0,-41.017696380615234
88.38372707366943,0.0,273.299,0.0,-41.00409698486328
88.41837310791016,0.0,273.14,0.0,-40.9743766784668
88.45088052749634,0.0,273.016,0.0,-40.9573860168457
88.48306918144226,0.0,272.926,0.0,-40.9412727355957
88.518878698349,0.0,272.745,0.0,-40.910743713378906
88.54587364196777,0.0,272.648,0.0,-40.900047302246094
88.57786440849304,0.0,272.576,0.0,-40.88850402832031
88.61025953292847,0.0,272.495,0.0,-40.87734603881836
88.64363980293274,0.0,272.3,0.0,-40.854156494140625
88.68442034721375,0.0,272.166,0.0,-40.841487884521484
88.71904134750366,0.0,272.082,0.0,-40.81267166137695
88.7473521232605,0.0,271.892,0.0,-40.79808044433594
88.78031873703003,0.0,271.815,0.0,-40.783973693847656
88.81174802780151,0.0,271.717,0.0,-40.77057647705078
88.84421372413635,0.0,271.619,0.0,-40.74286651611328
88.87572741508484,0.0,271.274,0.0,-40.724273681640625
88.90726804733276,0.0,271.178,0.0,-40.704689025878906
88.94482278823853,0.0,271.071,0.0,-40.6683464050293
88.97183346748352,0.0,270.973,0.0,-40.65116500854492
89.00404739379883,0.0,270.755,0.0,-40.63499069213867
89.02855658531189,0.0,270.755,0.0,-40.61784362792969
89.06749367713928,0.0,270.529,0.0,-40.58374786376953
89.10272550582886,0.0,270.467,0.0,-40.568607330322266
89.1335437297821,0.0,270.319,0.0,-40.554710388183594
89.16890931129456,0.0,270.256,0.0,-40.52964782714844
89.20245623588562,0.0,270.1,0.0,-40.51466369628906
89.23475313186646,0.0,270.022,0.0,-40.500606536865234
89.26751947402954,0.0,269.807,0.0,-40.475379943847656
89.29876828193665,0.0,269.757,0.0,-40.46360397338867
89.33134579658508,0.0,269.676,0.0,-40.45317459106445
89.36348056793213,0.0,269.57,0.0,-40.44247055053711
89.39527797698975,0.0,269.387,0.0,-40.418148040771484
89.42763018608093,0.0,269.297,0.0,-40.40546798706055
89.45989561080933,0.0,269.221,0.0,-40.39261245727539
89.49325060844421,0.0,269.12,0.0,-40.367088317871094
89.52405214309692,0.0,268.804,0.0,-40.348758697509766
89.55619525909424,0.0,268.688,0.0,-40.3309440612793
89.586421251297,0.0,268.58,0.0,-40.31303787231445
89.61967277526855,0.0,268.45,0.0,-40.277099609375
89.6499400138855,0.0,268.368,0.0,-40.260276794433594
89.68233227729797,0.0,268.192,0.0,-40.244407653808594
89.71800327301025,0.0,268.135,0.0,-40.215850830078125
89.7692301273346,0.0,267.904,0.0,-40.185543060302734
89.79976916313171,0.0,267.819,0.0,-40.17121124267578
89.83428192138672,0.0,267.603,0.0,-40.15589141845703
89.86943078041077,0.0,267.482,0.0,-40.12485885620117
89.89770078659058,0.0,267.358,0.0,-40.108116149902344
89.929616689682,0.0,267.25,0.0,-40.09143829345703
89.96162867546082,0.0,267.208,0.0,-40.07935333251953
89.99491167068481,0.0,267.092,0.0,-40.059226989746094
90.02603602409363,0.0,267.009,0.0,-40.0501823425293
90.05888676643372,0.0,266.885,0.0,-40.04045486450195
90.09621977806091,0.0,266.749,0.0,-40.01420211791992
90.1224524974823,0.0,266.476,0.0,-39.99818801879883
90.15430617332458,0.0,266.35,0.0,-39.98078155517578
90.18728184700012,0.0,266.263,0.0,-39.9627685546875
90.21916317939758,0.0,266.091,0.0,-39.92647171020508
90.25240325927734,0.0,265.969,0.0,-39.91093826293945
90.28363466262817,0.0,265.894,0.0,-39.895851135253906
90.32071328163147,0.0,265.814,0.0,-39.86842346191406
90.34675693511963,0.0,265.701,0.0,-39.85409927368164
90.37957549095154,0.0,265.486,0.0,-39.83884811401367
90.4120762348175,0.0,265.417,0.0,-39.82376480102539
90.44429111480713,0.0,265.252,0.0,-39.7932014465332
90.47118592262268,0.0,265.154,0.0,-39.77688980102539
90.50057911872864,0.0,265.063,0.0,-39.76124572753906
90.53431487083435,0.0,264.934,0.0,-39.74452590942383
90.57012915611267,0.0,264.841,0.0,-39.71914291381836
90.60173916816711,0.0,264.754,0.0,-39.706809997558594
90.63449287414551,0.0,264.678,0.0,-39.694862365722656
90.66498923301697,0.0,264.503,0.0,-39.686397552490234
90.69691967964172,0.0,264.396,0.0,-39.66728210449219
90.72931838035583,0.0,264.317,0.0,-39.65543746948242
90.76057243347168,0.0,264.187,0.0,-39.643672943115234
90.78716683387756,0.0,264.105,0.0,-39.62982177734375
90.82090020179749,0.0,264.004,0.0,-39.60243225097656
90.85159730911255,0.0,263.753,0.0,-39.58644104003906
90.88361024856567,0.0,263.643,0.0,-39.570167541503906
90.91587901115417,0.0,263.463,0.0,-39.553688049316406
90.94818711280823,0.0,263.393,0.0,-39.51679229736328
90.98117065429688,0.0,263.303,0.0,-39.50181198120117
91.01230335235596,0.0,263.228,0.0,-39.48957061767578
91.04521465301514,0.0,263.126,0.0,-39.46504592895508
91.07719039916992,0.0,263.012,0.0,-39.451202392578125
91.1089813709259,0.0,262.762,0.0,-39.43524169921875
91.14074277877808,0.0,262.678,0.0,-39.419158935546875
91.16968631744385,0.0,262.58,0.0,-39.388851165771484
91.20122694969177,0.0,262.498,0.0,-39.37449645996094
91.2368733882904,0.0,262.305,0.0,-39.360931396484375
91.27122354507446,0.0,262.176,0.0,-39.33039855957031
91.301837682724,0.0,262.055,0.0,-39.31376266479492
91.33461713790894,0.0,261.922,0.0,-39.29608917236328
91.3689067363739,0.0,261.805,0.0,-39.268619537353516
91.39987826347351,0.0,261.75,0.0,-39.258644104003906
91.4321699142456,0.0,261.686,0.0,-39.249393463134766
91.4647216796875,0.0,261.575,0.0,-39.24030685424805
91.4977240562439,0.0,261.37,0.0,-39.217071533203125
91.52810454368591,0.0,261.273,0.0,-39.20421600341797
91.55989646911621,0.0,261.182,0.0,-39.19091033935547
91.59209942817688,0.0,261.081,0.0,-39.17750930786133
91.62616086006165,0.0,260.885,0.0,-39.14867401123047
91.65629625320435,0.0,260.785,0.0,-39.13451385498047
91.68888330459595,0.0,260.595,0.0,-39.12008285522461
91.72087454795837,0.0,260.486,0.0,-39.08358383178711
91.75273156166077,0.0,260.439,0.0,-39.06837463378906
91.78492951393127,0.0,260.248,0.0,-39.053470611572266
91.8180091381073,0.0,260.158,0.0,-39.03859329223633
91.85362315177917,0.0,260.04,0.0,-39.0086555480957
91.88484168052673,0.0,259.866,0.0,-38.9931755065918
91.92181777954102,0.0,259.777,0.0,-38.96506881713867
91.95261430740356,0.0,259.686,0.0,-38.95125198364258
91.98475074768066,0.0,259.609,0.0,-38.9380989074707
92.01727557182312,0.0,259.387,0.0,-38.924583435058594
92.04944038391113,0.0,259.291,0.0,-38.90293884277344
92.0818338394165,0.0,259.193,0.0,-38.890403747558594
92.1143753528595,0.0,259.098,0.0,-38.8773307800293
92.14651823043823,0.0,258.953,0.0,-38.85178756713867
92.17831468582153,0.0,258.833,0.0,-38.839569091796875
92.20977330207825,0.0,258.744,0.0,-38.82579803466797
92.24213981628418,0.0,258.635,0.0,-38.812129974365234
92.27453875541687,0.0,258.513,0.0,-38.782142639160156
92.30536341667175,0.0,258.316,0.0,-38.76810836791992
92.338458776474,0.0,258.281,0.0,-38.75244140625
92.37225246429443,0.0,258.202,0.0,-38.72706985473633
92.40208172798157,0.0,258.106,0.0,-38.714088439941406
92.43311333656311,0.0,257.887,0.0,-38.70041275024414
92.46505856513977,0.0,257.752,0.0,-38.685733795166016
92.49738264083862,0.0,257.646,0.0,-38.65312576293945
92.54485702514648,0.0,257.446,0.0,-38.62066650390625
92.57640552520752,0.0,257.367,0.0,-38.60595703125
92.62181329727173,0.0,257.234,0.0,-38.580501556396484
92.65132522583008,0.0,257.17,0.0,-38.56890869140625
92.68703651428223,0.0,257.106,0.0,-38.55801010131836
92.71888637542725,0.0,256.908,0.0,-38.54570007324219
92.7507438659668,0.0,256.813,0.0,-38.524288177490234
92.7811975479126,0.0,256.757,0.0,-38.51410675048828
92.81275749206543,0.0,256.687,0.0,-38.504581451416016
92.84782481193542,0.0,256.462,0.0,-38.48362350463867
92.87690448760986,0.0,256.326,0.0,-38.47064971923828
92.9186315536499,0.0,256.221,0.0,-38.455570220947266
92.93524861335754,0.0,256.144,0.0,-38.44017028808594
92.9667980670929,0.0,256.078,0.0,-38.42570877075195
92.9999144077301,0.0,255.985,0.0,-38.39897155761719
93.0316002368927,0.0,255.788,0.0,-38.38555145263672
93.06389236450195,0.0,255.674,0.0,-38.37129211425781
93.09751987457275,0.0,255.489,0.0,-38.337425231933594
93.12764978408813,0.0,255.399,0.0,-38.319862365722656
93.16054725646973,0.0,255.206,0.0,-38.30244064331055
93.19271421432495,0.0,255.134,0.0,-38.286190032958984
93.2244803905487,0.0,255.05,0.0,-38.25712966918945
93.25648808479309,0.0,255.007,0.0,-38.245086669921875
93.28876948356628,0.0,254.85,0.0,-38.23292541503906
93.3147840499878,0.0,254.784,0.0,-38.221290588378906
93.35211515426636,0.0,254.704,0.0,-38.19911575317383
93.38537240028381,0.0,254.63,0.0,-38.1881103515625
93.4177360534668,0.0,254.428,0.0,-38.176536560058594
93.45326542854309,0.0,254.317,0.0,-38.14961242675781
93.48495960235596,0.0,254.218,0.0,-38.13536071777344
93.51630711555481,0.0,254.129,0.0,-38.12504959106445
93.54887914657593,0.0,253.962,0.0,-38.102943420410156
93.57995748519897,0.0,253.895,0.0,-38.09130859375
93.61283564567566,0.0,253.802,0.0,-38.08018112182617
93.6444661617279,0.0,253.685,0.0,-38.06834411621094
93.67648720741272,0.0,253.463,0.0,-38.04097366333008
93.70874285697937,0.0,253.357,0.0,-38.02580261230469
93.74150967597961,0.0,253.285,0.0,-38.01030349731445
93.77298402786255,0.0,253.181,0.0,-37.98124313354492
93.80495524406433,0.0,252.973,0.0,-37.96613693237305
93.83671426773071,0.0,252.85,0.0,-37.95083999633789
93.86838626861572,0.0,252.759,0.0,-37.93456268310547
93.89973068237305,0.0,252.657,0.0,-37.90320587158203
93.93086385726929,0.0,252.415,0.0,-37.887542724609375
93.96712803840637,0.0,252.313,0.0,-37.87030029296875
93.99855303764343,0.0,252.242,0.0,-37.83819580078125
94.035147190094,0.0,252.087,0.0,-37.82310485839844
94.06741380691528,0.0,252.036,0.0,-37.809776306152344
94.09948563575745,0.0,251.919,0.0,-37.78493118286133
94.13371109962463,0.0,251.824,0.0,-37.77151870727539
94.16504096984863,0.0,251.631,0.0,-37.75774383544922
94.1993203163147,0.0,251.569,0.0,-37.73134231567383
94.227867603302,0.0,251.51,0.0,-37.719905853271484
94.25995683670044,0.0,251.413,0.0,-37.70772933959961
94.29072999954224,0.0,251.189,0.0,-37.694091796875
94.32245802879333,0.0,251.066,0.0,-37.66435623168945
94.3542013168335,0.0,250.972,0.0,-37.6491813659668
94.3860239982605,0.0,250.916,0.0,-37.63583755493164
94.418044090271,0.0,250.783,0.0,-37.622650146484375
94.44966888427734,0.0,250.685,0.0,-37.598995208740234
94.48071885108948,0.0,250.588,0.0,-37.59027099609375
94.50062537193298,0.0,250.546,0.0,-37.58016586303711
94.5323874950409,0.0,250.449,0.0,-37.5712890625
94.56428575515747,0.0,250.396,0.0,-37.56103515625
94.59531593322754,0.0,250.236,0.0,-37.55155563354492
94.62697911262512,0.0,250.168,0.0,-37.5322265625
94.65856218338013,0.0,250.076,0.0,-37.52165222167969
94.68681979179382,0.0,249.966,0.0,-37.51024627685547
94.71741962432861,0.0,249.899,0.0,-37.4974365234375
94.75153660774231,0.0,249.684,0.0,-37.47227096557617
94.78525495529175,0.0,249.573,0.0,-37.458133697509766
94.81651520729065,0.0,249.469,0.0,-37.44318389892578
94.85183930397034,0.0,249.375,0.0,-37.41280746459961
94.88068175315857,0.0,249.212,0.0,-37.39815139770508
94.90556931495667,0.0,249.108,0.0,-37.384307861328125
94.94394421577454,0.0,249.013,0.0,-37.36992263793945
94.97542691230774,0.0,248.846,0.0,-37.33803939819336
95.00805020332336,0.0,248.678,0.0,-37.321083068847656
95.03392505645752,0.0,248.569,0.0,-37.3057975769043
95.06581234931946,0.0,248.512,0.0,-37.29013442993164
95.09988522529602,0.0,248.442,0.0,-37.26352310180664
95.12899589538574,0.0,248.358,0.0,-37.25080490112305
95.16090035438538,0.0,248.189,0.0,-37.238975524902344
95.1927125453949,0.0,248.111,0.0,-37.226192474365234
95.22547101974487,0.0,248.026,0.0,-37.20128631591797
95.25665760040283,0.0,247.924,0.0,-37.188079833984375
95.28908562660217,0.0,247.733,0.0,-37.174129486083984
95.32522988319397,0.0,247.64,0.0,-37.146751403808594
95.35323858261108,0.0,247.541,0.0,-37.132686614990234
95.385812997818,0.0,247.457,0.0,-37.11900329589844
95.41126418113708,0.0,247.387,0.0,-37.106201171875
95.43509316444397,0.0,247.298,0.0,-37.093284606933594
95.48141765594482,0.0,247.177,0.0,-37.070655822753906
95.51643919944763,0.0,247.073,0.0,-37.0584831237793
95.55043268203735,0.0,246.851,0.0,-37.031288146972656
95.58239197731018,0.0,246.767,0.0,-37.01728057861328
95.61399984359741,0.0,246.661,0.0,-37.00715255737305
95.64596724510193,0.0,246.486,0.0,-36.99556350708008
95.67853927612305,0.0,246.399,0.0,-36.970855712890625
95.71063113212585,0.0,246.312,0.0,-36.958553314208984
95.74290895462036,0.0,246.249,0.0,-36.946067810058594
95.77678155899048,0.0,246.162,0.0,-36.922489166259766
95.8068118095398,0.0,245.995,0.0,-36.90946578979492
95.83868312835693,0.0,245.899,0.0,-36.89750289916992
95.87060570716858,0.0,245.796,0.0,-36.88489532470703
95.9027111530304,0.0,245.737,0.0,-36.859317779541016
95.93471622467041,0.0,245.514,0.0,-36.84373474121094
95.95056509971619,0.0,245.514,0.0,-36.82984161376953
95.98230051994324,0.0,245.417,0.0,-36.815711975097656
96.01442384719849,0.0,245.241,0.0,-36.80232238769531
96.05047821998596,0.0,245.143,0.0,-36.774253845214844
96.0856065750122,0.0,245.083,0.0,-36.761474609375
96.11151194572449,0.0,245.01,0.0,-36.749229431152344
96.151442527771,0.0,244.83,0.0,-36.72304916381836
96.18583607673645,0.0,244.71,0.0,-36.709007263183594
96.21682500839233,0.0,244.554,0.0,-36.694732666015625
96.25168919563293,0.0,244.462,0.0,-36.66892623901367
96.28063893318176,0.0,244.393,0.0,-36.65665054321289
96.31235361099243,0.0,244.333,0.0,-36.64533996582031
96.34580874443054,0.0,244.181,0.0,-36.633602142333984
96.37747836112976,0.0,244.117,0.0,-36.61671829223633
96.40994215011597,0.0,244.002,0.0,-36.60811996459961
96.44063711166382,0.0,243.976,0.0,-36.5972900390625
96.47597169876099,0.0,243.891,0.0,-36.57868957519531
96.50539207458496,0.0,243.711,0.0,-36.56760025024414
96.53702592849731,0.0,243.57,0.0,-36.556236267089844
96.56950259208679,0.0,243.457,0.0,-36.542144775390625
96.60278224945068,0.0,243.394,0.0,-36.513484954833984
96.63616156578064,0.0,243.142,0.0,-36.49686050415039
96.66759753227234,0.0,243.046,0.0,-36.48079299926758
96.70122408866882,0.0,242.957,0.0,-36.44973373413086
96.74840903282166,0.0,242.825,0.0,-36.435890197753906
96.77952527999878,0.0,242.769,0.0,-36.41149139404297
96.81245803833008,0.0,242.689,0.0,-36.399879455566406
96.85315537452698,0.0,242.489,0.0,-36.37385559082031
96.88401889801025,0.0,242.37,0.0,-36.35943603515625
96.91893672943115,0.0,242.289,0.0,-36.345577239990234
96.95091724395752,0.0,242.149,0.0,-36.32500457763672
96.98298645019531,0.0,242.073,0.0,-36.31513595581055
97.01437067985535,0.0,241.995,0.0,-36.30498123168945
97.04653644561768,0.0,241.904,0.0,-36.294517517089844
97.07832336425781,0.0,241.731,0.0,-36.271121978759766
97.11041498184204,0.0,241.629,0.0,-36.25918960571289
97.15335440635681,0.0,241.555,0.0,-36.23392105102539
97.18330907821655,0.0,241.361,0.0,-36.22123336791992
97.21505808830261,0.0,241.302,0.0,-36.207664489746094
97.23136496543884,0.0,241.246,0.0,-36.19534683227539
97.26281785964966,0.0,241.133,0.0,-36.18412780761719
97.29511046409607,0.0,240.918,0.0,-36.171356201171875
97.3294107913971,0.0,240.784,0.0,-36.134029388427734
97.36031150817871,0.0,240.653,0.0,-36.11446762084961
97.39095449447632,0.0,240.463,0.0,-36.09652328491211
97.42330050468445,0.0,240.367,0.0,-36.07892608642578
97.45561027526855,0.0,240.296,0.0,-36.046756744384766
97.48725485801697,0.0,240.194,0.0,-36.03142547607422
97.51822090148926,0.0,240.033,0.0,-36.016937255859375
97.54398274421692,0.0,239.946,0.0,-36.00314712524414
97.58559584617615,0.0,239.855,0.0,-35.97607421875
97.61834669113159,0.0,239.679,0.0,-35.96247100830078
97.65204286575317,0.0,239.595,0.0,-35.936222076416016
97.68700957298279,0.0,239.53,0.0,-35.92418670654297
97.71857714653015,0.0,239.473,0.0,-35.91323471069336
97.7501893043518,0.0,239.326,0.0,-35.89679718017578
97.78140068054199,0.0,239.25,0.0,-35.888038635253906
97.81242513656616,0.0,239.161,0.0,-35.878761291503906
97.84589099884033,0.0,239.07,0.0,-35.86851501464844
97.8780026435852,0.0,238.875,0.0,-35.84577560424805
97.90960049629211,0.0,238.79,0.0,-35.83295822143555
97.94137859344482,0.0,238.716,0.0,-35.820125579833984
97.97412967681885,0.0,238.642,0.0,-35.80774688720703
98.00647592544556,0.0,238.581,0.0,-35.784515380859375
98.03804111480713,0.0,238.416,0.0,-35.77204513549805
98.06961250305176,0.0,238.214,0.0,-35.76057434082031
98.10191011428833,0.0,238.154,0.0,-35.72908401489258
98.13443636894226,0.0,238.032,0.0,-35.713199615478516
98.16615223884583,0.0,237.876,0.0,-35.698150634765625
98.20324730873108,0.0,237.768,0.0,-35.66938400268555
98.23613381385803,0.0,237.672,0.0,-35.65467834472656
98.28608846664429,0.0,237.509,0.0,-35.627323150634766
98.31711554527283,0.0,237.442,0.0,-35.6146240234375
98.35107135772705,0.0,237.325,0.0,-35.604251861572266
98.38316249847412,0.0,237.258,0.0,-35.58267593383789
98.4155740737915,0.0,237.173,0.0,-35.57159423828125
98.44672107696533,0.0,237.076,0.0,-35.56370162963867
98.47996807098389,0.0,236.955,0.0,-35.544925689697266
98.51165413856506,0.0,236.879,0.0,-35.53588104248047
98.54282808303833,0.0,236.788,0.0,-35.52632522583008
98.57095217704773,0.0,236.693,0.0,-35.5157356262207
98.59526777267456,0.0,236.591,0.0,-35.50416946411133
98.62348580360413,0.0,236.53,0.0,-35.491554260253906
98.65827202796936,0.0,236.398,0.0,-35.467769622802734
98.6921648979187,0.0,236.3,0.0,-35.4571533203125
98.7192862033844,0.0,236.192,0.0,-35.44544219970703
98.75310277938843,0.0,236.124,0.0,-35.42020034790039
98.7849633693695,0.0,235.942,0.0,-35.40726089477539
98.81882858276367,0.0,235.864,0.0,-35.394309997558594
98.84385275840759,0.0,235.615,0.0,-35.381649017333984
98.8855369091034,0.0,235.522,0.0,-35.34361267089844
98.9174702167511,0.0,235.352,0.0,-35.3263053894043
98.95405530929565,0.0,235.311,0.0,-35.29676055908203
98.98499870300293,0.0,235.237,0.0,-35.283966064453125
99.01850008964539,0.0,235.157,0.0,-35.273399353027344
99.05159211158752,0.0,235.059,0.0,-35.26395797729492
99.0842137336731,0.0,235.033,0.0,-35.24454116821289
99.11666703224182,0.0,234.931,0.0,-35.23420333862305
99.1486463546753,0.0,234.775,0.0,-35.222251892089844
99.17965030670166,0.0,234.66,0.0,-35.19942092895508
99.21168065071106,0.0,234.571,0.0,-35.18680953979492
99.24343943595886,0.0,234.523,0.0,-35.17569351196289
99.26858472824097,0.0,234.441,0.0,-35.164302825927734
99.29944729804993,0.0,234.28,0.0,-35.1561393737793
99.33492040634155,0.0,234.207,0.0,-35.136817932128906
99.35882639884949,0.0,234.14,0.0,-35.12693786621094
99.40478181838989,0.0,233.97,0.0,-35.107521057128906
99.43638730049133,0.0,233.894,0.0,-35.09613800048828
99.46818017959595,0.0,233.801,0.0,-35.08473587036133
99.50135636329651,0.0,233.708,0.0,-35.072608947753906
99.5338716506958,0.0,233.502,0.0,-35.04752731323242
99.56599617004395,0.0,233.408,0.0,-35.03308868408203
99.59670758247375,0.0,233.343,0.0,-35.01858901977539
99.63064217567444,0.0,233.289,0.0,-34.99333953857422
99.65806531906128,0.0,233.218,0.0,-34.98176574707031
99.68496179580688,0.0,233.146,0.0,-34.970428466796875
99.72035551071167,0.0,232.888,0.0,-34.95448303222656
99.75205969810486,0.0,232.822,0.0,-34.93976974487305
99.78414797782898,0.0,232.763,0.0,-34.914024353027344
99.81650924682617,0.0,232.633,0.0,-34.90311050415039
99.85566902160645,0.0,232.564,0.0,-34.881107330322266
99.88384222984314,0.0,232.442,0.0,-34.86823654174805
99.9145839214325,0.0,232.366,0.0,-34.85573959350586
99.9464328289032,0.0,232.178,0.0,-34.84311294555664
99.97840762138367,0.0,232.119,0.0,-34.817535400390625
100.01070499420166,0.0,232.004,0.0,-34.80393981933594
100.04246520996094,0.0,231.922,0.0,-34.79064178466797
100.07422137260437,0.0,231.742,0.0,-34.777870178222656
100.10619306564331,0.0,231.656,0.0,-34.750770568847656
100.15381693840027,0.0,231.485,0.0,-34.724830627441406
100.18612933158875,0.0,231.408,0.0,-34.715126037597656
100.21795701980591,0.0,231.34,0.0,-34.705055236816406
100.25149583816528,0.0,231.162,0.0,-34.695072174072266
100.28600287437439,0.0,231.084,0.0,-34.672298431396484
100.31914973258972,0.0,230.983,0.0,-34.66093063354492
100.35528135299683,0.0,230.922,0.0,-34.63703155517578
100.38453960418701,0.0,230.772,0.0,-34.625328063964844
100.41940331459045,0.0,230.717,0.0,-34.61405944824219
100.45169997215271,0.0,230.626,0.0,-34.60367202758789
100.48639416694641,0.0,230.492,0.0,-34.58309555053711
100.51643228530884,0.0,230.443,0.0,-34.57215881347656
100.54771113395691,0.0,230.353,0.0,-34.56226348876953
100.58099818229675,0.0,230.233,0.0,-34.538639068603516
100.61097550392151,0.0,230.082,0.0,-34.52687072753906
100.64351081848145,0.0,229.998,0.0,-34.51451873779297
100.6727967262268,0.0,229.942,0.0,-34.502052307128906
100.70342898368835,0.0,229.84,0.0,-34.47821807861328
100.73595142364502,0.0,229.658,0.0,-34.4615592956543
100.7687599658966,0.0,229.536,0.0,-34.44590759277344
100.80714440345764,0.0,229.503,0.0,-34.42180633544922
100.83494400978088,0.0,229.416,0.0,-34.410362243652344
100.8638813495636,0.0,229.396,0.0,-34.40132522583008
100.88915538787842,0.0,229.295,0.0,-34.39073944091797
100.92685198783875,0.0,229.137,0.0,-34.37928009033203
100.95717453956604,0.0,229.006,0.0,-34.35497283935547
100.98479962348938,0.0,228.939,0.0,-34.34246826171875
101.018967628479,0.0,228.8,0.0,-34.330238342285156
101.0499529838562,0.0,228.705,0.0,-34.31877517700195
101.0841281414032,0.0,228.606,0.0,-34.29358673095703
101.11772513389587,0.0,228.532,0.0,-34.28108596801758
101.15227103233337,0.0,228.417,0.0,-34.268699645996094
101.17051076889038,0.0,228.417,0.0,-34.25829315185547
101.1996591091156,0.0,228.33,0.0,-34.249080657958984
101.23347020149231,0.0,228.263,0.0,-34.23209762573242
101.26737952232361,0.0,228.151,0.0,-34.22132110595703
101.29986667633057,0.0,227.969,0.0,-34.21056365966797
101.33179497718811,0.0,227.911,0.0,-34.19284439086914
101.36338829994202,0.0,227.841,0.0,-34.18326187133789
101.39507174491882,0.0,227.776,0.0,-34.17348861694336
101.4267110824585,0.0,227.707,0.0,-34.16377639770508
101.45834302902222,0.0,227.551,0.0,-34.14286422729492
101.4897985458374,0.0,227.466,0.0,-34.132347106933594
101.52199363708496,0.0,227.377,0.0,-34.121212005615234
101.55473494529724,0.0,227.312,0.0,-34.09816360473633
101.58652567863464,0.0,227.176,0.0,-34.087127685546875
101.61862134933472,0.0,227.133,0.0,-34.07635498046875
101.6518337726593,0.0,227.031,0.0,-34.06679153442383
101.68547916412354,0.0,226.914,0.0,-34.042755126953125
101.71839308738708,0.0,226.684,0.0,-34.028587341308594
101.75150203704834,0.0,226.597,0.0,-34.0133056640625
101.78437662124634,0.0,226.528,0.0,-33.98465347290039
101.81912684440613,0.0,226.345,0.0,-33.969581604003906
101.85205817222595,0.0,226.306,0.0,-33.95591735839844
101.88451600074768,0.0,226.243,0.0,-33.93342208862305
101.9173014163971,0.0,226.106,0.0,-33.922332763671875
101.94721722602844,0.0,226.002,0.0,-33.91191864013672
101.98036980628967,0.0,225.923,0.0,-33.9001350402832
102.0121419429779,0.0,225.851,0.0,-33.8768196105957
102.03354740142822,0.0,225.735,0.0,-33.863670349121094
102.0718584060669,0.0,225.588,0.0,-33.851280212402344
102.1001513004303,0.0,225.526,0.0,-33.83901596069336
102.14202499389648,0.0,225.484,0.0,-33.817588806152344
102.1815094947815,0.0,225.37,0.0,-33.799171447753906
102.20965647697449,0.0,225.302,0.0,-33.78985595703125
102.24141478538513,0.0,225.245,0.0,-33.78086471557617
102.2662980556488,0.0,225.166,0.0,-33.77119064331055
102.30894589424133,0.0,224.993,0.0,-33.752567291259766
102.36760950088501,0.0,224.786,0.0,-33.733524322509766
102.40194201469421,0.0,224.709,0.0,-33.72152328491211
102.434161901474,0.0,224.527,0.0,-33.697509765625
102.46798014640808,0.0,224.472,0.0,-33.684513092041016
102.5012366771698,0.0,224.393,0.0,-33.67273712158203
102.53499364852905,0.0,224.231,0.0,-33.648475646972656
102.56849789619446,0.0,224.156,0.0,-33.63652420043945
102.60757565498352,0.0,224.097,0.0,-33.613739013671875
102.63522601127625,0.0,223.988,0.0,-33.602901458740234
102.66721415519714,0.0,223.934,0.0,-33.593482971191406
102.69907999038696,0.0,223.869,0.0,-33.58452606201172
102.73099040985107,0.0,223.767,0.0,-33.56475067138672
102.77825546264648,0.0,223.552,0.0,-33.55246353149414
102.8105640411377,0.0,223.468,0.0,-33.52581024169922
102.84250617027283,0.0,223.357,0.0,-33.51395034790039
102.8737223148346,0.0,223.184,0.0,-33.50290298461914
102.9046847820282,0.0,223.108,0.0,-33.48769760131836
102.93898677825928,0.0,223.041,0.0,-33.46007537841797
102.96612548828125,0.0,222.944,0.0,-33.44636154174805
102.99837398529053,0.0,222.848,0.0,-33.434669494628906
103.03416776657104,0.0,222.79,0.0,-33.41387176513672
103.06093096733093,0.0,222.729,0.0,-33.404144287109375
103.0942816734314,0.0,222.673,0.0,-33.394893646240234
103.12240409851074,0.0,222.544,0.0,-33.38570785522461
103.15471601486206,0.0,222.476,0.0,-33.37643814086914
103.18840885162354,0.0,222.352,0.0,-33.355106353759766
103.22156000137329,0.0,222.246,0.0,-33.342037200927734
103.25881719589233,0.0,222.047,0.0,-33.314231872558594
103.2917857170105,0.0,222.01,0.0,-33.30232620239258
103.32339406013489,0.0,221.94,0.0,-33.29079818725586
103.35402584075928,0.0,221.856,0.0,-33.28044509887695
103.38562607765198,0.0,221.794,0.0,-33.26274108886719
103.41818189620972,0.0,221.756,0.0,-33.254905700683594
103.43660998344421,0.0,221.659,0.0,-33.245357513427734
103.46739745140076,0.0,221.594,0.0,-33.23855209350586
103.50289487838745,0.0,221.508,0.0,-33.23112869262695
103.53323197364807,0.0,221.374,0.0,-33.2127571105957
103.55905175209045,0.0,221.289,0.0,-33.20358657836914
103.5921700000763,0.0,221.183,0.0,-33.19346618652344
103.6279788017273,0.0,221.102,0.0,-33.181724548339844
103.65728068351746,0.0,220.924,0.0,-33.157318115234375
103.68438744544983,0.0,220.902,0.0,-33.144535064697266
103.7175076007843,0.0,220.829,0.0,-33.13429260253906
103.74979591369629,0.0,220.774,0.0,-33.123870849609375
103.78126525878906,0.0,220.684,0.0,-33.11406707763672
103.8193871974945,0.0,220.551,0.0,-33.09309005737305
103.85175395011902,0.0,220.498,0.0,-33.08258819580078
103.8841655254364,0.0,220.43,0.0,-33.06293487548828
103.9098310470581,0.0,220.333,0.0,-33.05179214477539
103.9446485042572,0.0,220.132,0.0,-33.040122985839844
103.96850490570068,0.0,220.063,0.0,-33.02682876586914
103.99881315231323,0.0,219.989,0.0,-33.014217376708984
104.03580164909363,0.0,219.936,0.0,-32.99079513549805
104.06793546676636,0.0,219.723,0.0,-32.98037338256836
104.09886479377747,0.0,219.642,0.0,-32.966346740722656
104.13550686836243,0.0,219.598,0.0,-32.94087600708008
104.1641583442688,0.0,219.544,0.0,-32.93008041381836
104.19414401054382,0.0,219.493,0.0,-32.920196533203125
104.23661279678345,0.0,219.302,0.0,-32.89749526977539
104.26851391792297,0.0,219.247,0.0,-32.88646697998047
104.30078721046448,0.0,219.105,0.0,-32.8742561340332
104.32850050926208,0.0,219.059,0.0,-32.86373519897461
104.36111187934875,0.0,218.971,0.0,-32.843849182128906
104.40153408050537,0.0,218.932,0.0,-32.83474349975586
104.43447351455688,0.0,218.739,0.0,-32.819000244140625
104.46513557434082,0.0,218.702,0.0,-32.809146881103516
104.48526239395142,0.0,218.616,0.0,-32.800533294677734
104.51741552352905,0.0,218.574,0.0,-32.79081344604492
104.55089259147644,0.0,218.5,0.0,-32.78208541870117
104.58616423606873,0.0,218.306,0.0,-32.76103210449219
104.61766004562378,0.0,218.221,0.0,-32.749427795410156
104.65122318267822,0.0,218.133,0.0,-32.73743438720703
104.68460083007812,0.0,218.071,0.0,-32.7133674621582
104.71378922462463,0.0,217.899,0.0,-32.701194763183594
104.75218892097473,0.0,217.834,0.0,-32.688865661621094
104.78452849388123,0.0,217.77,0.0,-32.66603469848633
104.81697630882263,0.0,217.644,0.0,-32.65623474121094
104.84869861602783,0.0,217.566,0.0,-32.645713806152344
104.87966179847717,0.0,217.494,0.0,-32.63488006591797
104.91146111488342,0.0,217.402,0.0,-32.612403869628906
104.94254803657532,0.0,217.316,0.0,-32.60182571411133
104.9747965335846,0.0,217.262,0.0,-32.59275817871094
105.00699472427368,0.0,217.225,0.0,-32.58405303955078
105.03858780860901,0.0,217.065,0.0,-32.564208984375
105.06497955322266,0.0,216.994,0.0,-32.552406311035156
105.09265112876892,0.0,216.905,0.0,-32.54010772705078
105.13493752479553,0.0,216.781,0.0,-32.51702117919922
105.16834712028503,0.0,216.694,0.0,-32.50559997558594
105.18734645843506,0.0,216.616,0.0,-32.49407196044922
105.21832370758057,0.0,216.542,0.0,-32.48263168334961
105.25189304351807,0.0,216.387,0.0,-32.47075653076172
105.28698444366455,0.0,216.33,0.0,-32.448570251464844
105.31771540641785,0.0,216.263,0.0,-32.43807601928711
105.35132718086243,0.0,216.115,0.0,-32.42790222167969
105.38425087928772,0.0,216.062,0.0,-32.407012939453125
105.43535494804382,0.0,215.909,0.0,-32.386322021484375
105.4664101600647,0.0,215.869,0.0,-32.37855911254883
105.50031614303589,0.0,215.77,0.0,-32.3714485168457
105.53643369674683,0.0,215.624,0.0,-32.351871490478516
105.56333112716675,0.0,215.514,0.0,-32.3421745300293
105.59516668319702,0.0,215.464,0.0,-32.330596923828125
105.6273262500763,0.0,215.398,0.0,-32.32009506225586
105.6595344543457,0.0,215.317,0.0,-32.29890441894531
105.69217348098755,0.0,215.188,0.0,-32.28858947753906
105.72396540641785,0.0,215.155,0.0,-32.27822494506836
105.75550365447998,0.0,215.094,0.0,-32.269378662109375
105.78708958625793,0.0,215.043,0.0,-32.2520751953125
105.81696963310242,0.0,214.862,0.0,-32.24276351928711
105.85108494758606,0.0,214.8,0.0,-32.2318115234375
105.88327097892761,0.0,214.739,0.0,-32.221275329589844
105.91854548454285,0.0,214.636,0.0,-32.20166778564453
105.95051741600037,0.0,214.557,0.0,-32.19268798828125
105.98709082603455,0.0,214.397,0.0,-32.16924285888672
106.01785016059875,0.0,214.326,0.0,-32.15619659423828
106.05146551132202,0.0,214.192,0.0,-32.144805908203125
106.0840744972229,0.0,214.144,0.0,-32.13277816772461
106.11856770515442,0.0,214.073,0.0,-32.11128616333008
106.15209603309631,0.0,213.946,0.0,-32.10014724731445
106.1870858669281,0.0,213.868,0.0,-32.07974624633789
106.21685433387756,0.0,213.778,0.0,-32.0684700012207
106.24833607673645,0.0,213.733,0.0,-32.05842590332031
106.28017997741699,0.0,213.543,0.0,-32.04643630981445
106.31193852424622,0.0,213.493,0.0,-32.0238151550293
106.35226058959961,0.0,213.359,0.0,-32.010467529296875
106.38392615318298,0.0,213.207,0.0,-31.98489761352539
106.41541075706482,0.0,213.115,0.0,-31.97188949584961
106.44705867767334,0.0,213.082,0.0,-31.96242904663086
106.47899866104126,0.0,213.045,0.0,-31.954330444335938
106.51082730293274,0.0,212.953,0.0,-31.93961524963379
106.54225754737854,0.0,212.898,0.0,-31.93300437927246
106.57387328147888,0.0,212.832,0.0,-31.926132202148438
106.60611367225647,0.0,212.79,0.0,-31.91858673095703
106.6375048160553,0.0,212.725,0.0,-31.903831481933594
106.667640209198,0.0,212.597,0.0,-31.89634132385254
106.70102906227112,0.0,212.518,0.0,-31.88772964477539
106.73585224151611,0.0,212.445,0.0,-31.86834716796875
106.76771926879883,0.0,212.296,0.0,-31.856441497802734
106.80174231529236,0.0,212.219,0.0,-31.846223831176758
106.83702111244202,0.0,212.145,0.0,-31.824785232543945
106.86413073539734,0.0,212.072,0.0,-31.813875198364258
106.89440584182739,0.0,211.904,0.0,-31.801380157470703
106.93689227104187,0.0,211.853,0.0,-31.77918243408203
106.9656171798706,0.0,211.801,0.0,-31.769351959228516
106.99789190292358,0.0,211.669,0.0,-31.75943374633789
107.02918863296509,0.0,211.506,0.0,-31.749614715576172
107.06118106842041,0.0,211.506,0.0,-31.72551155090332
107.09289956092834,0.0,211.384,0.0,-31.713048934936523
107.12549352645874,0.0,211.229,0.0,-31.700944900512695
107.15597009658813,0.0,211.119,0.0,-31.68865966796875
107.18861103057861,0.0,211.04,0.0,-31.66189193725586
107.21849203109741,0.0,210.976,0.0,-31.649568557739258
107.25347185134888,0.0,210.925,0.0,-31.638490676879883
107.28522729873657,0.0,210.824,0.0,-31.619216918945312
107.31628370285034,0.0,210.784,0.0,-31.610876083374023
107.34617471694946,0.0,210.709,0.0,-31.605005264282227
107.38806176185608,0.0,210.651,0.0,-31.5921630859375
107.4181957244873,0.0,210.588,0.0,-31.586599349975586
107.4535620212555,0.0,210.545,0.0,-31.580167770385742
107.48543119430542,0.0,210.432,0.0,-31.564786911010742
107.51964473724365,0.0,210.26,0.0,-31.5544490814209
107.54467463493347,0.0,210.184,0.0,-31.543498992919922
107.5814459323883,0.0,210.129,0.0,-31.53233528137207
107.61549663543701,0.0,210.007,0.0,-31.511760711669922
107.646723985672,0.0,209.934,0.0,-31.501874923706055
107.68450403213501,0.0,209.846,0.0,-31.49167251586914
107.71938157081604,0.0,209.72,0.0,-31.469911575317383
107.75409841537476,0.0,209.627,0.0,-31.45952033996582
107.78242897987366,0.0,209.569,0.0,-31.448101043701172
107.8193359375,0.0,209.506,0.0,-31.42694664001465
107.8426501750946,0.0,209.409,0.0,-31.41535186767578
107.88559579849243,0.0,209.282,0.0,-31.4046573638916
107.91739010810852,0.0,209.185,0.0,-31.38198471069336
107.96901106834412,0.0,209.022,0.0,-31.357751846313477
108.00320816040039,0.0,208.875,0.0,-31.3459415435791
108.03954744338989,0.0,208.827,0.0,-31.323570251464844
108.06897759437561,0.0,208.761,0.0,-31.31319808959961
108.1019811630249,0.0,208.701,0.0,-31.3032283782959
108.13540554046631,0.0,208.65,0.0,-31.293949127197266
108.15422797203064,0.0,208.65,0.0,-31.287338256835938
108.1861035823822,0.0,208.475,0.0,-31.271759033203125
108.2194504737854,0.0,208.395,0.0,-31.264469146728516
108.25241947174072,0.0,208.336,0.0,-31.25599479675293
108.28850150108337,0.0,208.297,0.0,-31.23977279663086
108.32247686386108,0.0,208.218,0.0,-31.23310089111328
108.35231184959412,0.0,208.151,0.0,-31.22633934020996
108.38613295555115,0.0,208.079,0.0,-31.21878433227539
108.41943168640137,0.0,207.919,0.0,-31.20094871520996
108.45896100997925,0.0,207.834,0.0,-31.190839767456055
108.48952674865723,0.0,207.79,0.0,-31.170133590698242
108.51845097541809,0.0,207.678,0.0,-31.160863876342773
108.55320024490356,0.0,207.615,0.0,-31.15166664123535
108.58493900299072,0.0,207.554,0.0,-31.142398834228516
108.61843729019165,0.0,207.384,0.0,-31.122520446777344
108.65215039253235,0.0,207.327,0.0,-31.111635208129883
108.69035744667053,0.0,207.272,0.0,-31.0915470123291
108.71889138221741,0.0,207.185,0.0,-31.08083724975586
108.75079488754272,0.0,207.042,0.0,-31.070419311523438
108.7877197265625,0.0,206.985,0.0,-31.049209594726562
108.81796312332153,0.0,206.873,0.0,-31.03705596923828
108.85040378570557,0.0,206.684,0.0,-31.024738311767578
108.88028693199158,0.0,206.554,0.0,-31.01125717163086
108.91802716255188,0.0,206.533,0.0,-30.983736038208008
108.93998837471008,0.0,206.467,0.0,-30.972118377685547
108.96865105628967,0.0,206.423,0.0,-30.961864471435547
109.00250768661499,0.0,206.396,0.0,-30.953378677368164
109.04232382774353,0.0,206.272,0.0,-30.935453414916992
109.06896996498108,0.0,206.226,0.0,-30.927515029907227
109.10278415679932,0.0,206.154,0.0,-30.918903350830078
109.14083576202393,0.0,206.017,0.0,-30.901506423950195
109.1701591014862,0.0,205.947,0.0,-30.89464569091797
109.20326805114746,0.0,205.888,0.0,-30.886924743652344
109.2385082244873,0.0,205.78,0.0,-30.870128631591797
109.26978778839111,0.0,205.709,0.0,-30.862478256225586
109.30357599258423,0.0,205.662,0.0,-30.85407829284668
109.3361427783966,0.0,205.59,0.0,-30.84610366821289
109.36797332763672,0.0,205.468,0.0,-30.82826042175293
109.4005024433136,0.0,205.403,0.0,-30.8194522857666
109.43257689476013,0.0,205.309,0.0,-30.810394287109375
109.46781182289124,0.0,205.244,0.0,-30.789588928222656
109.50086975097656,0.0,205.123,0.0,-30.78023910522461
109.53524875640869,0.0,205.09,0.0,-30.7702693939209
109.56851601600647,0.0,205.069,0.0,-30.75463104248047
109.60168886184692,0.0,204.919,0.0,-30.747032165527344
109.63305306434631,0.0,204.869,0.0,-30.737985610961914
109.66748642921448,0.0,204.808,0.0,-30.720623016357422
109.70184421539307,0.0,204.692,0.0,-30.71139907836914
109.73474955558777,0.0,204.508,0.0,-30.70281219482422
109.76753091812134,0.0,204.415,0.0,-30.674760818481445
109.7992799282074,0.0,204.332,0.0,-30.660829544067383
109.83127069473267,0.0,204.214,0.0,-30.64864730834961
109.86547875404358,0.0,204.133,0.0,-30.62466812133789
109.89559745788574,0.0,204.074,0.0,-30.613407135009766
109.92762160301208,0.0,203.993,0.0,-30.601852416992188
109.95864582061768,0.0,203.916,0.0,-30.59170913696289
109.9901933670044,0.0,203.849,0.0,-30.573930740356445
110.0219497680664,0.0,203.809,0.0,-30.565818786621094
110.05386137962341,0.0,203.741,0.0,-30.557235717773438
110.09134244918823,0.0,203.618,0.0,-30.544212341308594
110.11741280555725,0.0,203.559,0.0,-30.53693389892578
110.15049767494202,0.0,203.516,0.0,-30.529333114624023
110.18084168434143,0.0,203.458,0.0,-30.522144317626953
110.21275210380554,0.0,203.34,0.0,-30.514636993408203
110.24467706680298,0.0,203.238,0.0,-30.498607635498047
110.27598857879639,0.0,203.187,0.0,-30.488630294799805
110.307785987854,0.0,203.148,0.0,-30.479248046875
110.33040046691895,0.0,203.048,0.0,-30.470829010009766
110.37104654312134,0.0,202.931,0.0,-30.450725555419922
110.40243101119995,0.0,202.88,0.0,-30.441097259521484
110.4343011379242,0.0,202.833,0.0,-30.431995391845703
110.46825671195984,0.0,202.741,0.0,-30.41349220275879
110.49694967269897,0.0,202.61,0.0,-30.403743743896484
110.52957534790039,0.0,202.54,0.0,-30.393712997436523
110.56561279296875,0.0,202.543,0.0,-30.376232147216797
110.59355664253235,0.0,202.467,0.0,-30.367908477783203
110.62535190582275,0.0,202.276,0.0,-30.357465744018555
110.657550573349,0.0,202.172,0.0,-30.346349716186523
110.68919515609741,0.0,202.111,0.0,-30.322179794311523
110.7202959060669,0.0,202.048,0.0,-30.310998916625977
110.75180530548096,0.0,201.958,0.0,-30.300983428955078
110.7841112613678,0.0,201.855,0.0,-30.2918701171875
110.815269947052,0.0,201.778,0.0,-30.269920349121094
110.84719610214233,0.0,201.726,0.0,-30.259679794311523
110.8794674873352,0.0,201.697,0.0,-30.251075744628906
110.91136765480042,0.0,201.622,0.0,-30.243478775024414
110.94341349601746,0.0,201.538,0.0,-30.22799301147461
110.97518682479858,0.0,201.459,0.0,-30.21864128112793
111.00665855407715,0.0,201.377,0.0,-30.20846939086914
111.04252171516418,0.0,201.263,0.0,-30.18844223022461
111.07027792930603,0.0,201.204,0.0,-30.17937469482422
111.10318207740784,0.0,201.155,0.0,-30.172868728637695
111.13484001159668,0.0,201.074,0.0,-30.166282653808594
111.166024684906,0.0,200.933,0.0,-30.149085998535156
111.1982696056366,0.0,200.879,0.0,-30.14002227783203
111.23004460334778,0.0,200.843,0.0,-30.131229400634766
111.26723194122314,0.0,200.832,0.0,-30.117361068725586
111.29460453987122,0.0,200.731,0.0,-30.11022186279297
111.32518219947815,0.0,200.661,0.0,-30.103862762451172
111.35657954216003,0.0,200.581,0.0,-30.096458435058594
111.3887586593628,0.0,200.498,0.0,-30.078105926513672
111.41995286941528,0.0,200.385,0.0,-30.066633224487305
111.45184779167175,0.0,200.331,0.0,-30.057884216308594
111.48280334472656,0.0,200.256,0.0,-30.049314498901367
111.52009749412537,0.0,200.113,0.0,-30.030786514282227
111.54607129096985,0.0,200.04,0.0,-30.020599365234375
111.58391499519348,0.0,200.009,0.0,-30.0101261138916
111.61585783958435,0.0,199.92,0.0,-29.99104118347168
111.64839434623718,0.0,199.817,0.0,-29.98198699951172
111.68237352371216,0.0,199.7,0.0,-29.972822189331055
111.71792960166931,0.0,199.673,0.0,-29.951751708984375
111.75645637512207,0.0,199.601,0.0,-29.94225311279297
111.78457808494568,0.0,199.605,0.0,-29.934982299804688
111.8186149597168,0.0,199.481,0.0,-29.92145347595215
111.85078167915344,0.0,199.423,0.0,-29.912864685058594
111.88323163986206,0.0,199.264,0.0,-29.90513801574707
111.90367841720581,0.0,199.264,0.0,-29.894508361816406
111.93686890602112,0.0,199.137,0.0,-29.88356590270996
111.97011685371399,0.0,199.041,0.0,-29.862056732177734
112.00441384315491,0.0,198.996,0.0,-29.85185432434082
112.04094076156616,0.0,198.867,0.0,-29.831418991088867
112.10172247886658,0.0,198.704,0.0,-29.81477928161621
112.12417101860046,0.0,198.691,0.0,-29.805522918701172
112.16824674606323,0.0,198.541,0.0,-29.78898811340332
112.21949124336243,0.0,198.417,0.0,-29.771591186523438
112.24911904335022,0.0,198.389,0.0,-29.76251983642578
112.28068828582764,0.0,198.365,0.0,-29.754812240600586
112.31297087669373,0.0,198.276,0.0,-29.74832534790039
112.34549903869629,0.0,198.146,0.0,-29.731548309326172
112.3719232082367,0.0,198.083,0.0,-29.72254753112793
112.41836524009705,0.0,198.038,0.0,-29.70492172241211
112.45279812812805,0.0,197.921,0.0,-29.6959285736084
112.4841001033783,0.0,197.869,0.0,-29.68742561340332
112.51821732521057,0.0,197.827,0.0,-29.671424865722656
112.55045104026794,0.0,197.655,0.0,-29.662778854370117
112.58469748497009,0.0,197.578,0.0,-29.65247917175293
112.61251640319824,0.0,197.481,0.0,-29.64174461364746
112.65173816680908,0.0,197.343,0.0,-29.618179321289062
112.68438601493835,0.0,197.275,0.0,-29.606796264648438
112.71568512916565,0.0,197.237,0.0,-29.585922241210938
112.75003004074097,0.0,197.179,0.0,-29.576480865478516
112.78430199623108,0.0,197.14,0.0,-29.56939697265625
112.81908941268921,0.0,197.076,0.0,-29.55600357055664
112.85196805000305,0.0,197.016,0.0,-29.548498153686523
112.88439655303955,0.0,196.817,0.0,-29.53922462463379
112.9193217754364,0.0,196.783,0.0,-29.518585205078125
112.95155143737793,0.0,196.703,0.0,-29.508337020874023
112.99000334739685,0.0,196.603,0.0,-29.490272521972656
113.01957273483276,0.0,196.525,0.0,-29.480436325073242
113.04681181907654,0.0,196.499,0.0,-29.47222900390625
113.08215045928955,0.0,196.461,0.0,-29.46477699279785
113.11282253265381,0.0,196.391,0.0,-29.457862854003906
113.14833235740662,0.0,196.307,0.0,-29.448392868041992
113.1718111038208,0.0,196.235,0.0,-29.441757202148438
113.20084643363953,0.0,196.163,0.0,-29.434043884277344
113.23751997947693,0.0,196.098,0.0,-29.425491333007812
113.26836895942688,0.0,195.988,0.0,-29.408117294311523
113.30175971984863,0.0,195.957,0.0,-29.39940643310547
113.32798433303833,0.0,195.9,0.0,-29.391807556152344
113.367192029953,0.0,195.853,0.0,-29.37639045715332
113.39765739440918,0.0,195.722,0.0,-29.368898391723633
113.42876672744751,0.0,195.682,0.0,-29.360095977783203
113.45960783958435,0.0,195.632,0.0,-29.352041244506836
113.49356412887573,0.0,195.526,0.0,-29.334026336669922
113.5191559791565,0.0,195.45,0.0,-29.323444366455078
113.55145144462585,0.0,195.289,0.0,-29.31201171875
113.5827009677887,0.0,195.245,0.0,-29.300561904907227
113.61498284339905,0.0,195.179,0.0,-29.290325164794922
113.64640045166016,0.0,195.126,0.0,-29.270469665527344
113.6771469116211,0.0,195.035,0.0,-29.26227569580078
113.70852160453796,0.0,194.989,0.0,-29.25381851196289
113.74505853652954,0.0,194.968,0.0,-29.239240646362305
113.76811957359314,0.0,194.929,0.0,-29.232982635498047
113.80315065383911,0.0,194.869,0.0,-29.226083755493164
113.83416843414307,0.0,194.746,0.0,-29.21985626220703
113.86536049842834,0.0,194.63,0.0,-29.211666107177734
113.89934778213501,0.0,194.63,0.0,-29.193023681640625
113.93405365943909,0.0,194.449,0.0,-29.181713104248047
113.96956157684326,0.0,194.393,0.0,-29.161693572998047
113.99953317642212,0.0,194.358,0.0,-29.15311622619629
114.03348708152771,0.0,194.329,0.0,-29.145732879638672
114.06432271003723,0.0,194.184,0.0,-29.136459350585938
114.09590172767639,0.0,194.112,0.0,-29.118358612060547
114.13337993621826,0.0,194.064,0.0,-29.109588623046875
114.17012047767639,0.0,193.945,0.0,-29.094989776611328
114.19488453865051,0.0,193.881,0.0,-29.08791732788086
114.23078989982605,0.0,193.805,0.0,-29.080215454101562
114.26141214370728,0.0,193.759,0.0,-29.071517944335938
114.29889583587646,0.0,193.68,0.0,-29.05585479736328
114.33353185653687,0.0,193.65,0.0,-29.04877281188965
114.37154173851013,0.0,193.531,0.0,-29.036115646362305
114.43246912956238,0.0,193.409,0.0,-29.020872116088867
114.4510726928711,0.0,193.353,0.0,-29.012495040893555
114.48348689079285,0.0,193.321,0.0,-29.00408935546875
114.51706457138062,0.0,193.218,0.0,-28.996671676635742
114.54846000671387,0.0,193.069,0.0,-28.976985931396484
114.58000779151917,0.0,193.033,0.0,-28.966415405273438
114.61267828941345,0.0,192.965,0.0,-28.957172393798828
114.6511435508728,0.0,192.863,0.0,-28.938833236694336
114.68591976165771,0.0,192.827,0.0,-28.9300594329834
114.7023651599884,0.0,192.758,0.0,-28.922218322753906
114.73724818229675,0.0,192.7,0.0,-28.913711547851562
114.76679921150208,0.0,192.666,0.0,-28.9051513671875
114.79505634307861,0.0,192.617,0.0,-28.890077590942383
114.83418321609497,0.0,192.539,0.0,-28.883398056030273
114.87017273902893,0.0,192.462,0.0,-28.86880111694336
114.89516758918762,0.0,192.42,0.0,-28.861330032348633
114.93498086929321,0.0,192.255,0.0,-28.851825714111328
114.96769714355469,0.0,192.213,0.0,-28.842138290405273
114.99804830551147,0.0,192.123,0.0,-28.82316780090332
115.02961874008179,0.0,192.104,0.0,-28.814964294433594
115.06569409370422,0.0,192.02,0.0,-28.80680274963379
115.09572982788086,0.0,191.949,0.0,-28.79163932800293
115.12297415733337,0.0,191.886,0.0,-28.783218383789062
115.1541759967804,0.0,191.824,0.0,-28.774545669555664
115.1965606212616,0.0,191.711,0.0,-28.757610321044922
115.23246169090271,0.0,191.609,0.0,-28.747045516967773
115.26639223098755,0.0,191.442,0.0,-28.73504066467285
115.30193948745728,0.0,191.417,0.0,-28.71502685546875
115.32843160629272,0.0,191.329,0.0,-28.707908630371094
115.36480236053467,0.0,191.329,0.0,-28.699182510375977
115.39866089820862,0.0,191.264,0.0,-28.687419891357422
115.43340802192688,0.0,191.268,0.0,-28.681995391845703
115.45057129859924,0.0,191.167,0.0,-28.678409576416016
115.48851871490479,0.0,191.048,0.0,-28.67182159423828
115.52106213569641,0.0,190.892,0.0,-28.651004791259766
115.55004620552063,0.0,190.849,0.0,-28.64034080505371
115.58406233787537,0.0,190.844,0.0,-28.630725860595703
115.61071872711182,0.0,190.772,0.0,-28.623525619506836
115.65203380584717,0.0,190.625,0.0,-28.606666564941406
115.67764019966125,0.0,190.604,0.0,-28.59705352783203
115.70341396331787,0.0,190.565,0.0,-28.589183807373047
115.73439407348633,0.0,190.474,0.0,-28.5819091796875
115.77146077156067,0.0,190.469,0.0,-28.566179275512695
115.8013653755188,0.0,190.387,0.0,-28.55978012084961
115.83583092689514,0.0,190.363,0.0,-28.553462982177734
115.86644434928894,0.0,190.339,0.0,-28.547998428344727
115.90447640419006,0.0,190.24,0.0,-28.538066864013672
115.94946527481079,0.0,190.231,0.0,-28.527599334716797
115.98360848426819,0.0,190.096,0.0,-28.519546508789062
116.0157299041748,0.0,190.021,0.0,-28.512943267822266
116.05525875091553,0.0,189.92,0.0,-28.495119094848633
116.0847373008728,0.0,189.744,0.0,-28.48499870300293
116.10957050323486,0.0,189.69,0.0,-28.47299575805664
116.15125608444214,0.0,189.653,0.0,-28.452116012573242
116.16971206665039,0.0,189.54,0.0,-28.440275192260742
116.21710300445557,0.0,189.459,0.0,-28.42862319946289
116.25028133392334,0.0,189.423,0.0,-28.411592483520508
116.28303694725037,0.0,189.396,0.0,-28.40472412109375
116.3219404220581,0.0,189.28,0.0,-28.390209197998047
116.34487199783325,0.0,189.219,0.0,-28.382116317749023
116.3730685710907,0.0,189.159,0.0,-28.3737850189209
116.42212295532227,0.0,189.029,0.0,-28.3558349609375
116.45193219184875,0.0,188.975,0.0,-28.349346160888672
116.48412203788757,0.0,188.918,0.0,-28.34250831604004
116.51932334899902,0.0,188.822,0.0,-28.33526611328125
116.5514554977417,0.0,188.756,0.0,-28.32084846496582
116.58523106575012,0.0,188.696,0.0,-28.313007354736328
116.61825823783875,0.0,188.634,0.0,-28.30484962463379
116.65154695510864,0.0,188.555,0.0,-28.2878360748291
116.68625378608704,0.0,188.489,0.0,-28.280746459960938
116.71607089042664,0.0,188.443,0.0,-28.272920608520508
116.75078988075256,0.0,188.329,0.0,-28.25788688659668
116.77816653251648,0.0,188.318,0.0,-28.249797821044922
116.81666803359985,0.0,188.286,0.0,-28.243501663208008
116.84809041023254,0.0,188.223,0.0,-28.230998992919922
116.87919116020203,0.0,188.108,0.0,-28.22453498840332
116.91636276245117,0.0,188.051,0.0,-28.21678924560547
116.95074701309204,0.0,187.992,0.0,-28.200559616088867
116.98122191429138,0.0,187.888,0.0,-28.191814422607422
117.01642322540283,0.0,187.818,0.0,-28.18386459350586
117.04684233665466,0.0,187.802,0.0,-28.16822052001953
117.07825374603271,0.0,187.744,0.0,-28.160808563232422
117.11548900604248,0.0,187.604,0.0,-28.15363883972168
117.15041923522949,0.0,187.524,0.0,-28.13443946838379
117.18079710006714,0.0,187.478,0.0,-28.125164031982422
117.20109987258911,0.0,187.448,0.0,-28.117158889770508
117.2359573841095,0.0,187.365,0.0,-28.11097526550293
117.26565289497375,0.0,187.275,0.0,-28.103551864624023
117.30066728591919,0.0,187.238,0.0,-28.08628273010254
117.33400630950928,0.0,187.21,0.0,-28.079212188720703
117.36594271659851,0.0,187.087,0.0,-28.07282257080078
117.3989109992981,0.0,187.029,0.0,-28.05600929260254
117.43070721626282,0.0,186.993,0.0,-28.048364639282227
117.46044564247131,0.0,186.951,0.0,-28.041109085083008
117.49955081939697,0.0,186.88,0.0,-28.02845573425293
117.52982878684998,0.0,186.827,0.0,-28.021745681762695
117.56711602210999,0.0,186.719,0.0,-28.015785217285156
117.60217428207397,0.0,186.673,0.0,-28.005348205566406
117.63461804389954,0.0,186.577,0.0,-27.998985290527344
117.66859698295593,0.0,186.479,0.0,-27.99041175842285
117.69920563697815,0.0,186.38,0.0,-27.970781326293945
117.73046374320984,0.0,186.356,0.0,-27.96149444580078
117.76180481910706,0.0,186.308,0.0,-27.953712463378906
117.79359936714172,0.0,186.262,0.0,-27.946086883544922
117.82467079162598,0.0,186.149,0.0,-27.929895401000977
117.85485410690308,0.0,186.113,0.0,-27.922218322753906
117.88561463356018,0.0,186.086,0.0,-27.91518211364746
117.91559982299805,0.0,186.041,0.0,-27.90901756286621
117.9516749382019,0.0,185.911,0.0,-27.895565032958984
117.98460817337036,0.0,185.865,0.0,-27.88770294189453
118.02386212348938,0.0,185.81,0.0,-27.87229347229004
118.05158734321594,0.0,185.777,0.0,-27.865276336669922
118.0847384929657,0.0,185.672,0.0,-27.85781478881836
118.10834074020386,0.0,185.673,0.0,-27.85047149658203
118.13974642753601,0.0,185.595,0.0,-27.845233917236328
118.17436361312866,0.0,185.547,0.0,-27.83131217956543
118.20694780349731,0.0,185.411,0.0,-27.825286865234375
118.2409131526947,0.0,185.391,0.0,-27.816307067871094
118.2681872844696,0.0,185.347,0.0,-27.808908462524414
118.3003933429718,0.0,185.289,0.0,-27.794132232666016
118.33731317520142,0.0,185.18,0.0,-27.787050247192383
118.36822891235352,0.0,185.067,0.0,-27.778982162475586
118.40670156478882,0.0,185.031,0.0,-27.759082794189453
118.43582582473755,0.0,185.005,0.0,-27.751201629638672
118.4677586555481,0.0,184.905,0.0,-27.742202758789062
118.50098299980164,0.0,184.847,0.0,-27.727008819580078
118.53572940826416,0.0,184.819,0.0,-27.720245361328125
118.56780958175659,0.0,184.674,0.0,-27.7121524810791
118.5930986404419,0.0,184.639,0.0,-27.7034969329834
118.63388562202454,0.0,184.604,0.0,-27.691303253173828
118.66032338142395,0.0,184.573,0.0,-27.685667037963867
118.68702054023743,0.0,184.526,0.0,-27.68040657043457
118.71755313873291,0.0,184.478,0.0,-27.674755096435547
118.75041794776917,0.0,184.317,0.0,-27.66176414489746
118.7845516204834,0.0,184.27,0.0,-27.65270233154297
118.81631588935852,0.0,184.217,0.0,-27.644100189208984
118.85028600692749,0.0,184.114,0.0,-27.625823974609375
118.8839693069458,0.0,184.054,0.0,-27.617942810058594
118.91706109046936,0.0,184.008,0.0,-27.609729766845703
118.95096397399902,0.0,183.963,0.0,-27.59427833557129
118.98498320579529,0.0,183.891,0.0,-27.58744239807129
119.01784181594849,0.0,183.859,0.0,-27.58092498779297
119.04422235488892,0.0,183.822,0.0,-27.57494354248047
119.08475971221924,0.0,183.725,0.0,-27.56268882751465
119.11767673492432,0.0,183.648,0.0,-27.55638885498047
119.15152835845947,0.0,183.606,0.0,-27.54131317138672
119.18343210220337,0.0,183.528,0.0,-27.533994674682617
119.21936631202698,0.0,183.506,0.0,-27.527462005615234
119.24745512008667,0.0,183.452,0.0,-27.521867752075195
119.28376579284668,0.0,183.412,0.0,-27.50954246520996
119.31711721420288,0.0,183.247,0.0,-27.501073837280273
119.35153222084045,0.0,183.187,0.0,-27.482986450195312
119.38374328613281,0.0,183.138,0.0,-27.474281311035156
119.41931700706482,0.0,183.057,0.0,-27.467018127441406
119.45276689529419,0.0,183.023,0.0,-27.452335357666016
119.48590469360352,0.0,182.967,0.0,-27.444974899291992
119.5182237625122,0.0,182.817,0.0,-27.4364013671875
119.5529260635376,0.0,182.783,0.0,-27.418960571289062
119.58466243743896,0.0,182.747,0.0,-27.41152572631836
119.61825585365295,0.0,182.672,0.0,-27.405006408691406
119.65056800842285,0.0,182.665,0.0,-27.39368438720703
119.68105030059814,0.0,182.613,0.0,-27.390140533447266
119.71838212013245,0.0,182.568,0.0,-27.38559913635254
119.74980926513672,0.0,182.45,0.0,-27.37548065185547
119.78484392166138,0.0,182.399,0.0,-27.368501663208008
119.81629681587219,0.0,182.323,0.0,-27.361316680908203
119.8503406047821,0.0,182.172,0.0,-27.343595504760742
119.8834159374237,0.0,182.131,0.0,-27.333600997924805
119.91682600975037,0.0,182.079,0.0,-27.324525833129883
119.95174026489258,0.0,182.018,0.0,-27.306726455688477
119.98655033111572,0.0,181.9,0.0,-27.29803466796875
120.01986193656921,0.0,181.848,0.0,-27.28890609741211
120.0518012046814,0.0,181.817,0.0,-27.272348403930664
120.08566355705261,0.0,181.763,0.0,-27.265491485595703
120.11764883995056,0.0,181.721,0.0,-27.2596378326416
120.15323758125305,0.0,181.672,0.0,-27.24755096435547
120.18476390838623,0.0,181.59,0.0,-27.24151039123535
120.21934771537781,0.0,181.532,0.0,-27.235424041748047
120.25251150131226,0.0,181.496,0.0,-27.222314834594727
120.28578090667725,0.0,181.478,0.0,-27.21702766418457
120.31923222541809,0.0,181.419,0.0,-27.21196937561035
120.35069394111633,0.0,181.374,0.0,-27.202144622802734
120.37829756736755,0.0,181.177,0.0,-27.19024658203125
120.4060869216919,0.0,181.109,0.0,-27.17854881286621
120.43447661399841,0.0,181.06,0.0,-27.16782569885254
120.47769594192505,0.0,181.012,0.0,-27.15204620361328
120.50874781608582,0.0,180.972,0.0,-27.144838333129883
120.54012417793274,0.0,180.903,0.0,-27.13677215576172
120.56970620155334,0.0,180.848,0.0,-27.128625869750977
120.60038447380066,0.0,180.761,0.0,-27.114572525024414
120.63395547866821,0.0,180.715,0.0,-27.10902976989746
120.66754961013794,0.0,180.648,0.0,-27.103208541870117
120.68481183052063,0.0,180.622,0.0,-27.09628677368164
120.71786594390869,0.0,180.571,0.0,-27.090229034423828
120.75166034698486,0.0,180.515,0.0,-27.077255249023438
120.7846200466156,0.0,180.481,0.0,-27.072162628173828
120.81795501708984,0.0,180.448,0.0,-27.067169189453125
120.85135579109192,0.0,180.354,0.0,-27.057865142822266
120.88358426094055,0.0,180.313,0.0,-27.05185317993164
120.9183304309845,0.0,180.258,0.0,-27.04582977294922
120.95247268676758,0.0,180.175,0.0,-27.03093910217285
120.9852283000946,0.0,180.09,0.0,-27.023845672607422
121.01902890205383,0.0,180.049,0.0,-27.016191482543945
121.05244636535645,0.0,180.032,0.0,-27.002914428710938
121.08498740196228,0.0,179.924,0.0,-26.99620246887207
121.11835145950317,0.0,179.868,0.0,-26.989269256591797
121.15314102172852,0.0,179.82,0.0,-26.974563598632812
121.18483281135559,0.0,179.693,0.0,-26.966890335083008
121.21786332130432,0.0,179.656,0.0,-26.95833969116211
121.25237965583801,0.0,179.566,0.0,-26.941102981567383
121.28504085540771,0.0,179.531,0.0,-26.932714462280273
121.32030129432678,0.0,179.444,0.0,-26.92522621154785
121.35145831108093,0.0,179.401,0.0,-26.910213470458984
121.37833881378174,0.0,179.366,0.0,-26.903453826904297
121.40332579612732,0.0,179.302,0.0,-26.89592933654785
121.44471764564514,0.0,179.203,0.0,-26.88718032836914
121.47774028778076,0.0,179.174,0.0,-26.873563766479492
121.50149536132812,0.0,179.171,0.0,-26.868879318237305
121.53530073165894,0.0,179.092,0.0,-26.862323760986328
121.56122708320618,0.0,179.041,0.0,-26.855491638183594
121.60450387001038,0.0,178.919,0.0,-26.841039657592773
121.66980075836182,0.0,178.854,0.0,-26.827524185180664
121.69326424598694,0.0,178.798,0.0,-26.822608947753906
121.71728563308716,0.0,178.764,0.0,-26.816829681396484
121.74909257888794,0.0,178.693,0.0,-26.811298370361328
121.78522801399231,0.0,178.687,0.0,-26.799877166748047
121.81702756881714,0.0,178.643,0.0,-26.79602813720703
121.85337018966675,0.0,178.584,0.0,-26.787500381469727
121.88362431526184,0.0,178.495,0.0,-26.78314208984375
121.91846537590027,0.0,178.43,0.0,-26.776355743408203
121.95178461074829,0.0,178.321,0.0,-26.758525848388672
121.98487520217896,0.0,178.201,0.0,-26.748682022094727
122.01842188835144,0.0,178.169,0.0,-26.738691329956055
122.05488753318787,0.0,178.17,0.0,-26.72365951538086
122.08315181732178,0.0,178.075,0.0,-26.717422485351562
122.10784006118774,0.0,178.027,0.0,-26.710702896118164
122.13769459724426,0.0,177.942,0.0,-26.703861236572266
122.1785717010498,0.0,177.891,0.0,-26.68703269958496
122.21225190162659,0.0,177.823,0.0,-26.679325103759766
122.23616933822632,0.0,177.823,0.0,-26.672527313232422
122.26330399513245,0.0,177.733,0.0,-26.66525650024414
122.30442595481873,0.0,177.648,0.0,-26.650314331054688
122.33524465560913,0.0,177.628,0.0,-26.64342498779297
122.36587333679199,0.0,177.512,0.0,-26.635709762573242
122.39295077323914,0.0,177.469,0.0,-26.628028869628906
122.43596339225769,0.0,177.397,0.0,-26.612335205078125
122.46956610679626,0.0,177.351,0.0,-26.60472869873047
122.50401449203491,0.0,177.287,0.0,-26.592021942138672
122.53672957420349,0.0,177.224,0.0,-26.584474563598633
122.56925868988037,0.0,177.19,0.0,-26.579021453857422
122.59821009635925,0.0,177.076,0.0,-26.573760986328125
122.63436794281006,0.0,177.033,0.0,-26.560100555419922
122.66285061836243,0.0,177.012,0.0,-26.55365562438965
122.69459986686707,0.0,176.957,0.0,-26.548160552978516
122.71844506263733,0.0,176.937,0.0,-26.54196548461914
122.75538611412048,0.0,176.918,0.0,-26.532180786132812
122.7851037979126,0.0,176.842,0.0,-26.526941299438477
122.81769371032715,0.0,176.811,0.0,-26.52214241027832
122.85199356079102,0.0,176.78,0.0,-26.51746940612793
122.88527846336365,0.0,176.686,0.0,-26.507274627685547
122.91885924339294,0.0,176.666,0.0,-26.501705169677734
122.95178866386414,0.0,176.602,0.0,-26.49077796936035
122.98401403427124,0.0,176.58,0.0,-26.485450744628906
123.01868152618408,0.0,176.442,0.0,-26.479167938232422
123.05471205711365,0.0,176.394,0.0,-26.463531494140625
123.08294200897217,0.0,176.343,0.0,-26.455703735351562
123.10993671417236,0.0,176.285,0.0,-26.447547912597656
123.14975309371948,0.0,176.216,0.0,-26.439563751220703
123.1852490901947,0.0,176.152,0.0,-26.425323486328125
123.23621892929077,0.0,176.06,0.0,-26.410552978515625
123.26831722259521,0.0,175.948,0.0,-26.400575637817383
123.30172848701477,0.0,175.871,0.0,-26.39116668701172
123.33352947235107,0.0,175.843,0.0,-26.376052856445312
123.36793565750122,0.0,175.811,0.0,-26.36964988708496
123.39912176132202,0.0,175.714,0.0,-26.363609313964844
123.43537664413452,0.0,175.67,0.0,-26.353761672973633
123.46768593788147,0.0,175.616,0.0,-26.34798240661621
123.50418138504028,0.0,175.615,0.0,-26.336986541748047
123.53594493865967,0.0,175.527,0.0,-26.331960678100586
123.56666707992554,0.0,175.52,0.0,-26.32653045654297
123.59233713150024,0.0,175.426,0.0,-26.32237434387207
123.63318109512329,0.0,175.295,0.0,-26.30959701538086
123.66439032554626,0.0,175.248,0.0,-26.30082893371582
123.70509886741638,0.0,175.189,0.0,-26.283767700195312
123.7345974445343,0.0,175.077,0.0,-26.273950576782227
123.76660466194153,0.0,175.017,0.0,-26.265504837036133
123.80068302154541,0.0,175.001,0.0,-26.256824493408203
123.83573770523071,0.0,174.967,0.0,-26.243772506713867
123.8680169582367,0.0,174.924,0.0,-26.23905372619629
123.90030717849731,0.0,174.875,0.0,-26.233970642089844
123.93214511871338,0.0,174.822,0.0,-26.222131729125977
123.96454977989197,0.0,174.773,0.0,-26.215620040893555
123.9954662322998,0.0,174.701,0.0,-26.20984649658203
124.02718782424927,0.0,174.672,0.0,-26.20380401611328
124.05950427055359,0.0,174.617,0.0,-26.1920108795166
124.09219431877136,0.0,174.577,0.0,-26.18584442138672
124.12406396865845,0.0,174.461,0.0,-26.178308486938477
124.15561437606812,0.0,174.41,0.0,-26.163665771484375
124.18796229362488,0.0,174.364,0.0,-26.15636444091797
124.21971011161804,0.0,174.295,0.0,-26.148176193237305
124.2504985332489,0.0,174.229,0.0,-26.140396118164062
124.2831780910492,0.0,174.198,0.0,-26.12976837158203
124.31785821914673,0.0,174.184,0.0,-26.124975204467773
124.34965467453003,0.0,174.126,0.0,-26.12103271484375
124.3848557472229,0.0,174.012,0.0,-26.110567092895508
124.41687393188477,0.0,173.985,0.0,-26.103673934936523
124.44770455360413,0.0,173.95,0.0,-26.0975399017334
124.46786499023438,0.0,173.918,0.0,-26.091657638549805
124.50237154960632,0.0,173.894,0.0,-26.086095809936523
124.53438019752502,0.0,173.809,0.0,-26.075279235839844
124.56609797477722,0.0,173.745,0.0,-26.069828033447266
124.59760236740112,0.0,173.708,0.0,-26.063247680664062
124.63012790679932,0.0,173.656,0.0,-26.050174713134766
124.66326117515564,0.0,173.593,0.0,-26.042633056640625
124.69424748420715,0.0,173.499,0.0,-26.03624725341797
124.72716617584229,0.0,173.494,0.0,-26.028575897216797
124.75819230079651,0.0,173.461,0.0,-26.017227172851562
124.79004549980164,0.0,173.442,0.0,-26.01247787475586
124.8173336982727,0.0,173.402,0.0,-26.007455825805664
124.85704803466797,0.0,173.288,0.0,-25.996288299560547
124.8860387802124,0.0,173.227,0.0,-25.988550186157227
124.91801190376282,0.0,173.11,0.0,-25.97797393798828
124.93585300445557,0.0,173.041,0.0,-25.96723175048828
124.96755409240723,0.0,172.98,0.0,-25.959278106689453
125.00171256065369,0.0,172.926,0.0,-25.950925827026367
125.05639743804932,0.0,172.841,0.0,-25.92978286743164
125.08484315872192,0.0,172.795,0.0,-25.923757553100586
125.1180248260498,0.0,172.729,0.0,-25.91753578186035
125.14855980873108,0.0,172.719,0.0,-25.910320281982422
125.17561030387878,0.0,172.622,0.0,-25.90468406677246
125.20210909843445,0.0,172.594,0.0,-25.896617889404297
125.2339403629303,0.0,172.523,0.0,-25.883474349975586
125.26835536956787,0.0,172.5,0.0,-25.877153396606445
125.30041003227234,0.0,172.468,0.0,-25.871662139892578
125.3355393409729,0.0,172.44,0.0,-25.86219596862793
125.3670642375946,0.0,172.43,0.0,-25.8586368560791
125.3987340927124,0.0,172.348,0.0,-25.855802536010742
125.4304826259613,0.0,172.291,0.0,-25.844310760498047
125.46174430847168,0.0,172.215,0.0,-25.836654663085938
125.49487924575806,0.0,172.133,0.0,-25.828744888305664
125.53366589546204,0.0,172.075,0.0,-25.814359664916992
125.56829905509949,0.0,171.99,0.0,-25.808086395263672
125.60229444503784,0.0,171.94,0.0,-25.800844192504883
125.63460326194763,0.0,171.914,0.0,-25.78704071044922
125.66759252548218,0.0,171.83,0.0,-25.77887725830078
125.70184803009033,0.0,171.76,0.0,-25.77169418334961
125.73529696464539,0.0,171.663,0.0,-25.755695343017578
125.76840376853943,0.0,171.616,0.0,-25.7470645904541
125.80120515823364,0.0,171.579,0.0,-25.739917755126953
125.83379673957825,0.0,171.546,0.0,-25.728490829467773
125.86707091331482,0.0,171.515,0.0,-25.723257064819336
125.90049052238464,0.0,171.476,0.0,-25.719568252563477
125.93542575836182,0.0,171.372,0.0,-25.71051025390625
125.9685800075531,0.0,171.356,0.0,-25.704730987548828
126.00174021720886,0.0,171.308,0.0,-25.699920654296875
126.03553581237793,0.0,171.251,0.0,-25.68972396850586
126.06982564926147,0.0,171.196,0.0,-25.684871673583984
126.10215854644775,0.0,171.173,0.0,-25.679122924804688
126.13463616371155,0.0,171.072,0.0,-25.667579650878906
126.1698989868164,0.0,171.035,0.0,-25.66147804260254
126.20149350166321,0.0,170.96,0.0,-25.655517578125
126.24252843856812,0.0,170.918,0.0,-25.642499923706055
126.26851558685303,0.0,170.881,0.0,-25.636873245239258
126.30786085128784,0.0,170.857,0.0,-25.626270294189453
126.33447194099426,0.0,170.797,0.0,-25.62018585205078
126.36755728721619,0.0,170.678,0.0,-25.613147735595703
126.4026427268982,0.0,170.619,0.0,-25.605667114257812
126.43518233299255,0.0,170.579,0.0,-25.590229034423828
126.46838903427124,0.0,170.476,0.0,-25.58300018310547
126.5014979839325,0.0,170.426,0.0,-25.575185775756836
126.53541827201843,0.0,170.362,0.0,-25.559011459350586
126.56677269935608,0.0,170.34,0.0,-25.551963806152344
126.59815812110901,0.0,170.321,0.0,-25.545780181884766
126.63386178016663,0.0,170.294,0.0,-25.53766632080078
126.658620595932,0.0,170.266,0.0,-25.533754348754883
126.68477845191956,0.0,170.209,0.0,-25.528667449951172
126.71639847755432,0.0,170.185,0.0,-25.524049758911133
126.75188684463501,0.0,170.079,0.0,-25.51769256591797
126.78496479988098,0.0,170.043,0.0,-25.50596046447754
126.81740856170654,0.0,170.008,0.0,-25.501802444458008
126.84100842475891,0.0,169.989,0.0,-25.4974308013916
126.8841323852539,0.0,169.908,0.0,-25.489276885986328
126.91644382476807,0.0,169.838,0.0,-25.484453201293945
126.93578815460205,0.0,169.789,0.0,-25.478076934814453
126.96798491477966,0.0,169.727,0.0,-25.47138023376465
126.99706721305847,0.0,169.673,0.0,-25.46389389038086
127.03436589241028,0.0,169.592,0.0,-25.449108123779297
127.06783151626587,0.0,169.556,0.0,-25.441930770874023
127.09868884086609,0.0,169.493,0.0,-25.43518829345703
127.13590168952942,0.0,169.458,0.0,-25.421648025512695
127.16781759262085,0.0,169.422,0.0,-25.41636848449707
127.20335674285889,0.0,169.406,0.0,-25.411104202270508
127.23617577552795,0.0,169.356,0.0,-25.4014892578125
127.26694250106812,0.0,169.265,0.0,-25.396610260009766
127.30106353759766,0.0,169.25,0.0,-25.390504837036133
127.33525729179382,0.0,169.196,0.0,-25.37960433959961
127.36681056022644,0.0,169.149,0.0,-25.3750057220459
127.39916634559631,0.0,169.141,0.0,-25.370159149169922
127.43054413795471,0.0,169.119,0.0,-25.366376876831055
127.46276879310608,0.0,169.083,0.0,-25.35886001586914
127.49513745307922,0.0,169.012,0.0,-25.356369018554688
127.5262999534607,0.0,169.01,0.0,-25.351442337036133
127.55089950561523,0.0,168.948,0.0,-25.34781837463379
127.5843608379364,0.0,168.877,0.0,-25.33599090576172
127.60808730125427,0.0,168.852,0.0,-25.330034255981445
127.64841985702515,0.0,168.738,0.0,-25.321670532226562
127.68224549293518,0.0,168.69,0.0,-25.307632446289062
127.73498463630676,0.0,168.515,0.0,-25.289722442626953
127.77045226097107,0.0,168.5,0.0,-25.28122901916504
127.80187177658081,0.0,168.441,0.0,-25.272720336914062
127.83524417877197,0.0,168.391,0.0,-25.259519577026367
127.86685347557068,0.0,168.343,0.0,-25.25263214111328
127.89340853691101,0.0,168.313,0.0,-25.247650146484375
127.93155312538147,0.0,168.225,0.0,-25.236501693725586
127.96011543273926,0.0,168.161,0.0,-25.231231689453125
127.99509406089783,0.0,168.104,0.0,-25.22480010986328
128.02023911476135,0.0,168.097,0.0,-25.217761993408203
128.0510745048523,0.0,168.039,0.0,-25.212358474731445
128.0842101573944,0.0,167.996,0.0,-25.199953079223633
128.1178548336029,0.0,167.966,0.0,-25.19533920288086
128.1515772342682,0.0,167.962,0.0,-25.19083595275879
128.18589091300964,0.0,167.938,0.0,-25.184240341186523
128.21637606620789,0.0,167.837,0.0,-25.18016815185547
128.24737572669983,0.0,167.805,0.0,-25.174922943115234
128.27880573272705,0.0,167.791,0.0,-25.16981315612793
128.31432056427002,0.0,167.716,0.0,-25.160804748535156
128.35167050361633,0.0,167.673,0.0,-25.156024932861328
128.3861231803894,0.0,167.616,0.0,-25.1446533203125
128.41817140579224,0.0,167.527,0.0,-25.138500213623047
128.4358503818512,0.0,167.527,0.0,-25.13197135925293
128.4676389694214,0.0,167.465,0.0,-25.124608993530273
128.50174188613892,0.0,167.365,0.0,-25.117069244384766
128.53505110740662,0.0,167.294,0.0,-25.10094451904297
128.5672047138214,0.0,167.268,0.0,-25.09356689453125
128.60153603553772,0.0,167.185,0.0,-25.086551666259766
128.63579487800598,0.0,167.187,0.0,-25.074657440185547
128.6675226688385,0.0,167.152,0.0,-25.069690704345703
128.70372605323792,0.0,167.065,0.0,-25.064245223999023
128.7342700958252,0.0,167.022,0.0,-25.052814483642578
128.76667618751526,0.0,166.969,0.0,-25.046405792236328
128.7993128299713,0.0,166.951,0.0,-25.041015625
128.83128905296326,0.0,166.896,0.0,-25.037166595458984
128.86123299598694,0.0,166.845,0.0,-25.026519775390625
128.9021577835083,0.0,166.815,0.0,-25.021175384521484
128.92761325836182,0.0,166.752,0.0,-25.014705657958984
128.9707748889923,0.0,166.68,0.0,-25.005592346191406
129.00170254707336,0.0,166.633,0.0,-25.000547409057617
129.03045296669006,0.0,166.591,0.0,-24.994970321655273
129.06511926651,0.0,166.49,0.0,-24.982458114624023
129.0996720790863,0.0,166.441,0.0,-24.975872039794922
129.1364986896515,0.0,166.368,0.0,-24.962480545043945
129.16801404953003,0.0,166.296,0.0,-24.956220626831055
129.19724202156067,0.0,166.247,0.0,-24.948671340942383
129.2234706878662,0.0,166.189,0.0,-24.941091537475586
129.2504687309265,0.0,166.152,0.0,-24.933116912841797
129.27842617034912,0.0,166.119,0.0,-24.92572593688965
129.3187780380249,0.0,166.062,0.0,-24.913227081298828
129.34676814079285,0.0,166.005,0.0,-24.907577514648438
129.38622450828552,0.0,165.986,0.0,-24.89571762084961
129.41751718521118,0.0,165.874,0.0,-24.888532638549805
129.44355511665344,0.0,165.842,0.0,-24.88192367553711
129.46855282783508,0.0,165.822,0.0,-24.875804901123047
129.49785351753235,0.0,165.799,0.0,-24.87057113647461
129.53678917884827,0.0,165.762,0.0,-24.861045837402344
129.56769561767578,0.0,165.669,0.0,-24.856111526489258
129.61128091812134,0.0,165.638,0.0,-24.844680786132812
129.63531064987183,0.0,165.598,0.0,-24.839033126831055
129.66587376594543,0.0,165.582,0.0,-24.834308624267578
129.70166301727295,0.0,165.473,0.0,-24.82840347290039
129.73247575759888,0.0,165.433,0.0,-24.822132110595703
129.76601934432983,0.0,165.349,0.0,-24.807889938354492
129.79628205299377,0.0,165.324,0.0,-24.80095100402832
129.8279104232788,0.0,165.232,0.0,-24.793933868408203
129.86122584342957,0.0,165.199,0.0,-24.780485153198242
129.8913083076477,0.0,165.139,0.0,-24.77330207824707
129.92323756217957,0.0,165.083,0.0,-24.765731811523438
129.95499563217163,0.0,165.039,0.0,-24.760215759277344
129.98455142974854,0.0,164.946,0.0,-24.74875831604004
130.01638293266296,0.0,164.926,0.0,-24.742347717285156
130.04802179336548,0.0,164.91,0.0,-24.73688316345215
130.07921361923218,0.0,164.842,0.0,-24.732316970825195
130.11675000190735,0.0,164.81,0.0,-24.72197914123535
130.14832472801208,0.0,164.778,0.0,-24.71756362915039
130.18035769462585,0.0,164.749,0.0,-24.713119506835938
130.21147108078003,0.0,164.702,0.0,-24.70374298095703
130.24378943443298,0.0,164.637,0.0,-24.69893455505371
130.27618098258972,0.0,164.611,0.0,-24.694000244140625
130.31143164634705,0.0,164.561,0.0,-24.684011459350586
130.34201765060425,0.0,164.537,0.0,-24.679134368896484
130.37363648414612,0.0,164.446,0.0,-24.673551559448242
130.40465641021729,0.0,164.406,0.0,-24.667800903320312
130.4365472793579,0.0,164.333,0.0,-24.654672622680664
130.4695589542389,0.0,164.26,0.0,-24.646263122558594
130.50116348266602,0.0,164.194,0.0,-24.637754440307617
130.5371696949005,0.0,164.152,0.0,-24.624380111694336
130.56427764892578,0.0,164.135,0.0,-24.618850708007812
130.59812808036804,0.0,164.111,0.0,-24.613889694213867
130.62879848480225,0.0,163.957,0.0,-24.608020782470703
130.66103768348694,0.0,163.887,0.0,-24.590618133544922
130.69318056106567,0.0,163.829,0.0,-24.583940505981445
130.72560667991638,0.0,163.778,0.0,-24.576679229736328
130.7570731639862,0.0,163.759,0.0,-24.569263458251953
130.7883265018463,0.0,163.709,0.0,-24.557708740234375
130.8207745552063,0.0,163.675,0.0,-24.5527286529541
130.85342168807983,0.0,163.643,0.0,-24.547786712646484
130.8843743801117,0.0,163.626,0.0,-24.538829803466797
130.9165232181549,0.0,163.582,0.0,-24.534324645996094
130.9494686126709,0.0,163.542,0.0,-24.530946731567383
130.98151755332947,0.0,163.498,0.0,-24.526960372924805
131.0130352973938,0.0,163.482,0.0,-24.51837158203125
131.0450141429901,0.0,163.447,0.0,-24.514131546020508
131.09203004837036,0.0,163.363,0.0,-24.50391960144043
131.12391805648804,0.0,163.252,0.0,-24.497880935668945
131.15714693069458,0.0,163.246,0.0,-24.491226196289062
131.18786120414734,0.0,163.194,0.0,-24.480266571044922
131.21981072425842,0.0,163.155,0.0,-24.474395751953125
131.2525806427002,0.0,163.151,0.0,-24.46997833251953
131.28382658958435,0.0,163.052,0.0,-24.464414596557617
131.31556487083435,0.0,162.992,0.0,-24.45585823059082
131.34671592712402,0.0,162.942,0.0,-24.45010757446289
131.38110971450806,0.0,162.921,0.0,-24.4438419342041
131.41347908973694,0.0,162.911,0.0,-24.434051513671875
131.43743252754211,0.0,162.859,0.0,-24.428791046142578
131.46874809265137,0.0,162.75,0.0,-24.42357635498047
131.50064039230347,0.0,162.693,0.0,-24.416677474975586
131.5321593284607,0.0,162.673,0.0,-24.409231185913086
131.56422758102417,0.0,162.609,0.0,-24.396791458129883
131.59566402435303,0.0,162.564,0.0,-24.391212463378906
131.62744808197021,0.0,162.546,0.0,-24.385311126708984
131.6639256477356,0.0,162.508,0.0,-24.375112533569336
131.69006896018982,0.0,162.498,0.0,-24.37098503112793
131.7174518108368,0.0,162.472,0.0,-24.36699676513672
131.7524390220642,0.0,162.393,0.0,-24.362564086914062
131.7850203514099,0.0,162.355,0.0,-24.35774040222168
131.8172528743744,0.0,162.333,0.0,-24.34815216064453
131.85131168365479,0.0,162.213,0.0,-24.343151092529297
131.88897490501404,0.0,162.195,0.0,-24.330501556396484
131.91820549964905,0.0,162.174,0.0,-24.325428009033203
131.95162415504456,0.0,162.175,0.0,-24.31981658935547
131.9846796989441,0.0,162.103,0.0,-24.317777633666992
132.0186402797699,0.0,162.015,0.0,-24.306686401367188
132.05032444000244,0.0,162.006,0.0,-24.301345825195312
132.07654762268066,0.0,161.927,0.0,-24.294174194335938
132.10813117027283,0.0,161.831,0.0,-24.286052703857422
132.14518284797668,0.0,161.771,0.0,-24.271121978759766
132.17733430862427,0.0,161.729,0.0,-24.26365852355957
132.20638918876648,0.0,161.705,0.0,-24.257190704345703
132.23577332496643,0.0,161.634,0.0,-24.25048828125
132.26863026618958,0.0,161.548,0.0,-24.241214752197266
132.2992227077484,0.0,161.476,0.0,-24.234508514404297
132.3334460258484,0.0,161.44,0.0,-24.22661018371582
132.3660798072815,0.0,161.354,0.0,-24.211421966552734
132.39797925949097,0.0,161.354,0.0,-24.20460319519043
132.42995834350586,0.0,161.33,0.0,-24.199663162231445
132.46282625198364,0.0,161.322,0.0,-24.191680908203125
132.49401545524597,0.0,161.267,0.0,-24.187833786010742
132.52551174163818,0.0,161.251,0.0,-24.184328079223633
132.55674052238464,0.0,161.223,0.0,-24.18124771118164
132.5889117717743,0.0,161.202,0.0,-24.17485809326172
132.62114262580872,0.0,161.158,0.0,-24.17087173461914
132.64703631401062,0.0,161.112,0.0,-24.166126251220703
132.6748960018158,0.0,161.028,0.0,-24.16162872314453
132.70610165596008,0.0,161.007,0.0,-24.155981063842773
132.73961305618286,0.0,160.952,0.0,-24.14510154724121
132.77072310447693,0.0,160.887,0.0,-24.138080596923828
132.80269718170166,0.0,160.872,0.0,-24.132293701171875
132.83434176445007,0.0,160.768,0.0,-24.12503433227539
132.8680980205536,0.0,160.787,0.0,-24.114360809326172
132.90159678459167,0.0,160.758,0.0,-24.110305786132812
132.93328547477722,0.0,160.644,0.0,-24.107160568237305
132.95778918266296,0.0,160.621,0.0,-24.100513458251953
132.9845733642578,0.0,160.559,0.0,-24.09564971923828
133.01589846611023,0.0,160.547,0.0,-24.085433959960938
133.0492181777954,0.0,160.484,0.0,-24.080745697021484
133.08081078529358,0.0,160.407,0.0,-24.074750900268555
133.11435532569885,0.0,160.305,0.0,-24.060476303100586
133.14514064788818,0.0,160.309,0.0,-24.052406311035156
133.1759967803955,0.0,160.285,0.0,-24.046632766723633
133.2078092098236,0.0,160.26,0.0,-24.041461944580078
133.23944115638733,0.0,160.229,0.0,-24.032039642333984
133.271071434021,0.0,160.164,0.0,-24.02737808227539
133.3031611442566,0.0,160.134,0.0,-24.02267837524414
133.33503007888794,0.0,160.121,0.0,-24.01807403564453
133.36667013168335,0.0,160.063,0.0,-24.009143829345703
133.39393377304077,0.0,160.052,0.0,-24.005008697509766
133.4298393726349,0.0,159.947,0.0,-23.998981475830078
133.46452498435974,0.0,159.895,0.0,-23.98699188232422
133.49324226379395,0.0,159.865,0.0,-23.981138229370117
133.52530241012573,0.0,159.825,0.0,-23.976560592651367
133.55722403526306,0.0,159.799,0.0,-23.971961975097656
133.5885934829712,0.0,159.735,0.0,-23.961807250976562
133.61953115463257,0.0,159.691,0.0,-23.955760955810547
133.6510546207428,0.0,159.616,0.0,-23.949140548706055
133.68268513679504,0.0,159.591,0.0,-23.94338035583496
133.71482467651367,0.0,159.53,0.0,-23.931856155395508
133.74638724327087,0.0,159.526,0.0,-23.927099227905273
133.77798771858215,0.0,159.454,0.0,-23.92068862915039
133.80932927131653,0.0,159.4,0.0,-23.91543197631836
133.85040402412415,0.0,159.373,0.0,-23.904918670654297
133.8829038143158,0.0,159.239,0.0,-23.900205612182617
133.915869474411,0.0,159.173,0.0,-23.883731842041016
133.93998193740845,0.0,159.151,0.0,-23.877395629882812
133.97670817375183,0.0,159.129,0.0,-23.87188148498535
134.00863790512085,0.0,159.125,0.0,-23.867002487182617
134.04024505615234,0.0,159.059,0.0,-23.85880470275879
134.07189774513245,0.0,159.03,0.0,-23.854854583740234
134.10336661338806,0.0,158.986,0.0,-23.850872039794922
134.13473272323608,0.0,158.975,0.0,-23.84623146057129
134.16656398773193,0.0,158.891,0.0,-23.837387084960938
134.19843649864197,0.0,158.854,0.0,-23.832645416259766
134.23077297210693,0.0,158.814,0.0,-23.82769775390625
134.26211094856262,0.0,158.759,0.0,-23.822463989257812
134.29423594474792,0.0,158.685,0.0,-23.810184478759766
134.32587456703186,0.0,158.651,0.0,-23.804325103759766
134.35720205307007,0.0,158.651,0.0,-23.798648834228516
134.39169120788574,0.0,158.611,0.0,-23.789968490600586
134.42128014564514,0.0,158.52,0.0,-23.7854061126709
134.453027009964,0.0,158.445,0.0,-23.779634475708008
134.4841663837433,0.0,158.391,0.0,-23.772296905517578
134.51646995544434,0.0,158.326,0.0,-23.756267547607422
134.54932951927185,0.0,158.298,0.0,-23.749298095703125
134.57932567596436,0.0,158.3,0.0,-23.743839263916016
134.61639189720154,0.0,158.261,0.0,-23.735713958740234
134.64326119422913,0.0,158.212,0.0,-23.730632781982422
134.67249965667725,0.0,158.191,0.0,-23.726116180419922
134.70727157592773,0.0,158.112,0.0,-23.721235275268555
134.73473024368286,0.0,158.082,0.0,-23.716110229492188
134.76891803741455,0.0,158.022,0.0,-23.70512580871582
134.80179595947266,0.0,157.99,0.0,-23.699390411376953
134.83451008796692,0.0,157.959,0.0,-23.694360733032227
134.8671534061432,0.0,157.923,0.0,-23.68600082397461
134.8994071483612,0.0,157.907,0.0,-23.682254791259766
134.9322555065155,0.0,157.863,0.0,-23.67778778076172
134.96320962905884,0.0,157.815,0.0,-23.673511505126953
134.99482703208923,0.0,157.75,0.0,-23.664024353027344
135.0333125591278,0.0,157.715,0.0,-23.66001319885254
135.0675241947174,0.0,157.646,0.0,-23.65041160583496
135.09255123138428,0.0,157.578,0.0,-23.645904541015625
135.13296842575073,0.0,157.541,0.0,-23.63982391357422
135.16060590744019,0.0,157.548,0.0,-23.63382911682129
135.18642807006836,0.0,157.479,0.0,-23.6297550201416
135.21679615974426,0.0,157.434,0.0,-23.62022590637207
135.25098705291748,0.0,157.337,0.0,-23.615243911743164
135.28424310684204,0.0,157.313,0.0,-23.607580184936523
135.31811094284058,0.0,157.238,0.0,-23.59406089782715
135.35128927230835,0.0,157.213,0.0,-23.58786964416504
135.38474988937378,0.0,157.165,0.0,-23.582317352294922
135.40987181663513,0.0,157.101,0.0,-23.576297760009766
135.45032286643982,0.0,157.043,0.0,-23.56265640258789
135.48297953605652,0.0,157.036,0.0,-23.556854248046875
135.51798725128174,0.0,157.022,0.0,-23.548622131347656
135.55093145370483,0.0,156.95,0.0,-23.543367385864258
135.58514714241028,0.0,156.876,0.0,-23.539215087890625
135.61670303344727,0.0,156.869,0.0,-23.528514862060547
135.65024185180664,0.0,156.839,0.0,-23.52422332763672
135.68280363082886,0.0,156.832,0.0,-23.520893096923828
135.71803736686707,0.0,156.785,0.0,-23.514589309692383
135.7458701133728,0.0,156.779,0.0,-23.511728286743164
135.77796173095703,0.0,156.697,0.0,-23.507293701171875
135.80148649215698,0.0,156.697,0.0,-23.503150939941406
135.82587027549744,0.0,156.647,0.0,-23.49809455871582
135.85786128044128,0.0,156.567,0.0,-23.492374420166016
135.88902497291565,0.0,156.494,0.0,-23.486902236938477
135.92083477973938,0.0,156.473,0.0,-23.473791122436523
135.95250487327576,0.0,156.431,0.0,-23.467601776123047
135.98573660850525,0.0,156.354,0.0,-23.461322784423828
136.01720929145813,0.0,156.326,0.0,-23.44969940185547
136.04864883422852,0.0,156.275,0.0,-23.443527221679688
136.08000683784485,0.0,156.229,0.0,-23.437105178833008
136.1116337776184,0.0,156.16,0.0,-23.431880950927734
136.14383172988892,0.0,156.14,0.0,-23.420507431030273
136.17177438735962,0.0,156.056,0.0,-23.413196563720703
136.20630621910095,0.0,156.032,0.0,-23.4078369140625
136.24153017997742,0.0,155.947,0.0,-23.397462844848633
136.26779627799988,0.0,155.898,0.0,-23.391977310180664
136.29401445388794,0.0,155.86,0.0,-23.38597297668457
136.3337917327881,0.0,155.804,0.0,-23.380027770996094
136.368417263031,0.0,155.731,0.0,-23.367860794067383
136.39745473861694,0.0,155.699,0.0,-23.361501693725586
136.42914843559265,0.0,155.699,0.0,-23.355541229248047
136.45372223854065,0.0,155.683,0.0,-23.35123634338379
136.4913306236267,0.0,155.664,0.0,-23.347537994384766
136.51817965507507,0.0,155.593,0.0,-23.339805603027344
136.5512499809265,0.0,155.525,0.0,-23.335784912109375
136.58837485313416,0.0,155.532,0.0,-23.33009910583496
136.62018537521362,0.0,155.515,0.0,-23.322872161865234
136.652277469635,0.0,155.478,0.0,-23.318832397460938
136.68377566337585,0.0,155.436,0.0,-23.316097259521484
136.70249772071838,0.0,155.426,0.0,-23.312477111816406
136.73284554481506,0.0,155.401,0.0,-23.30950927734375
136.7645161151886,0.0,155.372,0.0,-23.30640983581543
136.79578042030334,0.0,155.302,0.0,-23.29772186279297
136.8268859386444,0.0,155.261,0.0,-23.292125701904297
136.8587944507599,0.0,155.157,0.0,-23.286651611328125
136.89374542236328,0.0,155.119,0.0,-23.2729434967041
136.922696352005,0.0,155.076,0.0,-23.266185760498047
136.95556712150574,0.0,155.017,0.0,-23.258747100830078
136.9857795238495,0.0,154.97,0.0,-23.251628875732422
137.0182135105133,0.0,154.957,0.0,-23.24150848388672
137.05045413970947,0.0,154.936,0.0,-23.238265991210938
137.08258390426636,0.0,154.91,0.0,-23.23515510559082
137.11861491203308,0.0,154.855,0.0,-23.227388381958008
137.14578819274902,0.0,154.761,0.0,-23.222246170043945
137.17903780937195,0.0,154.693,0.0,-23.21647071838379
137.2091977596283,0.0,154.662,0.0,-23.20941162109375
137.24169039726257,0.0,154.627,0.0,-23.196699142456055
137.27318477630615,0.0,154.589,0.0,-23.191246032714844
137.30484294891357,0.0,154.562,0.0,-23.18663787841797
137.33697199821472,0.0,154.518,0.0,-23.182220458984375
137.36950993537903,0.0,154.487,0.0,-23.17234992980957
137.40114879608154,0.0,154.393,0.0,-23.166706085205078
137.43354892730713,0.0,154.369,0.0,-23.160810470581055
137.46300077438354,0.0,154.348,0.0,-23.155521392822266
137.49481678009033,0.0,154.326,0.0,-23.146554946899414
137.5268976688385,0.0,154.335,0.0,-23.143901824951172
137.55779671669006,0.0,154.282,0.0,-23.141738891601562
137.59467029571533,0.0,154.253,0.0,-23.13498878479004
137.62258553504944,0.0,154.192,0.0,-23.129974365234375
137.65432953834534,0.0,154.135,0.0,-23.123947143554688
137.687180519104,0.0,154.069,0.0,-23.116764068603516
137.72091627120972,0.0,153.934,0.0,-23.10540008544922
137.75091910362244,0.0,153.922,0.0,-23.097530364990234
137.78329491615295,0.0,153.892,0.0,-23.091211318969727
137.81968235969543,0.0,153.88,0.0,-23.080583572387695
137.84776282310486,0.0,153.841,0.0,-23.07575798034668
137.87923097610474,0.0,153.815,0.0,-23.07209587097168
137.91230988502502,0.0,153.786,0.0,-23.068449020385742
137.94419598579407,0.0,153.758,0.0,-23.06085777282715
137.97582912445068,0.0,153.648,0.0,-23.055221557617188
138.0067138671875,0.0,153.588,0.0,-23.049442291259766
138.03928351402283,0.0,153.544,0.0,-23.0427188873291
138.0715296268463,0.0,153.507,0.0,-23.029417037963867
138.10304760932922,0.0,153.482,0.0,-23.023605346679688
138.13370442390442,0.0,153.419,0.0,-23.01809310913086
138.16575455665588,0.0,153.416,0.0,-23.012771606445312
138.19687342643738,0.0,153.381,0.0,-23.00457000732422
138.22863960266113,0.0,153.37,0.0,-23.001102447509766
138.2602014541626,0.0,153.297,0.0,-22.9976863861084
138.28748393058777,0.0,153.246,0.0,-22.993253707885742
138.32399249076843,0.0,153.201,0.0,-22.982213973999023
138.35557007789612,0.0,153.171,0.0,-22.97678565979004
138.3865101337433,0.0,153.103,0.0,-22.9716796875
138.42118859291077,0.0,153.053,0.0,-22.96034049987793
138.4510006904602,0.0,153.003,0.0,-22.953889846801758
138.48264122009277,0.0,152.952,0.0,-22.94703483581543
138.51401662826538,0.0,152.874,0.0,-22.939998626708984
138.5454297065735,0.0,152.834,0.0,-22.929889678955078
138.5771143436432,0.0,152.83,0.0,-22.924667358398438
138.60890173912048,0.0,152.795,0.0,-22.920747756958008
138.64012479782104,0.0,152.749,0.0,-22.91653060913086
138.672434091568,0.0,152.67,0.0,-22.906497955322266
138.7042179107666,0.0,152.647,0.0,-22.901094436645508
138.73584580421448,0.0,152.619,0.0,-22.896224975585938
138.76919198036194,0.0,152.605,0.0,-22.887638092041016
138.80004811286926,0.0,152.537,0.0,-22.88349151611328
138.83293676376343,0.0,152.508,0.0,-22.87908172607422
138.86463618278503,0.0,152.438,0.0,-22.874719619750977
138.8965277671814,0.0,152.419,0.0,-22.863452911376953
138.92719864845276,0.0,152.38,0.0,-22.858427047729492
138.9598422050476,0.0,152.371,0.0,-22.854427337646484
138.99185633659363,0.0,152.307,0.0,-22.85122299194336
139.02378010749817,0.0,152.273,0.0,-22.841350555419922
139.0549876689911,0.0,152.197,0.0,-22.835792541503906
139.08683466911316,0.0,152.204,0.0,-22.830535888671875
139.12204670906067,0.0,152.183,0.0,-22.823688507080078
139.1482470035553,0.0,152.134,0.0,-22.81930160522461
139.18165731430054,0.0,152.048,0.0,-22.814899444580078
139.2011649608612,0.0,152.048,0.0,-22.80939483642578
139.23551106452942,0.0,151.962,0.0,-22.803159713745117
139.2691867351532,0.0,151.927,0.0,-22.79139518737793
139.30128645896912,0.0,151.907,0.0,-22.78632164001465
139.33321833610535,0.0,151.869,0.0,-22.782201766967773
139.37090682983398,0.0,151.824,0.0,-22.773380279541016
139.40120887756348,0.0,151.787,0.0,-22.76839828491211
139.4332094192505,0.0,151.745,0.0,-22.763042449951172
139.46466326713562,0.0,151.685,0.0,-22.758068084716797
139.49627804756165,0.0,151.634,0.0,-22.747297286987305
139.52697825431824,0.0,151.619,0.0,-22.742477416992188
139.55906462669373,0.0,151.577,0.0,-22.737253189086914
139.59728479385376,0.0,151.527,0.0,-22.728557586669922
139.62240409851074,0.0,151.482,0.0,-22.723285675048828
139.654438495636,0.0,151.44,0.0,-22.71771240234375
139.6859757900238,0.0,151.374,0.0,-22.71366310119629
139.71768474578857,0.0,151.315,0.0,-22.708024978637695
139.7498950958252,0.0,151.28,0.0,-22.696338653564453
139.78077793121338,0.0,151.279,0.0,-22.69148063659668
139.81350898742676,0.0,151.271,0.0,-22.687950134277344
139.84631490707397,0.0,151.212,0.0,-22.680767059326172
139.87616753578186,0.0,151.167,0.0,-22.677169799804688
139.90955352783203,0.0,151.115,0.0,-22.6732120513916
139.93733644485474,0.0,151.099,0.0,-22.668216705322266
139.97236394882202,0.0,151.092,0.0,-22.66056251525879
140.00390720367432,0.0,151.088,0.0,-22.657785415649414
140.03595852851868,0.0,151.035,0.0,-22.6561279296875
140.07191276550293,0.0,151.023,0.0,-22.650035858154297
140.09941005706787,0.0,150.967,0.0,-22.64572525024414
140.13139462471008,0.0,150.887,0.0,-22.6401309967041
140.1636254787445,0.0,150.814,0.0,-22.635143280029297
140.1963768005371,0.0,150.785,0.0,-22.622278213500977
140.22689414024353,0.0,150.743,0.0,-22.615982055664062
140.25806879997253,0.0,150.665,0.0,-22.609973907470703
140.29060888290405,0.0,150.603,0.0,-22.603689193725586
140.32207489013672,0.0,150.571,0.0,-22.589826583862305
140.35324788093567,0.0,150.516,0.0,-22.5826416015625
140.38566851615906,0.0,150.467,0.0,-22.576946258544922
140.4167823791504,0.0,150.431,0.0,-22.571186065673828
140.43822145462036,0.0,150.396,0.0,-22.56550407409668
140.48018717765808,0.0,150.342,0.0,-22.553630828857422
140.51164388656616,0.0,150.248,0.0,-22.54728889465332
140.54676413536072,0.0,150.232,0.0,-22.534862518310547
140.5755808353424,0.0,150.199,0.0,-22.529422760009766
140.60724020004272,0.0,150.199,0.0,-22.5255126953125
140.63890743255615,0.0,150.16,0.0,-22.521650314331055
140.67368388175964,0.0,150.139,0.0,-22.5153751373291
140.7028386592865,0.0,150.137,0.0,-22.513185501098633
140.73106908798218,0.0,150.132,0.0,-22.511547088623047
140.78291726112366,0.0,150.085,0.0,-22.509693145751953
140.81613206863403,0.0,149.999,0.0,-22.507591247558594
140.85158157348633,0.0,149.913,0.0,-22.496295928955078
140.8856544494629,0.0,149.872,0.0,-22.490657806396484
140.91853594779968,0.0,149.836,0.0,-22.48480224609375
140.95136380195618,0.0,149.758,0.0,-22.473100662231445
141.00078320503235,0.0,149.742,0.0,-22.46237564086914
141.033842086792,0.0,149.718,0.0,-22.458683013916016
141.06688809394836,0.0,149.691,0.0,-22.45507049560547
141.1011562347412,0.0,149.662,0.0,-22.447561264038086
141.13591289520264,0.0,149.581,0.0,-22.442533493041992
141.16664147377014,0.0,149.546,0.0,-22.43779182434082
141.19975900650024,0.0,149.472,0.0,-22.42624282836914
141.23553729057312,0.0,149.381,0.0,-22.41941261291504
141.26721692085266,0.0,149.347,0.0,-22.412494659423828
141.30104446411133,0.0,149.363,0.0,-22.40188217163086
141.33328533172607,0.0,149.312,0.0,-22.39889907836914
141.36431121826172,0.0,149.31,0.0,-22.394798278808594
141.39995121955872,0.0,149.259,0.0,-22.387596130371094
141.433491230011,0.0,149.208,0.0,-22.3824520111084
141.4502730369568,0.0,149.203,0.0,-22.37851333618164
141.48312902450562,0.0,149.152,0.0,-22.37357521057129
141.51676630973816,0.0,149.116,0.0,-22.369037628173828
141.55200624465942,0.0,149.106,0.0,-22.36211585998535
141.5844841003418,0.0,149.083,0.0,-22.358980178833008
141.6095621585846,0.0,149.051,0.0,-22.355449676513672
141.65221071243286,0.0,148.951,0.0,-22.34591293334961
141.67692637443542,0.0,148.918,0.0,-22.341838836669922
141.71661758422852,0.0,148.912,0.0,-22.337535858154297
141.7345654964447,0.0,148.865,0.0,-22.334190368652344
141.769136428833,0.0,148.83,0.0,-22.32986068725586
141.8002314567566,0.0,148.764,0.0,-22.3203125
141.83592987060547,0.0,148.752,0.0,-22.315574645996094
141.86820459365845,0.0,148.729,0.0,-22.311641693115234
141.90034294128418,0.0,148.706,0.0,-22.304210662841797
141.93293619155884,0.0,148.636,0.0,-22.30148696899414
141.959543466568,0.0,148.598,0.0,-22.29679298400879
141.9849853515625,0.0,148.543,0.0,-22.291790008544922
142.01695084571838,0.0,148.478,0.0,-22.285837173461914
142.05218386650085,0.0,148.487,0.0,-22.273855209350586
142.08375811576843,0.0,148.382,0.0,-22.26746940612793
142.11452317237854,0.0,148.341,0.0,-22.261226654052734
142.1503643989563,0.0,148.26,0.0,-22.246923446655273
142.18312311172485,0.0,148.253,0.0,-22.240703582763672
142.21689248085022,0.0,148.215,0.0,-22.2358341217041
142.25095343589783,0.0,148.197,0.0,-22.226940155029297
142.28206276893616,0.0,148.164,0.0,-22.222618103027344
142.31818294525146,0.0,148.106,0.0,-22.217615127563477
142.3509418964386,0.0,148.069,0.0,-22.209047317504883
142.38480734825134,0.0,148.041,0.0,-22.20468521118164
142.4181649684906,0.0,148.0,0.0,-22.199851989746094
142.44026613235474,0.0,147.981,0.0,-22.19637680053711
142.46768140792847,0.0,147.941,0.0,-22.193147659301758
