Time(s),Setpoint (C),Temperature (C),TotalOutput (%),PIDOutput (%)
0.533421516418457,0.0,21.358,0.0,-3.4360430240631104
0.5596020221710205,0.0,21.371,0.0,-3.417224168777466
0.6046347618103027,0.0,21.387,0.0,-3.3833746910095215
0.6243431568145752,0.0,21.387,0.0,-3.3687918186187744
0.6532838344573975,0.0,21.386,0.0,-3.35591721534729
0.6849575042724609,0.0,21.374,0.0,-3.3428683280944824
0.7174100875854492,0.0,21.37,0.0,-3.318547248840332
0.7489075660705566,0.0,21.37,0.0,-3.3078460693359375
0.7815845012664795,0.0,21.37,0.0,-3.2980942726135254
0.8200111389160156,0.0,21.334,0.0,-3.2802655696868896
0.8661789894104004,0.0,21.382,0.0,-3.265261173248291
0.9008328914642334,0.0,21.4,0.0,-3.2602102756500244
0.9305224418640137,0.0,21.44,0.0,-3.2562713623046875
0.9537410736083984,0.0,21.421,0.0,-3.2541894912719727
0.9945695400238037,0.0,21.417,0.0,-3.2486701011657715
1.0175416469573975,0.0,21.417,0.0,-3.2455532550811768
1.053727149963379,0.0,21.378,0.0,-3.241809129714966
1.0867793560028076,0.0,21.359,0.0,-3.237670421600342
1.1043171882629395,0.0,21.345,0.0,-3.2332727909088135
1.143167495727539,0.0,21.344,0.0,-3.225217819213867
1.182565450668335,0.0,21.383,0.0,-3.223080635070801
1.2168219089508057,0.0,21.394,0.0,-3.2210769653320312
1.248091697692871,0.0,21.398,0.0,-3.2204747200012207
1.2806100845336914,0.0,21.4,0.0,-3.219573497772217
1.3185062408447266,0.0,21.399,0.0,-3.2184417247772217
1.3433427810668945,0.0,21.409,0.0,-3.2182557582855225
1.3836557865142822,0.0,21.425,0.0,-3.218151569366455
1.416046142578125,0.0,21.438,0.0,-3.2185819149017334
1.447650671005249,0.0,21.42,0.0,-3.2191214561462402
1.4799025058746338,0.0,21.379,0.0,-3.2186856269836426
1.512439250946045,0.0,21.353,0.0,-3.216536283493042
1.5534906387329102,0.0,21.359,0.0,-3.210944414138794
1.5855846405029297,0.0,21.377,0.0,-3.2095179557800293
1.617922067642212,0.0,21.412,0.0,-3.2102746963500977
1.6547901630401611,0.0,21.378,0.0,-3.21146297454834
1.6962480545043945,0.0,21.364,0.0,-3.209287643432617
1.7207705974578857,0.0,21.343,0.0,-3.2073776721954346
1.7530555725097656,0.0,21.335,0.0,-3.2046241760253906
1.7845690250396729,0.0,21.365,0.0,-3.2034120559692383
1.8167498111724854,0.0,21.383,0.0,-3.204745292663574
1.8480582237243652,0.0,21.437,0.0,-3.207793951034546
1.880497694015503,0.0,21.42,0.0,-3.209430456161499
1.9107987880706787,0.0,21.343,0.0,-3.209378242492676
1.942314863204956,0.0,21.356,0.0,-3.207326889038086
1.9739887714385986,0.0,21.354,0.0,-3.20632004737854
2.0172061920166016,0.0,21.384,0.0,-3.2056212425231934
2.0470659732818604,0.0,21.387,0.0,-3.206172227859497
2.0824828147888184,0.0,21.383,0.0,-3.20672345161438
2.107771158218384,0.0,21.399,0.0,-3.2069790363311768
2.138322591781616,0.0,21.408,0.0,-3.2078440189361572
2.1711204051971436,0.0,21.436,0.0,-3.2101850509643555
2.202599287033081,0.0,21.422,0.0,-3.2118492126464844
2.234292984008789,0.0,21.412,0.0,-3.2125306129455566
2.2680838108062744,0.0,21.387,0.0,-3.2116124629974365
2.296783685684204,0.0,21.373,0.0,-3.2102301120758057
2.3287954330444336,0.0,21.39,0.0,-3.2094855308532715
2.3598716259002686,0.0,21.371,0.0,-3.2092807292938232
2.3919265270233154,0.0,21.36,0.0,-3.2071120738983154
2.4244515895843506,0.0,21.335,0.0,-3.2051305770874023
2.455899238586426,0.0,21.388,0.0,-3.2037742137908936
2.4933457374572754,0.0,21.43,0.0,-3.2073655128479004
2.520582914352417,0.0,21.43,0.0,-3.209357500076294
2.5544800758361816,0.0,21.41,0.0,-3.2108945846557617
2.585400104522705,0.0,21.43,0.0,-3.211233615875244
2.6178035736083984,0.0,21.433,0.0,-3.2121849060058594
2.649486780166626,0.0,21.419,0.0,-3.2131550312042236
2.6812565326690674,0.0,21.384,0.0,-3.213301420211792
2.711724042892456,0.0,21.389,0.0,-3.211928367614746
2.7359883785247803,0.0,21.357,0.0,-3.2110629081726074
2.7706501483917236,0.0,21.354,0.0,-3.207350492477417
2.7951111793518066,0.0,21.368,0.0,-3.2066359519958496
2.8377256393432617,0.0,21.353,0.0,-3.2059247493743896
2.876446485519409,0.0,21.385,0.0,-3.20550799369812
2.908533811569214,0.0,21.373,0.0,-3.205595016479492
2.943997383117676,0.0,21.364,0.0,-3.205143928527832
2.9726827144622803,0.0,21.361,0.0,-3.204716444015503
3.0052947998046875,0.0,21.375,0.0,-3.2049851417541504
3.0361995697021484,0.0,21.398,0.0,-3.206170082092285
3.068852663040161,0.0,21.39,0.0,-3.2076008319854736
3.099848985671997,0.0,21.415,0.0,-3.20786714553833
3.13079571723938,0.0,21.411,0.0,-3.2091214656829834
3.1631577014923096,0.0,21.399,0.0,-3.2099192142486572
3.1956584453582764,0.0,21.417,0.0,-3.21085262298584
3.227463722229004,0.0,21.444,0.0,-3.2120285034179688
3.2598557472229004,0.0,21.458,0.0,-3.213512420654297
3.2917933464050293,0.0,21.454,0.0,-3.216369152069092
3.3398935794830322,0.0,21.426,0.0,-3.21667742729187
3.371872901916504,0.0,21.403,0.0,-3.214944839477539
3.4033026695251465,0.0,21.388,0.0,-3.2132785320281982
3.437258243560791,0.0,21.388,0.0,-3.2118513584136963
3.467700481414795,0.0,21.401,0.0,-3.2106521129608154
3.5034608840942383,0.0,21.415,0.0,-3.2110748291015625
3.536128282546997,0.0,21.411,0.0,-3.2112348079681396
3.5662853717803955,0.0,21.418,0.0,-3.2126708030700684
3.5981481075286865,0.0,21.437,0.0,-3.2127585411071777
3.6291921138763428,0.0,21.432,0.0,-3.213618516921997
3.6613566875457764,0.0,21.414,0.0,-3.214066505432129
3.693586587905884,0.0,21.432,0.0,-3.214071035385132
3.725496530532837,0.0,21.401,0.0,-3.2141804695129395
3.7580957412719727,0.0,21.399,0.0,-3.2131645679473877
3.7901535034179688,0.0,21.399,0.0,-3.2122888565063477
3.8214449882507324,0.0,21.41,0.0,-3.211547374725342
3.853632926940918,0.0,21.42,0.0,-3.2121737003326416
3.885157823562622,0.0,21.413,0.0,-3.212407112121582
3.918795108795166,0.0,21.383,0.0,-3.210944175720215
3.949038505554199,0.0,21.378,0.0,-3.209693193435669
3.9795384407043457,0.0,21.377,0.0,-3.2086904048919678
4.01215386390686,0.0,21.386,0.0,-3.2077157497406006
4.043715238571167,0.0,21.384,0.0,-3.2073769569396973
4.076829195022583,0.0,21.388,0.0,-3.207246780395508
4.108266592025757,0.0,21.394,0.0,-3.2073283195495605
4.143189907073975,0.0,21.388,0.0,-3.2074594497680664
4.180931329727173,0.0,21.388,0.0,-3.2075273990631104
4.204756736755371,0.0,21.408,0.0,-3.207589864730835
4.235888719558716,0.0,21.421,0.0,-3.208487033843994
4.26801872253418,0.0,21.418,0.0,-3.2105727195739746
4.301488161087036,0.0,21.402,0.0,-3.2107157707214355
4.3311944007873535,0.0,21.383,0.0,-3.2106544971466064
4.363415241241455,0.0,21.382,0.0,-3.2098052501678467
4.3969035148620605,0.0,21.386,0.0,-3.2087321281433105
4.42863392829895,0.0,21.374,0.0,-3.207733631134033
4.460349082946777,0.0,21.377,0.0,-3.207176685333252
4.492368936538696,0.0,21.35,0.0,-3.205526113510132
4.525133848190308,0.0,21.369,0.0,-3.2052886486053467
4.556487798690796,0.0,21.391,0.0,-3.206042766571045
4.587780714035034,0.0,21.414,0.0,-3.207184076309204
4.619485378265381,0.0,21.406,0.0,-3.2091732025146484
4.669140815734863,0.0,21.41,0.0,-3.2091305255889893
4.69975471496582,0.0,21.404,0.0,-3.2098262310028076
4.731791019439697,0.0,21.384,0.0,-3.210108757019043
4.764445066452026,0.0,21.406,0.0,-3.209482192993164
4.7955121994018555,0.0,21.437,0.0,-3.211552143096924
4.827364921569824,0.0,21.463,0.0,-3.2128512859344482
4.855379104614258,0.0,21.432,0.0,-3.2148935794830322
4.892761468887329,0.0,21.418,0.0,-3.214745044708252
4.9256768226623535,0.0,21.415,0.0,-3.2142844200134277
4.956548452377319,0.0,21.426,0.0,-3.214416027069092
4.989532232284546,0.0,21.433,0.0,-3.2144618034362793
5.021210432052612,0.0,21.451,0.0,-3.215764045715332
5.053475379943848,0.0,21.441,0.0,-3.216092109680176
5.086152076721191,0.0,21.448,0.0,-3.216749429702759
5.11652684211731,0.0,21.421,0.0,-3.2171146869659424
5.148050546646118,0.0,21.407,0.0,-3.21555757522583
5.18055534362793,0.0,21.393,0.0,-3.214426279067993
5.211961984634399,0.0,21.388,0.0,-3.212956428527832
5.245917081832886,0.0,21.399,0.0,-3.2104008197784424
5.277572154998779,0.0,21.406,0.0,-3.2101056575775146
5.308822870254517,0.0,21.438,0.0,-3.210181951522827
5.340726137161255,0.0,21.434,0.0,-3.211595296859741
5.373626708984375,0.0,21.421,0.0,-3.2132911682128906
5.4056127071380615,0.0,21.404,0.0,-3.2132925987243652
5.4375340938568115,0.0,21.417,0.0,-3.2125768661499023
5.470199823379517,0.0,21.417,0.0,-3.2125613689422607
5.502110481262207,0.0,21.411,0.0,-3.2123043537139893
5.533621788024902,0.0,21.421,0.0,-3.2119381427764893
5.571559190750122,0.0,21.399,0.0,-3.211559295654297
5.636642217636108,0.0,21.405,0.0,-3.211815357208252
5.658779144287109,0.0,21.405,0.0,-3.2114880084991455
5.696542263031006,0.0,21.421,0.0,-3.2125353813171387
5.723609447479248,0.0,21.422,0.0,-3.212721347808838
5.754639148712158,0.0,21.402,0.0,-3.2129058837890625
5.787773132324219,0.0,21.389,0.0,-3.2122063636779785
5.818792104721069,0.0,21.378,0.0,-3.2098183631896973
5.850902080535889,0.0,21.372,0.0,-3.2082738876342773
5.883018255233765,0.0,21.385,0.0,-3.207385301589966
5.914916515350342,0.0,21.398,0.0,-3.2072598934173584
5.947493076324463,0.0,21.402,0.0,-3.208268165588379
5.9794628620147705,0.0,21.413,0.0,-3.2091612815856934
6.0113160610198975,0.0,21.414,0.0,-3.2097764015197754
6.042837381362915,0.0,21.429,0.0,-3.2103826999664307
6.075745105743408,0.0,21.417,0.0,-3.2123334407806396
6.107231616973877,0.0,21.398,0.0,-3.21248197555542
6.139667510986328,0.0,21.402,0.0,-3.211792230606079
6.172048091888428,0.0,21.447,0.0,-3.210712432861328
6.202414274215698,0.0,21.466,0.0,-3.2124736309051514
6.235134124755859,0.0,21.432,0.0,-3.2146308422088623
6.26750111579895,0.0,21.438,0.0,-3.2148618698120117
6.300008296966553,0.0,21.433,0.0,-3.2153780460357666
6.337074279785156,0.0,21.422,0.0,-3.2148947715759277
6.354063034057617,0.0,21.422,0.0,-3.214592933654785
6.402953624725342,0.0,21.404,0.0,-3.2131059169769287
6.434381008148193,0.0,21.398,0.0,-3.2121806144714355
6.470092535018921,0.0,21.422,0.0,-3.2129263877868652
6.498936176300049,0.0,21.394,0.0,-3.2118730545043945
6.530808925628662,0.0,21.37,0.0,-3.211059331893921
6.562694311141968,0.0,21.396,0.0,-3.209426164627075
6.595129489898682,0.0,21.416,0.0,-3.208099842071533
6.627390146255493,0.0,21.438,0.0,-3.209102153778076
6.6588356494903564,0.0,21.425,0.0,-3.2108137607574463
6.695974349975586,0.0,21.422,0.0,-3.2120797634124756
6.721827507019043,0.0,21.41,0.0,-3.211946964263916
6.754318475723267,0.0,21.403,0.0,-3.2114226818084717
6.787891149520874,0.0,21.434,0.0,-3.2111427783966064
6.818923711776733,0.0,21.444,0.0,-3.213489055633545
6.852193117141724,0.0,21.464,0.0,-3.2152981758117676
6.883443832397461,0.0,21.452,0.0,-3.216855049133301
6.915265083312988,0.0,21.447,0.0,-3.2173709869384766
6.947283506393433,0.0,21.427,0.0,-3.216813802719116
6.979255437850952,0.0,21.439,0.0,-3.2167389392852783
7.004813194274902,0.0,21.427,0.0,-3.216163158416748
7.035179615020752,0.0,21.396,0.0,-3.2144060134887695
7.0599753856658936,0.0,21.376,0.0,-3.213040828704834
7.096424102783203,0.0,21.395,0.0,-3.2104830741882324
7.126195669174194,0.0,21.419,0.0,-3.2109060287475586
7.156025409698486,0.0,21.427,0.0,-3.211327314376831
7.1879777908325195,0.0,21.431,0.0,-3.2119970321655273
7.220282554626465,0.0,21.433,0.0,-3.2133095264434814
7.251471757888794,0.0,21.43,0.0,-3.2136635780334473
7.2858827114105225,0.0,21.433,0.0,-3.2133891582489014
7.316567659378052,0.0,21.426,0.0,-3.2138466835021973
7.349055051803589,0.0,21.422,0.0,-3.213777542114258
7.381110191345215,0.0,21.435,0.0,-3.2142226696014404
7.412821531295776,0.0,21.414,0.0,-3.213681936264038
7.445054769515991,0.0,21.433,0.0,-3.213564395904541
7.477312088012695,0.0,21.438,0.0,-3.2139668464660645
7.510377883911133,0.0,21.436,0.0,-3.2144861221313477
7.541402816772461,0.0,21.44,0.0,-3.2148003578186035
7.573238372802734,0.0,21.419,0.0,-3.215052843093872
7.620331764221191,0.0,21.414,0.0,-3.2138726711273193
7.65189790725708,0.0,21.406,0.0,-3.213085651397705
7.684086561203003,0.0,21.411,0.0,-3.2124366760253906
7.722057104110718,0.0,21.381,0.0,-3.2106714248657227
7.75334095954895,0.0,21.394,0.0,-3.210083246231079
7.78456974029541,0.0,21.398,0.0,-3.209429979324341
7.822399854660034,0.0,21.411,0.0,-3.2097878456115723
7.849568128585815,0.0,21.403,0.0,-3.2098288536071777
7.881121397018433,0.0,21.431,0.0,-3.2110466957092285
7.91441535949707,0.0,21.436,0.0,-3.2116596698760986
7.946141958236694,0.0,21.408,0.0,-3.2134737968444824
8.005717277526855,0.0,21.43,0.0,-3.212798595428467
8.037665605545044,0.0,21.444,0.0,-3.213301420211792
8.071657419204712,0.0,21.423,0.0,-3.2150232791900635
8.102243900299072,0.0,21.436,0.0,-3.2147111892700195
8.134212970733643,0.0,21.424,0.0,-3.2150073051452637
8.165746927261353,0.0,21.457,0.0,-3.214724540710449
8.198368549346924,0.0,21.452,0.0,-3.216562509536743
8.22996711730957,0.0,21.425,0.0,-3.2163617610931396
8.263013124465942,0.0,21.386,0.0,-3.2157750129699707
8.297476053237915,0.0,21.399,0.0,-3.2125918865203857
8.326082229614258,0.0,21.389,0.0,-3.2113380432128906
8.358201026916504,0.0,21.395,0.0,-3.210879325866699
8.390151739120483,0.0,21.387,0.0,-3.210282564163208
8.422364234924316,0.0,21.396,0.0,-3.2092792987823486
8.455621480941772,0.0,21.394,0.0,-3.2090415954589844
8.482439994812012,0.0,21.403,0.0,-3.209249496459961
8.521478176116943,0.0,21.437,0.0,-3.211385726928711
8.55427360534668,0.0,21.46,0.0,-3.2125191688537598
8.587388277053833,0.0,21.457,0.0,-3.2143616676330566
8.619200706481934,0.0,21.441,0.0,-3.2156550884246826
8.650035381317139,0.0,21.427,0.0,-3.2157840728759766
8.682307958602905,0.0,21.431,0.0,-3.2154581546783447
8.71527099609375,0.0,21.427,0.0,-3.2153632640838623
8.746551513671875,0.0,21.419,0.0,-3.2145750522613525
8.779621839523315,0.0,21.439,0.0,-3.2142374515533447
8.810692310333252,0.0,21.436,0.0,-3.214728593826294
8.842402696609497,0.0,21.465,0.0,-3.2149786949157715
8.875503540039062,0.0,21.475,0.0,-3.2178854942321777
8.907575607299805,0.0,21.462,0.0,-3.2184865474700928
8.939804077148438,0.0,21.428,0.0,-3.2187678813934326
8.972384452819824,0.0,21.428,0.0,-3.21687650680542
9.003066062927246,0.0,21.428,0.0,-3.21622371673584
9.035480260848999,0.0,21.432,0.0,-3.215881109237671
9.067113399505615,0.0,21.458,0.0,-3.2156128883361816
9.099127769470215,0.0,21.454,0.0,-3.2172584533691406
9.131072521209717,0.0,21.46,0.0,-3.2175910472869873
9.155301570892334,0.0,21.446,0.0,-3.218092441558838
9.182893753051758,0.0,21.433,0.0,-3.217883825302124
9.224410772323608,0.0,21.425,0.0,-3.2162721157073975
9.255297183990479,0.0,21.451,0.0,-3.216038703918457
9.287466764450073,0.0,21.457,0.0,-3.2164878845214844
9.319519519805908,0.0,21.473,0.0,-3.2170865535736084
9.350684404373169,0.0,21.451,0.0,-3.2181646823883057
9.383899450302124,0.0,21.436,0.0,-3.2174856662750244
9.414240598678589,0.0,21.412,0.0,-3.216367244720459
9.447317361831665,0.0,21.404,0.0,-3.213752269744873
9.479400634765625,0.0,21.407,0.0,-3.2127327919006348
9.52785849571228,0.0,21.397,0.0,-3.2123913764953613
9.559834241867065,0.0,21.38,0.0,-3.211426258087158
9.592620134353638,0.0,21.37,0.0,-3.209980010986328
9.623836278915405,0.0,21.415,0.0,-3.208271026611328
9.655595541000366,0.0,21.415,0.0,-3.2090728282928467
9.687698602676392,0.0,21.44,0.0,-3.209713935852051
9.72020697593689,0.0,21.449,0.0,-3.211275815963745
9.752094507217407,0.0,21.462,0.0,-3.214658498764038
9.784397840499878,0.0,21.471,0.0,-3.2167928218841553
9.817970991134644,0.0,21.451,0.0,-3.2180557250976562
9.849735975265503,0.0,21.429,0.0,-3.217329740524292
9.873807191848755,0.0,21.427,0.0,-3.216576099395752
9.903722763061523,0.0,21.412,0.0,-3.21535325050354
9.944336414337158,0.0,21.407,0.0,-3.214359760284424
9.976266384124756,0.0,21.418,0.0,-3.2131617069244385
10.008329629898071,0.0,21.398,0.0,-3.212125301361084
10.040251731872559,0.0,21.432,0.0,-3.2120022773742676
10.07436227798462,0.0,21.43,0.0,-3.2131118774414062
10.104929208755493,0.0,21.463,0.0,-3.213456869125366
10.137765645980835,0.0,21.458,0.0,-3.21511173248291
10.169451713562012,0.0,21.417,0.0,-3.2161800861358643
10.200809001922607,0.0,21.401,0.0,-3.214280605316162
10.232909202575684,0.0,21.402,0.0,-3.2131285667419434
10.265286207199097,0.0,21.414,0.0,-3.2122814655303955
10.300319194793701,0.0,21.402,0.0,-3.2115261554718018
10.326953411102295,0.0,21.416,0.0,-3.211650848388672
10.360271692276001,0.0,21.44,0.0,-3.2117135524749756
10.390738487243652,0.0,21.443,0.0,-3.2128195762634277
10.422286987304688,0.0,21.46,0.0,-3.2152822017669678
10.454443216323853,0.0,21.474,0.0,-3.217007637023926
10.486579418182373,0.0,21.467,0.0,-3.2180380821228027
10.517730951309204,0.0,21.471,0.0,-3.2197859287261963
10.550089120864868,0.0,21.466,0.0,-3.2213282585144043
10.57441520690918,0.0,21.448,0.0,-3.2212555408477783
10.61314058303833,0.0,21.443,0.0,-3.2204201221466064
10.647816896438599,0.0,21.455,0.0,-3.219019889831543
10.703388214111328,0.0,21.468,0.0,-3.219202756881714
10.735316276550293,0.0,21.434,0.0,-3.2196075916290283
10.76806092262268,0.0,21.424,0.0,-3.2184834480285645
10.800703763961792,0.0,21.415,0.0,-3.2158029079437256
10.831836938858032,0.0,21.423,0.0,-3.213685989379883
10.864038944244385,0.0,21.434,0.0,-3.2134439945220947
10.896250486373901,0.0,21.438,0.0,-3.2137320041656494
10.928438186645508,0.0,21.442,0.0,-3.2146239280700684
10.959065198898315,0.0,21.42,0.0,-3.214085578918457
10.991471529006958,0.0,21.391,0.0,-3.2134244441986084
11.023941040039062,0.0,21.391,0.0,-3.2108325958251953
11.0552237033844,0.0,21.39,0.0,-3.2099382877349854
11.087291955947876,0.0,21.389,0.0,-3.209223747253418
11.119012355804443,0.0,21.445,0.0,-3.2086915969848633
11.151280403137207,0.0,21.46,0.0,-3.212313413619995
11.18347954750061,0.0,21.452,0.0,-3.2141101360321045
11.216238975524902,0.0,21.428,0.0,-3.215165615081787
11.250636100769043,0.0,21.419,0.0,-3.2144365310668945
11.279717206954956,0.0,21.407,0.0,-3.2135162353515625
11.32023024559021,0.0,21.438,0.0,-3.2130563259124756
11.345540285110474,0.0,21.443,0.0,-3.2137529850006104
11.377100467681885,0.0,21.416,0.0,-3.2139487266540527
11.409411430358887,0.0,21.41,0.0,-3.213266611099243
11.440880298614502,0.0,21.401,0.0,-3.2121942043304443
11.474185228347778,0.0,21.423,0.0,-3.2119598388671875
11.504015445709229,0.0,21.405,0.0,-3.2115390300750732
11.536718606948853,0.0,21.409,0.0,-3.2112202644348145
11.570250272750854,0.0,21.427,0.0,-3.2111494541168213
11.600947856903076,0.0,21.449,0.0,-3.2134628295898438
11.632229804992676,0.0,21.449,0.0,-3.214578628540039
11.664448261260986,0.0,21.413,0.0,-3.215437412261963
11.70047116279602,0.0,21.415,0.0,-3.213998317718506
11.728248357772827,0.0,21.429,0.0,-3.2135846614837646
11.76007080078125,0.0,21.443,0.0,-3.213809013366699
11.793068170547485,0.0,21.421,0.0,-3.214569568634033
11.824163436889648,0.0,21.449,0.0,-3.215141534805298
11.85696291923523,0.0,21.499,0.0,-3.216891288757324
11.905272483825684,0.0,21.508,0.0,-3.2214977741241455
11.936914682388306,0.0,21.475,0.0,-3.2220094203948975
11.96901559829712,0.0,21.459,0.0,-3.222167730331421
12.00035572052002,0.0,21.468,0.0,-3.221499443054199
12.032191753387451,0.0,21.473,0.0,-3.2216174602508545
12.070305585861206,0.0,21.452,0.0,-3.2203032970428467
12.102907419204712,0.0,21.473,0.0,-3.2202370166778564
12.12837815284729,0.0,21.477,0.0,-3.220752239227295
12.159039735794067,0.0,21.512,0.0,-3.222608804702759
12.191245555877686,0.0,21.485,0.0,-3.224029541015625
12.224258422851562,0.0,21.481,0.0,-3.2237420082092285
12.253604173660278,0.0,21.508,0.0,-3.2235429286956787
12.286226511001587,0.0,21.502,0.0,-3.2245054244995117
12.318259000778198,0.0,21.493,0.0,-3.224980354309082
12.35132098197937,0.0,21.464,0.0,-3.223691463470459
12.382078170776367,0.0,21.472,0.0,-3.2224509716033936
12.414555072784424,0.0,21.475,0.0,-3.2220704555511475
12.45007848739624,0.0,21.502,0.0,-3.222893714904785
12.478266716003418,0.0,21.505,0.0,-3.223784923553467
12.510292530059814,0.0,21.523,0.0,-3.225221872329712
12.542038679122925,0.0,21.494,0.0,-3.2264890670776367
12.57542610168457,0.0,21.494,0.0,-3.2257235050201416
12.60677456855774,0.0,21.476,0.0,-3.2246880531311035
12.639501571655273,0.0,21.474,0.0,-3.223792791366577
12.675235033035278,0.0,21.516,0.0,-3.2243151664733887
12.703004360198975,0.0,21.497,0.0,-3.2252559661865234
12.737752199172974,0.0,21.467,0.0,-3.2251782417297363
12.771010637283325,0.0,21.461,0.0,-3.2238500118255615
12.79652738571167,0.0,21.454,0.0,-3.2225656509399414
12.82709002494812,0.0,21.468,0.0,-3.2208759784698486
12.859809160232544,0.0,21.476,0.0,-3.220824718475342
12.891558647155762,0.0,21.464,0.0,-3.2208774089813232
12.924746751785278,0.0,21.449,0.0,-3.219447135925293
12.955503463745117,0.0,21.438,0.0,-3.2182416915893555
12.988371849060059,0.0,21.442,0.0,-3.2171969413757324
13.020607471466064,0.0,21.427,0.0,-3.2166998386383057
13.050920248031616,0.0,21.439,0.0,-3.2154579162597656
13.08369755744934,0.0,21.422,0.0,-3.2145748138427734
13.115253925323486,0.0,21.415,0.0,-3.2136192321777344
13.149564266204834,0.0,21.439,0.0,-3.2139997482299805
13.17880916595459,0.0,21.464,0.0,-3.2142510414123535
13.211564302444458,0.0,21.464,0.0,-3.2155137062072754
13.244255542755127,0.0,21.461,0.0,-3.2165045738220215
13.276803493499756,0.0,21.429,0.0,-3.215939521789551
13.308126211166382,0.0,21.418,0.0,-3.2153842449188232
13.33906102180481,0.0,21.424,0.0,-3.2145016193389893
13.37605881690979,0.0,21.42,0.0,-3.2136027812957764
13.4030282497406,0.0,21.406,0.0,-3.2126574516296387
13.436706304550171,0.0,21.468,0.0,-3.212949752807617
13.480547904968262,0.0,21.507,0.0,-3.21785569190979
13.51276683807373,0.0,21.507,0.0,-3.220229148864746
13.54480242729187,0.0,21.437,0.0,-3.2208786010742188
13.576229810714722,0.0,21.435,0.0,-3.218517541885376
13.608642578125,0.0,21.437,0.0,-3.2176713943481445
13.64078426361084,0.0,21.432,0.0,-3.2170979976654053
13.671187400817871,0.0,21.435,0.0,-3.2164440155029297
13.703638553619385,0.0,21.437,0.0,-3.2162399291992188
13.735495328903198,0.0,21.447,0.0,-3.2160003185272217
13.768785238265991,0.0,21.456,0.0,-3.2162389755249023
13.801585674285889,0.0,21.462,0.0,-3.217496156692505
13.832652807235718,0.0,21.474,0.0,-3.218533992767334
13.863661050796509,0.0,21.475,0.0,-3.2196264266967773
13.896213054656982,0.0,21.475,0.0,-3.2202115058898926
13.928227186203003,0.0,21.487,0.0,-3.221487522125244
13.959338426589966,0.0,21.491,0.0,-3.22228741645813
13.993145942687988,0.0,21.473,0.0,-3.222764492034912
14.02663278579712,0.0,21.465,0.0,-3.2219200134277344
14.055482387542725,0.0,21.452,0.0,-3.2209229469299316
14.088043451309204,0.0,21.452,0.0,-3.2201426029205322
14.119911193847656,0.0,21.462,0.0,-3.219533920288086
14.15230655670166,0.0,21.465,0.0,-3.219691038131714
14.194594860076904,0.0,21.452,0.0,-3.219726800918579
14.22763204574585,0.0,21.456,0.0,-3.218972682952881
14.258371591567993,0.0,21.463,0.0,-3.2190864086151123
14.290719747543335,0.0,21.453,0.0,-3.2191755771636963
14.323182344436646,0.0,21.448,0.0,-3.218825340270996
14.354743003845215,0.0,21.45,0.0,-3.2180614471435547
14.401991844177246,0.0,21.438,0.0,-3.2170822620391846
14.434025764465332,0.0,21.42,0.0,-3.2158398628234863
14.466167211532593,0.0,21.412,0.0,-3.214552402496338
14.50208067893982,0.0,21.452,0.0,-3.214508295059204
14.531259298324585,0.0,21.476,0.0,-3.2165088653564453
14.562949419021606,0.0,21.481,0.0,-3.217813014984131
14.594566583633423,0.0,21.48,0.0,-3.21903395652771
14.625988960266113,0.0,21.48,0.0,-3.2206220626831055
14.658509016036987,0.0,21.481,0.0,-3.221397638320923
14.690589427947998,0.0,21.477,0.0,-3.221776008605957
14.727829694747925,0.0,21.489,0.0,-3.222465991973877
14.755797863006592,0.0,21.506,0.0,-3.223613739013672
14.786945581436157,0.0,21.513,0.0,-3.2247796058654785
14.818415641784668,0.0,21.538,0.0,-3.226250410079956
14.85133695602417,0.0,21.512,0.0,-3.227928400039673
14.884576320648193,0.0,21.498,0.0,-3.227390766143799
14.914650917053223,0.0,21.513,0.0,-3.22694993019104
14.939214706420898,0.0,21.511,0.0,-3.227217197418213
14.976344585418701,0.0,21.506,0.0,-3.2271711826324463
15.003356695175171,0.0,21.488,0.0,-3.2267866134643555
15.035878419876099,0.0,21.505,0.0,-3.2259697914123535
15.068573236465454,0.0,21.491,0.0,-3.2260403633117676
15.100289583206177,0.0,21.474,0.0,-3.224355697631836
15.13276481628418,0.0,21.492,0.0,-3.2240986824035645
15.164624452590942,0.0,21.492,0.0,-3.224024534225464
15.20186972618103,0.0,21.489,0.0,-3.2237956523895264
15.229605436325073,0.0,21.484,0.0,-3.2234535217285156
15.261103391647339,0.0,21.49,0.0,-3.2234420776367188
15.29355525970459,0.0,21.53,0.0,-3.2242331504821777
15.325401544570923,0.0,21.519,0.0,-3.2264156341552734
15.35713005065918,0.0,21.503,0.0,-3.2262685298919678
15.389292478561401,0.0,21.49,0.0,-3.225600242614746
15.421107530593872,0.0,21.504,0.0,-3.22562313079834
15.453521490097046,0.0,21.505,0.0,-3.2256836891174316
15.485484838485718,0.0,21.518,0.0,-3.2257583141326904
15.518590927124023,0.0,21.5,0.0,-3.226357936859131
15.549970626831055,0.0,21.481,0.0,-3.225027084350586
15.581241369247437,0.0,21.423,0.0,-3.2234694957733154
15.615300416946411,0.0,21.446,0.0,-3.220587730407715
15.655489683151245,0.0,21.476,0.0,-3.2196457386016846
15.68631649017334,0.0,21.518,0.0,-3.2206602096557617
15.719207763671875,0.0,21.509,0.0,-3.2224671840667725
15.751517534255981,0.0,21.485,0.0,-3.2232842445373535
15.783244371414185,0.0,21.454,0.0,-3.2218196392059326
15.815901041030884,0.0,21.454,0.0,-3.220690965652466
15.847625017166138,0.0,21.441,0.0,-3.219952344894409
15.879509687423706,0.0,21.467,0.0,-3.2183003425598145
15.911089181900024,0.0,21.477,0.0,-3.2185630798339844
15.943265199661255,0.0,21.486,0.0,-3.2192018032073975
15.974982976913452,0.0,21.51,0.0,-3.2200865745544434
16.007142782211304,0.0,21.486,0.0,-3.2219736576080322
16.0384578704834,0.0,21.502,0.0,-3.222242832183838
16.07139229774475,0.0,21.505,0.0,-3.2231216430664062
16.103649616241455,0.0,21.531,0.0,-3.225630044937134
16.134156942367554,0.0,21.516,0.0,-3.226309061050415
16.166464805603027,0.0,21.475,0.0,-3.2253499031066895
16.197193145751953,0.0,21.465,0.0,-3.2243435382843018
16.213968992233276,0.0,21.465,0.0,-3.2231369018554688
16.246596336364746,0.0,21.497,0.0,-3.222536325454712
16.287659883499146,0.0,21.495,0.0,-3.223417282104492
16.315207958221436,0.0,21.489,0.0,-3.2234246730804443
16.343418836593628,0.0,21.489,0.0,-3.22342848777771
16.37833309173584,0.0,21.496,0.0,-3.223206043243408
16.407630443572998,0.0,21.497,0.0,-3.2235493659973145
16.439859628677368,0.0,21.523,0.0,-3.223855495452881
16.47236180305481,0.0,21.508,0.0,-3.225181818008423
16.50514507293701,0.0,21.534,0.0,-3.225698232650757
16.53656816482544,0.0,21.495,0.0,-3.2270467281341553
16.568395853042603,0.0,21.494,0.0,-3.2264411449432373
16.60271644592285,0.0,21.506,0.0,-3.2260115146636963
16.63268518447876,0.0,21.505,0.0,-3.2260334491729736
16.666386365890503,0.0,21.506,0.0,-3.2262115478515625
16.696603775024414,0.0,21.49,0.0,-3.2262167930603027
16.73101305961609,0.0,21.463,0.0,-3.223881721496582
16.759998083114624,0.0,21.45,0.0,-3.2220516204833984
16.79255747795105,0.0,21.474,0.0,-3.2216506004333496
16.829047203063965,0.0,21.478,0.0,-3.2212984561920166
16.855281591415405,0.0,21.503,0.0,-3.22126841545105
16.887375831604004,0.0,21.507,0.0,-3.2223052978515625
16.918878078460693,0.0,21.522,0.0,-3.223282814025879
16.954662084579468,0.0,21.53,0.0,-3.2260804176330566
16.984111309051514,0.0,21.518,0.0,-3.2273731231689453
17.02066206932068,0.0,21.516,0.0,-3.227647304534912
17.048268795013428,0.0,21.507,0.0,-3.227761745452881
17.086490154266357,0.0,21.505,0.0,-3.2270867824554443
17.119648456573486,0.0,21.499,0.0,-3.2268311977386475
17.152802228927612,0.0,21.495,0.0,-3.2258458137512207
17.18444514274597,0.0,21.524,0.0,-3.226651906967163
17.216519117355347,0.0,21.546,0.0,-3.227607011795044
17.24738049507141,0.0,21.549,0.0,-3.228926420211792
17.28093457221985,0.0,21.537,0.0,-3.230421304702759
17.312142372131348,0.0,21.526,0.0,-3.2302207946777344
17.3446102142334,0.0,21.502,0.0,-3.2290420532226562
17.377231121063232,0.0,21.482,0.0,-3.2273550033569336
17.40973663330078,0.0,21.485,0.0,-3.225963592529297
17.441498517990112,0.0,21.483,0.0,-3.2250144481658936
17.473530054092407,0.0,21.487,0.0,-3.2242016792297363
17.506166458129883,0.0,21.519,0.0,-3.223829984664917
17.53805899620056,0.0,21.506,0.0,-3.2248263359069824
17.570172548294067,0.0,21.499,0.0,-3.2250583171844482
17.602959156036377,0.0,21.491,0.0,-3.2245309352874756
17.633896350860596,0.0,21.48,0.0,-3.2237510681152344
17.665802240371704,0.0,21.52,0.0,-3.223994493484497
17.70498752593994,0.0,21.52,0.0,-3.225834369659424
17.744656801223755,0.0,21.489,0.0,-3.2254490852355957
17.769752979278564,0.0,21.487,0.0,-3.2248568534851074
17.79394841194153,0.0,21.487,0.0,-3.224316120147705
17.825631141662598,0.0,21.504,0.0,-3.2234816551208496
17.857848644256592,0.0,21.502,0.0,-3.224364757537842
17.889178037643433,0.0,21.51,0.0,-3.2245852947235107
17.922121286392212,0.0,21.507,0.0,-3.2250943183898926
17.954283475875854,0.0,21.504,0.0,-3.2254443168640137
17.985677242279053,0.0,21.489,0.0,-3.225379705429077
18.01803469657898,0.0,21.491,0.0,-3.224824905395508
18.0500590801239,0.0,21.485,0.0,-3.2244796752929688
18.082350492477417,0.0,21.478,0.0,-3.2232723236083984
18.114574909210205,0.0,21.521,0.0,-3.224297523498535
18.147501468658447,0.0,21.506,0.0,-3.225346565246582
18.17967391014099,0.0,21.512,0.0,-3.2259180545806885
18.20972180366516,0.0,21.481,0.0,-3.224914789199829
18.241275310516357,0.0,21.478,0.0,-3.224473237991333
18.273128986358643,0.0,21.481,0.0,-3.223670721054077
18.30609369277954,0.0,21.519,0.0,-3.2244009971618652
18.337703943252563,0.0,21.507,0.0,-3.2248458862304688
18.37145757675171,0.0,21.522,0.0,-3.2258200645446777
18.40535283088684,0.0,21.48,0.0,-3.2248642444610596
18.43830156326294,0.0,21.476,0.0,-3.223893642425537
18.47131323814392,0.0,21.494,0.0,-3.223145008087158
18.501617908477783,0.0,21.54,0.0,-3.223327159881592
18.53432583808899,0.0,21.572,0.0,-3.226592540740967
18.557957410812378,0.0,21.525,0.0,-3.2292723655700684
18.59298610687256,0.0,21.536,0.0,-3.229358434677124
18.625288724899292,0.0,21.518,0.0,-3.229870319366455
18.655420303344727,0.0,21.522,0.0,-3.2293546199798584
18.688777923583984,0.0,21.512,0.0,-3.229065418243408
18.71408748626709,0.0,21.511,0.0,-3.2285778522491455
18.75357723236084,0.0,21.53,0.0,-3.2286086082458496
18.785961151123047,0.0,21.52,0.0,-3.2285373210906982
18.83119010925293,0.0,21.511,0.0,-3.227168321609497
18.859968662261963,0.0,21.498,0.0,-3.226487398147583
18.893665313720703,0.0,21.544,0.0,-3.2265491485595703
18.918543815612793,0.0,21.544,0.0,-3.227942943572998
18.949560165405273,0.0,21.51,0.0,-3.228137493133545
18.98176336288452,0.0,21.497,0.0,-3.226879358291626
19.01472496986389,0.0,21.49,0.0,-3.2259209156036377
19.056560516357422,0.0,21.53,0.0,-3.224700927734375
19.086211681365967,0.0,21.551,0.0,-3.2259316444396973
19.111265659332275,0.0,21.539,0.0,-3.227771282196045
19.152178287506104,0.0,21.542,0.0,-3.228689432144165
19.18270492553711,0.0,21.526,0.0,-3.229187488555908
19.214380741119385,0.0,21.544,0.0,-3.229215145111084
19.25422430038452,0.0,21.564,0.0,-3.2314114570617676
19.28545093536377,0.0,21.54,0.0,-3.231494426727295
19.317520141601562,0.0,21.508,0.0,-3.2315022945404053
19.349731922149658,0.0,21.504,0.0,-3.2301931381225586
19.3875093460083,0.0,21.535,0.0,-3.229379415512085
19.419747352600098,0.0,21.56,0.0,-3.228827953338623
19.45171546936035,0.0,21.549,0.0,-3.2302889823913574
19.482887029647827,0.0,21.546,0.0,-3.231333017349243
19.515442848205566,0.0,21.554,0.0,-3.2319540977478027
19.54585361480713,0.0,21.515,0.0,-3.2307863235473633
19.586899757385254,0.0,21.479,0.0,-3.2292916774749756
19.618600606918335,0.0,21.484,0.0,-3.2272021770477295
19.65049457550049,0.0,21.505,0.0,-3.2258007526397705
19.670621633529663,0.0,21.536,0.0,-3.225609302520752
19.718483924865723,0.0,21.53,0.0,-3.2275636196136475
19.756402254104614,0.0,21.506,0.0,-3.2274246215820312
19.78708553314209,0.0,21.521,0.0,-3.227572441101074
19.816900968551636,0.0,21.504,0.0,-3.2269763946533203
19.848428964614868,0.0,21.492,0.0,-3.2265195846557617
19.877475023269653,0.0,21.482,0.0,-3.225668430328369
19.90844440460205,0.0,21.507,0.0,-3.2246243953704834
19.946539640426636,0.0,21.467,0.0,-3.2248599529266357
19.971084117889404,0.0,21.494,0.0,-3.2233736515045166
20.007102251052856,0.0,21.479,0.0,-3.2227530479431152
20.035093784332275,0.0,21.526,0.0,-3.223802328109741
20.067049741744995,0.0,21.523,0.0,-3.2250888347625732
20.099510669708252,0.0,21.537,0.0,-3.2259654998779297
20.13195490837097,0.0,21.534,0.0,-3.22808837890625
20.16345763206482,0.0,21.519,0.0,-3.2281134128570557
20.195058822631836,0.0,21.511,0.0,-3.227832078933716
20.220627546310425,0.0,21.488,0.0,-3.227566719055176
20.2562313079834,0.0,21.502,0.0,-3.226069688796997
20.285109519958496,0.0,21.491,0.0,-3.225360631942749
20.316800594329834,0.0,21.487,0.0,-3.2246479988098145
20.34794569015503,0.0,21.506,0.0,-3.224900722503662
20.380150318145752,0.0,21.48,0.0,-3.224046468734741
20.41220259666443,0.0,21.47,0.0,-3.2233619689941406
20.444640636444092,0.0,21.452,0.0,-3.222421646118164
20.482574701309204,0.0,21.452,0.0,-3.2198283672332764
20.508744478225708,0.0,21.489,0.0,-3.2202816009521484
20.540306329727173,0.0,21.518,0.0,-3.2209033966064453
20.558528423309326,0.0,21.511,0.0,-3.2226181030273438
20.590665817260742,0.0,21.52,0.0,-3.2236599922180176
20.62275457382202,0.0,21.531,0.0,-3.2248480319976807
20.662349939346313,0.0,21.523,0.0,-3.2274169921875
20.682786464691162,0.0,21.523,0.0,-3.2278645038604736
20.73190927505493,0.0,21.528,0.0,-3.2286863327026367
20.75634264945984,0.0,21.525,0.0,-3.228891611099243
20.782949209213257,0.0,21.545,0.0,-3.2298765182495117
20.81417489051819,0.0,21.541,0.0,-3.230454921722412
20.84532141685486,0.0,21.515,0.0,-3.2304656505584717
20.870994329452515,0.0,21.498,0.0,-3.2297849655151367
20.902497053146362,0.0,21.497,0.0,-3.2285304069519043
20.935017347335815,0.0,21.526,0.0,-3.227931499481201
20.96729302406311,0.0,21.54,0.0,-3.2288434505462646
20.999661922454834,0.0,21.565,0.0,-3.230592966079712
21.031283617019653,0.0,21.565,0.0,-3.233294725418091
21.062110900878906,0.0,21.579,0.0,-3.233990430831909
21.088600158691406,0.0,21.542,0.0,-3.2350943088531494
21.141297817230225,0.0,21.528,0.0,-3.234417676925659
21.173139095306396,0.0,21.549,0.0,-3.2332162857055664
21.205963373184204,0.0,21.529,0.0,-3.2322516441345215
21.233983755111694,0.0,21.53,0.0,-3.2315866947174072
21.268601894378662,0.0,21.55,0.0,-3.231696128845215
21.29830288887024,0.0,21.546,0.0,-3.2319860458374023
21.329874515533447,0.0,21.533,0.0,-3.23152494430542
21.36241888999939,0.0,21.533,0.0,-3.2311248779296875
21.394027948379517,0.0,21.517,0.0,-3.2301414012908936
21.418402194976807,0.0,21.51,0.0,-3.2290875911712646
21.453869104385376,0.0,21.508,0.0,-3.228403091430664
21.504486560821533,0.0,21.535,0.0,-3.2272768020629883
21.53317165374756,0.0,21.552,0.0,-3.228034257888794
21.55992293357849,0.0,21.547,0.0,-3.229273557662964
21.600496292114258,0.0,21.483,0.0,-3.2300264835357666
21.623744249343872,0.0,21.488,0.0,-3.227921485900879
21.65772032737732,0.0,21.488,0.0,-3.225421190261841
21.688727617263794,0.0,21.512,0.0,-3.2256033420562744
21.72095012664795,0.0,21.496,0.0,-3.2265563011169434
21.754427194595337,0.0,21.493,0.0,-3.225834369659424
21.785444259643555,0.0,21.465,0.0,-3.2234742641448975
21.817143440246582,0.0,21.467,0.0,-3.2222702503204346
21.857439279556274,0.0,21.49,0.0,-3.221998691558838
21.884482860565186,0.0,21.504,0.0,-3.2227447032928467
21.917128324508667,0.0,21.536,0.0,-3.223339080810547
21.94836139678955,0.0,21.544,0.0,-3.22515606880188
21.98738741874695,0.0,21.548,0.0,-3.228048801422119
22.01746106147766,0.0,21.529,0.0,-3.2293059825897217
22.058520793914795,0.0,21.517,0.0,-3.229083776473999
22.089147567749023,0.0,21.524,0.0,-3.228816032409668
22.120721578598022,0.0,21.507,0.0,-3.228853225708008
22.152122020721436,0.0,21.528,0.0,-3.228160858154297
22.183566331863403,0.0,21.53,0.0,-3.2288453578948975
22.21584939956665,0.0,21.53,0.0,-3.2291057109832764
22.247421503067017,0.0,21.531,0.0,-3.229888916015625
22.283061981201172,0.0,21.511,0.0,-3.229132890701294
22.31225824356079,0.0,21.525,0.0,-3.2290892601013184
22.363125324249268,0.0,21.501,0.0,-3.227329730987549
22.395033359527588,0.0,21.52,0.0,-3.2274796962738037
22.426973581314087,0.0,21.504,0.0,-3.227303981781006
22.458837747573853,0.0,21.513,0.0,-3.226691722869873
22.490127325057983,0.0,21.526,0.0,-3.22670316696167
22.52213978767395,0.0,21.524,0.0,-3.227262258529663
22.557679653167725,0.0,21.529,0.0,-3.2280964851379395
22.586000204086304,0.0,21.481,0.0,-3.2272932529449463
22.618404865264893,0.0,21.489,0.0,-3.225831985473633
22.650647401809692,0.0,21.504,0.0,-3.2250421047210693
22.682791709899902,0.0,21.527,0.0,-3.2260658740997314
22.721088886260986,0.0,21.517,0.0,-3.225877285003662
22.745691299438477,0.0,21.506,0.0,-3.2262818813323975
22.778276920318604,0.0,21.497,0.0,-3.2261366844177246
22.810582637786865,0.0,21.51,0.0,-3.2258224487304688
22.842123985290527,0.0,21.542,0.0,-3.227304220199585
22.87161350250244,0.0,21.534,0.0,-3.2292490005493164
22.91429615020752,0.0,21.543,0.0,-3.2302639484405518
22.94613814353943,0.0,21.524,0.0,-3.2299578189849854
22.978713035583496,0.0,21.52,0.0,-3.229206085205078
23.010201692581177,0.0,21.507,0.0,-3.228492498397827
23.05908513069153,0.0,21.523,0.0,-3.227346181869507
23.09097123146057,0.0,21.558,0.0,-3.2276315689086914
23.122917413711548,0.0,21.571,0.0,-3.229323625564575
23.154171228408813,0.0,21.596,0.0,-3.231175184249878
23.186936616897583,0.0,21.581,0.0,-3.235039472579956
23.218623638153076,0.0,21.532,0.0,-3.235966444015503
23.25099802017212,0.0,21.536,0.0,-3.2345995903015137
23.283974170684814,0.0,21.532,0.0,-3.232797145843506
23.31525230407715,0.0,21.554,0.0,-3.2319700717926025
23.34691548347473,0.0,21.573,0.0,-3.232372283935547
23.378851175308228,0.0,21.576,0.0,-3.2334742546081543
23.403740406036377,0.0,21.584,0.0,-3.234443187713623
23.435659170150757,0.0,21.567,0.0,-3.2356162071228027
23.472538709640503,0.0,21.559,0.0,-3.2345433235168457
23.50302815437317,0.0,21.565,0.0,-3.2344980239868164
23.53399896621704,0.0,21.544,0.0,-3.2339718341827393
23.567124128341675,0.0,21.556,0.0,-3.233901023864746
23.599077463150024,0.0,21.526,0.0,-3.2325797080993652
23.631343126296997,0.0,21.552,0.0,-3.2300944328308105
23.662841796875,0.0,21.538,0.0,-3.230733871459961
23.695019721984863,0.0,21.552,0.0,-3.230647563934326
23.727471828460693,0.0,21.562,0.0,-3.2311747074127197
23.758817195892334,0.0,21.556,0.0,-3.2319796085357666
23.79313898086548,0.0,21.575,0.0,-3.2323784828186035
23.823628664016724,0.0,21.558,0.0,-3.2334842681884766
23.855372428894043,0.0,21.561,0.0,-3.233621835708618
23.886842012405396,0.0,21.556,0.0,-3.2338075637817383
23.918017387390137,0.0,21.566,0.0,-3.2336859703063965
23.951069355010986,0.0,21.545,0.0,-3.234090805053711
23.991777658462524,0.0,21.523,0.0,-3.231975555419922
24.02308702468872,0.0,21.534,0.0,-3.2309517860412598
24.05436086654663,0.0,21.537,0.0,-3.230626344680786
24.08620858192444,0.0,21.528,0.0,-3.2300450801849365
24.118231058120728,0.0,21.531,0.0,-3.22982120513916
24.14579963684082,0.0,21.556,0.0,-3.2302446365356445
24.17090892791748,0.0,21.556,0.0,-3.231041669845581
24.209237098693848,0.0,21.587,0.0,-3.234483242034912
24.242114305496216,0.0,21.575,0.0,-3.2351136207580566
24.274179458618164,0.0,21.571,0.0,-3.235422372817993
24.305392265319824,0.0,21.565,0.0,-3.2356491088867188
24.337578058242798,0.0,21.576,0.0,-3.2355778217315674
24.369460105895996,0.0,21.586,0.0,-3.235944986343384
24.393807411193848,0.0,21.579,0.0,-3.2366385459899902
24.417826175689697,0.0,21.563,0.0,-3.2368690967559814
24.459316730499268,0.0,21.537,0.0,-3.234868049621582
24.488784790039062,0.0,21.592,0.0,-3.2342934608459473
24.52230668067932,0.0,21.614,0.0,-3.2355690002441406
24.554504871368408,0.0,21.593,0.0,-3.237475633621216
24.601484298706055,0.0,21.559,0.0,-3.238412857055664
24.642101526260376,0.0,21.561,0.0,-3.2365620136260986
24.66963243484497,0.0,21.572,0.0,-3.236423969268799
24.703245878219604,0.0,21.578,0.0,-3.23677396774292
24.735917568206787,0.0,21.555,0.0,-3.2368671894073486
24.7765793800354,0.0,21.551,0.0,-3.23592472076416
24.810518741607666,0.0,21.545,0.0,-3.2336156368255615
24.846002101898193,0.0,21.56,0.0,-3.23299241065979
24.872413635253906,0.0,21.567,0.0,-3.2331488132476807
24.917680740356445,0.0,21.586,0.0,-3.2343266010284424
24.95777440071106,0.0,21.58,0.0,-3.2357876300811768
24.997928619384766,0.0,21.571,0.0,-3.2364625930786133
25.04702639579773,0.0,21.58,0.0,-3.2366044521331787
25.078973293304443,0.0,21.587,0.0,-3.2367866039276123
25.110187292099,0.0,21.596,0.0,-3.237919807434082
25.141515731811523,0.0,21.595,0.0,-3.2384140491485596
25.17355227470398,0.0,21.577,0.0,-3.2387447357177734
25.205563068389893,0.0,21.559,0.0,-3.2382760047912598
25.237656354904175,0.0,21.546,0.0,-3.2357237339019775
25.271562337875366,0.0,21.532,0.0,-3.2340338230133057
25.302665948867798,0.0,21.58,0.0,-3.2338244915008545
25.3343768119812,0.0,21.574,0.0,-3.2351980209350586
25.366269826889038,0.0,21.572,0.0,-3.2354159355163574
25.398006677627563,0.0,21.552,0.0,-3.2355027198791504
25.430206537246704,0.0,21.531,0.0,-3.2347311973571777
25.461841344833374,0.0,21.552,0.0,-3.231994152069092
25.49470019340515,0.0,21.539,0.0,-3.2320382595062256
25.520837783813477,0.0,21.546,0.0,-3.231539249420166
25.548917531967163,0.0,21.525,0.0,-3.2314600944519043
25.58442234992981,0.0,21.546,0.0,-3.2307071685791016
25.643197536468506,0.0,21.524,0.0,-3.2293992042541504
25.674647331237793,0.0,21.5,0.0,-3.228954315185547
25.70769238471985,0.0,21.496,0.0,-3.2264366149902344
25.7385835647583,0.0,21.51,0.0,-3.226132869720459
25.769511699676514,0.0,21.485,0.0,-3.2248713970184326
25.80239176750183,0.0,21.515,0.0,-3.2246346473693848
25.834198474884033,0.0,21.505,0.0,-3.2249279022216797
25.866483449935913,0.0,21.5,0.0,-3.224665641784668
25.899128913879395,0.0,21.467,0.0,-3.2244834899902344
25.930438995361328,0.0,21.495,0.0,-3.2229769229888916
25.961681842803955,0.0,21.506,0.0,-3.2232258319854736
25.99310326576233,0.0,21.528,0.0,-3.223707914352417
26.02530598640442,0.0,21.53,0.0,-3.225023031234741
26.061145544052124,0.0,21.537,0.0,-3.2273011207580566
26.09565234184265,0.0,21.519,0.0,-3.228623867034912
26.128450393676758,0.0,21.519,0.0,-3.228468656539917
26.160101652145386,0.0,21.512,0.0,-3.2279515266418457
26.192126750946045,0.0,21.509,0.0,-3.2275195121765137
26.223652124404907,0.0,21.53,0.0,-3.2286126613616943
26.24690318107605,0.0,21.53,0.0,-3.228910446166992
26.297709941864014,0.0,21.556,0.0,-3.2312088012695312
26.335436820983887,0.0,21.552,0.0,-3.231090545654297
26.369444370269775,0.0,21.552,0.0,-3.2317066192626953
26.392990112304688,0.0,21.55,0.0,-3.2321720123291016
26.423041582107544,0.0,21.571,0.0,-3.232435703277588
26.460854053497314,0.0,21.549,0.0,-3.2342824935913086
26.48544692993164,0.0,21.549,0.0,-3.2339816093444824
26.51371479034424,0.0,21.526,0.0,-3.233438491821289
26.5541729927063,0.0,21.555,0.0,-3.232332706451416
26.586873769760132,0.0,21.571,0.0,-3.233623743057251
26.613593816757202,0.0,21.573,0.0,-3.2344233989715576
26.646016597747803,0.0,21.573,0.0,-3.234609603881836
26.67823028564453,0.0,21.573,0.0,-3.2351605892181396
26.710747003555298,0.0,21.578,0.0,-3.2360877990722656
26.743100881576538,0.0,21.596,0.0,-3.2372262477874756
26.775059461593628,0.0,21.562,0.0,-3.237123489379883
26.807499885559082,0.0,21.568,0.0,-3.2365641593933105
26.823456525802612,0.0,21.568,0.0,-3.236368179321289
26.855151653289795,0.0,21.571,0.0,-3.235909938812256
26.887352466583252,0.0,21.603,0.0,-3.2373416423797607
26.919028282165527,0.0,21.614,0.0,-3.2388572692871094
26.95142149925232,0.0,21.637,0.0,-3.240013360977173
26.98534607887268,0.0,21.626,0.0,-3.243126153945923
27.016556978225708,0.0,21.603,0.0,-3.243746042251587
27.055035829544067,0.0,21.573,0.0,-3.243229389190674
27.08061146736145,0.0,21.582,0.0,-3.241541862487793
27.10620641708374,0.0,21.587,0.0,-3.2405929565429688
27.14444875717163,0.0,21.601,0.0,-3.2403817176818848
27.176211833953857,0.0,21.614,0.0,-3.240457057952881
27.211267709732056,0.0,21.606,0.0,-3.241163969039917
27.241084098815918,0.0,21.597,0.0,-3.2408618927001953
27.271757125854492,0.0,21.571,0.0,-3.2398622035980225
27.304308891296387,0.0,21.559,0.0,-3.238746404647827
27.336466073989868,0.0,21.559,0.0,-3.2363204956054688
27.368221759796143,0.0,21.553,0.0,-3.2352585792541504
27.400561571121216,0.0,21.564,0.0,-3.234910011291504
27.4365451335907,0.0,21.566,0.0,-3.2347638607025146
27.463812112808228,0.0,21.582,0.0,-3.234647750854492
27.49611759185791,0.0,21.569,0.0,-3.235241174697876
27.528631687164307,0.0,21.566,0.0,-3.235163688659668
27.562485933303833,0.0,21.569,0.0,-3.2345197200775146
27.5931875705719,0.0,21.575,0.0,-3.2346296310424805
27.624365091323853,0.0,21.603,0.0,-3.2349753379821777
27.670804977416992,0.0,21.624,0.0,-3.2386839389801025
27.701946020126343,0.0,21.583,0.0,-3.2401742935180664
27.742175817489624,0.0,21.557,0.0,-3.2377476692199707
27.766533136367798,0.0,21.557,0.0,-3.236607313156128
27.796019315719604,0.0,21.561,0.0,-3.2358930110931396
27.826952695846558,0.0,21.609,0.0,-3.2362256050109863
27.86282181739807,0.0,21.623,0.0,-3.2392873764038086
27.892152309417725,0.0,21.64,0.0,-3.2412848472595215
27.92345952987671,0.0,21.62,0.0,-3.2419774532318115
27.956217050552368,0.0,21.553,0.0,-3.2417826652526855
27.98823642730713,0.0,21.538,0.0,-3.2377521991729736
28.019505977630615,0.0,21.531,0.0,-3.2357566356658936
28.05144238471985,0.0,21.542,0.0,-3.2339248657226562
28.08750009536743,0.0,21.575,0.0,-3.2336559295654297
28.11635732650757,0.0,21.595,0.0,-3.2346549034118652
28.14777636528015,0.0,21.587,0.0,-3.2358169555664062
28.179353952407837,0.0,21.542,0.0,-3.236386299133301
28.20333504676819,0.0,21.551,0.0,-3.2349398136138916
28.23592734336853,0.0,21.567,0.0,-3.23431396484375
28.267412424087524,0.0,21.595,0.0,-3.235584020614624
28.300463676452637,0.0,21.602,0.0,-3.2370758056640625
28.332118034362793,0.0,21.585,0.0,-3.2380192279815674
28.364338636398315,0.0,21.597,0.0,-3.238536834716797
28.39620327949524,0.0,21.581,0.0,-3.2382500171661377
28.41975235939026,0.0,21.603,0.0,-3.238945484161377
28.453958988189697,0.0,21.589,0.0,-3.239896297454834
28.49509358406067,0.0,21.595,0.0,-3.2396373748779297
28.525659561157227,0.0,21.558,0.0,-3.2396464347839355
28.562458753585815,0.0,21.594,0.0,-3.2378079891204834
28.59014391899109,0.0,21.58,0.0,-3.238175630569458
28.62243127822876,0.0,21.579,0.0,-3.237870931625366
28.65447473526001,0.0,21.547,0.0,-3.2375919818878174
28.68709135055542,0.0,21.525,0.0,-3.2339060306549072
28.720576763153076,0.0,21.516,0.0,-3.231642007827759
28.752376079559326,0.0,21.527,0.0,-3.23016095161438
28.788980722427368,0.0,21.56,0.0,-3.2304036617279053
28.815342664718628,0.0,21.55,0.0,-3.2307050228118896
28.847641706466675,0.0,21.545,0.0,-3.2305798530578613
28.879201412200928,0.0,21.539,0.0,-3.2306692600250244
28.911131381988525,0.0,21.546,0.0,-3.230684757232666
28.94440770149231,0.0,21.562,0.0,-3.2315115928649902
28.976530075073242,0.0,21.556,0.0,-3.2319107055664062
29.012648582458496,0.0,21.566,0.0,-3.233288526535034
29.04117202758789,0.0,21.577,0.0,-3.2337214946746826
29.072214126586914,0.0,21.56,0.0,-3.2345190048217773
29.103909254074097,0.0,21.551,0.0,-3.234419822692871
29.139967441558838,0.0,21.556,0.0,-3.234530210494995
29.171727180480957,0.0,21.605,0.0,-3.2342538833618164
29.205926656723022,0.0,21.605,0.0,-3.236095666885376
29.23756504058838,0.0,21.584,0.0,-3.2377195358276367
29.269036293029785,0.0,21.587,0.0,-3.2371087074279785
29.30074644088745,0.0,21.588,0.0,-3.237506866455078
29.33322286605835,0.0,21.595,0.0,-3.2378463745117188
29.365577936172485,0.0,21.579,0.0,-3.2381296157836914
29.39726996421814,0.0,21.555,0.0,-3.2369072437286377
29.429585695266724,0.0,21.566,0.0,-3.236583948135376
29.463480949401855,0.0,21.573,0.0,-3.236125946044922
29.494429349899292,0.0,21.585,0.0,-3.236600875854492
29.52622938156128,0.0,21.576,0.0,-3.2365880012512207
29.5582058429718,0.0,21.545,0.0,-3.23657488822937
29.59053921699524,0.0,21.528,0.0,-3.2345995903015137
29.622735261917114,0.0,21.523,0.0,-3.233020544052124
29.655479669570923,0.0,21.514,0.0,-3.231597423553467
29.688225984573364,0.0,21.544,0.0,-3.2302756309509277
29.718905925750732,0.0,21.587,0.0,-3.231581926345825
29.752002477645874,0.0,21.572,0.0,-3.233236789703369
29.787468194961548,0.0,21.543,0.0,-3.2331888675689697
29.819135427474976,0.0,21.537,0.0,-3.232393741607666
29.84355115890503,0.0,21.532,0.0,-3.231574535369873
29.871060609817505,0.0,21.532,0.0,-3.2309489250183105
29.90445303916931,0.0,21.518,0.0,-3.2309374809265137
29.938884019851685,0.0,21.512,0.0,-3.22883939743042
29.968018293380737,0.0,21.503,0.0,-3.2276644706726074
30.000415325164795,0.0,21.498,0.0,-3.226564407348633
30.03362488746643,0.0,21.542,0.0,-3.225860834121704
30.066126346588135,0.0,21.552,0.0,-3.2266831398010254
30.09821581840515,0.0,21.587,0.0,-3.2281625270843506
30.130244255065918,0.0,21.605,0.0,-3.230790376663208
30.163665533065796,0.0,21.592,0.0,-3.2351925373077393
30.193406105041504,0.0,21.574,0.0,-3.2370529174804688
30.22594714164734,0.0,21.564,0.0,-3.237086296081543
30.25762963294983,0.0,21.509,0.0,-3.23667049407959
30.289514780044556,0.0,21.514,0.0,-3.232167959213257
30.32267141342163,0.0,21.521,0.0,-3.230187177658081
30.353425979614258,0.0,21.529,0.0,-3.2295002937316895
30.388768434524536,0.0,21.537,0.0,-3.229517936706543
30.417491674423218,0.0,21.555,0.0,-3.230440616607666
30.449881553649902,0.0,21.537,0.0,-3.230405330657959
30.481940269470215,0.0,21.545,0.0,-3.231222629547119
30.51408290863037,0.0,21.556,0.0,-3.2314555644989014
30.553704023361206,0.0,21.547,0.0,-3.231997013092041
30.589287281036377,0.0,21.519,0.0,-3.2312679290771484
30.6194589138031,0.0,21.489,0.0,-3.230294942855835
30.651241302490234,0.0,21.492,0.0,-3.228285312652588
30.683884143829346,0.0,21.476,0.0,-3.226865768432617
30.716249465942383,0.0,21.535,0.0,-3.2245285511016846
30.747908353805542,0.0,21.553,0.0,-3.225822925567627
30.780335903167725,0.0,21.564,0.0,-3.2275991439819336
30.816205501556396,0.0,21.568,0.0,-3.231048822402954
30.853931427001953,0.0,21.516,0.0,-3.231445074081421
30.889112949371338,0.0,21.519,0.0,-3.2297167778015137
30.91682004928589,0.0,21.522,0.0,-3.229311943054199
30.964871168136597,0.0,21.537,0.0,-3.229780673980713
30.997092962265015,0.0,21.552,0.0,-3.2306251525878906
31.02960705757141,0.0,21.529,0.0,-3.2306466102600098
31.06468892097473,0.0,21.575,0.0,-3.232004404067993
31.09312891960144,0.0,21.566,0.0,-3.2329211235046387
31.12376356124878,0.0,21.53,0.0,-3.2321090698242188
31.15570878982544,0.0,21.53,0.0,-3.2314724922180176
31.1877543926239,0.0,21.485,0.0,-3.2286970615386963
31.21840786933899,0.0,21.536,0.0,-3.2272744178771973
31.25021767616272,0.0,21.516,0.0,-3.2279891967773438
31.28123688697815,0.0,21.516,0.0,-3.2277121543884277
31.351404905319214,0.0,21.52,0.0,-3.2272489070892334
31.38528299331665,0.0,21.559,0.0,-3.2273428440093994
31.417585611343384,0.0,21.544,0.0,-3.229763984680176
31.44901418685913,0.0,21.544,0.0,-3.23030686378479
31.481438636779785,0.0,21.56,0.0,-3.2307233810424805
31.5167236328125,0.0,21.542,0.0,-3.231714963912964
31.54496431350708,0.0,21.539,0.0,-3.2315821647644043
31.576727867126465,0.0,21.538,0.0,-3.2314720153808594
31.609225273132324,0.0,21.564,0.0,-3.2313382625579834
31.642240524291992,0.0,21.577,0.0,-3.233116388320923
31.674856901168823,0.0,21.547,0.0,-3.2342257499694824
31.707082271575928,0.0,21.513,0.0,-3.2338109016418457
31.74034857749939,0.0,21.531,0.0,-3.2314343452453613
31.770054578781128,0.0,21.512,0.0,-3.2298641204833984
31.803013563156128,0.0,21.498,0.0,-3.228945255279541
31.834185361862183,0.0,21.543,0.0,-3.2276530265808105
31.86738085746765,0.0,21.567,0.0,-3.230267286300659
31.896120309829712,0.0,21.558,0.0,-3.2312192916870117
31.92804741859436,0.0,21.538,0.0,-3.2328362464904785
31.960926294326782,0.0,21.527,0.0,-3.2323591709136963
31.99274182319641,0.0,21.551,0.0,-3.23187518119812
32.03097200393677,0.0,21.544,0.0,-3.2318522930145264
32.060611963272095,0.0,21.606,0.0,-3.2333006858825684
32.091963052749634,0.0,21.588,0.0,-3.236398935317993
32.12432146072388,0.0,21.564,0.0,-3.237161636352539
32.15634036064148,0.0,21.548,0.0,-3.2367236614227295
32.19189476966858,0.0,21.512,0.0,-3.233370304107666
32.21935987472534,0.0,21.539,0.0,-3.232489824295044
32.252400159835815,0.0,21.544,0.0,-3.232017993927002
32.2834529876709,0.0,21.555,0.0,-3.2318649291992188
32.31502890586853,0.0,21.542,0.0,-3.231935501098633
32.346376180648804,0.0,21.543,0.0,-3.2317662239074707
32.37834572792053,0.0,21.559,0.0,-3.232058048248291
32.40485382080078,0.0,21.572,0.0,-3.2325379848480225
32.4442617893219,0.0,21.554,0.0,-3.2334072589874268
32.476768255233765,0.0,21.554,0.0,-3.2333664894104004
32.50875377655029,0.0,21.558,0.0,-3.23282790184021
32.5412700176239,0.0,21.557,0.0,-3.233234405517578
32.57304120063782,0.0,21.561,0.0,-3.233350992202759
32.60559606552124,0.0,21.57,0.0,-3.2336068153381348
32.642277240753174,0.0,21.566,0.0,-3.2344508171081543
32.66928482055664,0.0,21.586,0.0,-3.235200881958008
32.700929403305054,0.0,21.58,0.0,-3.2360680103302
32.732401609420776,0.0,21.563,0.0,-3.2364771366119385
32.765129804611206,0.0,21.546,0.0,-3.235027313232422
32.80636525154114,0.0,21.513,0.0,-3.2333335876464844
32.83676075935364,0.0,21.512,0.0,-3.231518268585205
32.869035720825195,0.0,21.512,0.0,-3.228975296020508
32.90134620666504,0.0,21.558,0.0,-3.2291038036346436
32.93265771865845,0.0,21.579,0.0,-3.2301852703094482
32.96854257583618,0.0,21.593,0.0,-3.233848810195923
33.001463890075684,0.0,21.595,0.0,-3.235426187515259
33.03394603729248,0.0,21.577,0.0,-3.235546588897705
33.06510543823242,0.0,21.556,0.0,-3.2353968620300293
33.09706735610962,0.0,21.561,0.0,-3.234947681427002
33.12805485725403,0.0,21.548,0.0,-3.2348031997680664
33.16021752357483,0.0,21.518,0.0,-3.234140396118164
33.19139289855957,0.0,21.567,0.0,-3.232797622680664
33.223361015319824,0.0,21.558,0.0,-3.2333884239196777
33.25529646873474,0.0,21.572,0.0,-3.233469247817993
33.288002252578735,0.0,21.538,0.0,-3.2341201305389404
33.32046914100647,0.0,21.548,0.0,-3.2328977584838867
33.352558612823486,0.0,21.556,0.0,-3.2327122688293457
33.383021116256714,0.0,21.553,0.0,-3.232865571975708
33.41604137420654,0.0,21.558,0.0,-3.2330687046051025
33.45499777793884,0.0,21.519,0.0,-3.233147382736206
33.481279134750366,0.0,21.521,0.0,-3.2316551208496094
33.521273374557495,0.0,21.532,0.0,-3.230233669281006
33.55327916145325,0.0,21.545,0.0,-3.230515480041504
33.58483648300171,0.0,21.582,0.0,-3.232296943664551
33.617738008499146,0.0,21.608,0.0,-3.2347476482391357
33.64958572387695,0.0,21.619,0.0,-3.236659526824951
33.68210530281067,0.0,21.612,0.0,-3.23858904838562
33.71416640281677,0.0,21.61,0.0,-3.239769697189331
33.74564218521118,0.0,21.592,0.0,-3.2406294345855713
33.77813744544983,0.0,21.574,0.0,-3.240436315536499
33.81030511856079,0.0,21.579,0.0,-3.2395083904266357
33.84261608123779,0.0,21.57,0.0,-3.23818302154541
33.87513303756714,0.0,21.6,0.0,-3.239023447036743
33.907092332839966,0.0,21.607,0.0,-3.2394533157348633
33.939157009124756,0.0,21.595,0.0,-3.240067720413208
33.97203207015991,0.0,21.59,0.0,-3.23976993560791
34.00395393371582,0.0,21.574,0.0,-3.2397704124450684
34.02786421775818,0.0,21.574,0.0,-3.2388787269592285
34.060877561569214,0.0,21.561,0.0,-3.239021062850952
34.09268498420715,0.0,21.55,0.0,-3.2362823486328125
34.1249053478241,0.0,21.571,0.0,-3.2351579666137695
34.16535544395447,0.0,21.563,0.0,-3.2339398860931396
34.1947181224823,0.0,21.57,0.0,-3.233917236328125
34.22763729095459,0.0,21.557,0.0,-3.234205722808838
34.25935244560242,0.0,21.566,0.0,-3.233893394470215
34.29267191886902,0.0,21.527,0.0,-3.2325239181518555
34.32378077507019,0.0,21.548,0.0,-3.2319931983947754
34.37276101112366,0.0,21.614,0.0,-3.2326762676239014
34.40425992012024,0.0,21.602,0.0,-3.2351760864257812
34.436569929122925,0.0,21.598,0.0,-3.2366104125976562
34.46849346160889,0.0,21.583,0.0,-3.237637996673584
34.49850940704346,0.0,21.588,0.0,-3.237908363342285
34.528706312179565,0.0,21.591,0.0,-3.2381927967071533
34.569289207458496,0.0,21.597,0.0,-3.2388839721679688
34.601848125457764,0.0,21.6,0.0,-3.2393386363983154
34.6335654258728,0.0,21.626,0.0,-3.2407712936401367
34.66565704345703,0.0,21.584,0.0,-3.2411818504333496
34.6975998878479,0.0,21.583,0.0,-3.240384101867676
34.729783058166504,0.0,21.562,0.0,-3.2397119998931885
34.76146197319031,0.0,21.591,0.0,-3.2383010387420654
34.793546199798584,0.0,21.573,0.0,-3.237759590148926
34.826096534729004,0.0,21.538,0.0,-3.2366158962249756
34.85789084434509,0.0,21.52,0.0,-3.234894275665283
34.898337602615356,0.0,21.559,0.0,-3.2328593730926514
34.93094062805176,0.0,21.583,0.0,-3.2333312034606934
34.969491481781006,0.0,21.577,0.0,-3.234807252883911
35.00236511230469,0.0,21.585,0.0,-3.235543966293335
35.034531354904175,0.0,21.619,0.0,-3.2372944355010986
35.06804943084717,0.0,21.633,0.0,-3.240723133087158
35.09828472137451,0.0,21.61,0.0,-3.241154193878174
35.130425453186035,0.0,21.594,0.0,-3.241471529006958
35.16344618797302,0.0,21.577,0.0,-3.2410287857055664
35.19438457489014,0.0,21.58,0.0,-3.238487720489502
35.226574420928955,0.0,21.593,0.0,-3.2381019592285156
35.25936436653137,0.0,21.624,0.0,-3.2383480072021484
35.2907280921936,0.0,21.61,0.0,-3.2398388385772705
35.322261095047,0.0,21.59,0.0,-3.240363121032715
35.3546998500824,0.0,21.575,0.0,-3.2399489879608154
35.37080407142639,0.0,21.575,0.0,-3.2389917373657227
35.40257954597473,0.0,21.586,0.0,-3.238499641418457
35.43470597267151,0.0,21.589,0.0,-3.238328456878662
35.469188928604126,0.0,21.614,0.0,-3.2393686771392822
35.49872374534607,0.0,21.616,0.0,-3.240260601043701
35.53186082839966,0.0,21.604,0.0,-3.2404417991638184
35.563833475112915,0.0,21.569,0.0,-3.2397353649139404
35.60391712188721,0.0,21.578,0.0,-3.2381253242492676
35.63171648979187,0.0,21.581,0.0,-3.2376856803894043
35.673198223114014,0.0,21.576,0.0,-3.2373175621032715
35.70486068725586,0.0,21.573,0.0,-3.236990451812744
35.73680567741394,0.0,21.548,0.0,-3.23661732673645
35.769543170928955,0.0,21.573,0.0,-3.2352731227874756
35.79899454116821,0.0,21.582,0.0,-3.235316276550293
35.831321477890015,0.0,21.605,0.0,-3.2357380390167236
35.863755226135254,0.0,21.594,0.0,-3.2370386123657227
35.8959801197052,0.0,21.576,0.0,-3.2372570037841797
35.92824673652649,0.0,21.601,0.0,-3.237799644470215
35.959755420684814,0.0,21.607,0.0,-3.238471508026123
35.99225640296936,0.0,21.653,0.0,-3.241762638092041
36.02487564086914,0.0,21.624,0.0,-3.2424845695495605
36.05652070045471,0.0,21.607,0.0,-3.2423126697540283
36.08841013908386,0.0,21.576,0.0,-3.24287748336792
36.1040575504303,0.0,21.576,0.0,-3.241283416748047
36.14922738075256,0.0,21.61,0.0,-3.240593433380127
36.18098044395447,0.0,21.603,0.0,-3.2409205436706543
36.21345281600952,0.0,21.618,0.0,-3.2408738136291504
36.24501442909241,0.0,21.626,0.0,-3.242245674133301
36.29341149330139,0.0,21.599,0.0,-3.2418365478515625
36.32488203048706,0.0,21.642,0.0,-3.2421302795410156
36.36224389076233,0.0,21.646,0.0,-3.2434000968933105
36.393965005874634,0.0,21.654,0.0,-3.245744466781616
36.426443099975586,0.0,21.662,0.0,-3.2469944953918457
36.45740842819214,0.0,21.668,0.0,-3.2480666637420654
36.489734411239624,0.0,21.632,0.0,-3.2489981651306152
36.52070903778076,0.0,21.613,0.0,-3.2467269897460938
36.55291175842285,0.0,21.579,0.0,-3.245584726333618
36.58616518974304,0.0,21.575,0.0,-3.2432618141174316
36.61835241317749,0.0,21.593,0.0,-3.2405309677124023
36.64953684806824,0.0,21.627,0.0,-3.240034580230713
36.68232989311218,0.0,21.639,0.0,-3.2410054206848145
36.71420693397522,0.0,21.637,0.0,-3.242269515991211
36.7465124130249,0.0,21.621,0.0,-3.2431890964508057
36.77834415435791,0.0,21.603,0.0,-3.242448329925537
36.81060433387756,0.0,21.599,0.0,-3.2414968013763428
36.84391140937805,0.0,21.595,0.0,-3.2404069900512695
36.87484264373779,0.0,21.59,0.0,-3.2397656440734863
36.90711188316345,0.0,21.623,0.0,-3.2406647205352783
36.9387891292572,0.0,21.616,0.0,-3.2410738468170166
36.970263719558716,0.0,21.606,0.0,-3.2407641410827637
37.00282144546509,0.0,21.596,0.0,-3.2407419681549072
37.036072731018066,0.0,21.613,0.0,-3.240309238433838
37.06129026412964,0.0,21.637,0.0,-3.2406933307647705
37.11053276062012,0.0,21.595,0.0,-3.2421767711639404
37.14150094985962,0.0,21.582,0.0,-3.2413852214813232
37.17230939865112,0.0,21.609,0.0,-3.239082098007202
37.1985547542572,0.0,21.618,0.0,-3.2395899295806885
37.231173515319824,0.0,21.629,0.0,-3.2403688430786133
37.261470079422,0.0,21.608,0.0,-3.241438388824463
37.294984579086304,0.0,21.647,0.0,-3.242980480194092
37.32538843154907,0.0,21.661,0.0,-3.2447986602783203
37.356849908828735,0.0,21.67,0.0,-3.246614933013916
37.38946485519409,0.0,21.643,0.0,-3.2479612827301025
37.42153573036194,0.0,21.627,0.0,-3.247065544128418
37.45397210121155,0.0,21.632,0.0,-3.246652364730835
37.485023736953735,0.0,21.607,0.0,-3.245267868041992
37.52026867866516,0.0,21.592,0.0,-3.2432713508605957
37.549060106277466,0.0,21.603,0.0,-3.242007255554199
37.58073019981384,0.0,21.628,0.0,-3.241494655609131
37.612910747528076,0.0,21.621,0.0,-3.242154836654663
37.64529776573181,0.0,21.636,0.0,-3.24318265914917
37.67721486091614,0.0,21.624,0.0,-3.2430930137634277
37.70545268058777,0.0,21.635,0.0,-3.2432336807250977
37.734572649002075,0.0,21.63,0.0,-3.243804454803467
37.770405292510986,0.0,21.627,0.0,-3.2440826892852783
37.800193309783936,0.0,21.635,0.0,-3.244452953338623
37.824819564819336,0.0,21.609,0.0,-3.2436437606811523
37.856847286224365,0.0,21.614,0.0,-3.24322509765625
37.88905191421509,0.0,21.575,0.0,-3.2423553466796875
37.92071533203125,0.0,21.602,0.0,-3.2403712272644043
37.95122790336609,0.0,21.594,0.0,-3.2398743629455566
37.98381161689758,0.0,21.583,0.0,-3.239039182662964
38.01940155029297,0.0,21.586,0.0,-3.2381539344787598
38.047672271728516,0.0,21.601,0.0,-3.237415075302124
38.079572677612305,0.0,21.623,0.0,-3.2379517555236816
38.111924171447754,0.0,21.659,0.0,-3.2393059730529785
38.14590644836426,0.0,21.703,0.0,-3.245713472366333
38.17466998100281,0.0,21.683,0.0,-3.248209238052368
38.206838607788086,0.0,21.616,0.0,-3.2497401237487793
38.23643398284912,0.0,21.617,0.0,-3.2480826377868652
38.26919746398926,0.0,21.642,0.0,-3.24687123298645
38.300965785980225,0.0,21.641,0.0,-3.246856451034546
38.33279514312744,0.0,21.627,0.0,-3.24662184715271
38.3643102645874,0.0,21.636,0.0,-3.2460503578186035
38.39717888832092,0.0,21.661,0.0,-3.246962547302246
38.43738794326782,0.0,21.661,0.0,-3.247464179992676
38.472347021102905,0.0,21.628,0.0,-3.247180938720703
38.50240468978882,0.0,21.604,0.0,-3.246464490890503
38.53269720077515,0.0,21.626,0.0,-3.2448956966400146
38.565016746520996,0.0,21.642,0.0,-3.2446038722991943
38.59717845916748,0.0,21.697,0.0,-3.246155023574829
38.62949204444885,0.0,21.683,0.0,-3.2485599517822266
38.66093850135803,0.0,21.658,0.0,-3.2498233318328857
38.69638800621033,0.0,21.646,0.0,-3.249147415161133
38.72526669502258,0.0,21.64,0.0,-3.248427152633667
38.756845235824585,0.0,21.627,0.0,-3.247692108154297
38.78645586967468,0.0,21.632,0.0,-3.246738910675049
38.818411350250244,0.0,21.599,0.0,-3.244412899017334
38.85098099708557,0.0,21.606,0.0,-3.2433226108551025
38.88323783874512,0.0,21.655,0.0,-3.243119239807129
38.91456389427185,0.0,21.638,0.0,-3.244401454925537
38.947449684143066,0.0,21.642,0.0,-3.245082378387451
38.979342460632324,0.0,21.628,0.0,-3.244802713394165
38.99472498893738,0.0,21.592,0.0,-3.243077278137207
39.026421308517456,0.0,21.59,0.0,-3.2416656017303467
39.058799266815186,0.0,21.591,0.0,-3.2406277656555176
39.091034173965454,0.0,21.573,0.0,-3.238497257232666
39.13128185272217,0.0,21.592,0.0,-3.2362263202667236
39.15967082977295,0.0,21.573,0.0,-3.2365550994873047
39.19384551048279,0.0,21.6,0.0,-3.2360386848449707
39.22514486312866,0.0,21.615,0.0,-3.2372841835021973
39.25829362869263,0.0,21.636,0.0,-3.2384347915649414
39.29019379615784,0.0,21.625,0.0,-3.2402215003967285
39.3214316368103,0.0,21.616,0.0,-3.2414920330047607
39.35113215446472,0.0,21.581,0.0,-3.2402868270874023
39.38322591781616,0.0,21.606,0.0,-3.239440441131592
39.41503691673279,0.0,21.606,0.0,-3.2397568225860596
39.446948766708374,0.0,21.605,0.0,-3.240163803100586
39.47855544090271,0.0,21.599,0.0,-3.2400360107421875
39.51124668121338,0.0,21.61,0.0,-3.239394426345825
39.548325538635254,0.0,21.595,0.0,-3.2396838665008545
39.57492208480835,0.0,21.598,0.0,-3.239638090133667
39.606285572052,0.0,21.61,0.0,-3.240110397338867
39.63972282409668,0.0,21.595,0.0,-3.240478277206421
39.67017722129822,0.0,21.603,0.0,-3.2399520874023438
39.701823234558105,0.0,21.602,0.0,-3.240065097808838
39.7350914478302,0.0,21.621,0.0,-3.2401123046875
39.76747369766235,0.0,21.645,0.0,-3.240947961807251
39.79924130439758,0.0,21.641,0.0,-3.2437074184417725
39.83249807357788,0.0,21.606,0.0,-3.244300365447998
39.85707688331604,0.0,21.599,0.0,-3.243528366088867
39.903220653533936,0.0,21.6,0.0,-3.2419626712799072
39.934149980545044,0.0,21.57,0.0,-3.240647792816162
39.96772527694702,0.0,21.554,0.0,-3.239169120788574
39.99881386756897,0.0,21.575,0.0,-3.2368531227111816
40.030590534210205,0.0,21.617,0.0,-3.2382407188415527
40.06343126296997,0.0,21.623,0.0,-3.239577293395996
40.09484934806824,0.0,21.579,0.0,-3.240617036819458
40.127192735672,0.0,21.554,0.0,-3.2402596473693848
40.15924882888794,0.0,21.561,0.0,-3.23824405670166
40.1914165019989,0.0,21.581,0.0,-3.2369840145111084
40.223459005355835,0.0,21.602,0.0,-3.2376585006713867
40.25456762313843,0.0,21.577,0.0,-3.2382023334503174
40.28597068786621,0.0,21.547,0.0,-3.237663745880127
40.31783843040466,0.0,21.53,0.0,-3.2359938621520996
40.35110139846802,0.0,21.547,0.0,-3.2331862449645996
40.38274073600769,0.0,21.605,0.0,-3.233334541320801
40.41568160057068,0.0,21.571,0.0,-3.235149621963501
40.44934058189392,0.0,21.587,0.0,-3.235816717147827
40.478989124298096,0.0,21.572,0.0,-3.235718011856079
40.511332511901855,0.0,21.522,0.0,-3.233548641204834
40.55176663398743,0.0,21.548,0.0,-3.2330305576324463
40.57957625389099,0.0,21.562,0.0,-3.2331888675689697
40.61886191368103,0.0,21.58,0.0,-3.2333250045776367
40.65152835845947,0.0,21.576,0.0,-3.235109806060791
40.68325996398926,0.0,21.58,0.0,-3.235424280166626
40.71613383293152,0.0,21.585,0.0,-3.2358384132385254
40.74801683425903,0.0,21.572,0.0,-3.2370738983154297
40.779619455337524,0.0,21.58,0.0,-3.2367753982543945
40.81125521659851,0.0,21.596,0.0,-3.236876964569092
40.84251832962036,0.0,21.572,0.0,-3.237624406814575
40.87464928627014,0.0,21.592,0.0,-3.237689971923828
40.92355132102966,0.0,21.598,0.0,-3.2388076782226562
40.95299458503723,0.0,21.623,0.0,-3.2402236461639404
40.984943151474,0.0,21.645,0.0,-3.2413077354431152
41.016777753829956,0.0,21.666,0.0,-3.2430548667907715
41.04910659790039,0.0,21.652,0.0,-3.2463672161102295
41.08152484893799,0.0,21.644,0.0,-3.2468509674072266
41.113627672195435,0.0,21.618,0.0,-3.2461020946502686
41.148735761642456,0.0,21.612,0.0,-3.244333505630493
41.178532123565674,0.0,21.59,0.0,-3.24383544921875
41.20987367630005,0.0,21.609,0.0,-3.2425122261047363
41.240148305892944,0.0,21.613,0.0,-3.242277145385742
41.26431941986084,0.0,21.591,0.0,-3.2422573566436768
41.30466055870056,0.0,21.627,0.0,-3.24251127243042
41.33671569824219,0.0,21.63,0.0,-3.2430148124694824
41.36849570274353,0.0,21.662,0.0,-3.2435238361358643
41.40177798271179,0.0,21.647,0.0,-3.245950698852539
41.44811511039734,0.0,21.618,0.0,-3.2450942993164062
41.496626138687134,0.0,21.629,0.0,-3.244903326034546
41.527291774749756,0.0,21.615,0.0,-3.244274377822876
41.55952453613281,0.0,21.61,0.0,-3.2435712814331055
41.59191346168518,0.0,21.604,0.0,-3.2425613403320312
41.624133825302124,0.0,21.628,0.0,-3.2415504455566406
41.65587830543518,0.0,21.599,0.0,-3.242223024368286
41.68837761878967,0.0,21.597,0.0,-3.2415287494659424
41.720391035079956,0.0,21.589,0.0,-3.2409114837646484
41.752670764923096,0.0,21.626,0.0,-3.2399489879608154
41.78477644920349,0.0,21.594,0.0,-3.2409305572509766
41.817028522491455,0.0,21.587,0.0,-3.2403528690338135
41.850258588790894,0.0,21.571,0.0,-3.2383854389190674
41.880779504776,0.0,21.557,0.0,-3.2361836433410645
41.91096210479736,0.0,21.576,0.0,-3.2351696491241455
41.94379425048828,0.0,21.576,0.0,-3.2352049350738525
41.96588850021362,0.0,21.605,0.0,-3.2352545261383057
41.99791860580444,0.0,21.622,0.0,-3.238248348236084
42.037123918533325,0.0,21.624,0.0,-3.2400479316711426
42.07541847229004,0.0,21.601,0.0,-3.240879535675049
42.10376191139221,0.0,21.606,0.0,-3.2409424781799316
42.135931968688965,0.0,21.614,0.0,-3.2413229942321777
42.167641162872314,0.0,21.606,0.0,-3.2415285110473633
42.199761629104614,0.0,21.613,0.0,-3.2413485050201416
42.231879472732544,0.0,21.597,0.0,-3.241574764251709
42.26389932632446,0.0,21.582,0.0,-3.2410733699798584
42.29995322227478,0.0,21.6,0.0,-3.2400176525115967
42.32849740982056,0.0,21.507,0.0,-3.2378926277160645
42.360679388046265,0.0,21.591,0.0,-3.2344493865966797
42.39365005493164,0.0,21.621,0.0,-3.2353289127349854
42.42466163635254,0.0,21.634,0.0,-3.239362955093384
42.45686149597168,0.0,21.612,0.0,-3.243196964263916
42.48830056190491,0.0,21.545,0.0,-3.2430052757263184
42.51319861412048,0.0,21.569,0.0,-3.2400293350219727
42.54967474937439,0.0,21.553,0.0,-3.237053632736206
42.5781352519989,0.0,21.576,0.0,-3.2367312908172607
42.61241936683655,0.0,21.566,0.0,-3.2348129749298096
42.643391847610474,0.0,21.592,0.0,-3.2346034049987793
42.67528533935547,0.0,21.602,0.0,-3.236717700958252
42.716071128845215,0.0,21.595,0.0,-3.237335681915283
42.75221920013428,0.0,21.579,0.0,-3.2373769283294678
42.79067659378052,0.0,21.551,0.0,-3.2371859550476074
42.82235026359558,0.0,21.545,0.0,-3.235865831375122
42.85499382019043,0.0,21.523,0.0,-3.2354443073272705
42.88670325279236,0.0,21.584,0.0,-3.2333619594573975
42.918898820877075,0.0,21.562,0.0,-3.234325647354126
42.9508113861084,0.0,21.613,0.0,-3.2361867427825928
42.982762813568115,0.0,21.64,0.0,-3.239734649658203
43.01694369316101,0.0,21.647,0.0,-3.2416346073150635
43.04968476295471,0.0,21.61,0.0,-3.2431631088256836
43.080347537994385,0.0,21.57,0.0,-3.241290807723999
43.11227583885193,0.0,21.588,0.0,-3.240792751312256
43.14440202713013,0.0,21.607,0.0,-3.240187406539917
43.1768319606781,0.0,21.655,0.0,-3.2427687644958496
43.207820415496826,0.0,21.648,0.0,-3.244211196899414
43.239930391311646,0.0,21.65,0.0,-3.2453932762145996
43.27257990837097,0.0,21.63,0.0,-3.246286630630493
43.30414152145386,0.0,21.638,0.0,-3.2459583282470703
43.33591842651367,0.0,21.59,0.0,-3.246152639389038
43.369426012039185,0.0,21.585,0.0,-3.2442679405212402
43.40240120887756,0.0,21.562,0.0,-3.2401857376098633
43.43302392959595,0.0,21.627,0.0,-3.238456964492798
43.47467827796936,0.0,21.652,0.0,-3.242002010345459
43.4991557598114,0.0,21.679,0.0,-3.2447948455810547
43.53185987472534,0.0,21.671,0.0,-3.2466111183166504
43.5648090839386,0.0,21.604,0.0,-3.2470335960388184
43.59848141670227,0.0,21.586,0.0,-3.2435302734375
43.629723072052,0.0,21.552,0.0,-3.24057674407959
43.661773681640625,0.0,21.555,0.0,-3.2384204864501953
43.69356369972229,0.0,21.551,0.0,-3.2372684478759766
43.725982666015625,0.0,21.56,0.0,-3.234926700592041
43.7583703994751,0.0,21.553,0.0,-3.2340407371520996
43.789966344833374,0.0,21.512,0.0,-3.231659173965454
43.82297611236572,0.0,21.551,0.0,-3.229783535003662
43.871464014053345,0.0,21.575,0.0,-3.230106830596924
43.9030499458313,0.0,21.555,0.0,-3.2325093746185303
43.93476867675781,0.0,21.555,0.0,-3.232466220855713
43.96661043167114,0.0,21.548,0.0,-3.2324507236480713
43.99708104133606,0.0,21.555,0.0,-3.232161521911621
44.031132221221924,0.0,21.571,0.0,-3.2330026626586914
44.06155323982239,0.0,21.578,0.0,-3.2338929176330566
44.10238838195801,0.0,21.614,0.0,-3.23797345161438
44.131558656692505,0.0,21.671,0.0,-3.2416467666625977
44.1632182598114,0.0,21.665,0.0,-3.2442195415496826
44.1841938495636,0.0,21.649,0.0,-3.245511054992676
44.226011514663696,0.0,21.628,0.0,-3.247265338897705
44.258090019226074,0.0,21.641,0.0,-3.2468831539154053
44.28948354721069,0.0,21.631,0.0,-3.2471001148223877
44.322028398513794,0.0,21.628,0.0,-3.2468175888061523
44.35357713699341,0.0,21.588,0.0,-3.244577407836914
44.38613820075989,0.0,21.564,0.0,-3.242988348007202
44.4179105758667,0.0,21.573,0.0,-3.2407407760620117
44.45032858848572,0.0,21.591,0.0,-3.2390835285186768
44.482555866241455,0.0,21.618,0.0,-3.2386112213134766
44.51402831077576,0.0,21.619,0.0,-3.2396399974823
44.545886516571045,0.0,21.63,0.0,-3.2404837608337402
44.578486919403076,0.0,21.639,0.0,-3.2428407669067383
44.60906004905701,0.0,21.642,0.0,-3.243919849395752
44.645057678222656,0.0,21.604,0.0,-3.243736505508423
44.67759442329407,0.0,21.591,0.0,-3.241868495941162
44.70963501930237,0.0,21.592,0.0,-3.241034507751465
44.742263317108154,0.0,21.625,0.0,-3.2417752742767334
44.7776038646698,0.0,21.665,0.0,-3.243502616882324
44.807194232940674,0.0,21.662,0.0,-3.2453556060791016
44.83879470825195,0.0,21.668,0.0,-3.2466518878936768
44.87609004974365,0.0,21.64,0.0,-3.2476518154144287
44.91987371444702,0.0,21.641,0.0,-3.2473630905151367
44.95901894569397,0.0,21.595,0.0,-3.2459254264831543
44.991092681884766,0.0,21.594,0.0,-3.2441766262054443
45.02711844444275,0.0,21.562,0.0,-3.240351676940918
45.054503440856934,0.0,21.556,0.0,-3.238232374191284
45.08752655982971,0.0,21.668,0.0,-3.238247871398926
45.11785817146301,0.0,21.721,0.0,-3.241344928741455
45.15049886703491,0.0,21.703,0.0,-3.24880051612854
45.18215298652649,0.0,21.66,0.0,-3.2491607666015625
45.214250802993774,0.0,21.625,0.0,-3.2479469776153564
45.246612548828125,0.0,21.59,0.0,-3.2469890117645264
45.278477907180786,0.0,21.596,0.0,-3.242584466934204
45.31002759933472,0.0,21.602,0.0,-3.241608142852783
45.34121489524841,0.0,21.627,0.0,-3.2411129474639893
45.37364983558655,0.0,21.629,0.0,-3.241790294647217
45.40531778335571,0.0,21.653,0.0,-3.2438979148864746
45.4360785484314,0.0,21.659,0.0,-3.246018171310425
45.468852043151855,0.0,21.645,0.0,-3.246938467025757
45.502402544021606,0.0,21.637,0.0,-3.246790647506714
45.53331732749939,0.0,21.62,0.0,-3.2458643913269043
45.56474757194519,0.0,21.624,0.0,-3.245896100997925
45.60483407974243,0.0,21.658,0.0,-3.2463109493255615
45.653740644454956,0.0,21.628,0.0,-3.2453794479370117
45.68613362312317,0.0,21.695,0.0,-3.247892379760742
45.71789216995239,0.0,21.637,0.0,-3.2473928928375244
45.75317692756653,0.0,21.659,0.0,-3.24731183052063
45.78227758407593,0.0,21.617,0.0,-3.247842788696289
45.81463956832886,0.0,21.65,0.0,-3.2464816570281982
45.84652924537659,0.0,21.664,0.0,-3.2468090057373047
45.87914037704468,0.0,21.628,0.0,-3.247868299484253
45.910459756851196,0.0,21.623,0.0,-3.246940851211548
45.9430136680603,0.0,21.606,0.0,-3.2460083961486816
45.97842764854431,0.0,21.609,0.0,-3.2435898780822754
46.00716185569763,0.0,21.62,0.0,-3.243300199508667
46.03859877586365,0.0,21.636,0.0,-3.2427916526794434
46.07092213630676,0.0,21.637,0.0,-3.2433745861053467
46.10212993621826,0.0,21.646,0.0,-3.244649648666382
46.13455128669739,0.0,21.636,0.0,-3.2448313236236572
46.16531038284302,0.0,21.674,0.0,-3.245645046234131
46.1930947303772,0.0,21.666,0.0,-3.2471983432769775
46.22012376785278,0.0,21.676,0.0,-3.248058795928955
46.25201749801636,0.0,21.676,0.0,-3.249955177307129
46.2840211391449,0.0,21.661,0.0,-3.2505745887756348
46.32027459144592,0.0,21.665,0.0,-3.2504074573516846
46.348745822906494,0.0,21.652,0.0,-3.25042986869812
46.373953104019165,0.0,21.628,0.0,-3.2498862743377686
46.404154539108276,0.0,21.612,0.0,-3.2466511726379395
46.436272382736206,0.0,21.612,0.0,-3.2452621459960938
46.468156814575195,0.0,21.653,0.0,-3.2441928386688232
46.50036263465881,0.0,21.656,0.0,-3.2450966835021973
46.53312826156616,0.0,21.666,0.0,-3.247000217437744
46.565858125686646,0.0,21.624,0.0,-3.246568441390991
46.597657918930054,0.0,21.622,0.0,-3.24573016166687
46.62957739830017,0.0,21.646,0.0,-3.245448112487793
46.66195368766785,0.0,21.647,0.0,-3.2458419799804688
46.69373273849487,0.0,21.643,0.0,-3.2459816932678223
46.7218713760376,0.0,21.656,0.0,-3.246091604232788
46.74886107444763,0.0,21.631,0.0,-3.2467236518859863
46.7815363407135,0.0,21.633,0.0,-3.245770215988159
46.81355929374695,0.0,21.628,0.0,-3.2455105781555176
46.84632706642151,0.0,21.644,0.0,-3.2451024055480957
46.8793158531189,0.0,21.64,0.0,-3.2455763816833496
46.91023850440979,0.0,21.64,0.0,-3.245666742324829
46.942100524902344,0.0,21.626,0.0,-3.2461166381835938
46.974262714385986,0.0,21.652,0.0,-3.2454991340637207
46.99909567832947,0.0,21.652,0.0,-3.2461142539978027
47.027217626571655,0.0,21.678,0.0,-3.248049736022949
47.080381631851196,0.0,21.66,0.0,-3.249633550643921
47.10736155509949,0.0,21.626,0.0,-3.2481915950775146
47.13837766647339,0.0,21.594,0.0,-3.2457237243652344
47.170883655548096,0.0,21.547,0.0,-3.2418408393859863
47.20214033126831,0.0,21.567,0.0,-3.2361395359039307
47.23258996009827,0.0,21.611,0.0,-3.2353367805480957
47.26229786872864,0.0,21.636,0.0,-3.236600875854492
47.293742656707764,0.0,21.652,0.0,-3.238662004470825
47.32879185676575,0.0,21.664,0.0,-3.2432427406311035
47.35899615287781,0.0,21.638,0.0,-3.2442626953125
47.39037299156189,0.0,21.607,0.0,-3.24471378326416
47.42288064956665,0.0,21.597,0.0,-3.2437567710876465
47.45469427108765,0.0,21.58,0.0,-3.240981340408325
47.486735343933105,0.0,21.583,0.0,-3.2398669719696045
47.51833152770996,0.0,21.573,0.0,-3.238386392593384
47.554996490478516,0.0,21.579,0.0,-3.2370262145996094
47.58294701576233,0.0,21.591,0.0,-3.2372095584869385
47.615760803222656,0.0,21.599,0.0,-3.237706184387207
47.646852016448975,0.0,21.601,0.0,-3.2381906509399414
47.67737936973572,0.0,21.643,0.0,-3.2398972511291504
47.717442750930786,0.0,21.634,0.0,-3.2416796684265137
47.76064395904541,0.0,21.623,0.0,-3.2435755729675293
47.78894758224487,0.0,21.622,0.0,-3.243671417236328
47.818259716033936,0.0,21.646,0.0,-3.2436938285827637
47.85374188423157,0.0,21.652,0.0,-3.2457375526428223
47.88375186920166,0.0,21.65,0.0,-3.2464346885681152
47.91447877883911,0.0,21.602,0.0,-3.2460339069366455
47.94596457481384,0.0,21.616,0.0,-3.244616985321045
47.97865056991577,0.0,21.636,0.0,-3.244530439376831
48.01096034049988,0.0,21.644,0.0,-3.2451953887939453
48.05780863761902,0.0,21.629,0.0,-3.244807243347168
48.089842557907104,0.0,21.62,0.0,-3.244380474090576
48.12183713912964,0.0,21.605,0.0,-3.2435836791992188
48.15301036834717,0.0,21.607,0.0,-3.242189884185791
48.18597745895386,0.0,21.633,0.0,-3.2418079376220703
48.21783709526062,0.0,21.646,0.0,-3.242609977722168
48.255640745162964,0.0,21.655,0.0,-3.245062828063965
48.282971143722534,0.0,21.638,0.0,-3.2464282512664795
48.31296467781067,0.0,21.671,0.0,-3.246382713317871
48.34487462043762,0.0,21.666,0.0,-3.2477219104766846
48.37798810005188,0.0,21.643,0.0,-3.2481813430786133
48.409505128860474,0.0,21.618,0.0,-3.2480602264404297
48.436211585998535,0.0,21.636,0.0,-3.246734857559204
48.46437072753906,0.0,21.636,0.0,-3.2464559078216553
48.50427842140198,0.0,21.602,0.0,-3.244499683380127
48.53714895248413,0.0,21.586,0.0,-3.2426161766052246
48.569236278533936,0.0,21.592,0.0,-3.241417646408081
48.60151124000549,0.0,21.622,0.0,-3.24050235748291
48.6341552734375,0.0,21.607,0.0,-3.240938663482666
48.66633176803589,0.0,21.621,0.0,-3.2408063411712646
48.69848704338074,0.0,21.573,0.0,-3.2413039207458496
48.730406045913696,0.0,21.551,0.0,-3.2375175952911377
48.762582302093506,0.0,21.533,0.0,-3.2364490032196045
48.794997692108154,0.0,21.565,0.0,-3.234301805496216
48.826738595962524,0.0,21.596,0.0,-3.2340123653411865
48.864301919937134,0.0,21.648,0.0,-3.2366340160369873
48.89558267593384,0.0,21.649,0.0,-3.2393782138824463
48.93012595176697,0.0,21.637,0.0,-3.242729663848877
48.96090579032898,0.0,21.635,0.0,-3.2435498237609863
48.9919855594635,0.0,21.594,0.0,-3.2437121868133545
49.024659633636475,0.0,21.57,0.0,-3.2425670623779297
49.05590891838074,0.0,21.561,0.0,-3.23881459236145
49.08907508850098,0.0,21.588,0.0,-3.238523006439209
49.11926770210266,0.0,21.625,0.0,-3.2398600578308105
49.14868521690369,0.0,21.665,0.0,-3.2413206100463867
49.23789429664612,0.0,21.665,0.0,-3.2480273246765137
49.26313829421997,0.0,21.622,0.0,-3.2488322257995605
49.296916246414185,0.0,21.622,0.0,-3.247624635696411
49.328203439712524,0.0,21.631,0.0,-3.246291160583496
49.35818910598755,0.0,21.622,0.0,-3.245608329772949
49.39741086959839,0.0,21.615,0.0,-3.245070695877075
49.42982745170593,0.0,21.657,0.0,-3.24556040763855
49.4613037109375,0.0,21.651,0.0,-3.246236562728882
49.49466013908386,0.0,21.634,0.0,-3.246541738510132
49.52601456642151,0.0,21.63,0.0,-3.246264934539795
49.55793571472168,0.0,21.633,0.0,-3.2456915378570557
49.59028172492981,0.0,21.648,0.0,-3.2461752891540527
49.622881174087524,0.0,21.613,0.0,-3.2450737953186035
49.655375719070435,0.0,21.589,0.0,-3.243053436279297
49.68607044219971,0.0,21.584,0.0,-3.241652488708496
49.718236207962036,0.0,21.626,0.0,-3.240367889404297
49.75010895729065,0.0,21.63,0.0,-3.2411515712738037
49.78154492378235,0.0,21.632,0.0,-3.2428925037384033
49.81383442878723,0.0,21.625,0.0,-3.2433836460113525
49.846869707107544,0.0,21.632,0.0,-3.243471622467041
49.88182473182678,0.0,21.628,0.0,-3.2439470291137695
49.906262159347534,0.0,21.627,0.0,-3.2439911365509033
49.93448734283447,0.0,21.634,0.0,-3.2443180084228516
49.966859102249146,0.0,21.668,0.0,-3.2459969520568848
50.00771236419678,0.0,21.669,0.0,-3.248806953430176
50.03906464576721,0.0,21.661,0.0,-3.249140501022339
50.070889472961426,0.0,21.66,0.0,-3.2493388652801514
50.106411933898926,0.0,21.649,0.0,-3.248647451400757
50.13494896888733,0.0,21.653,0.0,-3.2484493255615234
50.16803503036499,0.0,21.637,0.0,-3.2484524250030518
50.19896054267883,0.0,21.633,0.0,-3.247772693634033
50.23100733757019,0.0,21.616,0.0,-3.24505352973938
50.26255750656128,0.0,21.627,0.0,-3.2442498207092285
50.29477596282959,0.0,21.629,0.0,-3.244096040725708
50.32656931877136,0.0,21.689,0.0,-3.2440686225891113
50.35900330543518,0.0,21.654,0.0,-3.247044086456299
50.39203214645386,0.0,21.645,0.0,-3.2468152046203613
50.423612117767334,0.0,21.615,0.0,-3.2468442916870117
50.45381236076355,0.0,21.603,0.0,-3.2441389560699463
50.48543381690979,0.0,21.612,0.0,-3.2433886528015137
50.51713538169861,0.0,21.608,0.0,-3.2426490783691406
50.54872274398804,0.0,21.618,0.0,-3.2424232959747314
50.58114290237427,0.0,21.61,0.0,-3.2419586181640625
50.605902433395386,0.0,21.579,0.0,-3.241671562194824
50.64582276344299,0.0,21.589,0.0,-3.240159749984741
50.67837429046631,0.0,21.577,0.0,-3.23942494392395
50.70302939414978,0.0,21.577,0.0,-3.2385385036468506
50.73397493362427,0.0,21.605,0.0,-3.2386345863342285
50.7659068107605,0.0,21.59,0.0,-3.2389960289001465
50.798542976379395,0.0,21.581,0.0,-3.238661289215088
50.83054733276367,0.0,21.564,0.0,-3.2368593215942383
50.86283755302429,0.0,21.546,0.0,-3.2352089881896973
50.894590616226196,0.0,21.543,0.0,-3.23382830619812
50.92685651779175,0.0,21.58,0.0,-3.2327866554260254
50.954957246780396,0.0,21.57,0.0,-3.2337722778320312
50.98299050331116,0.0,21.576,0.0,-3.234208822250366
51.01528811454773,0.0,21.567,0.0,-3.234189033508301
51.047861099243164,0.0,21.564,0.0,-3.2335619926452637
51.08060264587402,0.0,21.577,0.0,-3.234192132949829
51.11217164993286,0.0,21.581,0.0,-3.234666109085083
51.14279389381409,0.0,21.602,0.0,-3.235213279724121
51.17526435852051,0.0,21.599,0.0,-3.236527919769287
51.208706855773926,0.0,21.563,0.0,-3.237487316131592
51.238752603530884,0.0,21.564,0.0,-3.2366533279418945
51.270755767822266,0.0,21.578,0.0,-3.236051082611084
51.30596113204956,0.0,21.609,0.0,-3.2375786304473877
51.33092927932739,0.0,21.605,0.0,-3.2384958267211914
51.36315083503723,0.0,21.598,0.0,-3.239117383956909
51.38843393325806,0.0,21.598,0.0,-3.2393815517425537
51.420191287994385,0.0,21.599,0.0,-3.2391161918640137
51.45274639129639,0.0,21.56,0.0,-3.239407777786255
51.48641490936279,0.0,21.542,0.0,-3.2361316680908203
51.51735258102417,0.0,21.553,0.0,-3.2351596355438232
51.552748918533325,0.0,21.587,0.0,-3.2355077266693115
51.584824562072754,0.0,21.603,0.0,-3.2372732162475586
51.617106676101685,0.0,21.586,0.0,-3.238166332244873
51.64893651008606,0.0,21.589,0.0,-3.2381410598754883
51.68422865867615,0.0,21.564,0.0,-3.2390761375427246
51.71363544464111,0.0,21.561,0.0,-3.2379095554351807
51.74487566947937,0.0,21.551,0.0,-3.23687744140625
51.77741885185242,0.0,21.546,0.0,-3.2356600761413574
51.81008958816528,0.0,21.601,0.0,-3.235441207885742
51.84097909927368,0.0,21.612,0.0,-3.2366714477539062
51.87377691268921,0.0,21.625,0.0,-3.238088607788086
51.907827854156494,0.0,21.639,0.0,-3.2415785789489746
51.93648672103882,0.0,21.628,0.0,-3.2425336837768555
51.96811270713806,0.0,21.595,0.0,-3.2428345680236816
52.003258228302,0.0,21.582,0.0,-3.2420825958251953
52.036478996276855,0.0,21.585,0.0,-3.2401678562164307
52.06099200248718,0.0,21.578,0.0,-3.2392706871032715
52.10024070739746,0.0,21.592,0.0,-3.2390353679656982
52.13382887840271,0.0,21.565,0.0,-3.2377994060516357
52.1641263961792,0.0,21.557,0.0,-3.236553907394409
52.19645023345947,0.0,21.553,0.0,-3.2355971336364746
52.23164510726929,0.0,21.535,0.0,-3.233262300491333
52.26076817512512,0.0,21.584,0.0,-3.232797145843506
52.291815996170044,0.0,21.571,0.0,-3.23388409614563
52.323277711868286,0.0,21.594,0.0,-3.2341952323913574
52.35974478721619,0.0,21.595,0.0,-3.236407995223999
52.38727068901062,0.0,21.576,0.0,-3.236382007598877
52.41815733909607,0.0,21.608,0.0,-3.237539768218994
52.450276374816895,0.0,21.634,0.0,-3.238602638244629
52.483296394348145,0.0,21.621,0.0,-3.2414321899414062
52.51533913612366,0.0,21.619,0.0,-3.2420454025268555
52.54773831367493,0.0,21.609,0.0,-3.2416627407073975
52.57468318939209,0.0,21.602,0.0,-3.2417709827423096
52.60977530479431,0.0,21.581,0.0,-3.240478277206421
52.63863801956177,0.0,21.605,0.0,-3.239642381668091
52.67012548446655,0.0,21.605,0.0,-3.2399985790252686
52.70172595977783,0.0,21.617,0.0,-3.240269899368286
52.73082900047302,0.0,21.63,0.0,-3.240978956222534
52.77168941497803,0.0,21.601,0.0,-3.242562770843506
52.80266737937927,0.0,21.576,0.0,-3.2420525550842285
52.83470392227173,0.0,21.57,0.0,-3.239213466644287
52.86641025543213,0.0,21.598,0.0,-3.2377231121063232
52.89872884750366,0.0,21.624,0.0,-3.2381715774536133
52.9302077293396,0.0,21.626,0.0,-3.239616870880127
52.9613893032074,0.0,21.637,0.0,-3.2422118186950684
52.99395537376404,0.0,21.633,0.0,-3.243112087249756
53.02691292762756,0.0,21.606,0.0,-3.2443010807037354
53.05914568901062,0.0,21.584,0.0,-3.242063045501709
53.10071563720703,0.0,21.576,0.0,-3.241394281387329
53.13388109207153,0.0,21.612,0.0,-3.238980293273926
53.166301012039185,0.0,21.619,0.0,-3.23968243598938
53.19820690155029,0.0,21.624,0.0,-3.2405242919921875
53.23103165626526,0.0,21.61,0.0,-3.241757869720459
53.26204800605774,0.0,21.636,0.0,-3.2417471408843994
53.29403877258301,0.0,21.619,0.0,-3.242826461791992
53.32593560218811,0.0,21.621,0.0,-3.24294114112854
53.35860013961792,0.0,21.614,0.0,-3.242931604385376
53.3904709815979,0.0,21.582,0.0,-3.241445541381836
53.43143081665039,0.0,21.586,0.0,-3.2395706176757812
53.49353098869324,0.0,21.621,0.0,-3.2388620376586914
53.52489900588989,0.0,21.651,0.0,-3.2399539947509766
53.559062004089355,0.0,21.659,0.0,-3.2440314292907715
53.607802867889404,0.0,21.628,0.0,-3.2453651428222656
53.638195514678955,0.0,21.586,0.0,-3.2434792518615723
53.6694176197052,0.0,21.586,0.0,-3.2420098781585693
53.700337409973145,0.0,21.651,0.0,-3.2420873641967773
53.732643127441406,0.0,21.636,0.0,-3.244239330291748
53.764554500579834,0.0,21.646,0.0,-3.245100736618042
53.796103954315186,0.0,21.615,0.0,-3.2457568645477295
53.83343291282654,0.0,21.579,0.0,-3.2428035736083984
53.860671281814575,0.0,21.593,0.0,-3.241726875305176
53.89338207244873,0.0,21.6,0.0,-3.240896224975586
53.92507362365723,0.0,21.62,0.0,-3.2405529022216797
53.957704067230225,0.0,21.608,0.0,-3.241086959838867
53.98960518836975,0.0,21.642,0.0,-3.241306781768799
54.02046227455139,0.0,21.634,0.0,-3.24265718460083
54.052921772003174,0.0,21.665,0.0,-3.243366241455078
54.08554220199585,0.0,21.669,0.0,-3.2468013763427734
54.117812156677246,0.0,21.625,0.0,-3.2465462684631348
54.14396572113037,0.0,21.596,0.0,-3.245955467224121
54.17001938819885,0.0,21.592,0.0,-3.2442679405212402
54.20288896560669,0.0,21.593,0.0,-3.2427878379821777
54.24440407752991,0.0,21.624,0.0,-3.2421369552612305
54.275503635406494,0.0,21.639,0.0,-3.2421982288360596
54.308600425720215,0.0,21.642,0.0,-3.2440550327301025
54.339858531951904,0.0,21.643,0.0,-3.244776725769043
54.371620893478394,0.0,21.64,0.0,-3.2453298568725586
54.403270959854126,0.0,21.639,0.0,-3.245624542236328
54.43650579452515,0.0,21.63,0.0,-3.246140956878662
54.46764373779297,0.0,21.631,0.0,-3.2458062171936035
54.49965262413025,0.0,21.627,0.0,-3.2455811500549316
54.534080028533936,0.0,21.631,0.0,-3.2451252937316895
54.56329584121704,0.0,21.64,0.0,-3.2454171180725098
54.594688177108765,0.0,21.642,0.0,-3.2458906173706055
54.62651753425598,0.0,21.64,0.0,-3.246083974838257
54.66085696220398,0.0,21.619,0.0,-3.2453017234802246
54.697296380996704,0.0,21.626,0.0,-3.2449402809143066
54.7348530292511,0.0,21.636,0.0,-3.24473237991333
54.76202940940857,0.0,21.65,0.0,-3.2455062866210938
54.793692111968994,0.0,21.668,0.0,-3.246103525161743
54.82714295387268,0.0,21.667,0.0,-3.247317314147949
54.85880923271179,0.0,21.685,0.0,-3.249220371246338
54.89052724838257,0.0,21.667,0.0,-3.250410556793213
54.92395853996277,0.0,21.668,0.0,-3.2505581378936768
54.95949625968933,0.0,21.631,0.0,-3.249232053756714
54.988240242004395,0.0,21.627,0.0,-3.247918128967285
55.01948094367981,0.0,21.635,0.0,-3.247734785079956
55.05141019821167,0.0,21.641,0.0,-3.2470850944519043
55.084330320358276,0.0,21.637,0.0,-3.246469020843506
55.117093563079834,0.0,21.625,0.0,-3.24568510055542
55.147268295288086,0.0,21.65,0.0,-3.2456696033477783
55.1793155670166,0.0,21.618,0.0,-3.246123790740967
55.20445013046265,0.0,21.636,0.0,-3.2451343536376953
55.23463797569275,0.0,21.647,0.0,-3.2455930709838867
55.26689672470093,0.0,21.656,0.0,-3.2463340759277344
55.29865908622742,0.0,21.67,0.0,-3.247497081756592
55.33098363876343,0.0,21.655,0.0,-3.248394250869751
55.362693309783936,0.0,21.658,0.0,-3.249138593673706
55.39468455314636,0.0,21.634,0.0,-3.249135971069336
55.426761627197266,0.0,21.627,0.0,-3.248117446899414
55.4591269493103,0.0,21.654,0.0,-3.2473208904266357
55.49062967300415,0.0,21.689,0.0,-3.2471683025360107
55.522011280059814,0.0,21.68,0.0,-3.2488980293273926
55.55453157424927,0.0,21.669,0.0,-3.249854564666748
55.578004598617554,0.0,21.677,0.0,-3.250124454498291
55.621559381484985,0.0,21.67,0.0,-3.2505998611450195
55.653907775878906,0.0,21.679,0.0,-3.25071120262146
55.685325145721436,0.0,21.671,0.0,-3.251169443130493
55.717190742492676,0.0,21.67,0.0,-3.2511205673217773
55.75053930282593,0.0,21.638,0.0,-3.2509047985076904
55.783321380615234,0.0,21.663,0.0,-3.2495529651641846
55.81468892097473,0.0,21.664,0.0,-3.2495927810668945
55.8462655544281,0.0,21.661,0.0,-3.249495506286621
55.87980246543884,0.0,21.631,0.0,-3.2494606971740723
55.91089487075806,0.0,21.634,0.0,-3.2471048831939697
55.94256544113159,0.0,21.659,0.0,-3.2464425563812256
55.9748740196228,0.0,21.657,0.0,-3.2469887733459473
56.00716018676758,0.0,21.682,0.0,-3.247335433959961
56.03853392601013,0.0,21.68,0.0,-3.2498109340667725
56.07054829597473,0.0,21.666,0.0,-3.2504892349243164
56.10270023345947,0.0,21.636,0.0,-3.2504196166992188
56.135791063308716,0.0,21.631,0.0,-3.2478649616241455
56.16594052314758,0.0,21.64,0.0,-3.2472898960113525
56.19961452484131,0.0,21.667,0.0,-3.247648000717163
56.22951412200928,0.0,21.668,0.0,-3.2482657432556152
56.28728938102722,0.0,21.682,0.0,-3.250286340713501
56.3221595287323,0.0,21.687,0.0,-3.2511425018310547
56.34694051742554,0.0,21.677,0.0,-3.2513771057128906
56.37247586250305,0.0,21.684,0.0,-3.2518434524536133
56.40310788154602,0.0,21.671,0.0,-3.252194404602051
56.43488264083862,0.0,21.655,0.0,-3.250880718231201
56.46696066856384,0.0,21.656,0.0,-3.250204563140869
56.498889684677124,0.0,21.663,0.0,-3.249720811843872
56.531752586364746,0.0,21.684,0.0,-3.2496399879455566
56.56396126747131,0.0,21.67,0.0,-3.250169515609741
56.595576763153076,0.0,21.674,0.0,-3.2502784729003906
56.627403020858765,0.0,21.658,0.0,-3.2505295276641846
56.65980553627014,0.0,21.674,0.0,-3.2503490447998047
56.69225025177002,0.0,21.658,0.0,-3.2499077320098877
56.72420334815979,0.0,21.677,0.0,-3.2500696182250977
56.76288437843323,0.0,21.686,0.0,-3.251189947128296
56.78794002532959,0.0,21.684,0.0,-3.2516446113586426
56.81221032142639,0.0,21.647,0.0,-3.2504372596740723
56.84496808052063,0.0,21.636,0.0,-3.2490382194519043
56.87743949890137,0.0,21.684,0.0,-3.248378038406372
56.9096953868866,0.0,21.662,0.0,-3.2493929862976074
56.94068241119385,0.0,21.673,0.0,-3.24979829788208
56.9733362197876,0.0,21.691,0.0,-3.250113010406494
57.00431227684021,0.0,21.681,0.0,-3.251112222671509
57.040021657943726,0.0,21.674,0.0,-3.252316474914551
57.09074330329895,0.0,21.664,0.0,-3.250643730163574
57.12188243865967,0.0,21.695,0.0,-3.2503631114959717
57.153862953186035,0.0,21.701,0.0,-3.2514474391937256
57.187352895736694,0.0,21.696,0.0,-3.253162145614624
57.218621015548706,0.0,21.632,0.0,-3.251706123352051
57.25001835823059,0.0,21.629,0.0,-3.2498176097869873
57.28581261634827,0.0,21.648,0.0,-3.2478103637695312
57.31540632247925,0.0,21.67,0.0,-3.2484183311462402
57.352344274520874,0.0,21.675,0.0,-3.249107837677002
57.38551306724548,0.0,21.686,0.0,-3.2505295276641846
57.41753101348877,0.0,21.679,0.0,-3.25091814994812
57.44925904273987,0.0,21.653,0.0,-3.25012469291687
57.480441093444824,0.0,21.637,0.0,-3.2488393783569336
57.513107776641846,0.0,21.631,0.0,-3.2468369007110596
57.54443907737732,0.0,21.683,0.0,-3.246694803237915
57.57523775100708,0.0,21.693,0.0,-3.248150587081909
57.60769748687744,0.0,21.697,0.0,-3.2497048377990723
57.64056611061096,0.0,21.688,0.0,-3.251755952835083
57.671433210372925,0.0,21.671,0.0,-3.2515602111816406
57.7034068107605,0.0,21.629,0.0,-3.2506449222564697
57.7366406917572,0.0,21.627,0.0,-3.247509717941284
57.76250433921814,0.0,21.641,0.0,-3.2470099925994873
57.809990644454956,0.0,21.658,0.0,-3.248264789581299
57.84314680099487,0.0,21.683,0.0,-3.2493793964385986
57.871068716049194,0.0,21.688,0.0,-3.250453233718872
57.902865171432495,0.0,21.662,0.0,-3.251281261444092
57.93714475631714,0.0,21.673,0.0,-3.2508842945098877
57.966073751449585,0.0,21.657,0.0,-3.2509679794311523
57.99812722206116,0.0,21.66,0.0,-3.2503561973571777
58.03038716316223,0.0,21.677,0.0,-3.2500054836273193
58.061906576156616,0.0,21.658,0.0,-3.2499890327453613
58.093655586242676,0.0,21.69,0.0,-3.2500534057617188
58.12576627731323,0.0,21.678,0.0,-3.2510266304016113
58.16322207450867,0.0,21.699,0.0,-3.252340316772461
58.190736532211304,0.0,21.714,0.0,-3.253789186477661
58.221739530563354,0.0,21.668,0.0,-3.2534706592559814
58.25325679779053,0.0,21.642,0.0,-3.2527079582214355
58.285808086395264,0.0,21.629,0.0,-3.2491588592529297
58.31821966171265,0.0,21.648,0.0,-3.2485227584838867
58.349802017211914,0.0,21.695,0.0,-3.2500123977661133
58.375189542770386,0.0,21.681,0.0,-3.250581741333008
58.41621994972229,0.0,21.68,0.0,-3.251645803451538
58.45539045333862,0.0,21.646,0.0,-3.2503721714019775
58.48755383491516,0.0,21.614,0.0,-3.248079776763916
58.51243805885315,0.0,21.601,0.0,-3.246278762817383
58.54352045059204,0.0,21.631,0.0,-3.2443528175354004
58.57558584213257,0.0,21.656,0.0,-3.2441420555114746
58.60750341415405,0.0,21.663,0.0,-3.2450504302978516
58.639277935028076,0.0,21.688,0.0,-3.2479140758514404
58.67081022262573,0.0,21.689,0.0,-3.248762607574463
58.70284032821655,0.0,21.692,0.0,-3.2500503063201904
58.73478102684021,0.0,21.684,0.0,-3.251169204711914
58.76668357849121,0.0,21.676,0.0,-3.2517499923706055
58.798583030700684,0.0,21.644,0.0,-3.251113176345825
58.8301043510437,0.0,21.64,0.0,-3.2499403953552246
58.863341331481934,0.0,21.614,0.0,-3.2469351291656494
58.89468789100647,0.0,21.647,0.0,-3.2468371391296387
58.92160630226135,0.0,21.661,0.0,-3.247358798980713
58.95265173912048,0.0,21.701,0.0,-3.249450206756592
58.98387956619263,0.0,21.654,0.0,-3.249474048614502
59.015891551971436,0.0,21.625,0.0,-3.2488322257995605
59.04800486564636,0.0,21.613,0.0,-3.2473976612091064
59.080507040023804,0.0,21.613,0.0,-3.245788097381592
59.11319971084595,0.0,21.599,0.0,-3.2430226802825928
59.15361213684082,0.0,21.599,0.0,-3.2423620223999023
59.20388436317444,0.0,21.601,0.0,-3.2408320903778076
59.24038100242615,0.0,21.608,0.0,-3.240234375
59.26740598678589,0.0,21.625,0.0,-3.2409090995788574
59.2998583316803,0.0,21.621,0.0,-3.2410318851470947
59.33181047439575,0.0,21.596,0.0,-3.24139666557312
59.364120960235596,0.0,21.608,0.0,-3.240581512451172
59.39709711074829,0.0,21.637,0.0,-3.2417664527893066
59.428905725479126,0.0,21.685,0.0,-3.2448368072509766
59.45392727851868,0.0,21.685,0.0,-3.24708890914917
59.484421253204346,0.0,21.692,0.0,-3.248025417327881
59.51692485809326,0.0,21.668,0.0,-3.2503650188446045
59.549599170684814,0.0,21.662,0.0,-3.2505974769592285
59.58145332336426,0.0,21.66,0.0,-3.250504970550537
59.61392116546631,0.0,21.636,0.0,-3.2503039836883545
59.64487981796265,0.0,21.628,0.0,-3.249134063720703
59.67732238769531,0.0,21.613,0.0,-3.2478809356689453
59.708213806152344,0.0,21.574,0.0,-3.2462751865386963
59.74030423164368,0.0,21.591,0.0,-3.2418885231018066
59.77140498161316,0.0,21.599,0.0,-3.2406976222991943
59.80284333229065,0.0,21.594,0.0,-3.2401740550994873
59.83574342727661,0.0,21.629,0.0,-3.2395806312561035
59.87298130989075,0.0,21.635,0.0,-3.2416844367980957
59.90361475944519,0.0,21.657,0.0,-3.242316484451294
59.93948292732239,0.0,21.656,0.0,-3.2451748847961426
59.96953320503235,0.0,21.657,0.0,-3.246163845062256
60.001185178756714,0.0,21.648,0.0,-3.2465457916259766
60.03495407104492,0.0,21.618,0.0,-3.247210741043091
60.06712579727173,0.0,21.619,0.0,-3.246459484100342
60.09948801994324,0.0,21.64,0.0,-3.2455215454101562
60.13149333000183,0.0,21.623,0.0,-3.2456746101379395
60.165770530700684,0.0,21.64,0.0,-3.244950771331787
60.19577121734619,0.0,21.605,0.0,-3.2452316284179688
60.22813892364502,0.0,21.609,0.0,-3.2439792156219482
60.260201930999756,0.0,21.622,0.0,-3.243180751800537
60.27640199661255,0.0,21.629,0.0,-3.2431154251098633
60.307222843170166,0.0,21.657,0.0,-3.243366003036499
60.33941173553467,0.0,21.667,0.0,-3.2462289333343506
60.37332487106323,0.0,21.637,0.0,-3.246746063232422
60.403456687927246,0.0,21.621,0.0,-3.246509552001953
60.43944716453552,0.0,21.591,0.0,-3.243717908859253
60.46826720237732,0.0,21.609,0.0,-3.242982864379883
60.49484419822693,0.0,21.646,0.0,-3.2439749240875244
60.535033226013184,0.0,21.695,0.0,-3.247267007827759
60.568251609802246,0.0,21.696,0.0,-3.2509865760803223
60.59610652923584,0.0,21.677,0.0,-3.251436710357666
60.621320962905884,0.0,21.663,0.0,-3.2511749267578125
60.66649055480957,0.0,21.645,0.0,-3.25122332572937
60.698328495025635,0.0,21.667,0.0,-3.2501981258392334
60.730305671691895,0.0,21.664,0.0,-3.250314712524414
60.761932373046875,0.0,21.67,0.0,-3.250267505645752
60.794273376464844,0.0,21.695,0.0,-3.251460075378418
60.82600235939026,0.0,21.677,0.0,-3.2524220943450928
60.85873055458069,0.0,21.652,0.0,-3.2523953914642334
60.890660762786865,0.0,21.654,0.0,-3.2505407333374023
60.92278337478638,0.0,21.661,0.0,-3.249518871307373
60.95448279380798,0.0,21.684,0.0,-3.249438762664795
60.98630976676941,0.0,21.679,0.0,-3.2503411769866943
61.01971125602722,0.0,21.665,0.0,-3.250607967376709
61.052897214889526,0.0,21.672,0.0,-3.250727891921997
61.084293842315674,0.0,21.656,0.0,-3.2503535747528076
61.11616849899292,0.0,21.637,0.0,-3.2494583129882812
61.14995098114014,0.0,21.667,0.0,-3.2483572959899902
61.18021321296692,0.0,21.637,0.0,-3.2487683296203613
61.212441205978394,0.0,21.641,0.0,-3.2478296756744385
61.24447751045227,0.0,21.674,0.0,-3.248199224472046
61.285428047180176,0.0,21.7,0.0,-3.2489607334136963
61.31675577163696,0.0,21.726,0.0,-3.253034830093384
61.35197448730469,0.0,21.738,0.0,-3.2547478675842285
61.384604930877686,0.0,21.715,0.0,-3.256685256958008
61.416648864746094,0.0,21.716,0.0,-3.2576041221618652
61.44864058494568,0.0,21.714,0.0,-3.2578110694885254
61.480616092681885,0.0,21.703,0.0,-3.2573578357696533
61.512683629989624,0.0,21.719,0.0,-3.25757098197937
61.54435348510742,0.0,21.702,0.0,-3.2571945190429688
61.59090566635132,0.0,21.671,0.0,-3.2562954425811768
61.61896777153015,0.0,21.676,0.0,-3.2548608779907227
61.651177167892456,0.0,21.677,0.0,-3.253953695297241
61.70078992843628,0.0,21.678,0.0,-3.2538716793060303
61.73125863075256,0.0,21.662,0.0,-3.2532711029052734
61.76883935928345,0.0,21.682,0.0,-3.2521002292633057
61.795592069625854,0.0,21.635,0.0,-3.250105381011963
61.82747983932495,0.0,21.665,0.0,-3.250419855117798
61.85940957069397,0.0,21.679,0.0,-3.250087022781372
61.89087629318237,0.0,21.698,0.0,-3.2515010833740234
61.92392873764038,0.0,21.686,0.0,-3.251833200454712
61.95448899269104,0.0,21.706,0.0,-3.2529337406158447
61.98702931404114,0.0,21.748,0.0,-3.2539114952087402
62.01948642730713,0.0,21.749,0.0,-3.2568771839141846
62.050493478775024,0.0,21.756,0.0,-3.2586193084716797
62.09021186828613,0.0,21.75,0.0,-3.2615158557891846
62.13076114654541,0.0,21.732,0.0,-3.262179374694824
62.16307878494263,0.0,21.709,0.0,-3.2619078159332275
62.19585704803467,0.0,21.657,0.0,-3.259204149246216
62.22779083251953,0.0,21.671,0.0,-3.256390333175659
62.26057982444763,0.0,21.711,0.0,-3.254795551300049
62.29209327697754,0.0,21.721,0.0,-3.2560155391693115
62.32472515106201,0.0,21.73,0.0,-3.256991386413574
62.35659384727478,0.0,21.691,0.0,-3.257744312286377
62.38798975944519,0.0,21.701,0.0,-3.256683588027954
62.419753313064575,0.0,21.697,0.0,-3.2557976245880127
62.45258164405823,0.0,21.661,0.0,-3.2539141178131104
62.484514474868774,0.0,21.68,0.0,-3.2527146339416504
62.5167920589447,0.0,21.722,0.0,-3.2520697116851807
62.54885506629944,0.0,21.716,0.0,-3.2536346912384033
62.581727027893066,0.0,21.704,0.0,-3.2546029090881348
62.613330125808716,0.0,21.717,0.0,-3.254851818084717
62.64664149284363,0.0,21.693,0.0,-3.2552402019500732
62.67860436439514,0.0,21.677,0.0,-3.2548828125
62.710389852523804,0.0,21.65,0.0,-3.2539350986480713
62.74185657501221,0.0,21.644,0.0,-3.2503862380981445
62.775264263153076,0.0,21.66,0.0,-3.2494330406188965
62.79987192153931,0.0,21.649,0.0,-3.2490499019622803
62.82333159446716,0.0,21.649,0.0,-3.2483112812042236
62.8551390171051,0.0,21.655,0.0,-3.2485578060150146
62.886590242385864,0.0,21.671,0.0,-3.2482221126556396
62.91918897628784,0.0,21.686,0.0,-3.249633312225342
62.95103073120117,0.0,21.674,0.0,-3.2499003410339355
62.98284125328064,0.0,21.666,0.0,-3.2506203651428223
63.01599144935608,0.0,21.662,0.0,-3.249969005584717
63.04805111885071,0.0,21.649,0.0,-3.2491393089294434
63.07985329627991,0.0,21.641,0.0,-3.2485063076019287
63.111907720565796,0.0,21.664,0.0,-3.2476913928985596
63.14310574531555,0.0,21.718,0.0,-3.2492871284484863
63.18008494377136,0.0,21.712,0.0,-3.25156307220459
63.21839165687561,0.0,21.712,0.0,-3.2542333602905273
63.244465351104736,0.0,21.705,0.0,-3.254826784133911
63.27551054954529,0.0,21.675,0.0,-3.2542648315429688
63.308008909225464,0.0,21.677,0.0,-3.253565788269043
63.34132623672485,0.0,21.679,0.0,-3.2528178691864014
63.372862577438354,0.0,21.665,0.0,-3.252007246017456
63.40389585494995,0.0,21.687,0.0,-3.2520503997802734
63.44180774688721,0.0,21.672,0.0,-3.251924991607666
63.47024154663086,0.0,21.699,0.0,-3.2527410984039307
63.49519467353821,0.0,21.674,0.0,-3.2523210048675537
63.52752232551575,0.0,21.663,0.0,-3.2515323162078857
63.56036829948425,0.0,21.683,0.0,-3.251006603240967
63.592217206954956,0.0,21.693,0.0,-3.2516345977783203
63.624391317367554,0.0,21.692,0.0,-3.2522690296173096
63.656466007232666,0.0,21.679,0.0,-3.2527174949645996
63.69238877296448,0.0,21.685,0.0,-3.252610206604004
63.72827959060669,0.0,21.652,0.0,-3.2516305446624756
63.76048135757446,0.0,21.652,0.0,-3.2505364418029785
63.794353008270264,0.0,21.66,0.0,-3.248335838317871
63.82537245750427,0.0,21.665,0.0,-3.2483463287353516
63.857664346694946,0.0,21.655,0.0,-3.2485766410827637
63.89275002479553,0.0,21.66,0.0,-3.2483880519866943
63.92136025428772,0.0,21.647,0.0,-3.247884750366211
63.9528923034668,0.0,21.662,0.0,-3.247589588165283
63.98416543006897,0.0,21.663,0.0,-3.2479183673858643
64.01764011383057,0.0,21.644,0.0,-3.2476718425750732
64.04903817176819,0.0,21.631,0.0,-3.246706485748291
64.08173251152039,0.0,21.646,0.0,-3.2465999126434326
64.11901569366455,0.0,21.71,0.0,-3.2495298385620117
64.1430778503418,0.0,21.704,0.0,-3.2512452602386475
64.16937065124512,0.0,21.687,0.0,-3.2525675296783447
64.21493005752563,0.0,21.688,0.0,-3.252866268157959
64.24672937393188,0.0,21.69,0.0,-3.2533161640167236
64.27880120277405,0.0,21.724,0.0,-3.2535340785980225
64.31182670593262,0.0,21.709,0.0,-3.2551181316375732
64.3432457447052,0.0,21.713,0.0,-3.2562973499298096
64.3759434223175,0.0,21.677,0.0,-3.2564477920532227
64.4071786403656,0.0,21.678,0.0,-3.2553274631500244
64.43887209892273,0.0,21.68,0.0,-3.2544875144958496
64.47168445587158,0.0,21.683,0.0,-3.2535834312438965
64.50194501876831,0.0,21.69,0.0,-3.2536191940307617
64.53403449058533,0.0,21.629,0.0,-3.2520885467529297
64.56878089904785,0.0,21.617,0.0,-3.2477023601531982
64.59757852554321,0.0,21.675,0.0,-3.248455762863159
64.62971329689026,0.0,21.678,0.0,-3.2491800785064697
64.66172790527344,0.0,21.683,0.0,-3.2504658699035645
64.6939766407013,0.0,21.651,0.0,-3.2517404556274414
64.72546172142029,0.0,21.682,0.0,-3.2506070137023926
64.74929356575012,0.0,21.686,0.0,-3.251033306121826
64.79482197761536,0.0,21.716,0.0,-3.2531814575195312
64.82108569145203,0.0,21.665,0.0,-3.253570079803467
64.8533148765564,0.0,21.656,0.0,-3.2526040077209473
64.88032674789429,0.0,21.661,0.0,-3.2514734268188477
64.92081308364868,0.0,21.679,0.0,-3.251051425933838
64.95185875892639,0.0,21.695,0.0,-3.251830577850342
64.98490810394287,0.0,21.658,0.0,-3.2525179386138916
65.01983308792114,0.0,21.656,0.0,-3.2506165504455566
65.04881572723389,0.0,21.658,0.0,-3.2500243186950684
65.08126401901245,0.0,21.664,0.0,-3.2496135234832764
65.11378526687622,0.0,21.683,0.0,-3.2495126724243164
65.14574241638184,0.0,21.671,0.0,-3.2503035068511963
65.17805218696594,0.0,21.68,0.0,-3.250734329223633
65.21013379096985,0.0,21.674,0.0,-3.2508180141448975
65.24444603919983,0.0,21.659,0.0,-3.251061201095581
65.27023339271545,0.0,21.635,0.0,-3.2504427433013916
65.29884099960327,0.0,21.664,0.0,-3.248957872390747
65.33145499229431,0.0,21.652,0.0,-3.2490322589874268
65.3613862991333,0.0,21.672,0.0,-3.2485930919647217
65.39415884017944,0.0,21.676,0.0,-3.249669075012207
65.42592978477478,0.0,21.694,0.0,-3.249356508255005
65.45765328407288,0.0,21.665,0.0,-3.2506301403045654
65.49359154701233,0.0,21.665,0.0,-3.2502188682556152
65.52203583717346,0.0,21.663,0.0,-3.2499961853027344
65.55487394332886,0.0,21.622,0.0,-3.248103141784668
65.5899612903595,0.0,21.629,0.0,-3.24672794342041
65.64121913909912,0.0,21.627,0.0,-3.2446541786193848
65.67246580123901,0.0,21.615,0.0,-3.243741273880005
65.70467448234558,0.0,21.601,0.0,-3.2424662113189697
65.73790431022644,0.0,21.607,0.0,-3.2417538166046143
65.77027130126953,0.0,21.609,0.0,-3.240717887878418
65.8019380569458,0.0,21.641,0.0,-3.2405591011047363
65.8279755115509,0.0,21.64,0.0,-3.241804599761963
65.86817836761475,0.0,21.636,0.0,-3.243321418762207
65.89960813522339,0.0,21.602,0.0,-3.244239091873169
65.93188142776489,0.0,21.619,0.0,-3.2430663108825684
65.96379208564758,0.0,21.641,0.0,-3.2428808212280273
65.9964509010315,0.0,21.63,0.0,-3.243826389312744
66.02887725830078,0.0,21.603,0.0,-3.243741989135742
66.06089663505554,0.0,21.604,0.0,-3.242757558822632
66.09251308441162,0.0,21.615,0.0,-3.24196457862854
66.12478160858154,0.0,21.635,0.0,-3.2427525520324707
66.15698432922363,0.0,21.621,0.0,-3.2438738346099854
66.18815755844116,0.0,21.617,0.0,-3.243652820587158
66.22016549110413,0.0,21.608,0.0,-3.2426795959472656
66.25291538238525,0.0,21.63,0.0,-3.2431159019470215
66.28402614593506,0.0,21.666,0.0,-3.244969367980957
66.3106472492218,0.0,21.699,0.0,-3.247788429260254
66.35043954849243,0.0,21.703,0.0,-3.251326560974121
66.38335967063904,0.0,21.687,0.0,-3.2528223991394043
66.4193754196167,0.0,21.648,0.0,-3.251967191696167
66.44774007797241,0.0,21.598,0.0,-3.2498762607574463
66.4796838760376,0.0,21.617,0.0,-3.2471923828125
66.49564719200134,0.0,21.633,0.0,-3.24590802192688
66.52754426002502,0.0,21.641,0.0,-3.2455880641937256
66.5589029788971,0.0,21.658,0.0,-3.245681047439575
66.59516501426697,0.0,21.647,0.0,-3.2466230392456055
66.62352275848389,0.0,21.629,0.0,-3.2459845542907715
66.6554217338562,0.0,21.59,0.0,-3.2455763816833496
66.68785643577576,0.0,21.588,0.0,-3.243541717529297
66.72028660774231,0.0,21.595,0.0,-3.24092435836792
66.75273323059082,0.0,21.6,0.0,-3.2404043674468994
66.78367376327515,0.0,21.646,0.0,-3.2419536113739014
66.81578326225281,0.0,21.637,0.0,-3.2432937622070312
66.84801030158997,0.0,21.626,0.0,-3.244260549545288
66.88671135902405,0.0,21.609,0.0,-3.2441301345825195
66.91907119750977,0.0,21.609,0.0,-3.2426934242248535
66.94953083992004,0.0,21.611,0.0,-3.2421751022338867
66.98228454589844,0.0,21.597,0.0,-3.241908550262451
67.0595600605011,0.0,21.597,0.0,-3.240077257156372
67.08210110664368,0.0,21.597,0.0,-3.239743232727051
67.1134762763977,0.0,21.641,0.0,-3.2410526275634766
67.14578819274902,0.0,21.656,0.0,-3.2431678771972656
67.17831254005432,0.0,21.65,0.0,-3.244643211364746
67.21011209487915,0.0,21.645,0.0,-3.2455286979675293
67.24262881278992,0.0,21.672,0.0,-3.247480869293213
67.27387285232544,0.0,21.649,0.0,-3.248532772064209
67.30657386779785,0.0,21.662,0.0,-3.2484474182128906
67.3379442691803,0.0,21.652,0.0,-3.2489101886749268
67.35479664802551,0.0,21.659,0.0,-3.248831272125244
67.38619446754456,0.0,21.668,0.0,-3.2490477561950684
67.4196252822876,0.0,21.649,0.0,-3.249173641204834
67.45020318031311,0.0,21.654,0.0,-3.249056339263916
67.482736825943,0.0,21.651,0.0,-3.24807071685791
67.5155918598175,0.0,21.67,0.0,-3.2480547428131104
67.54648852348328,0.0,21.669,0.0,-3.249384641647339
67.5784375667572,0.0,21.691,0.0,-3.250725269317627
67.61121010780334,0.0,21.679,0.0,-3.2512447834014893
67.64296841621399,0.0,21.64,0.0,-3.2505393028259277
67.67554640769958,0.0,21.605,0.0,-3.2470996379852295
67.706059217453,0.0,21.621,0.0,-3.2459640502929688
67.7464907169342,0.0,21.633,0.0,-3.2448837757110596
67.77120018005371,0.0,21.655,0.0,-3.2447757720947266
67.803293466568,0.0,21.647,0.0,-3.2456254959106445
67.83507752418518,0.0,21.632,0.0,-3.2459537982940674
67.86660766601562,0.0,21.618,0.0,-3.245582103729248
67.89854288101196,0.0,21.584,0.0,-3.2434134483337402
67.92453050613403,0.0,21.615,0.0,-3.24162220954895
67.9526596069336,0.0,21.646,0.0,-3.241553783416748
67.98634552955627,0.0,21.652,0.0,-3.2428207397460938
68.01139903068542,0.0,21.671,0.0,-3.2440662384033203
68.0454261302948,0.0,21.659,0.0,-3.246702194213867
68.07601523399353,0.0,21.648,0.0,-3.2469069957733154
68.10748386383057,0.0,21.639,0.0,-3.2467241287231445
68.13879942893982,0.0,21.635,0.0,-3.2465362548828125
68.17122793197632,0.0,21.612,0.0,-3.2450053691864014
68.2021324634552,0.0,21.624,0.0,-3.2445712089538574
68.23487448692322,0.0,21.612,0.0,-3.2437355518341064
68.27068543434143,0.0,21.619,0.0,-3.2430965900421143
68.2994122505188,0.0,21.613,0.0,-3.2429113388061523
68.33150267601013,0.0,21.598,0.0,-3.2425246238708496
68.36229109764099,0.0,21.594,0.0,-3.241604804992676
68.3882577419281,0.0,21.583,0.0,-3.240736484527588
68.43098139762878,0.0,21.593,0.0,-3.2388927936553955
68.4721314907074,0.0,21.604,0.0,-3.238936185836792
68.50299215316772,0.0,21.608,0.0,-3.2390105724334717
68.53390526771545,0.0,21.619,0.0,-3.23941969871521
68.56644129753113,0.0,21.62,0.0,-3.2402119636535645
68.59922170639038,0.0,21.626,0.0,-3.241650342941284
68.63036584854126,0.0,21.621,0.0,-3.2422523498535156
68.66243290901184,0.0,21.634,0.0,-3.24250864982605
68.69619107246399,0.0,21.624,0.0,-3.2434041500091553
68.72716760635376,0.0,21.628,0.0,-3.243685722351074
68.75846076011658,0.0,21.617,0.0,-3.243436574935913
68.79077625274658,0.0,21.645,0.0,-3.2433652877807617
68.82261919975281,0.0,21.656,0.0,-3.2455804347991943
68.8703408241272,0.0,21.65,0.0,-3.247974395751953
68.90210223197937,0.0,21.664,0.0,-3.2480874061584473
68.93360471725464,0.0,21.666,0.0,-3.2487449645996094
68.96532368659973,0.0,21.65,0.0,-3.249319314956665
68.9983217716217,0.0,21.617,0.0,-3.2485697269439697
69.03024315834045,0.0,21.612,0.0,-3.2470734119415283
69.06212544441223,0.0,21.648,0.0,-3.2456955909729004
69.09428453445435,0.0,21.647,0.0,-3.2464351654052734
69.13446021080017,0.0,21.674,0.0,-3.2473337650299072
69.17125344276428,0.0,21.644,0.0,-3.2481064796447754
69.20840048789978,0.0,21.629,0.0,-3.247635841369629
69.24115085601807,0.0,21.636,0.0,-3.24680233001709
69.2731659412384,0.0,21.643,0.0,-3.246464252471924
69.3053572177887,0.0,21.658,0.0,-3.2471065521240234
69.33773398399353,0.0,21.653,0.0,-3.247600793838501
69.3735077381134,0.0,21.659,0.0,-3.24814510345459
69.42248582839966,0.0,21.642,0.0,-3.247346878051758
69.45054483413696,0.0,21.639,0.0,-3.2469639778137207
69.4837076663971,0.0,21.669,0.0,-3.2479240894317627
69.51492238044739,0.0,21.68,0.0,-3.248663902282715
69.54755997657776,0.0,21.665,0.0,-3.2507729530334473
69.57968473434448,0.0,21.676,0.0,-3.2506723403930664
69.61381816864014,0.0,21.678,0.0,-3.2510435581207275
69.64751410484314,0.0,21.658,0.0,-3.250826120376587
69.67562103271484,0.0,21.646,0.0,-3.250830888748169
69.70819926261902,0.0,21.647,0.0,-3.2498586177825928
69.74098134040833,0.0,21.662,0.0,-3.2491414546966553
69.77224206924438,0.0,21.642,0.0,-3.248426914215088
69.80339670181274,0.0,21.65,0.0,-3.2481541633605957
69.8367338180542,0.0,21.603,0.0,-3.247021198272705
69.87204051017761,0.0,21.616,0.0,-3.2441678047180176
69.9033272266388,0.0,21.637,0.0,-3.2443439960479736
69.92566204071045,0.0,21.667,0.0,-3.2457547187805176
69.95854187011719,0.0,21.691,0.0,-3.247864246368408
69.9910535812378,0.0,21.676,0.0,-3.249289035797119
70.0231122970581,0.0,21.634,0.0,-3.250807762145996
70.04972267150879,0.0,21.63,0.0,-3.249358654022217
70.085284948349,0.0,21.615,0.0,-3.2480621337890625
70.11682176589966,0.0,21.622,0.0,-3.246427297592163
70.14888429641724,0.0,21.653,0.0,-3.2458972930908203
70.18152499198914,0.0,21.651,0.0,-3.2463698387145996
70.21341371536255,0.0,21.634,0.0,-3.246657609939575
70.24522256851196,0.0,21.604,0.0,-3.2445387840270996
70.27767658233643,0.0,21.581,0.0,-3.242319107055664
70.30924415588379,0.0,21.603,0.0,-3.241079568862915
70.34178709983826,0.0,21.622,0.0,-3.240603446960449
70.37422513961792,0.0,21.638,0.0,-3.242097854614258
70.4061872959137,0.0,21.631,0.0,-3.242626428604126
70.43820023536682,0.0,21.641,0.0,-3.2426695823669434
70.46994709968567,0.0,21.669,0.0,-3.2453455924987793
70.5026502609253,0.0,21.702,0.0,-3.248152256011963
70.53415727615356,0.0,21.684,0.0,-3.2495603561401367
70.57348108291626,0.0,21.584,0.0,-3.249516248703003
70.5990571975708,0.0,21.574,0.0,-3.2463669776916504
70.63788151741028,0.0,21.593,0.0,-3.243504285812378
70.6693823337555,0.0,21.592,0.0,-3.242093324661255
70.70289731025696,0.0,21.593,0.0,-3.2395339012145996
70.733882188797,0.0,21.593,0.0,-3.2390713691711426
70.76626777648926,0.0,21.603,0.0,-3.238736152648926
70.79913258552551,0.0,21.588,0.0,-3.2384510040283203
70.83007168769836,0.0,21.629,0.0,-3.23983097076416
70.86297488212585,0.0,21.645,0.0,-3.2413768768310547
70.89617967605591,0.0,21.653,0.0,-3.2442264556884766
70.92724823951721,0.0,21.644,0.0,-3.2449557781219482
70.95865058898926,0.0,21.647,0.0,-3.2456398010253906
70.99062538146973,0.0,21.667,0.0,-3.246244430541992
71.02448868751526,0.0,21.671,0.0,-3.2483835220336914
71.05410432815552,0.0,21.663,0.0,-3.249251365661621
71.08710885047913,0.0,21.673,0.0,-3.249568223953247
71.11272692680359,0.0,21.637,0.0,-3.250213861465454
71.13680744171143,0.0,21.634,0.0,-3.2491817474365234
71.16867518424988,0.0,21.613,0.0,-3.2482399940490723
71.20098447799683,0.0,21.617,0.0,-3.244851589202881
71.23242807388306,0.0,21.63,0.0,-3.2441582679748535
71.26527261734009,0.0,21.612,0.0,-3.2441725730895996
71.30458092689514,0.0,21.62,0.0,-3.2430787086486816
71.32911944389343,0.0,21.608,0.0,-3.242938756942749
71.3686625957489,0.0,21.643,0.0,-3.242335319519043
71.40042281150818,0.0,21.647,0.0,-3.244307518005371
71.43175339698792,0.0,21.641,0.0,-3.244255304336548
71.46426272392273,0.0,21.616,0.0,-3.244762659072876
71.49939942359924,0.0,21.607,0.0,-3.243220329284668
71.5281629562378,0.0,21.624,0.0,-3.243253707885742
71.55995273590088,0.0,21.602,0.0,-3.242360830307007
71.5921618938446,0.0,21.617,0.0,-3.24180269241333
71.62318730354309,0.0,21.615,0.0,-3.2418715953826904
71.65404915809631,0.0,21.625,0.0,-3.2422902584075928
71.68680953979492,0.0,21.622,0.0,-3.2426209449768066
71.72461867332458,0.0,21.602,0.0,-3.2420237064361572
71.75063443183899,0.0,21.61,0.0,-3.241798162460327
71.78268074989319,0.0,21.621,0.0,-3.2416298389434814
71.81509160995483,0.0,21.623,0.0,-3.2419679164886475
71.84707617759705,0.0,21.614,0.0,-3.2422163486480713
71.87851524353027,0.0,21.608,0.0,-3.24243426322937
71.91159725189209,0.0,21.607,0.0,-3.2420592308044434
71.94276881217957,0.0,21.613,0.0,-3.241730213165283
71.97406816482544,0.0,21.612,0.0,-3.2416951656341553
72.01074767112732,0.0,21.651,0.0,-3.24272084236145
72.02742099761963,0.0,21.651,0.0,-3.2441039085388184
72.05869388580322,0.0,21.669,0.0,-3.2452967166900635
72.09115147590637,0.0,21.65,0.0,-3.2468414306640625
72.12519240379333,0.0,21.619,0.0,-3.246206760406494
72.15476751327515,0.0,21.634,0.0,-3.2460358142852783
72.1828863620758,0.0,21.647,0.0,-3.2464399337768555
72.21498227119446,0.0,21.677,0.0,-3.247288942337036
72.24701523780823,0.0,21.659,0.0,-3.2486486434936523
72.2796003818512,0.0,21.651,0.0,-3.2487940788269043
72.31057333946228,0.0,21.648,0.0,-3.2485477924346924
72.3429856300354,0.0,21.651,0.0,-3.2483434677124023
72.37720680236816,0.0,21.633,0.0,-3.2481577396392822
72.40628981590271,0.0,21.629,0.0,-3.247380256652832
72.43919634819031,0.0,21.61,0.0,-3.2466037273406982
72.47064065933228,0.0,21.636,0.0,-3.245201826095581
72.50278854370117,0.0,21.626,0.0,-3.2448840141296387
72.53507685661316,0.0,21.639,0.0,-3.244551181793213
72.56880760192871,0.0,21.621,0.0,-3.244844436645508
72.60000991821289,0.0,21.615,0.0,-3.243666887283325
72.63105201721191,0.0,21.604,0.0,-3.243042469024658
72.67456030845642,0.0,21.588,0.0,-3.2409441471099854
72.71864295005798,0.0,21.579,0.0,-3.239835739135742
72.75113081932068,0.0,21.583,0.0,-3.238088607788086
72.78260135650635,0.0,21.579,0.0,-3.237435817718506
72.81505084037781,0.0,21.63,0.0,-3.238003730773926
72.85028505325317,0.0,21.625,0.0,-3.240563154220581
72.87864375114441,0.0,21.644,0.0,-3.242149829864502
72.91098523139954,0.0,21.654,0.0,-3.2433812618255615
72.94274497032166,0.0,21.654,0.0,-3.2447521686553955
72.9750463962555,0.0,21.646,0.0,-3.2470309734344482
73.00694632530212,0.0,21.651,0.0,-3.2472081184387207
73.03810930252075,0.0,21.638,0.0,-3.247539520263672
73.07670044898987,0.0,21.645,0.0,-3.2472779750823975
73.10309958457947,0.0,21.622,0.0,-3.247760772705078
73.13467526435852,0.0,21.612,0.0,-3.2466936111450195
73.16722679138184,0.0,21.633,0.0,-3.2454373836517334
73.19935059547424,0.0,21.636,0.0,-3.245391845703125
73.2332272529602,0.0,21.665,0.0,-3.2461414337158203
73.27555084228516,0.0,21.667,0.0,-3.248133420944214
73.30793809890747,0.0,21.66,0.0,-3.2485344409942627
73.34056758880615,0.0,21.655,0.0,-3.249126434326172
73.37374067306519,0.0,21.653,0.0,-3.2489240169525146
73.42101645469666,0.0,21.624,0.0,-3.2480037212371826
73.45454740524292,0.0,21.648,0.0,-3.2469847202301025
73.48542308807373,0.0,21.636,0.0,-3.2470765113830566
73.51722526550293,0.0,21.67,0.0,-3.246641159057617
73.550208568573,0.0,21.66,0.0,-3.2480669021606445
73.5804090499878,0.0,21.649,0.0,-3.2484054565429688
73.61237454414368,0.0,21.653,0.0,-3.248199224472046
73.64481711387634,0.0,21.645,0.0,-3.248201608657837
73.67726683616638,0.0,21.623,0.0,-3.2466721534729004
73.70903635025024,0.0,21.636,0.0,-3.245750665664673
73.74198031425476,0.0,21.626,0.0,-3.245587110519409
73.76725101470947,0.0,21.643,0.0,-3.2450456619262695
73.80045962333679,0.0,21.635,0.0,-3.2452497482299805
73.83167147636414,0.0,21.642,0.0,-3.245473861694336
73.86384201049805,0.0,21.671,0.0,-3.2469537258148193
73.89573907852173,0.0,21.66,0.0,-3.2480151653289795
73.92852139472961,0.0,21.663,0.0,-3.2487645149230957
73.96086287498474,0.0,21.64,0.0,-3.248095989227295
73.99402499198914,0.0,21.652,0.0,-3.2480766773223877
74.02594637870789,0.0,21.628,0.0,-3.2479119300842285
74.05654454231262,0.0,21.623,0.0,-3.2469143867492676
74.08796763420105,0.0,21.626,0.0,-3.245931625366211
74.12199664115906,0.0,21.642,0.0,-3.245300531387329
74.15376567840576,0.0,21.637,0.0,-3.2450129985809326
74.18774676322937,0.0,21.631,0.0,-3.245070219039917
74.22602033615112,0.0,21.627,0.0,-3.24455189704895
74.25728034973145,0.0,21.66,0.0,-3.2451534271240234
74.28763461112976,0.0,21.674,0.0,-3.2461702823638916
74.3127806186676,0.0,21.68,0.0,-3.247546911239624
74.34532737731934,0.0,21.647,0.0,-3.248861074447632
74.3776605129242,0.0,21.649,0.0,-3.2482683658599854
74.4101185798645,0.0,21.652,0.0,-3.248220443725586
74.44163489341736,0.0,21.671,0.0,-3.247673511505127
74.47536158561707,0.0,21.676,0.0,-3.249429702758789
74.50548720359802,0.0,21.672,0.0,-3.2499358654022217
74.53778910636902,0.0,21.679,0.0,-3.2503175735473633
74.56951713562012,0.0,21.676,0.0,-3.2508959770202637
74.60175514221191,0.0,21.66,0.0,-3.250760316848755
74.63422775268555,0.0,21.654,0.0,-3.2504045963287354
74.66584849357605,0.0,21.668,0.0,-3.249868392944336
74.70201253890991,0.0,21.644,0.0,-3.249150276184082
74.73001337051392,0.0,21.633,0.0,-3.247664451599121
74.76193618774414,0.0,21.654,0.0,-3.2468526363372803
74.7941403388977,0.0,21.677,0.0,-3.2471120357513428
74.8368628025055,0.0,21.689,0.0,-3.25015926361084
74.86921834945679,0.0,21.65,0.0,-3.2511444091796875
74.90918135643005,0.0,21.645,0.0,-3.2493579387664795
74.93985486030579,0.0,21.639,0.0,-3.2485721111297607
74.97555994987488,0.0,21.635,0.0,-3.247030258178711
75.003333568573,0.0,21.636,0.0,-3.246485471725464
75.03453278541565,0.0,21.626,0.0,-3.2456514835357666
75.06698513031006,0.0,21.639,0.0,-3.2455618381500244
75.09861397743225,0.0,21.662,0.0,-3.2462658882141113
75.1307852268219,0.0,21.649,0.0,-3.2470316886901855
75.16429424285889,0.0,21.648,0.0,-3.247082471847534
75.18915152549744,0.0,21.654,0.0,-3.247082471847534
75.22648024559021,0.0,21.654,0.0,-3.247534990310669
75.25899839401245,0.0,21.648,0.0,-3.2476470470428467
75.29071998596191,0.0,21.632,0.0,-3.247523784637451
75.32286500930786,0.0,21.636,0.0,-3.2467567920684814
75.35507941246033,0.0,21.641,0.0,-3.2462196350097656
75.38650918006897,0.0,21.656,0.0,-3.2467665672302246
75.41811323165894,0.0,21.686,0.0,-3.2482008934020996
75.45033717155457,0.0,21.683,0.0,-3.2504820823669434
75.48203730583191,0.0,21.679,0.0,-3.2511842250823975
75.5146095752716,0.0,21.677,0.0,-3.251546859741211
75.54816603660583,0.0,21.685,0.0,-3.25173020362854
75.58694648742676,0.0,21.682,0.0,-3.2525079250335693
75.62704110145569,0.0,21.646,0.0,-3.2516825199127197
75.65812754631042,0.0,21.646,0.0,-3.250466823577881
75.69013404846191,0.0,21.613,0.0,-3.2495200634002686
75.72264385223389,0.0,21.61,0.0,-3.2474002838134766
75.75486421585083,0.0,21.617,0.0,-3.244582414627075
75.78656697273254,0.0,21.637,0.0,-3.2442429065704346
75.81924748420715,0.0,21.638,0.0,-3.244375467300415
75.8524317741394,0.0,21.634,0.0,-3.2445075511932373
75.88391780853271,0.0,21.623,0.0,-3.2440366744995117
75.91659641265869,0.0,21.623,0.0,-3.242593765258789
75.94754195213318,0.0,21.614,0.0,-3.2425856590270996
75.96452713012695,0.0,21.614,0.0,-3.2422192096710205
75.99647116661072,0.0,21.622,0.0,-3.2422890663146973
76.0288496017456,0.0,21.69,0.0,-3.2452847957611084
76.0606460571289,0.0,21.702,0.0,-3.2488150596618652
76.09272742271423,0.0,21.665,0.0,-3.2507848739624023
76.12700724601746,0.0,21.62,0.0,-3.2487967014312744
76.15696167945862,0.0,21.6,0.0,-3.2464423179626465
76.18968772888184,0.0,21.646,0.0,-3.2456681728363037
76.22143936157227,0.0,21.664,0.0,-3.2459540367126465
76.25350618362427,0.0,21.681,0.0,-3.248408794403076
76.28685331344604,0.0,21.663,0.0,-3.248788595199585
76.32791423797607,0.0,21.656,0.0,-3.248898506164551
76.35892701148987,0.0,21.649,0.0,-3.2485578060150146
76.39152812957764,0.0,21.679,0.0,-3.248288154602051
76.42000031471252,0.0,21.686,0.0,-3.2493350505828857
76.45178389549255,0.0,21.693,0.0,-3.2515671253204346
76.48289752006531,0.0,21.654,0.0,-3.2509613037109375
76.51551008224487,0.0,21.637,0.0,-3.250311851501465
76.54699206352234,0.0,21.65,0.0,-3.2490859031677246
76.57935309410095,0.0,21.653,0.0,-3.2484874725341797
76.6101143360138,0.0,21.669,0.0,-3.2491371631622314
76.64265871047974,0.0,21.668,0.0,-3.249512195587158
76.67529129981995,0.0,21.686,0.0,-3.2506980895996094
76.706303358078,0.0,21.68,0.0,-3.2511677742004395
76.73920822143555,0.0,21.685,0.0,-3.2515227794647217
76.77046871185303,0.0,21.687,0.0,-3.251997709274292
76.80332779884338,0.0,21.671,0.0,-3.252096652984619
76.83479380607605,0.0,21.681,0.0,-3.252241373062134
76.86604475975037,0.0,21.693,0.0,-3.252847671508789
76.89884090423584,0.0,21.708,0.0,-3.2529284954071045
76.92136311531067,0.0,21.714,0.0,-3.253988027572632
76.94999551773071,0.0,21.706,0.0,-3.2558507919311523
76.98097252845764,0.0,21.71,0.0,-3.2561182975769043
77.01278114318848,0.0,21.684,0.0,-3.256474494934082
77.05226755142212,0.0,21.733,0.0,-3.2553136348724365
77.08548879623413,0.0,21.749,0.0,-3.256770372390747
77.11663055419922,0.0,21.735,0.0,-3.258554458618164
77.14755535125732,0.0,21.75,0.0,-3.2593271732330322
77.1811113357544,0.0,21.718,0.0,-3.2603049278259277
77.21231889724731,0.0,21.728,0.0,-3.259894371032715
77.24488973617554,0.0,21.721,0.0,-3.259974956512451
77.27773022651672,0.0,21.707,0.0,-3.2589223384857178
77.3084409236908,0.0,21.721,0.0,-3.258876323699951
77.3410325050354,0.0,21.689,0.0,-3.257779121398926
77.37331414222717,0.0,21.695,0.0,-3.2566275596618652
77.406662940979,0.0,21.683,0.0,-3.254983901977539
77.43816709518433,0.0,21.685,0.0,-3.25429630279541
77.46999764442444,0.0,21.676,0.0,-3.253896474838257
77.51164770126343,0.0,21.662,0.0,-3.2518887519836426
77.54329252243042,0.0,21.655,0.0,-3.250971555709839
77.57509875297546,0.0,21.641,0.0,-3.249983787536621
77.60727286338806,0.0,21.645,0.0,-3.2478015422821045
77.63943433761597,0.0,21.656,0.0,-3.2471745014190674
77.67169570922852,0.0,21.649,0.0,-3.2471766471862793
77.71391558647156,0.0,21.659,0.0,-3.247732639312744
77.7317521572113,0.0,21.67,0.0,-3.247802257537842
77.76939821243286,0.0,21.68,0.0,-3.248335361480713
77.80038189888,0.0,21.659,0.0,-3.2491824626922607
77.83272123336792,0.0,21.653,0.0,-3.2485570907592773
77.8645658493042,0.0,21.639,0.0,-3.24766206741333
77.8966977596283,0.0,21.658,0.0,-3.247443437576294
77.92846250534058,0.0,21.679,0.0,-3.2486557960510254
77.96112108230591,0.0,21.725,0.0,-3.2513952255249023
77.98537731170654,0.0,21.733,0.0,-3.2538506984710693
78.0183835029602,0.0,21.754,0.0,-3.2557406425476074
78.04980206489563,0.0,21.753,0.0,-3.2580673694610596
78.08345174789429,0.0,21.696,0.0,-3.259474992752075
78.11380505561829,0.0,21.698,0.0,-3.258436679840088
78.1455283164978,0.0,21.703,0.0,-3.257692337036133
78.17797112464905,0.0,21.688,0.0,-3.256361961364746
78.20959377288818,0.0,21.687,0.0,-3.2555766105651855
78.24176073074341,0.0,21.668,0.0,-3.253868818283081
78.27423405647278,0.0,21.675,0.0,-3.252838611602783
78.30663180351257,0.0,21.694,0.0,-3.252753973007202
78.33834099769592,0.0,21.722,0.0,-3.254255771636963
78.37074089050293,0.0,21.709,0.0,-3.2548723220825195
78.4057285785675,0.0,21.701,0.0,-3.2566723823547363
78.43767595291138,0.0,21.696,0.0,-3.2563881874084473
78.46849036216736,0.0,21.687,0.0,-3.255949020385742
78.50221157073975,0.0,21.709,0.0,-3.255582094192505
78.53588366508484,0.0,21.71,0.0,-3.2561914920806885
78.567538022995,0.0,21.703,0.0,-3.2563633918762207
78.6045331954956,0.0,21.696,0.0,-3.2557663917541504
78.6322386264801,0.0,21.689,0.0,-3.2551357746124268
78.66432785987854,0.0,21.691,0.0,-3.254603862762451
78.69681215286255,0.0,21.679,0.0,-3.254319190979004
78.72947216033936,0.0,21.696,0.0,-3.253755569458008
78.76076602935791,0.0,21.719,0.0,-3.2548489570617676
78.79316592216492,0.0,21.723,0.0,-3.255864143371582
78.829758644104,0.0,21.742,0.0,-3.2585301399230957
78.85782384872437,0.0,21.723,0.0,-3.259488105773926
78.89046859741211,0.0,21.722,0.0,-3.259416103363037
78.92266917228699,0.0,21.732,0.0,-3.259303092956543
78.95477175712585,0.0,21.729,0.0,-3.259434461593628
78.9857611656189,0.0,21.727,0.0,-3.259570837020874
79.01796960830688,0.0,21.709,0.0,-3.259580612182617
79.04636979103088,0.0,21.712,0.0,-3.2588212490081787
79.08272767066956,0.0,21.707,0.0,-3.2577714920043945
79.1060996055603,0.0,21.7,0.0,-3.257025718688965
79.13926100730896,0.0,21.71,0.0,-3.256742238998413
79.17053294181824,0.0,21.714,0.0,-3.256650447845459
79.20331692695618,0.0,21.716,0.0,-3.2569117546081543
79.23559069633484,0.0,21.717,0.0,-3.257080316543579
79.26721382141113,0.0,21.696,0.0,-3.25632905960083
79.29809093475342,0.0,21.675,0.0,-3.2549097537994385
79.33011674880981,0.0,21.669,0.0,-3.252908945083618
79.36359786987305,0.0,21.677,0.0,-3.2519993782043457
79.39491534233093,0.0,21.699,0.0,-3.251647472381592
79.42646527290344,0.0,21.697,0.0,-3.252316474914551
79.45865726470947,0.0,21.688,0.0,-3.2531230449676514
79.49104571342468,0.0,21.702,0.0,-3.2530317306518555
79.52327013015747,0.0,21.715,0.0,-3.2535572052001953
79.55515742301941,0.0,21.705,0.0,-3.2548420429229736
79.58615493774414,0.0,21.689,0.0,-3.2545065879821777
79.61625957489014,0.0,21.696,0.0,-3.254163980484009
79.64873099327087,0.0,21.676,0.0,-3.254195213317871
79.68049669265747,0.0,21.68,0.0,-3.2529239654541016
79.71400809288025,0.0,21.666,0.0,-3.251988172531128
79.74578261375427,0.0,21.672,0.0,-3.250600814819336
79.78630113601685,0.0,21.662,0.0,-3.2499520778656006
79.8202395439148,0.0,21.663,0.0,-3.24961256980896
79.84375309944153,0.0,21.669,0.0,-3.2493648529052734
79.87546920776367,0.0,21.678,0.0,-3.2494401931762695
79.9082202911377,0.0,21.667,0.0,-3.2499594688415527
79.93953227996826,0.0,21.659,0.0,-3.24985408782959
79.9714105129242,0.0,21.632,0.0,-3.249446153640747
80.00507020950317,0.0,21.636,0.0,-3.2470738887786865
80.03601026535034,0.0,21.674,0.0,-3.247586727142334
80.06744694709778,0.0,21.698,0.0,-3.2483773231506348
80.09936141967773,0.0,21.705,0.0,-3.2500085830688477
80.13514733314514,0.0,21.705,0.0,-3.252779483795166
80.1663703918457,0.0,21.719,0.0,-3.254506826400757
80.19906735420227,0.0,21.72,0.0,-3.255622386932373
80.23121190071106,0.0,21.718,0.0,-3.25709867477417
80.26327466964722,0.0,21.693,0.0,-3.2564828395843506
80.29410028457642,0.0,21.684,0.0,-3.255610704421997
80.32657051086426,0.0,21.654,0.0,-3.253872871398926
80.35918426513672,0.0,21.658,0.0,-3.2512705326080322
80.39118981361389,0.0,21.648,0.0,-3.25046968460083
80.42292857170105,0.0,21.661,0.0,-3.2494378089904785
80.45625448226929,0.0,21.651,0.0,-3.248600959777832
80.48113870620728,0.0,21.677,0.0,-3.2481534481048584
80.51664519309998,0.0,21.674,0.0,-3.248913049697876
80.55807757377625,0.0,21.674,0.0,-3.2497618198394775
80.58939552307129,0.0,21.655,0.0,-3.249638795852661
80.62235498428345,0.0,21.65,0.0,-3.249171733856201
80.66434836387634,0.0,21.642,0.0,-3.2475898265838623
80.69685983657837,0.0,21.639,0.0,-3.247066020965576
80.73071575164795,0.0,21.63,0.0,-3.2457823753356934
80.76211833953857,0.0,21.643,0.0,-3.2457518577575684
80.7943766117096,0.0,21.629,0.0,-3.2458276748657227
80.82501721382141,0.0,21.646,0.0,-3.2452290058135986
80.8578941822052,0.0,21.661,0.0,-3.2463433742523193
80.88940858840942,0.0,21.644,0.0,-3.2462968826293945
80.92102026939392,0.0,21.657,0.0,-3.2468152046203613
80.95610499382019,0.0,21.651,0.0,-3.2476274967193604
80.98517274856567,0.0,21.643,0.0,-3.2476069927215576
81.0182101726532,0.0,21.64,0.0,-3.2472572326660156
81.0502576828003,0.0,21.639,0.0,-3.2468631267547607
81.08255243301392,0.0,21.667,0.0,-3.247015953063965
81.11440896987915,0.0,21.667,0.0,-3.247823476791382
81.14659643173218,0.0,21.673,0.0,-3.2484493255615234
81.17053031921387,0.0,21.651,0.0,-3.2491838932037354
81.20587635040283,0.0,21.656,0.0,-3.248751640319824
81.23081040382385,0.0,21.654,0.0,-3.2486085891723633
81.26650166511536,0.0,21.7,0.0,-3.249629497528076
81.2999587059021,0.0,21.701,0.0,-3.2512128353118896
81.333087682724,0.0,21.693,0.0,-3.2530934810638428
81.36504101753235,0.0,21.658,0.0,-3.252089500427246
81.39678430557251,0.0,21.646,0.0,-3.2507948875427246
81.43134570121765,0.0,21.661,0.0,-3.2498908042907715
81.46196842193604,0.0,21.667,0.0,-3.2497072219848633
81.49445986747742,0.0,21.682,0.0,-3.2498159408569336
81.52658700942993,0.0,21.677,0.0,-3.2505288124084473
81.55840563774109,0.0,21.647,0.0,-3.2509572505950928
81.59059810638428,0.0,21.647,0.0,-3.249929666519165
81.62195038795471,0.0,21.648,0.0,-3.2491321563720703
81.65549993515015,0.0,21.664,0.0,-3.2487902641296387
81.68567752838135,0.0,21.677,0.0,-3.249519109725952
81.71363282203674,0.0,21.674,0.0,-3.2499585151672363
81.7540454864502,0.0,21.649,0.0,-3.249281167984009
81.78650498390198,0.0,21.659,0.0,-3.2491424083709717
81.81804060935974,0.0,21.657,0.0,-3.248952627182007
81.85066819190979,0.0,21.693,0.0,-3.249228000640869
81.88235640525818,0.0,21.692,0.0,-3.2507009506225586
81.92286014556885,0.0,21.679,0.0,-3.2516303062438965
81.96432590484619,0.0,21.627,0.0,-3.2509515285491943
82.00508785247803,0.0,21.639,0.0,-3.2481255531311035
82.03552341461182,0.0,21.713,0.0,-3.2492871284484863
82.06864142417908,0.0,21.684,0.0,-3.2514073848724365
82.10014533996582,0.0,21.678,0.0,-3.2518272399902344
82.13338732719421,0.0,21.667,0.0,-3.251474618911743
82.16473960876465,0.0,21.66,0.0,-3.2504308223724365
82.19713568687439,0.0,21.672,0.0,-3.2500405311584473
82.23015475273132,0.0,21.673,0.0,-3.250441312789917
82.26825714111328,0.0,21.683,0.0,-3.251014471054077
82.30091094970703,0.0,21.684,0.0,-3.2514560222625732
82.33370184898376,0.0,21.701,0.0,-3.252838611602783
82.36542248725891,0.0,21.681,0.0,-3.2527668476104736
82.39797472953796,0.0,21.668,0.0,-3.2526609897613525
82.42966055870056,0.0,21.675,0.0,-3.251896619796753
82.4616448879242,0.0,21.687,0.0,-3.251760959625244
82.49450635910034,0.0,21.694,0.0,-3.2521567344665527
82.52638721466064,0.0,21.688,0.0,-3.252753496170044
82.55863976478577,0.0,21.686,0.0,-3.2526485919952393
82.59067797660828,0.0,21.702,0.0,-3.252781867980957
82.62275767326355,0.0,21.732,0.0,-3.253551959991455
82.65707874298096,0.0,21.719,0.0,-3.256275177001953
82.6869945526123,0.0,21.707,0.0,-3.256431818008423
82.71963739395142,0.0,21.681,0.0,-3.2562010288238525
82.75778126716614,0.0,21.69,0.0,-3.254884719848633
82.78201484680176,0.0,21.687,0.0,-3.2544665336608887
82.81861233711243,0.0,21.694,0.0,-3.2544312477111816
82.84948658943176,0.0,21.707,0.0,-3.2550289630889893
82.88155436515808,0.0,21.718,0.0,-3.2561452388763428
82.91409826278687,0.0,21.715,0.0,-3.2565858364105225
82.94485378265381,0.0,21.692,0.0,-3.2569162845611572
82.97759079933167,0.0,21.677,0.0,-3.256195068359375
83.00895261764526,0.0,21.669,0.0,-3.2537310123443604
83.04178190231323,0.0,21.67,0.0,-3.252751350402832
83.05770611763,0.0,21.669,0.0,-3.252039909362793
83.09014582633972,0.0,21.671,0.0,-3.2514548301696777
83.12195920944214,0.0,21.663,0.0,-3.2510952949523926
83.15396213531494,0.0,21.661,0.0,-3.2504916191101074
83.18585634231567,0.0,21.646,0.0,-3.248918056488037
83.21760106086731,0.0,21.699,0.0,-3.249476909637451
83.25093626976013,0.0,21.716,0.0,-3.250805616378784
83.28240823745728,0.0,21.734,0.0,-3.254671096801758
83.31113910675049,0.0,21.706,0.0,-3.2551259994506836
83.3397126197815,0.0,21.706,0.0,-3.25546932220459
83.38724184036255,0.0,21.691,0.0,-3.2553796768188477
83.42135906219482,0.0,21.684,0.0,-3.254711866378784
83.4517879486084,0.0,21.685,0.0,-3.2542307376861572
83.48247790336609,0.0,21.677,0.0,-3.2532260417938232
83.51422715187073,0.0,21.7,0.0,-3.2534117698669434
83.54639720916748,0.0,21.7,0.0,-3.2538504600524902
83.57804250717163,0.0,21.707,0.0,-3.2541892528533936
83.6096339225769,0.0,21.702,0.0,-3.254958152770996
83.64197587966919,0.0,21.693,0.0,-3.254741668701172
83.67378306388855,0.0,21.666,0.0,-3.2539401054382324
83.70766997337341,0.0,21.674,0.0,-3.2522811889648438
83.73874044418335,0.0,21.663,0.0,-3.2514121532440186
83.7700138092041,0.0,21.674,0.0,-3.2507472038269043
83.80236148834229,0.0,21.672,0.0,-3.250704526901245
83.83390736579895,0.0,21.679,0.0,-3.2505249977111816
83.86806440353394,0.0,21.683,0.0,-3.2507717609405518
83.89912176132202,0.0,21.712,0.0,-3.2511391639709473
83.93367505073547,0.0,21.705,0.0,-3.253523111343384
83.96325397491455,0.0,21.712,0.0,-3.2544918060302734
83.99455332756042,0.0,21.696,0.0,-3.2544376850128174
84.0106725692749,0.0,21.696,0.0,-3.254514694213867
84.05070638656616,0.0,21.684,0.0,-3.2540640830993652
84.119952917099,0.0,21.707,0.0,-3.254183053970337
84.13761448860168,0.0,21.707,0.0,-3.254760265350342
84.16949796676636,0.0,21.68,0.0,-3.254067897796631
84.20221185684204,0.0,21.69,0.0,-3.2539479732513428
84.23433899879456,0.0,21.67,0.0,-3.2535672187805176
84.26712346076965,0.0,21.672,0.0,-3.2527153491973877
84.29935121536255,0.0,21.678,0.0,-3.2521417140960693
84.33545875549316,0.0,21.675,0.0,-3.251687526702881
84.36001563072205,0.0,21.672,0.0,-3.251361131668091
84.39526534080505,0.0,21.687,0.0,-3.2513668537139893
84.42782068252563,0.0,21.691,0.0,-3.251755475997925
84.45931839942932,0.0,21.692,0.0,-3.252640962600708
84.49071288108826,0.0,21.695,0.0,-3.2530863285064697
84.521817445755,0.0,21.7,0.0,-3.253514528274536
84.55389142036438,0.0,21.695,0.0,-3.253969430923462
84.58555698394775,0.0,21.689,0.0,-3.253957748413086
84.61773490905762,0.0,21.686,0.0,-3.2537119388580322
84.64960503578186,0.0,21.678,0.0,-3.2531826496124268
84.68225264549255,0.0,21.676,0.0,-3.2528269290924072
84.73046445846558,0.0,21.656,0.0,-3.252413749694824
84.76261329650879,0.0,21.677,0.0,-3.2510457038879395
84.80298089981079,0.0,21.688,0.0,-3.2510883808135986
84.83456754684448,0.0,21.69,0.0,-3.252067804336548
84.85927176475525,0.0,21.709,0.0,-3.2532382011413574
84.89061188697815,0.0,21.683,0.0,-3.2534711360931396
84.92012739181519,0.0,21.692,0.0,-3.2532286643981934
84.95241641998291,0.0,21.696,0.0,-3.2534162998199463
84.98343086242676,0.0,21.707,0.0,-3.2544264793395996
85.0151674747467,0.0,21.711,0.0,-3.2551302909851074
85.04684638977051,0.0,21.727,0.0,-3.2554574012756348
85.08396935462952,0.0,21.71,0.0,-3.256730556488037
85.11136078834534,0.0,21.724,0.0,-3.2574195861816406
85.14412832260132,0.0,21.723,0.0,-3.25789737701416
85.17610383033752,0.0,21.712,0.0,-3.2577903270721436
85.20774555206299,0.0,21.705,0.0,-3.258498430252075
85.24024963378906,0.0,21.706,0.0,-3.2579195499420166
85.27175760269165,0.0,21.715,0.0,-3.2575013637542725
85.30375695228577,0.0,21.709,0.0,-3.2575461864471436
85.33613610267639,0.0,21.716,0.0,-3.257432699203491
85.36831188201904,0.0,21.69,0.0,-3.256924867630005
85.40073728561401,0.0,21.689,0.0,-3.2560229301452637
85.4326982498169,0.0,21.692,0.0,-3.2548341751098633
85.4632351398468,0.0,21.69,0.0,-3.2544076442718506
85.50352358818054,0.0,21.731,0.0,-3.254796266555786
85.53575539588928,0.0,21.733,0.0,-3.257209539413452
85.55991816520691,0.0,21.748,0.0,-3.2586865425109863
85.59065508842468,0.0,21.736,0.0,-3.2593164443969727
85.62347912788391,0.0,21.702,0.0,-3.2592034339904785
85.65503692626953,0.0,21.694,0.0,-3.2582640647888184
85.68704462051392,0.0,21.684,0.0,-3.255939483642578
85.71952629089355,0.0,21.675,0.0,-3.2545924186706543
85.75085401535034,0.0,21.691,0.0,-3.2535557746887207
85.78406739234924,0.0,21.704,0.0,-3.2533106803894043
85.81456565856934,0.0,21.736,0.0,-3.253812789916992
85.84659934043884,0.0,21.728,0.0,-3.255553960800171
85.87982940673828,0.0,21.72,0.0,-3.2565689086914062
85.91128826141357,0.0,21.686,0.0,-3.2566440105438232
85.93708276748657,0.0,21.686,0.0,-3.255638360977173
85.96574592590332,0.0,21.705,0.0,-3.254859447479248
85.99772071838379,0.0,21.684,0.0,-3.2550573348999023
86.02923512458801,0.0,21.703,0.0,-3.254331588745117
86.06148934364319,0.0,21.724,0.0,-3.255645513534546
86.09317088127136,0.0,21.742,0.0,-3.2559733390808105
86.12556958198547,0.0,21.743,0.0,-3.257485866546631
86.15822291374207,0.0,21.733,0.0,-3.259197473526001
86.18971800804138,0.0,21.747,0.0,-3.2601637840270996
86.21497297286987,0.0,21.737,0.0,-3.260477304458618
86.2494125366211,0.0,21.72,0.0,-3.260788679122925
86.28858685493469,0.0,21.726,0.0,-3.2600111961364746
86.3214647769928,0.0,21.718,0.0,-3.2595057487487793
86.35376787185669,0.0,21.747,0.0,-3.2591896057128906
86.38626384735107,0.0,21.757,0.0,-3.2607429027557373
86.4183738231659,0.0,21.746,0.0,-3.26167368888855
86.45002174377441,0.0,21.738,0.0,-3.2619194984436035
86.48698925971985,0.0,21.716,0.0,-3.2616240978240967
86.51728916168213,0.0,21.742,0.0,-3.2605838775634766
86.54797101020813,0.0,21.743,0.0,-3.2608633041381836
86.5803542137146,0.0,21.731,0.0,-3.261115312576294
86.61129760742188,0.0,21.708,0.0,-3.259582996368408
86.64433002471924,0.0,21.714,0.0,-3.2585973739624023
86.67674112319946,0.0,21.706,0.0,-3.2581310272216797
86.70964574813843,0.0,21.715,0.0,-3.2572872638702393
86.74168753623962,0.0,21.715,0.0,-3.2571775913238525
86.77379751205444,0.0,21.72,0.0,-3.257603883743286
86.80661034584045,0.0,21.722,0.0,-3.257645845413208
86.83879733085632,0.0,21.739,0.0,-3.2585792541503906
86.8704526424408,0.0,21.728,0.0,-3.2587473392486572
86.90258288383484,0.0,21.73,0.0,-3.2590034008026123
86.94829845428467,0.0,21.723,0.0,-3.25927734375
86.97198700904846,0.0,21.728,0.0,-3.259073257446289
87.00343894958496,0.0,21.76,0.0,-3.2591238021850586
87.02937579154968,0.0,21.735,0.0,-3.2605056762695312
87.06149649620056,0.0,21.747,0.0,-3.2602744102478027
87.093270778656,0.0,21.75,0.0,-3.2608344554901123
87.12575125694275,0.0,21.738,0.0,-3.261387825012207
87.16076493263245,0.0,21.734,0.0,-3.2610647678375244
87.19055986404419,0.0,21.756,0.0,-3.261796712875366
87.22237968444824,0.0,21.782,0.0,-3.262103796005249
87.25482892990112,0.0,21.771,0.0,-3.263676643371582
87.2863450050354,0.0,21.746,0.0,-3.263929605484009
87.31895422935486,0.0,21.738,0.0,-3.263200283050537
87.35095453262329,0.0,21.682,0.0,-3.2613229751586914
87.38617157936096,0.0,21.693,0.0,-3.2573423385620117
87.41557383537292,0.0,21.697,0.0,-3.2563815116882324
87.44739651679993,0.0,21.712,0.0,-3.2562828063964844
87.48034453392029,0.0,21.724,0.0,-3.256977081298828
87.51249623298645,0.0,21.73,0.0,-3.2577109336853027
87.55273628234863,0.0,21.741,0.0,-3.258112907409668
87.58640003204346,0.0,21.733,0.0,-3.259162187576294
87.61118173599243,0.0,21.745,0.0,-3.2598767280578613
87.63886952400208,0.0,21.732,0.0,-3.260512351989746
87.67011904716492,0.0,21.753,0.0,-3.260370969772339
87.7046594619751,0.0,21.748,0.0,-3.2611398696899414
87.7353982925415,0.0,21.739,0.0,-3.2614285945892334
87.7676990032196,0.0,21.722,0.0,-3.260889768600464
87.80021047592163,0.0,21.729,0.0,-3.260215997695923
87.8359842300415,0.0,21.757,0.0,-3.260984182357788
87.86561608314514,0.0,21.772,0.0,-3.2623839378356934
87.89757132530212,0.0,21.779,0.0,-3.263753890991211
87.93105602264404,0.0,21.758,0.0,-3.264676332473755
87.96151423454285,0.0,21.752,0.0,-3.2643070220947266
87.99377202987671,0.0,21.753,0.0,-3.264052391052246
88.0248954296112,0.0,21.737,0.0,-3.2638862133026123
88.06219911575317,0.0,21.712,0.0,-3.2613918781280518
88.11909532546997,0.0,21.707,0.0,-3.2584335803985596
88.1515576839447,0.0,21.734,0.0,-3.2576024532318115
88.18278884887695,0.0,21.73,0.0,-3.2581069469451904
88.21514129638672,0.0,21.76,0.0,-3.2595009803771973
88.24757814407349,0.0,21.764,0.0,-3.260698080062866
88.27854704856873,0.0,21.781,0.0,-3.261793851852417
88.31117796897888,0.0,21.775,0.0,-3.2642993927001953
88.34605741500854,0.0,21.749,0.0,-3.2645578384399414
88.3799831867218,0.0,21.725,0.0,-3.2641148567199707
88.40276908874512,0.0,21.73,0.0,-3.2627525329589844
88.43494868278503,0.0,21.731,0.0,-3.2612831592559814
88.46732330322266,0.0,21.731,0.0,-3.260805130004883
88.49904751777649,0.0,21.728,0.0,-3.260312080383301
88.53154635429382,0.0,21.726,0.0,-3.2596826553344727
88.56365990638733,0.0,21.734,0.0,-3.259005546569824
88.59893584251404,0.0,21.738,0.0,-3.2591981887817383
88.62960505485535,0.0,21.742,0.0,-3.2595229148864746
88.66068506240845,0.0,21.738,0.0,-3.260113477706909
88.69386792182922,0.0,21.706,0.0,-3.259782314300537
88.723797082901,0.0,21.713,0.0,-3.2586474418640137
88.75648856163025,0.0,21.729,0.0,-3.2580692768096924
88.78804159164429,0.0,21.742,0.0,-3.2590372562408447
88.81968641281128,0.0,21.761,0.0,-3.2604095935821533
88.85189032554626,0.0,21.777,0.0,-3.2616403102874756
88.88489079475403,0.0,21.782,0.0,-3.2644174098968506
88.9205436706543,0.0,21.794,0.0,-3.26593279838562
88.93763470649719,0.0,21.812,0.0,-3.267843246459961
88.9793586730957,0.0,21.799,0.0,-3.268751859664917
89.01198601722717,0.0,21.778,0.0,-3.2696290016174316
89.05087447166443,0.0,21.756,0.0,-3.269169569015503
89.08617091178894,0.0,21.75,0.0,-3.2665855884552
89.1439881324768,0.0,21.742,0.0,-3.2645211219787598
89.17588973045349,0.0,21.745,0.0,-3.263636827468872
89.2123818397522,0.0,21.753,0.0,-3.2629876136779785
89.2419924736023,0.0,21.764,0.0,-3.2633824348449707
89.27318978309631,0.0,21.747,0.0,-3.262977361679077
89.30480861663818,0.0,21.727,0.0,-3.261826992034912
89.3372163772583,0.0,21.726,0.0,-3.2602274417877197
89.36908006668091,0.0,21.739,0.0,-3.2602312564849854
89.40155959129333,0.0,21.745,0.0,-3.260498285293579
89.43828701972961,0.0,21.752,0.0,-3.260977029800415
89.46520686149597,0.0,21.762,0.0,-3.2613964080810547
89.4973554611206,0.0,21.766,0.0,-3.262146472930908
89.52974462509155,0.0,21.773,0.0,-3.262897491455078
89.56242084503174,0.0,21.768,0.0,-3.2642359733581543
89.5939519405365,0.0,21.743,0.0,-3.264504909515381
89.62638521194458,0.0,21.728,0.0,-3.2637405395507812
89.66374254226685,0.0,21.736,0.0,-3.261901617050171
89.69407200813293,0.0,21.737,0.0,-3.261472225189209
89.72519159317017,0.0,21.769,0.0,-3.2619004249572754
89.75732398033142,0.0,21.77,0.0,-3.2628238201141357
89.78150033950806,0.0,21.755,0.0,-3.2635812759399414
89.81125903129578,0.0,21.755,0.0,-3.263495922088623
89.8537802696228,0.0,21.732,0.0,-3.263126850128174
89.86972093582153,0.0,21.732,0.0,-3.262209892272949
89.90175819396973,0.0,21.735,0.0,-3.261627197265625
89.93762826919556,0.0,21.727,0.0,-3.2597062587738037
89.96560263633728,0.0,21.726,0.0,-3.2593727111816406
89.99861335754395,0.0,21.73,0.0,-3.2590842247009277
90.03042459487915,0.0,21.748,0.0,-3.259040594100952
90.06236433982849,0.0,21.745,0.0,-3.2602248191833496
90.09436082839966,0.0,21.745,0.0,-3.2607898712158203
90.12678980827332,0.0,21.754,0.0,-3.2610208988189697
90.1622371673584,0.0,21.745,0.0,-3.2616350650787354
90.1878936290741,0.0,21.745,0.0,-3.261676788330078
90.21967482566833,0.0,21.719,0.0,-3.2606165409088135
90.25160074234009,0.0,21.71,0.0,-3.259714126586914
90.28268957138062,0.0,21.695,0.0,-3.2587270736694336
90.31412672996521,0.0,21.728,0.0,-3.2576687335968018
90.34492254257202,0.0,21.734,0.0,-3.2581865787506104
90.37730264663696,0.0,21.742,0.0,-3.2589335441589355
90.40916347503662,0.0,21.72,0.0,-3.2599809169769287
90.4429669380188,0.0,21.725,0.0,-3.2589685916900635
90.47196221351624,0.0,21.716,0.0,-3.2588422298431396
90.50691413879395,0.0,21.717,0.0,-3.258371353149414
90.53954887390137,0.0,21.741,0.0,-3.259077310562134
90.56945872306824,0.0,21.721,0.0,-3.2596206665039062
90.60176134109497,0.0,21.713,0.0,-3.259202718734741
90.63775515556335,0.0,21.709,0.0,-3.257871389389038
90.66710424423218,0.0,21.735,0.0,-3.2584478855133057
90.7175612449646,0.0,21.726,0.0,-3.2590675354003906
90.75044965744019,0.0,21.723,0.0,-3.2592978477478027
90.78177952766418,0.0,21.718,0.0,-3.259056806564331
90.81354188919067,0.0,21.729,0.0,-3.258819103240967
90.84455108642578,0.0,21.73,0.0,-3.2589855194091797
90.8775544166565,0.0,21.733,0.0,-3.2592415809631348
90.90870881080627,0.0,21.721,0.0,-3.259860038757324
90.94167494773865,0.0,21.709,0.0,-3.2597789764404297
90.97284746170044,0.0,21.711,0.0,-3.258840560913086
91.00475239753723,0.0,21.707,0.0,-3.258199453353882
91.03934073448181,0.0,21.735,0.0,-3.258208990097046
91.06860613822937,0.0,21.74,0.0,-3.258690357208252
91.10110473632812,0.0,21.772,0.0,-3.259317398071289
91.13295888900757,0.0,21.771,0.0,-3.2611465454101562
91.16537809371948,0.0,21.779,0.0,-3.2638983726501465
91.18977451324463,0.0,21.778,0.0,-3.264911651611328
91.21939945220947,0.0,21.771,0.0,-3.265383005142212
91.25333309173584,0.0,21.798,0.0,-3.2661476135253906
91.28399634361267,0.0,21.802,0.0,-3.26743221282959
91.31802296638489,0.0,21.785,0.0,-3.2687106132507324
91.34927654266357,0.0,21.788,0.0,-3.268918514251709
91.38096833229065,0.0,21.756,0.0,-3.2683398723602295
91.41326546669006,0.0,21.749,0.0,-3.2660763263702393
91.44584250450134,0.0,21.737,0.0,-3.264660358428955
91.48298525810242,0.0,21.745,0.0,-3.26389479637146
91.50870490074158,0.0,21.765,0.0,-3.263300657272339
91.54188227653503,0.0,21.789,0.0,-3.264817237854004
91.57278060913086,0.0,21.78,0.0,-3.2658615112304688
91.58889770507812,0.0,21.78,0.0,-3.2662851810455322
91.63748621940613,0.0,21.748,0.0,-3.2644622325897217
91.66868925094604,0.0,21.767,0.0,-3.2646398544311523
91.70020365715027,0.0,21.779,0.0,-3.264859914779663
91.73281621932983,0.0,21.784,0.0,-3.2654480934143066
91.76536250114441,0.0,21.777,0.0,-3.266321897506714
91.80162453651428,0.0,21.781,0.0,-3.2666473388671875
91.83382248878479,0.0,21.789,0.0,-3.267143726348877
91.86639881134033,0.0,21.783,0.0,-3.2676968574523926
91.90373492240906,0.0,21.782,0.0,-3.2677595615386963
91.94877123832703,0.0,21.777,0.0,-3.2679550647735596
91.97227835655212,0.0,21.777,0.0,-3.2676801681518555
92.00342655181885,0.0,21.782,0.0,-3.2674593925476074
92.03574109077454,0.0,21.782,0.0,-3.2674925327301025
92.06800866127014,0.0,21.803,0.0,-3.267900228500366
92.10020613670349,0.0,21.803,0.0,-3.2686986923217773
92.13291811943054,0.0,21.791,0.0,-3.269308567047119
92.16506814956665,0.0,21.784,0.0,-3.268929958343506
92.19751906394958,0.0,21.796,0.0,-3.2693331241607666
92.22926068305969,0.0,21.763,0.0,-3.2694687843322754
92.24487709999084,0.0,21.763,0.0,-3.268178939819336
92.27693390846252,0.0,21.748,0.0,-3.2667558193206787
92.31148862838745,0.0,21.757,0.0,-3.2654452323913574
92.35233068466187,0.0,21.79,0.0,-3.2657206058502197
92.38380932807922,0.0,21.81,0.0,-3.26689076423645
92.41666889190674,0.0,21.797,0.0,-3.268622636795044
92.44835996627808,0.0,21.789,0.0,-3.2686266899108887
92.48010087013245,0.0,21.775,0.0,-3.2686240673065186
92.511727809906,0.0,21.739,0.0,-3.268028974533081
92.54380869865417,0.0,21.948,0.0,-3.274897575378418
92.57559180259705,0.0,21.994,0.0,-3.280086040496826
92.61601877212524,0.0,22.021,0.0,-3.276233673095703
92.64534330368042,0.0,21.839,0.0,-3.2840518951416016
92.6669089794159,0.0,21.809,0.0,-3.282418966293335
92.70001578330994,0.0,21.887,0.0,-3.2798519134521484
92.73378896713257,0.0,21.804,0.0,-3.281109571456909
92.7646255493164,0.0,21.696,0.0,-3.2720437049865723
92.79565215110779,0.0,21.543,0.0,-3.2605674266815186
92.8261890411377,0.0,21.729,0.0,-3.2542834281921387
92.86913561820984,0.0,21.735,0.0,-3.255404472351074
92.90091395378113,0.0,21.801,0.0,-3.2587547302246094
92.93411946296692,0.0,21.764,0.0,-3.2612688541412354
92.96503329277039,0.0,21.794,0.0,-3.2635316848754883
92.99967384338379,0.0,21.843,0.0,-3.2669336795806885
93.02937316894531,0.0,21.814,0.0,-3.2683560848236084
93.0664689540863,0.0,21.757,0.0,-3.2690813541412354
93.09413385391235,0.0,21.717,0.0,-3.2676095962524414
93.12593531608582,0.0,21.732,0.0,-3.26478910446167
93.15771555900574,0.0,21.738,0.0,-3.2632434368133545
93.19007849693298,0.0,21.762,0.0,-3.2626194953918457
93.22243666648865,0.0,21.785,0.0,-3.2629997730255127
93.25388312339783,0.0,21.81,0.0,-3.264148473739624
93.28632283210754,0.0,21.792,0.0,-3.2660975456237793
93.31948375701904,0.0,21.747,0.0,-3.2655463218688965
93.34585738182068,0.0,21.736,0.0,-3.264073371887207
93.38017439842224,0.0,21.738,0.0,-3.262225866317749
93.40165138244629,0.0,21.738,0.0,-3.261605978012085
93.4349217414856,0.0,21.794,0.0,-3.2622337341308594
93.4662663936615,0.0,21.784,0.0,-3.264941692352295
93.4988625049591,0.0,21.771,0.0,-3.2656781673431396
93.53113865852356,0.0,21.755,0.0,-3.2657008171081543
93.56591081619263,0.0,21.767,0.0,-3.2636117935180664
93.59488677978516,0.0,21.77,0.0,-3.26393461227417
93.62741684913635,0.0,21.775,0.0,-3.264315366744995
93.65848994255066,0.0,21.744,0.0,-3.2648231983184814
93.69040298461914,0.0,21.735,0.0,-3.2628376483917236
93.72262334823608,0.0,21.743,0.0,-3.2614641189575195
93.75405788421631,0.0,21.809,0.0,-3.261293888092041
93.78570199012756,0.0,21.822,0.0,-3.263946533203125
93.81755638122559,0.0,21.854,0.0,-3.2699036598205566
93.84969425201416,0.0,21.8,0.0,-3.270214080810547
93.88165640830994,0.0,21.752,0.0,-3.2692153453826904
93.90192008018494,0.0,21.752,0.0,-3.267627239227295
93.94731903076172,0.0,21.753,0.0,-3.265270233154297
93.97863459587097,0.0,21.766,0.0,-3.2651469707489014
93.99477624893188,0.0,21.782,0.0,-3.2657251358032227
94.03498435020447,0.0,21.81,0.0,-3.2661731243133545
94.07557225227356,0.0,21.802,0.0,-3.2680678367614746
94.10772252082825,0.0,21.785,0.0,-3.268810272216797
94.13931250572205,0.0,21.78,0.0,-3.268325090408325
94.17105603218079,0.0,21.784,0.0,-3.2682666778564453
94.20284104347229,0.0,21.785,0.0,-3.268172264099121
94.2349898815155,0.0,21.772,0.0,-3.2681350708007812
94.26784825325012,0.0,21.774,0.0,-3.267185688018799
94.29957151412964,0.0,21.797,0.0,-3.2673182487487793
94.33121371269226,0.0,21.802,0.0,-3.267965316772461
94.36482238769531,0.0,21.797,0.0,-3.269005298614502
94.39572358131409,0.0,21.804,0.0,-3.2695493698120117
94.42973732948303,0.0,21.783,0.0,-3.269289970397949
94.4619083404541,0.0,21.771,0.0,-3.268871545791626
94.49460768699646,0.0,21.757,0.0,-3.2668018341064453
94.52652907371521,0.0,21.768,0.0,-3.2663087844848633
94.54144811630249,0.0,21.773,0.0,-3.266141891479492
94.57383584976196,0.0,21.78,0.0,-3.2663116455078125
94.60603737831116,0.0,21.792,0.0,-3.266951322555542
94.63855361938477,0.0,21.783,0.0,-3.267448902130127
94.67041444778442,0.0,21.771,0.0,-3.267493963241577
94.70536303520203,0.0,21.769,0.0,-3.2669858932495117
94.73078894615173,0.0,21.773,0.0,-3.266509532928467
94.77112865447998,0.0,21.779,0.0,-3.266035318374634
94.80263090133667,0.0,21.779,0.0,-3.2662038803100586
94.83431220054626,0.0,21.731,0.0,-3.266338348388672
94.86646795272827,0.0,21.741,0.0,-3.2633795738220215
94.89812803268433,0.0,21.796,0.0,-3.263124942779541
94.9313497543335,0.0,21.796,0.0,-3.264705181121826
94.96087121963501,0.0,21.794,0.0,-3.2659366130828857
94.98571276664734,0.0,21.787,0.0,-3.26680850982666
95.02447772026062,0.0,21.785,0.0,-3.26739501953125
95.05640172958374,0.0,21.772,0.0,-3.2668371200561523
95.08861064910889,0.0,21.764,0.0,-3.266570568084717
95.10434293746948,0.0,21.764,0.0,-3.2660272121429443
95.13698673248291,0.0,21.8,0.0,-3.2656073570251465
95.16854906082153,0.0,21.801,0.0,-3.2670695781707764
95.20101070404053,0.0,21.818,0.0,-3.2679715156555176
95.23300695419312,0.0,21.779,0.0,-3.269378185272217
95.26431226730347,0.0,21.772,0.0,-3.2688193321228027
95.29802250862122,0.0,21.753,0.0,-3.266542673110962
95.32995367050171,0.0,21.787,0.0,-3.265517234802246
95.36203503608704,0.0,21.777,0.0,-3.26615571975708
95.39711570739746,0.0,21.77,0.0,-3.26692533493042
95.43057990074158,0.0,21.766,0.0,-3.2665371894836426
95.44969868659973,0.0,21.783,0.0,-3.266068935394287
95.48668074607849,0.0,21.815,0.0,-3.2664225101470947
95.510582447052,0.0,21.81,0.0,-3.2680411338806152
95.54364800453186,0.0,21.785,0.0,-3.2688281536102295
95.57546997070312,0.0,21.765,0.0,-3.267784595489502
95.60697889328003,0.0,21.798,0.0,-3.2671408653259277
95.64268326759338,0.0,21.825,0.0,-3.269547462463379
95.6705493927002,0.0,21.817,0.0,-3.2705109119415283
95.70237708091736,0.0,21.796,0.0,-3.2703635692596436
95.73560881614685,0.0,21.781,0.0,-3.2693140506744385
95.76644992828369,0.0,21.788,0.0,-3.2683770656585693
95.7985405921936,0.0,21.803,0.0,-3.26835036277771
95.82999539375305,0.0,21.8,0.0,-3.26895809173584
95.86209416389465,0.0,21.781,0.0,-3.2692995071411133
95.89421486854553,0.0,21.756,0.0,-3.2675437927246094
95.92594981193542,0.0,21.762,0.0,-3.266350507736206
95.95838952064514,0.0,21.789,0.0,-3.2656843662261963
95.99048256874084,0.0,21.801,0.0,-3.267306327819824
96.0198609828949,0.0,21.79,0.0,-3.267618179321289
96.04878306388855,0.0,21.795,0.0,-3.2680702209472656
96.08031272888184,0.0,21.828,0.0,-3.2690913677215576
96.10435318946838,0.0,21.819,0.0,-3.270591974258423
96.14932703971863,0.0,21.817,0.0,-3.2718698978424072
96.18861699104309,0.0,21.797,0.0,-3.2718679904937744
96.22039484977722,0.0,21.81,0.0,-3.271556854248047
96.25232696533203,0.0,21.811,0.0,-3.271717071533203
96.2847855091095,0.0,21.795,0.0,-3.2718312740325928
96.31811666488647,0.0,21.784,0.0,-3.27081298828125
96.34989023208618,0.0,21.775,0.0,-3.269974708557129
96.38141560554504,0.0,21.796,0.0,-3.2689459323883057
96.4136803150177,0.0,21.821,0.0,-3.269033193588257
96.44587731361389,0.0,21.817,0.0,-3.2708516120910645
96.47740697860718,0.0,21.824,0.0,-3.271892547607422
96.50917506217957,0.0,21.798,0.0,-3.2724812030792236
96.53657174110413,0.0,21.801,0.0,-3.2718355655670166
96.57029557228088,0.0,21.788,0.0,-3.2706074714660645
96.60038161277771,0.0,21.802,0.0,-3.2705373764038086
96.63276791572571,0.0,21.784,0.0,-3.270482301712036
96.66511225700378,0.0,21.758,0.0,-3.2696831226348877
96.69728016853333,0.0,21.75,0.0,-3.266322135925293
96.7294352054596,0.0,21.756,0.0,-3.265308380126953
96.761549949646,0.0,21.798,0.0,-3.265296220779419
96.80260968208313,0.0,21.818,0.0,-3.2671103477478027
96.8282744884491,0.0,21.821,0.0,-3.2685770988464355
96.86927795410156,0.0,21.825,0.0,-3.2711963653564453
96.90083289146423,0.0,21.835,0.0,-3.2720279693603516
96.93293476104736,0.0,21.843,0.0,-3.273080825805664
96.97040271759033,0.0,21.848,0.0,-3.275291681289673
96.99797487258911,0.0,21.854,0.0,-3.276690721511841
97.03038907051086,0.0,21.854,0.0,-3.277414321899414
97.06289386749268,0.0,21.851,0.0,-3.277949094772339
97.11149024963379,0.0,21.812,0.0,-3.2774646282196045
97.1419608592987,0.0,21.811,0.0,-3.275076150894165
97.17397427558899,0.0,21.811,0.0,-3.274233818054199
97.20647168159485,0.0,21.821,0.0,-3.274331569671631
97.2384786605835,0.0,21.806,0.0,-3.274066209793091
97.27031445503235,0.0,21.824,0.0,-3.273331642150879
97.3032648563385,0.0,21.825,0.0,-3.2734546661376953
97.33530235290527,0.0,21.814,0.0,-3.2730870246887207
97.36641454696655,0.0,21.839,0.0,-3.2728028297424316
97.39847350120544,0.0,21.842,0.0,-3.274179458618164
97.43127155303955,0.0,21.853,0.0,-3.274822235107422
97.46361494064331,0.0,21.855,0.0,-3.2757766246795654
97.49512052536011,0.0,21.848,0.0,-3.276916980743408
97.53527784347534,0.0,21.83,0.0,-3.276275157928467
97.56175422668457,0.0,21.83,0.0,-3.2758944034576416
97.60204744338989,0.0,21.83,0.0,-3.275059461593628
97.6339898109436,0.0,21.815,0.0,-3.274937152862549
97.66985607147217,0.0,21.812,0.0,-3.27352237701416
97.69752049446106,0.0,21.782,0.0,-3.2717323303222656
97.74658823013306,0.0,21.791,0.0,-3.269906759262085
97.77823233604431,0.0,21.779,0.0,-3.268843412399292
97.81029105186462,0.0,21.804,0.0,-3.2684578895568848
97.84194850921631,0.0,21.794,0.0,-3.2686760425567627
97.8751769065857,0.0,21.799,0.0,-3.2687995433807373
97.90677642822266,0.0,21.81,0.0,-3.268909215927124
97.93853497505188,0.0,21.804,0.0,-3.2694690227508545
97.9706301689148,0.0,21.798,0.0,-3.2696919441223145
98.00206017494202,0.0,21.8,0.0,-3.2695975303649902
98.03422951698303,0.0,21.807,0.0,-3.269615411758423
98.06613278388977,0.0,21.817,0.0,-3.269929885864258
98.09896516799927,0.0,21.837,0.0,-3.2714555263519287
98.12426018714905,0.0,21.843,0.0,-3.2726221084594727
98.17080926895142,0.0,21.835,0.0,-3.2743186950683594
98.21372699737549,0.0,21.807,0.0,-3.2744364738464355
98.2614233493805,0.0,21.794,0.0,-3.272543430328369
98.30207443237305,0.0,21.786,0.0,-3.2705538272857666
98.32495212554932,0.0,21.79,0.0,-3.2699074745178223
98.35715079307556,0.0,21.807,0.0,-3.270127773284912
98.38946580886841,0.0,21.798,0.0,-3.270052909851074
98.4212851524353,0.0,21.78,0.0,-3.269840717315674
98.45325779914856,0.0,21.782,0.0,-3.2689661979675293
98.48615527153015,0.0,21.785,0.0,-3.2683815956115723
98.5195484161377,0.0,21.823,0.0,-3.268460750579834
98.55199337005615,0.0,21.814,0.0,-3.269742488861084
98.58297419548035,0.0,21.811,0.0,-3.2703614234924316
98.61370849609375,0.0,21.802,0.0,-3.2707159519195557
98.64625024795532,0.0,21.801,0.0,-3.2704885005950928
98.68635392189026,0.0,21.809,0.0,-3.2711071968078613
98.71893882751465,0.0,21.819,0.0,-3.271700620651245
98.75016570091248,0.0,21.797,0.0,-3.271155834197998
98.78220748901367,0.0,21.8,0.0,-3.2710254192352295
98.81394100189209,0.0,21.784,0.0,-3.2707550525665283
98.84698128700256,0.0,21.779,0.0,-3.2689833641052246
98.87893843650818,0.0,21.798,0.0,-3.2690978050231934
98.91113948822021,0.0,21.793,0.0,-3.268982172012329
98.94280862808228,0.0,21.791,0.0,-3.2688982486724854
98.97431492805481,0.0,21.759,0.0,-3.2685201168060303
99.01469707489014,0.0,21.774,0.0,-3.2671306133270264
99.04600501060486,0.0,21.806,0.0,-3.267712116241455
99.07730031013489,0.0,21.816,0.0,-3.268761157989502
99.10881972312927,0.0,21.787,0.0,-3.269745111465454
99.14474582672119,0.0,21.782,0.0,-3.2687251567840576
99.17428922653198,0.0,21.771,0.0,-3.267829179763794
99.20340013504028,0.0,21.789,0.0,-3.266930341720581
99.23349213600159,0.0,21.808,0.0,-3.2672083377838135
99.26581144332886,0.0,21.807,0.0,-3.2682292461395264
99.29818487167358,0.0,21.798,0.0,-3.2691869735717773
99.32985019683838,0.0,21.798,0.0,-3.2693448066711426
99.36157631874084,0.0,21.819,0.0,-3.2696337699890137
99.39376926422119,0.0,21.822,0.0,-3.270569086074829
99.42627358436584,0.0,21.818,0.0,-3.2718920707702637
99.45837235450745,0.0,21.803,0.0,-3.2716224193573
99.48961400985718,0.0,21.789,0.0,-3.2711949348449707
99.52224850654602,0.0,21.787,0.0,-3.2702131271362305
99.55372524261475,0.0,21.797,0.0,-3.2696280479431152
99.58570528030396,0.0,21.794,0.0,-3.269595146179199
99.61794209480286,0.0,21.805,0.0,-3.269444704055786
99.6506929397583,0.0,21.799,0.0,-3.2698922157287598
99.68217039108276,0.0,21.805,0.0,-3.269886016845703
99.72176957130432,0.0,21.813,0.0,-3.2706587314605713
99.75485706329346,0.0,21.777,0.0,-3.270937442779541
99.77882170677185,0.0,21.777,0.0,-3.269763469696045
99.81036019325256,0.0,21.755,0.0,-3.2685601711273193
99.84234571456909,0.0,21.77,0.0,-3.267002582550049
99.87379050254822,0.0,21.803,0.0,-3.267395496368408
99.90579152107239,0.0,21.812,0.0,-3.2685253620147705
99.93739795684814,0.0,21.839,0.0,-3.270537853240967
99.97224760055542,0.0,21.796,0.0,-3.2736597061157227
100.00211477279663,0.0,21.798,0.0,-3.2726798057556152
100.03431797027588,0.0,21.81,0.0,-3.2719926834106445
100.06693935394287,0.0,21.805,0.0,-3.271956205368042
100.09854531288147,0.0,21.803,0.0,-3.27260684967041
100.13028860092163,0.0,21.8,0.0,-3.2721171379089355
100.16215920448303,0.0,21.787,0.0,-3.2716050148010254
100.19835996627808,0.0,21.792,0.0,-3.270134449005127
100.22625279426575,0.0,21.778,0.0,-3.2691428661346436
100.25287246704102,0.0,21.789,0.0,-3.2688419818878174
100.28289842605591,0.0,21.768,0.0,-3.267733573913574
100.31518888473511,0.0,21.749,0.0,-3.2660868167877197
100.34640455245972,0.0,21.736,0.0,-3.2633233070373535
100.37921237945557,0.0,21.736,0.0,-3.2621827125549316
100.40453338623047,0.0,21.737,0.0,-3.2613258361816406
100.43638920783997,0.0,21.743,0.0,-3.260732412338257
100.47208571434021,0.0,21.76,0.0,-3.2609047889709473
100.50383186340332,0.0,21.774,0.0,-3.261453628540039
100.53559374809265,0.0,21.76,0.0,-3.2624874114990234
100.56841945648193,0.0,21.751,0.0,-3.2627158164978027
100.60072064399719,0.0,21.727,0.0,-3.262143611907959
100.63336658477783,0.0,21.721,0.0,-3.2611029148101807
100.66520476341248,0.0,21.707,0.0,-3.2600605487823486
100.69726157188416,0.0,21.707,0.0,-3.2576401233673096
100.73010969161987,0.0,21.715,0.0,-3.257192850112915
100.76236033439636,0.0,21.744,0.0,-3.2568719387054443
100.79601240158081,0.0,21.763,0.0,-3.2594544887542725
100.82818913459778,0.0,21.774,0.0,-3.261160135269165
100.85945630073547,0.0,21.768,0.0,-3.261857271194458
100.89166474342346,0.0,21.774,0.0,-3.2627768516540527
100.92348194122314,0.0,21.758,0.0,-3.263808012008667
100.95704197883606,0.0,21.762,0.0,-3.2640230655670166
100.9887969493866,0.0,21.748,0.0,-3.2635953426361084
101.01979994773865,0.0,21.747,0.0,-3.262629747390747
101.05126214027405,0.0,21.758,0.0,-3.2618908882141113
101.08375906944275,0.0,21.761,0.0,-3.2623634338378906
101.11509585380554,0.0,21.776,0.0,-3.2628562450408936
101.19909524917603,0.0,21.812,0.0,-3.265692949295044
101.23004126548767,0.0,21.814,0.0,-3.2675440311431885
101.26284956932068,0.0,21.811,0.0,-3.2690463066101074
101.29529356956482,0.0,21.806,0.0,-3.270616292953491
101.32889246940613,0.0,21.802,0.0,-3.271272659301758
101.36081838607788,0.0,21.794,0.0,-3.271336078643799
101.39209938049316,0.0,21.801,0.0,-3.2710249423980713
101.42381525039673,0.0,21.804,0.0,-3.2711868286132812
101.45668888092041,0.0,21.784,0.0,-3.2704293727874756
101.48741698265076,0.0,21.759,0.0,-3.2688193321228027
101.51947355270386,0.0,21.769,0.0,-3.267521858215332
101.55223107337952,0.0,21.772,0.0,-3.2666053771972656
101.58339262008667,0.0,21.784,0.0,-3.2668566703796387
101.61602640151978,0.0,21.763,0.0,-3.2668004035949707
101.6474814414978,0.0,21.757,0.0,-3.2656102180480957
101.67984175682068,0.0,21.754,0.0,-3.2649624347686768
101.71211743354797,0.0,21.767,0.0,-3.2643418312072754
101.7437584400177,0.0,21.786,0.0,-3.264416217803955
101.77516436576843,0.0,21.801,0.0,-3.2667107582092285
101.80681657791138,0.0,21.786,0.0,-3.267692804336548
101.8375723361969,0.0,21.776,0.0,-3.2678189277648926
101.87188959121704,0.0,21.766,0.0,-3.2668137550354004
101.90279531478882,0.0,21.761,0.0,-3.2660775184631348
101.93633365631104,0.0,21.774,0.0,-3.26605486869812
101.97594332695007,0.0,21.806,0.0,-3.268150806427002
102.00782203674316,0.0,21.794,0.0,-3.2684967517852783
102.03973340988159,0.0,21.796,0.0,-3.2687575817108154
102.07300591468811,0.0,21.785,0.0,-3.268782615661621
102.1039662361145,0.0,21.792,0.0,-3.2685792446136475
102.13559031486511,0.0,21.788,0.0,-3.268709897994995
102.15244460105896,0.0,21.784,0.0,-3.2686381340026855
102.18287301063538,0.0,21.79,0.0,-3.2684097290039062
102.21518206596375,0.0,21.794,0.0,-3.2684807777404785
102.24729585647583,0.0,21.79,0.0,-3.2686986923217773
102.2792227268219,0.0,21.782,0.0,-3.2685253620147705
102.31064653396606,0.0,21.795,0.0,-3.2682199478149414
102.34738492965698,0.0,21.812,0.0,-3.2694778442382812
102.41391324996948,0.0,21.788,0.0,-3.2698705196380615
102.44514918327332,0.0,21.788,0.0,-3.2694897651672363
102.47777032852173,0.0,21.777,0.0,-3.2684922218322754
102.509357213974,0.0,21.761,0.0,-3.2672791481018066
102.54196357727051,0.0,21.734,0.0,-3.265881299972534
102.57355976104736,0.0,21.759,0.0,-3.2627973556518555
102.62240409851074,0.0,21.798,0.0,-3.2643861770629883
102.66316866874695,0.0,21.811,0.0,-3.2657299041748047
102.6882815361023,0.0,21.808,0.0,-3.267322540283203
102.72450375556946,0.0,21.789,0.0,-3.268484592437744
102.75175499916077,0.0,21.817,0.0,-3.2693614959716797
102.78398013114929,0.0,21.802,0.0,-3.2703685760498047
102.81734418869019,0.0,21.808,0.0,-3.270507335662842
102.84918212890625,0.0,21.786,0.0,-3.270188093185425
102.88062644004822,0.0,21.788,0.0,-3.269200325012207
102.90676498413086,0.0,21.78,0.0,-3.2689759731292725
102.93488073348999,0.0,21.79,0.0,-3.268462896347046
102.96755766868591,0.0,21.791,0.0,-3.268484354019165
102.99998927116394,0.0,21.782,0.0,-3.268207550048828
103.03148365020752,0.0,21.791,0.0,-3.268326759338379
103.06327390670776,0.0,21.801,0.0,-3.268839120864868
103.09519338607788,0.0,21.829,0.0,-3.2694859504699707
103.12771105766296,0.0,21.813,0.0,-3.2712862491607666
103.1591944694519,0.0,21.802,0.0,-3.271613597869873
103.19138264656067,0.0,21.819,0.0,-3.2713942527770996
103.2245683670044,0.0,21.81,0.0,-3.2717015743255615
103.25523686408997,0.0,21.824,0.0,-3.271768093109131
103.28664875030518,0.0,21.796,0.0,-3.2723984718322754
103.32142639160156,0.0,21.781,0.0,-3.271700382232666
103.34711074829102,0.0,21.804,0.0,-3.2705719470977783
103.37182426452637,0.0,21.769,0.0,-3.269138813018799
103.40327906608582,0.0,21.785,0.0,-3.268702745437622
103.4357008934021,0.0,21.771,0.0,-3.2691256999969482
103.46860194206238,0.0,21.773,0.0,-3.2681126594543457
103.50044631958008,0.0,21.783,0.0,-3.2673087120056152
103.53265380859375,0.0,21.793,0.0,-3.267652750015259
103.56282997131348,0.0,21.782,0.0,-3.2682623863220215
103.59532403945923,0.0,21.772,0.0,-3.2679409980773926
103.62743401527405,0.0,21.766,0.0,-3.266517400741577
103.65964651107788,0.0,21.779,0.0,-3.266484022140503
103.6919777393341,0.0,21.79,0.0,-3.2669293880462646
103.72358989715576,0.0,21.787,0.0,-3.2683775424957275
103.75531816482544,0.0,21.763,0.0,-3.2682816982269287
103.7867820262909,0.0,21.76,0.0,-3.267199993133545
103.81850934028625,0.0,21.761,0.0,-3.266240119934082
103.85043525695801,0.0,21.777,0.0,-3.2648088932037354
103.88211560249329,0.0,21.789,0.0,-3.265131711959839
103.9148428440094,0.0,21.768,0.0,-3.2658965587615967
103.94882321357727,0.0,21.803,0.0,-3.2668726444244385
103.98116540908813,0.0,21.753,0.0,-3.267303943634033
104.01388335227966,0.0,21.755,0.0,-3.2660844326019287
104.04587268829346,0.0,21.73,0.0,-3.265227794647217
104.08559584617615,0.0,21.75,0.0,-3.2625062465667725
104.1186797618866,0.0,21.737,0.0,-3.262282133102417
104.15057396888733,0.0,21.733,0.0,-3.2608845233917236
104.18299102783203,0.0,21.754,0.0,-3.2612476348876953
104.215402841568,0.0,21.795,0.0,-3.2619240283966064
104.2471649646759,0.0,21.818,0.0,-3.263805627822876
104.27928256988525,0.0,21.8,0.0,-3.26735782623291
104.31052231788635,0.0,21.813,0.0,-3.268218994140625
104.34313178062439,0.0,21.787,0.0,-3.2694203853607178
104.37466669082642,0.0,21.799,0.0,-3.268589735031128
104.40686273574829,0.0,21.805,0.0,-3.2690796852111816
104.43892550468445,0.0,21.825,0.0,-3.2696995735168457
104.47118520736694,0.0,21.832,0.0,-3.2710070610046387
104.50360441207886,0.0,21.788,0.0,-3.272226333618164
104.53548836708069,0.0,21.777,0.0,-3.2713537216186523
104.56769561767578,0.0,21.789,0.0,-3.270200490951538
104.60167264938354,0.0,21.804,0.0,-3.2701141834259033
104.62995767593384,0.0,21.788,0.0,-3.2696776390075684
104.66269659996033,0.0,21.782,0.0,-3.2697958946228027
104.69517350196838,0.0,21.824,0.0,-3.2691681385040283
104.7356026172638,0.0,21.834,0.0,-3.2718424797058105
104.76818823814392,0.0,21.811,0.0,-3.2719922065734863
104.80780005455017,0.0,21.818,0.0,-3.2720906734466553
104.84006547927856,0.0,21.798,0.0,-3.272402048110962
104.87498807907104,0.0,21.834,0.0,-3.2720253467559814
104.9037492275238,0.0,21.783,0.0,-3.2729954719543457
104.93517971038818,0.0,21.782,0.0,-3.271594285964966
104.96751260757446,0.0,21.776,0.0,-3.270460605621338
105.00108790397644,0.0,21.795,0.0,-3.26765775680542
105.03181552886963,0.0,21.784,0.0,-3.26796817779541
105.06852841377258,0.0,21.806,0.0,-3.2677555084228516
105.10005021095276,0.0,21.784,0.0,-3.2681994438171387
105.13167691230774,0.0,21.787,0.0,-3.2674505710601807
105.16325950622559,0.0,21.773,0.0,-3.2675082683563232
105.19586324691772,0.0,21.777,0.0,-3.266972780227661
105.22932028770447,0.0,21.79,0.0,-3.2671055793762207
105.26067352294922,0.0,21.79,0.0,-3.2674002647399902
105.29343938827515,0.0,21.791,0.0,-3.2689366340637207
105.32707118988037,0.0,21.805,0.0,-3.2694010734558105
105.35694789886475,0.0,21.783,0.0,-3.268888473510742
105.38908743858337,0.0,21.783,0.0,-3.268490791320801
105.42096757888794,0.0,21.762,0.0,-3.268183469772339
105.46956729888916,0.0,21.762,0.0,-3.2666914463043213
105.50191521644592,0.0,21.738,0.0,-3.2643253803253174
105.5383071899414,0.0,21.761,0.0,-3.2626426219940186
105.56202483177185,0.0,21.757,0.0,-3.262787103652954
105.60250568389893,0.0,21.744,0.0,-3.2621941566467285
105.63330507278442,0.0,21.764,0.0,-3.2633776664733887
105.66548347473145,0.0,21.792,0.0,-3.263552665710449
105.69562435150146,0.0,21.82,0.0,-3.2648754119873047
105.72812867164612,0.0,21.82,0.0,-3.2687888145446777
105.76000428199768,0.0,21.791,0.0,-3.2688844203948975
105.7918610572815,0.0,21.797,0.0,-3.268864631652832
105.82470154762268,0.0,21.792,0.0,-3.269197940826416
105.85690021514893,0.0,21.821,0.0,-3.270423412322998
105.8887345790863,0.0,21.798,0.0,-3.270394802093506
105.92065358161926,0.0,21.781,0.0,-3.269562244415283
105.95259928703308,0.0,21.76,0.0,-3.2684807777404785
105.98599791526794,0.0,21.783,0.0,-3.2672643661499023
106.01687598228455,0.0,21.808,0.0,-3.267289161682129
106.0495092868805,0.0,21.816,0.0,-3.268360137939453
106.08385992050171,0.0,21.817,0.0,-3.269998550415039
106.11650085449219,0.0,21.792,0.0,-3.2708232402801514
106.14829015731812,0.0,21.808,0.0,-3.270737886428833
106.18005704879761,0.0,21.826,0.0,-3.271829128265381
106.20371437072754,0.0,21.826,0.0,-3.272578477859497
106.25240278244019,0.0,21.849,0.0,-3.275439739227295
106.28560447692871,0.0,21.797,0.0,-3.2748143672943115
106.31732606887817,0.0,21.778,0.0,-3.2735958099365234
106.34943556785583,0.0,21.798,0.0,-3.2713122367858887
106.38128232955933,0.0,21.828,0.0,-3.272160053253174
106.41298580169678,0.0,21.845,0.0,-3.2735252380371094
106.44486045837402,0.0,21.831,0.0,-3.2742786407470703
106.47729563713074,0.0,21.82,0.0,-3.2749836444854736
106.50898909568787,0.0,21.784,0.0,-3.274611473083496
106.54201006889343,0.0,21.77,0.0,-3.272799491882324
106.57408285140991,0.0,21.786,0.0,-3.2699313163757324
106.60581469535828,0.0,21.819,0.0,-3.2693052291870117
106.64478635787964,0.0,21.84,0.0,-3.2701730728149414
106.6766140460968,0.0,21.854,0.0,-3.2735297679901123
106.70819592475891,0.0,21.842,0.0,-3.2756285667419434
106.74026870727539,0.0,21.825,0.0,-3.2760226726531982
106.77201056480408,0.0,21.799,0.0,-3.2755980491638184
106.80395364761353,0.0,21.79,0.0,-3.2726659774780273
106.8359055519104,0.0,21.786,0.0,-3.271336793899536
106.86850094795227,0.0,21.771,0.0,-3.270059108734131
106.9016010761261,0.0,21.774,0.0,-3.2677865028381348
106.93435907363892,0.0,21.775,0.0,-3.267137050628662
106.97227954864502,0.0,21.806,0.0,-3.2676596641540527
107.00803756713867,0.0,21.811,0.0,-3.268711566925049
107.0403745174408,0.0,21.803,0.0,-3.2694201469421387
107.07212948799133,0.0,21.803,0.0,-3.269639015197754
107.10350942611694,0.0,21.811,0.0,-3.2697408199310303
107.13552808761597,0.0,21.822,0.0,-3.2702341079711914
107.15160751342773,0.0,21.822,0.0,-3.2710795402526855
107.19583344459534,0.0,21.801,0.0,-3.2711868286132812
107.22806668281555,0.0,21.816,0.0,-3.271361827850342
107.25999212265015,0.0,21.809,0.0,-3.2713985443115234
107.29223537445068,0.0,21.808,0.0,-3.271423816680908
107.32839894294739,0.0,21.789,0.0,-3.2705788612365723
107.3568947315216,0.0,21.789,0.0,-3.269943952560425
107.3889319896698,0.0,21.78,0.0,-3.2687830924987793
107.42061567306519,0.0,21.799,0.0,-3.2681846618652344
107.45261907577515,0.0,21.817,0.0,-3.2695577144622803
107.48464751243591,0.0,21.829,0.0,-3.2708628177642822
107.51686477661133,0.0,21.824,0.0,-3.2716622352600098
107.5480215549469,0.0,21.822,0.0,-3.2715206146240234
107.57989597320557,0.0,21.818,0.0,-3.2719855308532715
107.61197185516357,0.0,21.807,0.0,-3.272261142730713
107.63635730743408,0.0,21.85,0.0,-3.2720062732696533
107.67035245895386,0.0,21.825,0.0,-3.273609161376953
107.71088981628418,0.0,21.804,0.0,-3.273585557937622
107.74340295791626,0.0,21.788,0.0,-3.2728707790374756
107.77823090553284,0.0,21.819,0.0,-3.271984815597534
107.80664134025574,0.0,21.824,0.0,-3.272461175918579
107.83863162994385,0.0,21.8,0.0,-3.2729949951171875
107.85450148582458,0.0,21.8,0.0,-3.2722275257110596
107.88667631149292,0.0,21.756,0.0,-3.269782543182373
107.91891980171204,0.0,21.813,0.0,-3.2687761783599854
107.95155358314514,0.0,21.789,0.0,-3.269094467163086
107.983225107193,0.0,21.811,0.0,-3.2687740325927734
108.01493000984192,0.0,21.82,0.0,-3.269458770751953
108.04578757286072,0.0,21.822,0.0,-3.2703733444213867
108.07786750793457,0.0,21.86,0.0,-3.273378849029541
108.10977578163147,0.0,21.84,0.0,-3.275083065032959
108.14228987693787,0.0,21.811,0.0,-3.2755484580993652
108.17504835128784,0.0,21.797,0.0,-3.274674892425537
108.20264387130737,0.0,21.821,0.0,-3.2734081745147705
108.23055744171143,0.0,21.808,0.0,-3.272864818572998
108.26259517669678,0.0,21.82,0.0,-3.272944211959839
108.30382704734802,0.0,21.773,0.0,-3.270455837249756
108.32836699485779,0.0,21.763,0.0,-3.268686294555664
108.36015915870667,0.0,21.77,0.0,-3.2676212787628174
108.39244794845581,0.0,21.811,0.0,-3.2680721282958984
108.42317628860474,0.0,21.803,0.0,-3.268897294998169
108.455885887146,0.0,21.789,0.0,-3.2688727378845215
108.48821449279785,0.0,21.782,0.0,-3.2683258056640625
108.51877784729004,0.0,21.814,0.0,-3.267911434173584
108.55348062515259,0.0,21.807,0.0,-3.26975154876709
108.58232188224792,0.0,21.831,0.0,-3.270085573196411
108.61500334739685,0.0,21.78,0.0,-3.2713534832000732
108.64628267288208,0.0,21.762,0.0,-3.2701902389526367
108.67880439758301,0.0,21.78,0.0,-3.2680113315582275
108.7107617855072,0.0,21.777,0.0,-3.2670273780822754
108.75377631187439,0.0,21.805,0.0,-3.2677018642425537
108.78065276145935,0.0,21.799,0.0,-3.268204689025879
108.81204032897949,0.0,21.795,0.0,-3.2684316635131836
108.84424710273743,0.0,21.817,0.0,-3.269955635070801
108.87670016288757,0.0,21.837,0.0,-3.2721378803253174
108.908846616745,0.0,21.835,0.0,-3.273146629333496
108.94120216369629,0.0,21.846,0.0,-3.2743771076202393
108.97293210029602,0.0,21.841,0.0,-3.2743477821350098
109.01333212852478,0.0,21.831,0.0,-3.2750191688537598
109.05079793930054,0.0,21.808,0.0,-3.2751333713531494
109.07402968406677,0.0,21.808,0.0,-3.274492025375366
109.10607099533081,0.0,21.808,0.0,-3.2731313705444336
109.13742113113403,0.0,21.819,0.0,-3.2729134559631348
109.16929960250854,0.0,21.81,0.0,-3.2729501724243164
109.20483636856079,0.0,21.806,0.0,-3.2721524238586426
109.23345875740051,0.0,21.782,0.0,-3.2707998752593994
109.26274490356445,0.0,21.809,0.0,-3.2702598571777344
109.29220581054688,0.0,21.802,0.0,-3.270477771759033
109.32488465309143,0.0,21.82,0.0,-3.2703583240509033
109.3568959236145,0.0,21.82,0.0,-3.27154803276062
109.38958430290222,0.0,21.819,0.0,-3.2719101905822754
109.4219286441803,0.0,21.817,0.0,-3.272273540496826
109.4541540145874,0.0,21.833,0.0,-3.272468090057373
109.48753261566162,0.0,21.825,0.0,-3.2732019424438477
109.51829218864441,0.0,21.82,0.0,-3.2734291553497314
109.55064082145691,0.0,21.816,0.0,-3.2733893394470215
109.58250880241394,0.0,21.798,0.0,-3.273021936416626
109.61461687088013,0.0,21.792,0.0,-3.2721362113952637
109.64620852470398,0.0,21.795,0.0,-3.27119779586792
109.6787097454071,0.0,21.801,0.0,-3.270395040512085
109.70374727249146,0.0,21.806,0.0,-3.2704522609710693
109.7366669178009,0.0,21.8,0.0,-3.271132469177246
109.76927638053894,0.0,21.828,0.0,-3.270780563354492
109.80082297325134,0.0,21.81,0.0,-3.2716875076293945
109.83400988578796,0.0,21.805,0.0,-3.271383762359619
109.86633038520813,0.0,21.826,0.0,-3.2720727920532227
109.89923000335693,0.0,21.793,0.0,-3.2714712619781494
109.93187928199768,0.0,21.801,0.0,-3.2705368995666504
109.96414995193481,0.0,21.788,0.0,-3.269827365875244
109.99624443054199,0.0,21.837,0.0,-3.2692840099334717
110.02831745147705,0.0,21.841,0.0,-3.2724571228027344
110.05998706817627,0.0,21.818,0.0,-3.2735536098480225
110.09234952926636,0.0,21.781,0.0,-3.2734289169311523
110.12467813491821,0.0,21.781,0.0,-3.27177095413208
110.1569652557373,0.0,21.785,0.0,-3.2682745456695557
110.18961715698242,0.0,21.801,0.0,-3.2679595947265625
110.22169017791748,0.0,21.793,0.0,-3.2684004306793213
110.2542188167572,0.0,21.807,0.0,-3.2690272331237793
110.28587603569031,0.0,21.789,0.0,-3.2687511444091797
110.31771731376648,0.0,21.766,0.0,-3.2677886486053467
110.35535454750061,0.0,21.762,0.0,-3.2659549713134766
110.38299894332886,0.0,21.764,0.0,-3.265366792678833
110.4154920578003,0.0,21.771,0.0,-3.2652218341827393
110.43864941596985,0.0,21.794,0.0,-3.266092300415039
110.48153686523438,0.0,21.775,0.0,-3.266068458557129
110.51940393447876,0.0,21.777,0.0,-3.2660675048828125
110.55668783187866,0.0,21.805,0.0,-3.2660088539123535
110.58380436897278,0.0,21.833,0.0,-3.2672243118286133
110.61586141586304,0.0,21.833,0.0,-3.269346237182617
110.64823174476624,0.0,21.828,0.0,-3.2709860801696777
110.68073058128357,0.0,21.82,0.0,-3.2728352546691895
110.7137086391449,0.0,21.838,0.0,-3.273102283477783
110.7454833984375,0.0,21.833,0.0,-3.274048328399658
110.77606439590454,0.0,21.831,0.0,-3.274552583694458
110.807537317276,0.0,21.826,0.0,-3.2748324871063232
110.86806964874268,0.0,21.862,0.0,-3.2751216888427734
110.88572025299072,0.0,21.862,0.0,-3.276512861251831
110.91856455802917,0.0,21.843,0.0,-3.2768144607543945
110.95103716850281,0.0,21.811,0.0,-3.2769851684570312
110.98308944702148,0.0,21.803,0.0,-3.274448871612549
111.01422882080078,0.0,21.795,0.0,-3.2730932235717773
111.04571986198425,0.0,21.773,0.0,-3.2718305587768555
111.0807032585144,0.0,21.803,0.0,-3.268840789794922
111.10889863967896,0.0,21.809,0.0,-3.269106388092041
111.13683295249939,0.0,21.807,0.0,-3.2695765495300293
111.1798300743103,0.0,21.824,0.0,-3.271148681640625
111.20387601852417,0.0,21.824,0.0,-3.2718091011047363
111.23590350151062,0.0,21.841,0.0,-3.2718584537506104
111.26835441589355,0.0,21.822,0.0,-3.273071765899658
111.30558061599731,0.0,21.821,0.0,-3.2732675075531006
111.33323502540588,0.0,21.8,0.0,-3.272425413131714
111.36587071418762,0.0,21.8,0.0,-3.2716026306152344
111.40149235725403,0.0,21.81,0.0,-3.2711341381073
111.43419146537781,0.0,21.828,0.0,-3.2719995975494385
111.46621084213257,0.0,21.829,0.0,-3.272665500640869
111.49748229980469,0.0,21.815,0.0,-3.2725484371185303
111.53081488609314,0.0,21.822,0.0,-3.272749662399292
111.56229567527771,0.0,21.842,0.0,-3.273782253265381
111.59413862228394,0.0,21.845,0.0,-3.2747020721435547
111.62609148025513,0.0,21.808,0.0,-3.275405168533325
111.6584587097168,0.0,21.8,0.0,-3.274590015411377
111.69099545478821,0.0,21.795,0.0,-3.2733969688415527
111.72245359420776,0.0,21.78,0.0,-3.2722601890563965
111.75591897964478,0.0,21.801,0.0,-3.2704718112945557
111.78663611412048,0.0,21.776,0.0,-3.2690887451171875
111.81897926330566,0.0,21.793,0.0,-3.268156051635742
111.85147643089294,0.0,21.766,0.0,-3.2681632041931152
111.87981009483337,0.0,21.788,0.0,-3.2671303749084473
111.91178822517395,0.0,21.767,0.0,-3.2663276195526123
111.93238925933838,0.0,21.766,0.0,-3.2656819820404053
111.98215365409851,0.0,21.782,0.0,-3.26646089553833
112.00877022743225,0.0,21.805,0.0,-3.2674734592437744
112.0416100025177,0.0,21.807,0.0,-3.2683520317077637
112.07403922080994,0.0,21.796,0.0,-3.2680728435516357
112.10654044151306,0.0,21.777,0.0,-3.2678003311157227
112.13771462440491,0.0,21.798,0.0,-3.268249750137329
112.16981387138367,0.0,21.797,0.0,-3.2685604095458984
112.20599889755249,0.0,21.79,0.0,-3.2695817947387695
112.23509478569031,0.0,21.781,0.0,-3.269301176071167
112.26585268974304,0.0,21.765,0.0,-3.268705368041992
112.2982873916626,0.0,21.755,0.0,-3.267573118209839
112.33046841621399,0.0,21.771,0.0,-3.265963077545166
112.36222434043884,0.0,21.796,0.0,-3.2658536434173584
112.39439082145691,0.0,21.814,0.0,-3.2667038440704346
112.42637252807617,0.0,21.804,0.0,-3.268125534057617
112.45570087432861,0.0,21.83,0.0,-3.2704288959503174
112.49452090263367,0.0,21.812,0.0,-3.2714247703552246
112.52658081054688,0.0,21.827,0.0,-3.271681308746338
112.56683921813965,0.0,21.807,0.0,-3.272277593612671
112.59190082550049,0.0,21.821,0.0,-3.2726821899414062
112.62496280670166,0.0,21.842,0.0,-3.273948907852173
112.65645098686218,0.0,21.829,0.0,-3.27549409866333
112.68834829330444,0.0,21.816,0.0,-3.275442123413086
112.72036504745483,0.0,21.812,0.0,-3.274836778640747
112.75194072723389,0.0,21.832,0.0,-3.274184226989746
112.7851197719574,0.0,21.855,0.0,-3.2752904891967773
112.8172128200531,0.0,21.855,0.0,-3.276304006576538
112.849036693573,0.0,21.86,0.0,-3.2770726680755615
112.88149929046631,0.0,21.861,0.0,-3.278491258621216
112.91314935684204,0.0,21.84,0.0,-3.2787489891052246
112.94541263580322,0.0,21.836,0.0,-3.2782557010650635
112.97899651527405,0.0,21.806,0.0,-3.2776875495910645
112.99615526199341,0.0,21.804,0.0,-3.275972843170166
113.02675199508667,0.0,21.838,0.0,-3.274552583694458
113.05871534347534,0.0,21.85,0.0,-3.275634288787842
113.09119391441345,0.0,21.859,0.0,-3.2765934467315674
113.1227216720581,0.0,21.807,0.0,-3.2751450538635254
113.15583634376526,0.0,21.802,0.0,-3.2710678577423096
113.1856038570404,0.0,21.822,0.0,-3.2706704139709473
113.21829295158386,0.0,21.846,0.0,-3.27121639251709
113.25127840042114,0.0,21.862,0.0,-3.2726590633392334
113.27804017066956,0.0,21.856,0.0,-3.2744545936584473
113.31169772148132,0.0,21.856,0.0,-3.2762575149536133
113.35088300704956,0.0,21.869,0.0,-3.2769744396209717
113.3823823928833,0.0,21.854,0.0,-3.278266429901123
113.41350746154785,0.0,21.853,0.0,-3.2783658504486084
113.44585680961609,0.0,21.834,0.0,-3.277463436126709
113.4778504371643,0.0,21.827,0.0,-3.2769222259521484
113.50338196754456,0.0,21.843,0.0,-3.2762022018432617
113.54347658157349,0.0,21.831,0.0,-3.2758913040161133
113.57428741455078,0.0,21.85,0.0,-3.2763607501983643
113.60664439201355,0.0,21.839,0.0,-3.277543067932129
113.6389319896698,0.0,21.844,0.0,-3.2771646976470947
113.67070651054382,0.0,21.819,0.0,-3.27707576751709
113.70280623435974,0.0,21.819,0.0,-3.2759523391723633
113.73508024215698,0.0,21.805,0.0,-3.2742838859558105
113.76679563522339,0.0,21.846,0.0,-3.273209810256958
113.79842162132263,0.0,21.831,0.0,-3.274109363555908
113.83335399627686,0.0,21.844,0.0,-3.2747910022735596
113.86187791824341,0.0,21.833,0.0,-3.2748031616210938
113.89386296272278,0.0,21.833,0.0,-3.27359676361084
113.92636752128601,0.0,21.848,0.0,-3.273886203765869
113.95380878448486,0.0,21.837,0.0,-3.2747457027435303
113.98560571670532,0.0,21.841,0.0,-3.275280237197876
114.01805853843689,0.0,21.81,0.0,-3.2742321491241455
114.04793977737427,0.0,21.777,0.0,-3.272205114364624
114.08313703536987,0.0,21.814,0.0,-3.270707607269287
114.114506483078,0.0,21.808,0.0,-3.2706496715545654
114.14694118499756,0.0,21.81,0.0,-3.270702838897705
114.1794068813324,0.0,21.814,0.0,-3.2707571983337402
114.21129775047302,0.0,21.835,0.0,-3.270902395248413
114.2441942691803,0.0,21.848,0.0,-3.2719945907592773
114.27616620063782,0.0,21.838,0.0,-3.2733922004699707
114.3081488609314,0.0,21.832,0.0,-3.274312973022461
114.34036564826965,0.0,21.853,0.0,-3.274550437927246
114.37148141860962,0.0,21.873,0.0,-3.275569438934326
114.40363669395447,0.0,21.866,0.0,-3.277190685272217
114.43551349639893,0.0,21.889,0.0,-3.2798233032226562
114.46729516983032,0.0,21.831,0.0,-3.2798047065734863
114.49988102912903,0.0,21.846,0.0,-3.2786355018615723
114.53232717514038,0.0,21.83,0.0,-3.277432680130005
114.55810546875,0.0,21.824,0.0,-3.276466131210327
114.60110664367676,0.0,21.805,0.0,-3.276510715484619
114.63308262825012,0.0,21.802,0.0,-3.273609161376953
114.6692566871643,0.0,21.798,0.0,-3.2724125385284424
114.7035129070282,0.0,21.792,0.0,-3.2714128494262695
114.7434413433075,0.0,21.785,0.0,-3.2699124813079834
114.77444243431091,0.0,21.751,0.0,-3.2690632343292236
114.80808877944946,0.0,21.751,0.0,-3.265423059463501
114.8389847278595,0.0,21.775,0.0,-3.2642343044281006
114.86998081207275,0.0,21.805,0.0,-3.2643544673919678
114.90217995643616,0.0,21.833,0.0,-3.2657384872436523
114.9347276687622,0.0,21.831,0.0,-3.269702434539795
114.96662497520447,0.0,21.836,0.0,-3.2712290287017822
114.99894762039185,0.0,21.819,0.0,-3.2725794315338135
115.0299551486969,0.0,21.825,0.0,-3.272738456726074
115.06249594688416,0.0,21.816,0.0,-3.2730071544647217
115.09508109092712,0.0,21.809,0.0,-3.2726292610168457
115.12634038925171,0.0,21.839,0.0,-3.2733397483825684
115.15964365005493,0.0,21.874,0.0,-3.274742364883423
115.19054055213928,0.0,21.876,0.0,-3.2766714096069336
115.22356510162354,0.0,21.834,0.0,-3.2782328128814697
115.25553035736084,0.0,21.835,0.0,-3.277656316757202
115.28798818588257,0.0,21.83,0.0,-3.277308702468872
115.32075214385986,0.0,21.793,0.0,-3.276719331741333
115.35229873657227,0.0,21.769,0.0,-3.2746968269348145
115.38599705696106,0.0,21.747,0.0,-3.2688238620758057
115.4265501499176,0.0,21.766,0.0,-3.266667604446411
115.4498610496521,0.0,21.761,0.0,-3.2658205032348633
115.48194718360901,0.0,21.801,0.0,-3.264982223510742
115.51391077041626,0.0,21.802,0.0,-3.2669293880462646
115.54599022865295,0.0,21.857,0.0,-3.269693374633789
115.57808804512024,0.0,21.86,0.0,-3.2720947265625
115.60999536514282,0.0,21.857,0.0,-3.275479555130005
115.64654088020325,0.0,21.819,0.0,-3.274953842163086
115.6777822971344,0.0,21.818,0.0,-3.274533271789551
115.70965647697449,0.0,21.798,0.0,-3.273013114929199
115.74255394935608,0.0,21.799,0.0,-3.2721669673919678
115.7744812965393,0.0,21.767,0.0,-3.270167350769043
115.80657315254211,0.0,21.791,0.0,-3.2672336101531982
115.83869552612305,0.0,21.8,0.0,-3.267390727996826
115.87081718444824,0.0,21.824,0.0,-3.26790714263916
115.90290546417236,0.0,21.823,0.0,-3.2693288326263428
115.93508744239807,0.0,21.835,0.0,-3.271897077560425
115.96790027618408,0.0,21.822,0.0,-3.2728891372680664
115.99988913536072,0.0,21.839,0.0,-3.273104667663574
116.03086042404175,0.0,21.799,0.0,-3.273977518081665
116.06424045562744,0.0,21.794,0.0,-3.271961212158203
116.09561705589294,0.0,21.767,0.0,-3.270888328552246
116.12845635414124,0.0,21.781,0.0,-3.269219398498535
116.15282678604126,0.0,21.786,0.0,-3.268522262573242
116.18268990516663,0.0,21.8,0.0,-3.268555164337158
116.22564888000488,0.0,21.824,0.0,-3.269425392150879
116.25735330581665,0.0,21.818,0.0,-3.271127223968506
116.28902888298035,0.0,21.85,0.0,-3.2729358673095703
116.32085609436035,0.0,21.824,0.0,-3.273237705230713
116.35347771644592,0.0,21.764,0.0,-3.272874116897583
116.3857524394989,0.0,21.749,0.0,-3.270423412322998
116.41799545288086,0.0,21.747,0.0,-3.268120765686035
116.44863629341125,0.0,21.76,0.0,-3.266263484954834
116.480717420578,0.0,21.775,0.0,-3.265388011932373
116.5128481388092,0.0,21.81,0.0,-3.266071081161499
116.54459404945374,0.0,21.808,0.0,-3.2673938274383545
116.57659077644348,0.0,21.801,0.0,-3.2683444023132324
116.6092803478241,0.0,21.791,0.0,-3.268721342086792
116.64149022102356,0.0,21.792,0.0,-3.268627166748047
116.67239284515381,0.0,21.78,0.0,-3.2686407566070557
116.70209264755249,0.0,21.8,0.0,-3.2681498527526855
116.73320436477661,0.0,21.811,0.0,-3.269436836242676
116.76527047157288,0.0,21.826,0.0,-3.2707040309906006
116.79790210723877,0.0,21.826,0.0,-3.2716803550720215
116.8244571685791,0.0,21.777,0.0,-3.271965742111206
116.87009048461914,0.0,21.751,0.0,-3.268411159515381
116.90147471427917,0.0,21.787,0.0,-3.2674474716186523
116.9341950416565,0.0,21.79,0.0,-3.267686367034912
116.96681308746338,0.0,21.813,0.0,-3.267831802368164
116.9993360042572,0.0,21.8,0.0,-3.268915891647339
117.03529620170593,0.0,21.816,0.0,-3.2710354328155518
117.0629620552063,0.0,21.787,0.0,-3.2715184688568115
117.09575295448303,0.0,21.801,0.0,-3.2706661224365234
117.12727069854736,0.0,21.804,0.0,-3.270587921142578
117.15955996513367,0.0,21.808,0.0,-3.270859718322754
117.1911268234253,0.0,21.845,0.0,-3.272446393966675
117.21987318992615,0.0,21.828,0.0,-3.273791790008545
117.24877142906189,0.0,21.844,0.0,-3.2741057872772217
117.28507041931152,0.0,21.849,0.0,-3.275895118713379
117.31318163871765,0.0,21.838,0.0,-3.2761030197143555
117.344979763031,0.0,21.838,0.0,-3.276244640350342
117.37575149536133,0.0,21.827,0.0,-3.276629686355591
117.4088249206543,0.0,21.833,0.0,-3.2760205268859863
117.44103527069092,0.0,21.824,0.0,-3.2755253314971924
117.4741735458374,0.0,21.799,0.0,-3.274080276489258
117.49849152565002,0.0,21.785,0.0,-3.2729554176330566
117.52814745903015,0.0,21.785,0.0,-3.2714953422546387
117.56425642967224,0.0,21.798,0.0,-3.2688345909118652
117.60312223434448,0.0,21.794,0.0,-3.2688777446746826
117.63673543930054,0.0,21.791,0.0,-3.2685513496398926
117.6671814918518,0.0,21.83,0.0,-3.270043134689331
117.69905805587769,0.0,21.839,0.0,-3.271416187286377
117.7356686592102,0.0,21.866,0.0,-3.274735450744629
117.76371335983276,0.0,21.827,0.0,-3.274702548980713
117.79501366615295,0.0,21.813,0.0,-3.274078130722046
117.82714653015137,0.0,21.785,0.0,-3.2724099159240723
117.85923266410828,0.0,21.798,0.0,-3.2696547508239746
117.8913836479187,0.0,21.808,0.0,-3.2695393562316895
117.9236433506012,0.0,21.834,0.0,-3.2698795795440674
117.9611873626709,0.0,21.823,0.0,-3.271838903427124
117.9875898361206,0.0,21.856,0.0,-3.273770809173584
118.01928234100342,0.0,21.841,0.0,-3.2751762866973877
118.05099248886108,0.0,21.833,0.0,-3.275622606277466
118.08354783058167,0.0,21.829,0.0,-3.275434732437134
118.11537623405457,0.0,21.845,0.0,-3.275238275527954
118.14670419692993,0.0,21.828,0.0,-3.275790214538574
118.180006980896,0.0,21.804,0.0,-3.2754929065704346
118.21141028404236,0.0,21.803,0.0,-3.2732315063476562
118.2436294555664,0.0,21.807,0.0,-3.2726142406463623
118.26893424987793,0.0,21.805,0.0,-3.272054433822632
118.29481935501099,0.0,21.823,0.0,-3.27238130569458
118.32611465454102,0.0,21.825,0.0,-3.272848129272461
118.35868453979492,0.0,21.836,0.0,-3.273731231689453
118.39156341552734,0.0,21.814,0.0,-3.273305892944336
118.42208075523376,0.0,21.791,0.0,-3.2720096111297607
118.45407462120056,0.0,21.768,0.0,-3.2710092067718506
118.48587369918823,0.0,21.784,0.0,-3.2677783966064453
118.51768374443054,0.0,21.776,0.0,-3.2674765586853027
118.54996991157532,0.0,21.79,0.0,-3.266925573348999
118.58290553092957,0.0,21.817,0.0,-3.2683982849121094
118.61478972434998,0.0,21.778,0.0,-3.267773389816284
118.64697504043579,0.0,21.795,0.0,-3.2673020362854004
118.67809271812439,0.0,21.795,0.0,-3.267664670944214
118.70969128608704,0.0,21.816,0.0,-3.268277883529663
118.7427408695221,0.0,21.815,0.0,-3.26933217048645
118.77391839027405,0.0,21.785,0.0,-3.270110607147217
118.80278205871582,0.0,21.805,0.0,-3.269454002380371
118.82883524894714,0.0,21.802,0.0,-3.269786834716797
118.86158466339111,0.0,21.781,0.0,-3.269141435623169
118.88659954071045,0.0,21.785,0.0,-3.268709182739258
118.92829012870789,0.0,21.773,0.0,-3.2689244747161865
118.95280766487122,0.0,21.776,0.0,-3.268045425415039
118.98309516906738,0.0,21.785,0.0,-3.267496347427368
119.01412320137024,0.0,21.774,0.0,-3.266972780227661
119.04674243927002,0.0,21.755,0.0,-3.266606569290161
119.07889342308044,0.0,21.757,0.0,-3.2655348777770996
119.11119604110718,0.0,21.761,0.0,-3.264416456222534
119.14276671409607,0.0,21.772,0.0,-3.2645959854125977
119.17500615119934,0.0,21.768,0.0,-3.2645814418792725
119.20676755905151,0.0,21.737,0.0,-3.264247417449951
119.23899388313293,0.0,21.767,0.0,-3.263373613357544
119.27073001861572,0.0,21.78,0.0,-3.264195680618286
119.30212807655334,0.0,21.76,0.0,-3.264843702316284
119.33671283721924,0.0,21.752,0.0,-3.263929843902588
119.36784601211548,0.0,21.765,0.0,-3.263486623764038
119.3996217250824,0.0,21.758,0.0,-3.263699769973755
119.4303092956543,0.0,21.757,0.0,-3.263580322265625
119.46189856529236,0.0,21.742,0.0,-3.2627365589141846
119.49372887611389,0.0,21.74,0.0,-3.2623584270477295
119.52639317512512,0.0,21.742,0.0,-3.2618250846862793
119.54233860969543,0.0,21.742,0.0,-3.2615087032318115
119.58664608001709,0.0,21.769,0.0,-3.2633132934570312
119.61151790618896,0.0,21.807,0.0,-3.265418529510498
119.63914895057678,0.0,21.802,0.0,-3.2668371200561523
119.67069506645203,0.0,21.784,0.0,-3.267171621322632
119.70272898674011,0.0,21.752,0.0,-3.267504930496216
119.73531341552734,0.0,21.76,0.0,-3.265740394592285
119.76722764968872,0.0,21.752,0.0,-3.264949083328247
119.7996256351471,0.0,21.771,0.0,-3.264336109161377
119.83106184005737,0.0,21.762,0.0,-3.264662027359009
119.86899399757385,0.0,21.752,0.0,-3.2647809982299805
119.89990305900574,0.0,21.775,0.0,-3.2642135620117188
119.93219089508057,0.0,21.809,0.0,-3.264742612838745
119.94830703735352,0.0,21.802,0.0,-3.2665817737579346
119.98001551628113,0.0,21.802,0.0,-3.267707347869873
120.01318717002869,0.0,21.766,0.0,-3.2677133083343506
120.04382276535034,0.0,21.742,0.0,-3.266704797744751
120.07549023628235,0.0,21.763,0.0,-3.265246629714966
120.1074857711792,0.0,21.772,0.0,-3.2649993896484375
120.14015436172485,0.0,21.77,0.0,-3.2652528285980225
120.17252278327942,0.0,21.772,0.0,-3.265388250350952
120.2036383152008,0.0,21.784,0.0,-3.265577793121338
120.23870038986206,0.0,21.753,0.0,-3.26528000831604
120.26933765411377,0.0,21.775,0.0,-3.2655346393585205
120.29363536834717,0.0,21.794,0.0,-3.2665302753448486
120.32595086097717,0.0,21.798,0.0,-3.2674665451049805
120.36801195144653,0.0,21.819,0.0,-3.269906520843506
120.40160036087036,0.0,21.798,0.0,-3.27093243598938
120.43824124336243,0.0,21.807,0.0,-3.271695375442505
120.46691250801086,0.0,21.814,0.0,-3.271761417388916
120.4987781047821,0.0,21.81,0.0,-3.2720890045166016
120.53144264221191,0.0,21.792,0.0,-3.2721569538116455
120.56301403045654,0.0,21.763,0.0,-3.2696475982666016
120.59526348114014,0.0,21.765,0.0,-3.267709732055664
120.62707471847534,0.0,21.737,0.0,-3.2668402194976807
120.66448760032654,0.0,21.772,0.0,-3.265049457550049
120.69069147109985,0.0,21.787,0.0,-3.265732765197754
120.72294163703918,0.0,21.773,0.0,-3.264129161834717
120.75482082366943,0.0,21.802,0.0,-3.264453411102295
120.78661799430847,0.0,21.795,0.0,-3.2667946815490723
120.81913805007935,0.0,21.832,0.0,-3.269016742706299
120.85057210922241,0.0,21.834,0.0,-3.2708163261413574
120.88198614120483,0.0,21.801,0.0,-3.2715258598327637
120.914705991745,0.0,21.8,0.0,-3.271150827407837
120.94763350486755,0.0,21.799,0.0,-3.2709872722625732
120.9792332649231,0.0,21.796,0.0,-3.2708077430725098
121.02147316932678,0.0,21.799,0.0,-3.2697250843048096
121.05327463150024,0.0,21.794,0.0,-3.269808292388916
121.08457899093628,0.0,21.802,0.0,-3.2696590423583984
121.11683940887451,0.0,21.796,0.0,-3.2707555294036865
121.1494402885437,0.0,21.808,0.0,-3.2704644203186035
121.180743932724,0.0,21.822,0.0,-3.270737409591675
121.21337985992432,0.0,21.815,0.0,-3.2718441486358643
121.24484705924988,0.0,21.811,0.0,-3.271909713745117
121.29370093345642,0.0,21.801,0.0,-3.2717502117156982
121.325767993927,0.0,21.803,0.0,-3.2714757919311523
121.35759234428406,0.0,21.811,0.0,-3.272223472595215
121.38880062103271,0.0,21.794,0.0,-3.27139949798584
121.42159938812256,0.0,21.802,0.0,-3.2711379528045654
121.45332622528076,0.0,21.784,0.0,-3.270176887512207
121.49607014656067,0.0,21.798,0.0,-3.269010305404663
121.5279552936554,0.0,21.819,0.0,-3.2691268920898438
121.55924534797668,0.0,21.822,0.0,-3.270104169845581
121.59115362167358,0.0,21.821,0.0,-3.271167755126953
121.62304759025574,0.0,21.819,0.0,-3.2717654705047607
121.6551034450531,0.0,21.827,0.0,-3.272139310836792
121.68803763389587,0.0,21.833,0.0,-3.2734827995300293
121.71938443183899,0.0,21.822,0.0,-3.275503158569336
121.76044988632202,0.0,21.807,0.0,-3.275120258331299
121.80126214027405,0.0,21.781,0.0,-3.2739415168762207
121.83317708969116,0.0,21.806,0.0,-3.272153377532959
121.86500239372253,0.0,21.823,0.0,-3.272268056869507
121.89776492118835,0.0,21.801,0.0,-3.271693706512451
121.92985582351685,0.0,21.754,0.0,-3.2706193923950195
121.96112942695618,0.0,21.75,0.0,-3.2684473991394043
121.99693584442139,0.0,21.769,0.0,-3.266000509262085
122.02891039848328,0.0,21.792,0.0,-3.2665131092071533
122.06403589248657,0.0,21.769,0.0,-3.266298294067383
122.09318852424622,0.0,21.735,0.0,-3.2651121616363525
122.12488269805908,0.0,21.756,0.0,-3.263497829437256
122.15716552734375,0.0,21.772,0.0,-3.263152599334717
122.18927001953125,0.0,21.791,0.0,-3.2647311687469482
122.22138452529907,0.0,21.797,0.0,-3.2663519382476807
122.25376224517822,0.0,21.794,0.0,-3.2671539783477783
122.28495645523071,0.0,21.771,0.0,-3.267653465270996
122.31730937957764,0.0,21.779,0.0,-3.2669677734375
122.34956312179565,0.0,21.806,0.0,-3.267979383468628
122.38151502609253,0.0,21.811,0.0,-3.2688050270080566
122.41358017921448,0.0,21.823,0.0,-3.2708051204681396
122.44666862487793,0.0,21.802,0.0,-3.2708067893981934
122.47080945968628,0.0,21.806,0.0,-3.270965814590454
122.4999611377716,0.0,21.843,0.0,-3.272632598876953
122.53440189361572,0.0,21.859,0.0,-3.273909091949463
122.56430220603943,0.0,21.848,0.0,-3.275989055633545
122.59533929824829,0.0,21.84,0.0,-3.276655673980713
122.62662410736084,0.0,21.843,0.0,-3.276810646057129
122.65854239463806,0.0,21.834,0.0,-3.277031898498535
122.69050741195679,0.0,21.85,0.0,-3.277316093444824
122.72185587882996,0.0,21.857,0.0,-3.277650833129883
122.75445914268494,0.0,21.856,0.0,-3.2781827449798584
122.7907874584198,0.0,21.855,0.0,-3.2787373065948486
122.81816864013672,0.0,21.87,0.0,-3.279505968093872
122.8499493598938,0.0,21.814,0.0,-3.278735637664795
122.88176679611206,0.0,21.832,0.0,-3.2771124839782715
122.91382384300232,0.0,21.82,0.0,-3.2756905555725098
122.946133852005,0.0,21.857,0.0,-3.276535987854004
122.97728300094604,0.0,21.875,0.0,-3.2779409885406494
123.01529002189636,0.0,21.843,0.0,-3.2775328159332275
123.03900241851807,0.0,21.827,0.0,-3.2773396968841553
123.06699728965759,0.0,21.826,0.0,-3.2765109539031982
123.09951853752136,0.0,21.82,0.0,-3.2758231163024902
123.13606071472168,0.0,21.8,0.0,-3.2750375270843506
123.16909146308899,0.0,21.803,0.0,-3.272268056869507
123.20357060432434,0.0,21.81,0.0,-3.2715909481048584
123.23980760574341,0.0,21.812,0.0,-3.2713053226470947
123.27225399017334,0.0,21.822,0.0,-3.2713491916656494
123.303719997406,0.0,21.832,0.0,-3.2717320919036865
123.33642864227295,0.0,21.855,0.0,-3.272458791732788
123.36798453330994,0.0,21.886,0.0,-3.2764878273010254
123.39996886253357,0.0,21.891,0.0,-3.278620958328247
123.43130993843079,0.0,21.853,0.0,-3.2810134887695312
123.46662211418152,0.0,21.822,0.0,-3.278761863708496
123.49550676345825,0.0,21.801,0.0,-3.2765254974365234
123.5277328491211,0.0,21.777,0.0,-3.2747879028320312
123.55952453613281,0.0,21.811,0.0,-3.2724361419677734
123.5940489768982,0.0,21.858,0.0,-3.273364782333374
123.626051902771,0.0,21.857,0.0,-3.2747671604156494
123.658447265625,0.0,21.86,0.0,-3.275813341140747
123.69067335128784,0.0,21.877,0.0,-3.2781786918640137
123.72028279304504,0.0,21.859,0.0,-3.2789828777313232
123.75146102905273,0.0,21.854,0.0,-3.279130220413208
123.78347086906433,0.0,21.813,0.0,-3.2790205478668213
123.81567573547363,0.0,21.823,0.0,-3.2762064933776855
123.84882640838623,0.0,21.844,0.0,-3.2763168811798096
123.8710310459137,0.0,21.838,0.0,-3.2761497497558594
123.92046785354614,0.0,21.829,0.0,-3.275705575942993
123.96567630767822,0.0,21.831,0.0,-3.2743940353393555
123.99365043640137,0.0,21.843,0.0,-3.274378538131714
124.0248544216156,0.0,21.859,0.0,-3.274876832962036
124.05725765228271,0.0,21.837,0.0,-3.2759387493133545
124.08995819091797,0.0,21.811,0.0,-3.2757174968719482
124.13581919670105,0.0,21.804,0.0,-3.2745745182037354
124.16827344894409,0.0,21.816,0.0,-3.273000717163086
124.20104646682739,0.0,21.838,0.0,-3.2734577655792236
124.23330092430115,0.0,21.845,0.0,-3.2739877700805664
124.26506972312927,0.0,21.858,0.0,-3.2757954597473145
124.29762625694275,0.0,21.851,0.0,-3.276350259780884
124.32988905906677,0.0,21.83,0.0,-3.2758936882019043
124.36021327972412,0.0,21.818,0.0,-3.2755372524261475
124.39255142211914,0.0,21.815,0.0,-3.274026393890381
124.4251937866211,0.0,21.846,0.0,-3.2747676372528076
124.45588183403015,0.0,21.819,0.0,-3.274209976196289
124.48739290237427,0.0,21.811,0.0,-3.2746212482452393
124.51987195014954,0.0,21.797,0.0,-3.274015426635742
124.55099320411682,0.0,21.81,0.0,-3.2727129459381104
124.58689975738525,0.0,21.853,0.0,-3.2722578048706055
124.62012219429016,0.0,21.861,0.0,-3.2743546962738037
124.65327334403992,0.0,21.838,0.0,-3.2756869792938232
124.68495154380798,0.0,21.805,0.0,-3.275749921798706
124.71754574775696,0.0,21.818,0.0,-3.2739150524139404
124.74899125099182,0.0,21.825,0.0,-3.2736196517944336
124.7799596786499,0.0,21.836,0.0,-3.27360463142395
124.81734919548035,0.0,21.849,0.0,-3.274958372116089
124.84509921073914,0.0,21.872,0.0,-3.2766196727752686
124.87835335731506,0.0,21.868,0.0,-3.277731418609619
124.90909194946289,0.0,21.865,0.0,-3.2784552574157715
124.94066023826599,0.0,21.858,0.0,-3.280080795288086
124.9728012084961,0.0,21.86,0.0,-3.279933452606201
125.00593638420105,0.0,21.867,0.0,-3.2798867225646973
125.03739643096924,0.0,21.858,0.0,-3.2801294326782227
125.0679931640625,0.0,21.838,0.0,-3.2795424461364746
125.10101985931396,0.0,21.815,0.0,-3.2786056995391846
125.13285446166992,0.0,21.794,0.0,-3.276906967163086
125.16149163246155,0.0,21.821,0.0,-3.2747089862823486
125.18577599525452,0.0,21.839,0.0,-3.2741479873657227
125.21867322921753,0.0,21.865,0.0,-3.275838851928711
125.25042414665222,0.0,21.862,0.0,-3.2775251865386963
125.28578305244446,0.0,21.853,0.0,-3.2780730724334717
125.31689405441284,0.0,21.833,0.0,-3.2773003578186035
125.35310745239258,0.0,21.806,0.0,-3.275533437728882
125.38489127159119,0.0,21.796,0.0,-3.2745466232299805
125.41669082641602,0.0,21.794,0.0,-3.2717175483703613
125.46521377563477,0.0,21.811,0.0,-3.2704622745513916
125.49779295921326,0.0,21.831,0.0,-3.2705283164978027
125.52888250350952,0.0,21.863,0.0,-3.2714381217956543
125.56108093261719,0.0,21.871,0.0,-3.2735016345977783
125.59220242500305,0.0,21.852,0.0,-3.277531385421753
125.62478232383728,0.0,21.864,0.0,-3.277754306793213
125.6567907333374,0.0,21.835,0.0,-3.2784197330474854
125.68640184402466,0.0,21.799,0.0,-3.2777042388916016
125.7273919582367,0.0,21.793,0.0,-3.274900436401367
125.75917983055115,0.0,21.793,0.0,-3.2732045650482178
125.79209876060486,0.0,21.843,0.0,-3.272998332977295
125.82131433486938,0.0,21.811,0.0,-3.2725157737731934
125.85285544395447,0.0,21.874,0.0,-3.273369073867798
125.88604497909546,0.0,21.869,0.0,-3.275463581085205
125.9181456565857,0.0,21.906,0.0,-3.2795138359069824
125.94935178756714,0.0,21.896,0.0,-3.2811219692230225
125.98210310935974,0.0,21.837,0.0,-3.280749797821045
126.01760745048523,0.0,21.825,0.0,-3.2781171798706055
126.0532443523407,0.0,21.784,0.0,-3.2752697467803955
126.08803677558899,0.0,21.827,0.0,-3.2740323543548584
126.12001895904541,0.0,21.822,0.0,-3.2738442420959473
126.15199589729309,0.0,21.885,0.0,-3.273582935333252
126.1842930316925,0.0,21.891,0.0,-3.2760350704193115
126.21818685531616,0.0,21.887,0.0,-3.280181407928467
126.25327372550964,0.0,21.887,0.0,-3.2812070846557617
126.28118753433228,0.0,21.918,0.0,-3.281982183456421
126.31312489509583,0.0,21.918,0.0,-3.2838633060455322
126.345538854599,0.0,21.898,0.0,-3.2860372066497803
126.37746834754944,0.0,21.875,0.0,-3.2860770225524902
126.40947675704956,0.0,21.856,0.0,-3.2851123809814453
126.44329810142517,0.0,21.83,0.0,-3.281217575073242
126.47267460823059,0.0,21.816,0.0,-3.2788212299346924
126.50457000732422,0.0,21.807,0.0,-3.276169776916504
126.53622722625732,0.0,21.83,0.0,-3.274548053741455
126.56836271286011,0.0,21.824,0.0,-3.2738332748413086
126.59990501403809,0.0,21.85,0.0,-3.274601697921753
126.6317663192749,0.0,21.814,0.0,-3.273700714111328
126.66323161125183,0.0,21.806,0.0,-3.272390127182007
126.69556069374084,0.0,21.794,0.0,-3.2709429264068604
126.72026419639587,0.0,21.834,0.0,-3.2701120376586914
126.75222873687744,0.0,21.851,0.0,-3.2711730003356934
126.78498101234436,0.0,21.852,0.0,-3.2727293968200684
126.81618666648865,0.0,21.815,0.0,-3.273420810699463
126.84889936447144,0.0,21.799,0.0,-3.2721471786499023
126.88024735450745,0.0,21.786,0.0,-3.2713401317596436
126.91173481941223,0.0,21.821,0.0,-3.2701833248138428
126.9445424079895,0.0,21.817,0.0,-3.2710800170898438
126.97672843933105,0.0,21.815,0.0,-3.270573139190674
127.00911045074463,0.0,21.791,0.0,-3.2708659172058105
127.04080820083618,0.0,21.821,0.0,-3.270773410797119
127.07288074493408,0.0,21.842,0.0,-3.272190570831299
127.12070441246033,0.0,21.851,0.0,-3.2746219635009766
127.1537094116211,0.0,21.86,0.0,-3.2759265899658203
127.18599557876587,0.0,21.859,0.0,-3.2769274711608887
127.21810364723206,0.0,21.86,0.0,-3.278357982635498
127.250173330307,0.0,21.876,0.0,-3.2787654399871826
127.27763962745667,0.0,21.902,0.0,-3.2797353267669678
127.32009077072144,0.0,21.914,0.0,-3.2834503650665283
127.34875392913818,0.0,21.927,0.0,-3.285431146621704
127.38089203834534,0.0,21.92,0.0,-3.2872657775878906
127.41335082054138,0.0,21.952,0.0,-3.2880167961120605
127.44674921035767,0.0,21.933,0.0,-3.290517568588257
127.47060179710388,0.0,21.926,0.0,-3.290656328201294
127.5013427734375,0.0,21.886,0.0,-3.28904128074646
127.54034185409546,0.0,21.843,0.0,-3.2835333347320557
127.5714783668518,0.0,21.818,0.0,-3.28060245513916
127.60342049598694,0.0,21.866,0.0,-3.2803499698638916
127.63545727729797,0.0,21.862,0.0,-3.2799911499023438
127.66743040084839,0.0,21.869,0.0,-3.279808759689331
127.69894361495972,0.0,21.881,0.0,-3.279884099960327
127.73167657852173,0.0,21.873,0.0,-3.280451536178589
127.76288080215454,0.0,21.858,0.0,-3.2805581092834473
127.79899501800537,0.0,21.857,0.0,-3.2797203063964844
127.8345079421997,0.0,21.839,0.0,-3.279330015182495
127.8686671257019,0.0,21.839,0.0,-3.2774710655212402
127.89892935752869,0.0,21.818,0.0,-3.2759761810302734
127.9310519695282,0.0,21.837,0.0,-3.274750232696533
127.96279764175415,0.0,21.861,0.0,-3.274702787399292
127.99216604232788,0.0,21.867,0.0,-3.2767276763916016
128.0259144306183,0.0,21.858,0.0,-3.277161121368408
128.05653977394104,0.0,21.846,0.0,-3.2769997119903564
128.0939347743988,0.0,21.819,0.0,-3.2756309509277344
128.12012124061584,0.0,21.809,0.0,-3.274704933166504
128.16081762313843,0.0,21.808,0.0,-3.2735812664031982
128.18505024909973,0.0,21.794,0.0,-3.2726855278015137
128.21702814102173,0.0,21.811,0.0,-3.2714333534240723
128.24882555007935,0.0,21.817,0.0,-3.2712113857269287
128.2806420326233,0.0,21.824,0.0,-3.2713122367858887
128.31325244903564,0.0,21.852,0.0,-3.2717037200927734
128.3431510925293,0.0,21.859,0.0,-3.2746622562408447
128.38015913963318,0.0,21.826,0.0,-3.2752110958099365
128.41158246994019,0.0,21.811,0.0,-3.274839401245117
128.44401836395264,0.0,21.817,0.0,-3.2734696865081787
128.4771568775177,0.0,21.871,0.0,-3.273797035217285
128.50887823104858,0.0,21.888,0.0,-3.275651693344116
128.5436508655548,0.0,21.894,0.0,-3.279707908630371
128.5733458995819,0.0,21.892,0.0,-3.2810850143432617
128.60551953315735,0.0,21.89,0.0,-3.2820470333099365
128.63710165023804,0.0,21.898,0.0,-3.2826008796691895
128.67010521888733,0.0,21.9,0.0,-3.284271478652954
128.70203161239624,0.0,21.88,0.0,-3.283994674682617
128.73294258117676,0.0,21.881,0.0,-3.2837975025177
128.7688546180725,0.0,21.841,0.0,-3.282459259033203
128.79763650894165,0.0,21.864,0.0,-3.280871629714966
128.8304054737091,0.0,21.87,0.0,-3.28059983253479
128.86297702789307,0.0,21.876,0.0,-3.2806360721588135
128.89623141288757,0.0,21.851,0.0,-3.2813291549682617
128.920348405838,0.0,21.863,0.0,-3.2803866863250732
128.950941324234,0.0,21.853,0.0,-3.2801570892333984
128.98366928100586,0.0,21.866,0.0,-3.279557943344116
129.01979327201843,0.0,21.856,0.0,-3.279284954071045
129.04851770401,0.0,21.849,0.0,-3.278717517852783
129.08102536201477,0.0,21.868,0.0,-3.278449773788452
129.113023519516,0.0,21.868,0.0,-3.278876781463623
129.14514780044556,0.0,21.874,0.0,-3.2797229290008545
129.17767143249512,0.0,21.889,0.0,-3.2807493209838867
129.20859146118164,0.0,21.855,0.0,-3.2804484367370605
129.24534034729004,0.0,21.849,0.0,-3.279179334640503
129.27336072921753,0.0,21.824,0.0,-3.2775912284851074
129.30009031295776,0.0,21.839,0.0,-3.2769978046417236
129.33239579200745,0.0,21.839,0.0,-3.276547431945801
129.3625464439392,0.0,21.857,0.0,-3.2762093544006348
129.4038634300232,0.0,21.848,0.0,-3.276947498321533
129.43305349349976,0.0,21.841,0.0,-3.2769248485565186
129.4644012451172,0.0,21.809,0.0,-3.2766199111938477
129.4966025352478,0.0,21.831,0.0,-3.2735888957977295
129.5361762046814,0.0,21.823,0.0,-3.2736523151397705
129.56831884384155,0.0,21.852,0.0,-3.274406671524048
129.6003975868225,0.0,21.862,0.0,-3.27563214302063
129.62742257118225,0.0,21.846,0.0,-3.2759158611297607
129.67071342468262,0.0,21.853,0.0,-3.276902198791504
129.70219731330872,0.0,21.853,0.0,-3.2771997451782227
129.73578310012817,0.0,21.819,0.0,-3.2765471935272217
129.7671492099762,0.0,21.832,0.0,-3.275496482849121
129.79915308952332,0.0,21.814,0.0,-3.274278402328491
129.83089804649353,0.0,21.857,0.0,-3.2753512859344482
129.8628227710724,0.0,21.864,0.0,-3.2761876583099365
129.88732743263245,0.0,21.857,0.0,-3.2771313190460205
129.93312549591064,0.0,21.853,0.0,-3.2787387371063232
129.96439957618713,0.0,21.839,0.0,-3.2786316871643066
129.99690580368042,0.0,21.826,0.0,-3.276876449584961
130.02891731262207,0.0,21.832,0.0,-3.276209592819214
130.0698537826538,0.0,21.827,0.0,-3.2752397060394287
130.10063123703003,0.0,21.846,0.0,-3.275625705718994
130.13543510437012,0.0,21.824,0.0,-3.2754249572753906
130.15216398239136,0.0,21.824,0.0,-3.2748541831970215
130.1839246749878,0.0,21.83,0.0,-3.274669885635376
130.21580171585083,0.0,21.814,0.0,-3.2736098766326904
130.25088572502136,0.0,21.82,0.0,-3.2724344730377197
130.28350520133972,0.0,21.812,0.0,-3.2724175453186035
130.32232666015625,0.0,21.797,0.0,-3.272757053375244
130.34685373306274,0.0,21.797,0.0,-3.2717373371124268
130.3740749359131,0.0,21.782,0.0,-3.271421194076538
130.40646195411682,0.0,21.789,0.0,-3.270097017288208
130.4386122226715,0.0,21.792,0.0,-3.2693817615509033
130.4692461490631,0.0,21.799,0.0,-3.268967866897583
130.501962184906,0.0,21.802,0.0,-3.2685203552246094
130.5356125831604,0.0,21.806,0.0,-3.268779754638672
130.5719153881073,0.0,21.78,0.0,-3.2683849334716797
130.599933385849,0.0,21.772,0.0,-3.2674598693847656
130.63145852088928,0.0,21.784,0.0,-3.2672643661499023
130.66254425048828,0.0,21.796,0.0,-3.266458511352539
130.69351029396057,0.0,21.808,0.0,-3.267029285430908
130.72555708885193,0.0,21.796,0.0,-3.268244743347168
130.7566773891449,0.0,21.77,0.0,-3.2673583030700684
130.77974843978882,0.0,21.768,0.0,-3.266598701477051
130.82198786735535,0.0,21.746,0.0,-3.264378070831299
130.8519012928009,0.0,21.782,0.0,-3.264925479888916
130.88395357131958,0.0,21.791,0.0,-3.265367269515991
130.91538405418396,0.0,21.79,0.0,-3.266101837158203
130.94184184074402,0.0,21.816,0.0,-3.2666397094726562
130.96761560440063,0.0,21.827,0.0,-3.268156051635742
130.99937534332275,0.0,21.823,0.0,-3.2705979347229004
131.03191947937012,0.0,21.809,0.0,-3.2715063095092773
131.07289600372314,0.0,21.812,0.0,-3.2718076705932617
131.12090039253235,0.0,21.793,0.0,-3.2706665992736816
131.15332746505737,0.0,21.776,0.0,-3.2695810794830322
131.18463921546936,0.0,21.784,0.0,-3.2686970233917236
131.21526193618774,0.0,21.812,0.0,-3.268350601196289
131.2475504875183,0.0,21.822,0.0,-3.2703890800476074
131.27850317955017,0.0,21.813,0.0,-3.270880699157715
131.31027340888977,0.0,21.824,0.0,-3.272347927093506
131.34233283996582,0.0,21.821,0.0,-3.2728443145751953
131.37484550476074,0.0,21.826,0.0,-3.2734792232513428
131.40632486343384,0.0,21.812,0.0,-3.273179531097412
131.43819665908813,0.0,21.813,0.0,-3.2729780673980713
131.47336173057556,0.0,21.83,0.0,-3.271857738494873
131.50112748146057,0.0,21.843,0.0,-3.2726473808288574
131.5308084487915,0.0,21.858,0.0,-3.273799180984497
131.56254625320435,0.0,21.868,0.0,-3.27531099319458
131.5954396724701,0.0,21.857,0.0,-3.2776269912719727
131.6274175643921,0.0,21.839,0.0,-3.2777578830718994
131.65092873573303,0.0,21.828,0.0,-3.2775020599365234
131.68438529968262,0.0,21.847,0.0,-3.276822805404663
131.71612787246704,0.0,21.823,0.0,-3.2770793437957764
131.7480869293213,0.0,21.841,0.0,-3.2763619422912598
131.77992606163025,0.0,21.844,0.0,-3.2769384384155273
131.81148529052734,0.0,21.84,0.0,-3.2769956588745117
131.84698939323425,0.0,21.83,0.0,-3.276326894760132
131.88755583763123,0.0,21.844,0.0,-3.276535749435425
131.92381477355957,0.0,21.86,0.0,-3.277400493621826
131.95198488235474,0.0,21.858,0.0,-3.2778899669647217
131.98463463783264,0.0,21.828,0.0,-3.27699875831604
132.01659297943115,0.0,21.811,0.0,-3.2760491371154785
132.04888772964478,0.0,21.797,0.0,-3.273332118988037
132.07448601722717,0.0,21.802,0.0,-3.2723746299743652
132.11175870895386,0.0,21.793,0.0,-3.27164363861084
132.14335656166077,0.0,21.8,0.0,-3.2707128524780273
132.17423105239868,0.0,21.798,0.0,-3.269746780395508
132.2059030532837,0.0,21.807,0.0,-3.269502878189087
132.23826718330383,0.0,21.808,0.0,-3.2697088718414307
132.27015733718872,0.0,21.826,0.0,-3.2699263095855713
132.3018548488617,0.0,21.814,0.0,-3.2712643146514893
132.33334231376648,0.0,21.815,0.0,-3.2714133262634277
132.36016058921814,0.0,21.831,0.0,-3.271576166152954
132.4014036655426,0.0,21.861,0.0,-3.2742624282836914
132.43185997009277,0.0,21.823,0.0,-3.275212287902832
132.45697784423828,0.0,21.823,0.0,-3.2748470306396484
132.48837852478027,0.0,21.76,0.0,-3.2724978923797607
132.52089428901672,0.0,21.764,0.0,-3.2684037685394287
132.55354690551758,0.0,21.787,0.0,-3.2680790424346924
132.5833079814911,0.0,21.787,0.0,-3.2678449153900146
132.6145579814911,0.0,21.776,0.0,-3.2672183513641357
132.64286184310913,0.0,21.793,0.0,-3.2667508125305176
132.6980538368225,0.0,21.812,0.0,-3.268446683883667
132.72285652160645,0.0,21.792,0.0,-3.268894672393799
132.7540581226349,0.0,21.786,0.0,-3.268786668777466
132.78626251220703,0.0,21.806,0.0,-3.2684571743011475
132.8186047077179,0.0,21.828,0.0,-3.2690486907958984
132.8511517047882,0.0,21.788,0.0,-3.2707953453063965
132.88301920890808,0.0,21.773,0.0,-3.2701056003570557
132.91529941558838,0.0,21.777,0.0,-3.2689409255981445
132.94819855690002,0.0,21.765,0.0,-3.2671475410461426
132.97238636016846,0.0,21.789,0.0,-3.2673418521881104
133.005676984787,0.0,21.815,0.0,-3.2685937881469727
133.0367615222931,0.0,21.839,0.0,-3.270198345184326
133.06851410865784,0.0,21.851,0.0,-3.271817684173584
133.09890460968018,0.0,21.836,0.0,-3.274280071258545
133.1233048439026,0.0,21.844,0.0,-3.275151252746582
133.1667811870575,0.0,21.832,0.0,-3.2754294872283936
133.18516898155212,0.0,21.832,0.0,-3.2755002975463867
133.21781468391418,0.0,21.827,0.0,-3.27536940574646
133.25014281272888,0.0,21.853,0.0,-3.275104284286499
133.28195142745972,0.0,21.842,0.0,-3.276068925857544
133.31226682662964,0.0,21.875,0.0,-3.276339054107666
133.35388684272766,0.0,21.852,0.0,-3.278618812561035
133.38486886024475,0.0,21.809,0.0,-3.278677463531494
133.40216994285583,0.0,21.809,0.0,-3.2768962383270264
133.43459129333496,0.0,21.797,0.0,-3.2756707668304443
133.47052645683289,0.0,21.811,0.0,-3.2740421295166016
133.50286293029785,0.0,21.807,0.0,-3.2726798057556152
133.53488516807556,0.0,21.825,0.0,-3.2720258235931396
133.567152261734,0.0,21.817,0.0,-3.2724084854125977
133.59907841682434,0.0,21.816,0.0,-3.2723121643066406
133.63080310821533,0.0,21.833,0.0,-3.2729828357696533
133.66350507736206,0.0,21.833,0.0,-3.2735049724578857
133.69600105285645,0.0,21.889,0.0,-3.274287700653076
133.72746396064758,0.0,21.907,0.0,-3.2773282527923584
133.75968885421753,0.0,21.915,0.0,-3.279959201812744
133.78465604782104,0.0,21.924,0.0,-3.282310962677002
133.82477188110352,0.0,21.913,0.0,-3.2856640815734863
133.84899425506592,0.0,21.89,0.0,-3.2855753898620605
133.87606739997864,0.0,21.832,0.0,-3.28458833694458
133.9079189300537,0.0,21.839,0.0,-3.2822389602661133
133.94138360023499,0.0,21.844,0.0,-3.2806925773620605
133.97195148468018,0.0,21.883,0.0,-3.280548572540283
134.00412011146545,0.0,21.863,0.0,-3.280362844467163
134.03634309768677,0.0,21.856,0.0,-3.280252695083618
134.06309032440186,0.0,21.84,0.0,-3.2798244953155518
134.1098940372467,100.0,21.84,100.0,2.121967315673828
134.15109515190125,100.0,41.691,100.0,4.338318824768066
134.18228769302368,100.0,48.889,100.0,4.717308044433594
134.21270751953125,100.0,56.185,100.0,4.742805480957031
134.24463748931885,100.0,51.874,100.0,4.997533798217773
134.26114106178284,100.0,51.874,100.0,5.207936763763428
134.2931628227234,100.0,52.85,100.0,5.376552581787109
134.32640528678894,100.0,53.072,100.0,5.660082817077637
134.35596323013306,100.0,53.31,100.0,5.7703986167907715
134.38826870918274,100.0,53.904,100.0,5.8652119636535645
134.4207079410553,100.0,54.362,100.0,5.931303024291992
134.45250535011292,100.0,54.809,100.0,6.0193772315979
134.48307061195374,100.0,54.109,100.0,6.056972026824951
134.5252640247345,100.0,53.798,100.0,6.207083702087402
134.57439947128296,100.0,55.292,100.0,6.278686046600342
134.6064772605896,100.0,56.714,100.0,6.229170322418213
134.638676404953,100.0,59.012,100.0,6.137258052825928
134.67023038864136,100.0,59.472,100.0,6.038858413696289
134.7017364501953,100.0,59.31,100.0,5.896907329559326
134.74989771842957,100.0,59.28,100.0,5.8316264152526855
134.77735662460327,100.0,58.813,100.0,5.845617294311523
134.8090901374817,100.0,58.868,100.0,5.860029697418213
134.84107375144958,100.0,57.993,100.0,5.913341999053955
134.87649273872375,100.0,56.872,100.0,6.022876262664795
134.90515780448914,100.0,55.9,100.0,6.099473476409912
134.93696808815002,100.0,55.453,100.0,6.202830791473389
134.96906447410583,100.0,54.066,100.0,6.304258346557617
135.0015504360199,100.0,50.79,100.0,6.63107967376709
135.03384566307068,100.0,51.838,100.0,6.835704803466797
135.06511807441711,100.0,54.479,100.0,6.949944496154785
135.10184597969055,100.0,61.355,100.0,6.619433403015137
135.12955379486084,100.0,63.699,100.0,6.330325603485107
135.16157913208008,100.0,64.801,100.0,6.060757637023926
135.1936309337616,100.0,65.379,100.0,5.808087348937988
135.23533749580383,100.0,66.527,100.0,5.399588584899902
135.26793360710144,100.0,66.882,100.0,5.234936714172363
135.3075110912323,100.0,67.057,100.0,4.988095760345459
135.3396544456482,100.0,67.259,100.0,4.901384353637695
135.37627577781677,100.0,67.256,100.0,4.793914318084717
135.40278506278992,100.0,67.276,100.0,4.763702869415283
135.43520092964172,100.0,66.902,100.0,4.760551452636719
135.46583247184753,100.0,65.899,100.0,4.804480075836182
135.49806833267212,100.0,64.16,100.0,4.842321872711182
135.530264377594,100.0,63.454,100.0,5.0010809898376465
135.56251454353333,100.0,63.256,100.0,5.105922222137451
135.59363722801208,100.0,62.576,100.0,5.197240352630615
135.62641620635986,100.0,62.141,100.0,5.394832611083984
135.65832543373108,100.0,61.116,100.0,5.513395309448242
135.69018983840942,100.0,61.039,100.0,5.60514497756958
135.72289657592773,100.0,61.461,100.0,5.678985595703125
135.75508379936218,100.0,61.675,100.0,5.737912178039551
135.7856752872467,100.0,61.89,100.0,5.743630886077881
135.81111001968384,100.0,62.22,100.0,5.733346939086914
135.8428716659546,100.0,63.075,100.0,5.708028316497803
135.87538719177246,100.0,64.18,100.0,5.5910234451293945
135.9069836139679,100.0,65.389,100.0,5.480258941650391
135.94676566123962,100.0,67.762,100.0,5.394736289978027
135.9795322418213,100.0,68.51,100.0,5.146658420562744
136.00264978408813,100.0,69.142,100.0,5.00830078125
136.03389382362366,100.0,69.719,100.0,4.876450061798096
136.06678771972656,100.0,70.439,100.0,4.7523345947265625
136.09817171096802,100.0,71.053,100.0,4.628539085388184
136.13040351867676,100.0,73.611,100.0,4.327640533447266
136.16319298744202,100.0,73.778,100.0,4.175966739654541
136.19564604759216,100.0,73.554,100.0,4.0553975105285645
136.22838377952576,100.0,73.369,100.0,3.9256560802459717
136.25943803787231,100.0,71.888,100.0,3.9220528602600098
136.2857370376587,100.0,71.049,100.0,3.9543612003326416
136.3129539489746,100.0,70.442,100.0,4.018098831176758
136.34526109695435,100.0,70.745,100.0,4.095967769622803
136.37715697288513,100.0,71.244,100.0,4.166029930114746
136.40967440605164,100.0,71.669,100.0,4.165507793426514
136.4433093070984,100.0,72.349,100.0,4.144225120544434
136.47809553146362,100.0,72.368,100.0,4.108150482177734
136.50602388381958,100.0,72.457,100.0,4.094142913818359
136.53777956962585,100.0,72.489,100.0,4.083460330963135
136.57022976875305,100.0,73.246,100.0,4.044848918914795
136.60164761543274,100.0,75.181,100.0,3.9226646423339844
136.63740587234497,100.0,76.114,100.0,3.843857765197754
136.67097282409668,100.0,76.235,100.0,3.7455215454101562
136.70242834091187,100.0,76.312,100.0,3.6041431427001953
136.7396683692932,100.0,78.313,100.0,3.5194718837738037
136.77169489860535,100.0,77.779,100.0,3.4112303256988525
136.80325317382812,100.0,77.165,100.0,3.3357019424438477
136.8290250301361,100.0,75.868,100.0,3.379817008972168
136.86664080619812,100.0,74.991,100.0,3.480577230453491
136.90435528755188,100.0,75.15,100.0,3.5686419010162354
136.93047666549683,100.0,75.664,100.0,3.5758135318756104
136.96332955360413,100.0,76.634,100.0,3.5417399406433105
136.99559688568115,100.0,77.499,100.0,3.5069384574890137
137.02764558792114,100.0,78.39,100.0,3.3775405883789062
137.05989742279053,100.0,78.911,100.0,3.297623634338379
137.0917592048645,100.0,79.706,100.0,3.237398147583008
137.1236789226532,100.0,80.669,100.0,3.1591756343841553
137.15626645088196,100.0,81.648,100.0,2.9629580974578857
137.18873763084412,100.0,82.28,100.0,2.8716440200805664
137.2213592529297,100.0,82.543,100.0,2.776977300643921
137.25283646583557,100.0,83.145,100.0,2.6098427772521973
137.28484296798706,100.0,85.647,100.0,2.489342212677002
137.31783366203308,100.0,86.935,100.0,2.35148286819458
137.34192490577698,100.0,88.341,100.0,2.1941771507263184
137.38522362709045,100.0,89.868,100.0,1.8444678783416748
137.41709303855896,100.0,90.331,100.0,1.6911550760269165
137.46068954467773,100.0,90.562,100.0,1.5845280885696411
137.4903700351715,100.0,91.475,100.0,1.5794273614883423
137.5223777294159,100.0,92.957,100.0,1.5876107215881348
137.55636286735535,100.0,93.645,100.0,1.6718031167984009
137.5866014957428,100.0,94.092,100.0,1.731503963470459
137.61853003501892,100.0,94.839,100.0,1.7976891994476318
137.6505560874939,100.0,96.042,100.0,1.8524925708770752
137.68118524551392,100.0,98.642,100.0,1.834993839263916
137.71297359466553,100.0,100.014,100.0,1.7673699855804443
137.74482440948486,100.0,100.394,100.0,1.6652401685714722
137.7811164855957,100.0,101.229,100.0,1.4825934171676636
137.8089051246643,100.0,102.078,100.0,1.3804768323898315
137.84069061279297,100.0,103.833,100.0,1.2729865312576294
137.87360095977783,100.0,104.776,100.0,1.1586953401565552
137.91564178466797,100.0,105.327,100.0,0.9276165962219238
137.94812965393066,100.0,107.248,100.0,0.8117741942405701
137.9639172554016,100.0,107.248,100.0,0.6858492493629456
137.99673986434937,100.0,108.128,100.0,0.558233916759491
138.0303671360016,100.0,109.936,100.0,0.36175769567489624
138.06887674331665,100.0,109.871,100.0,0.2515854835510254
138.0928132534027,100.0,109.952,100.0,0.1261442005634308
138.13393926620483,100.0,111.776,100.0,-0.16424788534641266
138.16504096984863,100.0,113.793,100.0,-0.3123100996017456
138.1960813999176,100.0,114.125,100.0,-0.5071381330490112
138.23112320899963,100.0,114.242,100.0,-0.7906280755996704
138.26113438606262,100.0,114.827,100.0,-0.9055393934249878
138.29360055923462,100.0,116.379,100.0,-1.014151692390442
138.32701873779297,100.0,117.315,100.0,-1.1329424381256104
138.35907697677612,100.0,118.122,100.0,-1.3844283819198608
138.39142560958862,100.0,118.942,100.0,-1.5104973316192627
138.41942286491394,100.0,119.451,100.0,-1.6237229108810425
138.4611051082611,100.0,121.048,100.0,-1.8383195400238037
138.49289846420288,100.0,121.814,100.0,-1.9271528720855713
138.52482438087463,100.0,122.524,100.0,-2.0223588943481445
138.55715680122375,100.0,123.366,100.0,-2.1930673122406006
138.58801794052124,100.0,124.43,100.0,-2.2764625549316406
138.6076786518097,100.0,124.43,100.0,-2.38023042678833
138.63672351837158,100.0,125.957,100.0,-2.495462656021118
138.66857147216797,100.0,126.495,100.0,-2.6029257774353027
138.70576882362366,100.0,127.168,100.0,-2.8035125732421875
138.73180675506592,100.0,127.785,100.0,-2.901571273803711
138.76478934288025,100.0,130.001,100.0,-3.0148301124572754
138.80213928222656,100.0,131.419,100.0,-3.147160053253174
138.83213686943054,100.0,133.046,100.0,-3.4870104789733887
138.85762214660645,100.0,134.445,100.0,-3.6817715167999268
138.88728308677673,100.0,135.715,100.0,-3.8794846534729004
138.91940927505493,100.0,136.982,100.0,-4.079049587249756
138.9514446258545,100.0,139.169,100.0,-4.274637222290039
138.9817922115326,100.0,140.034,100.0,-4.56687068939209
139.0135157108307,100.0,140.452,100.0,-4.710439205169678
139.04685926437378,100.0,141.845,100.0,-4.831723213195801
139.08204579353333,100.0,143.193,100.0,-5.13815975189209
139.1110508441925,100.0,144.715,100.0,-5.319582939147949
139.14211797714233,100.0,146.486,100.0,-5.5003981590271
139.17429661750793,100.0,146.958,100.0,-5.659026622772217
139.20624446868896,100.0,147.581,100.0,-5.916484832763672
139.23693084716797,100.0,148.524,100.0,-6.043300151824951
139.2690236568451,100.0,150.782,100.0,-6.176939487457275
139.30162692070007,100.0,151.929,100.0,-6.32437801361084
139.33362793922424,100.0,153.149,100.0,-6.642239570617676
139.36514353752136,100.0,154.196,100.0,-6.804813385009766
139.39808225631714,100.0,155.075,100.0,-6.95973014831543
139.43014097213745,100.0,155.837,100.0,-7.09285831451416
139.47171998023987,100.0,156.183,100.0,-7.2649641036987305
139.50322222709656,100.0,156.487,100.0,-7.331544876098633
139.53463888168335,100.0,157.83,100.0,-7.450512886047363
139.56575775146484,100.0,159.732,100.0,-7.523529529571533
139.59881567955017,100.0,160.503,100.0,-7.653474807739258
139.6312506198883,100.0,161.396,100.0,-7.9089884757995605
139.66246509552002,100.0,162.223,100.0,-8.037055969238281
139.6949269771576,100.0,164.135,100.0,-8.170825958251953
139.72703003883362,100.0,164.853,100.0,-8.306929588317871
139.75915360450745,100.0,165.594,100.0,-8.56006145477295
139.79103016853333,100.0,166.164,100.0,-8.67349624633789
139.82288312911987,100.0,167.903,100.0,-8.791372299194336
139.83858346939087,100.0,167.903,100.0,-8.912333488464355
139.87076473236084,100.0,168.945,100.0,-9.043126106262207
139.90280508995056,100.0,171.007,100.0,-9.183162689208984
139.93450546264648,100.0,172.235,100.0,-9.398136138916016
139.96888494491577,100.0,173.2,100.0,-9.530757904052734
139.99767661094666,100.0,173.736,100.0,-9.667337417602539
140.03315901756287,100.0,175.24,100.0,-9.911694526672363
140.0648899078369,100.0,175.868,100.0,-10.027878761291504
140.0971531867981,100.0,176.974,100.0,-10.137543678283691
140.12871098518372,100.0,178.705,100.0,-10.262253761291504
140.16888117790222,100.0,180.513,100.0,-10.584965705871582
140.21557474136353,100.0,182.038,100.0,-10.87982177734375
140.25200009346008,100.0,182.975,100.0,-11.01533031463623
140.2833137512207,100.0,183.832,100.0,-11.287639617919922
140.31572842597961,100.0,184.969,100.0,-11.432886123657227
140.34732031822205,100.0,187.049,100.0,-11.582682609558105
140.3788435459137,100.0,188.21,100.0,-11.734258651733398
140.41138219833374,100.0,188.947,100.0,-12.039609909057617
140.4430480003357,100.0,189.763,100.0,-12.179906845092773
140.4759430885315,100.0,190.483,100.0,-12.311309814453125
140.50709795951843,100.0,192.182,100.0,-12.40561580657959
140.53617119789124,100.0,193.205,100.0,-12.611039161682129
140.56589794158936,100.0,194.155,100.0,-12.73045825958252
140.59868264198303,100.0,195.111,100.0,-12.855795860290527
140.63436031341553,100.0,195.788,100.0,-13.108278274536133
140.6632444858551,100.0,197.039,100.0,-13.231636047363281
140.6957302093506,100.0,197.675,100.0,-13.337080955505371
140.72710871696472,100.0,198.485,100.0,-13.438560485839844
140.7606794834137,100.0,199.191,100.0,-13.649201393127441
140.79166626930237,100.0,199.754,100.0,-13.747386932373047
140.82290482521057,100.0,201.379,100.0,-13.85206413269043
140.85517954826355,100.0,202.163,100.0,-13.959675788879395
140.8961148262024,100.0,203.27,100.0,-14.148118019104004
140.9187285900116,100.0,203.27,100.0,-14.249207496643066
140.9509301185608,100.0,206.338,100.0,-14.40247917175293
140.9821617603302,100.0,207.18,100.0,-14.562508583068848
141.0140426158905,100.0,208.151,100.0,-14.799777030944824
141.0461483001709,100.0,209.005,100.0,-14.926813125610352
141.07934880256653,100.0,209.682,100.0,-15.05451774597168
141.1112413406372,100.0,210.571,100.0,-15.299580574035645
141.1426727771759,100.0,213.271,100.0,-15.461935043334961
141.1748104095459,100.0,213.987,100.0,-15.62166690826416
141.20645141601562,100.0,214.817,100.0,-15.768583297729492
141.23856687545776,100.0,215.605,100.0,-16.04610824584961
141.27045702934265,100.0,217.278,100.0,-16.17715072631836
141.30333423614502,100.0,218.021,100.0,-16.308958053588867
141.33546328544617,100.0,218.936,100.0,-16.564346313476562
141.3671395778656,100.0,219.896,100.0,-16.697628021240234
141.39959716796875,100.0,221.668,100.0,-16.832441329956055
141.43106603622437,100.0,222.477,100.0,-16.96554183959961
141.46365880966187,100.0,223.436,100.0,-17.229352951049805
141.49542379379272,100.0,224.27,100.0,-17.360929489135742
141.5279848575592,100.0,225.323,100.0,-17.499954223632812
141.5608115196228,100.0,226.922,100.0,-17.710159301757812
141.60077095031738,100.0,227.727,100.0,-17.81644058227539
141.63021063804626,100.0,228.408,100.0,-17.925682067871094
141.66374278068542,100.0,230.714,100.0,-18.135835647583008
141.68528389930725,100.0,230.714,100.0,-18.278213500976562
141.71790266036987,100.0,232.549,100.0,-18.416702270507812
141.7495093345642,100.0,233.636,100.0,-18.559316635131836
141.7866427898407,100.0,234.82,100.0,-18.866939544677734
141.81314206123352,100.0,236.017,100.0,-19.032812118530273
141.84578704833984,100.0,237.149,100.0,-19.2016544342041
141.87695932388306,100.0,238.78,100.0,-19.360240936279297
141.91296219825745,100.0,239.73,100.0,-19.6566162109375
141.94130730628967,100.0,240.541,100.0,-19.7974796295166
141.973703622818,100.0,241.25,100.0,-19.92881965637207
142.00596356391907,100.0,242.384,100.0,-20.054805755615234
142.03785300254822,100.0,242.79,100.0,-20.223222732543945
142.0697569847107,100.0,243.401,100.0,-20.293813705444336
142.10177063941956,100.0,243.993,100.0,-20.36725425720215
142.13805985450745,100.0,244.889,100.0,-20.53159523010254
142.16597318649292,100.0,248.426,100.0,-20.69013786315918
142.18768310546875,100.0,248.426,100.0,-20.859230041503906
142.21482968330383,100.0,249.491,100.0,-21.028249740600586
142.2473850250244,100.0,251.034,100.0,-21.18659782409668
142.2788724899292,100.0,251.805,100.0,-21.332788467407227
142.31092739105225,100.0,252.542,100.0,-21.60251235961914
142.3527376651764,100.0,254.316,100.0,-21.729843139648438
142.38865780830383,100.0,255.072,100.0,-21.990785598754883
142.4153754711151,100.0,255.869,100.0,-22.116132736206055
142.44814109802246,100.0,256.74,100.0,-22.242719650268555
142.4792058467865,100.0,257.412,100.0,-22.333702087402344
142.5115487575531,100.0,258.965,100.0,-22.524700164794922
142.54394388198853,100.0,260.119,100.0,-22.625097274780273
142.57500910758972,100.0,261.008,100.0,-22.744718551635742
142.60727453231812,100.0,261.924,100.0,-22.868122100830078
142.6388566493988,100.0,264.319,100.0,-23.188230514526367
142.67873549461365,100.0,266.852,100.0,-23.384857177734375
142.7103934288025,100.0,267.598,100.0,-23.582157135009766
142.74325299263,100.0,267.685,100.0,-23.891952514648438
142.77449679374695,100.0,267.849,100.0,-23.987625122070312
142.8064911365509,100.0,268.181,100.0,-24.06097984313965
142.83833503723145,100.0,268.876,100.0,-24.196002960205078
142.8875653743744,100.0,270.294,100.0,-24.363040924072266
142.91904139518738,100.0,271.061,100.0,-24.452804565429688
142.95240259170532,100.0,271.738,100.0,-24.54445457458496
142.98294019699097,100.0,273.816,100.0,-24.646766662597656
143.01851892471313,100.0,274.988,100.0,-24.8201904296875
143.05245113372803,100.0,276.204,100.0,-24.941164016723633
143.08826994895935,100.0,277.192,100.0,-25.222862243652344
143.1127371788025,100.0,278.097,100.0,-25.365337371826172
143.1420395374298,100.0,280.935,100.0,-25.51023292541504
143.17431163787842,100.0,281.783,100.0,-25.694318771362305
143.2017261981964,100.0,282.667,100.0,-25.86585235595703
143.2332582473755,100.0,283.449,100.0,-26.028987884521484
143.2653729915619,100.0,284.188,100.0,-26.322967529296875
143.29822206497192,100.0,285.02,100.0,-26.460582733154297
143.330082654953,100.0,286.631,100.0,-26.592073440551758
143.36262345314026,100.0,287.583,100.0,-26.855941772460938
143.3951165676117,100.0,288.544,100.0,-26.992643356323242
143.42620468139648,100.0,289.582,100.0,-27.1348934173584
143.4586627483368,100.0,291.565,100.0,-27.237834930419922
143.49142026901245,100.0,292.387,100.0,-27.472808837890625
143.52106881141663,100.0,293.398,100.0,-27.596080780029297
143.5542769432068,100.0,294.032,100.0,-27.72701072692871
143.58578157424927,100.0,294.435,100.0,-27.848020553588867
143.61829328536987,100.0,295.822,100.0,-28.05127716064453
143.64963483810425,100.0,296.659,100.0,-28.153636932373047
143.6816635131836,100.0,297.266,100.0,-28.261354446411133
143.71515822410583,100.0,297.791,100.0,-28.458290100097656
143.7402527332306,100.0,298.452,100.0,-28.552900314331055
143.76388692855835,100.0,299.084,100.0,-28.64632225036621
143.80248260498047,100.0,300.865,100.0,-28.7431697845459
143.8343710899353,100.0,301.787,100.0,-28.8559513092041
143.86550164222717,100.0,302.678,100.0,-29.0998592376709
143.89612436294556,100.0,303.637,100.0,-29.229948043823242
143.92856121063232,100.0,304.471,100.0,-29.359405517578125
143.96521139144897,100.0,306.151,100.0,-29.57322883605957
143.99217009544373,100.0,307.105,100.0,-29.67676544189453
144.02478289604187,100.0,307.924,100.0,-29.790769577026367
144.0582218170166,100.0,308.843,100.0,-29.907203674316406
144.08873844146729,100.0,310.178,100.0,-30.17440414428711
144.12069034576416,100.0,311.798,100.0,-30.312171936035156
144.15332460403442,100.0,312.941,100.0,-30.448352813720703
144.18497967720032,100.0,313.733,100.0,-30.595308303833008
144.2170705795288,100.0,314.245,100.0,-30.85931968688965
144.24985074996948,100.0,315.222,100.0,-30.969268798828125
144.28438353538513,100.0,315.877,100.0,-31.067829132080078
144.31553411483765,100.0,316.906,100.0,-31.277103424072266
144.34732580184937,100.0,317.704,100.0,-31.39092254638672
144.37929558753967,100.0,318.863,100.0,-31.49775505065918
144.41531682014465,100.0,319.476,100.0,-31.694427490234375
144.50562143325806,100.0,319.476,100.0,-31.84083366394043
144.53730034828186,100.0,323.018,100.0,-31.982486724853516
144.56998348236084,100.0,323.673,100.0,-32.23361587524414
144.60239815711975,100.0,324.366,100.0,-32.351280212402344
144.6330943107605,100.0,325.093,100.0,-32.436546325683594
144.6655638217926,100.0,326.573,100.0,-32.61895751953125
144.69781517982483,100.0,327.429,100.0,-32.71931838989258
144.71476769447327,100.0,328.295,100.0,-32.82733917236328
144.74651384353638,100.0,329.773,100.0,-32.941673278808594
144.77800798416138,100.0,330.467,100.0,-33.08659744262695
144.81055307388306,100.0,331.178,100.0,-33.22213363647461
144.8419647216797,100.0,331.867,100.0,-33.473731994628906
144.8745837211609,100.0,333.29,100.0,-33.59376907348633
144.905029296875,100.0,333.983,100.0,-33.709293365478516
144.93679475784302,100.0,334.734,100.0,-33.82173538208008
144.9695200920105,100.0,335.511,100.0,-34.047821044921875
145.00035667419434,100.0,336.231,100.0,-34.1599006652832
145.03280782699585,100.0,337.756,100.0,-34.272438049316406
145.06596112251282,100.0,338.574,100.0,-34.50151443481445
145.09731698036194,100.0,339.429,100.0,-34.621028900146484
145.1296591758728,100.0,340.225,100.0,-34.74085235595703
145.17036747932434,100.0,341.676,100.0,-34.94350814819336
145.20287466049194,100.0,342.499,100.0,-35.032989501953125
145.23459792137146,100.0,343.298,100.0,-35.13082504272461
145.26691007614136,100.0,344.126,100.0,-35.34305191040039
145.29835104942322,100.0,346.778,100.0,-35.497161865234375
145.3347020149231,100.0,347.622,100.0,-35.64607238769531
145.36715269088745,100.0,348.376,100.0,-35.92787170410156
145.39826846122742,100.0,349.701,100.0,-36.05692672729492
145.43075251579285,100.0,350.347,100.0,-36.17685317993164
145.46252870559692,100.0,351.05,100.0,-36.29037094116211
145.49627566337585,100.0,351.727,100.0,-36.50925827026367
145.52775406837463,100.0,352.502,100.0,-36.618980407714844
145.55935764312744,100.0,354.121,100.0,-36.73137283325195
145.59163403511047,100.0,355.021,100.0,-36.96664810180664
145.62341141700745,100.0,355.96,100.0,-37.09296417236328
145.6553659439087,100.0,356.86,100.0,-37.222198486328125
145.68699169158936,100.0,358.64,100.0,-37.31585693359375
145.7183940410614,100.0,359.488,100.0,-37.5316162109375
145.7503719329834,100.0,360.427,100.0,-37.64688491821289
145.78263354301453,100.0,361.386,100.0,-37.769317626953125
145.81496715545654,100.0,362.374,100.0,-37.89811706542969
145.85087752342224,100.0,365.234,100.0,-38.211585998535156
145.88803505897522,100.0,366.177,100.0,-38.3828125
145.91910195350647,100.0,367.182,100.0,-38.711524963378906
145.95894765853882,100.0,369.067,100.0,-38.869903564453125
145.99209237098694,100.0,369.999,100.0,-39.17780685424805
146.02352499961853,100.0,370.9,100.0,-39.32622528076172
146.05562281608582,100.0,371.895,100.0,-39.475502014160156
146.08598685264587,100.0,373.901,100.0,-39.6249885559082
146.11857318878174,100.0,374.91,100.0,-39.92790222167969
146.15014672279358,100.0,376.059,100.0,-40.03785705566406
146.18269228935242,100.0,377.224,100.0,-40.16370391845703
146.21824288368225,100.0,379.346,100.0,-40.44730758666992
146.24595189094543,100.0,380.334,100.0,-40.59638977050781
146.27770614624023,100.0,381.464,100.0,-40.74578857421875
146.31009531021118,100.0,384.116,100.0,-40.901371002197266
146.3431282043457,100.0,385.415,100.0,-41.34579849243164
146.37906622886658,100.0,387.588,100.0,-41.556396484375
146.4107825756073,100.0,388.693,100.0,-41.754085540771484
146.4433307647705,100.0,389.702,100.0,-42.12644958496094
146.47506165504456,100.0,390.612,100.0,-42.29636764526367
146.5074234008789,100.0,392.499,100.0,-42.45829391479492
146.53891110420227,100.0,393.551,100.0,-42.61485290527344
146.57138323783875,100.0,394.603,100.0,-42.92802810668945
146.60270929336548,100.0,395.671,100.0,-43.08535385131836
146.6373291015625,100.0,397.533,100.0,-43.19841003417969
146.6690821647644,100.0,398.442,100.0,-43.43946838378906
146.70087718963623,100.0,399.476,100.0,-43.56355285644531
146.73298597335815,100.0,400.497,100.0,-43.69482421875
146.76600050926208,100.0,401.336,100.0,-43.9639778137207
146.79881167411804,100.0,403.997,100.0,-44.10093688964844
146.83042764663696,100.0,404.924,100.0,-44.268611907958984
146.86331868171692,100.0,405.731,100.0,-44.429344177246094
146.89295935630798,100.0,406.593,100.0,-44.72407531738281
146.9293134212494,100.0,408.624,100.0,-44.87281036376953
146.96136236190796,100.0,409.533,100.0,-45.020206451416016
146.9935600757599,100.0,410.511,100.0,-45.30912780761719
147.02486205101013,100.0,411.203,100.0,-45.44218063354492
147.0573377609253,100.0,412.85,100.0,-45.57225036621094
147.08872365951538,100.0,413.601,100.0,-45.699180603027344
147.12142944335938,100.0,414.356,100.0,-45.93951416015625
147.15232110023499,100.0,415.067,100.0,-46.0533332824707
147.18427658081055,100.0,415.816,100.0,-46.16532897949219
147.2175648212433,100.0,417.26,100.0,-46.35184097290039
147.2488386631012,100.0,418.029,100.0,-46.435096740722656
147.28165864944458,100.0,418.744,100.0,-46.5248908996582
147.31888341903687,100.0,420.252,100.0,-46.712257385253906
147.35071182250977,100.0,420.979,100.0,-46.81275939941406
147.38463425636292,100.0,422.464,100.0,-46.91462707519531
147.416175365448,100.0,423.208,100.0,-47.0494270324707
147.44352340698242,100.0,423.909,100.0,-47.301551818847656
147.4751753807068,100.0,425.361,100.0,-47.42131805419922
147.50808715820312,100.0,426.014,100.0,-47.537445068359375
147.5390191078186,100.0,426.767,100.0,-47.648277282714844
147.5700807571411,100.0,427.486,100.0,-47.86892318725586
147.6027820110321,100.0,428.168,100.0,-47.97608184814453
147.6340160369873,100.0,428.871,100.0,-48.08222198486328
147.66542649269104,100.0,430.272,100.0,-48.187255859375
147.6976556777954,100.0,430.988,100.0,-48.34391403198242
147.72966313362122,100.0,431.697,100.0,-48.43115997314453
147.76238799095154,100.0,432.38,100.0,-48.52256774902344
147.79433703422546,100.0,433.733,100.0,-48.71106719970703
147.82616209983826,100.0,435.102,100.0,-48.80739974975586
147.85817408561707,100.0,435.78,100.0,-48.93378448486328
147.8903248310089,100.0,436.466,100.0,-49.054359436035156
147.92272448539734,100.0,437.176,100.0,-49.284759521484375
147.9530656337738,100.0,438.54,100.0,-49.39678955078125
147.98329424858093,100.0,439.208,100.0,-49.505306243896484
148.02310991287231,100.0,439.891,100.0,-49.71645736694336
148.05244970321655,100.0,440.538,100.0,-49.81904220581055
148.07663106918335,100.0,441.235,100.0,-49.9218864440918
148.11439442634583,100.0,442.566,100.0,-50.02375793457031
148.14612674713135,100.0,443.25,100.0,-50.22563934326172
148.17865991592407,100.0,443.888,100.0,-50.32484436035156
148.21110224723816,100.0,444.545,100.0,-50.39591598510742
148.24449133872986,100.0,445.86,100.0,-50.55375671386719
148.2751898765564,100.0,446.628,100.0,-50.63935470581055
148.30744552612305,100.0,448.152,100.0,-50.73250961303711
148.3392035961151,100.0,448.839,100.0,-50.86329650878906
148.37238907814026,100.0,449.421,100.0,-51.103416442871094
148.40219521522522,100.0,450.475,100.0,-51.209625244140625
148.43516087532043,100.0,451.028,100.0,-51.308082580566406
148.47117400169373,100.0,451.572,100.0,-51.491851806640625
148.49948263168335,100.0,452.159,100.0,-51.58059310913086
148.53156065940857,100.0,453.352,100.0,-51.668060302734375
148.56304383277893,100.0,454.106,100.0,-51.75623321533203
148.59794783592224,100.0,454.75,100.0,-51.94568634033203
148.62597513198853,100.0,455.372,100.0,-52.0399284362793
148.6571295261383,100.0,455.796,100.0,-52.12538146972656
148.68953394889832,100.0,457.159,100.0,-52.21992874145508
148.72958707809448,100.0,457.731,100.0,-52.401065826416016
148.7656593322754,100.0,458.854,100.0,-52.48905563354492
148.80588579177856,100.0,459.29,100.0,-52.618953704833984
148.83743810653687,100.0,460.006,100.0,-52.68412780761719
148.87235379219055,100.0,461.221,100.0,-52.84010314941406
148.90176844596863,100.0,461.805,100.0,-52.9219856262207
148.93445491790771,100.0,462.405,100.0,-53.005165100097656
148.9677698612213,100.0,463.372,100.0,-53.09004211425781
149.01562762260437,100.0,464.05,100.0,-53.29399490356445
149.02984619140625,100.0,464.495,100.0,-53.368446350097656
149.06304574012756,100.0,465.433,100.0,-53.43999099731445
149.09640622138977,100.0,466.843,100.0,-53.654296875
149.12657713890076,100.0,467.883,100.0,-53.77064514160156
149.1584451198578,100.0,468.512,100.0,-53.874481201171875
149.1914143562317,100.0,469.23,100.0,-53.976295471191406
149.22248888015747,100.0,469.868,100.0,-54.18241882324219
149.25460410118103,100.0,470.56,100.0,-54.285484313964844
149.28717517852783,100.0,471.658,100.0,-54.38499450683594
149.3229479789734,100.0,472.146,100.0,-54.5655632019043
149.35102534294128,100.0,472.609,100.0,-54.647552490234375
149.38309717178345,100.0,473.004,100.0,-54.72251892089844
149.41598773002625,100.0,474.104,100.0,-54.79534912109375
149.45695996284485,100.0,474.852,100.0,-54.90815734863281
149.48687744140625,100.0,475.589,100.0,-54.982383728027344
149.51155948638916,100.0,476.286,100.0,-55.066162109375
149.55178117752075,100.0,477.28,100.0,-55.244266510009766
149.58193254470825,100.0,478.597,100.0,-55.32601547241211
149.61403846740723,100.0,479.274,100.0,-55.43994903564453
149.64532160758972,100.0,479.93,100.0,-55.66127395629883
149.67800498008728,100.0,480.415,100.0,-55.761444091796875
149.71028971672058,100.0,481.625,100.0,-55.862518310546875
149.742844581604,100.0,482.093,100.0,-55.95813751220703
149.77466368675232,100.0,482.523,100.0,-56.12854766845703
149.8074300289154,100.0,483.026,100.0,-56.207984924316406
149.8228497505188,100.0,483.436,100.0,-56.28178405761719
149.8546633720398,100.0,483.887,100.0,-56.35300827026367
149.88674759864807,100.0,484.393,100.0,-56.42461395263672
149.91868209838867,100.0,485.338,100.0,-56.47532653808594
149.95152163505554,100.0,486.026,100.0,-56.584259033203125
149.98283100128174,100.0,486.476,100.0,-56.65406036376953
150.0149052143097,100.0,487.227,100.0,-56.722679138183594
150.04827785491943,100.0,488.667,100.0,-56.894229888916016
150.08524370193481,100.0,489.171,100.0,-56.9878044128418
150.11823558807373,100.0,490.253,100.0,-57.07705307006836
150.14931201934814,100.0,490.726,100.0,-57.287864685058594
150.17399621009827,100.0,491.552,100.0,-57.39590835571289
150.2031192779541,100.0,492.175,100.0,-57.50107955932617
150.23160028457642,100.0,492.736,100.0,-57.601341247558594
150.2631344795227,100.0,493.569,100.0,-57.687416076660156
150.29476881027222,100.0,494.019,100.0,-57.77101135253906
150.3279731273651,100.0,494.897,100.0,-57.94303894042969
150.3599066734314,100.0,495.548,100.0,-58.03776168823242
150.39303183555603,100.0,496.098,100.0,-58.1063232421875
150.42414569854736,100.0,496.918,100.0,-58.24649429321289
150.45709013938904,100.0,497.33,100.0,-58.31147766113281
150.4891176223755,100.0,497.739,100.0,-58.37456512451172
150.52077198028564,100.0,498.44,100.0,-58.43614196777344
150.55340909957886,100.0,500.043,100.0,-58.583709716796875
150.58488631248474,100.0,500.596,100.0,-58.681793212890625
150.6105513572693,100.0,501.143,100.0,-58.776607513427734
150.6503551006317,100.0,501.702,100.0,-58.958778381347656
150.68209838867188,100.0,502.862,100.0,-59.0472412109375
150.6980504989624,100.0,502.862,100.0,-59.13682556152344
150.73075032234192,100.0,503.429,100.0,-59.225460052490234
150.7630386352539,100.0,504.547,100.0,-59.31332778930664
150.7956862449646,100.0,505.03,100.0,-59.399932861328125
150.83536052703857,100.0,505.578,100.0,-59.565189361572266
150.8541295528412,100.0,506.126,100.0,-59.64751434326172
150.90677738189697,100.0,507.175,100.0,-59.77035903930664
150.93923783302307,100.0,507.548,100.0,-59.83695602416992
150.9697244167328,100.0,508.184,100.0,-59.89982604980469
151.0017056465149,100.0,509.254,100.0,-60.04477310180664
151.0344581604004,100.0,509.83,100.0,-60.119606018066406
151.066468000412,100.0,510.382,100.0,-60.197509765625
151.0991883277893,100.0,511.358,100.0,-60.374961853027344
151.1304473876953,100.0,512.607,100.0,-60.472557067871094
151.1527087688446,100.0,512.607,100.0,-60.57034683227539
151.18342852592468,100.0,513.133,100.0,-60.663734436035156
151.21520066261292,100.0,514.563,100.0,-60.76399230957031
151.2471923828125,100.0,514.968,100.0,-60.95510482788086
151.27874374389648,100.0,515.213,100.0,-61.03075408935547
151.31037402153015,100.0,515.753,100.0,-61.107398986816406
151.3420066833496,100.0,516.628,100.0,-61.17649459838867
151.37431716918945,100.0,517.134,100.0,-61.31993103027344
151.40604424476624,100.0,517.611,100.0,-61.39128112792969
151.43797087669373,100.0,517.998,100.0,-61.442134857177734
151.4705011844635,100.0,519.091,100.0,-61.493465423583984
151.50165009498596,100.0,519.528,100.0,-61.61429214477539
151.53433108329773,100.0,520.016,100.0,-61.678688049316406
151.56209087371826,100.0,520.498,100.0,-61.745018005371094
151.60235357284546,100.0,521.933,100.0,-61.882652282714844
151.63417220115662,100.0,522.57,100.0,-61.97154998779297
151.6655194759369,100.0,523.046,100.0,-62.063140869140625
151.6945459842682,100.0,523.706,100.0,-62.150001525878906
151.72635006904602,100.0,524.41,100.0,-62.33663558959961
151.75873231887817,100.0,525.522,100.0,-62.43015670776367
151.7898473739624,100.0,525.801,100.0,-62.52138137817383
151.8241069316864,100.0,526.189,100.0,-62.67174530029297
151.8526303768158,100.0,526.488,100.0,-62.73600387573242
151.88440585136414,100.0,527.138,100.0,-62.80878448486328
151.91687893867493,100.0,528.169,100.0,-62.88251876831055
151.94926595687866,100.0,528.676,100.0,-63.03186798095703
151.98121333122253,100.0,528.996,100.0,-63.09902572631836
152.01379799842834,100.0,529.366,100.0,-63.16239929199219
152.05057787895203,100.0,530.274,100.0,-63.25506591796875
152.07750129699707,100.0,530.796,100.0,-63.309295654296875
152.1091718673706,100.0,531.278,100.0,-63.36937713623047
152.1414451599121,100.0,531.868,100.0,-63.432342529296875
152.17337107658386,100.0,532.285,100.0,-63.56988525390625
152.2012894153595,100.0,533.059,100.0,-63.65110397338867
152.23078775405884,100.0,533.404,100.0,-63.724700927734375
152.27577209472656,100.0,534.184,100.0,-63.85638427734375
152.31619262695312,100.0,535.051,100.0,-63.924129486083984
152.34720969200134,100.0,535.476,100.0,-63.99011993408203
152.37937903404236,100.0,535.91,100.0,-64.12024688720703
152.41152906417847,100.0,536.364,100.0,-64.18587493896484
152.4435224533081,100.0,537.236,100.0,-64.24984741210938
152.47656202316284,100.0,537.742,100.0,-64.38375854492188
152.50806212425232,100.0,538.168,100.0,-64.45082092285156
152.539400100708,100.0,538.665,100.0,-64.49906921386719
152.57201385498047,100.0,539.567,100.0,-64.55367279052734
152.60401916503906,100.0,540.064,100.0,-64.67192840576172
152.636070728302,100.0,540.52,100.0,-64.73564147949219
152.66809272766113,100.0,540.877,100.0,-64.80061340332031
152.70240211486816,100.0,541.416,100.0,-64.92938995361328
152.74249696731567,100.0,542.469,100.0,-65.01029968261719
152.7648754119873,100.0,542.861,100.0,-65.08106231689453
152.79764795303345,100.0,543.232,100.0,-65.14873504638672
152.82954931259155,100.0,543.645,100.0,-65.27671813964844
152.86177682876587,100.0,544.559,100.0,-65.34283447265625
152.89389729499817,100.0,544.979,100.0,-65.40838623046875
152.92607378959656,100.0,545.412,100.0,-65.53800201416016
152.95107102394104,100.0,545.812,100.0,-65.60140228271484
152.9926152229309,100.0,546.685,100.0,-65.66583251953125
153.0195381641388,100.0,547.105,100.0,-65.72993469238281
153.05808973312378,100.0,547.503,100.0,-65.85614776611328
153.08950424194336,100.0,547.902,100.0,-65.9177474975586
153.1213366985321,100.0,548.352,100.0,-65.96192932128906
153.1534309387207,100.0,549.172,100.0,-66.06379699707031
153.18500995635986,100.0,549.572,100.0,-66.1181411743164
153.21736550331116,100.0,549.899,100.0,-66.1736831665039
153.2505373954773,100.0,550.43,100.0,-66.28752136230469
153.2854118347168,100.0,551.595,100.0,-66.36357879638672
153.31441521644592,100.0,551.906,100.0,-66.43553161621094
153.34736156463623,100.0,552.431,100.0,-66.50094604492188
153.37844729423523,100.0,552.913,100.0,-66.6407699584961
153.40941834449768,100.0,553.237,100.0,-66.70553588867188
153.44095420837402,100.0,554.132,100.0,-66.7737808227539
153.47174072265625,100.0,554.502,100.0,-66.83920288085938
153.50396728515625,100.0,554.882,100.0,-66.9629898071289
153.53648281097412,100.0,555.245,100.0,-67.02205657958984
153.56898951530457,100.0,556.065,100.0,-67.08135986328125
153.60172510147095,100.0,556.449,100.0,-67.20039367675781
153.63238716125488,100.0,556.89,100.0,-67.26129150390625
153.66990160942078,100.0,557.311,100.0,-67.3050537109375
153.70135855674744,100.0,558.115,100.0,-67.40390014648438
153.75345158576965,100.0,558.501,100.0,-67.5112533569336
153.78611826896667,100.0,559.349,100.0,-67.56382751464844
153.8140332698822,100.0,559.652,100.0,-67.6231689453125
153.84539818763733,100.0,560.404,100.0,-67.67868041992188
153.87741088867188,100.0,560.889,100.0,-67.82254791259766
153.90865802764893,100.0,561.664,100.0,-67.89295959472656
153.94034910202026,100.0,562.089,100.0,-67.95919036865234
153.97252702713013,100.0,562.498,100.0,-68.0250015258789
154.00467944145203,100.0,562.785,100.0,-68.148681640625
154.03704166412354,100.0,563.169,100.0,-68.20706176757812
154.06880474090576,100.0,564.006,100.0,-68.26766204833984
154.10093474388123,100.0,564.401,100.0,-68.32767486572266
154.13281893730164,100.0,564.818,100.0,-68.44786834716797
154.16463589668274,100.0,565.203,100.0,-68.50753021240234
154.19759464263916,100.0,565.936,100.0,-68.56171417236328
154.22991943359375,100.0,566.318,100.0,-68.64659118652344
154.2620725631714,100.0,566.584,100.0,-68.69525909423828
154.29387092590332,100.0,567.015,100.0,-68.7409896850586
154.33093690872192,100.0,567.652,100.0,-68.84300231933594
154.3633677959442,100.0,568.117,100.0,-68.89108276367188
154.39544200897217,100.0,568.404,100.0,-68.94483947753906
154.41865944862366,100.0,568.889,100.0,-68.99552917480469
154.46127104759216,100.0,569.962,100.0,-69.12093353271484
154.49155259132385,100.0,570.297,100.0,-69.18832397460938
154.52858090400696,100.0,570.634,100.0,-69.31149291992188
154.55613899230957,100.0,570.955,100.0,-69.36830139160156
154.58792185783386,100.0,571.597,100.0,-69.42412567138672
154.61892127990723,100.0,572.031,100.0,-69.47624969482422
154.65478801727295,100.0,572.372,100.0,-69.58596801757812
154.68323493003845,100.0,572.76,100.0,-69.64115905761719
154.71499633789062,100.0,572.988,100.0,-69.6904067993164
154.7473795413971,100.0,573.872,100.0,-69.7452392578125
154.77870535850525,100.0,574.206,100.0,-69.82957458496094
154.81125211715698,100.0,574.586,100.0,-69.87544250488281
154.86195015907288,100.0,575.314,100.0,-69.97476196289062
154.89457941055298,100.0,575.695,100.0,-70.02571868896484
154.92937397956848,100.0,576.048,100.0,-70.1310043334961
154.95831298828125,100.0,576.948,100.0,-70.18001556396484
154.9906084537506,100.0,577.21,100.0,-70.2418212890625
155.0232765674591,100.0,577.68,100.0,-70.29780578613281
155.0542151927948,100.0,578.01,100.0,-70.4155502319336
155.08559274673462,100.0,578.332,100.0,-70.470703125
155.1182405948639,100.0,578.911,100.0,-70.52458190917969
155.14461588859558,100.0,579.233,100.0,-70.57356262207031
155.18603467941284,100.0,579.567,100.0,-70.6707763671875
155.2182698249817,100.0,579.892,100.0,-70.71923828125
155.25070643424988,100.0,580.66,100.0,-70.75389862060547
155.2817988395691,100.0,580.93,100.0,-70.8389892578125
155.31436681747437,100.0,581.246,100.0,-70.88190460205078
155.34709310531616,100.0,581.572,100.0,-70.92570495605469
155.38021230697632,100.0,581.914,100.0,-71.01709747314453
155.406090259552,100.0,582.677,100.0,-71.06819152832031
155.44109845161438,100.0,583.28,100.0,-71.11937713623047
155.47311353683472,100.0,583.551,100.0,-71.18167114257812
155.50648999214172,100.0,583.87,100.0,-71.29331970214844
155.5383689403534,100.0,584.523,100.0,-71.34911346435547
155.57067155838013,100.0,584.864,100.0,-71.40079498291016
155.60570001602173,100.0,585.162,100.0,-71.50199890136719
155.63462138175964,100.0,585.452,100.0,-71.54985046386719
155.66696763038635,100.0,586.234,100.0,-71.59609985351562
155.69832348823547,100.0,586.577,100.0,-71.65003967285156
155.73091745376587,100.0,586.907,100.0,-71.75592041015625
155.76182889938354,100.0,587.137,100.0,-71.80342102050781
155.7927839756012,100.0,587.397,100.0,-71.84835815429688
155.8328399658203,100.0,588.022,100.0,-71.91598510742188
155.86483907699585,100.0,588.285,100.0,-71.9537124633789
155.8870599269867,100.0,588.696,100.0,-71.99138641357422
155.91809606552124,100.0,588.998,100.0,-72.03527069091797
155.95083498954773,100.0,589.331,100.0,-72.07940673828125
155.98290371894836,100.0,589.968,100.0,-72.17240905761719
156.01470065116882,100.0,590.596,100.0,-72.21878051757812
156.04745173454285,100.0,590.869,100.0,-72.27854919433594
156.08107781410217,100.0,591.161,100.0,-72.38613891601562
156.11062836647034,100.0,591.459,100.0,-72.43661499023438
156.14263701438904,100.0,591.998,100.0,-72.48583984375
156.1749062538147,100.0,592.419,100.0,-72.53120422363281
156.20626759529114,100.0,592.697,100.0,-72.62930297851562
156.2383360862732,100.0,592.96,100.0,-72.67481994628906
156.2703001499176,100.0,593.447,100.0,-72.71908569335938
156.30507254600525,100.0,593.743,100.0,-72.80078125
156.33505249023438,100.0,594.124,100.0,-72.84613800048828
156.36616826057434,100.0,594.435,100.0,-72.89178466796875
156.39879846572876,100.0,595.026,100.0,-72.93681335449219
156.42455649375916,100.0,595.306,100.0,-72.98172760009766
156.4491376876831,100.0,595.306,100.0,-73.01398468017578
156.48114323616028,100.0,595.885,100.0,-73.08219909667969
156.51416683197021,100.0,596.141,100.0,-73.12055206298828
156.5557324886322,100.0,596.447,100.0,-73.19862365722656
156.58449983596802,100.0,597.331,100.0,-73.25074005126953
156.6088137626648,100.0,597.331,100.0,-73.3023910522461
156.63980913162231,100.0,597.677,100.0,-73.35453033447266
156.67179226875305,100.0,598.274,100.0,-73.40088653564453
156.7067322731018,100.0,598.57,100.0,-73.49982452392578
156.7354929447174,100.0,598.662,100.0,-73.53901672363281
156.7681782245636,100.0,598.96,100.0,-73.56690979003906
156.79926753044128,100.0,599.208,100.0,-73.59862518310547
156.83174467086792,100.0,599.793,100.0,-73.66401672363281
156.8640148639679,100.0,600.095,100.0,-73.70189666748047
156.89575338363647,100.0,600.382,100.0,-73.7416763305664
156.9324131011963,100.0,600.608,100.0,-73.82100677490234
156.95787382125854,100.0,601.25,100.0,-73.8757095336914
156.98444986343384,100.0,601.508,100.0,-73.92664337158203
157.01595187187195,100.0,601.926,100.0,-73.97352600097656
157.04793524742126,100.0,602.155,100.0,-74.01531219482422
157.07973408699036,100.0,602.399,100.0,-74.09358978271484
157.11181116104126,100.0,602.663,100.0,-74.13229370117188
157.14324259757996,100.0,602.932,100.0,-74.17127990722656
157.17377281188965,100.0,603.525,100.0,-74.21112060546875
157.21578645706177,100.0,603.818,100.0,-74.28260803222656
157.2599995136261,100.0,604.394,100.0,-74.35118865966797
157.2921073436737,100.0,604.65,100.0,-74.38877868652344
157.32396125793457,100.0,604.824,100.0,-74.42646789550781
157.35541415214539,100.0,605.37,100.0,-74.50017547607422
157.38726162910461,100.0,605.702,100.0,-74.53654479980469
157.41922545433044,100.0,605.939,100.0,-74.57653045654297
157.45708775520325,100.0,606.434,100.0,-74.66402435302734
157.48324155807495,100.0,606.682,100.0,-74.71000671386719
157.51816415786743,100.0,607.248,100.0,-74.75556945800781
157.54775476455688,100.0,607.538,100.0,-74.80028533935547
157.57902765274048,100.0,607.783,100.0,-74.887451171875
157.6115779876709,100.0,608.034,100.0,-74.92872619628906
157.64399242401123,100.0,608.423,100.0,-74.97478485107422
157.67615222930908,100.0,608.881,100.0,-75.01834869384766
157.70847940444946,100.0,609.051,100.0,-75.09516143798828
157.74046087265015,100.0,609.377,100.0,-75.13468933105469
157.77266645431519,100.0,609.717,100.0,-75.1630630493164
157.80472135543823,100.0,610.32,100.0,-75.23553466796875
157.83632445335388,100.0,610.451,100.0,-75.27422332763672
157.86841869354248,100.0,610.738,100.0,-75.30752563476562
157.89974403381348,100.0,611.16,100.0,-75.34323120117188
157.93525576591492,100.0,611.786,100.0,-75.43241882324219
157.96873450279236,100.0,612.228,100.0,-75.4775619506836
158.00090885162354,100.0,612.509,100.0,-75.5289077758789
158.0272297859192,100.0,612.806,100.0,-75.57825469970703
158.06682085990906,100.0,613.458,100.0,-75.67771911621094
158.09897994995117,100.0,613.712,100.0,-75.72650909423828
158.13317370414734,100.0,613.749,100.0,-75.80754089355469
158.16349935531616,100.0,613.962,100.0,-75.84119415283203
158.19549322128296,100.0,614.132,100.0,-75.86861419677734
158.22638630867004,100.0,614.356,100.0,-75.89109802246094
158.25941371917725,100.0,614.489,100.0,-75.93827819824219
158.2909209728241,100.0,614.75,100.0,-75.96464538574219
158.32332372665405,100.0,614.985,100.0,-75.99293518066406
158.35699772834778,100.0,615.494,100.0,-76.03728485107422
158.38698625564575,100.0,615.681,100.0,-76.0648193359375
158.4192533493042,100.0,616.097,100.0,-76.09215545654297
158.4508774280548,100.0,616.465,100.0,-76.12898254394531
158.48472046852112,100.0,616.901,100.0,-76.20943450927734
158.51559376716614,100.0,617.048,100.0,-76.24803161621094
158.54862570762634,100.0,617.637,100.0,-76.28221130371094
158.58407950401306,100.0,618.066,100.0,-76.38580322265625
158.61628603935242,100.0,618.692,100.0,-76.44246673583984
158.65535426139832,100.0,618.886,100.0,-76.49393463134766
158.68482065200806,100.0,618.989,100.0,-76.57749938964844
158.72008347511292,100.0,619.228,100.0,-76.61457061767578
158.75971627235413,100.0,619.758,100.0,-76.69136810302734
158.79143500328064,100.0,620.076,100.0,-76.73192596435547
158.80779004096985,100.0,620.168,100.0,-76.76505279541016
158.8399224281311,100.0,620.247,100.0,-76.78858947753906
158.87238669395447,100.0,620.392,100.0,-76.80805969238281
158.90420126914978,100.0,620.462,100.0,-76.82721710205078
158.93614864349365,100.0,620.833,100.0,-76.86206817626953
158.96854901313782,100.0,621.105,100.0,-76.88196563720703
159.0002965927124,100.0,621.345,100.0,-76.90704345703125
159.0327832698822,100.0,621.539,100.0,-76.9627914428711
159.0639238357544,100.0,622.286,100.0,-77.00552368164062
159.10179686546326,100.0,622.443,100.0,-77.0455093383789
159.13298773765564,100.0,622.633,100.0,-77.11524963378906
159.16502976417542,100.0,622.875,100.0,-77.14990997314453
159.19752502441406,100.0,623.333,100.0,-77.18412017822266
159.2348563671112,100.0,623.608,100.0,-77.25558471679688
159.26153945922852,100.0,623.743,100.0,-77.28784942626953
159.29363250732422,100.0,624.052,100.0,-77.32400512695312
159.32570123672485,100.0,624.314,100.0,-77.3611831665039
159.36839509010315,100.0,624.735,100.0,-77.41557312011719
159.3942768573761,100.0,624.918,100.0,-77.44435119628906
159.418386220932,100.0,625.111,100.0,-77.47254180908203
159.4485638141632,100.0,625.277,100.0,-77.50072479248047
159.48456406593323,100.0,625.452,100.0,-77.55435943603516
159.51272439956665,100.0,626.211,100.0,-77.58399200439453
159.54538226127625,100.0,626.503,100.0,-77.62637329101562
159.57686638832092,100.0,626.742,100.0,-77.66972351074219
159.6125931739807,100.0,626.936,100.0,-77.75029754638672
159.63800835609436,100.0,627.189,100.0,-77.78907775878906
159.6689760684967,100.0,627.384,100.0,-77.82545471191406
159.7012746334076,100.0,627.81,100.0,-77.85806274414062
159.73394680023193,100.0,628.05,100.0,-77.9283447265625
159.76606440544128,100.0,628.269,100.0,-77.96302032470703
159.79701375961304,100.0,628.548,100.0,-77.99972534179688
159.8296332359314,100.0,628.916,100.0,-78.02627563476562
159.86303520202637,100.0,629.04,100.0,-78.0778579711914
159.89441990852356,100.0,629.281,100.0,-78.10198974609375
159.9264509677887,100.0,629.673,100.0,-78.12904357910156
159.9587366580963,100.0,630.651,100.0,-78.20870208740234
159.99035096168518,100.0,631.207,100.0,-78.26394653320312
160.0231692790985,100.0,631.37,100.0,-78.32821655273438
160.05378603935242,100.0,631.706,100.0,-78.38287353515625
160.0880184173584,100.0,631.818,100.0,-78.48197174072266
160.1148066520691,100.0,632.238,100.0,-78.52339935302734
160.1370711326599,100.0,632.238,100.0,-78.56201934814453
160.18557500839233,100.0,632.407,100.0,-78.62162780761719
160.2172076702118,100.0,632.432,100.0,-78.63985443115234
160.24966049194336,100.0,632.846,100.0,-78.66043090820312
160.28127908706665,100.0,633.333,100.0,-78.68331909179688
160.3132245540619,100.0,633.726,100.0,-78.76229095458984
160.34479188919067,100.0,633.85,100.0,-78.79864501953125
160.37682104110718,100.0,634.171,100.0,-78.82894897460938
160.40952396392822,100.0,634.341,100.0,-78.88912963867188
160.44115614891052,100.0,634.606,100.0,-78.90988159179688
160.47343468666077,100.0,634.801,100.0,-78.93524932861328
160.5053746700287,100.0,634.985,100.0,-78.96128845214844
160.5376958847046,100.0,635.235,100.0,-79.01183319091797
160.56931519508362,100.0,635.385,100.0,-79.03361511230469
160.60195231437683,100.0,635.53,100.0,-79.05509948730469
160.63472843170166,100.0,635.732,100.0,-79.09938049316406
160.666273355484,100.0,636.399,100.0,-79.13429260253906
160.70308327674866,100.0,636.583,100.0,-79.16922760009766
160.73127555847168,100.0,636.836,100.0,-79.20240020751953
160.7624933719635,100.0,637.022,100.0,-79.27010345458984
160.80334448814392,100.0,637.394,100.0,-79.30262756347656
160.83611917495728,100.0,637.553,100.0,-79.36180114746094
160.86703395843506,100.0,637.784,100.0,-79.39202880859375
160.89938497543335,100.0,637.926,100.0,-79.41973876953125
160.93201184272766,100.0,638.314,100.0,-79.44895935058594
160.96557474136353,100.0,638.388,100.0,-79.49146270751953
160.99595046043396,100.0,638.631,100.0,-79.50965118408203
161.02810883522034,100.0,638.834,100.0,-79.53240203857422
161.0608983039856,100.0,638.95,100.0,-79.57946014404297
161.09240126609802,100.0,639.496,100.0,-79.60895538330078
161.12433886528015,100.0,639.687,100.0,-79.63963317871094
161.15618658065796,100.0,640.122,100.0,-79.66991424560547
161.18964743614197,100.0,640.208,100.0,-79.74331665039062
161.21857476234436,100.0,640.376,100.0,-79.77039337158203
161.262197971344,100.0,640.533,100.0,-79.81714630126953
161.2904052734375,100.0,640.77,100.0,-79.84356689453125
161.32274389266968,100.0,641.174,100.0,-79.86964416503906
161.35552096366882,100.0,641.304,100.0,-79.89814758300781
161.38625597953796,100.0,641.46,100.0,-79.9493408203125
161.41803073883057,100.0,641.643,100.0,-79.97502136230469
161.4504930973053,100.0,641.854,100.0,-80.00228118896484
161.4795367717743,100.0,642.318,100.0,-80.03230285644531
161.51254749298096,100.0,642.555,100.0,-80.07848358154297
161.55467176437378,100.0,642.776,100.0,-80.10588836669922
161.58496403694153,100.0,642.98,100.0,-80.16448211669922
161.61705780029297,100.0,643.411,100.0,-80.19554901123047
161.6495635509491,100.0,643.557,100.0,-80.2265625
161.682115316391,100.0,644.017,100.0,-80.25519561767578
161.71441769599915,100.0,644.249,100.0,-80.33432006835938
161.74536776542664,100.0,644.606,100.0,-80.37190246582031
161.77732491493225,100.0,644.7,100.0,-80.40550994873047
161.80926299095154,100.0,644.902,100.0,-80.433837890625
161.84119939804077,100.0,645.128,100.0,-80.49275207519531
161.87296319007874,100.0,645.34,100.0,-80.52335357666016
161.90405797958374,100.0,645.696,100.0,-80.55393981933594
161.93763732910156,100.0,645.845,100.0,-80.60281372070312
161.96721982955933,100.0,645.977,100.0,-80.62327575683594
161.99906754493713,100.0,646.177,100.0,-80.64309692382812
162.03084325790405,100.0,646.399,100.0,-80.66531372070312
162.0631923675537,100.0,646.804,100.0,-80.71609497070312
162.09447026252747,100.0,646.962,100.0,-80.7436752319336
162.12680196762085,100.0,646.999,100.0,-80.77017974853516
162.16223645210266,100.0,646.999,100.0,-80.80525970458984
162.1880578994751,100.0,647.309,100.0,-80.82807922363281
162.22503566741943,100.0,647.819,100.0,-80.8547134399414
162.25072288513184,100.0,647.819,100.0,-80.88497924804688
162.3185911178589,100.0,648.172,100.0,-80.93340301513672
162.34658408164978,100.0,648.429,100.0,-80.95523071289062
162.37953758239746,100.0,648.647,100.0,-80.98162078857422
162.4132595062256,100.0,648.792,100.0,-81.03657531738281
162.44283318519592,100.0,648.969,100.0,-81.06332397460938
162.4749400615692,100.0,649.333,100.0,-81.09156036376953
162.5063512325287,100.0,649.419,100.0,-81.11849975585938
162.5388147830963,100.0,649.75,100.0,-81.17205047607422
162.57202625274658,100.0,649.99,100.0,-81.20433044433594
162.60324668884277,100.0,650.169,100.0,-81.23544311523438
162.63723134994507,100.0,650.404,100.0,-81.28181457519531
162.66779494285583,100.0,650.492,100.0,-81.30107116699219
162.70000910758972,100.0,650.664,100.0,-81.31829833984375
162.73242688179016,100.0,650.886,100.0,-81.33750915527344
162.76457905769348,100.0,650.979,100.0,-81.38068389892578
162.80111455917358,100.0,651.371,100.0,-81.40713500976562
162.83298110961914,100.0,651.509,100.0,-81.43072509765625
162.86502838134766,100.0,651.643,100.0,-81.47541809082031
162.89715695381165,100.0,651.821,100.0,-81.49858093261719
162.93552160263062,100.0,652.228,100.0,-81.52224731445312
162.9684600830078,100.0,652.426,100.0,-81.57733917236328
163.00765681266785,100.0,652.811,100.0,-81.60501098632812
163.03836107254028,100.0,653.001,100.0,-81.66302490234375
163.07169365882874,100.0,653.121,100.0,-81.68920135498047
163.10336709022522,100.0,653.294,100.0,-81.71536254882812
163.13817477226257,100.0,653.468,100.0,-81.75482940673828
163.1660499572754,100.0,653.787,100.0,-81.77395629882812
163.19781708717346,100.0,653.973,100.0,-81.79631042480469
163.23036646842957,100.0,654.119,100.0,-81.82012939453125
163.26366138458252,100.0,654.319,100.0,-81.86851501464844
163.2931535243988,100.0,654.67,100.0,-81.89405059814453
163.32676696777344,100.0,654.862,100.0,-81.91986083984375
163.3673825263977,100.0,655.173,100.0,-81.9790267944336
163.39969491958618,100.0,655.503,100.0,-82.00959777832031
163.43175220489502,100.0,655.657,100.0,-82.03894805908203
163.46422362327576,100.0,655.858,100.0,-82.09532165527344
163.49620079994202,100.0,656.02,100.0,-82.12284088134766
163.528137922287,100.0,656.383,100.0,-82.14932250976562
163.56239676475525,100.0,656.524,100.0,-82.20303344726562
163.59309840202332,100.0,656.665,100.0,-82.2276382446289
163.62464046478271,100.0,656.814,100.0,-82.25152587890625
163.65222549438477,100.0,656.937,100.0,-82.27376556396484
163.68559002876282,100.0,657.227,100.0,-82.30484008789062
163.72667956352234,100.0,657.367,100.0,-82.32313537597656
163.75757098197937,100.0,657.495,100.0,-82.34188842773438
163.78994274139404,100.0,657.804,100.0,-82.38162231445312
163.8217945098877,100.0,657.979,100.0,-82.40172576904297
163.85251593589783,100.0,658.183,100.0,-82.42340087890625
163.87843370437622,100.0,658.351,100.0,-82.44751739501953
163.91152906417847,100.0,658.538,100.0,-82.4975814819336
163.94464015960693,100.0,659.094,100.0,-82.53158569335938
163.97519278526306,100.0,659.241,100.0,-82.56452178955078
164.00681710243225,100.0,659.362,100.0,-82.5948715209961
164.0398828983307,100.0,659.512,100.0,-82.64813232421875
164.07135462760925,100.0,659.63,100.0,-82.671875
164.1031277179718,100.0,659.977,100.0,-82.69465637207031
164.13538718223572,100.0,660.167,100.0,-82.71975708007812
164.16835045814514,100.0,660.28,100.0,-82.7693862915039
164.19882941246033,100.0,660.43,100.0,-82.79257202148438
164.23113918304443,100.0,660.568,100.0,-82.80918884277344
164.263414144516,100.0,660.715,100.0,-82.8448257446289
164.29471158981323,100.0,661.049,100.0,-82.8642349243164
164.3267650604248,100.0,661.212,100.0,-82.88552856445312
164.36824488639832,100.0,661.497,100.0,-82.92926788330078
164.39488792419434,100.0,661.792,100.0,-82.95097351074219
164.41805934906006,100.0,661.792,100.0,-82.97893524169922
164.45010447502136,100.0,662.162,100.0,-83.00618743896484
164.48195934295654,100.0,662.356,100.0,-83.03472137451172
164.514497756958,100.0,662.534,100.0,-83.09226989746094
164.54697513580322,100.0,662.671,100.0,-83.11883544921875
164.57927298545837,100.0,662.928,100.0,-83.14433288574219
164.61670017242432,100.0,663.068,100.0,-83.1895751953125
164.64331793785095,100.0,663.151,100.0,-83.2090072631836
164.6759033203125,100.0,663.296,100.0,-83.22883605957031
164.7078139781952,100.0,663.44,100.0,-83.2428970336914
164.7407784461975,100.0,663.693,100.0,-83.27452850341797
164.77274870872498,100.0,663.792,100.0,-83.291259765625
164.8037269115448,100.0,663.887,100.0,-83.30718994140625
164.84221005439758,100.0,664.082,100.0,-83.34115600585938
164.86761116981506,100.0,664.471,100.0,-83.36143493652344
164.90017366409302,100.0,664.629,100.0,-83.385498046875
164.93950009346008,100.0,664.788,100.0,-83.43386840820312
164.96751070022583,100.0,665.061,100.0,-83.46292877197266
165.00007557868958,100.0,665.353,100.0,-83.49038696289062
165.03214836120605,100.0,665.458,100.0,-83.5165786743164
165.06645369529724,100.0,665.626,100.0,-83.56404113769531
165.10089087486267,100.0,665.76,100.0,-83.58702087402344
165.1245551109314,100.0,665.881,100.0,-83.6086654663086
165.15855813026428,100.0,666.11,100.0,-83.62850952148438
165.1911563873291,100.0,666.285,100.0,-83.66913604736328
165.22332906723022,100.0,666.453,100.0,-83.68434143066406
165.25542879104614,100.0,666.674,100.0,-83.70198059082031
165.29100894927979,100.0,666.958,100.0,-83.74576568603516
165.31953191757202,100.0,667.084,100.0,-83.76726531982422
165.35151410102844,100.0,667.176,100.0,-83.78804016113281
165.38414120674133,100.0,667.297,100.0,-83.80682373046875
165.4155147075653,100.0,667.46,100.0,-83.84530639648438
165.4453616142273,100.0,667.765,100.0,-83.87246704101562
165.464106798172,100.0,667.891,100.0,-83.89763641357422
165.4960868358612,100.0,668.024,100.0,-83.9215316772461
165.52756214141846,100.0,668.318,100.0,-83.94389343261719
165.55978679656982,100.0,668.492,100.0,-83.96733093261719
165.592511177063,100.0,668.628,100.0,-84.014892578125
165.62370944023132,100.0,668.814,100.0,-84.03953552246094
165.6561861038208,100.0,668.95,100.0,-84.06311798095703
165.6885175704956,100.0,669.203,100.0,-84.10382843017578
165.71938514709473,100.0,669.355,100.0,-84.119873046875
165.75290513038635,100.0,669.455,100.0,-84.13749694824219
165.78578782081604,100.0,669.624,100.0,-84.1541748046875
165.8100607395172,100.0,669.756,100.0,-84.17303466796875
165.8418288230896,100.0,669.996,100.0,-84.21260070800781
165.87354588508606,100.0,670.088,100.0,-84.23049926757812
165.90622687339783,100.0,670.204,100.0,-84.24710083007812
165.93873119354248,100.0,670.321,100.0,-84.2804183959961
165.96921300888062,100.0,670.476,100.0,-84.29878234863281
165.99618101119995,100.0,670.79,100.0,-84.32511138916016
166.02854990959167,100.0,670.966,100.0,-84.34759521484375
166.06060934066772,100.0,671.117,100.0,-84.36811065673828
166.09299182891846,100.0,671.25,100.0,-84.41006469726562
166.12460374832153,100.0,671.492,100.0,-84.43524932861328
166.1571707725525,100.0,671.635,100.0,-84.45963287353516
166.18934535980225,100.0,671.794,100.0,-84.49330139160156
166.22050547599792,100.0,671.857,100.0,-84.50787353515625
166.25346302986145,100.0,671.999,100.0,-84.52070617675781
166.28476572036743,100.0,672.116,100.0,-84.5355453491211
166.31739735603333,100.0,672.241,100.0,-84.5670166015625
166.3488574028015,100.0,672.442,100.0,-84.58322143554688
166.38119435310364,100.0,672.53,100.0,-84.59844970703125
166.41708755493164,100.0,672.689,100.0,-84.6298599243164
166.4455325603485,100.0,672.973,100.0,-84.6539077758789
166.47091364860535,100.0,673.086,100.0,-84.67628479003906
166.50325441360474,100.0,673.358,100.0,-84.6966323852539
166.52989149093628,100.0,673.458,100.0,-84.71876525878906
166.56094813346863,100.0,673.601,100.0,-84.73907470703125
166.59368300437927,100.0,673.676,100.0,-84.77789306640625
166.62511372566223,100.0,673.743,100.0,-84.793701171875
166.65828371047974,100.0,673.86,100.0,-84.80982971191406
166.69222497940063,100.0,674.094,100.0,-84.83342742919922
166.72283101081848,100.0,674.228,100.0,-84.8474349975586
166.7544810771942,100.0,674.312,100.0,-84.86296081542969
166.78641438484192,100.0,674.375,100.0,-84.8775634765625
166.81850504875183,100.0,674.433,100.0,-84.90217590332031
166.85024452209473,100.0,674.692,100.0,-84.91378784179688
166.88265895843506,100.0,674.83,100.0,-84.92923736572266
166.9170699119568,100.0,674.931,100.0,-84.96257019042969
166.94710087776184,100.0,675.09,100.0,-84.98109436035156
166.9792218208313,100.0,675.378,100.0,-85.00123596191406
166.99491930007935,100.0,675.378,100.0,-85.02135467529297
167.02676105499268,100.0,675.508,100.0,-85.04147338867188
167.06457471847534,100.0,675.675,100.0,-85.07613372802734
167.0964596271515,100.0,675.83,100.0,-85.09461975097656
167.12966513633728,100.0,675.96,100.0,-85.1080093383789
167.15297198295593,100.0,676.073,100.0,-85.12290954589844
167.2041471004486,100.0,676.257,100.0,-85.15364837646484
167.23678827285767,100.0,676.378,100.0,-85.16799926757812
167.268483877182,100.0,676.483,100.0,-85.19867706298828
167.30034017562866,100.0,676.583,100.0,-85.21267700195312
167.33297038078308,100.0,676.667,100.0,-85.2238540649414
167.36831212043762,100.0,676.784,100.0,-85.24800872802734
167.39716410636902,100.0,676.93,100.0,-85.26325225830078
167.42921257019043,100.0,677.159,100.0,-85.27732849121094
167.46171402931213,100.0,677.33,100.0,-85.29391479492188
167.49382901191711,100.0,677.531,100.0,-85.3355712890625
167.5249240398407,100.0,677.648,100.0,-85.35700988769531
167.55715608596802,100.0,677.749,100.0,-85.37696838378906
167.58261799812317,100.0,677.845,100.0,-85.39555358886719
167.6185712814331,100.0,678.071,100.0,-85.42414093017578
167.6464774608612,100.0,678.192,100.0,-85.43885040283203
167.6789255142212,100.0,678.305,100.0,-85.45442962646484
167.71083331108093,100.0,678.38,100.0,-85.4703598022461
167.7429962158203,100.0,678.451,100.0,-85.49835968017578
167.77442502975464,100.0,678.581,100.0,-85.51194763183594
167.8063735961914,100.0,678.665,100.0,-85.52299499511719
167.83467316627502,100.0,678.753,100.0,-85.53423309326172
167.8692479133606,100.0,678.836,100.0,-85.55744171142578
167.90316605567932,100.0,679.276,100.0,-85.5772476196289
167.9410581588745,100.0,679.389,100.0,-85.61914825439453
167.97318744659424,100.0,679.489,100.0,-85.63835906982422
168.00524854660034,100.0,679.631,100.0,-85.6583251953125
168.03755903244019,100.0,679.853,100.0,-85.67660522460938
168.07106184959412,100.0,679.983,100.0,-85.70919799804688
168.10227417945862,100.0,680.02,100.0,-85.72438049316406
168.1350474357605,100.0,680.16,100.0,-85.73680114746094
168.16758513450623,100.0,680.355,100.0,-85.76586151123047
168.19845581054688,100.0,680.528,100.0,-85.78038024902344
168.23151850700378,100.0,680.644,100.0,-85.79803466796875
168.26340866088867,100.0,680.764,100.0,-85.81570434570312
168.29394125938416,100.0,680.83,100.0,-85.84928131103516
168.3247401714325,100.0,680.983,100.0,-85.86701202392578
168.35760807991028,100.0,681.107,100.0,-85.88262939453125
168.38976001739502,100.0,681.264,100.0,-85.89627838134766
168.42151141166687,100.0,681.399,100.0,-85.92998504638672
168.45390701293945,100.0,681.561,100.0,-85.94938659667969
168.48597502708435,100.0,681.842,100.0,-85.9695816040039
168.51937556266785,100.0,681.929,100.0,-86.0086669921875
168.5510413646698,100.0,682.003,100.0,-86.02215576171875
168.58369827270508,100.0,682.108,100.0,-86.0347900390625
168.61436247825623,100.0,682.153,100.0,-86.04808807373047
168.64644575119019,100.0,682.367,100.0,-86.07201385498047
168.67897510528564,100.0,682.503,100.0,-86.08517456054688
168.7112956047058,100.0,682.616,100.0,-86.10023498535156
168.74479866027832,100.0,682.729,100.0,-86.13175964355469
168.77501916885376,100.0,682.909,100.0,-86.15084075927734
168.8075306415558,100.0,683.123,100.0,-86.16812133789062
168.84004521369934,100.0,683.215,100.0,-86.18627166748047
168.8728187084198,100.0,683.315,100.0,-86.2198486328125
168.90566277503967,100.0,683.487,100.0,-86.23899841308594
168.93735003471375,100.0,683.766,100.0,-86.25848388671875
168.96888327598572,100.0,683.837,100.0,-86.29666900634766
169.00154447555542,100.0,683.933,100.0,-86.3135986328125
169.03276944160461,100.0,683.971,100.0,-86.32737731933594
169.0647678375244,100.0,684.037,100.0,-86.33714294433594
169.09716701507568,100.0,684.188,100.0,-86.35623168945312
169.12953281402588,100.0,684.297,100.0,-86.36601257324219
169.16077375411987,100.0,684.389,100.0,-86.37734985351562
169.19436645507812,100.0,684.561,100.0,-86.40480041503906
169.22461080551147,100.0,684.674,100.0,-86.42084503173828
169.26492047309875,100.0,684.882,100.0,-86.43756103515625
169.3016014099121,100.0,684.966,100.0,-86.46830749511719
169.32562112808228,100.0,685.045,100.0,-86.48239135742188
169.35624408721924,100.0,685.159,100.0,-86.49728393554688
169.38938236236572,100.0,685.267,100.0,-86.51095581054688
169.42182445526123,100.0,685.379,100.0,-86.52912902832031
169.45395064353943,100.0,685.505,100.0,-86.53956604003906
169.48563718795776,100.0,685.593,100.0,-86.55218505859375
169.51629853248596,100.0,685.756,100.0,-86.5649185180664
169.54926872253418,100.0,685.939,100.0,-86.59510803222656
169.58097076416016,100.0,686.099,100.0,-86.6104507446289
169.61333632469177,100.0,686.182,100.0,-86.62830352783203
169.64574790000916,100.0,686.371,100.0,-86.66482543945312
169.6776146888733,100.0,686.432,100.0,-86.68206024169922
169.71732831001282,100.0,686.62,100.0,-86.69828796386719
169.74895095825195,100.0,686.708,100.0,-86.72947692871094
169.78017282485962,100.0,686.825,100.0,-86.74536895751953
169.81179642677307,100.0,686.984,100.0,-86.76109313964844
169.8454933166504,100.0,687.071,100.0,-86.78839111328125
169.8775658607483,100.0,687.134,100.0,-86.8006820678711
169.9086947441101,100.0,687.226,100.0,-86.80938720703125
169.94134879112244,100.0,687.342,100.0,-86.8192138671875
169.96539092063904,100.0,687.464,100.0,-86.8309326171875
170.01217103004456,100.0,687.615,100.0,-86.85612487792969
170.05112648010254,100.0,687.819,100.0,-86.88231658935547
170.08428478240967,100.0,687.958,100.0,-86.89608764648438
170.12076449394226,100.0,688.029,100.0,-86.9262924194336
170.1481578350067,100.0,688.25,100.0,-86.94601440429688
170.18043446540833,100.0,688.421,100.0,-86.96328735351562
170.20637679100037,100.0,688.475,100.0,-86.98028564453125
170.23366403579712,100.0,688.555,100.0,-86.99491882324219
170.2653934955597,100.0,688.65,100.0,-87.00881958007812
170.29742121696472,100.0,688.734,100.0,-87.03633117675781
170.32994270324707,100.0,688.835,100.0,-87.05027770996094
170.3620207309723,100.0,689.048,100.0,-87.06591796875
170.393714427948,100.0,689.195,100.0,-87.08055877685547
170.42687010765076,100.0,689.268,100.0,-87.11250305175781
170.45972990989685,100.0,689.369,100.0,-87.12348937988281
170.49237060546875,100.0,689.541,100.0,-87.13545227050781
170.52420830726624,100.0,689.604,100.0,-87.15995025634766
170.55638694763184,100.0,689.692,100.0,-87.1712417602539
170.58812546730042,100.0,689.754,100.0,-87.18292236328125
170.6200292110443,100.0,689.842,100.0,-87.20524597167969
170.66812777519226,100.0,690.042,100.0,-87.2186050415039
170.70175170898438,100.0,690.2,100.0,-87.24436950683594
170.7472722530365,100.0,690.367,100.0,-87.27223205566406
170.8016378879547,100.0,690.551,100.0,-87.3021240234375
170.83361911773682,100.0,690.639,100.0,-87.3167724609375
170.8661241531372,100.0,690.858,100.0,-87.33182525634766
170.89803504943848,100.0,690.929,100.0,-87.3618392944336
170.92944025993347,100.0,691.029,100.0,-87.37220001220703
170.9615514278412,100.0,691.175,100.0,-87.3836669921875
170.9965419769287,100.0,691.384,100.0,-87.41284942626953
171.0273253917694,100.0,691.425,100.0,-87.42784118652344
171.0597813129425,100.0,691.513,100.0,-87.4404296875
171.0911421775818,100.0,691.584,100.0,-87.45313262939453
171.1229248046875,100.0,691.606,100.0,-87.47474670410156
171.154527425766,100.0,691.698,100.0,-87.48296356201172
171.1871531009674,100.0,691.731,100.0,-87.49093627929688
171.22191619873047,100.0,691.944,100.0,-87.51142883300781
171.25054836273193,100.0,691.977,100.0,-87.52268981933594
171.28231263160706,100.0,692.273,100.0,-87.53822326660156
171.31048941612244,100.0,692.336,100.0,-87.5545425415039
171.34151911735535,100.0,692.446,100.0,-87.56913757324219
171.37495112419128,100.0,692.475,100.0,-87.5966796875
171.40701460838318,100.0,692.521,100.0,-87.60743713378906
171.44792437553406,100.0,692.768,100.0,-87.63427734375
171.47173166275024,100.0,692.899,100.0,-87.65033721923828
171.49864172935486,100.0,693.018,100.0,-87.66706085205078
171.5350365638733,100.0,693.068,100.0,-87.67929077148438
171.56840252876282,100.0,693.203,100.0,-87.69013977050781
171.59994387626648,100.0,693.271,100.0,-87.7110824584961
171.63193678855896,100.0,693.377,100.0,-87.7211685180664
171.66289901733398,100.0,693.47,100.0,-87.73274230957031
171.69677209854126,100.0,693.567,100.0,-87.75776672363281
171.72718214988708,100.0,693.745,100.0,-87.77043151855469
171.7589681148529,100.0,693.835,100.0,-87.78363800048828
171.79133224487305,100.0,693.924,100.0,-87.79695892333984
171.8279504776001,100.0,694.037,100.0,-87.82474517822266
171.85929989814758,100.0,694.251,100.0,-87.84172058105469
171.89163732528687,100.0,694.334,100.0,-87.85663604736328
171.923730134964,100.0,694.421,100.0,-87.88497924804688
171.95649766921997,100.0,694.547,100.0,-87.90040588378906
171.98777413368225,100.0,694.765,100.0,-87.91548156738281
172.01973414421082,100.0,694.836,100.0,-87.93170928955078
172.05136585235596,100.0,694.898,100.0,-87.95982360839844
172.08222937583923,100.0,694.953,100.0,-87.96937561035156
172.1146478652954,100.0,695.032,100.0,-87.97834777832031
172.14817762374878,100.0,695.209,100.0,-87.99759674072266
172.21026134490967,100.0,695.362,100.0,-88.0201187133789
172.23371982574463,100.0,695.407,100.0,-88.03133392333984
172.26621198654175,100.0,695.486,100.0,-88.04122924804688
172.29899215698242,100.0,695.502,100.0,-88.05953216552734
172.32490062713623,100.0,695.649,100.0,-88.07125091552734
172.3670883178711,100.0,695.905,100.0,-88.08795928955078
172.39864206314087,100.0,695.963,100.0,-88.11592102050781
172.43039631843567,100.0,696.047,100.0,-88.12899780273438
172.46289587020874,100.0,696.219,100.0,-88.14197540283203
172.4957263469696,100.0,696.252,100.0,-88.16587829589844
172.52724981307983,100.0,696.331,100.0,-88.1769027709961
172.5589849948883,100.0,696.406,100.0,-88.18791961669922
172.59160447120667,100.0,696.46,100.0,-88.19805145263672
172.62346816062927,100.0,696.666,100.0,-88.21701049804688
172.65543842315674,100.0,696.791,100.0,-88.22727966308594
172.68711185455322,100.0,696.895,100.0,-88.23985290527344
172.71988725662231,100.0,696.979,100.0,-88.2533187866211
172.7512230873108,100.0,697.146,100.0,-88.27906799316406
172.78325366973877,100.0,697.221,100.0,-88.29228973388672
172.81523370742798,100.0,697.313,100.0,-88.3050308227539
172.84755063056946,100.0,697.372,100.0,-88.33004760742188
172.90108561515808,100.0,697.547,100.0,-88.35603332519531
172.9423327445984,100.0,697.772,100.0,-88.37002563476562
172.97450494766235,100.0,697.902,100.0,-88.4002914428711
173.0063807964325,100.0,697.965,100.0,-88.41456604003906
173.03870105743408,100.0,698.077,100.0,-88.42735290527344
173.073739528656,100.0,698.102,100.0,-88.44805908203125
173.1031620502472,100.0,698.152,100.0,-88.45452880859375
173.1355175971985,100.0,698.266,100.0,-88.46098327636719
173.16850423812866,100.0,698.366,100.0,-88.47012329101562
173.20041227340698,100.0,698.499,100.0,-88.49247741699219
173.23140120506287,100.0,698.566,100.0,-88.50242614746094
173.26291847229004,100.0,698.646,100.0,-88.51232147216797
173.29922819137573,100.0,698.763,100.0,-88.53510284423828
173.32721543312073,100.0,698.884,100.0,-88.54914855957031
173.35877132415771,100.0,699.063,100.0,-88.56536865234375
173.38644075393677,100.0,699.159,100.0,-88.57884216308594
173.42966604232788,100.0,699.214,100.0,-88.60503387451172
173.4619824886322,100.0,699.26,100.0,-88.61587524414062
173.50061869621277,100.0,699.431,100.0,-88.63954162597656
173.5268394947052,100.0,699.481,100.0,-88.64993286132812
173.5595519542694,100.0,699.578,100.0,-88.6613998413086
173.5907688140869,100.0,699.652,100.0,-88.66963958740234
173.63075971603394,100.0,699.791,100.0,-88.68742370605469
173.66024136543274,100.0,699.887,100.0,-88.69686889648438
173.68343591690063,100.0,699.984,100.0,-88.70761108398438
173.7169852256775,100.0,700.071,100.0,-88.71939849853516
173.74860978126526,100.0,700.138,100.0,-88.74322509765625
173.77986001968384,100.0,700.226,100.0,-88.75428009033203
173.81294298171997,100.0,700.28,100.0,-88.76327514648438
173.84516429901123,100.0,700.347,100.0,-88.77190399169922
173.87777972221375,100.0,700.414,100.0,-88.7899398803711
173.90971493721008,100.0,700.582,100.0,-88.80348205566406
173.94238567352295,100.0,700.782,100.0,-88.81884002685547
173.97442817687988,100.0,700.856,100.0,-88.84658813476562
174.00661778450012,100.0,700.953,100.0,-88.86050415039062
174.03894066810608,100.0,700.978,100.0,-88.87168884277344
174.070796251297,100.0,701.154,100.0,-88.88375091552734
174.10242462158203,100.0,701.209,100.0,-88.90194702148438
174.13462853431702,100.0,701.297,100.0,-88.91098022460938
174.16737818717957,100.0,701.356,100.0,-88.92105865478516
174.19973397254944,100.0,701.376,100.0,-88.9384765625
174.2301812171936,100.0,701.455,100.0,-88.94547271728516
174.26300477981567,100.0,701.497,100.0,-88.95204162597656
174.29512333869934,100.0,701.597,100.0,-88.95833587646484
174.33412194252014,100.0,701.845,100.0,-88.97789001464844
174.36777710914612,100.0,702.047,100.0,-88.99134063720703
174.39384031295776,100.0,702.118,100.0,-89.00969696044922
174.42540574073792,100.0,702.164,100.0,-89.0405044555664
174.45947575569153,100.0,702.278,100.0,-89.05567169189453
174.49231815338135,100.0,702.396,100.0,-89.069091796875
174.5239930152893,100.0,702.454,100.0,-89.0928955078125
174.55592703819275,100.0,702.483,100.0,-89.102294921875
174.5878927707672,100.0,702.511,100.0,-89.10894775390625
174.62024092674255,100.0,702.544,100.0,-89.11465454101562
174.65153861045837,100.0,702.725,100.0,-89.12776947021484
174.6836907863617,100.0,702.826,100.0,-89.13648986816406
174.71542930603027,100.0,702.931,100.0,-89.14692687988281
174.74823236465454,100.0,702.984,100.0,-89.1697769165039
174.77957773208618,100.0,703.064,100.0,-89.18102264404297
174.81225562095642,100.0,703.298,100.0,-89.19563293457031
174.84433269500732,100.0,703.365,100.0,-89.20973205566406
174.8750877380371,100.0,703.445,100.0,-89.23580169677734
174.90703678131104,100.0,703.49,100.0,-89.2470932006836
174.93902277946472,100.0,703.531,100.0,-89.25695037841797
174.9712781906128,100.0,703.644,100.0,-89.26644897460938
174.9988420009613,100.0,703.741,100.0,-89.28594207763672
175.03545713424683,100.0,703.804,100.0,-89.29610443115234
175.05967354774475,100.0,703.888,100.0,-89.30338287353516
175.1004717350006,100.0,704.027,100.0,-89.32284545898438
175.13229823112488,100.0,704.11,100.0,-89.33174133300781
175.16487431526184,100.0,704.173,100.0,-89.341552734375
175.19715809822083,100.0,704.18,100.0,-89.35124206542969
175.22985005378723,100.0,704.307,100.0,-89.36747741699219
175.26215863227844,100.0,704.341,100.0,-89.37528991699219
175.29381203651428,100.0,704.41,100.0,-89.38223266601562
175.32550978660583,100.0,704.465,100.0,-89.39777374267578
175.35935068130493,100.0,704.58,100.0,-89.4052734375
175.39105582237244,100.0,704.652,100.0,-89.41343688964844
175.42342042922974,100.0,704.792,100.0,-89.42228698730469
175.4552834033966,100.0,704.841,100.0,-89.44554138183594
175.48706650733948,100.0,704.892,100.0,-89.45570373535156
175.51698660850525,100.0,705.061,100.0,-89.4660873413086
175.54307174682617,100.0,705.15,100.0,-89.47767639160156
175.57677674293518,100.0,705.234,100.0,-89.5022964477539
175.60781931877136,100.0,705.31,100.0,-89.51456451416016
175.6408336162567,100.0,705.365,100.0,-89.52351379394531
175.67249083518982,100.0,705.548,100.0,-89.53219604492188
175.7048237323761,100.0,705.625,100.0,-89.55319213867188
175.73465180397034,100.0,705.679,100.0,-89.56446075439453
175.76809000968933,100.0,705.729,100.0,-89.57490539550781
175.8031826019287,100.0,705.83,100.0,-89.5926513671875
175.83370900154114,100.0,705.924,100.0,-89.6014175415039
175.86673092842102,100.0,706.039,100.0,-89.61161804199219
175.898530960083,100.0,706.12,100.0,-89.6238021850586
175.92993187904358,100.0,706.183,100.0,-89.647705078125
175.96164107322693,100.0,706.233,100.0,-89.65562438964844
175.99388647079468,100.0,706.274,100.0,-89.66381072998047
176.02692794799805,100.0,706.43,100.0,-89.68314361572266
176.05121850967407,100.0,706.514,100.0,-89.69528198242188
176.07673168182373,100.0,706.556,100.0,-89.70590209960938
176.10782122612,100.0,706.602,100.0,-89.71550750732422
176.13986372947693,100.0,706.622,100.0,-89.72323608398438
176.17182111740112,100.0,706.688,100.0,-89.73056030273438
176.20411324501038,100.0,706.727,100.0,-89.74003601074219
176.23685479164124,100.0,706.768,100.0,-89.74453735351562
176.268785238266,100.0,706.814,100.0,-89.749267578125
176.30111956596375,100.0,706.97,100.0,-89.76447296142578
176.33258652687073,100.0,707.215,100.0,-89.7773208618164
176.36475920677185,100.0,707.325,100.0,-89.79159545898438
176.39754581451416,100.0,707.4,100.0,-89.80677032470703
176.43579840660095,100.0,707.467,100.0,-89.8345947265625
176.4687647819519,100.0,707.639,100.0,-89.84671020507812
176.5018491744995,100.0,707.706,100.0,-89.8734130859375
176.5342195034027,100.0,707.739,100.0,-89.88423156738281
176.5648844242096,100.0,707.797,100.0,-89.89445495605469
176.6005756855011,100.0,707.923,100.0,-89.91226959228516
176.63245606422424,100.0,708.054,100.0,-89.91973876953125
176.66481494903564,100.0,708.125,100.0,-89.93046569824219
176.69714903831482,100.0,708.159,100.0,-89.94119262695312
176.72882437705994,100.0,708.25,100.0,-89.95903015136719
176.7604660987854,100.0,708.33,100.0,-89.96690368652344
176.7926630973816,100.0,708.435,100.0,-89.97581481933594
176.82363390922546,100.0,708.51,100.0,-89.98658752441406
176.8545002937317,100.0,708.644,100.0,-90.01111602783203
176.88758516311646,100.0,708.736,100.0,-90.02174377441406
176.91843128204346,100.0,708.736,100.0,-90.03260803222656
176.95054936408997,100.0,708.816,100.0,-90.04045867919922
176.98347401618958,100.0,708.84,100.0,-90.05668640136719
177.014586687088,100.0,708.891,100.0,-90.06182861328125
177.04702043533325,100.0,708.937,100.0,-90.06742858886719
177.07962846755981,100.0,709.011,100.0,-90.07746124267578
177.11839890480042,100.0,709.081,100.0,-90.0831069946289
177.1361587047577,100.0,709.165,100.0,-90.08995819091797
177.17832398414612,100.0,709.312,100.0,-90.11053466796875
177.20343685150146,100.0,709.417,100.0,-90.12393188476562
177.2348153591156,100.0,709.593,100.0,-90.13789367675781
177.267480134964,100.0,709.601,100.0,-90.15151977539062
177.29916048049927,100.0,709.698,100.0,-90.16189575195312
177.33264923095703,100.0,709.773,100.0,-90.18507385253906
177.36405658721924,100.0,709.925,100.0,-90.19989776611328
177.39664101600647,100.0,710.081,100.0,-90.21308898925781
177.42888855934143,100.0,710.097,100.0,-90.23789978027344
177.45983600616455,100.0,710.088,100.0,-90.245361328125
177.49339365959167,100.0,710.122,100.0,-90.25199127197266
177.53015208244324,100.0,710.126,100.0,-90.25973510742188
177.55782771110535,100.0,710.313,100.0,-90.26616668701172
177.58936882019043,100.0,710.399,100.0,-90.27400970458984
177.62066555023193,100.0,710.514,100.0,-90.283203125
177.65970492362976,100.0,710.555,100.0,-90.30227661132812
177.69203209877014,100.0,710.597,100.0,-90.31015014648438
177.7247543334961,100.0,710.604,100.0,-90.3175277709961
177.7557053565979,100.0,710.71,100.0,-90.33129119873047
177.78789281845093,100.0,710.743,100.0,-90.33717346191406
177.8197009563446,100.0,710.78,100.0,-90.34268188476562
177.85265684127808,100.0,710.874,100.0,-90.35572052001953
177.88500308990479,100.0,710.903,100.0,-90.36244201660156
177.916663646698,100.0,710.967,100.0,-90.36990356445312
177.94833397865295,100.0,711.028,100.0,-90.37689208984375
177.98128843307495,100.0,711.063,100.0,-90.388427734375
178.01313519477844,100.0,711.118,100.0,-90.39237976074219
178.0447862148285,100.0,711.194,100.0,-90.39734649658203
178.07818484306335,100.0,711.356,100.0,-90.41145324707031
178.1091537475586,100.0,711.377,100.0,-90.42095184326172
178.14067578315735,100.0,711.41,100.0,-90.42879486083984
178.17699360847473,100.0,711.456,100.0,-90.44286346435547
178.2094202041626,100.0,711.57,100.0,-90.44856262207031
178.24160742759705,100.0,711.604,100.0,-90.45669555664062
178.2737467288971,100.0,711.647,100.0,-90.46403503417969
178.30587577819824,100.0,711.715,100.0,-90.47909545898438
178.33786273002625,100.0,711.785,100.0,-90.48553466796875
178.36926937103271,100.0,711.904,100.0,-90.49239349365234
178.38570261001587,100.0,711.904,100.0,-90.50231170654297
178.41850399971008,100.0,712.048,100.0,-90.51277923583984
178.44999980926514,100.0,712.089,100.0,-90.5233383178711
178.48208928108215,100.0,712.109,100.0,-90.54055786132812
178.5141363143921,100.0,712.129,100.0,-90.54696655273438
178.55352544784546,100.0,712.166,100.0,-90.5566635131836
178.58520889282227,100.0,712.242,100.0,-90.56292724609375
178.62558317184448,100.0,712.355,100.0,-90.56737518310547
178.6567006111145,100.0,712.417,100.0,-90.5782470703125
178.6858673095703,100.0,712.43,100.0,-90.58544921875
178.7242352962494,100.0,712.506,100.0,-90.59120178222656
178.75630807876587,100.0,712.59,100.0,-90.60604095458984
178.78701281547546,100.0,712.666,100.0,-90.61273956298828
178.81925630569458,100.0,712.699,100.0,-90.6207504272461
178.85129714012146,100.0,712.74,100.0,-90.62796020507812
178.8831660747528,100.0,712.791,100.0,-90.64201354980469
178.91537308692932,100.0,712.93,100.0,-90.64979553222656
178.94708609580994,100.0,712.984,100.0,-90.65863037109375
178.98026371002197,100.0,713.072,100.0,-90.67740631103516
179.01257610321045,100.0,713.092,100.0,-90.68562316894531
179.04391717910767,100.0,713.122,100.0,-90.69284057617188
179.0759346485138,100.0,713.185,100.0,-90.70033264160156
179.1080117225647,100.0,713.218,100.0,-90.7100830078125
179.1396460533142,100.0,713.235,100.0,-90.71420288085938
179.17237901687622,100.0,713.225,100.0,-90.71772766113281
179.20426988601685,100.0,713.323,100.0,-90.72262573242188
179.24439001083374,100.0,713.398,100.0,-90.72689056396484
179.2605061531067,100.0,713.458,100.0,-90.73301696777344
179.29844665527344,100.0,713.504,100.0,-90.73995971679688
179.33915638923645,100.0,713.592,100.0,-90.75306701660156
179.37074089050293,100.0,713.629,100.0,-90.76011657714844
179.40587663650513,100.0,713.703,100.0,-90.77474212646484
179.43462085723877,100.0,713.782,100.0,-90.78386688232422
179.4667408466339,100.0,713.916,100.0,-90.7928466796875
179.4989984035492,100.0,713.982,100.0,-90.80279541015625
179.53168177604675,100.0,714.063,100.0,-90.82373809814453
179.56272912025452,100.0,714.092,100.0,-90.83294677734375
179.5952262878418,100.0,714.188,100.0,-90.84088897705078
179.63049030303955,100.0,714.201,100.0,-90.85619354248047
179.65926265716553,100.0,714.24,100.0,-90.8626480102539
179.69130969047546,100.0,714.26,100.0,-90.86807250976562
179.72265338897705,100.0,714.29,100.0,-90.87313079833984
179.75163102149963,100.0,714.388,100.0,-90.87665557861328
179.78127193450928,100.0,714.469,100.0,-90.8863525390625
179.8138403892517,100.0,714.503,100.0,-90.89329528808594
179.84632563591003,100.0,714.58,100.0,-90.89974212646484
179.88038086891174,100.0,714.639,100.0,-90.91580200195312
179.90930366516113,100.0,714.724,100.0,-90.923583984375
179.94087171554565,100.0,714.706,100.0,-90.93099975585938
179.9652214050293,100.0,714.778,100.0,-90.93561553955078
180.00434350967407,100.0,714.778,100.0,-90.94630432128906
180.056565284729,100.0,714.853,100.0,-90.95143127441406
180.0991017818451,100.0,715.052,100.0,-90.9558334350586
180.13064527511597,100.0,715.136,100.0,-90.97828674316406
180.16304516792297,100.0,715.204,100.0,-90.98749542236328
180.19476795196533,100.0,715.229,100.0,-90.99711608886719
180.22711277008057,100.0,715.267,100.0,-91.00523376464844
180.2592716217041,100.0,715.352,100.0,-91.021728515625
180.28537583351135,100.0,715.347,100.0,-91.02808380126953
180.3090319633484,100.0,715.368,100.0,-91.03350067138672
180.35007572174072,100.0,715.436,100.0,-91.0392837524414
180.38196206092834,100.0,715.529,100.0,-91.05165100097656
180.41437077522278,100.0,715.545,100.0,-91.05767059326172
180.4462685585022,100.0,715.716,100.0,-91.06465148925781
180.4828736782074,100.0,715.798,100.0,-91.08460998535156
180.5100076198578,100.0,715.867,100.0,-91.09519958496094
180.54177570343018,100.0,715.956,100.0,-91.10673522949219
180.57376289367676,100.0,716.019,100.0,-91.11524963378906
180.6058955192566,100.0,716.14,100.0,-91.1320571899414
180.63711643218994,100.0,716.117,100.0,-91.14129638671875
180.6698079109192,100.0,716.124,100.0,-91.14705657958984
180.70058631896973,100.0,716.183,100.0,-91.15138244628906
180.74390196800232,100.0,716.321,100.0,-91.1627197265625
180.77514481544495,100.0,716.384,100.0,-91.1705551147461
180.80653047561646,100.0,716.413,100.0,-91.18612670898438
180.83448243141174,100.0,716.429,100.0,-91.1920166015625
180.86674094200134,100.0,716.427,100.0,-91.19520568847656
180.89859414100647,100.0,716.492,100.0,-91.19818115234375
180.9307885169983,100.0,716.56,100.0,-91.20893859863281
180.9632637500763,100.0,716.619,100.0,-91.21578979492188
180.99547386169434,100.0,716.67,100.0,-91.2228775024414
181.03206253051758,100.0,716.814,100.0,-91.24110412597656
181.06012082099915,100.0,716.833,100.0,-91.24822235107422
181.09329319000244,100.0,716.844,100.0,-91.25335693359375
181.12391996383667,100.0,716.814,100.0,-91.2574234008789
181.1563994884491,100.0,716.965,100.0,-91.26310729980469
181.18843698501587,100.0,717.019,100.0,-91.26901245117188
181.22034811973572,100.0,717.077,100.0,-91.27552032470703
181.25742411613464,100.0,717.111,100.0,-91.28929138183594
181.28488731384277,100.0,717.114,100.0,-91.29420471191406
181.31494283676147,100.0,717.248,100.0,-91.299560546875
181.33971285820007,100.0,717.281,100.0,-91.30712127685547
181.38272833824158,100.0,717.332,100.0,-91.32117462158203
181.41582822799683,100.0,717.314,100.0,-91.32560729980469
181.44278264045715,100.0,717.327,100.0,-91.32925415039062
181.47647166252136,100.0,717.456,100.0,-91.33406829833984
181.5086545944214,100.0,717.55,100.0,-91.34288787841797
181.5404314994812,100.0,717.635,100.0,-91.35072326660156
181.57246780395508,100.0,717.716,100.0,-91.36004638671875
181.60538864135742,100.0,717.77,100.0,-91.38023376464844
181.63612484931946,100.0,717.858,100.0,-91.38925170898438
181.66894030570984,100.0,717.87,100.0,-91.3978500366211
181.70014476776123,100.0,717.922,100.0,-91.40463256835938
181.73269963264465,100.0,717.98,100.0,-91.41921997070312
181.76508235931396,100.0,718.023,100.0,-91.42647552490234
181.7968921661377,100.0,718.119,100.0,-91.4338150024414
181.8288540840149,100.0,718.233,100.0,-91.44104766845703
181.86070132255554,100.0,718.326,100.0,-91.46231079101562
181.89575839042664,100.0,718.378,100.0,-91.47280883789062
181.93337225914001,100.0,718.42,100.0,-91.48863983154297
181.95922946929932,100.0,718.455,100.0,-91.49516296386719
181.99105548858643,100.0,718.483,100.0,-91.49979400634766
182.02314829826355,100.0,718.522,100.0,-91.504150390625
182.0564615726471,100.0,718.546,100.0,-91.51371765136719
182.0875105857849,100.0,718.567,100.0,-91.51641845703125
182.1201388835907,100.0,718.614,100.0,-91.51902770996094
182.16206169128418,100.0,718.764,100.0,-91.52747344970703
182.18463706970215,100.0,718.764,100.0,-91.53485107421875
182.21633887290955,100.0,718.814,100.0,-91.54232788085938
182.24840807914734,100.0,718.987,100.0,-91.55311584472656
182.28069925308228,100.0,719.047,100.0,-91.5728988647461
182.31294441223145,100.0,719.051,100.0,-91.58031463623047
182.3453311920166,100.0,719.034,100.0,-91.5849609375
182.37715601921082,100.0,719.093,100.0,-91.58927154541016
182.40829920768738,100.0,719.165,100.0,-91.59967041015625
182.43364930152893,100.0,719.216,100.0,-91.60400390625
182.46607851982117,100.0,719.27,100.0,-91.60914611816406
182.49829530715942,100.0,719.354,100.0,-91.61505126953125
182.5358428955078,100.0,719.419,100.0,-91.62879943847656
182.5623481273651,100.0,719.444,100.0,-91.63551330566406
182.595618724823,100.0,719.425,100.0,-91.64141845703125
182.6267066001892,100.0,719.473,100.0,-91.64484405517578
182.65886974334717,100.0,719.538,100.0,-91.65495300292969
182.6912281513214,100.0,719.602,100.0,-91.65959930419922
182.7236328125,100.0,719.648,100.0,-91.66505432128906
182.76084995269775,100.0,719.642,100.0,-91.67485809326172
182.7876660823822,100.0,719.71,100.0,-91.68046569824219
182.8115472793579,100.0,719.753,100.0,-91.6863021850586
182.84457993507385,100.0,719.882,100.0,-91.69593048095703
182.8848168849945,100.0,719.993,100.0,-91.71485900878906
182.9163556098938,100.0,720.01,100.0,-91.722412109375
182.93260741233826,100.0,720.064,100.0,-91.73017120361328
182.96682691574097,100.0,720.072,100.0,-91.73582458496094
182.99858379364014,100.0,720.117,100.0,-91.74018096923828
183.03465032577515,100.0,720.208,100.0,-91.74955749511719
183.06186246871948,100.0,720.305,100.0,-91.75550079345703
183.09415936470032,100.0,720.321,100.0,-91.76383972167969
183.12555384635925,100.0,720.405,100.0,-91.77062225341797
183.15825963020325,100.0,720.437,100.0,-91.78659057617188
183.18921899795532,100.0,720.466,100.0,-91.79328155517578
183.22187757492065,100.0,720.57,100.0,-91.80071258544922
183.25429677963257,100.0,720.632,100.0,-91.80787658691406
183.28623628616333,100.0,720.679,100.0,-91.82329559326172
183.31770157814026,100.0,720.806,100.0,-91.83417510986328
183.34977388381958,100.0,720.813,100.0,-91.84217071533203
183.383061170578,100.0,720.817,100.0,-91.85285186767578
183.41440200805664,100.0,720.854,100.0,-91.8575439453125
183.44710683822632,100.0,720.896,100.0,-91.86256408691406
183.48447155952454,100.0,720.98,100.0,-91.86985778808594
183.51930212974548,100.0,721.031,100.0,-91.87457275390625
183.5521740913391,100.0,721.086,100.0,-91.88003540039062
183.57599568367004,100.0,721.166,100.0,-91.88624572753906
183.60901522636414,100.0,721.219,100.0,-91.90203857421875
183.63960242271423,100.0,721.302,100.0,-91.90873718261719
183.67218017578125,100.0,721.374,100.0,-91.91619110107422
183.70434999465942,100.0,721.42,100.0,-91.92463684082031
183.73589873313904,100.0,721.516,100.0,-91.94270324707031
183.7682921886444,100.0,721.541,100.0,-91.95108795166016
183.800696849823,100.0,721.578,100.0,-91.95838165283203
183.83321833610535,100.0,721.635,100.0,-91.97040557861328
183.86503672599792,100.0,721.665,100.0,-91.97622680664062
183.89725947380066,100.0,721.71,100.0,-91.98226165771484
183.92960119247437,100.0,721.713,100.0,-91.98689270019531
183.96077728271484,100.0,721.771,100.0,-91.99205780029297
183.99678301811218,100.0,721.809,100.0,-91.99566650390625
184.03795552253723,100.0,721.902,100.0,-92.0030288696289
184.06839394569397,100.0,721.914,100.0,-92.00872039794922
184.1007261276245,100.0,721.947,100.0,-92.0133285522461
184.13575100898743,100.0,722.029,100.0,-92.02473449707031
184.1643843650818,100.0,722.13,100.0,-92.03142547607422
184.19680857658386,100.0,722.146,100.0,-92.03878021240234
184.23716592788696,100.0,722.223,100.0,-92.05244445800781
184.2676763534546,100.0,722.276,100.0,-92.06024169921875
184.31645822525024,100.0,722.464,100.0,-92.07988739013672
184.3483555316925,100.0,722.498,100.0,-92.08979797363281
184.38660097122192,100.0,722.587,100.0,-92.10808563232422
184.412766456604,100.0,722.664,100.0,-92.11747741699219
184.4453420639038,100.0,722.723,100.0,-92.12683868408203
184.47676348686218,100.0,722.749,100.0,-92.13477325439453
184.50916361808777,100.0,722.782,100.0,-92.14835357666016
184.56318879127502,100.0,722.865,100.0,-92.15545654296875
184.59492659568787,100.0,722.868,100.0,-92.15982818603516
184.62760424613953,100.0,722.954,100.0,-92.16297912597656
184.6611397266388,100.0,723.011,100.0,-92.17514038085938
184.6923484802246,100.0,723.056,100.0,-92.18008422851562
184.72320985794067,100.0,723.124,100.0,-92.18517303466797
184.75513291358948,100.0,723.156,100.0,-92.1916275024414
184.78736853599548,100.0,723.211,100.0,-92.20425415039062
184.81981921195984,100.0,723.279,100.0,-92.21194458007812
184.851909160614,100.0,723.331,100.0,-92.21751403808594
184.88607907295227,100.0,723.4,100.0,-92.23098754882812
184.91481685638428,100.0,723.54,100.0,-92.2421875
184.94696307182312,100.0,723.556,100.0,-92.25118255615234
184.97765803337097,100.0,723.627,100.0,-92.25936889648438
185.00034713745117,100.0,723.627,100.0,-92.2667236328125
185.04060697555542,100.0,723.712,100.0,-92.27690124511719
185.06772470474243,100.0,723.75,100.0,-92.28274536132812
185.09482192993164,100.0,723.806,100.0,-92.28849792480469
185.1279571056366,100.0,723.875,100.0,-92.29495239257812
185.1589596271515,100.0,723.9,100.0,-92.302490234375
185.19077515602112,100.0,723.953,100.0,-92.31434631347656
185.22267079353333,100.0,723.947,100.0,-92.31970977783203
185.25469255447388,100.0,724.011,100.0,-92.32324981689453
185.28665947914124,100.0,724.041,100.0,-92.33321380615234
185.3187153339386,100.0,724.089,100.0,-92.33866119384766
185.3513903617859,100.0,724.138,100.0,-92.34495544433594
185.3825330734253,100.0,724.202,100.0,-92.34916687011719
185.4150047302246,100.0,724.197,100.0,-92.35860443115234
185.44738388061523,100.0,724.243,100.0,-92.3631820678711
185.47956466674805,100.0,724.352,100.0,-92.36801147460938
185.51237630844116,100.0,724.447,100.0,-92.38307189941406
185.54283332824707,100.0,724.476,100.0,-92.39067077636719
185.57507634162903,100.0,724.495,100.0,-92.39623260498047
185.61155700683594,100.0,724.527,100.0,-92.40451049804688
185.64299130439758,100.0,724.585,100.0,-92.40813446044922
185.66961359977722,100.0,724.628,100.0,-92.4130630493164
185.7003047466278,100.0,724.652,100.0,-92.41838836669922
185.74144625663757,100.0,724.743,100.0,-92.42874145507812
185.77463269233704,100.0,724.784,100.0,-92.4344711303711
185.8059537410736,100.0,724.881,100.0,-92.4403305053711
185.83768558502197,100.0,724.906,100.0,-92.45582580566406
185.86934685707092,100.0,724.942,100.0,-92.46258544921875
185.90205645561218,100.0,724.975,100.0,-92.46892547607422
185.93382477760315,100.0,725.017,100.0,-92.47844696044922
185.96542620658875,100.0,725.133,100.0,-92.48684692382812
185.99824500083923,100.0,725.206,100.0,-92.49610137939453
186.0289409160614,100.0,725.247,100.0,-92.50469207763672
186.0602376461029,100.0,725.28,100.0,-92.5109634399414
186.09320282936096,100.0,725.318,100.0,-92.52108001708984
186.12660431861877,100.0,725.393,100.0,-92.5256118774414
186.15927290916443,100.0,725.536,100.0,-92.54025268554688
186.19065237045288,100.0,725.544,100.0,-92.54861450195312
186.22320866584778,100.0,725.51,100.0,-92.55508422851562
186.25498223304749,100.0,725.496,100.0,-92.55831909179688
186.28673458099365,100.0,725.539,100.0,-92.56260681152344
186.31867003440857,100.0,725.6,100.0,-92.56594848632812
186.35080242156982,100.0,725.633,100.0,-92.56924438476562
186.38466382026672,100.0,725.636,100.0,-92.5755615234375
186.42553424835205,100.0,725.759,100.0,-92.57878112792969
186.44978499412537,100.0,725.831,100.0,-92.58474731445312
186.4894881248474,100.0,725.877,100.0,-92.5994873046875
186.52224397659302,100.0,725.966,100.0,-92.608642578125
186.55406856536865,100.0,726.054,100.0,-92.61698913574219
186.58507537841797,100.0,726.056,100.0,-92.6314697265625
186.6177384853363,100.0,726.077,100.0,-92.63682556152344
186.65014958381653,100.0,726.154,100.0,-92.64387512207031
186.67589569091797,100.0,726.171,100.0,-92.64901733398438
186.7001085281372,100.0,726.21,100.0,-92.65338897705078
186.7365164756775,100.0,726.277,100.0,-92.66423034667969
186.76494002342224,100.0,726.4,100.0,-92.6703109741211
186.79640245437622,100.0,726.438,100.0,-92.67823791503906
186.82797193527222,100.0,726.477,100.0,-92.6856460571289
186.8641483783722,100.0,726.475,100.0,-92.69773864746094
186.89272260665894,100.0,726.492,100.0,-92.70169830322266
186.92480301856995,100.0,726.512,100.0,-92.70477294921875
186.9568908214569,100.0,726.546,100.0,-92.70767974853516
186.9895303249359,100.0,726.606,100.0,-92.71589660644531
187.02121257781982,100.0,726.639,100.0,-92.72074890136719
187.05323123931885,100.0,726.759,100.0,-92.72673034667969
187.09008622169495,100.0,726.831,100.0,-92.74164581298828
187.12675380706787,100.0,726.864,100.0,-92.74896240234375
187.16699409484863,100.0,726.97,100.0,-92.76165771484375
187.19748497009277,100.0,726.996,100.0,-92.7679672241211
187.21819591522217,100.0,727.034,100.0,-92.77362823486328
187.25027537345886,100.0,727.098,100.0,-92.77928161621094
187.28164768218994,100.0,727.147,100.0,-92.78604125976562
187.31396198272705,100.0,727.308,100.0,-92.80220031738281
187.34545612335205,100.0,727.307,100.0,-92.81163024902344
187.37798929214478,100.0,727.358,100.0,-92.81854248046875
187.41361784934998,100.0,727.414,100.0,-92.83321380615234
187.4420382976532,100.0,727.465,100.0,-92.84082794189453
187.47396159172058,100.0,727.568,100.0,-92.84871673583984
187.5055148601532,100.0,727.584,100.0,-92.85643005371094
187.53740882873535,100.0,727.605,100.0,-92.86808013916016
187.56895112991333,100.0,727.66,100.0,-92.87418365478516
187.60059022903442,100.0,727.745,100.0,-92.88211822509766
187.63846611976624,100.0,727.887,100.0,-92.90062713623047
187.66349148750305,100.0,727.911,100.0,-92.908447265625
187.69605827331543,100.0,727.94,100.0,-92.91412353515625
187.71833491325378,100.0,727.959,100.0,-92.91934967041016
187.7490713596344,100.0,727.98,100.0,-92.92381286621094
187.7824158668518,100.0,728.01,100.0,-92.92778015136719
187.81647300720215,100.0,727.972,100.0,-92.93357849121094
187.8510720729828,100.0,727.991,100.0,-92.93397521972656
187.88846254348755,100.0,727.999,100.0,-92.9354248046875
187.9154212474823,100.0,728.055,100.0,-92.93801879882812
187.94794583320618,100.0,728.066,100.0,-92.94047546386719
187.97419691085815,100.0,728.132,100.0,-92.9418716430664
188.00018906593323,100.0,728.156,100.0,-92.94548797607422
188.03236532211304,100.0,728.169,100.0,-92.94905853271484
188.06489729881287,100.0,728.224,100.0,-92.95660400390625
188.0971531867981,100.0,728.272,100.0,-92.96185302734375
188.12909984588623,100.0,728.34,100.0,-92.96853637695312
188.16219472885132,100.0,728.38,100.0,-92.97623443603516
188.19436407089233,100.0,728.404,100.0,-92.98063659667969
188.22591495513916,100.0,728.391,100.0,-92.98481750488281
188.24527978897095,100.0,728.422,100.0,-92.98726654052734
188.2894525527954,100.0,728.43,100.0,-92.99264526367188
188.31668877601624,100.0,728.53,100.0,-92.9953842163086
188.34902095794678,100.0,728.563,100.0,-93.00039672851562
188.38148188591003,100.0,728.618,100.0,-93.00544738769531
188.4139015674591,100.0,728.66,100.0,-93.01762390136719
188.44522070884705,100.0,728.775,100.0,-93.02415466308594
188.47859358787537,100.0,728.842,100.0,-93.03182983398438
188.5157458782196,100.0,728.894,100.0,-93.048828125
188.55234360694885,100.0,728.909,100.0,-93.055419921875
188.58319520950317,100.0,728.956,100.0,-93.0605697631836
188.6158583164215,100.0,728.985,100.0,-93.07156372070312
188.64803266525269,100.0,729.07,100.0,-93.07896423339844
188.67992544174194,100.0,729.2,100.0,-93.08746337890625
188.71517062187195,100.0,729.256,100.0,-93.10487365722656
188.74450826644897,100.0,729.294,100.0,-93.1129150390625
188.7811894416809,100.0,729.31,100.0,-93.11946868896484
188.81299090385437,100.0,729.379,100.0,-93.13311004638672
188.84542155265808,100.0,729.396,100.0,-93.13697814941406
188.87734246253967,100.0,729.414,100.0,-93.14034271240234
188.9094672203064,100.0,729.43,100.0,-93.14337921142578
188.941415309906,100.0,729.507,100.0,-93.14946746826172
188.9729540348053,100.0,729.544,100.0,-93.15343475341797
189.00507354736328,100.0,729.544,100.0,-93.15777587890625
189.03695821762085,100.0,729.568,100.0,-93.16085052490234
189.0692310333252,100.0,729.598,100.0,-93.1673583984375
189.10063362121582,100.0,729.691,100.0,-93.17186737060547
189.13346672058105,100.0,729.708,100.0,-93.17686462402344
189.1653697490692,100.0,729.762,100.0,-93.18653869628906
189.19773721694946,100.0,729.797,100.0,-93.19189453125
189.21728110313416,100.0,729.836,100.0,-93.19741821289062
189.24912548065186,100.0,729.892,100.0,-93.20378112792969
189.2846806049347,100.0,729.976,100.0,-93.20965576171875
189.31675243377686,100.0,730.014,100.0,-93.22105407714844
189.3487672805786,100.0,730.039,100.0,-93.2260971069336
189.38086485862732,100.0,730.08,100.0,-93.23077392578125
189.41539907455444,100.0,730.149,100.0,-93.24028015136719
189.4444499015808,100.0,730.212,100.0,-93.24554443359375
189.47689247131348,100.0,730.269,100.0,-93.25199127197266
189.5101249217987,100.0,730.316,100.0,-93.25909423828125
189.54126119613647,100.0,730.348,100.0,-93.27290344238281
189.57359528541565,100.0,730.404,100.0,-93.27882385253906
189.60665607452393,100.0,730.433,100.0,-93.28436279296875
189.6405258178711,100.0,730.45,100.0,-93.29402160644531
189.66916155815125,100.0,730.469,100.0,-93.29795837402344
189.70076298713684,100.0,730.49,100.0,-93.30159759521484
189.73234939575195,100.0,730.599,100.0,-93.3062744140625
189.7645344734192,100.0,730.601,100.0,-93.31632232666016
189.7968397140503,100.0,730.589,100.0,-93.31884765625
189.8273422718048,100.0,730.593,100.0,-93.32069396972656
189.86710119247437,100.0,730.689,100.0,-93.32282257080078
189.89807772636414,100.0,730.748,100.0,-93.32705688476562
189.9292812347412,100.0,730.815,100.0,-93.33258056640625
189.96631622314453,100.0,730.91,100.0,-93.34750366210938
190.0020227432251,100.0,730.921,100.0,-93.3544921875
190.03415322303772,100.0,730.929,100.0,-93.36009979248047
190.06654119491577,100.0,731.0,100.0,-93.37064361572266
190.09798288345337,100.0,731.102,100.0,-93.37603759765625
190.13073325157166,100.0,731.161,100.0,-93.38330078125
190.16470575332642,100.0,731.187,100.0,-93.39798736572266
190.19414639472961,100.0,731.275,100.0,-93.40670013427734
190.22619485855103,100.0,731.326,100.0,-93.415283203125
190.25808215141296,100.0,731.477,100.0,-93.42425537109375
190.29024863243103,100.0,731.498,100.0,-93.44307708740234
190.32205152511597,100.0,731.542,100.0,-93.45116424560547
190.35241889953613,100.0,731.51,100.0,-93.45571899414062
190.38442373275757,100.0,731.491,100.0,-93.45809936523438
190.41907835006714,100.0,731.533,100.0,-93.4604263305664
190.45097184181213,100.0,731.55,100.0,-93.4625244140625
190.4834179878235,100.0,731.61,100.0,-93.46456909179688
190.5155372619629,100.0,731.719,100.0,-93.47268676757812
190.54710793495178,100.0,731.739,100.0,-93.47872161865234
190.5796582698822,100.0,731.798,100.0,-93.48396301269531
190.61566185951233,100.0,731.806,100.0,-93.4951400756836
190.6456389427185,100.0,731.827,100.0,-93.49958801269531
190.6720449924469,100.0,731.869,100.0,-93.50271606445312
190.71143341064453,100.0,731.92,100.0,-93.50663757324219
190.7429919242859,100.0,731.902,100.0,-93.51433563232422
190.77629590034485,100.0,731.968,100.0,-93.51904296875
190.80745911598206,100.0,731.982,100.0,-93.52239227294922
190.84143996238708,100.0,732.058,100.0,-93.5305404663086
190.8718945980072,100.0,732.082,100.0,-93.53533935546875
190.91792392730713,100.0,732.18,100.0,-93.54701232910156
190.95481157302856,100.0,732.2,100.0,-93.55229187011719
190.9876778125763,100.0,732.25,100.0,-93.5561294555664
191.0189492702484,100.0,732.274,100.0,-93.56388854980469
191.05082368850708,100.0,732.314,100.0,-93.56745147705078
191.0825080871582,100.0,732.318,100.0,-93.57164764404297
191.1141459941864,100.0,732.342,100.0,-93.57482147216797
191.14701294898987,100.0,732.407,100.0,-93.58231353759766
191.17918467521667,100.0,732.424,100.0,-93.58610534667969
191.21145248413086,100.0,732.476,100.0,-93.58952331542969
191.24512767791748,100.0,732.474,100.0,-93.59736633300781
191.29302287101746,100.0,732.576,100.0,-93.60700988769531
191.32505679130554,100.0,732.635,100.0,-93.6134262084961
191.35719561576843,100.0,732.716,100.0,-93.62088775634766
191.40242338180542,100.0,732.831,100.0,-93.63645935058594
191.43462944030762,100.0,732.936,100.0,-93.64525604248047
191.46769189834595,100.0,732.965,100.0,-93.66114807128906
191.49908185005188,100.0,733.038,100.0,-93.66729736328125
191.5315990447998,100.0,733.045,100.0,-93.67481231689453
191.56297898292542,100.0,733.066,100.0,-93.68061065673828
191.5952489376068,100.0,733.018,100.0,-93.68909454345703
191.62792658805847,100.0,733.1,100.0,-93.6895980834961
191.65970754623413,100.0,733.143,100.0,-93.69314575195312
191.69254899024963,100.0,733.203,100.0,-93.70295715332031
191.72367525100708,100.0,733.288,100.0,-93.70948791503906
191.75510716438293,100.0,733.291,100.0,-93.71531677246094
191.7857687473297,100.0,733.319,100.0,-93.71966552734375
191.81864643096924,100.0,733.378,100.0,-93.72943878173828
191.8507034778595,100.0,733.425,100.0,-93.73539733886719
191.88125681877136,100.0,733.532,100.0,-93.74333953857422
191.91805171966553,100.0,733.584,100.0,-93.75718688964844
191.94327902793884,100.0,733.644,100.0,-93.76490783691406
191.9793016910553,100.0,733.675,100.0,-93.7718734741211
192.01178574562073,100.0,733.716,100.0,-93.77762603759766
192.0423493385315,100.0,733.74,100.0,-93.78570556640625
192.08293557167053,100.0,733.752,100.0,-93.78945922851562
192.11581826210022,100.0,733.734,100.0,-93.79393005371094
192.17049932479858,100.0,733.859,100.0,-93.80046081542969
192.2023274898529,100.0,733.88,100.0,-93.80448913574219
192.23534107208252,100.0,733.871,100.0,-93.8082275390625
192.26716351509094,100.0,733.892,100.0,-93.8128890991211
192.29894757270813,100.0,733.909,100.0,-93.81521606445312
192.33093667030334,100.0,734.036,100.0,-93.82015228271484
192.3631660938263,100.0,734.113,100.0,-93.82571411132812
192.39451575279236,100.0,734.172,100.0,-93.84091186523438
192.4271969795227,100.0,734.184,100.0,-93.84727478027344
192.4592468738556,100.0,734.251,100.0,-93.85260009765625
192.49255919456482,100.0,734.297,100.0,-93.86491394042969
192.5248885154724,100.0,734.374,100.0,-93.87275695800781
192.55716800689697,100.0,734.454,100.0,-93.88190460205078
192.5732216835022,100.0,734.488,100.0,-93.88868713378906
192.6058406829834,100.0,734.534,100.0,-93.89506530761719
192.63726568222046,100.0,734.538,100.0,-93.90161895751953
192.66905236244202,100.0,734.584,100.0,-93.91133117675781
192.70013213157654,100.0,734.585,100.0,-93.91539001464844
192.73332357406616,100.0,734.624,100.0,-93.91827392578125
192.764657497406,100.0,734.649,100.0,-93.9218521118164
192.79769825935364,100.0,734.71,100.0,-93.92935943603516
192.83398342132568,100.0,734.748,100.0,-93.9332046508789
192.85978055000305,100.0,734.786,100.0,-93.93751525878906
192.8925006389618,100.0,734.786,100.0,-93.9455337524414
192.92285013198853,100.0,734.832,100.0,-93.94979095458984
192.9555208683014,100.0,734.863,100.0,-93.95355224609375
192.98740100860596,100.0,734.883,100.0,-93.95679473876953
193.01854014396667,100.0,734.927,100.0,-93.96391296386719
193.04421758651733,100.0,734.948,100.0,-93.96765899658203
193.07474899291992,100.0,734.975,100.0,-93.97145080566406
193.10709190368652,100.0,735.032,100.0,-93.97654724121094
193.14239883422852,100.0,735.127,100.0,-93.98856353759766
193.1707193851471,100.0,735.165,100.0,-93.99305725097656
193.20270681381226,100.0,735.168,100.0,-93.99788665771484
193.23496460914612,100.0,735.188,100.0,-94.00149536132812
193.26902413368225,100.0,735.272,100.0,-94.00865173339844
193.29877018928528,100.0,735.326,100.0,-94.01347351074219
193.33153414726257,100.0,735.335,100.0,-94.01922607421875
193.36290383338928,100.0,735.37,100.0,-94.02381896972656
193.39491629600525,100.0,735.385,100.0,-94.03267669677734
193.42743802070618,100.0,735.479,100.0,-94.03668212890625
193.45921087265015,100.0,735.52,100.0,-94.04240417480469
193.50042986869812,100.0,735.532,100.0,-94.05311584472656
193.54993391036987,100.0,735.65,100.0,-94.0660400390625
193.58349323272705,100.0,735.747,100.0,-94.07279968261719
193.61433386802673,100.0,735.751,100.0,-94.08007049560547
193.6464557647705,100.0,735.807,100.0,-94.09192657470703
193.67785000801086,100.0,735.841,100.0,-94.09797668457031
193.71090269088745,100.0,735.865,100.0,-94.10237121582031
193.74494194984436,100.0,735.886,100.0,-94.10830688476562
193.77413892745972,100.0,735.867,100.0,-94.11141204833984
193.8062515258789,100.0,735.896,100.0,-94.11275482177734
193.83843231201172,100.0,735.899,100.0,-94.11476135253906
193.86990356445312,100.0,735.964,100.0,-94.11981201171875
193.91778707504272,100.0,736.001,100.0,-94.12654876708984
193.95160722732544,100.0,736.077,100.0,-94.13177490234375
193.9822633266449,100.0,736.102,100.0,-94.13572692871094
194.02014899253845,100.0,736.144,100.0,-94.14415740966797
194.04687762260437,100.0,736.149,100.0,-94.14766693115234
194.08104848861694,100.0,736.174,100.0,-94.15121459960938
194.11251091957092,100.0,736.254,100.0,-94.15533447265625
194.14479088783264,100.0,736.304,100.0,-94.16561126708984
194.17751836776733,100.0,736.385,100.0,-94.169677734375
194.210116147995,100.0,736.448,100.0,-94.17599487304688
194.23573565483093,100.0,736.465,100.0,-94.18330383300781
194.2613604068756,100.0,736.502,100.0,-94.1894302368164
194.2941493988037,100.0,736.574,100.0,-94.20204162597656
194.33403372764587,100.0,736.63,100.0,-94.2077407836914
194.36622214317322,100.0,736.642,100.0,-94.21424102783203
194.3988437652588,100.0,736.722,100.0,-94.22527313232422
194.43100452423096,100.0,736.777,100.0,-94.23085021972656
194.4619288444519,100.0,736.847,100.0,-94.23719787597656
194.49431657791138,100.0,736.856,100.0,-94.25072479248047
194.52563333511353,100.0,736.911,100.0,-94.2573471069336
194.5571095943451,100.0,736.892,100.0,-94.26187896728516
194.58468747138977,100.0,736.948,100.0,-94.26459503173828
194.6092369556427,100.0,736.934,100.0,-94.26875305175781
194.64531302452087,100.0,736.98,100.0,-94.27458190917969
194.6740894317627,100.0,737.0,100.0,-94.2778549194336
194.70628881454468,100.0,737.003,100.0,-94.2802505493164
194.7382423877716,100.0,737.064,100.0,-94.28369903564453
194.77090620994568,100.0,737.078,100.0,-94.28961944580078
194.80241680145264,100.0,737.162,100.0,-94.29153442382812
194.8348469734192,100.0,737.156,100.0,-94.29631805419922
194.86790323257446,100.0,737.245,100.0,-94.30450439453125
194.89897465705872,100.0,737.283,100.0,-94.30917358398438
194.934476852417,100.0,737.353,100.0,-94.31415557861328
194.97567057609558,100.0,737.382,100.0,-94.32640838623047
195.0091269016266,100.0,737.395,100.0,-94.33094787597656
195.03937888145447,100.0,737.445,100.0,-94.33476257324219
195.07226538658142,100.0,737.477,100.0,-94.34439086914062
195.10480093955994,100.0,737.578,100.0,-94.35073852539062
195.14528632164001,100.0,737.602,100.0,-94.36222839355469
195.17718362808228,100.0,737.667,100.0,-94.36891174316406
195.20859098434448,100.0,737.755,100.0,-94.3739013671875
195.24071717262268,100.0,737.795,100.0,-94.38111114501953
195.27276992797852,100.0,737.815,100.0,-94.39407348632812
195.3049886226654,100.0,737.91,100.0,-94.40238952636719
195.33667659759521,100.0,737.889,100.0,-94.40765380859375
195.3703374862671,100.0,737.938,100.0,-94.4156265258789
195.4007089138031,100.0,737.971,100.0,-94.41908264160156
195.43325805664062,100.0,738.0,100.0,-94.4228744506836
195.4651427268982,100.0,738.043,100.0,-94.42674255371094
195.49672436714172,100.0,738.09,100.0,-94.43539428710938
195.52889919281006,100.0,738.089,100.0,-94.43941497802734
195.56088995933533,100.0,738.093,100.0,-94.44223022460938
195.59642028808594,100.0,738.14,100.0,-94.4476547241211
195.6252784729004,100.0,738.173,100.0,-94.4513931274414
195.66497921943665,100.0,738.302,100.0,-94.4571533203125
195.69402074813843,100.0,738.31,100.0,-94.46882629394531
195.75122594833374,100.0,738.323,100.0,-94.47645568847656
195.7831609249115,100.0,738.357,100.0,-94.47994232177734
195.81410908699036,100.0,738.434,100.0,-94.48348999023438
195.84720921516418,100.0,738.505,100.0,-94.49447631835938
195.8789472579956,100.0,738.542,100.0,-94.4991455078125
195.91029930114746,100.0,738.567,100.0,-94.50406646728516
195.94242572784424,100.0,738.58,100.0,-94.50868225097656
195.97447061538696,100.0,738.665,100.0,-94.51630401611328
196.00692319869995,100.0,738.7,100.0,-94.52153015136719
196.03838777542114,100.0,738.73,100.0,-94.52680206298828
196.0712649822235,100.0,738.782,100.0,-94.53777313232422
196.10235381126404,100.0,738.797,100.0,-94.54169464111328
196.1339635848999,100.0,738.841,100.0,-94.54547882080078
196.16648387908936,100.0,738.879,100.0,-94.55001068115234
196.19217920303345,100.0,738.913,100.0,-94.55487060546875
196.2147490978241,100.0,738.921,100.0,-94.559814453125
196.24695134162903,100.0,738.927,100.0,-94.5667495727539
196.2796266078949,100.0,738.926,100.0,-94.56880950927734
196.31150031089783,100.0,739.056,100.0,-94.57235717773438
196.34654426574707,100.0,739.109,100.0,-94.58462524414062
196.38444185256958,100.0,739.133,100.0,-94.59040069580078
196.4132890701294,100.0,739.179,100.0,-94.5965576171875
196.4364354610443,100.0,739.199,100.0,-94.60106658935547
196.4721279144287,100.0,739.251,100.0,-94.61044311523438
196.50102496147156,100.0,739.241,100.0,-94.61407470703125
196.5328893661499,100.0,739.253,100.0,-94.61621856689453
196.56463861465454,100.0,739.245,100.0,-94.6181411743164
196.59663081169128,100.0,739.284,100.0,-94.62118530273438
196.6285150051117,100.0,739.305,100.0,-94.62405395507812
196.66139245033264,100.0,739.369,100.0,-94.6255111694336
196.69487810134888,100.0,739.408,100.0,-94.63337707519531
196.72881698608398,100.0,739.438,100.0,-94.63772583007812
196.75994968414307,100.0,739.488,100.0,-94.64302825927734
196.7961835861206,100.0,739.581,100.0,-94.65357208251953
196.82594680786133,100.0,739.602,100.0,-94.65941619873047
196.85668015480042,100.0,739.664,100.0,-94.66631317138672
196.88879442214966,100.0,739.737,100.0,-94.6739501953125
196.92021942138672,100.0,739.799,100.0,-94.68730163574219
196.9527144432068,100.0,739.811,100.0,-94.69257354736328
196.98460412025452,100.0,739.861,100.0,-94.69689178466797
197.02097582817078,100.0,739.928,100.0,-94.70862579345703
197.0490345954895,100.0,740.042,100.0,-94.71549224853516
197.08929777145386,100.0,740.042,100.0,-94.72325897216797
197.12223529815674,100.0,740.184,100.0,-94.736328125
197.15470838546753,100.0,740.222,100.0,-94.7444839477539
197.186439037323,100.0,740.286,100.0,-94.75209045410156
197.22207474708557,100.0,740.319,100.0,-94.76781463623047
197.25162291526794,100.0,740.392,100.0,-94.77397918701172
197.28316187858582,100.0,740.395,100.0,-94.78076934814453
197.31536388397217,100.0,740.469,100.0,-94.78581237792969
197.34762835502625,100.0,740.528,100.0,-94.79981994628906
197.3801350593567,100.0,740.519,100.0,-94.80477905273438
197.41177201271057,100.0,740.54,100.0,-94.80958557128906
197.44715857505798,100.0,740.574,100.0,-94.81597137451172
197.47670316696167,100.0,740.638,100.0,-94.82099151611328
197.50927925109863,100.0,740.658,100.0,-94.82542419433594
197.54105639457703,100.0,740.681,100.0,-94.82977294921875
197.57306957244873,100.0,740.677,100.0,-94.83431243896484
197.6055088043213,100.0,740.741,100.0,-94.83537292480469
197.63835310935974,100.0,740.745,100.0,-94.838623046875
197.67220044136047,100.0,740.768,100.0,-94.84366607666016
197.74878311157227,100.0,740.93,100.0,-94.84817504882812
197.8008108139038,100.0,740.966,100.0,-94.86064147949219
197.8317105770111,100.0,741.013,100.0,-94.86581420898438
197.86346888542175,100.0,741.007,100.0,-94.87157440185547
197.89188599586487,100.0,741.042,100.0,-94.87554931640625
197.9240243434906,100.0,741.093,100.0,-94.88511657714844
197.95501065254211,100.0,741.118,100.0,-94.8896255493164
197.9877061843872,100.0,741.156,100.0,-94.89325714111328
198.0190761089325,100.0,741.207,100.0,-94.89743041992188
198.05157923698425,100.0,741.25,100.0,-94.90811920166016
198.08211207389832,100.0,741.289,100.0,-94.913818359375
198.11409258842468,100.0,741.321,100.0,-94.91919708251953
198.1469807624817,100.0,741.351,100.0,-94.92738342285156
198.17803859710693,100.0,741.35,100.0,-94.93031311035156
198.21020436286926,100.0,741.367,100.0,-94.93305206298828
198.24282884597778,100.0,741.381,100.0,-94.9349365234375
198.27428364753723,100.0,741.447,100.0,-94.93753814697266
198.31057238578796,100.0,741.462,100.0,-94.94112396240234
198.35240411758423,100.0,741.565,100.0,-94.94930267333984
198.38288950920105,100.0,741.599,100.0,-94.95458221435547
198.415278673172,100.0,741.633,100.0,-94.95989227294922
198.4465093612671,100.0,741.648,100.0,-94.9697494506836
198.47938346862793,100.0,741.639,100.0,-94.97265625
198.51144433021545,100.0,741.673,100.0,-94.97611999511719
198.5435972213745,100.0,741.721,100.0,-94.97858428955078
198.58490133285522,100.0,741.763,100.0,-94.98672485351562
198.60836243629456,100.0,741.794,100.0,-94.99124145507812
198.6500129699707,100.0,741.921,100.0,-95.00494384765625
198.6814262866974,100.0,741.966,100.0,-95.010009765625
198.71363425254822,100.0,741.999,100.0,-95.01558685302734
198.74594259262085,100.0,742.038,100.0,-95.02481842041016
198.77865719795227,100.0,742.113,100.0,-95.02934265136719
198.81091570854187,100.0,742.136,100.0,-95.03575134277344
198.85088443756104,100.0,742.198,100.0,-95.04817199707031
198.88359308242798,100.0,742.264,100.0,-95.05363464355469
198.91707110404968,100.0,742.289,100.0,-95.05986785888672
198.94850087165833,100.0,742.31,100.0,-95.0704345703125
198.98057579994202,100.0,742.314,100.0,-95.07416534423828
199.01252365112305,100.0,742.311,100.0,-95.07649230957031
199.0499505996704,100.0,742.332,100.0,-95.08015441894531
199.07647585868835,100.0,742.388,100.0,-95.08377838134766
199.10910081863403,100.0,742.441,100.0,-95.08857727050781
199.14094400405884,100.0,742.535,100.0,-95.09512329101562
199.17293047904968,100.0,742.583,100.0,-95.1070327758789
199.20310759544373,100.0,742.585,100.0,-95.111572265625
199.23623323440552,100.0,742.598,100.0,-95.11491394042969
199.26824426651,100.0,742.628,100.0,-95.1177978515625
199.29930067062378,100.0,742.688,100.0,-95.12458801269531
199.343412399292,100.0,742.736,100.0,-95.12834930419922
199.38447380065918,100.0,742.805,100.0,-95.1379165649414
199.41484141349792,100.0,742.859,100.0,-95.14288330078125
199.44674849510193,100.0,742.893,100.0,-95.15449523925781
199.4787242412567,100.0,742.895,100.0,-95.15876770019531
199.5109338760376,100.0,742.981,100.0,-95.16400909423828
199.54283165931702,100.0,743.02,100.0,-95.16925048828125
199.57546949386597,100.0,743.08,100.0,-95.18116760253906
199.60668778419495,100.0,743.097,100.0,-95.18663787841797
199.63867950439453,100.0,743.172,100.0,-95.19161987304688
199.67056798934937,100.0,743.211,100.0,-95.19735717773438
199.70205855369568,100.0,743.232,100.0,-95.2082748413086
199.7352945804596,100.0,743.271,100.0,-95.21359252929688
199.76626873016357,100.0,743.291,100.0,-95.21743774414062
199.79705429077148,100.0,743.344,100.0,-95.22098541259766
199.82987785339355,100.0,743.353,100.0,-95.22914123535156
199.8619887828827,100.0,743.368,100.0,-95.23185729980469
199.89151644706726,100.0,743.393,100.0,-95.23434448242188
199.91710662841797,100.0,743.419,100.0,-95.23707580566406
199.94977641105652,100.0,743.469,100.0,-95.24421691894531
199.98210620880127,100.0,743.504,100.0,-95.24738311767578
200.02578997612,100.0,743.547,100.0,-95.25523376464844
200.08099722862244,100.0,743.608,100.0,-95.26365661621094
200.11990523338318,100.0,743.619,100.0,-95.2674560546875
200.15231251716614,100.0,743.619,100.0,-95.27205657958984
200.18447756767273,100.0,743.636,100.0,-95.27400970458984
200.21594047546387,100.0,743.666,100.0,-95.27532196044922
200.2489070892334,100.0,743.728,100.0,-95.27999877929688
200.27835822105408,100.0,743.776,100.0,-95.28324890136719
200.30998921394348,100.0,743.767,100.0,-95.28760528564453
200.34264063835144,100.0,743.811,100.0,-95.29041290283203
200.37562489509583,100.0,743.838,100.0,-95.29816436767578
200.4058735370636,100.0,743.938,100.0,-95.3022689819336
200.43612551689148,100.0,743.975,100.0,-95.30819702148438
200.47610068321228,100.0,744.016,100.0,-95.32026672363281
200.50781559944153,100.0,744.122,100.0,-95.32630920410156
200.53994584083557,100.0,744.158,100.0,-95.33369445800781
200.57329201698303,100.0,744.188,100.0,-95.34712982177734
200.6044955253601,100.0,744.216,100.0,-95.35302734375
200.65247130393982,100.0,744.268,100.0,-95.36309051513672
200.6845622062683,100.0,744.316,100.0,-95.36881256103516
200.71629762649536,100.0,744.419,100.0,-95.3757095336914
200.74856066703796,100.0,744.423,100.0,-95.38742065429688
200.7807261943817,100.0,744.439,100.0,-95.39105224609375
200.81609272956848,100.0,744.424,100.0,-95.39425659179688
200.84194946289062,100.0,744.489,100.0,-95.39584350585938
200.8761327266693,100.0,744.592,100.0,-95.40303802490234
200.9061119556427,100.0,744.613,100.0,-95.40895080566406
200.9385461807251,100.0,744.633,100.0,-95.41415405273438
200.97781801223755,100.0,744.659,100.0,-95.42318725585938
201.01071405410767,100.0,744.668,100.0,-95.4261474609375
201.0422956943512,100.0,744.672,100.0,-95.42877960205078
201.07589554786682,100.0,744.713,100.0,-95.43375396728516
201.107004404068,100.0,744.734,100.0,-95.4367446899414
201.1391830444336,100.0,744.792,100.0,-95.44039154052734
201.17453932762146,100.0,744.805,100.0,-95.44690704345703
201.20310521125793,100.0,744.809,100.0,-95.44921112060547
201.2345051765442,100.0,744.826,100.0,-95.45149230957031
201.26671814918518,100.0,744.88,100.0,-95.45532989501953
201.30123710632324,100.0,744.935,100.0,-95.46041870117188
201.33005619049072,100.0,745.031,100.0,-95.46395874023438
201.36176657676697,100.0,745.077,100.0,-95.47053527832031
201.39238810539246,100.0,745.139,100.0,-95.47735595703125
201.4249963760376,100.0,745.161,100.0,-95.49168395996094
201.45676493644714,100.0,745.258,100.0,-95.497802734375
201.49918127059937,100.0,745.281,100.0,-95.51156616210938
201.5317840576172,100.0,745.34,100.0,-95.51873779296875
201.57558250427246,100.0,745.378,100.0,-95.53044891357422
201.60378742218018,100.0,745.421,100.0,-95.53594207763672
201.6350109577179,100.0,745.42,100.0,-95.53987121582031
201.66773653030396,100.0,745.492,100.0,-95.54368591308594
201.69940662384033,100.0,745.488,100.0,-95.551513671875
201.7313630580902,100.0,745.539,100.0,-95.55370330810547
201.76324939727783,100.0,745.547,100.0,-95.55728149414062
201.79510188102722,100.0,745.586,100.0,-95.56014251708984
201.82768154144287,100.0,745.711,100.0,-95.5688705444336
201.8584849834442,100.0,745.693,100.0,-95.57528686523438
201.89159154891968,100.0,745.737,100.0,-95.5792465209961
201.923437833786,100.0,745.739,100.0,-95.58392333984375
201.95621752738953,100.0,745.752,100.0,-95.5903549194336
201.9876675605774,100.0,745.768,100.0,-95.59296417236328
202.01956939697266,100.0,745.768,100.0,-95.59487915039062
202.05099320411682,100.0,745.76,100.0,-95.59657287597656
202.0833282470703,100.0,745.803,100.0,-95.59850311279297
202.11584067344666,100.0,745.843,100.0,-95.59922790527344
202.14947032928467,100.0,745.886,100.0,-95.60554504394531
202.18029832839966,100.0,745.92,100.0,-95.60963439941406
202.21188187599182,100.0,745.941,100.0,-95.61351013183594
202.24484419822693,100.0,745.959,100.0,-95.61631774902344
202.27703189849854,100.0,746.044,100.0,-95.62153625488281
202.3169538974762,100.0,746.104,100.0,-95.62632751464844
202.34901022911072,100.0,746.193,100.0,-95.63236999511719
202.38086605072021,100.0,746.243,100.0,-95.6486587524414
202.41395354270935,100.0,746.255,100.0,-95.65489196777344
202.44672298431396,100.0,746.281,100.0,-95.65998840332031
202.47802805900574,100.0,746.298,100.0,-95.66897583007812
202.51082372665405,100.0,746.39,100.0,-95.67386627197266
202.54599976539612,100.0,746.432,100.0,-95.67938995361328
202.57730650901794,100.0,746.467,100.0,-95.6908950805664
202.61003303527832,100.0,746.528,100.0,-95.6976318359375
202.64269733428955,100.0,746.551,100.0,-95.70430755615234
202.6772382259369,100.0,746.563,100.0,-95.71189880371094
202.70644068717957,100.0,746.57,100.0,-95.714599609375
202.7385332584381,100.0,746.597,100.0,-95.7164306640625
202.77117681503296,100.0,746.671,100.0,-95.71874237060547
202.80231976509094,100.0,746.764,100.0,-95.72766876220703
202.83476877212524,100.0,746.779,100.0,-95.73375701904297
202.86639285087585,100.0,746.817,100.0,-95.73886108398438
202.90312504768372,100.0,746.824,100.0,-95.7483139038086
202.9317536354065,100.0,746.865,100.0,-95.75200653076172
202.95808839797974,100.0,746.887,100.0,-95.75563049316406
202.98477959632874,100.0,746.891,100.0,-95.75911712646484
203.01492857933044,100.0,746.938,100.0,-95.76174926757812
203.046639919281,100.0,746.951,100.0,-95.7655258178711
203.07477140426636,100.0,746.971,100.0,-95.77189636230469
203.11594820022583,100.0,747.039,100.0,-95.77519226074219
203.1477735042572,100.0,747.088,100.0,-95.77928924560547
203.18042612075806,100.0,747.147,100.0,-95.79045104980469
203.21265363693237,100.0,747.182,100.0,-95.79644775390625
203.2450499534607,100.0,747.224,100.0,-95.80174255371094
203.26085948944092,100.0,747.224,100.0,-95.80648040771484
203.2932357788086,100.0,747.219,100.0,-95.80970001220703
203.32533836364746,100.0,747.324,100.0,-95.81523132324219
203.35759019851685,100.0,747.375,100.0,-95.8201904296875
203.3900396823883,100.0,747.408,100.0,-95.82594299316406
203.42209315299988,100.0,747.416,100.0,-95.83155822753906
203.45456290245056,100.0,747.458,100.0,-95.83878326416016
203.48687958717346,100.0,747.475,100.0,-95.84288787841797
203.51914310455322,100.0,747.549,100.0,-95.84654235839844
203.5505108833313,100.0,747.613,100.0,-95.859130859375
203.58318829536438,100.0,747.635,100.0,-95.8651351928711
203.61767721176147,100.0,747.705,100.0,-95.87200927734375
203.6467514038086,100.0,747.744,100.0,-95.8775405883789
203.68492650985718,100.0,747.738,100.0,-95.88706970214844
203.71693897247314,100.0,747.742,100.0,-95.88996887207031
203.75024461746216,100.0,747.827,100.0,-95.89599609375
203.78128027915955,100.0,747.865,100.0,-95.89969635009766
203.81374502182007,100.0,747.916,100.0,-95.90391540527344
203.8461949825287,100.0,747.912,100.0,-95.90908813476562
203.8781337738037,100.0,747.927,100.0,-95.91477966308594
203.90992498397827,100.0,747.945,100.0,-95.91725158691406
203.94126915931702,100.0,747.971,100.0,-95.9197006225586
203.97417163848877,100.0,748.015,100.0,-95.92247009277344
204.00571060180664,100.0,748.044,100.0,-95.92875671386719
204.0376501083374,100.0,748.058,100.0,-95.93191528320312
204.06937956809998,100.0,748.039,100.0,-95.93475341796875
204.10251021385193,100.0,748.024,100.0,-95.93605041503906
204.13343000411987,100.0,748.064,100.0,-95.93762969970703
204.16334700584412,100.0,748.124,100.0,-95.9384765625
204.19942951202393,100.0,748.164,100.0,-95.94169616699219
204.23079991340637,100.0,748.22,100.0,-95.95098876953125
204.2623724937439,100.0,748.266,100.0,-95.95684814453125
204.2941493988037,100.0,748.305,100.0,-95.96283721923828
204.3352029323578,100.0,748.342,100.0,-95.97386169433594
204.35823917388916,100.0,748.412,100.0,-95.97989654541016
204.39845967292786,100.0,748.488,100.0,-95.98435974121094
204.43080282211304,100.0,748.523,100.0,-95.99414825439453
204.46130561828613,100.0,748.521,100.0,-95.9993896484375
204.49405097961426,100.0,748.541,100.0,-96.00313568115234
204.52860856056213,100.0,748.625,100.0,-96.01266479492188
204.5582582950592,100.0,748.712,100.0,-96.01932525634766
204.59004878997803,100.0,748.737,100.0,-96.02566528320312
204.62248039245605,100.0,748.754,100.0,-96.03137969970703
204.65483164787292,100.0,748.804,100.0,-96.04190063476562
204.68424153327942,100.0,748.825,100.0,-96.04688262939453
204.7164568901062,100.0,748.905,100.0,-96.05224609375
204.74860215187073,100.0,748.916,100.0,-96.05773162841797
204.7801275253296,100.0,748.924,100.0,-96.06568908691406
204.81238198280334,100.0,748.959,100.0,-96.06962585449219
204.84484148025513,100.0,748.977,100.0,-96.07318115234375
204.87785577774048,100.0,749.069,100.0,-96.08268737792969
204.9104392528534,100.0,749.092,100.0,-96.0864028930664
204.94177985191345,100.0,749.135,100.0,-96.08999633789062
204.979474067688,100.0,749.166,100.0,-96.0976333618164
205.00489234924316,100.0,749.161,100.0,-96.10106658935547
205.03583359718323,100.0,749.19,100.0,-96.10328674316406
205.06220412254333,100.0,749.222,100.0,-96.10598754882812
205.10274124145508,100.0,749.265,100.0,-96.11328125
205.13451385498047,100.0,749.348,100.0,-96.11723327636719
205.16768670082092,100.0,749.373,100.0,-96.12255859375
205.1991481781006,100.0,749.38,100.0,-96.12750244140625
205.23162126541138,100.0,749.393,100.0,-96.13473510742188
205.26387310028076,100.0,749.414,100.0,-96.13789367675781
205.29661059379578,100.0,749.439,100.0,-96.14020538330078
205.32734751701355,100.0,749.438,100.0,-96.14462280273438
205.3587782382965,100.0,749.45,100.0,-96.14630889892578
205.3908452987671,100.0,749.485,100.0,-96.14888763427734
205.42291235923767,100.0,749.569,100.0,-96.15300750732422
205.45436334609985,100.0,749.617,100.0,-96.1603012084961
205.4864661693573,100.0,749.663,100.0,-96.16451263427734
205.5183367729187,100.0,749.65,100.0,-96.16950225830078
205.5498387813568,100.0,749.719,100.0,-96.17262268066406
205.58220267295837,100.0,749.764,100.0,-96.18196105957031
205.61423563957214,100.0,749.766,100.0,-96.18645477294922
205.64507913589478,100.0,749.769,100.0,-96.18981170654297
205.67984437942505,100.0,749.813,100.0,-96.1959228515625
205.70847749710083,100.0,749.855,100.0,-96.20027160644531
205.73477268218994,100.0,749.878,100.0,-96.20440673828125
205.76647400856018,100.0,749.904,100.0,-96.20865631103516
205.79667234420776,100.0,749.934,100.0,-96.21157836914062
205.82996129989624,100.0,749.964,100.0,-96.21852111816406
205.86181831359863,100.0,750.023,100.0,-96.22360229492188
205.8932752609253,100.0,750.07,100.0,-96.22859191894531
205.92945384979248,100.0,750.07,100.0,-96.23613739013672
205.95679783821106,100.0,750.056,100.0,-96.23780059814453
205.9890341758728,100.0,750.082,100.0,-96.23997497558594
206.0221095085144,100.0,750.177,100.0,-96.24234008789062
206.05267119407654,100.0,750.227,100.0,-96.25057220458984
206.084331035614,100.0,750.248,100.0,-96.25517272949219
206.11579966545105,100.0,750.279,100.0,-96.2594223022461
206.1485252380371,100.0,750.311,100.0,-96.26380920410156
206.18144989013672,100.0,750.393,100.0,-96.27241516113281
206.21259427070618,100.0,750.46,100.0,-96.27804565429688
206.24553656578064,100.0,750.503,100.0,-96.28500366210938
206.28335976600647,100.0,750.591,100.0,-96.29852294921875
206.314293384552,100.0,750.618,100.0,-96.30565643310547
206.34644746780396,100.0,750.678,100.0,-96.31205749511719
206.38057661056519,100.0,750.722,100.0,-96.32644653320312
206.41148042678833,100.0,750.749,100.0,-96.33285522460938
206.45141410827637,100.0,750.799,100.0,-96.33971405029297
206.48412537574768,100.0,750.828,100.0,-96.34940338134766
206.52468395233154,100.0,750.874,100.0,-96.35421752929688
206.55637502670288,100.0,750.909,100.0,-96.36241912841797
206.58821821212769,100.0,750.904,100.0,-96.36521911621094
206.60481977462769,100.0,750.934,100.0,-96.36837768554688
206.63648462295532,100.0,750.959,100.0,-96.37161254882812
206.6690318584442,100.0,750.99,100.0,-96.37516021728516
206.6998951435089,100.0,751.013,100.0,-96.37765502929688
206.7327687740326,100.0,751.03,100.0,-96.38175201416016
206.76382851600647,100.0,751.045,100.0,-96.38372802734375
206.7952904701233,100.0,751.087,100.0,-96.38568115234375
206.83150577545166,100.0,751.08,100.0,-96.3906021118164
206.8590145111084,100.0,751.181,100.0,-96.39348602294922
206.89107298851013,100.0,751.224,100.0,-96.39813232421875
206.92346596717834,100.0,751.272,100.0,-96.40333557128906
206.95568680763245,100.0,751.335,100.0,-96.4161376953125
206.9871575832367,100.0,751.482,100.0,-96.42424774169922
207.01848721504211,100.0,751.52,100.0,-96.43352508544922
207.05613327026367,100.0,751.52,100.0,-96.44837951660156
207.08219289779663,100.0,751.51,100.0,-96.45259094238281
207.11469721794128,100.0,751.475,100.0,-96.4541015625
207.1511013507843,100.0,751.561,100.0,-96.45731353759766
207.1678032875061,100.0,751.561,100.0,-96.46085357666016
207.2179822921753,100.0,751.621,100.0,-96.46864318847656
207.24942183494568,100.0,751.63,100.0,-96.4717788696289
207.28175020217896,100.0,751.663,100.0,-96.47541809082031
207.31746459007263,100.0,751.688,100.0,-96.47770690917969
207.34875321388245,100.0,751.696,100.0,-96.48031616210938
207.3814845085144,100.0,751.756,100.0,-96.4847640991211
207.4125075340271,100.0,751.887,100.0,-96.48802947998047
207.44466471672058,100.0,751.941,100.0,-96.49585723876953
207.47559571266174,100.0,751.97,100.0,-96.50398254394531
207.50869464874268,100.0,752.004,100.0,-96.51809692382812
207.54031372070312,100.0,752.078,100.0,-96.52519989013672
207.5730288028717,100.0,752.125,100.0,-96.531494140625
207.60478830337524,100.0,752.107,100.0,-96.54214477539062
207.63777709007263,100.0,752.1,100.0,-96.54473876953125
207.66967487335205,100.0,752.112,100.0,-96.54753875732422
207.70123887062073,100.0,752.175,100.0,-96.54889678955078
207.733145236969,100.0,752.195,100.0,-96.55564880371094
207.7644543647766,100.0,752.203,100.0,-96.55829620361328
207.79675698280334,100.0,752.224,100.0,-96.56099700927734
207.8298695087433,100.0,752.258,100.0,-96.56486511230469
207.86189317703247,100.0,752.302,100.0,-96.56687927246094
207.89429020881653,100.0,752.346,100.0,-96.57008361816406
207.91792726516724,100.0,752.427,100.0,-96.57421875
207.94919610023499,100.0,752.474,100.0,-96.58062744140625
207.98252987861633,100.0,752.55,100.0,-96.5933609008789
208.01414465904236,100.0,752.54,100.0,-96.59996795654297
208.0467565059662,100.0,752.537,100.0,-96.60443115234375
208.07881712913513,100.0,752.496,100.0,-96.6075210571289
208.11069321632385,100.0,752.498,100.0,-96.60816192626953
208.14251923561096,100.0,752.549,100.0,-96.60991668701172
208.17530250549316,100.0,752.622,100.0,-96.61141967773438
208.20716857910156,100.0,752.635,100.0,-96.61894989013672
208.23873734474182,100.0,752.672,100.0,-96.62300872802734
208.27108669281006,100.0,752.693,100.0,-96.62701416015625
208.30282330513,100.0,752.724,100.0,-96.6297607421875
208.3350338935852,100.0,752.772,100.0,-96.6373291015625
208.3668658733368,100.0,752.841,100.0,-96.64339447021484
208.39216923713684,100.0,752.914,100.0,-96.65095520019531
208.43224477767944,100.0,752.993,100.0,-96.66282653808594
208.48095107078552,100.0,752.998,100.0,-96.6746826171875
208.51301980018616,100.0,753.071,100.0,-96.67755889892578
208.5444278717041,100.0,753.076,100.0,-96.6826171875
208.5837278366089,100.0,753.191,100.0,-96.69049072265625
208.62279272079468,100.0,753.191,100.0,-96.69695281982422
208.65721130371094,100.0,753.259,100.0,-96.7080078125
208.68666458129883,100.0,753.321,100.0,-96.71339416503906
208.71847796440125,100.0,753.321,100.0,-96.71915435791016
208.75090837478638,100.0,753.356,100.0,-96.72335815429688
208.78250336647034,100.0,753.377,100.0,-96.73190307617188
208.81470704078674,100.0,753.376,100.0,-96.7353515625
208.84543085098267,100.0,753.366,100.0,-96.7371826171875
208.8826253414154,100.0,753.361,100.0,-96.73809814453125
208.9502329826355,100.0,753.405,100.0,-96.7402114868164
208.98116302490234,100.0,753.417,100.0,-96.74210357666016
209.0126256942749,100.0,753.452,100.0,-96.74418640136719
209.04394793510437,100.0,753.459,100.0,-96.74591827392578
209.07621884346008,100.0,753.498,100.0,-96.74823760986328
209.10851502418518,100.0,753.465,100.0,-96.75149536132812
209.1404995918274,100.0,753.504,100.0,-96.75121307373047
209.17225050926208,100.0,753.527,100.0,-96.75249481201172
209.20623517036438,100.0,753.534,100.0,-96.75589752197266
209.23709797859192,100.0,753.56,100.0,-96.75824737548828
209.2688069343567,100.0,753.573,100.0,-96.75978088378906
209.30088806152344,100.0,753.615,100.0,-96.76139068603516
209.33518767356873,100.0,753.679,100.0,-96.76675415039062
209.36033129692078,100.0,753.679,100.0,-96.7708740234375
209.38922500610352,100.0,753.768,100.0,-96.77737426757812
209.43314361572266,100.0,753.854,100.0,-96.79003143310547
209.46786093711853,100.0,753.878,100.0,-96.7957763671875
209.49950456619263,100.0,753.931,100.0,-96.80091857910156
209.53138136863708,100.0,753.927,100.0,-96.81123352050781
209.56341218948364,100.0,753.961,100.0,-96.81578826904297
209.59538674354553,100.0,753.969,100.0,-96.81944274902344
209.63288021087646,100.0,754.031,100.0,-96.82511138916016
209.65917921066284,100.0,754.062,100.0,-96.82865905761719
209.69136953353882,100.0,754.103,100.0,-96.83250427246094
209.72362637519836,100.0,754.122,100.0,-96.83700561523438
209.75567746162415,100.0,754.133,100.0,-96.84451293945312
209.78749108314514,100.0,754.131,100.0,-96.84724426269531
209.8198606967926,100.0,754.169,100.0,-96.84879302978516
209.85185647010803,100.0,754.242,100.0,-96.85139465332031
209.88447499275208,100.0,754.284,100.0,-96.86164855957031
209.91569566726685,100.0,754.37,100.0,-96.86773681640625
209.9467203617096,100.0,754.401,100.0,-96.87372589111328
209.98315334320068,100.0,754.425,100.0,-96.8846664428711
210.01548671722412,100.0,754.451,100.0,-96.88957214355469
210.0628833770752,100.0,754.47,100.0,-96.8969497680664
210.09026432037354,100.0,754.483,100.0,-96.89973449707031
210.12337923049927,100.0,754.503,100.0,-96.90251159667969
210.156320810318,100.0,754.515,100.0,-96.90631103515625
210.18832921981812,100.0,754.514,100.0,-96.907470703125
210.21945810317993,100.0,754.526,100.0,-96.90813446044922
210.25194334983826,100.0,754.58,100.0,-96.90897369384766
210.28439569473267,100.0,754.682,100.0,-96.91582489013672
210.31674098968506,100.0,754.712,100.0,-96.92096710205078
210.34781217575073,100.0,754.778,100.0,-96.926025390625
210.38022875785828,100.0,754.777,100.0,-96.93254089355469
210.41248273849487,100.0,754.8,100.0,-96.94182586669922
210.44413948059082,100.0,754.833,100.0,-96.94625854492188
210.4767301082611,100.0,754.908,100.0,-96.94969177246094
210.51661729812622,100.0,754.913,100.0,-96.95964050292969
210.54914140701294,100.0,754.979,100.0,-96.96383666992188
210.58291697502136,100.0,754.991,100.0,-96.9725570678711
210.61345720291138,100.0,755.015,100.0,-96.9764175415039
210.64590430259705,100.0,755.04,100.0,-96.98023986816406
210.67926478385925,100.0,755.132,100.0,-96.98445129394531
210.71007752418518,100.0,755.192,100.0,-96.99202728271484
210.7407307624817,100.0,755.201,100.0,-96.99784088134766
210.7837836742401,100.0,755.245,100.0,-97.00696563720703
210.81528401374817,100.0,755.288,100.0,-97.01095581054688
210.85484838485718,100.0,755.36,100.0,-97.015625
210.88786363601685,100.0,755.368,100.0,-97.02685546875
210.9197986125946,100.0,755.354,100.0,-97.03059387207031
210.95164227485657,100.0,755.362,100.0,-97.03266906738281
210.98399233818054,100.0,755.339,100.0,-97.03451538085938
211.01693296432495,100.0,755.291,100.0,-97.03437805175781
211.05084705352783,100.0,755.349,100.0,-97.0321044921875
211.0828537940979,100.0,755.405,100.0,-97.03519439697266
211.11580300331116,100.0,755.446,100.0,-97.03876495361328
211.1475796699524,100.0,755.524,100.0,-97.04451751708984
211.1840546131134,100.0,755.531,100.0,-97.05248260498047
211.2115924358368,100.0,755.575,100.0,-97.05690002441406
211.24429965019226,100.0,755.624,100.0,-97.06219482421875
211.276460647583,100.0,755.615,100.0,-97.06573486328125
211.30850267410278,100.0,755.694,100.0,-97.07103729248047
211.34075045585632,100.0,755.767,100.0,-97.07534790039062
211.37346959114075,100.0,755.796,100.0,-97.0815658569336
211.4094569683075,100.0,755.865,100.0,-97.09461212158203
211.43765544891357,100.0,755.833,100.0,-97.09809875488281
211.46902990341187,100.0,755.785,100.0,-97.10111999511719
211.50283408164978,100.0,755.889,100.0,-97.10123443603516
211.5346965789795,100.0,755.934,100.0,-97.1104736328125
211.56603121757507,100.0,755.979,100.0,-97.11602020263672
211.598069190979,100.0,756.062,100.0,-97.12271118164062
211.6356406211853,100.0,756.087,100.0,-97.13389587402344
211.6629855632782,100.0,756.109,100.0,-97.13872528076172
211.69404888153076,100.0,756.155,100.0,-97.1441650390625
211.7271852493286,100.0,756.155,100.0,-97.1474609375
211.7594587802887,100.0,756.188,100.0,-97.15252685546875
211.78958797454834,100.0,756.223,100.0,-97.15530395507812
211.82236981391907,100.0,756.28,100.0,-97.15870666503906
211.85442805290222,100.0,756.322,100.0,-97.16351318359375
211.87189292907715,100.0,756.347,100.0,-97.16878509521484
211.90294194221497,100.0,756.375,100.0,-97.17369842529297
211.93510222434998,100.0,756.396,100.0,-97.18278503417969
211.96692943572998,100.0,756.418,100.0,-97.18629455566406
211.99916458129883,100.0,756.443,100.0,-97.1893310546875
212.03148317337036,100.0,756.446,100.0,-97.1925048828125
212.06351327896118,100.0,756.462,100.0,-97.19715881347656
212.09558582305908,100.0,756.476,100.0,-97.19860076904297
212.1266393661499,100.0,756.521,100.0,-97.20022583007812
212.15897583961487,100.0,756.6,100.0,-97.2086181640625
212.1856620311737,100.0,756.641,100.0,-97.21434783935547
212.2275846004486,100.0,756.699,100.0,-97.21979522705078
212.25127935409546,100.0,756.699,100.0,-97.22502899169922
212.28396892547607,100.0,756.738,100.0,-97.23191833496094
212.3151626586914,100.0,756.763,100.0,-97.23541259765625
212.3476755619049,100.0,756.759,100.0,-97.23896026611328
212.3797550201416,100.0,756.763,100.0,-97.24132537841797
212.4114854335785,100.0,756.829,100.0,-97.24613189697266
212.4423680305481,100.0,756.836,100.0,-97.24922943115234
212.47453546524048,100.0,756.857,100.0,-97.2517318725586
212.50705075263977,100.0,756.938,100.0,-97.25961303710938
212.5395541191101,100.0,756.99,100.0,-97.26567840576172
212.57066464424133,100.0,757.037,100.0,-97.27340698242188
212.6031572818756,100.0,757.036,100.0,-97.27791595458984
212.63446283340454,100.0,757.067,100.0,-97.28474426269531
212.66136860847473,100.0,756.98,100.0,-97.28366088867188
212.6937611103058,100.0,757.009,100.0,-97.28382873535156
212.72586870193481,100.0,757.077,100.0,-97.28596496582031
212.7587456703186,100.0,757.174,100.0,-97.29368591308594
212.78953409194946,100.0,757.228,100.0,-97.30007934570312
212.82219243049622,100.0,757.23,100.0,-97.30484008789062
212.85438632965088,100.0,757.284,100.0,-97.30841064453125
212.87043833732605,100.0,757.314,100.0,-97.3132553100586
212.90251803398132,100.0,757.263,100.0,-97.31806182861328
212.95070719718933,100.0,757.27,100.0,-97.32101440429688
212.98172760009766,100.0,757.291,100.0,-97.32161712646484
213.01456809043884,100.0,757.394,100.0,-97.3269271850586
213.0466332435608,100.0,757.508,100.0,-97.33087921142578
213.07971572875977,100.0,757.528,100.0,-97.33856201171875
213.111558675766,100.0,757.592,100.0,-97.35273742675781
213.13901543617249,100.0,757.601,100.0,-97.35877990722656
213.1819450855255,100.0,757.655,100.0,-97.36402893066406
213.21327996253967,100.0,757.68,100.0,-97.37425231933594
213.26182436943054,100.0,757.718,100.0,-97.38304901123047
213.29464745521545,100.0,757.726,100.0,-97.38609313964844
213.32596230506897,100.0,757.748,100.0,-97.38912963867188
213.3581862449646,100.0,757.781,100.0,-97.39180755615234
213.39125537872314,100.0,757.819,100.0,-97.39569854736328
213.4228494167328,100.0,757.845,100.0,-97.39867401123047
213.45499730110168,100.0,757.86,100.0,-97.40186309814453
213.48740100860596,100.0,757.935,100.0,-97.40824890136719
213.5201051235199,100.0,757.926,100.0,-97.41246032714844
213.5512912273407,100.0,757.939,100.0,-97.41514587402344
213.5828185081482,100.0,757.966,100.0,-97.4175796508789
213.61561179161072,100.0,758.042,100.0,-97.42475891113281
213.64142656326294,100.0,758.085,100.0,-97.42877960205078
213.66834950447083,100.0,758.116,100.0,-97.43350219726562
213.7002878189087,100.0,758.123,100.0,-97.43826293945312
213.73640656471252,100.0,758.183,100.0,-97.4472885131836
213.76437258720398,100.0,758.219,100.0,-97.45265197753906
213.79605841636658,100.0,758.257,100.0,-97.45819091796875
213.82848143577576,100.0,758.332,100.0,-97.46574401855469
213.8613133430481,100.0,758.343,100.0,-97.475341796875
213.8927903175354,100.0,758.345,100.0,-97.47853088378906
213.9254653453827,100.0,758.34,100.0,-97.48055267333984
213.96128058433533,100.0,758.416,100.0,-97.48388671875
213.98899459838867,100.0,758.472,100.0,-97.48724365234375
214.02080249786377,100.0,758.498,100.0,-97.49198913574219
214.05472993850708,100.0,758.515,100.0,-97.49655151367188
214.08656525611877,100.0,758.497,100.0,-97.50274658203125
214.11804032325745,100.0,758.488,100.0,-97.50408172607422
214.1502914428711,100.0,758.501,100.0,-97.5046615600586
214.18758416175842,100.0,758.562,100.0,-97.50849151611328
214.21414303779602,100.0,758.671,100.0,-97.5152359008789
214.2494251728058,100.0,758.682,100.0,-97.52212524414062
214.28163957595825,100.0,758.694,100.0,-97.52587127685547
214.31647038459778,100.0,758.693,100.0,-97.53131103515625
214.3506419658661,100.0,758.771,100.0,-97.53406524658203
214.43616676330566,100.0,758.771,100.0,-97.54444885253906
214.48556876182556,100.0,758.803,100.0,-97.54714965820312
214.51801800727844,100.0,758.845,100.0,-97.55023193359375
214.55087184906006,100.0,758.882,100.0,-97.55409240722656
214.58265280723572,100.0,758.944,100.0,-97.55683135986328
214.6153244972229,100.0,758.949,100.0,-97.56495666503906
214.64683604240417,100.0,758.961,100.0,-97.56805419921875
214.67889785766602,100.0,758.971,100.0,-97.5714111328125
214.71094036102295,100.0,758.994,100.0,-97.57428741455078
214.7365448474884,100.0,759.045,100.0,-97.57599639892578
214.7659251689911,100.0,759.088,100.0,-97.57929992675781
214.79799628257751,100.0,759.101,100.0,-97.58351135253906
214.83110213279724,100.0,759.112,100.0,-97.587158203125
214.86298322677612,100.0,759.112,100.0,-97.5924072265625
214.89467477798462,100.0,759.162,100.0,-97.5940170288086
214.92700338363647,100.0,759.199,100.0,-97.59720611572266
214.96054363250732,100.0,759.199,100.0,-97.60391235351562
214.99115872383118,100.0,759.239,100.0,-97.60745239257812
215.0235755443573,100.0,759.278,100.0,-97.61019897460938
215.05462336540222,100.0,759.34,100.0,-97.61380004882812
215.07880926132202,100.0,759.365,100.0,-97.61903381347656
215.11839365959167,100.0,759.394,100.0,-97.62882232666016
215.15107488632202,100.0,759.453,100.0,-97.63374328613281
215.1685597896576,100.0,759.453,100.0,-97.63849639892578
215.19989323616028,100.0,759.503,100.0,-97.64358520507812
215.23178219795227,100.0,759.534,100.0,-97.6478271484375
215.262113571167,100.0,759.58,100.0,-97.65731811523438
215.29291939735413,100.0,759.627,100.0,-97.66304779052734
215.324969291687,100.0,759.654,100.0,-97.66840362548828
215.35714054107666,100.0,759.714,100.0,-97.67233276367188
215.39010906219482,100.0,759.725,100.0,-97.68115234375
215.42091274261475,100.0,759.757,100.0,-97.68450927734375
215.45293307304382,100.0,759.738,100.0,-97.68822479248047
215.4852650165558,100.0,759.749,100.0,-97.6917724609375
215.51711130142212,100.0,759.824,100.0,-97.69493103027344
215.54973220825195,100.0,759.913,100.0,-97.6982650756836
215.58268332481384,100.0,759.949,100.0,-97.70439147949219
215.61493468284607,100.0,759.963,100.0,-97.71548461914062
215.64641165733337,100.0,759.963,100.0,-97.71824645996094
215.67934799194336,100.0,759.993,100.0,-97.72109985351562
215.7109408378601,100.0,760.001,100.0,-97.72699737548828
215.7428069114685,100.0,760.055,100.0,-97.73110961914062
215.7773153781891,100.0,760.018,100.0,-97.73379516601562
215.82406520843506,100.0,760.078,100.0,-97.7372055053711
215.86183714866638,100.0,760.117,100.0,-97.74256896972656
215.89367175102234,100.0,760.168,100.0,-97.74461364746094
215.92617177963257,100.0,760.163,100.0,-97.74816131591797
215.95888257026672,100.0,760.153,100.0,-97.75051879882812
215.9905321598053,100.0,760.177,100.0,-97.7537612915039
216.0228786468506,100.0,760.191,100.0,-97.75493621826172
216.05533599853516,100.0,760.24,100.0,-97.75627136230469
216.08667087554932,100.0,760.254,100.0,-97.7619400024414
216.11822652816772,100.0,760.379,100.0,-97.76679992675781
216.14935946464539,100.0,760.441,100.0,-97.77275085449219
216.18117928504944,100.0,760.508,100.0,-97.77979278564453
216.21299743652344,100.0,760.562,100.0,-97.79621887207031
216.244624376297,100.0,760.554,100.0,-97.8021240234375
216.27788472175598,100.0,760.509,100.0,-97.8055419921875
216.3135027885437,100.0,760.518,100.0,-97.80828094482422
216.35096645355225,100.0,760.545,100.0,-97.8102035522461
216.38278722763062,100.0,760.641,100.0,-97.81291961669922
216.41466307640076,100.0,760.661,100.0,-97.82157135009766
216.44663500785828,100.0,760.682,100.0,-97.82457733154297
216.47885608673096,100.0,760.686,100.0,-97.82759094238281
216.51296401023865,100.0,760.719,100.0,-97.83199310302734
216.54514050483704,100.0,760.758,100.0,-97.83431243896484
216.58571362495422,100.0,760.825,100.0,-97.83756256103516
216.61714267730713,100.0,760.924,100.0,-97.84744262695312
216.6494243144989,100.0,760.955,100.0,-97.8541488647461
216.68258905410767,100.0,760.982,100.0,-97.86044311523438
216.71417832374573,100.0,761.011,100.0,-97.8717269897461
216.74644923210144,100.0,761.029,100.0,-97.87667846679688
216.77821731567383,100.0,761.063,100.0,-97.88011169433594
216.80995893478394,100.0,761.039,100.0,-97.88397216796875
216.84242486953735,100.0,761.034,100.0,-97.88665771484375
216.88411355018616,100.0,761.023,100.0,-97.88733673095703
216.91674494743347,100.0,761.035,100.0,-97.88713073730469
216.95005011558533,100.0,761.078,100.0,-97.88883972167969
216.98053693771362,100.0,761.133,100.0,-97.8923110961914
217.013516664505,100.0,761.169,100.0,-97.8977279663086
217.04364371299744,100.0,761.183,100.0,-97.90022277832031
217.07566046714783,100.0,761.19,100.0,-97.902587890625
217.10739159584045,100.0,761.193,100.0,-97.90455627441406
217.13951873779297,100.0,761.197,100.0,-97.9072265625
217.1736822128296,100.0,761.223,100.0,-97.90933990478516
217.2039177417755,100.0,761.234,100.0,-97.91058349609375
217.23783087730408,100.0,761.28,100.0,-97.9146728515625
217.30161309242249,100.0,761.499,100.0,-97.92843627929688
217.33437371253967,100.0,761.569,100.0,-97.9362564086914
217.36682176589966,100.0,761.594,100.0,-97.9527587890625
217.3908724784851,100.0,761.604,100.0,-97.95890808105469
217.430912733078,100.0,761.638,100.0,-97.96604919433594
217.46283435821533,100.0,761.658,100.0,-97.97395324707031
217.4958655834198,100.0,761.646,100.0,-97.97615051269531
217.52717089653015,100.0,761.647,100.0,-97.9776611328125
217.55861735343933,100.0,761.66,100.0,-97.9786148071289
217.59100151062012,100.0,761.664,100.0,-97.98048400878906
217.62191009521484,100.0,761.761,100.0,-97.98033142089844
217.65426588058472,100.0,761.804,100.0,-97.98470306396484
217.69006276130676,100.0,761.893,100.0,-97.99716186523438
217.71901082992554,100.0,761.923,100.0,-98.00398254394531
217.7507894039154,100.0,761.957,100.0,-98.01049041748047
217.78298926353455,100.0,762.0,100.0,-98.01690673828125
217.81612420082092,100.0,762.043,100.0,-98.02726745605469
217.8468360900879,100.0,762.029,100.0,-98.03121948242188
217.87853145599365,100.0,762.029,100.0,-98.03346252441406
217.91377592086792,100.0,762.016,100.0,-98.03536224365234
217.96600914001465,100.0,762.056,100.0,-98.0341567993164
218.0019268989563,100.0,762.096,100.0,-98.03585815429688
218.04339027404785,100.0,762.19,100.0,-98.04313659667969
218.0821566581726,100.0,762.198,100.0,-98.04792785644531
218.11511850357056,100.0,762.219,100.0,-98.05551147460938
218.1460247039795,100.0,762.229,100.0,-98.05862426757812
218.1790463924408,100.0,762.283,100.0,-98.06206512451172
218.21093225479126,100.0,762.323,100.0,-98.06559753417969
218.2438395023346,100.0,762.334,100.0,-98.0733871459961
218.2751178741455,100.0,762.364,100.0,-98.07721710205078
218.30652904510498,100.0,762.435,100.0,-98.08134460449219
218.33956575393677,100.0,762.482,100.0,-98.09136962890625
218.37197017669678,100.0,762.521,100.0,-98.09696960449219
218.4033341407776,100.0,762.537,100.0,-98.10110473632812
218.43493151664734,100.0,762.538,100.0,-98.10476684570312
218.4762098789215,100.0,762.575,100.0,-98.11013793945312
218.5085096359253,100.0,762.583,100.0,-98.11274719238281
218.5425615310669,100.0,762.626,100.0,-98.1170883178711
218.57275223731995,100.0,762.668,100.0,-98.11968994140625
218.58995270729065,100.0,762.668,100.0,-98.12328338623047
218.62153697013855,100.0,762.648,100.0,-98.12567901611328
218.65378952026367,100.0,762.688,100.0,-98.12671661376953
218.6856791973114,100.0,762.714,100.0,-98.1290283203125
218.717529296875,100.0,762.746,100.0,-98.1350326538086
218.75873041152954,100.0,762.805,100.0,-98.13841247558594
218.79135584831238,100.0,762.844,100.0,-98.14684295654297
218.8235149383545,100.0,762.865,100.0,-98.15103912353516
218.85479474067688,100.0,762.898,100.0,-98.1554946899414
218.88668084144592,100.0,762.944,100.0,-98.15946960449219
218.91889905929565,100.0,762.97,100.0,-98.16658782958984
218.95008420944214,100.0,762.968,100.0,-98.16980743408203
218.98298025131226,100.0,763.01,100.0,-98.17203521728516
219.01644825935364,100.0,763.082,100.0,-98.17884826660156
219.0481185913086,100.0,763.113,100.0,-98.18327331542969
219.0802161693573,100.0,763.1,100.0,-98.18782043457031
219.1121687889099,100.0,763.077,100.0,-98.19059753417969
219.14511013031006,100.0,763.068,100.0,-98.19152069091797
219.17782282829285,100.0,763.124,100.0,-98.19158172607422
219.20898389816284,100.0,763.164,100.0,-98.1938247680664
219.2411482334137,100.0,763.182,100.0,-98.2002182006836
219.27404284477234,100.0,763.217,100.0,-98.20211029052734
219.3055305480957,100.0,763.239,100.0,-98.20527648925781
219.33782291412354,100.0,763.246,100.0,-98.20849609375
219.36916327476501,100.0,763.249,100.0,-98.213134765625
219.39993286132812,100.0,763.216,100.0,-98.21316528320312
219.4313886165619,100.0,763.289,100.0,-98.21371459960938
219.46843814849854,100.0,763.311,100.0,-98.21926879882812
219.49976444244385,100.0,763.371,100.0,-98.22135925292969
219.53233003616333,100.0,763.403,100.0,-98.2253646850586
219.56416058540344,100.0,763.421,100.0,-98.23408508300781
219.59543991088867,100.0,763.43,100.0,-98.23689270019531
219.62740540504456,100.0,763.44,100.0,-98.23928833007812
219.65844321250916,100.0,763.461,100.0,-98.24140930175781
219.69124960899353,100.0,763.5,100.0,-98.24711608886719
219.72161412239075,100.0,763.591,100.0,-98.251220703125
219.7543272972107,100.0,763.63,100.0,-98.25639343261719
219.7861225605011,100.0,763.651,100.0,-98.26187133789062
219.818115234375,100.0,763.721,100.0,-98.27342224121094
219.85019898414612,100.0,763.691,100.0,-98.2770767211914
219.88225722312927,100.0,763.774,100.0,-98.28169250488281
219.91662120819092,100.0,763.755,100.0,-98.28936767578125
219.94625735282898,100.0,763.788,100.0,-98.29270935058594
219.97740650177002,100.0,763.81,100.0,-98.29602813720703
220.00933527946472,100.0,763.868,100.0,-98.29949188232422
220.04096245765686,100.0,763.937,100.0,-98.30609130859375
220.06517696380615,100.0,763.955,100.0,-98.3109359741211
220.0966992378235,100.0,763.967,100.0,-98.31524658203125
220.1333773136139,100.0,763.987,100.0,-98.31889343261719
220.15946674346924,100.0,764.009,100.0,-98.32234954833984
220.18483757972717,100.0,764.048,100.0,-98.32575988769531
220.21637177467346,100.0,764.071,100.0,-98.33375549316406
220.24744987487793,100.0,764.1,100.0,-98.33731079101562
220.28004336357117,100.0,764.116,100.0,-98.34037017822266
220.3123459815979,100.0,764.105,100.0,-98.34320068359375
220.34509444236755,100.0,764.14,100.0,-98.34721374511719
220.3762707710266,100.0,764.21,100.0,-98.34902954101562
220.40834522247314,100.0,764.225,100.0,-98.35310363769531
220.44073033332825,100.0,764.238,100.0,-98.35987854003906
220.47346186637878,100.0,764.291,100.0,-98.36436462402344
220.50528693199158,100.0,764.252,100.0,-98.36602020263672
220.53729462623596,100.0,764.317,100.0,-98.36766815185547
220.56826758384705,100.0,764.315,100.0,-98.37333679199219
220.59992003440857,100.0,764.354,100.0,-98.37491607666016
220.63161849975586,100.0,764.395,100.0,-98.37761688232422
220.66755056381226,100.0,764.404,100.0,-98.3843002319336
220.69576454162598,100.0,764.466,100.0,-98.3877944946289
220.72737503051758,100.0,764.492,100.0,-98.39163208007812
220.75910210609436,100.0,764.503,100.0,-98.3955307006836
220.79431653022766,100.0,764.501,100.0,-98.40113830566406
220.83064603805542,100.0,764.54,100.0,-98.40371704101562
220.8553409576416,100.0,764.574,100.0,-98.40621948242188
220.89203906059265,100.0,764.603,100.0,-98.4129409790039
220.91927886009216,100.0,764.602,100.0,-98.41546630859375
220.95115113258362,100.0,764.636,100.0,-98.41813659667969
220.98298406600952,100.0,764.768,100.0,-98.42058563232422
221.01498198509216,100.0,764.817,100.0,-98.43539428710938
221.0469937324524,100.0,764.784,100.0,-98.43963623046875
221.0785050392151,100.0,764.768,100.0,-98.44205474853516
221.1164572238922,100.0,764.769,100.0,-98.44456481933594
221.1486406326294,100.0,764.852,100.0,-98.44883728027344
221.1813280582428,100.0,764.841,100.0,-98.45197296142578
221.2127125263214,100.0,764.84,100.0,-98.4537582397461
221.24505066871643,100.0,764.785,100.0,-98.45458984375
221.27802753448486,100.0,764.869,100.0,-98.45293426513672
221.3102467060089,100.0,764.93,100.0,-98.45504760742188
221.34288120269775,100.0,765.002,100.0,-98.46308135986328
221.37444519996643,100.0,764.943,100.0,-98.46807861328125
221.40677618980408,100.0,764.971,100.0,-98.46931457519531
221.4378216266632,100.0,765.012,100.0,-98.47129821777344
221.4711139202118,100.0,765.044,100.0,-98.47801208496094
221.50223851203918,100.0,765.128,100.0,-98.48417663574219
221.53586316108704,100.0,765.13,100.0,-98.48880004882812
221.56807494163513,100.0,765.134,100.0,-98.49498748779297
221.59211540222168,100.0,765.157,100.0,-98.49787139892578
221.6295292377472,100.0,765.2,100.0,-98.5010757446289
221.66763186454773,100.0,765.203,100.0,-98.50631713867188
221.69897985458374,100.0,765.222,100.0,-98.50870513916016
221.73165225982666,100.0,765.265,100.0,-98.51219940185547
221.76761412620544,100.0,765.332,100.0,-98.51817321777344
221.79522442817688,100.0,765.321,100.0,-98.52184295654297
221.82658338546753,100.0,765.288,100.0,-98.52405548095703
221.85877394676208,100.0,765.329,100.0,-98.52422332763672
221.8916893005371,100.0,765.304,100.0,-98.52603912353516
221.92287349700928,100.0,765.422,100.0,-98.52796173095703
221.95504784584045,100.0,765.447,100.0,-98.53229522705078
221.98714423179626,100.0,765.494,100.0,-98.53656005859375
222.02047276496887,100.0,765.477,100.0,-98.54478454589844
222.05195951461792,100.0,765.52,100.0,-98.54883575439453
222.0833375453949,100.0,765.556,100.0,-98.5531997680664
222.1168885231018,100.0,765.534,100.0,-98.55802154541016
222.1488242149353,100.0,765.543,100.0,-98.55938720703125
222.18460249900818,100.0,765.568,100.0,-98.56133270263672
222.22807550430298,100.0,765.671,100.0,-98.56552124023438
222.2679193019867,100.0,765.745,100.0,-98.57488250732422
222.29352736473083,100.0,765.745,100.0,-98.58000183105469
222.3326871395111,100.0,765.83,100.0,-98.58409881591797
222.36420321464539,100.0,765.803,100.0,-98.59036254882812
222.3961308002472,100.0,765.8,100.0,-98.59632873535156
222.42758917808533,100.0,765.799,100.0,-98.59710693359375
222.45972800254822,100.0,765.834,100.0,-98.59840393066406
222.49303483963013,100.0,765.897,100.0,-98.60498046875
222.5239758491516,100.0,765.89,100.0,-98.60783386230469
222.55460596084595,100.0,765.884,100.0,-98.609619140625
222.58625984191895,100.0,766.03,100.0,-98.6127700805664
222.61830973625183,100.0,766.114,100.0,-98.62761688232422
222.650230884552,100.0,766.17,100.0,-98.6362533569336
222.68229174613953,100.0,766.232,100.0,-98.64273071289062
222.71240639686584,100.0,766.247,100.0,-98.65013122558594
222.7355387210846,100.0,766.301,100.0,-98.65625762939453
222.76831030845642,100.0,766.299,100.0,-98.66818237304688
222.80064153671265,100.0,766.269,100.0,-98.67166900634766
222.83265852928162,100.0,766.284,100.0,-98.67286682128906
222.86443281173706,100.0,766.287,100.0,-98.67417907714844
222.89670395851135,100.0,766.294,100.0,-98.6758804321289
222.92875695228577,100.0,766.348,100.0,-98.67855072021484
222.96036577224731,100.0,766.405,100.0,-98.680419921875
222.9841287136078,100.0,766.447,100.0,-98.68406677246094
223.0174331665039,100.0,766.481,100.0,-98.693115234375
223.05618596076965,100.0,766.544,100.0,-98.69734954833984
223.08936595916748,100.0,766.539,100.0,-98.70223236083984
223.12162518501282,100.0,766.543,100.0,-98.70817565917969
223.15331315994263,100.0,766.577,100.0,-98.7114028930664
223.18480110168457,100.0,766.613,100.0,-98.7125244140625
223.21711659431458,100.0,766.683,100.0,-98.71589660644531
223.2499804496765,100.0,766.705,100.0,-98.72613525390625
223.28211212158203,100.0,766.75,100.0,-98.72972106933594
223.31525778770447,100.0,766.795,100.0,-98.73418426513672
223.34607577323914,100.0,766.807,100.0,-98.74209594726562
223.3781123161316,100.0,766.796,100.0,-98.74554443359375
223.40858817100525,100.0,766.794,100.0,-98.74755859375
223.4418430328369,100.0,766.791,100.0,-98.74883270263672
223.47343564033508,100.0,766.846,100.0,-98.75076293945312
223.5052206516266,100.0,766.846,100.0,-98.75296020507812
223.5377173423767,100.0,766.868,100.0,-98.75450134277344
223.5700855255127,100.0,766.881,100.0,-98.75834655761719
223.6015031337738,100.0,766.872,100.0,-98.75928497314453
223.63279604911804,100.0,766.938,100.0,-98.76268005371094
223.66591882705688,100.0,766.989,100.0,-98.76512145996094
223.69641375541687,100.0,767.005,100.0,-98.77253723144531
223.73470330238342,100.0,767.021,100.0,-98.77578735351562
223.76430106163025,100.0,767.072,100.0,-98.77940368652344
223.79925179481506,100.0,767.098,100.0,-98.78482055664062
223.83072137832642,100.0,767.116,100.0,-98.78790283203125
223.86900234222412,100.0,767.134,100.0,-98.7938003540039
223.89577054977417,100.0,767.159,100.0,-98.79695129394531
223.92702388763428,100.0,767.246,100.0,-98.80123901367188
223.95983576774597,100.0,767.262,100.0,-98.80604553222656
223.99597144126892,100.0,767.273,100.0,-98.8138198852539
224.02379846572876,100.0,767.258,100.0,-98.81576538085938
224.05499815940857,100.0,767.253,100.0,-98.81688690185547
224.08777356147766,100.0,767.355,100.0,-98.81999206542969
224.1191852092743,100.0,767.399,100.0,-98.82898712158203
224.15084981918335,100.0,767.442,100.0,-98.83439636230469
224.18412446975708,100.0,767.491,100.0,-98.84046173095703
224.21484088897705,100.0,767.517,100.0,-98.84492492675781
224.24698114395142,100.0,767.494,100.0,-98.85165405273438
224.2793836593628,100.0,767.498,100.0,-98.85316467285156
224.31170964241028,100.0,767.521,100.0,-98.85432434082031
224.3438539505005,100.0,767.497,100.0,-98.85591125488281
224.38385653495789,100.0,767.497,100.0,-98.85588836669922
224.41508674621582,100.0,767.506,100.0,-98.855712890625
224.43835425376892,100.0,767.574,100.0,-98.85581970214844
224.47066044807434,100.0,767.564,100.0,-98.86026000976562
224.50243639945984,100.0,767.63,100.0,-98.86378479003906
224.5344114303589,100.0,767.635,100.0,-98.86676025390625
224.56670498847961,100.0,767.674,100.0,-98.869140625
224.59923815727234,100.0,767.656,100.0,-98.87419891357422
224.63273859024048,100.0,767.692,100.0,-98.87655639648438
224.66324090957642,100.0,767.743,100.0,-98.87859344482422
224.69676566123962,100.0,767.754,100.0,-98.88526916503906
224.72693014144897,100.0,767.747,100.0,-98.88723754882812
224.75889229774475,100.0,767.769,100.0,-98.88955688476562
224.79137778282166,100.0,767.775,100.0,-98.89058685302734
224.8320243358612,100.0,767.774,100.0,-98.89251708984375
224.8635926246643,100.0,767.777,100.0,-98.89334106445312
224.8955042362213,100.0,767.896,100.0,-98.89807891845703
224.92709851264954,100.0,767.964,100.0,-98.90242767333984
224.95938539505005,100.0,767.989,100.0,-98.90853118896484
224.9957046508789,100.0,768.001,100.0,-98.91889190673828
225.02281165122986,100.0,767.999,100.0,-98.92230987548828
225.05487608909607,100.0,768.043,100.0,-98.92613983154297
225.08118844032288,100.0,768.064,100.0,-98.929443359375
225.1072118282318,100.0,768.064,100.0,-98.9327163696289
225.1549506187439,100.0,768.104,100.0,-98.93927764892578
225.1866590976715,100.0,768.123,100.0,-98.94104766845703
225.22191524505615,100.0,768.109,100.0,-98.9446792602539
225.2507607936859,100.0,768.174,100.0,-98.94815826416016
225.28340935707092,100.0,768.217,100.0,-98.95069885253906
225.3148980140686,100.0,768.269,100.0,-98.95431518554688
225.34793949127197,100.0,768.27,100.0,-98.96300506591797
225.37941074371338,100.0,768.287,100.0,-98.965576171875
225.41067147254944,100.0,768.256,100.0,-98.9681167602539
225.4457929134369,100.0,768.264,100.0,-98.96917724609375
225.47473454475403,100.0,768.271,100.0,-98.97052001953125
225.50619888305664,100.0,768.311,100.0,-98.97065734863281
225.53829336166382,100.0,768.319,100.0,-98.9723129272461
225.57035207748413,100.0,768.325,100.0,-98.97508239746094
225.60222721099854,100.0,768.359,100.0,-98.97737884521484
225.63441371917725,100.0,768.401,100.0,-98.9786605834961
225.66623640060425,100.0,768.414,100.0,-98.98167419433594
225.69938445091248,100.0,768.442,100.0,-98.98763275146484
225.7307653427124,100.0,768.464,100.0,-98.99090576171875
225.76348996162415,100.0,768.55,100.0,-98.99481964111328
225.7952492237091,100.0,768.578,100.0,-99.00471496582031
225.83011078834534,100.0,768.604,100.0,-99.00944519042969
225.86462473869324,100.0,768.588,100.0,-99.01228332519531
225.89615392684937,100.0,768.562,100.0,-99.01380157470703
225.92884516716003,100.0,768.552,100.0,-99.01409912109375
225.96060228347778,100.0,768.525,100.0,-99.0137710571289
225.99229645729065,100.0,768.512,100.0,-99.01226043701172
226.02379322052002,100.0,768.586,100.0,-99.01067352294922
226.05580949783325,100.0,768.681,100.0,-99.01211547851562
226.0878643989563,100.0,768.73,100.0,-99.01713562011719
226.12137961387634,100.0,768.702,100.0,-99.02621459960938
226.15214252471924,100.0,768.687,100.0,-99.02796936035156
226.18333649635315,100.0,768.618,100.0,-99.0273208618164
226.21610283851624,100.0,768.697,100.0,-99.02569580078125
226.24852180480957,100.0,768.755,100.0,-99.03152465820312
226.2807068824768,100.0,768.826,100.0,-99.03739929199219
226.31243777275085,100.0,768.959,100.0,-99.0430908203125
226.34725904464722,100.0,768.965,100.0,-99.05845642089844
226.3775191307068,100.0,768.985,100.0,-99.06436920166016
226.40150785446167,100.0,768.937,100.0,-99.06877136230469
226.44576859474182,100.0,768.951,100.0,-99.06887817382812
226.47755336761475,100.0,768.949,100.0,-99.07030487060547
226.50243663787842,100.0,769.019,100.0,-99.0711669921875
226.533189535141,100.0,769.086,100.0,-99.07462310791016
226.55761218070984,100.0,769.109,100.0,-99.07996368408203
226.59901881217957,100.0,769.193,100.0,-99.091552734375
226.63111662864685,100.0,769.195,100.0,-99.0970687866211
226.6633176803589,100.0,769.251,100.0,-99.10123443603516
226.6952941417694,100.0,769.221,100.0,-99.10933685302734
226.7268304824829,100.0,769.241,100.0,-99.11207580566406
226.75842547416687,100.0,769.284,100.0,-99.11632537841797
226.79084491729736,100.0,769.339,100.0,-99.11891174316406
226.822687625885,100.0,769.379,100.0,-99.1277084350586
226.8542938232422,100.0,769.379,100.0,-99.13113403320312
226.8866937160492,100.0,769.379,100.0,-99.13359069824219
226.91833090782166,100.0,769.418,100.0,-99.13735961914062
226.94913792610168,100.0,769.431,100.0,-99.14125061035156
226.98076915740967,100.0,769.487,100.0,-99.14285278320312
227.01369428634644,100.0,769.495,100.0,-99.1462631225586
227.04831051826477,100.0,769.552,100.0,-99.15328979492188
227.0764515399933,100.0,769.511,100.0,-99.15654754638672
227.1078758239746,100.0,769.511,100.0,-99.15717315673828
227.13976073265076,100.0,769.485,100.0,-99.15748596191406
227.17170667648315,100.0,769.545,100.0,-99.15807342529297
227.2124948501587,100.0,769.593,100.0,-99.16105651855469
227.23699855804443,100.0,769.636,100.0,-99.16336059570312
227.27239656448364,100.0,769.63,100.0,-99.16908264160156
227.3000385761261,100.0,769.681,100.0,-99.17284393310547
227.33301711082458,100.0,769.719,100.0,-99.17721557617188
227.36502957344055,100.0,769.83,100.0,-99.18203735351562
227.39758944511414,100.0,769.879,100.0,-99.19570922851562
227.42999005317688,100.0,769.896,100.0,-99.2016830444336
227.45954179763794,100.0,769.872,100.0,-99.20510864257812
227.49152445793152,100.0,769.897,100.0,-99.20845031738281
227.52404069900513,100.0,769.905,100.0,-99.21278381347656
227.55585932731628,100.0,769.945,100.0,-99.21431732177734
227.58849215507507,100.0,769.934,100.0,-99.21699523925781
227.61949157714844,100.0,770.003,100.0,-99.21843719482422
227.65088891983032,100.0,770.014,100.0,-99.22554016113281
227.6819407939911,100.0,770.019,100.0,-99.22877502441406
227.70036697387695,100.0,770.019,100.0,-99.23043823242188
227.73110246658325,100.0,769.992,100.0,-99.23043060302734
227.76258039474487,100.0,770.053,100.0,-99.23143768310547
227.7946355342865,100.0,770.145,100.0,-99.23345947265625
227.82952499389648,100.0,770.172,100.0,-99.24380493164062
227.85945558547974,100.0,770.186,100.0,-99.24815368652344
227.9000244140625,100.0,770.201,100.0,-99.25394439697266
227.92525696754456,100.0,770.198,100.0,-99.25614166259766
227.9484941959381,100.0,770.218,100.0,-99.25755310058594
227.98075366020203,100.0,770.243,100.0,-99.25932312011719
228.01522612571716,100.0,770.26,100.0,-99.2615966796875
228.04947519302368,100.0,770.324,100.0,-99.26765441894531
228.07981729507446,100.0,770.346,100.0,-99.27098846435547
228.11027669906616,100.0,770.395,100.0,-99.27433776855469
228.14326333999634,100.0,770.393,100.0,-99.2788314819336
228.17453527450562,100.0,770.403,100.0,-99.28482818603516
228.20711541175842,100.0,770.433,100.0,-99.28768920898438
228.2388777732849,100.0,770.467,100.0,-99.29011535644531
228.2712161540985,100.0,770.515,100.0,-99.29325866699219
228.30317282676697,100.0,770.545,100.0,-99.30197143554688
228.3351366519928,100.0,770.6,100.0,-99.3062744140625
228.36721849441528,100.0,770.576,100.0,-99.3106918334961
228.39930129051208,100.0,770.597,100.0,-99.31535339355469
228.43129134178162,100.0,770.666,100.0,-99.31996154785156
228.46354746818542,100.0,770.689,100.0,-99.3243179321289
228.4794738292694,100.0,770.724,100.0,-99.3289794921875
228.5177812576294,100.0,770.711,100.0,-99.3302230834961
228.54898715019226,100.0,770.759,100.0,-99.33306884765625
228.57511496543884,100.0,770.773,100.0,-99.33651733398438
228.6174864768982,100.0,770.819,100.0,-99.33961486816406
228.64942264556885,100.0,770.812,100.0,-99.34679412841797
228.67436242103577,100.0,770.812,100.0,-99.34870147705078
228.706476688385,100.0,770.84,100.0,-99.35089111328125
228.7379069328308,100.0,770.849,100.0,-99.35271453857422
228.77009272575378,100.0,770.883,100.0,-99.3543472290039
228.80243134498596,100.0,770.888,100.0,-99.3589096069336
228.8336033821106,100.0,770.894,100.0,-99.36058044433594
228.86617851257324,100.0,770.876,100.0,-99.3611831665039
228.89831256866455,100.0,770.92,100.0,-99.36309814453125
228.9294090270996,100.0,770.941,100.0,-99.36524963378906
228.96157240867615,100.0,770.979,100.0,-99.36839294433594
228.99402451515198,100.0,771.051,100.0,-99.37069702148438
229.02745985984802,100.0,771.067,100.0,-99.3779296875
229.0623767375946,100.0,771.07,100.0,-99.38138580322266
229.0944061279297,100.0,771.05,100.0,-99.38404846191406
229.12781143188477,100.0,771.085,100.0,-99.38612365722656
229.15890908241272,100.0,771.126,100.0,-99.387939453125
229.19129753112793,100.0,771.179,100.0,-99.39093780517578
229.22302770614624,100.0,771.17,100.0,-99.39826965332031
229.25464844703674,100.0,771.233,100.0,-99.40231323242188
229.28690934181213,100.0,771.24,100.0,-99.40601348876953
229.3243534564972,100.0,771.282,100.0,-99.41297149658203
229.3542070388794,100.0,771.282,100.0,-99.41587829589844
229.38571739196777,100.0,771.406,100.0,-99.42095184326172
229.41811847686768,100.0,771.42,100.0,-99.42694854736328
229.45093727111816,100.0,771.445,100.0,-99.43678283691406
229.48299193382263,100.0,771.414,100.0,-99.43900299072266
229.51482009887695,100.0,771.475,100.0,-99.44309997558594
229.55061888694763,100.0,771.561,100.0,-99.45201110839844
229.58354449272156,100.0,771.616,100.0,-99.45620727539062
229.61524152755737,100.0,771.627,100.0,-99.4615707397461
229.64731764793396,100.0,771.623,100.0,-99.46599578857422
229.6805715560913,100.0,771.646,100.0,-99.47296905517578
229.71241402626038,100.0,771.643,100.0,-99.47500610351562
229.7438325881958,100.0,771.645,100.0,-99.47625732421875
229.77646112442017,100.0,771.627,100.0,-99.47685241699219
229.824045419693,100.0,771.749,100.0,-99.48394012451172
229.8564329147339,100.0,771.813,100.0,-99.48944091796875
229.88788557052612,100.0,771.834,100.0,-99.49403381347656
229.91957545280457,100.0,771.823,100.0,-99.49778747558594
229.95225167274475,100.0,771.849,100.0,-99.5027084350586
229.98323726654053,100.0,771.876,100.0,-99.50572204589844
230.01695013046265,100.0,771.898,100.0,-99.50880432128906
230.05011010169983,100.0,771.921,100.0,-99.5142822265625
230.07865715026855,100.0,771.901,100.0,-99.51588439941406
230.1116771697998,100.0,771.904,100.0,-99.51611328125
230.1420180797577,100.0,771.881,100.0,-99.51626586914062
230.17661690711975,100.0,771.906,100.0,-99.51541137695312
230.20772790908813,100.0,771.984,100.0,-99.51657104492188
230.23921084403992,100.0,772.034,100.0,-99.51945495605469
230.27636742591858,100.0,772.089,100.0,-99.52911376953125
230.3028998374939,100.0,772.125,100.0,-99.53470611572266
230.33576846122742,100.0,772.118,100.0,-99.53851318359375
230.36723947525024,100.0,772.121,100.0,-99.54138946533203
230.39919805526733,100.0,772.083,100.0,-99.54352569580078
230.430846452713,100.0,772.118,100.0,-99.54481506347656
230.4628655910492,100.0,772.215,100.0,-99.54756927490234
230.49490427970886,100.0,772.291,100.0,-99.55174255371094
230.52719259262085,100.0,772.308,100.0,-99.56344604492188
230.5593183040619,100.0,772.254,100.0,-99.56521606445312
230.59090542793274,100.0,772.196,100.0,-99.5639877319336
230.62303161621094,100.0,772.214,100.0,-99.56070709228516
230.6629033088684,100.0,772.243,100.0,-99.56085205078125
230.69418573379517,100.0,772.31,100.0,-99.56206512451172
230.72584509849548,100.0,772.34,100.0,-99.56831359863281
230.7496576309204,100.0,772.34,100.0,-99.57159423828125
230.79188346862793,100.0,772.368,100.0,-99.57452392578125
230.8237063884735,100.0,772.395,100.0,-99.5805435180664
230.85632848739624,100.0,772.418,100.0,-99.5838623046875
230.88781833648682,100.0,772.487,100.0,-99.5888671875
230.92044615745544,100.0,772.51,100.0,-99.59294128417969
230.95226955413818,100.0,772.527,100.0,-99.60055541992188
230.98396253585815,100.0,772.545,100.0,-99.60397338867188
231.0158486366272,100.0,772.697,100.0,-99.61104583740234
231.04679250717163,100.0,772.725,100.0,-99.61814880371094
231.07929491996765,100.0,772.767,100.0,-99.63125610351562
231.1127541065216,100.0,772.717,100.0,-99.63406372070312
231.1445870399475,100.0,772.731,100.0,-99.63602447509766
231.1789209842682,100.0,772.773,100.0,-99.63980102539062
231.21135711669922,100.0,772.816,100.0,-99.64224243164062
231.24123454093933,100.0,772.791,100.0,-99.645751953125
231.27267503738403,100.0,772.781,100.0,-99.64723205566406
231.3050880432129,100.0,772.751,100.0,-99.64833068847656
231.33710432052612,100.0,772.778,100.0,-99.64704895019531
231.36898851394653,100.0,772.792,100.0,-99.64704895019531
231.40138459205627,100.0,772.747,100.0,-99.64583587646484
231.43279147148132,100.0,772.849,100.0,-99.64871215820312
231.503258228302,100.0,772.852,100.0,-99.6534423828125
231.5278754234314,100.0,772.882,100.0,-99.654296875
231.5601077079773,100.0,772.958,100.0,-99.65612030029297
231.59234642982483,100.0,773.024,100.0,-99.6606216430664
231.62752985954285,100.0,773.057,100.0,-99.67279815673828
231.65611815452576,100.0,773.095,100.0,-99.67892456054688
231.68412137031555,100.0,773.124,100.0,-99.6842269897461
231.71473670005798,100.0,773.178,100.0,-99.68867492675781
231.7471146583557,100.0,773.209,100.0,-99.6942138671875
231.7790355682373,100.0,773.211,100.0,-99.70372009277344
231.8107795715332,100.0,773.181,100.0,-99.7054443359375
231.84290957450867,100.0,773.228,100.0,-99.70730590820312
231.87588739395142,100.0,773.289,100.0,-99.71160125732422
231.9066436290741,100.0,773.306,100.0,-99.71537017822266
231.9388108253479,100.0,773.342,100.0,-99.71883392333984
231.9713318347931,100.0,773.384,100.0,-99.72285461425781
232.0020899772644,100.0,773.423,100.0,-99.73130798339844
232.03410625457764,100.0,773.446,100.0,-99.73538208007812
232.06599044799805,100.0,773.453,100.0,-99.73931121826172
232.10251355171204,100.0,773.504,100.0,-99.74685668945312
232.13019347190857,100.0,773.54,100.0,-99.75157928466797
232.16374111175537,100.0,773.532,100.0,-99.755126953125
232.18576788902283,100.0,773.532,100.0,-99.75725555419922
232.22735786437988,100.0,773.555,100.0,-99.76106262207031
232.2599582672119,100.0,773.6,100.0,-99.76416015625
232.29208135604858,100.0,773.62,100.0,-99.76722717285156
232.30733728408813,100.0,773.645,100.0,-99.76941680908203
232.3395676612854,100.0,773.686,100.0,-99.77198791503906
232.37169361114502,100.0,773.69,100.0,-99.77552795410156
232.40539503097534,100.0,773.724,100.0,-99.78115844726562
232.43646097183228,100.0,773.742,100.0,-99.78372192382812
232.4680519104004,100.0,773.768,100.0,-99.78629302978516
232.5028567314148,100.0,773.767,100.0,-99.791259765625
232.53221702575684,100.0,773.802,100.0,-99.79415893554688
232.56453227996826,100.0,773.887,100.0,-99.79825592041016
232.59681272506714,100.0,773.936,100.0,-99.80282592773438
232.6297492980957,100.0,773.921,100.0,-99.8116455078125
232.66113948822021,100.0,773.92,100.0,-99.81405639648438
232.69283366203308,100.0,773.961,100.0,-99.81696319580078
232.7284233570099,100.0,774.041,100.0,-99.82471466064453
232.75225067138672,100.0,774.084,100.0,-99.83035278320312
232.77718210220337,100.0,774.124,100.0,-99.83621215820312
232.80970120429993,100.0,774.135,100.0,-99.84101867675781
232.84996581077576,100.0,774.1,100.0,-99.84344482421875
232.88160967826843,100.0,774.109,100.0,-99.84556579589844
232.92215752601624,100.0,774.09,100.0,-99.84639739990234
232.95482802391052,100.0,774.129,100.0,-99.84636688232422
232.9858365058899,100.0,774.148,100.0,-99.84738159179688
233.01799941062927,100.0,774.187,100.0,-99.84881591796875
233.0502643585205,100.0,774.212,100.0,-99.85142517089844
233.0816535949707,100.0,774.249,100.0,-99.85759735107422
233.11382794380188,100.0,774.258,100.0,-99.86042022705078
233.14615035057068,100.0,774.275,100.0,-99.86284637451172
233.17934584617615,100.0,774.261,100.0,-99.86647033691406
233.21023058891296,100.0,774.279,100.0,-99.86800384521484
233.24267053604126,100.0,774.369,100.0,-99.86955261230469
233.2740581035614,100.0,774.404,100.0,-99.87390899658203
233.29266905784607,100.0,774.436,100.0,-99.87861633300781
233.32503986358643,100.0,774.445,100.0,-99.88346099853516
233.35709404945374,100.0,774.434,100.0,-99.88990783691406
233.3892183303833,100.0,774.415,100.0,-99.89086151123047
233.42081713676453,100.0,774.478,100.0,-99.8930435180664
233.453115940094,100.0,774.516,100.0,-99.89750671386719
233.48494338989258,100.0,774.57,100.0,-99.90040588378906
233.51634550094604,100.0,774.564,100.0,-99.90476989746094
233.5484127998352,100.0,774.573,100.0,-99.90775299072266
233.5767593383789,100.0,774.593,100.0,-99.9129409790039
233.6174681186676,100.0,774.68,100.0,-99.91614532470703
233.6478865146637,100.0,774.694,100.0,-99.92082977294922
233.68012070655823,100.0,774.72,100.0,-99.92897033691406
233.71340036392212,100.0,774.734,100.0,-99.93241882324219
233.74431705474854,100.0,774.783,100.0,-99.93505096435547
233.77706098556519,100.0,774.777,100.0,-99.94158935546875
233.81053018569946,100.0,774.836,100.0,-99.9459228515625
233.84229230880737,100.0,774.863,100.0,-99.94877624511719
233.87391877174377,100.0,774.916,100.0,-99.95228576660156
233.90564107894897,100.0,774.95,100.0,-99.96199035644531
233.93827271461487,100.0,774.952,100.0,-99.9657211303711
233.97002625465393,100.0,774.967,100.0,-99.96904754638672
234.00233912467957,100.0,775.022,100.0,-99.97395324707031
234.03384947776794,100.0,775.044,100.0,-99.97718811035156
234.06597113609314,100.0,775.085,100.0,-99.98043823242188
234.09788393974304,100.0,775.085,100.0,-99.9843521118164
234.12974381446838,100.0,775.127,100.0,-99.9898681640625
234.16187524795532,100.0,775.134,100.0,-99.99189758300781
234.19448804855347,100.0,775.142,100.0,-99.99352264404297
234.2249948978424,100.0,775.182,100.0,-99.99481964111328
234.2550985813141,100.0,775.199,100.0,-99.99668884277344
234.276762008667,100.0,775.26,100.0,-99.99735260009766
234.3299207687378,100.0,775.29,100.0,-99.9983139038086
234.37890243530273,100.0,775.319,100.0,-99.9989242553711
234.40601468086243,100.0,775.357,100.0,-99.99913787841797
234.4379518032074,100.0,775.372,100.0,-99.99931335449219
234.4692976474762,100.0,775.397,100.0,-99.99945068359375
234.50140500068665,100.0,775.43,100.0,-99.9996566772461
234.53316116333008,100.0,775.428,100.0,-99.99972534179688
234.5663332939148,100.0,775.437,100.0,-99.9997787475586
234.59860920906067,100.0,775.461,100.0,-99.99982452392578
234.62993931770325,100.0,775.524,100.0,-99.99989318847656
234.66148948669434,100.0,775.567,100.0,-99.99991607666016
234.69363689422607,100.0,775.587,100.0,-99.99993133544922
234.72572493553162,100.0,775.623,100.0,-99.99994659423828
234.75827407836914,100.0,775.665,100.0,-99.99996948242188
234.79008889198303,100.0,775.689,100.0,-99.9999771118164
234.82345986366272,100.0,775.717,100.0,-99.99998474121094
234.85482048988342,100.0,775.714,100.0,-99.99999237060547
234.90833640098572,100.0,775.776,100.0,-99.99999237060547
234.94009613990784,100.0,775.795,100.0,-99.99999237060547
234.97156524658203,100.0,775.843,100.0,-99.99999237060547
235.01233792304993,100.0,775.888,100.0,-99.99999237060547
235.04732608795166,100.0,775.885,100.0,-99.99999237060547
235.08583760261536,100.0,775.911,100.0,-99.99999237060547
235.117858171463,100.0,775.916,100.0,-99.99999237060547
235.15020942687988,100.0,775.977,100.0,-99.99999237060547
235.18201994895935,100.0,776.034,100.0,-99.99999237060547
235.23073649406433,100.0,775.999,100.0,-99.99999237060547
235.26232147216797,100.0,776.058,100.0,-99.99999237060547
235.2939727306366,100.0,776.061,100.0,-99.99999237060547
235.3268084526062,100.0,776.05,100.0,-99.99999237060547
235.35891723632812,100.0,775.99,100.0,-99.99999237060547
235.39103603363037,100.0,776.034,100.0,-99.99999237060547
235.4260139465332,100.0,776.112,100.0,-99.99999237060547
235.458411693573,100.0,776.102,100.0,-99.99999237060547
235.48933243751526,100.0,776.081,100.0,-99.99999237060547
235.52154970169067,100.0,776.064,100.0,-99.99999237060547
235.55398750305176,100.0,776.126,100.0,-99.99999237060547
235.586434841156,100.0,776.206,100.0,-99.99999237060547
235.61792993545532,100.0,776.214,100.0,-99.99999237060547
235.6498682498932,100.0,776.201,100.0,-99.99999237060547
235.68172454833984,100.0,776.208,100.0,-99.99999237060547
235.71430492401123,100.0,776.215,100.0,-99.99999237060547
235.73126125335693,100.0,776.22,100.0,-99.99999237060547
235.76835680007935,100.0,776.244,100.0,-99.99999237060547
235.79974794387817,100.0,776.242,100.0,-99.99999237060547
235.83207869529724,100.0,776.3,100.0,-99.99999237060547
235.8575758934021,100.0,776.324,100.0,-99.99999237060547
235.88926792144775,100.0,776.344,100.0,-99.99999237060547
235.92194724082947,100.0,776.408,100.0,-99.99999237060547
235.9627935886383,100.0,776.383,100.0,-99.99999237060547
235.99340510368347,100.0,776.403,100.0,-99.99999237060547
236.0268270969391,100.0,776.452,100.0,-99.99999237060547
236.04207348823547,100.0,776.488,100.0,-99.99999237060547
236.0747368335724,100.0,776.573,100.0,-99.99999237060547
236.1068766117096,100.0,776.597,100.0,-99.99999237060547
236.13862109184265,100.0,776.542,100.0,-99.99999237060547
236.17071890830994,100.0,776.489,100.0,-99.99999237060547
236.20560598373413,100.0,776.52,100.0,-99.99999237060547
236.23535585403442,100.0,776.536,100.0,-99.99999237060547
236.26732206344604,100.0,776.53,100.0,-99.99999237060547
236.29840850830078,100.0,776.531,100.0,-99.99999237060547
236.333336353302,100.0,776.598,100.0,-99.99999237060547
236.3615140914917,100.0,776.669,100.0,-99.99999237060547
236.39478206634521,100.0,776.724,100.0,-99.99999237060547
236.4351043701172,100.0,776.762,100.0,-99.99999237060547
236.47808694839478,100.0,776.794,100.0,-99.99999237060547
236.50182700157166,100.0,776.829,100.0,-99.99999237060547
236.53325009346008,100.0,776.891,100.0,-99.99999237060547
236.56608152389526,100.0,776.945,100.0,-99.99999237060547
236.5975377559662,100.0,776.948,100.0,-99.99999237060547
236.63194632530212,100.0,776.969,100.0,-99.99999237060547
236.6625018119812,100.0,776.991,100.0,-99.99999237060547
236.69482684135437,100.0,777.046,100.0,-99.99999237060547
236.72623443603516,100.0,777.117,100.0,-99.99999237060547
236.75869917869568,100.0,777.086,100.0,-99.99999237060547
236.79107642173767,100.0,777.103,100.0,-99.99999237060547
236.82301592826843,100.0,777.106,100.0,-99.99999237060547
236.83862042427063,100.0,777.159,100.0,-99.99999237060547
236.87089467048645,100.0,777.186,100.0,-99.99999237060547
236.9026358127594,100.0,777.173,100.0,-99.99999237060547
236.93504691123962,100.0,777.191,100.0,-99.99999237060547
236.9666769504547,100.0,777.211,100.0,-99.99999237060547
236.99966049194336,100.0,777.242,100.0,-99.99999237060547
237.03270196914673,100.0,777.265,100.0,-99.99999237060547
237.0645501613617,100.0,777.285,100.0,-99.99999237060547
237.0968451499939,100.0,777.295,100.0,-99.99999237060547
237.1286747455597,100.0,777.333,100.0,-99.99999237060547
237.15653467178345,100.0,777.325,100.0,-99.99999237060547
237.19816994667053,100.0,777.405,100.0,-99.99999237060547
237.22138690948486,100.0,777.405,100.0,-99.99999237060547
237.25273728370667,100.0,777.54,100.0,-99.99999237060547
237.28453135490417,100.0,777.572,100.0,-99.99999237060547
237.31629371643066,100.0,777.573,100.0,-99.99999237060547
237.34810495376587,100.0,777.56,100.0,-99.99999237060547
237.37855291366577,100.0,777.606,100.0,-99.99999237060547
237.41075348854065,100.0,777.679,100.0,-99.99999237060547
237.44356751441956,100.0,777.74,100.0,-99.99999237060547
237.4753851890564,100.0,777.748,100.0,-99.99999237060547
237.5090172290802,100.0,777.811,100.0,-99.99999237060547
237.53277564048767,100.0,777.826,100.0,-99.99999237060547
237.564683675766,100.0,777.834,100.0,-99.99999237060547
237.59756636619568,100.0,777.861,100.0,-99.99999237060547
237.62876677513123,100.0,777.856,100.0,-99.99999237060547
237.66022324562073,100.0,777.857,100.0,-99.99999237060547
237.69190073013306,100.0,777.883,100.0,-99.99999237060547
237.72376203536987,100.0,777.902,100.0,-99.99999237060547
237.75863981246948,100.0,777.917,100.0,-99.99999237060547
237.7883951663971,100.0,777.906,100.0,-99.99999237060547
237.82805609703064,100.0,777.946,100.0,-99.99999237060547
237.86573219299316,100.0,777.941,100.0,-99.99999237060547
237.9016556739807,100.0,778.031,100.0,-99.99999237060547
237.93446564674377,100.0,778.048,100.0,-99.99999237060547
237.9650490283966,100.0,778.097,100.0,-99.99999237060547
237.9968831539154,100.0,778.071,100.0,-99.99999237060547
238.02833151817322,100.0,778.098,100.0,-99.99999237060547
238.06238174438477,100.0,778.088,100.0,-99.99999237060547
238.0988211631775,100.0,778.1,100.0,-99.99999237060547
238.13563561439514,100.0,778.135,100.0,-99.99999237060547
238.16278338432312,100.0,778.137,100.0,-99.99999237060547
238.1946301460266,100.0,778.172,100.0,-99.99999237060547
238.22646617889404,100.0,778.207,100.0,-99.99999237060547
238.2582666873932,100.0,778.23,100.0,-99.99999237060547
238.29042744636536,100.0,778.297,100.0,-99.99999237060547
238.32347464561462,100.0,778.351,100.0,-99.99999237060547
238.3543028831482,100.0,778.38,100.0,-99.99999237060547
238.38653779029846,100.0,778.374,100.0,-99.99999237060547
238.41959714889526,100.0,778.398,100.0,-99.99999237060547
238.44953608512878,100.0,778.388,100.0,-99.99999237060547
238.4828429222107,100.0,778.38,100.0,-99.99999237060547
238.51565742492676,100.0,778.392,100.0,-99.99999237060547
238.55143308639526,100.0,778.415,100.0,-99.99999237060547
238.59097146987915,100.0,778.411,100.0,-99.99999237060547
238.63400030136108,100.0,778.447,100.0,-99.99999237060547
238.66240239143372,100.0,778.475,100.0,-99.99999237060547
238.69553565979004,100.0,778.514,100.0,-99.99999237060547
238.72791147232056,100.0,778.526,100.0,-99.99999237060547
238.75970602035522,100.0,778.511,100.0,-99.99999237060547
238.79220914840698,100.0,778.51,100.0,-99.99999237060547
238.81070113182068,100.0,778.502,100.0,-99.99999237060547
238.83944416046143,100.0,778.493,100.0,-99.99999237060547
238.87150621414185,100.0,778.506,100.0,-99.99999237060547
238.90342092514038,100.0,778.568,100.0,-99.99999237060547
238.93499112129211,100.0,778.615,100.0,-99.99999237060547
238.96875,100.0,778.624,100.0,-99.99999237060547
239.00038814544678,100.0,778.684,100.0,-99.99999237060547
239.0365846157074,100.0,778.756,100.0,-99.99999237060547
239.06451416015625,100.0,778.762,100.0,-99.99999237060547
239.0968680381775,100.0,778.76,100.0,-99.99999237060547
239.12774085998535,100.0,778.808,100.0,-99.99999237060547
239.15952897071838,100.0,778.777,100.0,-99.99999237060547
239.1926040649414,100.0,778.829,100.0,-99.99999237060547
239.22535681724548,100.0,778.842,100.0,-99.99999237060547
239.2476999759674,100.0,778.869,100.0,-99.99999237060547
239.2769069671631,100.0,778.936,100.0,-99.99999237060547
239.31822109222412,100.0,778.925,100.0,-99.99999237060547
239.34890127182007,100.0,778.952,100.0,-99.99999237060547
239.3817000389099,100.0,778.957,100.0,-99.99999237060547
239.4146535396576,100.0,779.008,100.0,-99.99999237060547
239.44691157341003,100.0,779.074,100.0,-99.99999237060547
239.47831845283508,100.0,779.097,100.0,-99.99999237060547
239.5103850364685,100.0,779.151,100.0,-99.99999237060547
239.5421142578125,100.0,779.185,100.0,-99.99999237060547
239.5736165046692,100.0,779.203,100.0,-99.99999237060547
239.60525608062744,100.0,779.249,100.0,-99.99999237060547
239.63861346244812,100.0,779.326,100.0,-99.99999237060547
239.68177795410156,100.0,779.376,100.0,-99.99999237060547
239.69774842262268,100.0,779.407,100.0,-99.99999237060547
239.73103499412537,100.0,779.372,100.0,-99.99999237060547
239.76233172416687,100.0,779.399,100.0,-99.99999237060547
239.79491877555847,100.0,779.413,100.0,-99.99999237060547
239.82637643814087,100.0,779.472,100.0,-99.99999237060547
239.85873770713806,100.0,779.443,100.0,-99.99999237060547
239.89196038246155,100.0,779.459,100.0,-99.99999237060547
239.9232497215271,100.0,779.465,100.0,-99.99999237060547
239.96416449546814,100.0,779.464,100.0,-99.99999237060547
240.01968669891357,100.0,779.542,100.0,-99.99999237060547
240.0506420135498,100.0,779.56,100.0,-99.99999237060547
240.0831458568573,100.0,779.579,100.0,-99.99999237060547
240.11444854736328,100.0,779.624,100.0,-99.99999237060547
240.14668726921082,100.0,779.614,100.0,-99.99999237060547
240.1808478832245,100.0,779.617,100.0,-99.99999237060547
240.21092534065247,100.0,779.608,100.0,-99.99999237060547
240.24292731285095,100.0,779.665,100.0,-99.99999237060547
240.27514219284058,100.0,779.679,100.0,-99.99999237060547
240.30841326713562,100.0,779.695,100.0,-99.99999237060547
240.33896493911743,100.0,779.739,100.0,-99.99999237060547
240.370596408844,100.0,779.836,100.0,-99.99999237060547
240.40242648124695,100.0,779.885,100.0,-99.99999237060547
240.4371464252472,100.0,779.884,100.0,-99.99999237060547
240.4669165611267,100.0,779.92,100.0,-99.99999237060547
240.4988808631897,100.0,779.922,100.0,-99.99999237060547
240.53048658370972,100.0,779.971,100.0,-99.99999237060547
240.56243014335632,100.0,779.991,100.0,-99.99999237060547
240.59381985664368,100.0,780.004,100.0,-99.99999237060547
240.62614846229553,100.0,780.021,100.0,-99.99999237060547
240.6615698337555,100.0,780.016,100.0,-99.99999237060547
240.69938802719116,100.0,780.013,100.0,-99.99999237060547
240.74320149421692,100.0,780.057,100.0,-99.99999237060547
240.7738802433014,100.0,780.103,100.0,-99.99999237060547
240.80629539489746,100.0,780.097,100.0,-99.99999237060547
240.83819127082825,100.0,780.09,100.0,-99.99999237060547
240.87099170684814,100.0,780.06,100.0,-99.99999237060547
240.9025387763977,100.0,780.094,100.0,-99.99999237060547
240.93445897102356,100.0,780.134,100.0,-99.99999237060547
240.96664261817932,100.0,780.195,100.0,-99.99999237060547
240.99847149848938,100.0,780.236,100.0,-99.99999237060547
241.02987265586853,100.0,780.252,100.0,-99.99999237060547
241.0626826286316,100.0,780.265,100.0,-99.99999237060547
241.09502696990967,100.0,780.26,100.0,-99.99999237060547
241.12667894363403,100.0,780.236,100.0,-99.99999237060547
241.1590416431427,100.0,780.293,100.0,-99.99999237060547
241.19122958183289,100.0,780.351,100.0,-99.99999237060547
241.22417330741882,100.0,780.402,100.0,-99.99999237060547
241.2577817440033,100.0,780.417,100.0,-99.99999237060547
241.29022932052612,100.0,780.436,100.0,-99.99999237060547
241.32291984558105,100.0,780.407,100.0,-99.99999237060547
241.35472178459167,100.0,780.432,100.0,-99.99999237060547
241.38664746284485,100.0,780.456,100.0,-99.99999237060547
241.42014122009277,100.0,780.499,100.0,-99.99999237060547
241.45142793655396,100.0,780.492,100.0,-99.99999237060547
241.49939441680908,100.0,780.566,100.0,-99.99999237060547
241.53163051605225,100.0,780.6,100.0,-99.99999237060547
241.56329011917114,100.0,780.678,100.0,-99.99999237060547
241.59489798545837,100.0,780.724,100.0,-99.99999237060547
241.62711000442505,100.0,780.75,100.0,-99.99999237060547
241.65885138511658,100.0,780.824,100.0,-99.99999237060547
241.69154524803162,100.0,780.828,100.0,-99.99999237060547
241.724116563797,100.0,780.818,100.0,-99.99999237060547
241.75600385665894,100.0,780.816,100.0,-99.99999237060547
241.79947113990784,100.0,780.82,100.0,-99.99999237060547
241.83097124099731,100.0,780.816,100.0,-99.99999237060547
241.86396074295044,100.0,780.861,100.0,-99.99999237060547
241.8962700366974,100.0,780.896,100.0,-99.99999237060547
241.92734122276306,100.0,780.922,100.0,-99.99999237060547
241.96368288993835,100.0,780.929,100.0,-99.99999237060547
241.9912941455841,100.0,780.959,100.0,-99.99999237060547
242.02387022972107,100.0,781.021,100.0,-99.99999237060547
242.05465626716614,100.0,781.056,100.0,-99.99999237060547
242.0883915424347,100.0,781.047,100.0,-99.99999237060547
242.11911964416504,100.0,781.03,100.0,-99.99999237060547
242.15176630020142,100.0,781.01,100.0,-99.99999237060547
242.18968081474304,100.0,781.057,100.0,-99.99999237060547
242.21871733665466,100.0,781.082,100.0,-99.99999237060547
242.25132608413696,100.0,781.091,100.0,-99.99999237060547
242.2826282978058,100.0,781.04,100.0,-99.99999237060547
242.3147304058075,100.0,781.081,100.0,-99.99999237060547
242.34695839881897,100.0,781.091,100.0,-99.99999237060547
242.37963914871216,100.0,781.186,100.0,-99.99999237060547
242.4148349761963,100.0,781.174,100.0,-99.99999237060547
242.44401836395264,100.0,781.186,100.0,-99.99999237060547
242.4748284816742,100.0,781.207,100.0,-99.99999237060547
242.50686645507812,100.0,781.25,100.0,-99.99999237060547
242.53797125816345,100.0,781.292,100.0,-99.99999237060547
242.57046794891357,100.0,781.36,100.0,-99.99999237060547
242.60244727134705,100.0,781.395,100.0,-99.99999237060547
242.63407373428345,100.0,781.419,100.0,-99.99999237060547
242.66590881347656,100.0,781.403,100.0,-99.99999237060547
242.69714283943176,100.0,781.409,100.0,-99.99999237060547
242.72883462905884,100.0,781.435,100.0,-99.99999237060547
242.7603714466095,100.0,781.496,100.0,-99.99999237060547
242.7924840450287,100.0,781.515,100.0,-99.99999237060547
242.82301926612854,100.0,781.551,100.0,-99.99999237060547
242.86783933639526,100.0,781.538,100.0,-99.99999237060547
242.89976477622986,100.0,781.55,100.0,-99.99999237060547
242.9395785331726,100.0,781.558,100.0,-99.99999237060547
242.97102189064026,100.0,781.602,100.0,-99.99999237060547
243.003178358078,100.0,781.636,100.0,-99.99999237060547
243.0349304676056,100.0,781.651,100.0,-99.99999237060547
243.06785821914673,100.0,781.668,100.0,-99.99999237060547
243.0970401763916,100.0,781.712,100.0,-99.99999237060547
243.1291642189026,100.0,781.767,100.0,-99.99999237060547
243.16112518310547,100.0,781.789,100.0,-99.99999237060547
243.19341325759888,100.0,781.779,100.0,-99.99999237060547
243.22515177726746,100.0,781.8,100.0,-99.99999237060547
243.25713562965393,100.0,781.798,100.0,-99.99999237060547
243.29087495803833,100.0,781.885,100.0,-99.99999237060547
243.32165813446045,100.0,781.898,100.0,-99.99999237060547
243.34999346733093,100.0,781.92,100.0,-99.99999237060547
243.38262557983398,100.0,781.908,100.0,-99.99999237060547
243.41477847099304,100.0,781.916,100.0,-99.99999237060547
243.44655799865723,100.0,781.903,100.0,-99.99999237060547
243.47916626930237,100.0,781.916,100.0,-99.99999237060547
243.51133060455322,100.0,781.939,100.0,-99.99999237060547
243.54327058792114,100.0,781.995,100.0,-99.99999237060547
243.58354258537292,100.0,782.115,100.0,-99.99999237060547
243.6165030002594,100.0,782.147,100.0,-99.99999237060547
243.64026856422424,100.0,782.144,100.0,-99.99999237060547
243.67137908935547,100.0,782.159,100.0,-99.99999237060547
243.70356392860413,100.0,782.163,100.0,-99.99999237060547
243.7364935874939,100.0,782.152,100.0,-99.99999237060547
243.76770544052124,100.0,782.155,100.0,-99.99999237060547
243.79840207099915,100.0,782.119,100.0,-99.99999237060547
243.83103108406067,100.0,782.156,100.0,-99.99999237060547
243.86342549324036,100.0,782.232,100.0,-99.99999237060547
243.89622330665588,100.0,782.267,100.0,-99.99999237060547
243.92540407180786,100.0,782.301,100.0,-99.99999237060547
243.94972252845764,100.0,782.349,100.0,-99.99999237060547
243.98231554031372,100.0,782.38,100.0,-99.99999237060547
244.01620292663574,100.0,782.362,100.0,-99.99999237060547
244.04568672180176,100.0,782.393,100.0,-99.99999237060547
244.07824659347534,100.0,782.406,100.0,-99.99999237060547
244.10991263389587,100.0,782.432,100.0,-99.99999237060547
244.14278173446655,100.0,782.424,100.0,-99.99999237060547
244.17398953437805,100.0,782.449,100.0,-99.99999237060547
244.20558142662048,100.0,782.492,100.0,-99.99999237060547
244.24109840393066,100.0,782.532,100.0,-99.99999237060547
244.26851296424866,100.0,782.537,100.0,-99.99999237060547
244.31031799316406,100.0,782.557,100.0,-99.99999237060547
244.3417785167694,100.0,782.586,100.0,-99.99999237060547
244.37317967414856,100.0,782.632,100.0,-99.99999237060547
244.40625762939453,100.0,782.637,100.0,-99.99999237060547
244.45709776878357,100.0,782.629,100.0,-99.99999237060547
244.4883165359497,100.0,782.612,100.0,-99.99999237060547
244.52032566070557,100.0,782.632,100.0,-99.99999237060547
244.55254912376404,100.0,782.706,100.0,-99.99999237060547
244.5843060016632,100.0,782.715,100.0,-99.99999237060547
244.61812233924866,100.0,782.738,100.0,-99.99999237060547
244.64919424057007,100.0,782.779,100.0,-99.99999237060547
244.68065094947815,100.0,782.759,100.0,-99.99999237060547
244.71265411376953,100.0,782.781,100.0,-99.99999237060547
244.74502110481262,100.0,782.771,100.0,-99.99999237060547
244.7763271331787,100.0,782.833,100.0,-99.99999237060547
244.80900311470032,100.0,782.871,100.0,-99.99999237060547
244.85506010055542,100.0,782.899,100.0,-99.99999237060547
244.88712239265442,100.0,782.899,100.0,-99.99999237060547
244.91791343688965,100.0,782.894,100.0,-99.99999237060547
244.9498074054718,100.0,782.93,100.0,-99.99999237060547
244.98433876037598,100.0,782.952,100.0,-99.99999237060547
245.01732420921326,100.0,782.992,100.0,-99.99999237060547
245.04374384880066,100.0,782.986,100.0,-99.99999237060547
245.0931785106659,100.0,782.984,100.0,-99.99999237060547
245.1223225593567,100.0,783.045,100.0,-99.99999237060547
245.15378618240356,100.0,783.038,100.0,-99.99999237060547
245.1852490901947,100.0,783.1,100.0,-99.99999237060547
245.21764492988586,100.0,783.098,100.0,-99.99999237060547
245.24905490875244,100.0,783.11,100.0,-99.99999237060547
245.27633500099182,100.0,783.164,100.0,-99.99999237060547
245.3127100467682,100.0,783.195,100.0,-99.99999237060547
245.3450949192047,100.0,783.222,100.0,-99.99999237060547
245.37842988967896,100.0,783.193,100.0,-99.99999237060547
245.409832239151,100.0,783.168,100.0,-99.99999237060547
245.44278025627136,100.0,783.163,100.0,-99.99999237060547
245.47592449188232,100.0,783.195,100.0,-99.99999237060547
245.50895857810974,100.0,783.255,100.0,-99.99999237060547
245.54425311088562,100.0,783.304,100.0,-99.99999237060547
245.57287979125977,100.0,783.338,100.0,-99.99999237060547
245.62029194831848,100.0,783.352,100.0,-99.99999237060547
245.65250945091248,100.0,783.355,100.0,-99.99999237060547
245.68458533287048,100.0,783.327,100.0,-99.99999237060547
245.7193946838379,100.0,783.326,100.0,-99.99999237060547
245.7493860721588,100.0,783.444,100.0,-99.99999237060547
245.78466629981995,100.0,783.532,100.0,-99.99999237060547
245.80864334106445,100.0,783.549,100.0,-99.99999237060547
245.84169578552246,100.0,783.568,100.0,-99.99999237060547
245.87358856201172,100.0,783.579,100.0,-99.99999237060547
245.90445733070374,100.0,783.581,100.0,-99.99999237060547
245.93644452095032,100.0,783.662,100.0,-99.99999237060547
245.96953439712524,100.0,783.672,100.0,-99.99999237060547
246.00007843971252,100.0,783.702,100.0,-99.99999237060547
246.0283739566803,100.0,783.713,100.0,-99.99999237060547
246.05903005599976,100.0,783.74,100.0,-99.99999237060547
246.09190726280212,100.0,783.79,100.0,-99.99999237060547
246.1238305568695,100.0,783.818,100.0,-99.99999237060547
246.15592908859253,100.0,783.872,100.0,-99.99999237060547
246.18842101097107,100.0,783.88,100.0,-99.99999237060547
246.2207226753235,100.0,783.887,100.0,-99.99999237060547
246.25261425971985,100.0,783.866,100.0,-99.99999237060547
246.28386187553406,100.0,783.884,100.0,-99.99999237060547
246.31620979309082,100.0,783.913,100.0,-99.99999237060547
246.34952592849731,100.0,783.932,100.0,-99.99999237060547
246.38057041168213,100.0,783.952,100.0,-99.99999237060547
246.41253781318665,100.0,783.938,100.0,-99.99999237060547
246.44567966461182,100.0,783.967,100.0,-99.99999237060547
246.46914768218994,100.0,784.008,100.0,-99.99999237060547
246.508065700531,100.0,784.066,100.0,-99.99999237060547
246.54968118667603,100.0,784.051,100.0,-99.99999237060547
246.5826117992401,100.0,784.063,100.0,-99.99999237060547
246.6142385005951,100.0,784.175,100.0,-99.99999237060547
246.6463897228241,100.0,784.26,100.0,-99.99999237060547
246.67914748191833,100.0,784.26,100.0,-99.99999237060547
246.70986676216125,100.0,784.295,100.0,-99.99999237060547
246.74172806739807,100.0,784.358,100.0,-99.99999237060547
246.77370142936707,100.0,784.361,100.0,-99.99999237060547
246.8052201271057,100.0,784.314,100.0,-99.99999237060547
246.837096452713,100.0,784.309,100.0,-99.99999237060547
246.871586561203,100.0,784.302,100.0,-99.99999237060547
246.90149879455566,100.0,784.381,100.0,-99.99999237060547
246.93278074264526,100.0,784.43,100.0,-99.99999237060547
246.96325254440308,100.0,784.442,100.0,-99.99999237060547
246.97974967956543,100.0,784.46,100.0,-99.99999237060547
247.01256847381592,100.0,784.475,100.0,-99.99999237060547
247.04360270500183,100.0,784.471,100.0,-99.99999237060547
247.07635736465454,100.0,784.482,100.0,-99.99999237060547
247.10806608200073,100.0,784.533,100.0,-99.99999237060547
247.1495225429535,100.0,784.533,100.0,-99.99999237060547
247.17331051826477,100.0,784.623,100.0,-99.99999237060547
247.21548557281494,100.0,784.686,100.0,-99.99999237060547
247.24569821357727,100.0,784.742,100.0,-99.99999237060547
247.2784993648529,100.0,784.723,100.0,-99.99999237060547
247.31042671203613,100.0,784.723,100.0,-99.99999237060547
247.3459928035736,100.0,784.857,100.0,-99.99999237060547
247.37437987327576,100.0,784.916,100.0,-99.99999237060547
247.40677618980408,100.0,784.938,100.0,-99.99999237060547
247.43884468078613,100.0,784.955,100.0,-99.99999237060547
247.47180271148682,100.0,784.927,100.0,-99.99999237060547
247.50322771072388,100.0,784.912,100.0,-99.99999237060547
247.53579950332642,100.0,784.928,100.0,-99.99999237060547
247.57130241394043,100.0,784.959,100.0,-99.99999237060547
247.60002899169922,100.0,784.947,100.0,-99.99999237060547
247.62635445594788,100.0,784.997,100.0,-99.99999237060547
247.65730595588684,100.0,785.045,100.0,-99.99999237060547
247.68960809707642,100.0,785.095,100.0,-99.99999237060547
247.72135043144226,100.0,785.081,100.0,-99.99999237060547
247.75261092185974,100.0,785.088,100.0,-99.99999237060547
247.7821168899536,100.0,785.119,100.0,-99.99999237060547
247.80750465393066,100.0,785.112,100.0,-99.99999237060547
247.84751534461975,100.0,785.093,100.0,-99.99999237060547
247.8728392124176,100.0,785.058,100.0,-99.99999237060547
247.90628504753113,100.0,785.091,100.0,-99.99999237060547
247.93763303756714,100.0,785.104,100.0,-99.99999237060547
247.96756410598755,100.0,785.078,100.0,-99.99999237060547
248.0019543170929,100.0,785.133,100.0,-99.99999237060547
248.03372955322266,100.0,785.114,100.0,-99.99999237060547
248.06632041931152,100.0,785.14,100.0,-99.99999237060547
248.09803223609924,100.0,785.129,100.0,-99.99999237060547
248.12265610694885,100.0,785.15,100.0,-99.99999237060547
248.16543292999268,100.0,785.19,100.0,-99.99999237060547
248.19864583015442,100.0,785.258,100.0,-99.99999237060547
248.22977375984192,100.0,785.271,100.0,-99.99999237060547
248.24813866615295,100.0,785.266,100.0,-99.99999237060547
248.27706909179688,100.0,785.292,100.0,-99.99999237060547
248.30966901779175,100.0,785.269,100.0,-99.99999237060547
248.34229683876038,100.0,785.308,100.0,-99.99999237060547
248.3745152950287,100.0,785.315,100.0,-99.99999237060547
248.4065933227539,100.0,785.328,100.0,-99.99999237060547
248.4393150806427,100.0,785.341,100.0,-99.99999237060547
248.47280979156494,100.0,785.383,100.0,-99.99999237060547
248.5037341117859,100.0,785.4,100.0,-99.99999237060547
248.5326704978943,100.0,785.41,100.0,-99.99999237060547
248.55917859077454,100.0,785.42,100.0,-99.99999237060547
248.59939622879028,100.0,785.464,100.0,-99.99999237060547
248.630295753479,100.0,785.5,100.0,-99.99999237060547
248.66352605819702,100.0,785.531,100.0,-99.99999237060547
248.6989405155182,100.0,785.525,100.0,-99.99999237060547
248.7275059223175,100.0,785.548,100.0,-99.99999237060547
248.75828051567078,100.0,785.647,100.0,-99.99999237060547
248.79158782958984,100.0,785.656,100.0,-99.99999237060547
248.82212209701538,100.0,785.691,100.0,-99.99999237060547
248.85357904434204,100.0,785.669,100.0,-99.99999237060547
248.8854455947876,100.0,785.686,100.0,-99.99999237060547
248.91617250442505,100.0,785.772,100.0,-99.99999237060547
248.93274807929993,100.0,785.772,100.0,-99.99999237060547
248.96496629714966,100.0,785.818,100.0,-99.99999237060547
248.99874234199524,100.0,785.836,100.0,-99.99999237060547
249.0296666622162,100.0,785.835,100.0,-99.99999237060547
249.06120991706848,100.0,785.869,100.0,-99.99999237060547
249.09316444396973,100.0,785.847,100.0,-99.99999237060547
249.12560105323792,100.0,785.929,100.0,-99.99999237060547
249.15678811073303,100.0,785.951,100.0,-99.99999237060547
249.18256664276123,100.0,786.005,100.0,-99.99999237060547
249.21557307243347,100.0,785.996,100.0,-99.99999237060547
249.24972224235535,100.0,785.996,100.0,-99.99999237060547
249.28789687156677,100.0,785.977,100.0,-99.99999237060547
249.32509684562683,100.0,785.98,100.0,-99.99999237060547
249.35128355026245,100.0,786.024,100.0,-99.99999237060547
249.3832392692566,100.0,786.055,100.0,-99.99999237060547
249.41534781455994,100.0,786.104,100.0,-99.99999237060547
249.4482822418213,100.0,786.117,100.0,-99.99999237060547
249.47989463806152,100.0,786.147,100.0,-99.99999237060547
249.512136220932,100.0,786.229,100.0,-99.99999237060547
249.5439510345459,100.0,786.216,100.0,-99.99999237060547
249.57534193992615,100.0,786.226,100.0,-99.99999237060547
249.60747909545898,100.0,786.213,100.0,-99.99999237060547
249.63995218276978,100.0,786.205,100.0,-99.99999237060547
249.67208099365234,100.0,786.266,100.0,-99.99999237060547
249.70458912849426,100.0,786.254,100.0,-99.99999237060547
249.73123145103455,100.0,786.28,100.0,-99.99999237060547
249.77505326271057,100.0,786.307,100.0,-99.99999237060547
249.8026089668274,100.0,786.304,100.0,-99.99999237060547
249.8342559337616,100.0,786.305,100.0,-99.99999237060547
249.86634802818298,100.0,786.321,100.0,-99.99999237060547
249.89787793159485,100.0,786.371,100.0,-99.99999237060547
249.93510675430298,100.0,786.411,100.0,-99.99999237060547
249.96756029129028,100.0,786.43,100.0,-99.99999237060547
250.00107622146606,100.0,786.43,100.0,-99.99999237060547
250.03256392478943,100.0,786.452,100.0,-99.99999237060547
250.0637562274933,100.0,786.495,100.0,-99.99999237060547
250.09558939933777,100.0,786.513,100.0,-99.99999237060547
250.12833905220032,100.0,786.507,100.0,-99.99999237060547
250.15966272354126,100.0,786.516,100.0,-99.99999237060547
250.19086170196533,100.0,786.537,100.0,-99.99999237060547
250.22566437721252,100.0,786.56,100.0,-99.99999237060547
250.2669517993927,100.0,786.579,100.0,-99.99999237060547
250.29884219169617,100.0,786.669,100.0,-99.99999237060547
250.3307704925537,100.0,786.732,100.0,-99.99999237060547
250.3624622821808,100.0,786.757,100.0,-99.99999237060547
250.3949203491211,100.0,786.733,100.0,-99.99999237060547
250.42746925354004,100.0,786.789,100.0,-99.99999237060547
250.45903873443604,100.0,786.852,100.0,-99.99999237060547
250.4911036491394,100.0,786.849,100.0,-99.99999237060547
250.52289080619812,100.0,786.84,100.0,-99.99999237060547
250.55565857887268,100.0,786.817,100.0,-99.99999237060547
250.58621525764465,100.0,786.77,100.0,-99.99999237060547
250.6191599369049,100.0,786.86,100.0,-99.99999237060547
250.64282894134521,100.0,786.886,100.0,-99.99999237060547
250.68355131149292,100.0,786.923,100.0,-99.99999237060547
250.71519541740417,100.0,786.955,100.0,-99.99999237060547
250.74776148796082,100.0,786.977,100.0,-99.99999237060547
250.7949731349945,100.0,786.943,100.0,-99.99999237060547
250.8273468017578,100.0,786.94,100.0,-99.99999237060547
250.85980916023254,100.0,786.969,100.0,-99.99999237060547
250.89102482795715,100.0,786.979,100.0,-99.99999237060547
250.92553210258484,100.0,787.024,100.0,-99.99999237060547
250.95457530021667,100.0,787.077,100.0,-99.99999237060547
250.98645639419556,100.0,787.075,100.0,-99.99999237060547
251.0184953212738,100.0,787.029,100.0,-99.99999237060547
251.05096745491028,100.0,787.006,100.0,-99.99999237060547
251.08288502693176,100.0,787.02,100.0,-99.99999237060547
251.11535239219666,100.0,787.107,100.0,-99.99999237060547
251.15206050872803,100.0,787.122,100.0,-99.99999237060547
251.18041062355042,100.0,787.115,100.0,-99.99999237060547
251.21182584762573,100.0,787.081,100.0,-99.99999237060547
251.24327564239502,100.0,787.085,100.0,-99.99999237060547
251.2755641937256,100.0,787.082,100.0,-99.99999237060547
251.31209707260132,100.0,787.081,100.0,-99.99999237060547
251.35184478759766,100.0,787.134,100.0,-99.99999237060547
251.38461327552795,100.0,787.215,100.0,-99.99999237060547
251.41060161590576,100.0,787.281,100.0,-99.99999237060547
251.43468117713928,100.0,787.26,100.0,-99.99999237060547
251.47520208358765,100.0,787.264,100.0,-99.99999237060547
251.50768113136292,100.0,787.311,100.0,-99.99999237060547
251.54043173789978,100.0,787.358,100.0,-99.99999237060547
251.57194328308105,100.0,787.379,100.0,-99.99999237060547
251.6039605140686,100.0,787.415,100.0,-99.99999237060547
251.65196681022644,100.0,787.451,100.0,-99.99999237060547
251.68471956253052,100.0,787.495,100.0,-99.99999237060547
251.717059135437,100.0,787.496,100.0,-99.99999237060547
251.75252890586853,100.0,787.518,100.0,-99.99999237060547
251.78108859062195,100.0,787.511,100.0,-99.99999237060547
251.812246799469,100.0,787.572,100.0,-99.99999237060547
251.8461012840271,100.0,787.575,100.0,-99.99999237060547
251.87874364852905,100.0,787.722,100.0,-99.99999237060547
251.91087675094604,100.0,787.778,100.0,-99.99999237060547
251.9433250427246,100.0,787.808,100.0,-99.99999237060547
251.97797632217407,100.0,787.77,100.0,-99.99999237060547
252.00697255134583,100.0,787.724,100.0,-99.99999237060547
252.03882312774658,100.0,787.781,100.0,-99.99999237060547
252.07093048095703,100.0,787.794,100.0,-99.99999237060547
252.11069107055664,100.0,787.906,100.0,-99.99999237060547
252.13924932479858,100.0,787.901,100.0,-99.99999237060547
252.1717426776886,100.0,787.947,100.0,-99.99999237060547
252.204327583313,100.0,787.933,100.0,-99.99999237060547
252.2365369796753,100.0,787.992,100.0,-99.99999237060547
252.26823163032532,100.0,788.042,100.0,-99.99999237060547
252.30046772956848,100.0,788.082,100.0,-99.99999237060547
252.33277773857117,100.0,788.081,100.0,-99.99999237060547
252.36433029174805,100.0,788.02,100.0,-99.99999237060547
252.39273500442505,100.0,788.017,100.0,-99.99999237060547
252.43166041374207,100.0,788.087,100.0,-99.99999237060547
252.46386885643005,100.0,788.126,100.0,-99.99999237060547
252.4956362247467,100.0,788.169,100.0,-99.99999237060547
252.5274043083191,100.0,788.214,100.0,-99.99999237060547
252.55974674224854,100.0,788.201,100.0,-99.99999237060547
252.5931339263916,100.0,788.192,100.0,-99.99999237060547
252.62417721748352,100.0,788.232,100.0,-99.99999237060547
252.65464282035828,100.0,788.267,100.0,-99.99999237060547
252.68685626983643,100.0,788.342,100.0,-99.99999237060547
252.71927309036255,100.0,788.334,100.0,-99.99999237060547
252.75096893310547,100.0,788.347,100.0,-99.99999237060547
252.78294491767883,100.0,788.337,100.0,-99.99999237060547
252.8174695968628,100.0,788.356,100.0,-99.99999237060547
252.85000681877136,100.0,788.334,100.0,-99.99999237060547
252.88493180274963,100.0,788.334,100.0,-99.99999237060547
252.9165904521942,100.0,788.374,100.0,-99.99999237060547
252.9480583667755,100.0,788.419,100.0,-99.99999237060547
252.96454882621765,100.0,788.419,100.0,-99.99999237060547
252.99646186828613,100.0,788.455,100.0,-99.99999237060547
253.028710603714,100.0,788.437,100.0,-99.99999237060547
253.05989336967468,100.0,788.428,100.0,-99.99999237060547
253.0925154685974,100.0,788.439,100.0,-99.99999237060547
253.12435865402222,100.0,788.463,100.0,-99.99999237060547
253.15698790550232,100.0,788.488,100.0,-99.99999237060547
253.18945813179016,100.0,788.51,100.0,-99.99999237060547
253.22229170799255,100.0,788.492,100.0,-99.99999237060547
253.25410532951355,100.0,788.502,100.0,-99.99999237060547
253.2853660583496,100.0,788.532,100.0,-99.99999237060547
253.31723403930664,100.0,788.612,100.0,-99.99999237060547
253.34796166419983,100.0,788.618,100.0,-99.99999237060547
253.38107085227966,100.0,788.623,100.0,-99.99999237060547
253.41366362571716,100.0,788.635,100.0,-99.99999237060547
253.44568991661072,100.0,788.64,100.0,-99.99999237060547
253.4782087802887,100.0,788.685,100.0,-99.99999237060547
253.51781177520752,100.0,788.678,100.0,-99.99999237060547
253.54305791854858,100.0,788.713,100.0,-99.99999237060547
253.5826985836029,100.0,788.71,100.0,-99.99999237060547
253.61433291435242,100.0,788.714,100.0,-99.99999237060547
253.64680695533752,100.0,788.743,100.0,-99.99999237060547
253.6788411140442,100.0,788.747,100.0,-99.99999237060547
253.710631608963,100.0,788.783,100.0,-99.99999237060547
253.74513173103333,100.0,788.807,100.0,-99.99999237060547
253.78102707862854,100.0,788.841,100.0,-99.99999237060547
253.80843806266785,100.0,788.819,100.0,-99.99999237060547
253.84095168113708,100.0,788.864,100.0,-99.99999237060547
253.8716971874237,100.0,788.861,100.0,-99.99999237060547
253.90399384498596,100.0,788.881,100.0,-99.99999237060547
253.93676829338074,100.0,788.885,100.0,-99.99999237060547
253.9668025970459,100.0,788.881,100.0,-99.99999237060547
253.99769806861877,100.0,788.924,100.0,-99.99999237060547
254.0311722755432,100.0,789.036,100.0,-99.99999237060547
254.06217646598816,100.0,789.076,100.0,-99.99999237060547
254.09374904632568,100.0,789.081,100.0,-99.99999237060547
254.12578463554382,100.0,789.107,100.0,-99.99999237060547
254.1577558517456,100.0,789.111,100.0,-99.99999237060547
254.19019961357117,100.0,789.186,100.0,-99.99999237060547
254.21934294700623,100.0,789.222,100.0,-99.99999237060547
254.26162576675415,100.0,789.257,100.0,-99.99999237060547
254.2858943939209,100.0,789.259,100.0,-99.99999237060547
254.3159499168396,100.0,789.233,100.0,-99.99999237060547
254.34747862815857,100.0,789.279,100.0,-99.99999237060547
254.37917351722717,100.0,789.338,100.0,-99.99999237060547
254.41128873825073,100.0,789.343,100.0,-99.99999237060547
254.4434037208557,100.0,789.335,100.0,-99.99999237060547
254.47581243515015,100.0,789.335,100.0,-99.99999237060547
254.51045274734497,100.0,789.325,100.0,-99.99999237060547
254.53055500984192,100.0,789.325,100.0,-99.99999237060547
254.56350708007812,100.0,789.394,100.0,-99.99999237060547
254.59537959098816,100.0,789.401,100.0,-99.99999237060547
254.62734246253967,100.0,789.422,100.0,-99.99999237060547
254.65941214561462,100.0,789.454,100.0,-99.99999237060547
254.69104552268982,100.0,789.45,100.0,-99.99999237060547
254.7233898639679,100.0,789.539,100.0,-99.99999237060547
254.7561388015747,100.0,789.562,100.0,-99.99999237060547
254.78670954704285,100.0,789.578,100.0,-99.99999237060547
254.8194296360016,100.0,789.592,100.0,-99.99999237060547
254.85186171531677,100.0,789.563,100.0,-99.99999237060547
254.88318014144897,100.0,789.599,100.0,-99.99999237060547
254.91488337516785,100.0,789.627,100.0,-99.99999237060547
254.9424602985382,100.0,789.663,100.0,-99.99999237060547
254.96662759780884,100.0,789.688,100.0,-99.99999237060547
255.00841403007507,100.0,789.693,100.0,-99.99999237060547
255.0327444076538,100.0,789.683,100.0,-99.99999237060547
255.058358669281,100.0,789.673,100.0,-99.99999237060547
255.08969712257385,100.0,789.663,100.0,-99.99999237060547
255.1222677230835,100.0,789.653,100.0,-99.99999237060547
255.1562442779541,100.0,789.682,100.0,-99.99999237060547
255.1866226196289,100.0,789.681,100.0,-99.99999237060547
255.21845412254333,100.0,789.685,100.0,-99.99999237060547
255.24942684173584,100.0,789.698,100.0,-99.99999237060547
255.28251123428345,100.0,789.726,100.0,-99.99999237060547
255.31475973129272,100.0,789.714,100.0,-99.99999237060547
255.3466441631317,100.0,789.765,100.0,-99.99999237060547
255.38243341445923,100.0,789.967,100.0,-99.99999237060547
255.4105474948883,100.0,790.006,100.0,-99.99999237060547
255.44190549850464,100.0,789.987,100.0,-99.99999237060547
255.4738028049469,100.0,790.027,100.0,-99.99999237060547
255.506361246109,100.0,790.036,100.0,-99.99999237060547
255.53297090530396,100.0,790.032,100.0,-99.99999237060547
255.5593798160553,100.0,790.011,100.0,-99.99999237060547
255.59906816482544,100.0,789.994,100.0,-99.99999237060547
255.63314580917358,100.0,790.048,100.0,-99.99999237060547
255.66614413261414,100.0,790.087,100.0,-99.99999237060547
255.6986174583435,100.0,790.128,100.0,-99.99999237060547
255.73030614852905,100.0,790.139,100.0,-99.99999237060547
255.7629177570343,100.0,790.177,100.0,-99.99999237060547
255.79461455345154,100.0,790.184,100.0,-99.99999237060547
255.82713174819946,100.0,790.217,100.0,-99.99999237060547
255.85851120948792,100.0,790.219,100.0,-99.99999237060547
255.89081525802612,100.0,790.257,100.0,-99.99999237060547
255.922616481781,100.0,790.303,100.0,-99.99999237060547
255.95514011383057,100.0,790.333,100.0,-99.99999237060547
255.98719429969788,100.0,790.331,100.0,-99.99999237060547
256.01917600631714,100.0,790.348,100.0,-99.99999237060547
256.05174827575684,100.0,790.365,100.0,-99.99999237060547
256.0835909843445,100.0,790.45,100.0,-99.99999237060547
256.1141035556793,100.0,790.46,100.0,-99.99999237060547
256.1457476615906,100.0,790.541,100.0,-99.99999237060547
256.17783427238464,100.0,790.584,100.0,-99.99999237060547
256.2104208469391,100.0,790.584,100.0,-99.99999237060547
256.24208545684814,100.0,790.629,100.0,-99.99999237060547
256.2748851776123,100.0,790.606,100.0,-99.99999237060547
256.3007655143738,100.0,790.639,100.0,-99.99999237060547
256.3338339328766,100.0,790.635,100.0,-99.99999237060547
256.3664515018463,100.0,790.626,100.0,-99.99999237060547
256.3986032009125,100.0,790.611,100.0,-99.99999237060547
256.4308922290802,100.0,790.662,100.0,-99.99999237060547
256.4629490375519,100.0,790.682,100.0,-99.99999237060547
256.49459886550903,100.0,790.685,100.0,-99.99999237060547
256.52718210220337,100.0,790.706,100.0,-99.99999237060547
256.5591688156128,100.0,790.716,100.0,-99.99999237060547
256.5924611091614,100.0,790.763,100.0,-99.99999237060547
256.6406421661377,100.0,790.76,100.0,-99.99999237060547
256.67176032066345,100.0,790.76,100.0,-99.99999237060547
256.7039053440094,100.0,790.774,100.0,-99.99999237060547
256.7370822429657,100.0,790.891,100.0,-99.99999237060547
256.76747703552246,100.0,790.904,100.0,-99.99999237060547
256.7997043132782,100.0,790.909,100.0,-99.99999237060547
256.83205795288086,100.0,790.871,100.0,-99.99999237060547
256.86423110961914,100.0,790.849,100.0,-99.99999237060547
256.89577865600586,100.0,790.921,100.0,-99.99999237060547
256.9282901287079,100.0,790.959,100.0,-99.99999237060547
256.96002650260925,100.0,790.998,100.0,-99.99999237060547
256.99283933639526,100.0,790.992,100.0,-99.99999237060547
257.0324547290802,100.0,791.071,100.0,-99.99999237060547
257.058242559433,100.0,791.086,100.0,-99.99999237060547
257.0909194946289,100.0,791.125,100.0,-99.99999237060547
257.12267422676086,100.0,791.121,100.0,-99.99999237060547
257.15960788726807,100.0,791.15,100.0,-99.99999237060547
257.1918125152588,100.0,791.191,100.0,-99.99999237060547
257.2240369319916,100.0,791.182,100.0,-99.99999237060547
257.255738735199,100.0,791.199,100.0,-99.99999237060547
257.2870104312897,100.0,791.219,100.0,-99.99999237060547
257.31901121139526,100.0,791.264,100.0,-99.99999237060547
257.3509078025818,100.0,791.302,100.0,-99.99999237060547
257.3843991756439,100.0,791.351,100.0,-99.99999237060547
257.4153802394867,100.0,791.388,100.0,-99.99999237060547
257.4472441673279,100.0,791.406,100.0,-99.99999237060547
257.4796054363251,100.0,791.397,100.0,-99.99999237060547
257.50926876068115,100.0,791.423,100.0,-99.99999237060547
257.5425500869751,100.0,791.467,100.0,-99.99999237060547
257.57473492622375,100.0,791.48,100.0,-99.99999237060547
257.61084175109863,100.0,791.464,100.0,-99.99999237060547
257.63777804374695,100.0,791.48,100.0,-99.99999237060547
257.6674563884735,100.0,791.505,100.0,-99.99999237060547
257.71306586265564,100.0,791.511,100.0,-99.99999237060547
257.74628734588623,100.0,791.529,100.0,-99.99999237060547
257.7862365245819,100.0,791.578,100.0,-99.99999237060547
257.81052923202515,100.0,791.623,100.0,-99.99999237060547
257.8396227359772,100.0,791.653,100.0,-99.99999237060547
257.8719160556793,100.0,791.632,100.0,-99.99999237060547
257.9026153087616,100.0,791.616,100.0,-99.99999237060547
257.934690952301,100.0,791.598,100.0,-99.99999237060547
257.9664497375488,100.0,791.637,100.0,-99.99999237060547
257.99891543388367,100.0,791.703,100.0,-99.99999237060547
258.03556966781616,100.0,791.693,100.0,-99.99999237060547
258.06187868118286,100.0,791.746,100.0,-99.99999237060547
258.09556770324707,100.0,791.784,100.0,-99.99999237060547
258.1278645992279,100.0,791.805,100.0,-99.99999237060547
258.15939354896545,100.0,791.869,100.0,-99.99999237060547
258.1940698623657,100.0,791.884,100.0,-99.99999237060547
258.22758984565735,100.0,791.861,100.0,-99.99999237060547
258.2614827156067,100.0,791.838,100.0,-99.99999237060547
258.29106998443604,100.0,791.837,100.0,-99.99999237060547
258.3228588104248,100.0,791.878,100.0,-99.99999237060547
258.33883905410767,100.0,791.878,100.0,-99.99999237060547
258.37139201164246,100.0,791.873,100.0,-99.99999237060547
258.40323185920715,100.0,791.887,100.0,-99.99999237060547
258.43439745903015,100.0,791.871,100.0,-99.99999237060547
258.4673955440521,100.0,791.904,100.0,-99.99999237060547
258.49958872795105,100.0,791.924,100.0,-99.99999237060547
258.5352804660797,100.0,791.965,100.0,-99.99999237060547
258.5673704147339,100.0,791.964,100.0,-99.99999237060547
258.5987341403961,100.0,792.034,100.0,-99.99999237060547
258.63136076927185,100.0,792.0,100.0,-99.99999237060547
258.6641812324524,100.0,792.043,100.0,-99.99999237060547
258.6966118812561,100.0,791.999,100.0,-99.99999237060547
258.72577714920044,100.0,792.074,100.0,-99.99999237060547
258.7495927810669,100.0,792.092,100.0,-99.99999237060547
258.7825996875763,100.0,792.13,100.0,-99.99999237060547
258.81439876556396,100.0,792.131,100.0,-99.99999237060547
258.84692645072937,100.0,792.128,100.0,-99.99999237060547
258.8790693283081,100.0,792.135,100.0,-99.99999237060547
258.9130206108093,100.0,792.149,100.0,-99.99999237060547
258.9431142807007,100.0,792.163,100.0,-99.99999237060547
258.9749116897583,100.0,792.208,100.0,-99.99999237060547
259.0071678161621,100.0,792.22,100.0,-99.99999237060547
259.03915452957153,100.0,792.236,100.0,-99.99999237060547
259.0716383457184,100.0,792.281,100.0,-99.99999237060547
259.1034290790558,100.0,792.332,100.0,-99.99999237060547
259.13892102241516,100.0,792.376,100.0,-99.99999237060547
259.1759293079376,100.0,792.374,100.0,-99.99999237060547
259.1999661922455,100.0,792.406,100.0,-99.99999237060547
259.23194336891174,100.0,792.406,100.0,-99.99999237060547
259.2642066478729,100.0,792.398,100.0,-99.99999237060547
259.2973093986511,100.0,792.395,100.0,-99.99999237060547
259.328387260437,100.0,792.405,100.0,-99.99999237060547
259.36408281326294,100.0,792.384,100.0,-99.99999237060547
259.393013715744,100.0,792.419,100.0,-99.99999237060547
259.4258322715759,100.0,792.524,100.0,-99.99999237060547
259.4577691555023,100.0,792.572,100.0,-99.99999237060547
259.48938727378845,100.0,792.591,100.0,-99.99999237060547
259.521861076355,100.0,792.603,100.0,-99.99999237060547
259.553195476532,100.0,792.598,100.0,-99.99999237060547
259.58816742897034,100.0,792.576,100.0,-99.99999237060547
259.6166613101959,100.0,792.597,100.0,-99.99999237060547
259.6470823287964,100.0,792.608,100.0,-99.99999237060547
259.6800436973572,100.0,792.591,100.0,-99.99999237060547
259.7120523452759,100.0,792.637,100.0,-99.99999237060547
259.7434711456299,100.0,792.682,100.0,-99.99999237060547
259.77544832229614,100.0,792.724,100.0,-99.99999237060547
259.7997405529022,100.0,792.713,100.0,-99.99999237060547
259.83223724365234,100.0,792.763,100.0,-99.99999237060547
259.8636860847473,100.0,792.794,100.0,-99.99999237060547
259.8956322669983,100.0,792.828,100.0,-99.99999237060547
259.93141770362854,100.0,792.849,100.0,-99.99999237060547
259.9644401073456,100.0,792.816,100.0,-99.99999237060547
259.99634408950806,100.0,792.879,100.0,-99.99999237060547
260.0280427932739,100.0,792.877,100.0,-99.99999237060547
260.0629732608795,100.0,792.909,100.0,-99.99999237060547
260.0918753147125,100.0,792.908,100.0,-99.99999237060547
260.1242082118988,100.0,792.935,100.0,-99.99999237060547
260.15552258491516,100.0,792.922,100.0,-99.99999237060547
260.1872055530548,100.0,792.984,100.0,-99.99999237060547
260.2206869125366,100.0,793.024,100.0,-99.99999237060547
260.2510550022125,100.0,793.045,100.0,-99.99999237060547
260.2830970287323,100.0,793.027,100.0,-99.99999237060547
260.3158233165741,100.0,793.053,100.0,-99.99999237060547
260.341849565506,100.0,793.036,100.0,-99.99999237060547
260.3739356994629,100.0,793.06,100.0,-99.99999237060547
260.40585947036743,100.0,793.078,100.0,-99.99999237060547
260.4391152858734,100.0,793.114,100.0,-99.99999237060547
260.47088503837585,100.0,793.161,100.0,-99.99999237060547
260.50271248817444,100.0,793.182,100.0,-99.99999237060547
260.5379192829132,100.0,793.171,100.0,-99.99999237060547
260.56743454933167,100.0,793.173,100.0,-99.99999237060547
260.599725484848,100.0,793.17,100.0,-99.99999237060547
260.63014698028564,100.0,793.189,100.0,-99.99999237060547
260.66288685798645,100.0,793.237,100.0,-99.99999237060547
260.69430446624756,100.0,793.351,100.0,-99.99999237060547
260.7269184589386,100.0,793.351,100.0,-99.99999237060547
260.75851345062256,100.0,793.369,100.0,-99.99999237060547
260.79094409942627,100.0,793.389,100.0,-99.99999237060547
260.82280826568604,100.0,793.378,100.0,-99.99999237060547
260.8501310348511,100.0,793.372,100.0,-99.99999237060547
260.882527589798,100.0,793.365,100.0,-99.99999237060547
260.9149560928345,100.0,793.34,100.0,-99.99999237060547
260.9458358287811,100.0,793.316,100.0,-99.99999237060547
260.97789430618286,100.0,793.324,100.0,-99.99999237060547
261.0135796070099,100.0,793.337,100.0,-99.99999237060547
261.0423321723938,100.0,793.325,100.0,-99.99999237060547
261.0746042728424,100.0,793.342,100.0,-99.99999237060547
261.10672521591187,100.0,793.311,100.0,-99.99999237060547
261.1404993534088,100.0,793.363,100.0,-99.99999237060547
261.1708495616913,100.0,793.348,100.0,-99.99999237060547
261.2034201622009,100.0,793.365,100.0,-99.99999237060547
261.2394199371338,100.0,793.396,100.0,-99.99999237060547
261.27625823020935,100.0,793.424,100.0,-99.99999237060547
261.30015087127686,100.0,793.505,100.0,-99.99999237060547
261.3312346935272,100.0,793.564,100.0,-99.99999237060547
261.3656015396118,100.0,793.619,100.0,-99.99999237060547
261.3988184928894,100.0,793.603,100.0,-99.99999237060547
261.431969165802,100.0,793.645,100.0,-99.99999237060547
261.46543431282043,100.0,793.637,100.0,-99.99999237060547
261.4954123497009,100.0,793.729,100.0,-99.99999237060547
261.52772068977356,100.0,793.785,100.0,-99.99999237060547
261.55906653404236,100.0,793.844,100.0,-99.99999237060547
261.5911750793457,100.0,793.798,100.0,-99.99999237060547
261.62321376800537,100.0,793.794,100.0,-99.99999237060547
261.6554615497589,100.0,793.786,100.0,-99.99999237060547
261.6888427734375,100.0,793.796,100.0,-99.99999237060547
261.72070384025574,100.0,793.834,100.0,-99.99999237060547
261.75151085853577,100.0,793.831,100.0,-99.99999237060547
261.7842712402344,100.0,793.855,100.0,-99.99999237060547
261.8167679309845,100.0,793.826,100.0,-99.99999237060547
261.847487449646,100.0,793.857,100.0,-99.99999237060547
261.87947034835815,100.0,793.935,100.0,-99.99999237060547
261.9083638191223,100.0,793.949,100.0,-99.99999237060547
261.9334547519684,100.0,793.937,100.0,-99.99999237060547
261.96730399131775,100.0,793.957,100.0,-99.99999237060547
261.99815034866333,100.0,793.98,100.0,-99.99999237060547
262.0410330295563,100.0,794.014,100.0,-99.99999237060547
262.0705831050873,100.0,793.992,100.0,-99.99999237060547
262.1025743484497,100.0,794.043,100.0,-99.99999237060547
262.1394283771515,100.0,794.056,100.0,-99.99999237060547
262.16663002967834,100.0,794.089,100.0,-99.99999237060547
262.19924998283386,100.0,794.083,100.0,-99.99999237060547
262.23052072525024,100.0,794.115,100.0,-99.99999237060547
262.26764488220215,100.0,794.094,100.0,-99.99999237060547
262.29383635520935,100.0,794.115,100.0,-99.99999237060547
262.3267378807068,100.0,794.133,100.0,-99.99999237060547
262.3588402271271,100.0,794.274,100.0,-99.99999237060547
262.39048981666565,100.0,794.279,100.0,-99.99999237060547
262.4235098361969,100.0,794.29,100.0,-99.99999237060547
262.47244906425476,100.0,794.323,100.0,-99.99999237060547
262.5043921470642,100.0,794.342,100.0,-99.99999237060547
262.5420880317688,100.0,794.295,100.0,-99.99999237060547
262.5682957172394,100.0,794.316,100.0,-99.99999237060547
262.5998435020447,100.0,794.334,100.0,-99.99999237060547
262.63238430023193,100.0,794.388,100.0,-99.99999237060547
262.6651384830475,100.0,794.387,100.0,-99.99999237060547
262.69809341430664,100.0,794.43,100.0,-99.99999237060547
262.7325077056885,100.0,794.501,100.0,-99.99999237060547
262.7705063819885,100.0,794.587,100.0,-99.99999237060547
262.80253529548645,100.0,794.636,100.0,-99.99999237060547
262.83404517173767,100.0,794.714,100.0,-99.99999237060547
262.86641359329224,100.0,794.704,100.0,-99.99999237060547
262.89850401878357,100.0,794.704,100.0,-99.99999237060547
262.93169689178467,100.0,794.753,100.0,-99.99999237060547
262.9593698978424,100.0,794.713,100.0,-99.99999237060547
262.991516828537,100.0,794.758,100.0,-99.99999237060547
263.02325677871704,100.0,794.755,100.0,-99.99999237060547
263.0551104545593,100.0,794.771,100.0,-99.99999237060547
263.0884659290314,100.0,794.756,100.0,-99.99999237060547
263.11955547332764,100.0,794.787,100.0,-99.99999237060547
263.156368970871,100.0,794.803,100.0,-99.99999237060547
263.1844644546509,100.0,794.83,100.0,-99.99999237060547
263.21741676330566,100.0,794.846,100.0,-99.99999237060547
263.2467305660248,100.0,794.861,100.0,-99.99999237060547
263.2789044380188,100.0,794.859,100.0,-99.99999237060547
263.31065368652344,100.0,794.884,100.0,-99.99999237060547
263.34266352653503,100.0,794.927,100.0,-99.99999237060547
263.3831613063812,100.0,794.992,100.0,-99.99999237060547
263.4184055328369,100.0,794.993,100.0,-99.99999237060547
263.44898748397827,100.0,794.962,100.0,-99.99999237060547
263.48080015182495,100.0,794.951,100.0,-99.99999237060547
263.5299370288849,100.0,794.981,100.0,-99.99999237060547
263.5616283416748,100.0,795.011,100.0,-99.99999237060547
263.59389209747314,100.0,795.04,100.0,-99.99999237060547
263.6252989768982,100.0,795.066,100.0,-99.99999237060547
263.6574356555939,100.0,795.091,100.0,-99.99999237060547
263.69261932373047,100.0,795.063,100.0,-99.99999237060547
263.7213981151581,100.0,795.064,100.0,-99.99999237060547
263.7540457248688,100.0,795.054,100.0,-99.99999237060547
263.7851243019104,100.0,795.108,100.0,-99.99999237060547
263.81948733329773,100.0,795.112,100.0,-99.99999237060547
263.84877824783325,100.0,795.112,100.0,-99.99999237060547
263.8812050819397,100.0,795.099,100.0,-99.99999237060547
263.9179337024689,100.0,795.117,100.0,-99.99999237060547
263.9455933570862,100.0,795.25,100.0,-99.99999237060547
263.9794445037842,100.0,795.249,100.0,-99.99999237060547
264.00960779190063,100.0,795.252,100.0,-99.99999237060547
264.044358253479,100.0,795.246,100.0,-99.99999237060547
264.07713294029236,100.0,795.293,100.0,-99.99999237060547
264.11795234680176,100.0,795.304,100.0,-99.99999237060547
264.14957427978516,100.0,795.317,100.0,-99.99999237060547
264.1902015209198,100.0,795.336,100.0,-99.99999237060547
264.22190165519714,100.0,795.339,100.0,-99.99999237060547
264.253338098526,100.0,795.326,100.0,-99.99999237060547
264.2847204208374,100.0,795.317,100.0,-99.99999237060547
264.3198070526123,100.0,795.343,100.0,-99.99999237060547
264.3489303588867,100.0,795.392,100.0,-99.99999237060547
264.38001012802124,100.0,795.427,100.0,-99.99999237060547
264.41333198547363,100.0,795.417,100.0,-99.99999237060547
264.4450099468231,100.0,795.422,100.0,-99.99999237060547
264.47751331329346,100.0,795.463,100.0,-99.99999237060547
264.50977325439453,100.0,795.477,100.0,-99.99999237060547
264.5453553199768,100.0,795.489,100.0,-99.99999237060547
264.5739588737488,100.0,795.488,100.0,-99.99999237060547
264.60570216178894,100.0,795.484,100.0,-99.99999237060547
264.63796973228455,100.0,795.524,100.0,-99.99999237060547
264.67050194740295,100.0,795.56,100.0,-99.99999237060547
264.70286679267883,100.0,795.601,100.0,-99.99999237060547
264.7353038787842,100.0,795.655,100.0,-99.99999237060547
264.76971530914307,100.0,795.727,100.0,-99.99999237060547
264.7991273403168,100.0,795.75,100.0,-99.99999237060547
264.8490357398987,100.0,795.798,100.0,-99.99999237060547
264.87300300598145,100.0,795.736,100.0,-99.99999237060547
264.90506958961487,100.0,795.716,100.0,-99.99999237060547
264.93757486343384,100.0,795.737,100.0,-99.99999237060547
264.96983337402344,100.0,795.827,100.0,-99.99999237060547
265.00188660621643,100.0,795.806,100.0,-99.99999237060547
265.0856018066406,100.0,795.806,100.0,-99.99999237060547
265.125994682312,100.0,795.918,100.0,-99.99999237060547
265.1579751968384,100.0,795.934,100.0,-99.99999237060547
265.18971991539,100.0,795.957,100.0,-99.99999237060547
265.2218873500824,100.0,795.985,100.0,-99.99999237060547
265.2539060115814,100.0,796.003,100.0,-99.99999237060547
265.28690123558044,100.0,796.022,100.0,-99.99999237060547
265.3183889389038,100.0,796.046,100.0,-99.99999237060547
265.35050868988037,100.0,796.077,100.0,-99.99999237060547
265.3830044269562,100.0,796.078,100.0,-99.99999237060547
265.4154782295227,100.0,796.077,100.0,-99.99999237060547
265.44674587249756,100.0,796.08,100.0,-99.99999237060547
265.47895193099976,100.0,796.127,100.0,-99.99999237060547
265.5109221935272,100.0,796.156,100.0,-99.99999237060547
265.5426425933838,100.0,796.179,100.0,-99.99999237060547
265.57457637786865,100.0,796.218,100.0,-99.99999237060547
265.62090492248535,100.0,796.156,100.0,-99.99999237060547
265.67392444610596,100.0,796.144,100.0,-99.99999237060547
265.70613741874695,100.0,796.161,100.0,-99.99999237060547
265.73844289779663,100.0,796.168,100.0,-99.99999237060547
265.76973485946655,100.0,796.163,100.0,-99.99999237060547
265.8017032146454,100.0,796.182,100.0,-99.99999237060547
265.8338842391968,100.0,796.168,100.0,-99.99999237060547
265.86558842658997,100.0,796.191,100.0,-99.99999237060547
265.89781188964844,100.0,796.235,100.0,-99.99999237060547
265.93002676963806,100.0,796.213,100.0,-99.99999237060547
265.96185326576233,100.0,796.222,100.0,-99.99999237060547
265.9950416088104,100.0,796.217,100.0,-99.99999237060547
266.0277235507965,100.0,796.299,100.0,-99.99999237060547
266.05920338630676,100.0,796.319,100.0,-99.99999237060547
266.0909836292267,100.0,796.375,100.0,-99.99999237060547
266.12331318855286,100.0,796.386,100.0,-99.99999237060547
266.1704671382904,100.0,796.429,100.0,-99.99999237060547
266.1991455554962,100.0,796.405,100.0,-99.99999237060547
266.2323088645935,100.0,796.418,100.0,-99.99999237060547
266.2624318599701,100.0,796.499,100.0,-99.99999237060547
266.2976863384247,100.0,796.551,100.0,-99.99999237060547
266.3264422416687,100.0,796.514,100.0,-99.99999237060547
266.3707506656647,100.0,796.445,100.0,-99.99999237060547
266.39589405059814,100.0,796.462,100.0,-99.99999237060547
266.44946002960205,100.0,796.655,100.0,-99.99999237060547
266.4805724620819,100.0,796.661,100.0,-99.99999237060547
266.51327300071716,100.0,796.548,100.0,-99.99999237060547
266.5467920303345,100.0,796.547,100.0,-99.99999237060547
266.5774598121643,100.0,796.545,100.0,-99.99999237060547
266.6099064350128,100.0,796.586,100.0,-99.99999237060547
266.6413333415985,100.0,796.652,100.0,-99.99999237060547
266.6680369377136,100.0,796.692,100.0,-99.99999237060547
266.7068111896515,100.0,796.724,100.0,-99.99999237060547
266.7393569946289,100.0,796.741,100.0,-99.99999237060547
266.7729196548462,100.0,796.77,100.0,-99.99999237060547
266.8034477233887,100.0,796.761,100.0,-99.99999237060547
266.83595871925354,100.0,796.773,100.0,-99.99999237060547
266.86697936058044,100.0,796.83,100.0,-99.99999237060547
266.8996047973633,100.0,796.932,100.0,-99.99999237060547
266.9317579269409,100.0,796.903,100.0,-99.99999237060547
266.9635605812073,100.0,796.952,100.0,-99.99999237060547
266.99717712402344,100.0,797.004,100.0,-99.99999237060547
267.02781772613525,100.0,797.044,100.0,-99.99999237060547
267.05874729156494,100.0,797.018,100.0,-99.99999237060547
267.1004912853241,100.0,797.035,100.0,-99.99999237060547
267.1298813819885,100.0,797.056,100.0,-99.99999237060547
267.15482354164124,100.0,797.101,100.0,-99.99999237060547
267.1864085197449,100.0,797.112,100.0,-99.99999237060547
267.2151470184326,100.0,797.174,100.0,-99.99999237060547
267.2468948364258,100.0,797.128,100.0,-99.99999237060547
267.27890729904175,100.0,797.116,100.0,-99.99999237060547
267.31150817871094,100.0,797.123,100.0,-99.99999237060547
267.34360241889954,100.0,797.142,100.0,-99.99999237060547
267.3759443759918,100.0,797.146,100.0,-99.99999237060547
267.4074230194092,100.0,797.155,100.0,-99.99999237060547
267.438756942749,100.0,797.153,100.0,-99.99999237060547
267.4724543094635,100.0,797.153,100.0,-99.99999237060547
267.5031998157501,100.0,797.298,100.0,-99.99999237060547
267.53473258018494,100.0,797.377,100.0,-99.99999237060547
267.5669250488281,100.0,797.423,100.0,-99.99999237060547
267.5999381542206,100.0,797.407,100.0,-99.99999237060547
267.63062930107117,100.0,797.427,100.0,-99.99999237060547
267.66273045539856,100.0,797.469,100.0,-99.99999237060547
267.6981089115143,100.0,797.519,100.0,-99.99999237060547
267.72897934913635,100.0,797.483,100.0,-99.99999237060547
267.7501120567322,100.0,797.551,100.0,-99.99999237060547
267.80022144317627,100.0,797.507,100.0,-99.99999237060547
267.8330657482147,100.0,797.553,100.0,-99.99999237060547
267.865709066391,100.0,797.475,100.0,-99.99999237060547
267.8982117176056,100.0,797.544,100.0,-99.99999237060547
267.93035435676575,100.0,797.59,100.0,-99.99999237060547
267.9617977142334,100.0,797.568,100.0,-99.99999237060547
267.99225544929504,100.0,797.611,100.0,-99.99999237060547
268.02400493621826,100.0,797.623,100.0,-99.99999237060547
268.05640268325806,100.0,797.625,100.0,-99.99999237060547
268.0894441604614,100.0,797.659,100.0,-99.99999237060547
268.12379479408264,100.0,797.665,100.0,-99.99999237060547
268.1531789302826,100.0,797.676,100.0,-99.99999237060547
268.1846957206726,100.0,797.652,100.0,-99.99999237060547
268.21634554862976,100.0,797.642,100.0,-99.99999237060547
268.2484292984009,100.0,797.725,100.0,-99.99999237060547
268.28039956092834,100.0,797.771,100.0,-99.99999237060547
268.3123257160187,100.0,797.803,100.0,-99.99999237060547
268.34861421585083,100.0,797.806,100.0,-99.99999237060547
268.3768491744995,100.0,797.83,100.0,-99.99999237060547
268.4094662666321,100.0,797.871,100.0,-99.99999237060547
268.44156432151794,100.0,797.884,100.0,-99.99999237060547
268.4745330810547,100.0,797.875,100.0,-99.99999237060547
268.51534485816956,100.0,797.879,100.0,-99.99999237060547
268.55021715164185,100.0,797.93,100.0,-99.99999237060547
268.5772063732147,100.0,797.953,100.0,-99.99999237060547
268.60515546798706,100.0,797.938,100.0,-99.99999237060547
268.6368420124054,100.0,797.914,100.0,-99.99999237060547
268.6691405773163,100.0,797.942,100.0,-99.99999237060547
268.70146584510803,100.0,797.972,100.0,-99.99999237060547
268.7343719005585,100.0,797.986,100.0,-99.99999237060547
268.7642831802368,100.0,798.01,100.0,-99.99999237060547
268.79968667030334,100.0,798.01,100.0,-99.99999237060547
268.8344609737396,100.0,798.043,100.0,-99.99999237060547
268.86554431915283,100.0,798.092,100.0,-99.99999237060547
268.89705514907837,100.0,798.087,100.0,-99.99999237060547
268.92959094047546,100.0,798.155,100.0,-99.99999237060547
268.96273159980774,100.0,798.186,100.0,-99.99999237060547
269.00085735321045,100.0,798.183,100.0,-99.99999237060547
269.02814245224,100.0,798.19,100.0,-99.99999237060547
269.0585300922394,100.0,798.197,100.0,-99.99999237060547
269.09101581573486,100.0,798.176,100.0,-99.99999237060547
269.1217911243439,100.0,798.185,100.0,-99.99999237060547
269.1542601585388,100.0,798.166,100.0,-99.99999237060547
269.1860749721527,100.0,798.204,100.0,-99.99999237060547
269.23481154441833,100.0,798.261,100.0,-99.99999237060547
269.2843370437622,100.0,798.319,100.0,-99.99999237060547
269.3150317668915,100.0,798.312,100.0,-99.99999237060547
269.34905457496643,100.0,798.346,100.0,-99.99999237060547
269.37768387794495,100.0,798.379,100.0,-99.99999237060547
269.40984988212585,100.0,798.383,100.0,-99.99999237060547
269.4421887397766,100.0,798.386,100.0,-99.99999237060547
269.4752311706543,100.0,798.386,100.0,-99.99999237060547
269.50622820854187,100.0,798.408,100.0,-99.99999237060547
269.53832840919495,100.0,798.402,100.0,-99.99999237060547
269.5709955692291,100.0,798.466,100.0,-99.99999237060547
269.6031894683838,100.0,798.471,100.0,-99.99999237060547
269.63468885421753,100.0,798.508,100.0,-99.99999237060547
269.6663885116577,100.0,798.548,100.0,-99.99999237060547
269.68260645866394,100.0,798.537,100.0,-99.99999237060547
269.7145583629608,100.0,798.531,100.0,-99.99999237060547
269.7507107257843,100.0,798.547,100.0,-99.99999237060547
269.7791953086853,100.0,798.528,100.0,-99.99999237060547
269.81098079681396,100.0,798.578,100.0,-99.99999237060547
269.8426442146301,100.0,798.584,100.0,-99.99999237060547
269.87472343444824,100.0,798.607,100.0,-99.99999237060547
269.90723872184753,100.0,798.595,100.0,-99.99999237060547
269.93784856796265,100.0,798.601,100.0,-99.99999237060547
269.97577476501465,100.0,798.594,100.0,-99.99999237060547
270.0075559616089,100.0,798.607,100.0,-99.99999237060547
270.0387988090515,100.0,798.629,100.0,-99.99999237060547
270.07114934921265,100.0,798.649,100.0,-99.99999237060547
270.10273838043213,100.0,798.648,100.0,-99.99999237060547
270.13421154022217,100.0,798.632,100.0,-99.99999237060547
270.1661787033081,100.0,798.678,100.0,-99.99999237060547
270.2001848220825,100.0,798.714,100.0,-99.99999237060547
270.2311384677887,100.0,798.774,100.0,-99.99999237060547
270.26166701316833,100.0,798.834,100.0,-99.99999237060547
270.2945468425751,100.0,798.836,100.0,-99.99999237060547
270.3257665634155,100.0,798.858,100.0,-99.99999237060547
270.3570418357849,100.0,798.834,100.0,-99.99999237060547
270.39286828041077,100.0,798.877,100.0,-99.99999237060547
270.42574191093445,100.0,798.862,100.0,-99.99999237060547
270.4569778442383,100.0,798.894,100.0,-99.99999237060547
270.4889669418335,100.0,798.904,100.0,-99.99999237060547
270.5212609767914,100.0,798.927,100.0,-99.99999237060547
270.55345129966736,100.0,798.95,100.0,-99.99999237060547
270.58493185043335,100.0,798.986,100.0,-99.99999237060547
270.61685252189636,100.0,799.03,100.0,-99.99999237060547
270.6513636112213,100.0,799.068,100.0,-99.99999237060547
270.71623373031616,100.0,799.125,100.0,-99.99999237060547
270.7484004497528,100.0,799.191,100.0,-99.99999237060547
270.7808039188385,100.0,799.196,100.0,-99.99999237060547
270.81314754486084,100.0,799.213,100.0,-99.99999237060547
270.8449640274048,100.0,799.268,100.0,-99.99999237060547
270.87754106521606,100.0,799.24,100.0,-99.99999237060547
270.90337896347046,100.0,799.217,100.0,-99.99999237060547
270.9479434490204,100.0,799.23,100.0,-99.99999237060547
270.96422600746155,100.0,799.246,100.0,-99.99999237060547
270.99693536758423,100.0,799.297,100.0,-99.99999237060547
271.02881956100464,100.0,799.301,100.0,-99.99999237060547
271.06125140190125,100.0,799.298,100.0,-99.99999237060547
271.0926125049591,100.0,799.295,100.0,-99.99999237060547
271.1240622997284,100.0,799.292,100.0,-99.99999237060547
271.15558671951294,100.0,799.307,100.0,-99.99999237060547
271.18795228004456,100.0,799.277,100.0,-99.99999237060547
271.2197906970978,100.0,799.267,100.0,-99.99999237060547
271.2524757385254,100.0,799.23,100.0,-99.99999237060547
271.2825663089752,100.0,799.314,100.0,-99.99999237060547
271.31485056877136,100.0,799.306,100.0,-99.99999237060547
271.3466305732727,100.0,799.35,100.0,-99.99999237060547
271.37876057624817,100.0,799.323,100.0,-99.99999237060547
271.41622829437256,100.0,799.278,100.0,-99.99999237060547
271.4406564235687,100.0,799.313,100.0,-99.99999237060547
271.4652724266052,100.0,799.313,100.0,-99.99999237060547
271.5032341480255,100.0,799.325,100.0,-99.99999237060547
271.529935836792,100.0,799.355,100.0,-99.99999237060547
271.56157970428467,100.0,799.429,100.0,-99.99999237060547
271.5937180519104,100.0,799.496,100.0,-99.99999237060547
271.6260178089142,100.0,799.485,100.0,-99.99999237060547
271.6584072113037,100.0,799.523,100.0,-99.99999237060547
271.6897373199463,100.0,799.551,100.0,-99.99999237060547
271.72165536880493,100.0,799.625,100.0,-99.99999237060547
271.7543725967407,100.0,799.677,100.0,-99.99999237060547
271.7854940891266,100.0,799.664,100.0,-99.99999237060547
271.8176944255829,100.0,799.705,100.0,-99.99999237060547
271.85023164749146,100.0,799.777,100.0,-99.99999237060547
271.88199377059937,100.0,799.811,100.0,-99.99999237060547
271.913192987442,100.0,799.823,100.0,-99.99999237060547
271.94493317604065,100.0,799.835,100.0,-99.99999237060547
271.9774842262268,100.0,799.835,100.0,-99.99999237060547
272.0023934841156,100.0,799.861,100.0,-99.99999237060547
272.03157234191895,100.0,799.886,100.0,-99.99999237060547
272.06617283821106,100.0,799.936,100.0,-99.99999237060547
272.1008415222168,100.0,799.954,100.0,-99.99999237060547
272.15624952316284,100.0,799.918,100.0,-99.99999237060547
272.18770360946655,100.0,799.968,100.0,-99.99999237060547
272.2211878299713,100.0,800.036,100.0,-99.99999237060547
272.25282287597656,100.0,800.091,100.0,-99.99999237060547
272.2845995426178,100.0,800.05,100.0,-99.99999237060547
272.31635785102844,100.0,800.063,100.0,-99.99999237060547
272.34922766685486,100.0,800.065,100.0,-99.99999237060547
272.38073682785034,100.0,800.128,100.0,-99.99999237060547
272.41294956207275,100.0,800.159,100.0,-99.99999237060547
272.44498443603516,100.0,800.202,100.0,-99.99999237060547
272.47790789604187,100.0,800.204,100.0,-99.99999237060547
272.506178855896,100.0,800.207,100.0,-99.99999237060547
272.5273413658142,100.0,800.207,100.0,-99.99999237060547
272.5597457885742,100.0,800.204,100.0,-99.99999237060547
272.59109807014465,100.0,800.212,100.0,-99.99999237060547
272.6234767436981,100.0,800.24,100.0,-99.99999237060547
272.6557595729828,100.0,800.227,100.0,-99.99999237060547
272.6875786781311,100.0,800.288,100.0,-99.99999237060547
272.71963119506836,100.0,800.27,100.0,-99.99999237060547
272.752317905426,100.0,800.275,100.0,-99.99999237060547
272.7843689918518,100.0,800.323,100.0,-99.99999237060547
272.8108365535736,100.0,800.359,100.0,-99.99999237060547
272.8547704219818,100.0,800.347,100.0,-99.99999237060547
272.8833918571472,100.0,800.31,100.0,-99.99999237060547
272.9159073829651,100.0,800.32,100.0,-99.99999237060547
272.94776487350464,100.0,800.368,100.0,-99.99999237060547
272.98035192489624,100.0,800.407,100.0,-99.99999237060547
273.0127398967743,100.0,800.427,100.0,-99.99999237060547
273.05733609199524,100.0,800.485,100.0,-99.99999237060547
273.090124130249,100.0,800.501,100.0,-99.99999237060547
273.12119793891907,100.0,800.527,100.0,-99.99999237060547
273.15310311317444,100.0,800.52,100.0,-99.99999237060547
273.18400716781616,100.0,800.577,100.0,-99.99999237060547
273.2161452770233,100.0,800.578,100.0,-99.99999237060547
273.2481746673584,100.0,800.571,100.0,-99.99999237060547
273.280385017395,100.0,800.566,100.0,-99.99999237060547
273.3138163089752,100.0,800.6,100.0,-99.99999237060547
273.3457365036011,100.0,800.671,100.0,-99.99999237060547
273.3782458305359,100.0,800.679,100.0,-99.99999237060547
273.4100754261017,100.0,800.7,100.0,-99.99999237060547
273.44177412986755,100.0,800.701,100.0,-99.99999237060547
273.47433400154114,100.0,800.747,100.0,-99.99999237060547
273.51563334465027,100.0,800.723,100.0,-99.99999237060547
273.54996728897095,100.0,800.77,100.0,-99.99999237060547
273.5806579589844,100.0,800.695,100.0,-99.99999237060547
273.61454582214355,100.0,800.668,100.0,-99.99999237060547
273.6475088596344,100.0,800.704,100.0,-99.99999237060547
273.6821439266205,100.0,800.778,100.0,-99.99999237060547
273.71134209632874,100.0,800.767,100.0,-99.99999237060547
273.74381494522095,100.0,800.779,100.0,-99.99999237060547
273.78059911727905,100.0,800.78,100.0,-99.99999237060547
273.8084440231323,100.0,800.801,100.0,-99.99999237060547
273.84031105041504,100.0,800.839,100.0,-99.99999237060547
273.87212562561035,100.0,800.865,100.0,-99.99999237060547
273.90737795829773,100.0,800.885,100.0,-99.99999237060547
273.9367549419403,100.0,800.904,100.0,-99.99999237060547
273.9691481590271,100.0,800.955,100.0,-99.99999237060547
274.0061638355255,100.0,800.949,100.0,-99.99999237060547
274.0324854850769,100.0,800.936,100.0,-99.99999237060547
274.0639817714691,100.0,800.967,100.0,-99.99999237060547
274.0911409854889,100.0,800.998,100.0,-99.99999237060547
274.13307929039,100.0,800.997,100.0,-99.99999237060547
274.1622712612152,100.0,801.025,100.0,-99.99999237060547
274.1956112384796,100.0,801.035,100.0,-99.99999237060547
274.23068833351135,100.0,801.036,100.0,-99.99999237060547
274.28800988197327,100.0,801.076,100.0,-99.99999237060547
274.31818103790283,100.0,801.149,100.0,-99.99999237060547
274.35115218162537,100.0,801.159,100.0,-99.99999237060547
274.38276076316833,100.0,801.181,100.0,-99.99999237060547
274.41470432281494,100.0,801.244,100.0,-99.99999237060547
274.4474048614502,100.0,801.277,100.0,-99.99999237060547
274.4791808128357,100.0,801.217,100.0,-99.99999237060547
274.5130021572113,100.0,801.207,100.0,-99.99999237060547
274.5432291030884,100.0,801.231,100.0,-99.99999237060547
274.575731754303,100.0,801.337,100.0,-99.99999237060547
274.6081898212433,100.0,801.311,100.0,-99.99999237060547
274.64466547966003,100.0,801.325,100.0,-99.99999237060547
274.6817936897278,100.0,801.317,100.0,-99.99999237060547
274.70834970474243,100.0,801.339,100.0,-99.99999237060547
274.7418808937073,100.0,801.395,100.0,-99.99999237060547
274.7732012271881,100.0,801.443,100.0,-99.99999237060547
274.80836057662964,100.0,801.45,100.0,-99.99999237060547
274.8375771045685,100.0,801.5,100.0,-99.99999237060547
274.86939120292664,100.0,801.517,100.0,-99.99999237060547
274.9014096260071,100.0,801.548,100.0,-99.99999237060547
274.93280363082886,100.0,801.528,100.0,-99.99999237060547
274.965505361557,100.0,801.564,100.0,-99.99999237060547
275.0107762813568,100.0,801.596,100.0,-99.99999237060547
275.05018520355225,100.0,801.621,100.0,-99.99999237060547
275.0823211669922,100.0,801.666,100.0,-99.99999237060547
275.1153588294983,100.0,801.667,100.0,-99.99999237060547
275.14656472206116,100.0,801.724,100.0,-99.99999237060547
275.1805148124695,100.0,801.721,100.0,-99.99999237060547
275.2125642299652,100.0,801.797,100.0,-99.99999237060547
275.2459752559662,100.0,801.792,100.0,-99.99999237060547
275.27794075012207,100.0,801.797,100.0,-99.99999237060547
275.309903383255,100.0,801.785,100.0,-99.99999237060547
275.3414261341095,100.0,801.782,100.0,-99.99999237060547
275.3734600543976,100.0,801.815,100.0,-99.99999237060547
275.40479731559753,100.0,801.866,100.0,-99.99999237060547
275.438280582428,100.0,801.89,100.0,-99.99999237060547
275.4698221683502,100.0,801.888,100.0,-99.99999237060547
275.50273394584656,100.0,801.923,100.0,-99.99999237060547
275.53360080718994,100.0,801.955,100.0,-99.99999237060547
275.56536626815796,100.0,801.991,100.0,-99.99999237060547
275.597615480423,100.0,801.976,100.0,-99.99999237060547
275.62973856925964,100.0,802.016,100.0,-99.99999237060547
275.66104388237,100.0,802.033,100.0,-99.99999237060547
275.6932203769684,100.0,802.072,100.0,-99.99999237060547
275.71673679351807,100.0,802.071,100.0,-99.99999237060547
275.7505977153778,100.0,802.041,100.0,-99.99999237060547
275.78384494781494,100.0,802.077,100.0,-99.99999237060547
275.81337451934814,100.0,802.058,100.0,-99.99999237060547
275.8452672958374,100.0,802.089,100.0,-99.99999237060547
275.87703800201416,100.0,802.089,100.0,-99.99999237060547
275.9093928337097,100.0,802.136,100.0,-99.99999237060547
275.94181275367737,100.0,802.133,100.0,-99.99999237060547
275.9722726345062,100.0,802.099,100.0,-99.99999237060547
276.0078241825104,100.0,802.133,100.0,-99.99999237060547
276.0371558666229,100.0,802.138,100.0,-99.99999237060547
276.0696485042572,100.0,802.138,100.0,-99.99999237060547
276.1009621620178,100.0,802.094,100.0,-99.99999237060547
276.13307428359985,100.0,802.152,100.0,-99.99999237060547
276.1658184528351,100.0,802.158,100.0,-99.99999237060547
276.197083234787,100.0,802.211,100.0,-99.99999237060547
276.21570014953613,100.0,802.232,100.0,-99.99999237060547
276.2504460811615,100.0,802.225,100.0,-99.99999237060547
276.28185534477234,100.0,802.291,100.0,-99.99999237060547
276.31346917152405,100.0,802.397,100.0,-99.99999237060547
276.3456873893738,100.0,802.407,100.0,-99.99999237060547
276.38437700271606,100.0,802.406,100.0,-99.99999237060547
276.40953183174133,100.0,802.393,100.0,-99.99999237060547
276.4397578239441,100.0,802.382,100.0,-99.99999237060547
276.4729063510895,100.0,802.425,100.0,-99.99999237060547
276.5016918182373,100.0,802.426,100.0,-99.99999237060547
276.5332489013672,100.0,802.466,100.0,-99.99999237060547
276.56546449661255,100.0,802.494,100.0,-99.99999237060547
276.59843134880066,100.0,802.501,100.0,-99.99999237060547
276.6296103000641,100.0,802.522,100.0,-99.99999237060547
276.6609172821045,100.0,802.55,100.0,-99.99999237060547
276.6933488845825,100.0,802.572,100.0,-99.99999237060547
276.7266471385956,100.0,802.625,100.0,-99.99999237060547
276.7506260871887,100.0,802.652,100.0,-99.99999237060547
276.7817702293396,100.0,802.634,100.0,-99.99999237060547
276.81475162506104,100.0,802.606,100.0,-99.99999237060547
276.84620213508606,100.0,802.63,100.0,-99.99999237060547
276.8781270980835,100.0,802.648,100.0,-99.99999237060547
276.91022396087646,100.0,802.688,100.0,-99.99999237060547
276.942831993103,100.0,802.726,100.0,-99.99999237060547
276.9745509624481,100.0,802.753,100.0,-99.99999237060547
277.00643157958984,100.0,802.799,100.0,-99.99999237060547
277.0390975475311,100.0,802.788,100.0,-99.99999237060547
277.07221508026123,100.0,802.84,100.0,-99.99999237060547
277.102826833725,100.0,802.858,100.0,-99.99999237060547
277.13501024246216,100.0,802.875,100.0,-99.99999237060547
277.1830904483795,100.0,802.889,100.0,-99.99999237060547
277.21615386009216,100.0,802.902,100.0,-99.99999237060547
277.2494447231293,100.0,802.902,100.0,-99.99999237060547
277.27963876724243,100.0,802.917,100.0,-99.99999237060547
277.31058287620544,100.0,802.952,100.0,-99.99999237060547
277.34333992004395,100.0,802.933,100.0,-99.99999237060547
277.37536215782166,100.0,802.92,100.0,-99.99999237060547
277.4071056842804,100.0,802.915,100.0,-99.99999237060547
277.43883895874023,100.0,802.926,100.0,-99.99999237060547
277.4721145629883,100.0,802.943,100.0,-99.99999237060547
277.503657579422,100.0,802.938,100.0,-99.99999237060547
277.53547382354736,100.0,802.965,100.0,-99.99999237060547
277.5662338733673,100.0,802.954,100.0,-99.99999237060547
277.59884095191956,100.0,803.073,100.0,-99.99999237060547
277.63099575042725,100.0,803.073,100.0,-99.99999237060547
277.66293716430664,100.0,803.096,100.0,-99.99999237060547
277.69567227363586,100.0,803.14,100.0,-99.99999237060547
277.7270402908325,100.0,803.153,100.0,-99.99999237060547
277.7609715461731,100.0,803.25,100.0,-99.99999237060547
277.79259872436523,100.0,803.32,100.0,-99.99999237060547
277.8354802131653,100.0,803.358,100.0,-99.99999237060547
277.86611127853394,100.0,803.359,100.0,-99.99999237060547
277.89758372306824,100.0,803.357,100.0,-99.99999237060547
277.92962169647217,100.0,803.394,100.0,-99.99999237060547
277.96205830574036,100.0,803.402,100.0,-99.99999237060547
277.9950976371765,100.0,803.439,100.0,-99.99999237060547
278.0294032096863,100.0,803.479,100.0,-99.99999237060547
278.0622823238373,100.0,803.493,100.0,-99.99999237060547
278.09172224998474,100.0,803.474,100.0,-99.99999237060547
278.1238901615143,100.0,803.437,100.0,-99.99999237060547
278.15506887435913,100.0,803.468,100.0,-99.99999237060547
278.1876449584961,100.0,803.506,100.0,-99.99999237060547
278.2193558216095,100.0,803.552,100.0,-99.99999237060547
278.2521827220917,100.0,803.571,100.0,-99.99999237060547
278.286500453949,100.0,803.601,100.0,-99.99999237060547
278.3154489994049,100.0,803.59,100.0,-99.99999237060547
278.34765434265137,100.0,803.602,100.0,-99.99999237060547
278.37992691993713,100.0,803.639,100.0,-99.99999237060547
278.41195702552795,100.0,803.675,100.0,-99.99999237060547
278.4439103603363,100.0,803.676,100.0,-99.99999237060547
278.4763197898865,100.0,803.671,100.0,-99.99999237060547
278.51031017303467,100.0,803.663,100.0,-99.99999237060547
278.5471751689911,100.0,803.651,100.0,-99.99999237060547
278.58874106407166,100.0,803.669,100.0,-99.99999237060547
278.63720893859863,100.0,803.671,100.0,-99.99999237060547
278.6696844100952,100.0,803.723,100.0,-99.99999237060547
278.70183515548706,100.0,803.748,100.0,-99.99999237060547
278.7357065677643,100.0,803.801,100.0,-99.99999237060547
278.7662763595581,100.0,803.806,100.0,-99.99999237060547
278.7988979816437,100.0,803.823,100.0,-99.99999237060547
278.830454826355,100.0,803.867,100.0,-99.99999237060547
278.8623774051666,100.0,803.877,100.0,-99.99999237060547
278.8937907218933,100.0,803.905,100.0,-99.99999237060547
278.92614483833313,100.0,803.906,100.0,-99.99999237060547
278.9615364074707,100.0,803.928,100.0,-99.99999237060547
278.9896697998047,100.0,803.938,100.0,-99.99999237060547
279.0221335887909,100.0,803.949,100.0,-99.99999237060547
279.0535521507263,100.0,803.99,100.0,-99.99999237060547
279.08944749832153,100.0,804.042,100.0,-99.99999237060547
279.11766266822815,100.0,804.085,100.0,-99.99999237060547
279.1494002342224,100.0,804.098,100.0,-99.99999237060547
279.18669056892395,100.0,804.052,100.0,-99.99999237060547
279.2134268283844,100.0,804.026,100.0,-99.99999237060547
279.24856972694397,100.0,804.041,100.0,-99.99999237060547
279.27742099761963,100.0,804.07,100.0,-99.99999237060547
279.31285858154297,100.0,804.116,100.0,-99.99999237060547
279.3502812385559,100.0,804.125,100.0,-99.99999237060547
279.38803720474243,100.0,804.136,100.0,-99.99999237060547
279.4127016067505,100.0,804.166,100.0,-99.99999237060547
279.43965101242065,100.0,804.192,100.0,-99.99999237060547
279.4727895259857,100.0,804.224,100.0,-99.99999237060547
279.5047128200531,100.0,804.223,100.0,-99.99999237060547
279.5383052825928,100.0,804.216,100.0,-99.99999237060547
279.5688667297363,100.0,804.232,100.0,-99.99999237060547
279.6010048389435,100.0,804.317,100.0,-99.99999237060547
279.6379859447479,100.0,804.357,100.0,-99.99999237060547
279.66407895088196,100.0,804.356,100.0,-99.99999237060547
279.6966595649719,100.0,804.337,100.0,-99.99999237060547
279.72909474372864,100.0,804.355,100.0,-99.99999237060547
279.76485323905945,100.0,804.37,100.0,-99.99999237060547
279.7934193611145,100.0,804.385,100.0,-99.99999237060547
279.8238637447357,100.0,804.378,100.0,-99.99999237060547
279.85609126091003,100.0,804.383,100.0,-99.99999237060547
279.8886454105377,100.0,804.419,100.0,-99.99999237060547
279.9330017566681,100.0,804.469,100.0,-99.99999237060547
279.9668188095093,100.0,804.496,100.0,-99.99999237060547
279.9997749328613,100.0,804.496,100.0,-99.99999237060547
280.03328371047974,100.0,804.536,100.0,-99.99999237060547
280.064115524292,100.0,804.556,100.0,-99.99999237060547
280.09606432914734,100.0,804.574,100.0,-99.99999237060547
280.128515958786,100.0,804.585,100.0,-99.99999237060547
280.1602826118469,100.0,804.595,100.0,-99.99999237060547
280.19183564186096,100.0,804.613,100.0,-99.99999237060547
280.22415041923523,100.0,804.662,100.0,-99.99999237060547
280.25808095932007,100.0,804.684,100.0,-99.99999237060547
280.2886264324188,100.0,804.715,100.0,-99.99999237060547
280.32131028175354,100.0,804.75,100.0,-99.99999237060547
280.35291957855225,100.0,804.792,100.0,-99.99999237060547
280.38421082496643,100.0,804.813,100.0,-99.99999237060547
280.41636967658997,100.0,804.794,100.0,-99.99999237060547
280.4492537975311,100.0,804.81,100.0,-99.99999237060547
280.4928648471832,100.0,804.821,100.0,-99.99999237060547
280.524941444397,100.0,804.841,100.0,-99.99999237060547
280.55778908729553,100.0,804.892,100.0,-99.99999237060547
280.59005784988403,100.0,804.937,100.0,-99.99999237060547
280.6215708255768,100.0,804.948,100.0,-99.99999237060547
280.653657913208,100.0,804.919,100.0,-99.99999237060547
280.68910360336304,100.0,804.866,100.0,-99.99999237060547
280.7136812210083,100.0,804.81,100.0,-99.99999237060547
280.74935388565063,100.0,804.796,100.0,-99.99999237060547
280.7807457447052,100.0,804.78,100.0,-99.99999237060547
280.8151388168335,100.0,804.853,100.0,-99.99999237060547
280.8462369441986,100.0,804.897,100.0,-99.99999237060547
280.87823367118835,100.0,804.938,100.0,-99.99999237060547
280.909982919693,100.0,804.957,100.0,-99.99999237060547
280.94226360321045,100.0,804.956,100.0,-99.99999237060547
280.97454619407654,100.0,804.919,100.0,-99.99999237060547
280.99873995780945,100.0,804.946,100.0,-99.99999237060547
281.03284788131714,100.0,804.962,100.0,-99.99999237060547
281.06428503990173,100.0,804.959,100.0,-99.99999237060547
281.09559059143066,100.0,804.944,100.0,-99.99999237060547
281.12788796424866,100.0,804.959,100.0,-99.99999237060547
281.15988945961,100.0,804.977,100.0,-99.99999237060547
281.19185161590576,100.0,804.963,100.0,-99.99999237060547
281.2242467403412,100.0,804.951,100.0,-99.99999237060547
281.25604128837585,100.0,804.935,100.0,-99.99999237060547
281.28622460365295,100.0,804.925,100.0,-99.99999237060547
281.31763887405396,100.0,804.888,100.0,-99.99999237060547
281.3498594760895,100.0,804.917,100.0,-99.99999237060547
281.3799364566803,100.0,804.934,100.0,-99.99999237060547
281.4092164039612,100.0,805.005,100.0,-99.99999237060547
281.43409633636475,100.0,805.005,100.0,-99.99999237060547
281.46655917167664,100.0,805.076,100.0,-99.99999237060547
281.4972746372223,100.0,805.058,100.0,-99.99999237060547
281.5331377983093,100.0,805.098,100.0,-99.99999237060547
281.56558895111084,100.0,805.108,100.0,-99.99999237060547
281.5968108177185,100.0,805.188,100.0,-99.99999237060547
281.6286540031433,100.0,805.224,100.0,-99.99999237060547
281.6612069606781,100.0,805.278,100.0,-99.99999237060547
281.69367146492004,100.0,805.294,100.0,-99.99999237060547
281.7253386974335,100.0,805.289,100.0,-99.99999237060547
281.75762820243835,100.0,805.255,100.0,-99.99999237060547
281.7913234233856,100.0,805.271,100.0,-99.99999237060547
281.8205626010895,100.0,805.283,100.0,-99.99999237060547
281.8530583381653,100.0,805.31,100.0,-99.99999237060547
281.8841972351074,100.0,805.361,100.0,-99.99999237060547
281.9167537689209,100.0,805.415,100.0,-99.99999237060547
281.94795513153076,100.0,805.438,100.0,-99.99999237060547
281.97924852371216,100.0,805.434,100.0,-99.99999237060547
282.01694416999817,100.0,805.451,100.0,-99.99999237060547
282.049254655838,100.0,805.547,100.0,-99.99999237060547
282.0825729370117,100.0,805.596,100.0,-99.99999237060547
282.11605525016785,100.0,805.623,100.0,-99.99999237060547
282.15004897117615,100.0,805.617,100.0,-99.99999237060547
282.1816325187683,100.0,805.643,100.0,-99.99999237060547
282.2147674560547,100.0,805.67,100.0,-99.99999237060547
282.2472138404846,100.0,805.746,100.0,-99.99999237060547
282.2785949707031,100.0,805.734,100.0,-99.99999237060547
282.3106234073639,100.0,805.728,100.0,-99.99999237060547
282.3438243865967,100.0,805.717,100.0,-99.99999237060547
282.37562346458435,100.0,805.753,100.0,-99.99999237060547
282.4070236682892,100.0,805.768,100.0,-99.99999237060547
282.4391791820526,100.0,805.817,100.0,-99.99999237060547
282.4711422920227,100.0,805.821,100.0,-99.99999237060547
282.50291872024536,100.0,805.875,100.0,-99.99999237060547
282.53464007377625,100.0,805.863,100.0,-99.99999237060547
282.5673909187317,100.0,805.897,100.0,-99.99999237060547
282.598788022995,100.0,805.915,100.0,-99.99999237060547
282.6221363544464,100.0,805.923,100.0,-99.99999237060547
282.6538026332855,100.0,805.922,100.0,-99.99999237060547
282.68590354919434,100.0,805.942,100.0,-99.99999237060547
282.7178599834442,100.0,805.96,100.0,-99.99999237060547
282.7509169578552,100.0,806.061,100.0,-99.99999237060547
282.7836928367615,100.0,806.084,100.0,-99.99999237060547
282.8166310787201,100.0,806.065,100.0,-99.99999237060547
282.84746623039246,100.0,806.059,100.0,-99.99999237060547
282.8932898044586,100.0,806.059,100.0,-99.99999237060547
282.932959318161,100.0,806.097,100.0,-99.99999237060547
282.9664509296417,100.0,806.163,100.0,-99.99999237060547
282.99841356277466,100.0,806.141,100.0,-99.99999237060547
283.0297553539276,100.0,806.16,100.0,-99.99999237060547
283.0615203380585,100.0,806.177,100.0,-99.99999237060547
283.0933392047882,100.0,806.215,100.0,-99.99999237060547
283.1263027191162,100.0,806.22,100.0,-99.99999237060547
283.1572411060333,100.0,806.205,100.0,-99.99999237060547
283.19280982017517,100.0,806.212,100.0,-99.99999237060547
283.2204282283783,100.0,806.228,100.0,-99.99999237060547
283.253116607666,100.0,806.245,100.0,-99.99999237060547
283.28367376327515,100.0,806.242,100.0,-99.99999237060547
283.3162508010864,100.0,806.261,100.0,-99.99999237060547
283.3476142883301,100.0,806.243,100.0,-99.99999237060547
283.3793535232544,100.0,806.26,100.0,-99.99999237060547
283.41120529174805,100.0,806.264,100.0,-99.99999237060547
283.4434368610382,100.0,806.256,100.0,-99.99999237060547
283.47449254989624,100.0,806.265,100.0,-99.99999237060547
283.5142149925232,100.0,806.281,100.0,-99.99999237060547
283.54836773872375,100.0,806.321,100.0,-99.99999237060547
283.5864040851593,100.0,806.371,100.0,-99.99999237060547
283.6193506717682,100.0,806.391,100.0,-99.99999237060547
283.6597707271576,100.0,806.443,100.0,-99.99999237060547
283.6917128562927,100.0,806.441,100.0,-99.99999237060547
283.7238097190857,100.0,806.469,100.0,-99.99999237060547
283.7561891078949,100.0,806.479,100.0,-99.99999237060547
283.7878227233887,100.0,806.522,100.0,-99.99999237060547
283.81962394714355,100.0,806.544,100.0,-99.99999237060547
283.8503403663635,100.0,806.558,100.0,-99.99999237060547
283.88299345970154,100.0,806.577,100.0,-99.99999237060547
283.91399097442627,100.0,806.591,100.0,-99.99999237060547
283.9459593296051,100.0,806.628,100.0,-99.99999237060547
283.97908186912537,100.0,806.68,100.0,-99.99999237060547
284.01078939437866,100.0,806.716,100.0,-99.99999237060547
284.0449025630951,100.0,806.774,100.0,-99.99999237060547
284.076105594635,100.0,806.726,100.0,-99.99999237060547
284.10784673690796,100.0,806.703,100.0,-99.99999237060547
284.13865852355957,100.0,806.724,100.0,-99.99999237060547
284.16704750061035,100.0,806.753,100.0,-99.99999237060547
284.20006489753723,100.0,806.868,100.0,-99.99999237060547
284.23452377319336,100.0,806.981,100.0,-99.99999237060547
284.2689793109894,100.0,807.015,100.0,-99.99999237060547
284.30556654930115,100.0,807.008,100.0,-99.99999237060547
284.33812737464905,100.0,807.054,100.0,-99.99999237060547
284.36970472335815,100.0,807.097,100.0,-99.99999237060547
284.4018397331238,100.0,807.107,100.0,-99.99999237060547
284.43345832824707,100.0,807.14,100.0,-99.99999237060547
284.46526980400085,100.0,807.104,100.0,-99.99999237060547
284.49702429771423,100.0,807.133,100.0,-99.99999237060547
284.5303463935852,100.0,807.109,100.0,-99.99999237060547
284.5618736743927,100.0,807.131,100.0,-99.99999237060547
284.5941174030304,100.0,807.152,100.0,-99.99999237060547
284.62600088119507,100.0,807.166,100.0,-99.99999237060547
284.65812492370605,100.0,807.158,100.0,-99.99999237060547
284.6834535598755,100.0,807.131,100.0,-99.99999237060547
284.7243585586548,100.0,807.184,100.0,-99.99999237060547
284.75671768188477,100.0,807.229,100.0,-99.99999237060547
284.7871313095093,100.0,807.278,100.0,-99.99999237060547
284.81985569000244,100.0,807.288,100.0,-99.99999237060547
284.850172996521,100.0,807.285,100.0,-99.99999237060547
284.8831946849823,100.0,807.273,100.0,-99.99999237060547
284.91455841064453,100.0,807.291,100.0,-99.99999237060547
284.9517436027527,100.0,807.275,100.0,-99.99999237060547
284.98311376571655,100.0,807.336,100.0,-99.99999237060547
285.0188362598419,100.0,807.372,100.0,-99.99999237060547
285.05176544189453,100.0,807.409,100.0,-99.99999237060547
285.0823893547058,100.0,807.379,100.0,-99.99999237060547
285.11307430267334,100.0,807.297,100.0,-99.99999237060547
285.1455681324005,100.0,807.295,100.0,-99.99999237060547
285.17655324935913,100.0,807.321,100.0,-99.99999237060547
285.20906376838684,100.0,807.379,100.0,-99.99999237060547
285.2326054573059,100.0,807.437,100.0,-99.99999237060547
285.26623010635376,100.0,807.486,100.0,-99.99999237060547
285.2985911369324,100.0,807.537,100.0,-99.99999237060547
285.33009910583496,100.0,807.547,100.0,-99.99999237060547
285.3612461090088,100.0,807.568,100.0,-99.99999237060547
285.39615654945374,100.0,807.599,100.0,-99.99999237060547
285.4249641895294,100.0,807.598,100.0,-99.99999237060547
285.45950531959534,100.0,807.603,100.0,-99.99999237060547
285.4837763309479,100.0,807.603,100.0,-99.99999237060547
285.516259431839,100.0,807.646,100.0,-99.99999237060547
285.54708194732666,100.0,807.666,100.0,-99.99999237060547
285.57972979545593,100.0,807.704,100.0,-99.99999237060547
285.61210227012634,100.0,807.715,100.0,-99.99999237060547
285.6456632614136,100.0,807.75,100.0,-99.99999237060547
285.6702456474304,100.0,807.725,100.0,-99.99999237060547
285.698529958725,100.0,807.715,100.0,-99.99999237060547
285.73564624786377,100.0,807.741,100.0,-99.99999237060547
285.7629976272583,100.0,807.761,100.0,-99.99999237060547
285.7984972000122,100.0,807.813,100.0,-99.99999237060547
285.8329529762268,100.0,807.842,100.0,-99.99999237060547
285.85706210136414,100.0,807.878,100.0,-99.99999237060547
285.8881001472473,100.0,807.863,100.0,-99.99999237060547
285.9203019142151,100.0,807.875,100.0,-99.99999237060547
285.95181345939636,100.0,807.876,100.0,-99.99999237060547
285.9836223125458,100.0,807.897,100.0,-99.99999237060547
286.0154814720154,100.0,807.987,100.0,-99.99999237060547
286.0479574203491,100.0,808.02,100.0,-99.99999237060547
286.0815010070801,100.0,808.011,100.0,-99.99999237060547
286.1106514930725,100.0,807.976,100.0,-99.99999237060547
286.14987683296204,0.0,807.987,0.0,-99.99999237060547
286.17413330078125,0.0,807.992,0.0,-99.99999237060547
286.20668959617615,0.0,808.056,0.0,-99.99999237060547
286.2388412952423,0.0,808.036,0.0,-99.99999237060547
286.2728707790375,0.0,808.032,0.0,-99.99999237060547
286.3006706237793,0.0,808.023,0.0,-99.99999237060547
286.33220410346985,0.0,807.944,0.0,-99.99999237060547
286.36026310920715,0.0,807.897,0.0,-99.99999237060547
286.40020179748535,0.0,807.716,0.0,-99.99999237060547
286.4488959312439,0.0,807.43,0.0,-99.99999237060547
286.4804787635803,0.0,807.358,0.0,-99.99999237060547
286.5130536556244,0.0,807.225,0.0,-99.99999237060547
286.54659819602966,0.0,807.049,0.0,-99.99999237060547
286.5769648551941,0.0,806.429,0.0,-99.99999237060547
286.60918045043945,0.0,806.278,0.0,-99.99999237060547
286.6416573524475,0.0,806.077,0.0,-99.99999237060547
286.67322874069214,0.0,805.883,0.0,-99.99999237060547
286.7071044445038,0.0,805.696,0.0,-99.99999237060547
286.7394154071808,0.0,805.305,0.0,-99.99999237060547
286.7723157405853,0.0,805.141,0.0,-99.99999237060547
286.8022334575653,0.0,804.934,0.0,-99.99999237060547
286.8323812484741,0.0,804.684,0.0,-99.99999237060547
286.8653452396393,0.0,804.414,0.0,-99.99999237060547
286.8965826034546,0.0,803.858,0.0,-99.99999237060547
286.92897272109985,0.0,803.563,0.0,-99.99999237060547
286.9611723423004,0.0,803.262,0.0,-99.99999237060547
286.9970886707306,0.0,802.964,0.0,-99.99999237060547
287.02501463890076,0.0,802.495,0.0,-99.99999237060547
287.0659236907959,0.0,802.04,0.0,-99.99999237060547
287.1010220050812,0.0,801.752,0.0,-99.99999237060547
287.1315929889679,0.0,801.183,0.0,-99.99999237060547
287.1632459163666,0.0,800.931,0.0,-99.99999237060547
287.1974427700043,0.0,800.644,0.0,-99.99999237060547
287.2267065048218,0.0,800.414,0.0,-99.99999237060547
287.25982904434204,0.0,799.828,0.0,-99.99999237060547
287.2918510437012,0.0,799.574,0.0,-99.99999237060547
287.32313537597656,0.0,799.303,0.0,-99.99999237060547
287.345529794693,0.0,799.052,0.0,-99.99999237060547
287.3870928287506,0.0,798.846,0.0,-99.99999237060547
287.41807746887207,0.0,798.336,0.0,-99.99999237060547
287.45003962516785,0.0,798.075,0.0,-99.99999237060547
287.48251581192017,0.0,797.818,0.0,-99.99999237060547
287.5148341655731,0.0,797.567,0.0,-99.99999237060547
287.54668712615967,0.0,797.331,0.0,-99.99999237060547
287.57864713668823,0.0,796.578,0.0,-99.99999237060547
287.61177134513855,0.0,796.312,0.0,-99.99999237060547
287.64280819892883,0.0,795.996,0.0,-99.99999237060547
287.6752505302429,0.0,795.687,0.0,-99.99999237060547
287.70658349990845,0.0,795.05,0.0,-99.99999237060547
287.7384433746338,0.0,794.77,0.0,-99.99999237060547
287.7786376476288,0.0,794.511,0.0,-99.99999237060547
287.81040477752686,0.0,794.22,0.0,-99.99999237060547
287.8493947982788,0.0,793.748,0.0,-99.99999237060547
287.8753402233124,0.0,793.482,0.0,-99.99999237060547
287.9149971008301,0.0,792.881,0.0,-99.99999237060547
287.9477336406708,0.0,792.552,0.0,-99.99999237060547
287.9790241718292,0.0,792.242,0.0,-99.99999237060547
288.027676820755,0.0,791.703,0.0,-99.99999237060547
288.058411359787,0.0,791.412,0.0,-99.99999237060547
288.09053468704224,0.0,791.113,0.0,-99.99999237060547
288.12352681159973,0.0,790.503,0.0,-99.99999237060547
288.15580654144287,0.0,790.23,0.0,-99.99999237060547
288.1872148513794,0.0,789.963,0.0,-99.99999237060547
288.21890926361084,0.0,789.439,0.0,-99.99999237060547
288.2523341178894,0.0,789.167,0.0,-99.99999237060547
288.28277039527893,0.0,788.63,0.0,-99.99999237060547
288.31460070610046,0.0,788.356,0.0,-99.99999237060547
288.3484809398651,0.0,788.096,0.0,-99.99999237060547
288.37895584106445,0.0,787.81,0.0,-99.99999237060547
288.4031891822815,0.0,787.533,0.0,-99.99999237060547
288.4559688568115,0.0,786.964,0.0,-99.99999237060547
288.48814606666565,0.0,786.685,0.0,-99.99999237060547
288.5278785228729,0.0,786.043,0.0,-99.99999237060547
288.5590455532074,0.0,785.757,0.0,-99.99999237060547
288.59828877449036,0.0,785.12,0.0,-99.99999237060547
288.6299076080322,0.0,784.855,0.0,-99.99999237060547
288.6624252796173,0.0,784.529,0.0,-99.99999237060547
288.69355630874634,0.0,784.221,0.0,-99.99999237060547
288.7266402244568,0.0,783.61,0.0,-99.99999237060547
288.7586245536804,0.0,783.351,0.0,-99.99999237060547
288.79044008255005,0.0,782.758,0.0,-99.99999237060547
288.8234865665436,0.0,782.462,0.0,-99.99999237060547
288.85426354408264,0.0,782.134,0.0,-99.99999237060547
288.886677980423,0.0,781.514,0.0,-99.99999237060547
288.9192318916321,0.0,781.214,0.0,-99.99999237060547
288.95089387893677,0.0,780.927,0.0,-99.99999237060547
288.9800498485565,0.0,780.653,0.0,-99.99999237060547
289.0118293762207,0.0,780.081,0.0,-99.99999237060547
289.04406690597534,0.0,779.756,0.0,-99.99999237060547
289.0756199359894,0.0,779.412,0.0,-99.99999237060547
289.10785698890686,0.0,779.096,0.0,-99.99999237060547
289.13961029052734,0.0,778.764,0.0,-99.99999237060547
289.1704156398773,0.0,778.192,0.0,-99.99999237060547
289.2020351886749,0.0,777.881,0.0,-99.99999237060547
289.24351263046265,0.0,777.538,0.0,-99.99999237060547
289.2690064907074,0.0,777.22,0.0,-99.99999237060547
289.3024334907532,0.0,776.909,0.0,-99.99999237060547
289.33369278907776,0.0,776.022,0.0,-99.99999237060547
289.3659586906433,0.0,775.703,0.0,-99.99999237060547
289.3978593349457,0.0,775.363,0.0,-99.99999237060547
289.4281265735626,0.0,775.01,0.0,-99.99999237060547
289.4666931629181,0.0,774.39,0.0,-99.99999237060547
289.49967193603516,0.0,774.099,0.0,-99.99999237060547
289.5298855304718,0.0,773.825,0.0,-99.99999237060547
289.56187677383423,0.0,773.507,0.0,-99.99999237060547
289.59428882598877,0.0,772.857,0.0,-99.99999237060547
289.62707591056824,0.0,772.489,0.0,-99.99999237060547
289.6588726043701,0.0,772.138,0.0,-99.99999237060547
289.69157218933105,0.0,771.823,0.0,-99.99999237060547
289.7258896827698,0.0,771.302,0.0,-99.99999237060547
289.7554290294647,0.0,770.996,0.0,-99.99999237060547
289.7876741886139,0.0,770.682,0.0,-99.99999237060547
289.8190264701843,0.0,770.336,0.0,-99.99999237060547
289.85115098953247,0.0,769.974,0.0,-99.99999237060547
289.8834991455078,0.0,769.081,0.0,-99.99999237060547
289.9161763191223,0.0,768.786,0.0,-99.99999237060547
289.9590892791748,0.0,768.165,0.0,-99.99999237060547
289.9878315925598,0.0,767.816,0.0,-99.99999237060547
290.0126802921295,0.0,767.504,0.0,-99.99999237060547
290.04445123672485,0.0,767.205,0.0,-99.99999237060547
290.07682728767395,0.0,766.809,0.0,-99.99999237060547
290.1088557243347,0.0,766.469,0.0,-99.99999237060547
290.14082074165344,0.0,766.112,0.0,-99.99999237060547
290.1760187149048,0.0,765.506,0.0,-99.99999237060547
290.2051167488098,0.0,765.205,0.0,-99.99999237060547
290.23810052871704,0.0,764.922,0.0,-99.99999237060547
290.27005195617676,0.0,764.558,0.0,-99.99999237060547
290.30229473114014,0.0,763.919,0.0,-99.99999237060547
290.3340139389038,0.0,763.587,0.0,-99.99999237060547
290.3654947280884,0.0,763.28,0.0,-99.99999237060547
290.40201592445374,0.0,762.992,0.0,-99.99999237060547
290.4304778575897,0.0,762.272,0.0,-99.99999237060547
290.4622428417206,0.0,761.624,0.0,-99.99999237060547
290.4940347671509,0.0,761.31,0.0,-99.99999237060547
290.5251233577728,0.0,761.018,0.0,-99.99999237060547
290.55637311935425,0.0,760.706,0.0,-99.99999237060547
290.5885169506073,0.0,760.387,0.0,-99.99999237060547
290.6046242713928,0.0,760.026,0.0,-99.99999237060547
290.6455330848694,0.0,759.225,0.0,-99.99999237060547
290.6818804740906,0.0,758.979,0.0,-99.99999237060547
290.7206346988678,0.0,758.648,0.0,-99.99999237060547
290.75371742248535,0.0,757.909,0.0,-99.99999237060547
290.78545594215393,0.0,757.597,0.0,-99.99999237060547
290.8164076805115,0.0,757.287,0.0,-99.99999237060547
290.8521308898926,0.0,756.93,0.0,-99.99999237060547
290.8808424472809,0.0,756.639,0.0,-99.99999237060547
290.9118790626526,0.0,755.69,0.0,-99.99999237060547
290.94435715675354,0.0,755.327,0.0,-99.99999237060547
290.9764447212219,0.0,754.995,0.0,-99.99999237060547
291.0086033344269,0.0,754.696,0.0,-99.99999237060547
291.0409257411957,0.0,754.1,0.0,-99.99999237060547
291.0667173862457,0.0,753.805,0.0,-99.99999237060547
291.1015901565552,0.0,753.435,0.0,-99.99999237060547
291.1307599544525,0.0,753.063,0.0,-99.99999237060547
291.16313552856445,0.0,752.709,0.0,-99.99999237060547
291.19578981399536,0.0,752.365,0.0,-99.99999237060547
291.2273519039154,0.0,751.859,0.0,-99.99999237060547
291.26048851013184,0.0,751.561,0.0,-99.99999237060547
291.29158186912537,0.0,751.188,0.0,-99.99999237060547
291.32624673843384,0.0,750.885,0.0,-99.99999237060547
291.364253282547,0.0,750.301,0.0,-99.99999237060547
291.4015407562256,0.0,749.671,0.0,-99.99999237060547
291.4336714744568,0.0,748.915,0.0,-99.99999237060547
291.46605944633484,0.0,748.618,0.0,-99.99999237060547
291.5031187534332,0.0,748.311,0.0,-99.99999237060547
291.52948236465454,0.0,747.999,0.0,-99.99999237060547
291.56215476989746,0.0,747.694,0.0,-99.99999237060547
291.5972537994385,0.0,746.933,0.0,-99.99999237060547
291.6297698020935,0.0,746.641,0.0,-99.99999237060547
291.6617307662964,0.0,746.319,0.0,-99.99999237060547
291.6938810348511,0.0,746.009,0.0,-99.99999237060547
291.72809529304504,0.0,745.392,0.0,-99.99999237060547
291.75845408439636,0.0,745.051,0.0,-99.99999237060547
291.790048122406,0.0,744.688,0.0,-99.99999237060547
291.82136607170105,0.0,744.346,0.0,-99.99999237060547
291.8528573513031,0.0,743.676,0.0,-99.99999237060547
291.884149312973,0.0,743.347,0.0,-99.99999237060547
291.91567373275757,0.0,742.983,0.0,-99.99999237060547
291.94688653945923,0.0,742.602,0.0,-99.99999237060547
291.97941637039185,0.0,742.251,0.0,-99.99999237060547
292.02728748321533,0.0,741.293,0.0,-99.99999237060547
292.05825304985046,0.0,740.964,0.0,-99.99999237060547
292.100533246994,0.0,740.275,0.0,-99.99999237060547
292.16213631629944,0.0,739.588,0.0,-99.99999237060547
292.1944615840912,0.0,738.942,0.0,-99.99999237060547
292.228111743927,0.0,738.629,0.0,-99.99999237060547
292.25882148742676,0.0,738.311,0.0,-99.99999237060547
292.2894535064697,0.0,737.98,0.0,-99.99999237060547
292.3208911418915,0.0,737.601,0.0,-99.99999237060547
292.3547236919403,0.0,736.882,0.0,-99.99999237060547
292.3832347393036,0.0,736.536,0.0,-99.99999237060547
292.4153983592987,0.0,736.215,0.0,-99.99999237060547
292.4470634460449,0.0,735.905,0.0,-99.99999237060547
292.4631791114807,0.0,735.595,0.0,-99.99999237060547
292.4947099685669,0.0,735.281,0.0,-99.99999237060547
292.5271701812744,0.0,734.999,0.0,-99.99999237060547
292.5580427646637,0.0,734.391,0.0,-99.99999237060547
292.5909423828125,0.0,734.018,0.0,-99.99999237060547
292.62330389022827,0.0,733.666,0.0,-99.99999237060547
292.66603684425354,0.0,732.671,0.0,-99.99999237060547
292.69760060310364,0.0,732.34,0.0,-99.99999237060547
292.7299163341522,0.0,732.023,0.0,-99.99999237060547
292.76102018356323,0.0,731.646,0.0,-99.99999237060547
292.7933814525604,0.0,731.084,0.0,-99.99999237060547
292.82918906211853,0.0,730.758,0.0,-99.99999237060547
292.8667833805084,0.0,730.466,0.0,-99.99999237060547
292.8970756530762,0.0,729.722,0.0,-99.99999237060547
292.9295856952667,0.0,729.383,0.0,-99.99999237060547
292.9615321159363,0.0,729.062,0.0,-99.99999237060547
292.99403524398804,0.0,728.754,0.0,-99.99999237060547
293.02988839149475,0.0,728.123,0.0,-99.99999237060547
293.05852365493774,0.0,727.775,0.0,-99.99999237060547
293.09031772613525,0.0,727.429,0.0,-99.99999237060547
293.12212777137756,0.0,727.073,0.0,-99.99999237060547
293.15510535240173,0.0,726.731,0.0,-99.99999237060547
293.1986081600189,0.0,725.798,0.0,-99.99999237060547
293.2138738632202,0.0,725.484,0.0,-99.99999237060547
293.24741435050964,0.0,725.127,0.0,-99.99999237060547
293.2793490886688,0.0,724.77,0.0,-99.99999237060547
293.3102445602417,0.0,724.421,0.0,-99.99999237060547
293.3419899940491,0.0,723.814,0.0,-99.99999237060547
293.374306678772,0.0,723.501,0.0,-99.99999237060547
293.4067668914795,0.0,723.137,0.0,-99.99999237060547
293.43882513046265,0.0,722.793,0.0,-99.99999237060547
293.470960855484,0.0,722.116,0.0,-99.99999237060547
293.5050251483917,0.0,721.83,0.0,-99.99999237060547
293.53468012809753,0.0,721.487,0.0,-99.99999237060547
293.56658411026,0.0,721.191,0.0,-99.99999237060547
293.5911304950714,0.0,720.847,0.0,-99.99999237060547
293.6223020553589,0.0,720.534,0.0,-99.99999237060547
293.6544563770294,0.0,719.888,0.0,-99.99999237060547
293.686616897583,0.0,719.609,0.0,-99.99999237060547
293.71572065353394,0.0,719.312,0.0,-99.99999237060547
293.7489836215973,0.0,719.029,0.0,-99.99999237060547
293.78007555007935,0.0,718.75,0.0,-99.99999237060547
293.81179571151733,0.0,717.773,0.0,-99.99999237060547
293.84435391426086,0.0,717.467,0.0,-99.99999237060547
293.87607622146606,0.0,717.153,0.0,-99.99999237060547
293.9073929786682,0.0,716.839,0.0,-99.99999237060547
293.93991351127625,0.0,716.504,0.0,-99.99999237060547
293.971711397171,0.0,715.845,0.0,-99.99999237060547
294.00524950027466,0.0,715.524,0.0,-99.99999237060547
294.03588128089905,0.0,715.215,0.0,-99.99999237060547
294.06862473487854,0.0,714.872,0.0,-99.99999237060547
294.1010024547577,0.0,714.238,0.0,-99.99999237060547
294.1325604915619,0.0,713.934,0.0,-99.99999237060547
294.16530537605286,0.0,713.612,0.0,-99.99999237060547
294.19824171066284,0.0,713.268,0.0,-99.99999237060547
294.21369671821594,0.0,712.945,0.0,-99.99999237060547
294.25519728660583,0.0,712.168,0.0,-99.99999237060547
294.2828001976013,0.0,711.827,0.0,-99.99999237060547
294.312961101532,0.0,711.545,0.0,-99.99999237060547
294.35306763648987,0.0,711.284,0.0,-99.99999237060547
294.3843083381653,0.0,710.766,0.0,-99.99999237060547
294.4159474372864,0.0,710.098,0.0,-99.99999237060547
294.44841957092285,0.0,709.821,0.0,-99.99999237060547
294.48031187057495,0.0,709.486,0.0,-99.99999237060547
294.5124785900116,0.0,709.117,0.0,-99.99999237060547
294.5454158782959,0.0,708.452,0.0,-99.99999237060547
294.5772075653076,0.0,708.126,0.0,-99.99999237060547
294.6096975803375,0.0,707.856,0.0,-99.99999237060547
294.64037013053894,0.0,707.529,0.0,-99.99999237060547
294.6732487678528,0.0,707.224,0.0,-99.99999237060547
294.7061219215393,0.0,706.548,0.0,-99.99999237060547
294.7373490333557,0.0,706.192,0.0,-99.99999237060547
294.7666926383972,0.0,705.865,0.0,-99.99999237060547
294.7943127155304,0.0,705.505,0.0,-99.99999237060547
294.8273231983185,0.0,705.2,0.0,-99.99999237060547
294.8589131832123,0.0,704.563,0.0,-99.99999237060547
294.89143562316895,0.0,704.263,0.0,-99.99999237060547
294.93209886550903,0.0,703.624,0.0,-99.99999237060547
294.97136759757996,0.0,702.963,0.0,-99.99999237060547
294.9954216480255,0.0,702.632,0.0,-99.99999237060547
295.0272808074951,0.0,702.318,0.0,-99.99999237060547
295.0599641799927,0.0,702.009,0.0,-99.99999237060547
295.09218192100525,0.0,701.712,0.0,-99.99999237060547
295.1234486103058,0.0,701.054,0.0,-99.99999237060547
295.1560323238373,0.0,700.702,0.0,-99.99999237060547
295.18734526634216,0.0,700.372,0.0,-99.99999237060547
295.2197525501251,0.0,700.071,0.0,-99.99999237060547
295.2524309158325,0.0,699.427,0.0,-99.99999237060547
295.2835810184479,0.0,699.109,0.0,-99.99999237060547
295.3249545097351,0.0,698.82,0.0,-99.99999237060547
295.35615515708923,0.0,698.196,0.0,-99.99999237060547
295.387592792511,0.0,697.912,0.0,-99.99999237060547
295.420250415802,0.0,697.569,0.0,-99.99999237060547
295.4519362449646,0.0,697.273,0.0,-99.99999237060547
295.48497223854065,0.0,696.934,0.0,-99.99999237060547
295.51566314697266,0.0,696.293,0.0,-99.99999237060547
295.54801774024963,0.0,695.954,0.0,-99.99999237060547
295.5814824104309,0.0,695.365,0.0,-99.99999237060547
295.61109590530396,0.0,695.026,0.0,-99.99999237060547
295.64232659339905,0.0,694.45,0.0,-99.99999237060547
295.6819670200348,0.0,694.144,0.0,-99.99999237060547
295.70925998687744,0.0,693.858,0.0,-99.99999237060547
295.7392375469208,0.0,693.532,0.0,-99.99999237060547
295.7710475921631,0.0,692.919,0.0,-99.99999237060547
295.8067481517792,0.0,692.593,0.0,-99.99999237060547
295.8319265842438,0.0,692.289,0.0,-99.99999237060547
295.86400747299194,0.0,691.962,0.0,-99.99999237060547
295.8964557647705,0.0,691.661,0.0,-99.99999237060547
295.9288547039032,0.0,691.051,0.0,-99.99999237060547
295.9596426486969,0.0,690.691,0.0,-99.99999237060547
295.99195528030396,0.0,690.398,0.0,-99.99999237060547
296.02443289756775,0.0,690.076,0.0,-99.99999237060547
296.05706214904785,0.0,689.452,0.0,-99.99999237060547
296.088650226593,0.0,689.092,0.0,-99.99999237060547
296.1212148666382,0.0,688.779,0.0,-99.99999237060547
296.15303683280945,0.0,688.527,0.0,-99.99999237060547
296.18608927726746,0.0,687.975,0.0,-99.99999237060547
296.2177734375,0.0,687.657,0.0,-99.99999237060547
296.25110387802124,0.0,686.97,0.0,-99.99999237060547
296.2817084789276,0.0,686.602,0.0,-99.99999237060547
296.31337237358093,0.0,686.267,0.0,-99.99999237060547
296.3456280231476,0.0,685.661,0.0,-99.99999237060547
296.3833260536194,0.0,685.428,0.0,-99.99999237060547
296.4136412143707,0.0,685.207,0.0,-99.99999237060547
296.43787026405334,0.0,684.977,0.0,-99.99999237060547
296.4704809188843,0.0,684.672,0.0,-99.99999237060547
296.5015504360199,0.0,684.057,0.0,-99.99999237060547
296.53373193740845,0.0,683.714,0.0,-99.99999237060547
296.5652537345886,0.0,683.412,0.0,-99.99999237060547
296.59814715385437,0.0,683.095,0.0,-99.99999237060547
296.634872674942,0.0,682.768,0.0,-99.99999237060547
296.6611297130585,0.0,682.128,0.0,-99.99999237060547
296.6936295032501,0.0,681.742,0.0,-99.99999237060547
296.7243580818176,0.0,681.461,0.0,-99.99999237060547
296.75700640678406,0.0,681.288,0.0,-99.99999237060547
296.7879297733307,0.0,680.618,0.0,-99.99999237060547
296.8202669620514,0.0,680.287,0.0,-99.99999237060547
296.8521592617035,0.0,679.663,0.0,-99.99999237060547
296.8848373889923,0.0,679.352,0.0,-99.99999237060547
296.90909695625305,0.0,679.072,0.0,-99.99999237060547
296.94082832336426,0.0,678.8,0.0,-99.99999237060547
296.9730181694031,0.0,678.198,0.0,-99.99999237060547
297.00490069389343,0.0,677.872,0.0,-99.99999237060547
297.03496742248535,0.0,677.595,0.0,-99.99999237060547
297.0856785774231,0.0,676.997,0.0,-99.99999237060547
297.1229467391968,0.0,676.713,0.0,-99.99999237060547
297.1596395969391,0.0,676.052,0.0,-99.99999237060547
297.1866683959961,0.0,675.746,0.0,-99.99999237060547
297.2186486721039,0.0,675.458,0.0,-99.99999237060547
297.2518012523651,0.0,675.19,0.0,-99.99999237060547
297.2823452949524,0.0,674.989,0.0,-99.99999237060547
297.3141007423401,0.0,674.328,0.0,-99.99999237060547
297.34687089920044,0.0,674.027,0.0,-99.99999237060547
297.3779821395874,0.0,673.722,0.0,-99.99999237060547
297.4075527191162,0.0,673.454,0.0,-99.99999237060547
297.4397358894348,0.0,673.245,0.0,-99.99999237060547
297.4718039035797,0.0,672.316,0.0,-99.99999237060547
297.5038866996765,0.0,672.002,0.0,-99.99999237060547
297.5362913608551,0.0,671.651,0.0,-99.99999237060547
297.568740606308,0.0,671.358,0.0,-99.99999237060547
297.601016998291,0.0,671.061,0.0,-99.99999237060547
297.63246417045593,0.0,670.492,0.0,-99.99999237060547
297.665269613266,0.0,670.216,0.0,-99.99999237060547
297.69680428504944,0.0,669.92,0.0,-99.99999237060547
297.728413105011,0.0,669.643,0.0,-99.99999237060547
297.7685239315033,0.0,668.973,0.0,-99.99999237060547
297.79938793182373,0.0,668.63,0.0,-99.99999237060547
297.84006929397583,0.0,668.068,0.0,-99.99999237060547
297.8714280128479,0.0,667.83,0.0,-99.99999237060547
297.90418910980225,0.0,667.55,0.0,-99.99999237060547
297.936913728714,0.0,667.256,0.0,-99.97714233398438
297.96650409698486,0.0,667.005,0.0,-99.95794677734375
298.01028752326965,0.0,666.001,0.0,-99.874267578125
298.0385739803314,0.0,665.713,0.0,-99.83255004882812
298.07031202316284,0.0,665.445,0.0,-99.791748046875
298.1024932861328,0.0,664.867,0.0,-99.75022888183594
298.1349928379059,0.0,664.595,0.0,-99.66854095458984
298.16649436950684,0.0,664.298,0.0,-99.62725830078125
298.19838762283325,0.0,664.001,0.0,-99.58541107177734
298.23050355911255,0.0,663.369,0.0,-99.55557250976562
298.26192474365234,0.0,663.121,0.0,-99.4847640991211
298.2933461666107,0.0,662.753,0.0,-99.44808959960938
298.325909614563,0.0,662.46,0.0,-99.40663146972656
298.35779666900635,0.0,662.261,0.0,-99.3646011352539
298.3896908760071,0.0,661.608,0.0,-99.28416442871094
298.4225471019745,0.0,661.286,0.0,-99.24107360839844
298.45437574386597,0.0,660.943,0.0,-99.19652557373047
298.4858500957489,0.0,660.362,0.0,-99.0918960571289
298.51703906059265,0.0,660.123,0.0,-99.03929138183594
298.54758286476135,0.0,659.566,0.0,-98.98974609375
298.5816345214844,0.0,659.294,0.0,-98.94169616699219
298.613219499588,0.0,659.035,0.0,-98.8514175415039
298.64512515068054,0.0,658.671,0.0,-98.80443572998047
298.67781472206116,0.0,658.094,0.0,-98.75822448730469
298.7106077671051,0.0,657.869,0.0,-98.6710205078125
298.7419147491455,0.0,657.592,0.0,-98.64097595214844
298.77545642852783,0.0,657.319,0.0,-98.6084976196289
298.80443930625916,0.0,657.03,0.0,-98.57426452636719
298.836462020874,0.0,656.509,0.0,-98.50121307373047
298.86883544921875,0.0,656.212,0.0,-98.4640884399414
298.90045833587646,0.0,655.947,0.0,-98.42512512207031
298.9359452724457,0.0,655.619,0.0,-98.34432220458984
298.96562790870667,0.0,655.075,0.0,-98.30158233642578
298.9974410533905,0.0,654.657,0.0,-98.26052856445312
299.0338451862335,0.0,654.347,0.0,-98.21342468261719
299.0592007637024,0.0,653.776,0.0,-98.1079330444336
299.0916826725006,0.0,653.512,0.0,-98.05406951904297
299.1226727962494,0.0,653.252,0.0,-98.00382995605469
299.15480494499207,0.0,652.713,0.0,-97.95985412597656
299.19509959220886,0.0,652.399,0.0,-97.86605072021484
299.2197515964508,0.0,652.085,0.0,-97.81890106201172
299.2532649040222,0.0,651.801,0.0,-97.77290344238281
299.2844717502594,0.0,651.291,0.0,-97.70470428466797
299.31736493110657,0.0,651.086,0.0,-97.6702880859375
299.3486511707306,0.0,650.881,0.0,-97.63736724853516
299.381046295166,0.0,650.542,0.0,-97.60557556152344
299.4128541946411,0.0,649.933,0.0,-97.52935028076172
299.44435691833496,0.0,649.631,0.0,-97.48884582519531
299.47563195228577,0.0,649.363,0.0,-97.447021484375
299.50867772102356,0.0,649.131,0.0,-97.40560150146484
299.54337549209595,0.0,648.605,0.0,-97.32679748535156
299.5897421836853,0.0,648.41,0.0,-97.25082397460938
299.6209056377411,0.0,647.479,0.0,-97.19686126708984
299.65243315696716,0.0,647.181,0.0,-97.1460952758789
299.68505859375,0.0,646.988,0.0,-97.09654998779297
299.7169601917267,0.0,646.604,0.0,-97.00436401367188
299.7490351200104,0.0,646.295,0.0,-96.95654296875
299.78097653388977,0.0,645.742,0.0,-96.91028594970703
299.8130717277527,0.0,645.465,0.0,-96.8210220336914
299.8449115753174,0.0,645.171,0.0,-96.78919219970703
299.87649726867676,0.0,644.882,0.0,-96.7545394897461
299.91030621528625,0.0,644.377,0.0,-96.71788024902344
299.94907903671265,0.0,644.165,0.0,-96.64454650878906
299.98841977119446,0.0,643.664,0.0,-96.57478332519531
300.02097749710083,0.0,643.354,0.0,-96.53873443603516
300.0530412197113,0.0,643.078,0.0,-96.4999771118164
300.08890414237976,0.0,642.643,0.0,-96.41390228271484
300.1149353981018,0.0,642.326,0.0,-96.36666870117188
300.146488904953,0.0,641.656,0.0,-96.3147964477539
300.17844915390015,0.0,641.366,0.0,-96.26625061035156
300.211443901062,0.0,641.168,0.0,-96.17597961425781
300.2434868812561,0.0,640.787,0.0,-96.12916564941406
300.27534317970276,0.0,640.49,0.0,-96.082763671875
300.3132152557373,0.0,639.887,0.0,-95.99065399169922
300.33889722824097,0.0,639.593,0.0,-95.94488525390625
300.37102007865906,0.0,639.362,0.0,-95.91181182861328
300.4029428958893,0.0,639.094,0.0,-95.87884521484375
300.43423342704773,0.0,638.526,0.0,-95.84436798095703
300.46676421165466,0.0,638.355,0.0,-95.77120971679688
300.498291015625,0.0,638.009,0.0,-95.7367172241211
300.53165650367737,0.0,637.725,0.0,-95.69768524169922
300.56265234947205,0.0,637.57,0.0,-95.62248229980469
300.5986695289612,0.0,637.083,0.0,-95.58329010009766
300.6279191970825,0.0,636.684,0.0,-95.54873657226562
300.6687316894531,0.0,636.099,0.0,-95.45293426513672
300.7029719352722,0.0,635.523,0.0,-95.4001235961914
300.7378566265106,0.0,635.235,0.0,-95.30162048339844
300.7671318054199,0.0,635.036,0.0,-95.25800323486328
300.7987313270569,0.0,634.753,0.0,-95.21466064453125
300.8307235240936,0.0,634.25,0.0,-95.17216491699219
300.86268877983093,0.0,633.884,0.0,-95.08732604980469
300.893830537796,0.0,633.584,0.0,-95.04267883300781
300.9277403354645,0.0,633.295,0.0,-94.998291015625
300.9638695716858,0.0,633.002,0.0,-94.93144989013672
300.9915511608124,0.0,632.423,0.0,-94.89907836914062
301.02446389198303,0.0,632.2,0.0,-94.859619140625
301.05624079704285,0.0,631.992,0.0,-94.82191467285156
301.0886187553406,0.0,631.724,0.0,-94.74948120117188
301.11670660972595,0.0,631.509,0.0,-94.71419525146484
301.1448218822479,0.0,630.944,0.0,-94.66531372070312
301.1771252155304,0.0,630.35,0.0,-94.61767578125
301.21425461769104,0.0,630.093,0.0,-94.52456665039062
301.24123215675354,0.0,629.762,0.0,-94.47772216796875
301.2737202644348,0.0,629.523,0.0,-94.4336929321289
301.30588817596436,0.0,629.291,0.0,-94.40189361572266
301.34573435783386,0.0,628.854,0.0,-94.33634948730469
301.3742632865906,0.0,628.578,0.0,-94.30509185791016
301.4078574180603,0.0,628.239,0.0,-94.2714614868164
301.4390957355499,0.0,628.041,0.0,-94.19757843017578
301.4701645374298,0.0,627.52,0.0,-94.16081237792969
301.50207018852234,0.0,627.23,0.0,-94.123779296875
301.5345721244812,0.0,627.034,0.0,-94.08502960205078
301.56720066070557,0.0,626.469,0.0,-93.99925994873047
301.59916734695435,0.0,625.948,0.0,-93.95304107666016
301.6316740512848,0.0,625.712,0.0,-93.90743255615234
301.664751291275,0.0,625.408,0.0,-93.82046508789062
301.69437432289124,0.0,625.16,0.0,-93.77824401855469
301.7265360355377,0.0,624.892,0.0,-93.73651123046875
301.7583878040314,0.0,624.313,0.0,-93.69343566894531
301.7908499240875,0.0,624.07,0.0,-93.61009216308594
301.82256627082825,0.0,623.782,0.0,-93.58068084716797
301.8551800251007,0.0,623.541,0.0,-93.54800415039062
301.8905384540558,0.0,623.043,0.0,-93.48280334472656
301.9190888404846,0.0,622.779,0.0,-93.44759368896484
301.95150232315063,0.0,622.545,0.0,-93.41133117675781
301.9831428527832,0.0,622.183,0.0,-93.37550354003906
302.01461124420166,0.0,621.986,0.0,-93.29679870605469
302.06586360931396,0.0,621.537,0.0,-93.22248840332031
302.1049485206604,0.0,620.937,0.0,-93.18360137939453
302.13876509666443,0.0,620.709,0.0,-93.10601043701172
302.168096780777,0.0,620.498,0.0,-93.06973266601562
302.2235462665558,0.0,619.686,0.0,-92.97400665283203
302.2541460990906,0.0,619.165,0.0,-92.9291000366211
302.28538751602173,0.0,618.901,0.0,-92.8852310180664
302.31771302223206,0.0,618.625,0.0,-92.79973602294922
302.3498113155365,0.0,618.397,0.0,-92.75936126708984
302.3822252750397,0.0,618.051,0.0,-92.73029327392578
302.4159505367279,0.0,617.611,0.0,-92.65959930419922
302.4472734928131,0.0,617.301,0.0,-92.62646484375
302.47880601882935,0.0,617.057,0.0,-92.58989715576172
302.51233863830566,0.0,616.777,0.0,-92.51551818847656
302.5437481403351,0.0,616.219,0.0,-92.47681427001953
302.575457572937,0.0,615.938,0.0,-92.43692016601562
302.6081314086914,0.0,615.701,0.0,-92.39631652832031
302.6396424770355,0.0,615.469,0.0,-92.31893920898438
302.6734380722046,0.0,615.006,0.0,-92.28269958496094
302.6993799209595,0.0,615.006,0.0,-92.24613952636719
302.73366618156433,0.0,614.196,0.0,-92.20823669433594
302.7654526233673,0.0,613.935,0.0,-92.11137390136719
302.79869961738586,0.0,613.707,0.0,-92.06735229492188
302.84996366500854,0.0,613.305,0.0,-91.98899841308594
302.8796534538269,0.0,613.007,0.0,-91.94970703125
302.91203212738037,0.0,612.471,0.0,-91.92144012451172
302.94394612312317,0.0,612.209,0.0,-91.85767364501953
302.9758667945862,0.0,611.927,0.0,-91.82295227050781
303.0075991153717,0.0,611.674,0.0,-91.78628540039062
303.03989839553833,0.0,611.466,0.0,-91.71399688720703
303.0730035305023,0.0,611.054,0.0,-91.67747497558594
303.1037254333496,0.0,610.741,0.0,-91.6451416015625
303.13587737083435,0.0,610.486,0.0,-91.60897827148438
303.1680510044098,0.0,610.282,0.0,-91.53729248046875
303.1993889808655,0.0,609.769,0.0,-91.50199890136719
303.23229241371155,0.0,609.252,0.0,-91.46532440185547
303.26614332199097,0.0,609.07,0.0,-91.37435150146484
303.2958836555481,0.0,608.747,0.0,-91.32964324951172
303.3268930912018,0.0,608.545,0.0,-91.28861999511719
303.3598165512085,0.0,608.011,0.0,-91.24504852294922
303.39262413978577,0.0,607.7,0.0,-91.1628646850586
303.42439126968384,0.0,607.46,0.0,-91.12235260009766
303.45653772354126,0.0,607.22,0.0,-91.0931167602539
303.4910418987274,0.0,606.725,0.0,-91.030517578125
303.5287525653839,0.0,606.516,0.0,-90.99737548828125
303.5662536621094,0.0,605.93,0.0,-90.92872619628906
303.5898413658142,0.0,605.93,0.0,-90.89120483398438
303.6209623813629,0.0,605.512,0.0,-90.85408020019531
303.65324687957764,0.0,605.214,0.0,-90.81986999511719
303.6854410171509,0.0,604.974,0.0,-90.7828598022461
303.71761202812195,0.0,604.713,0.0,-90.70870208740234
303.7496814727783,0.0,604.174,0.0,-90.67118835449219
303.78198981285095,0.0,603.735,0.0,-90.63204956054688
303.81531405448914,0.0,603.462,0.0,-90.5396957397461
303.8462691307068,0.0,603.241,0.0,-90.49716186523438
303.87915205955505,0.0,603.0,0.0,-90.4561996459961
303.9112823009491,0.0,602.597,0.0,-90.41511535644531
303.94316053390503,0.0,602.297,0.0,-90.34223937988281
303.9747850894928,0.0,602.03,0.0,-90.30391693115234
304.00702023506165,0.0,601.807,0.0,-90.26697540283203
304.0386869907379,0.0,601.271,0.0,-90.22953796386719
304.0708909034729,0.0,601.026,0.0,-90.1722640991211
304.1021146774292,0.0,600.757,0.0,-90.14047241210938
304.13504576683044,0.0,600.484,0.0,-90.1065673828125
304.1669979095459,0.0,599.995,0.0,-90.03483581542969
304.21542477607727,0.0,599.803,0.0,-89.96463012695312
304.2511315345764,0.0,599.393,0.0,-89.9318618774414
304.2834458351135,0.0,599.21,0.0,-89.89958190917969
304.31637382507324,0.0,598.885,0.0,-89.83332824707031
304.3480112552643,0.0,598.654,0.0,-89.79803466796875
304.3807063102722,0.0,597.967,0.0,-89.754150390625
304.41778564453125,0.0,597.724,0.0,-89.67066192626953
304.4448812007904,0.0,597.517,0.0,-89.63215637207031
304.4769251346588,0.0,597.225,0.0,-89.59207916259766
304.50948214530945,0.0,596.747,0.0,-89.5534439086914
304.5413990020752,0.0,596.577,0.0,-89.4874038696289
304.57304763793945,0.0,596.288,0.0,-89.46083068847656
304.60533142089844,0.0,596.041,0.0,-89.43006896972656
304.6424345970154,0.0,595.805,0.0,-89.36485290527344
304.66977643966675,0.0,595.415,0.0,-89.33149719238281
304.70184564590454,0.0,595.072,0.0,-89.30093383789062
304.7332088947296,0.0,594.888,0.0,-89.26475524902344
304.7660915851593,0.0,594.588,0.0,-89.1939697265625
304.79693031311035,0.0,594.15,0.0,-89.1563949584961
304.8257505893707,0.0,593.932,0.0,-89.1216812133789
304.86030173301697,0.0,593.687,0.0,-89.08755493164062
304.89989256858826,0.0,593.176,0.0,-89.00621032714844
304.9322884082794,0.0,592.69,0.0,-88.96363830566406
304.94828510284424,0.0,592.69,0.0,-88.92070770263672
304.98159074783325,0.0,592.375,0.0,-88.876220703125
305.0358247756958,0.0,591.971,0.0,-88.80574035644531
305.0676290988922,0.0,591.553,0.0,-88.74613189697266
305.098103761673,0.0,591.303,0.0,-88.71653747558594
305.13048481941223,0.0,591.027,0.0,-88.68505859375
305.16256642341614,0.0,590.818,0.0,-88.65101623535156
305.1949896812439,0.0,590.57,0.0,-88.58354949951172
305.22604990005493,0.0,590.185,0.0,-88.55016326904297
305.25979137420654,0.0,589.932,0.0,-88.51881408691406
305.2923595905304,0.0,589.682,0.0,-88.45160675048828
305.322749376297,0.0,589.413,0.0,-88.41570281982422
305.35439944267273,0.0,588.716,0.0,-88.36790466308594
305.3756787776947,0.0,588.716,0.0,-88.32542419433594
305.41477394104004,0.0,588.311,0.0,-88.28422546386719
305.4473524093628,0.0,588.081,0.0,-88.21143341064453
305.48047375679016,0.0,587.937,0.0,-88.17941284179688
305.4953808784485,0.0,587.639,0.0,-88.15658569335938
305.5277669429779,0.0,587.365,0.0,-88.12831115722656
305.5607330799103,0.0,587.17,0.0,-88.09679412841797
305.591623544693,0.0,586.895,0.0,-88.03260040283203
305.6242208480835,0.0,586.372,0.0,-87.9959716796875
305.66598629951477,0.0,586.113,0.0,-87.92324829101562
305.69610118865967,0.0,585.908,0.0,-87.88800811767578
305.7350082397461,0.0,585.455,0.0,-87.85395050048828
305.7681632041931,0.0,585.293,0.0,-87.78716278076172
305.800577878952,0.0,584.798,0.0,-87.7435302734375
305.83259105682373,0.0,584.249,0.0,-87.70109558105469
305.86369585990906,0.0,583.984,0.0,-87.65765380859375
305.8921926021576,0.0,583.806,0.0,-87.5761947631836
305.9320034980774,0.0,583.596,0.0,-87.54827117919922
305.9638214111328,0.0,583.168,0.0,-87.5197982788086
305.9963893890381,0.0,582.918,0.0,-87.46057891845703
306.02888679504395,0.0,582.716,0.0,-87.42916870117188
306.0604798793793,0.0,582.495,0.0,-87.39823913574219
306.09277153015137,0.0,582.237,0.0,-87.33361053466797
306.12582659721375,0.0,581.778,0.0,-87.30029296875
306.1598439216614,0.0,581.573,0.0,-87.26646423339844
306.1934905052185,0.0,581.354,0.0,-87.20062255859375
306.22132658958435,0.0,581.145,0.0,-87.16822052001953
306.2528750896454,0.0,580.736,0.0,-87.12779235839844
306.28451657295227,0.0,580.295,0.0,-87.09048461914062
306.31609416007996,0.0,580.107,0.0,-87.05278778076172
306.34873270988464,0.0,579.879,0.0,-86.98263549804688
306.38221192359924,0.0,579.563,0.0,-86.94418334960938
306.4133288860321,0.0,579.186,0.0,-86.90929412841797
306.44457817077637,0.0,578.979,0.0,-86.85777282714844
306.47565150260925,0.0,578.751,0.0,-86.83047485351562
306.50766253471375,0.0,578.487,0.0,-86.80157470703125
306.54035449028015,0.0,578.229,0.0,-86.7698974609375
306.5731956958771,0.0,577.765,0.0,-86.70173645019531
306.6042420864105,0.0,577.545,0.0,-86.66763305664062
306.63579273223877,0.0,577.349,0.0,-86.63378143310547
306.6697337627411,0.0,577.129,0.0,-86.56842803955078
306.6993842124939,0.0,576.966,0.0,-86.53804779052734
306.73063373565674,0.0,576.446,0.0,-86.5048828125
306.76332092285156,0.0,575.956,0.0,-86.4705810546875
306.7946791648865,0.0,575.721,0.0,-86.382080078125
306.82625699043274,0.0,575.51,0.0,-86.3416748046875
306.8584773540497,0.0,575.298,0.0,-86.30337524414062
306.8945243358612,0.0,574.92,0.0,-86.23435974121094
306.9224545955658,0.0,574.69,0.0,-86.21012878417969
306.95025181770325,0.0,574.48,0.0,-86.18357849121094
306.9953610897064,0.0,573.976,0.0,-86.12633514404297
307.0275077819824,0.0,573.752,0.0,-86.09416961669922
307.0589852333069,0.0,573.536,0.0,-86.0616455078125
307.0991427898407,0.0,573.193,0.0,-85.99634552001953
307.12490820884705,0.0,572.926,0.0,-85.9677963256836
307.15716552734375,0.0,572.756,0.0,-85.93624877929688
307.18801617622375,0.0,572.485,0.0,-85.90644836425781
307.2215578556061,0.0,572.265,0.0,-85.84095764160156
307.2529685497284,0.0,571.795,0.0,-85.80728149414062
307.2839698791504,0.0,571.54,0.0,-85.77326965332031
307.32027649879456,0.0,571.107,0.0,-85.69426727294922
307.34876799583435,0.0,570.902,0.0,-85.65361022949219
307.381236076355,0.0,570.717,0.0,-85.61620330810547
307.4126923084259,0.0,570.272,0.0,-85.58049011230469
307.44566917419434,0.0,570.097,0.0,-85.5113754272461
307.4776985645294,0.0,569.941,0.0,-85.48750305175781
307.51442790031433,0.0,569.63,0.0,-85.46430206298828
307.54718542099,0.0,569.187,0.0,-85.40579223632812
307.5787920951843,0.0,568.957,0.0,-85.37471008300781
307.61103892326355,0.0,568.766,0.0,-85.34273529052734
307.64294624328613,0.0,568.55,0.0,-85.31171417236328
307.6756718158722,0.0,568.202,0.0,-85.24932098388672
307.7074227333069,0.0,567.919,0.0,-85.22093200683594
307.74005007743835,0.0,567.703,0.0,-85.18879699707031
307.7717533111572,0.0,567.455,0.0,-85.12293243408203
307.80584740638733,0.0,567.065,0.0,-85.09161376953125
307.8288998603821,0.0,567.065,0.0,-85.05973052978516
307.87000942230225,0.0,566.412,0.0,-84.97970581054688
307.9010651111603,0.0,566.183,0.0,-84.94131469726562
307.93325090408325,0.0,565.983,0.0,-84.90499877929688
307.9649953842163,0.0,565.576,0.0,-84.86959075927734
308.00691294670105,0.0,565.351,0.0,-84.8180160522461
308.04782700538635,0.0,564.954,0.0,-84.76282501220703
308.08027362823486,0.0,564.739,0.0,-84.73432159423828
308.11255168914795,0.0,564.533,0.0,-84.70494079589844
308.1450822353363,0.0,564.27,0.0,-84.64292907714844
308.1769721508026,0.0,564.071,0.0,-84.61125183105469
308.20965051651,0.0,563.708,0.0,-84.58272552490234
308.24689388275146,0.0,563.469,0.0,-84.52128601074219
308.27389121055603,0.0,563.03,0.0,-84.48014068603516
308.3059010505676,0.0,562.866,0.0,-84.44312286376953
308.33804297447205,0.0,562.471,0.0,-84.4081802368164
308.37010884284973,0.0,562.256,0.0,-84.3408432006836
308.40184903144836,0.0,562.036,0.0,-84.31669616699219
308.4342951774597,0.0,561.814,0.0,-84.2905044555664
308.4725844860077,0.0,561.603,0.0,-84.23385620117188
308.4985508918762,0.0,561.201,0.0,-84.20317077636719
308.5475902557373,0.0,560.687,0.0,-84.14168548583984
308.58125352859497,0.0,560.496,0.0,-84.10851287841797
308.60477685928345,0.0,560.293,0.0,-84.07649993896484
308.63819003105164,0.0,560.099,0.0,-84.04487609863281
308.6730260848999,0.0,559.919,0.0,-83.98413848876953
308.7016453742981,0.0,559.718,0.0,-83.95430755615234
308.73324275016785,0.0,559.248,0.0,-83.92344665527344
308.76626420021057,0.0,559.005,0.0,-83.89094543457031
308.7985429763794,0.0,558.598,0.0,-83.81580352783203
308.8300666809082,0.0,558.443,0.0,-83.77891540527344
308.86190032958984,0.0,558.069,0.0,-83.74417114257812
308.89719462394714,0.0,557.839,0.0,-83.67790222167969
308.9258334636688,0.0,557.651,0.0,-83.64593505859375
308.95822072029114,0.0,557.411,0.0,-83.61287689208984
308.99060010910034,0.0,556.956,0.0,-83.57779693603516
309.021968126297,0.0,556.705,0.0,-83.5206298828125
309.0533695220947,0.0,556.532,0.0,-83.4933090209961
309.0915856361389,0.0,556.315,0.0,-83.46661376953125
309.1239311695099,0.0,555.881,0.0,-83.40911865234375
309.1563367843628,0.0,555.654,0.0,-83.37919616699219
309.1881687641144,0.0,555.504,0.0,-83.34817504882812
309.2209041118622,0.0,555.295,0.0,-83.29026794433594
309.26192450523376,0.0,554.862,0.0,-83.26033020019531
309.3028790950775,0.0,554.485,0.0,-83.1977310180664
309.3342809677124,0.0,554.263,0.0,-83.16860961914062
309.3674042224884,0.0,554.072,0.0,-83.13839721679688
309.3992397785187,0.0,553.935,0.0,-83.08151245117188
309.43142437934875,0.0,553.641,0.0,-83.0498046875
309.46352672576904,0.0,552.988,0.0,-83.009765625
309.4957683086395,0.0,552.774,0.0,-82.93220520019531
309.5281500816345,0.0,552.629,0.0,-82.89847564697266
309.5593168735504,0.0,552.382,0.0,-82.86373138427734
309.59173464775085,0.0,552.008,0.0,-82.82905578613281
309.62259101867676,0.0,551.764,0.0,-82.7801284790039
309.6547131538391,0.0,551.621,0.0,-82.75314331054688
309.6864697933197,0.0,551.379,0.0,-82.72793579101562
309.71864223480225,0.0,551.253,0.0,-82.6999282836914
309.750914812088,0.0,550.809,0.0,-82.64543151855469
309.7826657295227,0.0,550.641,0.0,-82.61705017089844
309.8146347999573,0.0,550.383,0.0,-82.58964538574219
309.84716176986694,0.0,550.248,0.0,-82.53158569335938
309.87977051734924,0.0,549.782,0.0,-82.50122833251953
309.91114711761475,0.0,549.592,0.0,-82.47035217285156
309.94323229789734,0.0,549.4,0.0,-82.44007873535156
309.98419523239136,0.0,549.222,0.0,-82.38119506835938
310.0263788700104,0.0,548.674,0.0,-82.31632995605469
310.0635690689087,0.0,548.204,0.0,-82.27894592285156
310.097460269928,0.0,547.993,0.0,-82.2085952758789
310.122581243515,0.0,547.776,0.0,-82.17427062988281
310.1639449596405,0.0,547.596,0.0,-82.141845703125
310.1961085796356,0.0,547.246,0.0,-82.0945053100586
310.22819781303406,0.0,547.024,0.0,-82.07044982910156
310.2598614692688,0.0,546.792,0.0,-82.04413604736328
310.27705216407776,0.0,546.643,0.0,-82.01563262939453
310.3096454143524,0.0,546.308,0.0,-81.98892211914062
310.3409848213196,0.0,546.136,0.0,-81.95578002929688
310.37268829345703,0.0,545.974,0.0,-81.89509582519531
310.40495681762695,0.0,545.63,0.0,-81.8660888671875
310.43753814697266,0.0,545.472,0.0,-81.83865356445312
310.4678695201874,0.0,545.201,0.0,-81.8123779296875
310.50024247169495,0.0,545.034,0.0,-81.75350189208984
310.5329737663269,0.0,544.568,0.0,-81.72077941894531
310.56471133232117,0.0,544.408,0.0,-81.68952941894531
310.5974135398865,0.0,544.027,0.0,-81.6231460571289
310.62787437438965,0.0,543.809,0.0,-81.5869140625
310.6584837436676,0.0,543.68,0.0,-81.55509948730469
310.69991874694824,0.0,543.211,0.0,-81.4869613647461
310.73344254493713,0.0,543.011,0.0,-81.45464324951172
310.76556491851807,0.0,542.863,0.0,-81.43132019042969
310.797842502594,0.0,542.428,0.0,-81.38323974609375
310.82983660697937,0.0,542.237,0.0,-81.35647583007812
310.8624963760376,0.0,542.011,0.0,-81.329345703125
310.89390778541565,0.0,541.864,0.0,-81.30044555664062
310.92610359191895,0.0,541.473,0.0,-81.2465591430664
310.9575526714325,0.0,541.296,0.0,-81.218505859375
310.99046421051025,0.0,541.092,0.0,-81.19092559814453
311.0227916240692,0.0,540.867,0.0,-81.13273620605469
311.05482721328735,0.0,540.689,0.0,-81.10372161865234
311.08716440200806,0.0,540.247,0.0,-81.07405090332031
311.11824798583984,0.0,540.03,0.0,-81.0428695678711
311.1502802371979,0.0,539.822,0.0,-80.97950744628906
311.18152499198914,0.0,539.635,0.0,-80.94872283935547
311.21273922920227,0.0,539.046,0.0,-80.91040802001953
311.2481732368469,0.0,538.84,0.0,-80.83831024169922
311.27907848358154,0.0,538.662,0.0,-80.80509948730469
311.3110463619232,0.0,538.528,0.0,-80.77544403076172
311.3440091609955,0.0,538.169,0.0,-80.74740600585938
311.374365568161,0.0,538.004,0.0,-80.70519256591797
311.41504669189453,0.0,537.765,0.0,-80.68269348144531
311.4482469558716,0.0,537.345,0.0,-80.63220977783203
311.4868664741516,0.0,537.096,0.0,-80.60319519042969
311.517781496048,0.0,536.895,0.0,-80.57182312011719
311.5496838092804,0.0,536.548,0.0,-80.51029968261719
311.5814878940582,0.0,536.422,0.0,-80.48157501220703
311.61449813842773,0.0,536.226,0.0,-80.45561218261719
311.6496477127075,0.0,536.065,0.0,-80.40291595458984
311.68205189704895,0.0,535.603,0.0,-80.37325286865234
311.7134358882904,0.0,535.496,0.0,-80.34355926513672
311.75751638412476,0.0,535.25,0.0,-80.28875732421875
311.7894403934479,0.0,534.67,0.0,-80.26106262207031
311.8217854499817,0.0,534.543,0.0,-80.19097900390625
311.85347390174866,0.0,534.4,0.0,-80.16123962402344
311.8851463794708,0.0,534.159,0.0,-80.12967681884766
311.91689586639404,0.0,533.738,0.0,-80.09844207763672
311.94987320899963,0.0,533.536,0.0,-80.03504180908203
311.9946939945221,0.0,533.154,0.0,-80.01223754882812
312.0334777832031,0.0,532.917,0.0,-79.96400451660156
312.06014013290405,0.0,532.762,0.0,-79.93597412109375
312.1004204750061,0.0,532.557,0.0,-79.88162231445312
312.12824988365173,0.0,532.237,0.0,-79.85360717773438
312.158572435379,0.0,532.066,0.0,-79.828125
312.19098138809204,0.0,531.872,0.0,-79.80274200439453
312.23125529289246,0.0,531.517,0.0,-79.75141906738281
312.2751784324646,0.0,531.301,0.0,-79.69668579101562
312.32528018951416,0.0,530.987,0.0,-79.64348602294922
312.35581731796265,0.0,530.776,0.0,-79.61613464355469
312.3882670402527,0.0,530.38,0.0,-79.58792114257812
312.42044973373413,0.0,530.172,0.0,-79.55946350097656
312.45079159736633,0.0,530.032,0.0,-79.5031509399414
312.48289704322815,0.0,529.868,0.0,-79.47682189941406
312.5143918991089,0.0,529.294,0.0,-79.44332122802734
312.55040287971497,0.0,529.11,0.0,-79.376953125
312.57813811302185,0.0,528.937,0.0,-79.34611511230469
312.6108455657959,0.0,528.808,0.0,-79.31838989257812
312.6424968242645,0.0,528.675,0.0,-79.29289245605469
312.6740801334381,0.0,528.276,0.0,-79.24666595458984
312.7056052684784,0.0,528.022,0.0,-79.2252197265625
312.7371098995209,0.0,527.802,0.0,-79.19943237304688
312.76881861686707,0.0,527.605,0.0,-79.17170715332031
312.8011200428009,0.0,527.436,0.0,-79.11593627929688
312.8308973312378,0.0,527.112,0.0,-79.09011840820312
312.86276602745056,0.0,526.915,0.0,-79.06401062011719
312.90075278282166,0.0,526.745,0.0,-79.0103988647461
312.9325535297394,0.0,526.432,0.0,-78.98637390136719
312.9488139152527,0.0,526.432,0.0,-78.96099853515625
312.98885440826416,0.0,526.067,0.0,-78.93499755859375
313.0207133293152,0.0,525.866,0.0,-78.90879821777344
313.05214619636536,0.0,525.642,0.0,-78.85243225097656
313.081640958786,0.0,525.467,0.0,-78.82402801513672
313.11345863342285,0.0,525.064,0.0,-78.79496765136719
313.1390256881714,0.0,524.787,0.0,-78.76554107666016
313.1716957092285,0.0,524.6,0.0,-78.73260498046875
313.2032980918884,0.0,524.407,0.0,-78.66948699951172
313.23545575141907,0.0,524.214,0.0,-78.64681243896484
313.2679841518402,0.0,524.028,0.0,-78.62266540527344
313.3008222579956,0.0,523.636,0.0,-78.57087707519531
313.331157207489,0.0,523.437,0.0,-78.5440673828125
313.3637282848358,0.0,523.277,0.0,-78.51644134521484
313.3891863822937,0.0,523.043,0.0,-78.48981475830078
313.42698907852173,0.0,522.891,0.0,-78.43351745605469
313.46359038352966,0.0,522.583,0.0,-78.40901947021484
313.5017251968384,0.0,522.416,0.0,-78.3580551147461
313.528666973114,0.0,522.192,0.0,-78.33047485351562
313.56023120880127,0.0,521.86,0.0,-78.30533599853516
313.59233355522156,0.0,521.691,0.0,-78.27863311767578
313.62744998931885,0.0,521.564,0.0,-78.22806549072266
313.6669178009033,0.0,521.137,0.0,-78.20191955566406
313.7026746273041,0.0,520.758,0.0,-78.1379165649414
313.72976326942444,0.0,520.584,0.0,-78.10414123535156
313.7620804309845,0.0,520.431,0.0,-78.07307434082031
313.7937469482422,0.0,520.224,0.0,-78.04183959960938
313.8249135017395,0.0,519.84,0.0,-77.99447631835938
313.8641836643219,0.0,519.681,0.0,-77.96940612792969
313.8961818218231,0.0,519.496,0.0,-77.94481658935547
313.9305319786072,0.0,519.104,0.0,-77.89442443847656
313.9613356590271,0.0,518.924,0.0,-77.86695098876953
313.99341797828674,0.0,518.75,0.0,-77.83958435058594
314.02589988708496,0.0,518.588,0.0,-77.78628540039062
314.0566210746765,0.0,518.451,0.0,-77.76165771484375
314.08953619003296,0.0,518.093,0.0,-77.7373275756836
314.12108969688416,0.0,517.877,0.0,-77.71161651611328
314.1537301540375,0.0,517.712,0.0,-77.65727996826172
314.18691778182983,0.0,517.554,0.0,-77.63134002685547
314.2177484035492,0.0,516.989,0.0,-77.5978775024414
314.25050163269043,0.0,516.773,0.0,-77.53111267089844
314.2835500240326,0.0,516.598,0.0,-77.49940490722656
314.3132469654083,0.0,516.497,0.0,-77.47637939453125
314.3407030105591,0.0,516.318,0.0,-77.4558334350586
314.3789577484131,0.0,515.976,0.0,-77.41279602050781
314.4114077091217,0.0,515.852,0.0,-77.38912200927734
314.44268345832825,0.0,515.642,0.0,-77.36701202392578
314.47513246536255,0.0,515.465,0.0,-77.31748962402344
314.50732827186584,0.0,515.146,0.0,-77.29541015625
314.5391845703125,0.0,514.939,0.0,-77.27043151855469
314.57140278816223,0.0,514.735,0.0,-77.24378204345703
314.60317182540894,0.0,514.58,0.0,-77.18931579589844
314.6351809501648,0.0,514.261,0.0,-77.1636962890625
314.66696071624756,0.0,514.087,0.0,-77.13825225830078
314.68268632888794,0.0,514.087,0.0,-77.11264038085938
314.7140076160431,0.0,513.92,0.0,-77.08719635009766
314.74552273750305,0.0,513.404,0.0,-77.05453491210938
314.7793216705322,0.0,513.224,0.0,-76.99308776855469
314.8100688457489,0.0,513.047,0.0,-76.96367645263672
314.84296441078186,0.0,512.815,0.0,-76.94236755371094
314.8768026828766,0.0,512.69,0.0,-76.89456176757812
314.91639018058777,0.0,512.321,0.0,-76.86919403076172
314.94779992103577,0.0,512.191,0.0,-76.8444595336914
314.9796190261841,0.0,511.92,0.0,-76.7992172241211
315.02090287208557,0.0,511.744,0.0,-76.77765655517578
315.0538420677185,0.0,511.526,0.0,-76.72957611083984
315.07856345176697,0.0,511.342,0.0,-76.70357513427734
315.1066839694977,0.0,511.145,0.0,-76.67652893066406
315.1383583545685,0.0,510.838,0.0,-76.65003204345703
315.1706805229187,0.0,510.636,0.0,-76.62493133544922
315.202707529068,0.0,510.478,0.0,-76.57258605957031
315.23543429374695,0.0,510.13,0.0,-76.53937530517578
315.26641726493835,0.0,509.993,0.0,-76.50931549072266
315.3026509284973,0.0,509.676,0.0,-76.45356750488281
315.3310489654541,0.0,509.493,0.0,-76.42617797851562
315.3627960681915,0.0,509.313,0.0,-76.40641021728516
315.39384603500366,0.0,509.13,0.0,-76.38497161865234
315.42671847343445,0.0,508.773,0.0,-76.33757781982422
315.46528220176697,0.0,508.598,0.0,-76.31317901611328
315.4968104362488,0.0,508.42,0.0,-76.28832244873047
315.5290369987488,0.0,508.126,0.0,-76.23855590820312
315.5611822605133,0.0,507.989,0.0,-76.21484375
315.59267139434814,0.0,507.82,0.0,-76.19210052490234
315.62562584877014,0.0,507.668,0.0,-76.16875457763672
315.6577236652374,0.0,507.504,0.0,-76.1222152709961
315.6898121833801,0.0,507.137,0.0,-76.09856414794922
315.7302100658417,0.0,506.952,0.0,-76.04682159423828
315.7642858028412,0.0,506.634,0.0,-76.02308654785156
315.79651618003845,0.0,506.404,0.0,-75.99748229980469
315.8273847103119,0.0,506.239,0.0,-75.94197082519531
315.85956168174744,0.0,506.074,0.0,-75.91521453857422
315.89144372940063,0.0,505.771,0.0,-75.88314819335938
315.92323422431946,0.0,505.373,0.0,-75.85185241699219
315.95529675483704,0.0,505.229,0.0,-75.7910385131836
315.9917356967926,0.0,505.07,0.0,-75.76992797851562
316.0290241241455,0.0,504.749,0.0,-75.7256851196289
316.0550546646118,0.0,504.584,0.0,-75.70341491699219
316.0873050689697,0.0,504.367,0.0,-75.68063354492188
316.11811804771423,0.0,504.27,0.0,-75.65525817871094
316.14950037002563,0.0,504.031,0.0,-75.6329116821289
316.181355714798,0.0,503.762,0.0,-75.58230590820312
316.2143175601959,0.0,503.635,0.0,-75.55918884277344
316.24640369415283,0.0,503.519,0.0,-75.53731536865234
316.2797591686249,0.0,503.33,0.0,-75.49440002441406
316.31014752388,0.0,502.864,0.0,-75.47056579589844
316.34363317489624,0.0,502.707,0.0,-75.4416275024414
316.3753921985626,0.0,502.509,0.0,-75.4139633178711
316.40708088874817,0.0,502.477,0.0,-75.36360168457031
316.4338629245758,0.0,502.29,0.0,-75.340087890625
316.48049306869507,0.0,501.954,0.0,-75.29414367675781
316.5123772621155,0.0,501.589,0.0,-75.26087951660156
316.55254673957825,0.0,501.265,0.0,-75.20051574707031
316.5845305919647,0.0,501.122,0.0,-75.17289733886719
316.61615324020386,0.0,500.989,0.0,-75.15292358398438
316.6486828327179,0.0,500.775,0.0,-75.13327026367188
316.6803002357483,0.0,500.539,0.0,-75.08839416503906
316.7112247943878,0.0,500.36,0.0,-75.06847381591797
316.74404072761536,0.0,500.208,0.0,-75.04685974121094
316.775710105896,0.0,499.989,0.0,-75.02506256103516
316.8089015483856,0.0,499.77,0.0,-74.97322082519531
316.83959197998047,0.0,499.42,0.0,-74.9461898803711
316.87248730659485,0.0,499.299,0.0,-74.91927337646484
316.90484404563904,0.0,499.169,0.0,-74.87153625488281
316.937020778656,0.0,498.992,0.0,-74.84750366210938
316.96845149993896,0.0,498.826,0.0,-74.82325744628906
317.00095796585083,0.0,498.54,0.0,-74.79888916015625
317.0323839187622,0.0,498.237,0.0,-74.74735260009766
317.06157875061035,0.0,498.077,0.0,-74.71957397460938
317.0935537815094,0.0,497.898,0.0,-74.69190216064453
317.1293659210205,0.0,497.589,0.0,-74.65154266357422
317.16581892967224,0.0,497.437,0.0,-74.63027954101562
317.1996521949768,0.0,497.275,0.0,-74.60874938964844
317.2320468425751,0.0,497.101,0.0,-74.56340026855469
317.2630305290222,0.0,496.792,0.0,-74.54036712646484
317.29479026794434,0.0,496.64,0.0,-74.51722717285156
317.33194637298584,0.0,496.524,0.0,-74.47281646728516
317.3601596355438,0.0,496.362,0.0,-74.45072174072266
317.391725063324,0.0,496.043,0.0,-74.42829132080078
317.4229555130005,0.0,495.864,0.0,-74.40538787841797
317.4555284976959,0.0,495.685,0.0,-74.35658264160156
317.4867045879364,0.0,495.54,0.0,-74.3325424194336
317.51906728744507,0.0,495.262,0.0,-74.30353546142578
317.549635887146,0.0,494.877,0.0,-74.27459716796875
317.5803527832031,0.0,494.752,0.0,-74.23007202148438
317.6121482849121,0.0,494.561,0.0,-74.2079849243164
317.6438777446747,0.0,494.446,0.0,-74.18415832519531
317.6763002872467,0.0,494.354,0.0,-74.16217041015625
317.7086465358734,0.0,493.878,0.0,-74.11688232421875
317.741233587265,0.0,493.687,0.0,-74.09007263183594
317.7731628417969,0.0,493.576,0.0,-74.06258392333984
317.8054566383362,0.0,493.44,0.0,-74.01444244384766
317.83732175827026,0.0,493.169,0.0,-73.9920654296875
317.8620069026947,0.0,493.169,0.0,-73.97016143798828
317.8956813812256,0.0,492.876,0.0,-73.94680786132812
317.9204936027527,0.0,492.731,0.0,-73.9253921508789
317.95387172698975,0.0,492.598,0.0,-73.88314056396484
317.98573303222656,0.0,492.443,0.0,-73.86173248291016
318.01729798316956,0.0,492.262,0.0,-73.83881378173828
318.0496220588684,0.0,491.706,0.0,-73.80762481689453
318.081969499588,0.0,491.559,0.0,-73.74683380126953
318.1123628616333,0.0,491.448,0.0,-73.72549438476562
318.14466857910156,0.0,491.261,0.0,-73.70564270019531
318.1771945953369,0.0,490.945,0.0,-73.68372344970703
318.2110595703125,0.0,490.74,0.0,-73.63925170898438
318.2414503097534,0.0,490.655,0.0,-73.61431884765625
318.2724862098694,0.0,490.525,0.0,-73.59272766113281
318.30496883392334,0.0,490.355,0.0,-73.54978942871094
318.3360912799835,0.0,490.063,0.0,-73.52810668945312
318.3687446117401,0.0,489.893,0.0,-73.50619506835938
318.4012129306793,0.0,489.711,0.0,-73.48335266113281
318.4329218864441,0.0,489.547,0.0,-73.43499755859375
318.46485924720764,0.0,489.192,0.0,-73.4090576171875
318.49650526046753,0.0,489.061,0.0,-73.38372802734375
318.5282199382782,0.0,488.937,0.0,-73.35989379882812
318.5654294490814,0.0,488.822,0.0,-73.3166275024414
318.58971190452576,0.0,488.477,0.0,-73.28723907470703
318.630934715271,0.0,488.136,0.0,-73.23188781738281
318.6624014377594,0.0,488.066,0.0,-73.20825958251953
318.6943573951721,0.0,487.881,0.0,-73.1912841796875
318.73191833496094,0.0,487.543,0.0,-73.14959716796875
318.7589852809906,0.0,487.347,0.0,-73.12773132324219
318.79153871536255,0.0,487.154,0.0,-73.10383605957031
318.82253098487854,0.0,487.063,0.0,-73.0784912109375
318.8550183773041,0.0,486.878,0.0,-73.03263854980469
318.88656973838806,0.0,486.617,0.0,-73.01066589355469
318.91856503486633,0.0,486.457,0.0,-72.9888687133789
318.9507875442505,0.0,486.334,0.0,-72.96652221679688
318.98167538642883,0.0,486.181,0.0,-72.92371368408203
319.0150337219238,0.0,485.894,0.0,-72.90272521972656
319.04509234428406,0.0,485.686,0.0,-72.88116455078125
319.07660126686096,0.0,485.532,0.0,-72.85696411132812
319.10949897766113,0.0,485.368,0.0,-72.80877685546875
319.14157605171204,0.0,485.212,0.0,-72.78472137451172
319.17311358451843,0.0,484.898,0.0,-72.76045989990234
319.2060594558716,0.0,484.632,0.0,-72.708251953125
319.23793959617615,0.0,484.483,0.0,-72.68130493164062
319.27668929100037,0.0,484.166,0.0,-72.65479278564453
319.31092739105225,0.0,484.03,0.0,-72.61558532714844
319.3503518104553,0.0,483.876,0.0,-72.59567260742188
319.38240122795105,0.0,483.564,0.0,-72.5539321899414
319.41438841819763,0.0,483.405,0.0,-72.53211212158203
319.44467091560364,0.0,483.242,0.0,-72.50977325439453
319.47659277915955,0.0,483.097,0.0,-72.48686218261719
319.5084364414215,0.0,482.963,0.0,-72.44237518310547
319.54005122184753,0.0,482.642,0.0,-72.4180908203125
319.5718412399292,0.0,482.516,0.0,-72.3956069946289
319.6073079109192,0.0,482.37,0.0,-72.35261535644531
319.65753197669983,0.0,482.097,0.0,-72.31036376953125
319.69744396209717,0.0,481.806,0.0,-72.2906494140625
319.7295525074005,0.0,481.696,0.0,-72.26915740966797
319.7457928657532,0.0,481.696,0.0,-72.24909973144531
319.7779116630554,0.0,481.182,0.0,-72.22611999511719
319.8097324371338,0.0,480.966,0.0,-72.1749267578125
319.84196281433105,0.0,480.789,0.0,-72.15031433105469
319.8740394115448,0.0,480.667,0.0,-72.12505340576172
319.90531396865845,0.0,480.402,0.0,-72.10160827636719
319.9376859664917,0.0,480.27,0.0,-72.05768585205078
319.9709770679474,0.0,480.113,0.0,-72.03649139404297
319.99469089508057,0.0,479.941,0.0,-72.01471710205078
320.0281732082367,0.0,479.798,0.0,-71.99186706542969
320.0606322288513,0.0,479.654,0.0,-71.9471664428711
320.1003885269165,0.0,479.386,0.0,-71.92493438720703
320.13235211372375,0.0,479.227,0.0,-71.88223266601562
320.16519379615784,0.0,479.079,0.0,-71.86042022705078
320.1979949474335,0.0,478.81,0.0,-71.83769226074219
320.2289664745331,0.0,478.603,0.0,-71.81706237792969
320.2595820426941,0.0,478.479,0.0,-71.77144622802734
320.2929468154907,0.0,478.377,0.0,-71.75121307373047
320.3087146282196,0.0,478.205,0.0,-71.72953033447266
320.340119600296,0.0,477.88,0.0,-71.70030212402344
320.3715920448303,0.0,477.744,0.0,-71.67317962646484
320.4045717716217,0.0,477.438,0.0,-71.6474609375
320.43709683418274,0.0,477.274,0.0,-71.60870361328125
320.46857476234436,0.0,477.096,0.0,-71.58748626708984
320.5003445148468,0.0,476.935,0.0,-71.56481170654297
320.5336570739746,0.0,476.644,0.0,-71.51901245117188
320.5642855167389,0.0,476.513,0.0,-71.4964828491211
320.59689927101135,0.0,476.404,0.0,-71.47476196289062
320.62953758239746,0.0,476.277,0.0,-71.45458984375
320.6610653400421,0.0,476.029,0.0,-71.41661834716797
320.6999270915985,0.0,475.839,0.0,-71.3974380493164
320.7496225833893,0.0,475.575,0.0,-71.35382080078125
320.7840688228607,0.0,475.348,0.0,-71.30902099609375
320.8124945163727,0.0,475.216,0.0,-71.28587341308594
320.84877729415894,0.0,474.874,0.0,-71.26174926757812
320.8814334869385,0.0,474.763,0.0,-71.21489715576172
320.91221380233765,0.0,474.664,0.0,-71.19461059570312
320.9442548751831,0.0,474.455,0.0,-71.17132568359375
320.97621870040894,0.0,474.045,0.0,-71.14517974853516
321.0090129375458,0.0,473.911,0.0,-71.09300994873047
321.0398635864258,0.0,473.74,0.0,-71.07470703125
321.07137155532837,0.0,473.611,0.0,-71.0545883178711
321.1054756641388,0.0,473.389,0.0,-71.0348129272461
321.136843919754,0.0,473.295,0.0,-70.99720764160156
321.1688549518585,0.0,473.152,0.0,-70.980712890625
321.19968461990356,0.0,473.012,0.0,-70.96310424804688
321.2333948612213,0.0,472.84,0.0,-70.9244384765625
321.2644593715668,0.0,472.436,0.0,-70.90128326416016
321.3074824810028,0.0,472.275,0.0,-70.85098266601562
321.3391766548157,0.0,472.174,0.0,-70.8284683227539
321.3708219528198,0.0,471.865,0.0,-70.80524444580078
321.40347933769226,0.0,471.738,0.0,-70.78243255615234
321.4360935688019,0.0,471.549,0.0,-70.73698425292969
321.46584391593933,0.0,471.41,0.0,-70.71403503417969
321.50645089149475,0.0,471.125,0.0,-70.69213104248047
321.53870010375977,0.0,470.984,0.0,-70.64765930175781
321.5705051422119,0.0,470.651,0.0,-70.61778259277344
321.60329413414,0.0,470.342,0.0,-70.5904541015625
321.63519191741943,0.0,470.254,0.0,-70.54878997802734
321.6668403148651,0.0,470.156,0.0,-70.52948760986328
321.6986622810364,0.0,470.039,0.0,-70.51165008544922
321.7308259010315,0.0,469.916,0.0,-70.49413299560547
321.7623281478882,0.0,469.604,0.0,-70.45686340332031
321.79482412338257,0.0,469.461,0.0,-70.43695068359375
321.82649779319763,0.0,469.399,0.0,-70.41668701171875
321.8605465888977,0.0,469.272,0.0,-70.38207244873047
321.89123582839966,0.0,469.142,0.0,-70.36421203613281
321.9225697517395,0.0,468.817,0.0,-70.34548950195312
321.95579838752747,0.0,468.676,0.0,-70.32444763183594
321.98738193511963,0.0,468.489,0.0,-70.28025817871094
322.01939487457275,0.0,468.298,0.0,-70.25547790527344
322.0505859851837,0.0,468.014,0.0,-70.23179626464844
322.086220741272,0.0,467.884,0.0,-70.185791015625
322.11531496047974,0.0,467.792,0.0,-70.16566467285156
322.1544919013977,0.0,467.425,0.0,-70.1416244506836
322.1873004436493,0.0,467.278,0.0,-70.10154724121094
322.2214365005493,0.0,467.118,0.0,-70.08349609375
322.25137424468994,0.0,466.982,0.0,-70.06394958496094
322.28676176071167,0.0,466.696,0.0,-70.02641296386719
322.314980506897,0.0,466.561,0.0,-70.00541687011719
322.3445768356323,0.0,466.421,0.0,-69.98461151123047
322.3768286705017,0.0,466.245,0.0,-69.9637451171875
322.4095187187195,0.0,466.073,0.0,-69.91785430908203
322.44184255599976,0.0,465.849,0.0,-69.89582824707031
322.47385120391846,0.0,465.726,0.0,-69.87550354003906
322.5065453052521,0.0,465.579,0.0,-69.85574340820312
322.53867411613464,0.0,465.454,0.0,-69.81554412841797
322.5698947906494,0.0,465.309,0.0,-69.79520416259766
322.60192704200745,0.0,465.064,0.0,-69.77436828613281
322.63361287117004,0.0,464.925,0.0,-69.75528717041016
322.66532039642334,0.0,464.743,0.0,-69.71417999267578
322.69833850860596,0.0,464.618,0.0,-69.69331359863281
322.7311234474182,0.0,464.262,0.0,-69.66853332519531
322.76161217689514,0.0,464.102,0.0,-69.6324234008789
322.7940571308136,0.0,464.031,0.0,-69.61284637451172
322.8265178203583,0.0,463.85,0.0,-69.59581756591797
322.86491560935974,0.0,463.608,0.0,-69.55661010742188
322.899267911911,0.0,463.429,0.0,-69.53780364990234
322.9237985610962,0.0,463.315,0.0,-69.51681518554688
322.95571756362915,0.0,463.203,0.0,-69.49686431884766
322.98722982406616,0.0,463.093,0.0,-69.45951080322266
323.020028591156,0.0,462.772,0.0,-69.44038391113281
323.052118062973,0.0,462.595,0.0,-69.41921997070312
323.0832121372223,0.0,462.505,0.0,-69.396484375
323.1157763004303,0.0,462.349,0.0,-69.35501861572266
323.14750504493713,0.0,462.015,0.0,-69.33300018310547
323.1797788143158,0.0,461.893,0.0,-69.30974578857422
323.2123546600342,0.0,461.759,0.0,-69.26618194580078
323.2437798976898,0.0,461.591,0.0,-69.24356079101562
323.2762315273285,0.0,461.511,0.0,-69.22381591796875
323.3079171180725,0.0,461.202,0.0,-69.2021484375
323.33951926231384,0.0,461.051,0.0,-69.17002868652344
323.3717336654663,0.0,460.94,0.0,-69.15203857421875
323.42340183258057,0.0,460.646,0.0,-69.11614227294922
323.4558253288269,0.0,460.456,0.0,-69.09654998779297
323.48735642433167,0.0,460.196,0.0,-69.0531234741211
323.51953768730164,0.0,460.081,0.0,-69.03209686279297
323.5512125492096,0.0,459.922,0.0,-69.01206970214844
323.58422684669495,0.0,459.731,0.0,-68.96771240234375
323.61702251434326,0.0,459.617,0.0,-68.94601440429688
323.6463179588318,0.0,459.342,0.0,-68.92410278320312
323.68093395233154,0.0,459.227,0.0,-68.90292358398438
323.71296310424805,0.0,459.125,0.0,-68.86407470703125
323.74510383605957,0.0,458.99,0.0,-68.84500885009766
323.7777986526489,0.0,458.72,0.0,-68.82660675048828
323.8095180988312,0.0,458.589,0.0,-68.78717041015625
323.84220242500305,0.0,458.484,0.0,-68.76860046386719
323.8746769428253,0.0,458.201,0.0,-68.74343872070312
323.9063835144043,0.0,457.869,0.0,-68.72505950927734
323.9465081691742,0.0,457.705,0.0,-68.68244934082031
323.9779796600342,0.0,457.595,0.0,-68.66031646728516
324.0095582008362,0.0,457.487,0.0,-68.63966369628906
324.0411250591278,0.0,457.242,0.0,-68.60171508789062
324.07307720184326,0.0,457.172,0.0,-68.58279418945312
324.104905128479,0.0,457.019,0.0,-68.56629943847656
324.1376223564148,0.0,456.86,0.0,-68.528564453125
324.16995072364807,0.0,456.772,0.0,-68.51074981689453
324.2019259929657,0.0,456.532,0.0,-68.49243927001953
324.23459243774414,0.0,456.337,0.0,-68.4748306274414
324.265634059906,0.0,456.248,0.0,-68.435302734375
324.29828095436096,0.0,456.104,0.0,-68.41578674316406
324.32578444480896,0.0,455.96,0.0,-68.39568328857422
324.3559601306915,0.0,455.812,0.0,-68.38117980957031
324.38803339004517,0.0,455.366,0.0,-68.3406753540039
324.4204761981964,0.0,455.303,0.0,-68.31675720214844
324.449177980423,0.0,455.192,0.0,-68.2966537475586
324.4958391189575,0.0,454.939,0.0,-68.25914764404297
324.52734422683716,0.0,454.756,0.0,-68.23995971679688
324.5642879009247,0.0,454.643,0.0,-68.19815826416016
324.59119987487793,0.0,454.498,0.0,-68.17741394042969
324.6223747730255,0.0,454.271,0.0,-68.15889739990234
324.65525102615356,0.0,454.139,0.0,-68.13961791992188
324.68705010414124,0.0,453.945,0.0,-68.09811401367188
324.71916246414185,0.0,453.806,0.0,-68.07623291015625
324.7509891986847,0.0,453.501,0.0,-68.05462646484375
324.78347516059875,0.0,453.38,0.0,-68.03192901611328
324.8150100708008,0.0,453.242,0.0,-67.98898315429688
324.8457329273224,0.0,453.154,0.0,-67.96983337402344
324.8778352737427,0.0,453.072,0.0,-67.95266723632812
324.9094979763031,0.0,452.751,0.0,-67.93161010742188
324.9423906803131,0.0,452.612,0.0,-67.90108489990234
324.9748148918152,0.0,452.437,0.0,-67.88445281982422
324.99988079071045,0.0,452.296,0.0,-67.86528015136719
325.0320224761963,0.0,452.154,0.0,-67.84555053710938
325.0633041858673,0.0,452.027,0.0,-67.80545043945312
325.1032485961914,0.0,451.762,0.0,-67.78546142578125
325.13657903671265,0.0,451.649,0.0,-67.74642181396484
325.1683783531189,0.0,451.514,0.0,-67.72701263427734
325.1997594833374,0.0,451.234,0.0,-67.70681762695312
325.2315790653229,0.0,451.104,0.0,-67.68669891357422
325.264221906662,0.0,450.983,0.0,-67.6472396850586
325.2962248325348,0.0,450.873,0.0,-67.62860107421875
325.3281660079956,0.0,450.627,0.0,-67.61060333251953
325.36031460762024,0.0,450.492,0.0,-67.59201049804688
325.3914620876312,0.0,450.396,0.0,-67.55529022216797
325.42318987846375,0.0,450.233,0.0,-67.53577423095703
325.45602679252625,0.0,449.973,0.0,-67.52171325683594
325.4898929595947,0.0,449.733,0.0,-67.47969055175781
325.5146484375,0.0,449.589,0.0,-67.46038055419922
325.5508522987366,0.0,449.456,0.0,-67.44042205810547
325.58290672302246,0.0,449.307,0.0,-67.42042541503906
325.6145510673523,0.0,449.149,0.0,-67.37812042236328
325.6467161178589,0.0,448.932,0.0,-67.35762023925781
325.67911553382874,0.0,448.836,0.0,-67.3385238647461
325.71954703330994,0.0,448.606,0.0,-67.30350494384766
325.7648935317993,0.0,448.477,0.0,-67.26824951171875
325.7877883911133,0.0,448.307,0.0,-67.24832153320312
325.8164279460907,0.0,448.156,0.0,-67.22758483886719
325.84919333457947,0.0,448.026,0.0,-67.20711517333984
325.8801681995392,0.0,447.821,0.0,-67.1872329711914
325.9156837463379,0.0,447.747,0.0,-67.15345764160156
325.9451513290405,0.0,447.645,0.0,-67.13790130615234
325.97693490982056,0.0,447.548,0.0,-67.122802734375
326.0157072544098,0.0,447.097,0.0,-67.08363342285156
326.04332995414734,0.0,446.894,0.0,-67.06488800048828
326.0836646556854,0.0,446.801,0.0,-67.04285430908203
326.1152596473694,0.0,446.591,0.0,-67.00265502929688
326.1470136642456,0.0,446.504,0.0,-66.98502349853516
326.17895674705505,0.0,446.382,0.0,-66.96875
326.2139084339142,0.0,446.255,0.0,-66.93478393554688
326.2452359199524,0.0,446.089,0.0,-66.91545867919922
326.2757730484009,0.0,445.809,0.0,-66.89604187011719
326.30729627609253,0.0,445.691,0.0,-66.87571716308594
326.3399701118469,0.0,445.551,0.0,-66.8359603881836
326.3718831539154,0.0,445.458,0.0,-66.81752014160156
326.4023771286011,0.0,445.286,0.0,-66.79705047607422
326.4333128929138,0.0,445.014,0.0,-66.77664184570312
326.4660198688507,0.0,444.849,0.0,-66.73419189453125
326.49877524375916,0.0,444.669,0.0,-66.71833038330078
326.53048872947693,0.0,444.602,0.0,-66.69953155517578
326.56281089782715,0.0,444.395,0.0,-66.66754913330078
326.59693932533264,0.0,444.257,0.0,-66.65178680419922
326.6217472553253,0.0,444.115,0.0,-66.63479614257812
326.65333437919617,0.0,443.989,0.0,-66.61666870117188
326.6889810562134,0.0,443.853,0.0,-66.57943725585938
326.71786522865295,0.0,443.734,0.0,-66.560791015625
326.7498333454132,0.0,443.455,0.0,-66.54156494140625
326.7829689979553,0.0,443.321,0.0,-66.5217514038086
326.8143503665924,0.0,443.18,0.0,-66.48143005371094
326.8461375236511,0.0,443.047,0.0,-66.46109771728516
326.87765550613403,0.0,442.946,0.0,-66.442138671875
326.9140121936798,0.0,442.696,0.0,-66.40459442138672
326.9426245689392,0.0,442.606,0.0,-66.38717651367188
326.97371768951416,0.0,442.493,0.0,-66.3699722290039
327.0071988105774,0.0,442.279,0.0,-66.357666015625
327.03860783576965,0.0,442.018,0.0,-66.32202911376953
327.0708601474762,0.0,441.841,0.0,-66.3035659790039
327.0988380908966,0.0,441.742,0.0,-66.28282165527344
327.1325354576111,0.0,441.641,0.0,-66.26359558105469
327.16637086868286,0.0,441.507,0.0,-66.22679138183594
327.1979522705078,0.0,441.285,0.0,-66.2088851928711
327.21492433547974,0.0,441.285,0.0,-66.19114685058594
327.2460422515869,0.0,441.154,0.0,-66.17291259765625
327.2796711921692,0.0,440.852,0.0,-66.15436553955078
327.31081891059875,0.0,440.703,0.0,-66.13373565673828
327.3418414592743,0.0,440.584,0.0,-66.09207916259766
327.3729364871979,0.0,440.468,0.0,-66.07241821289062
327.40498185157776,0.0,440.412,0.0,-66.05586242675781
327.4372811317444,0.0,440.178,0.0,-66.04024505615234
327.4691572189331,0.0,440.071,0.0,-66.00641632080078
327.50030517578125,0.0,439.953,0.0,-65.98950958251953
327.532753944397,0.0,439.72,0.0,-65.97740173339844
327.5663161277771,0.0,439.505,0.0,-65.94143676757812
327.59736156463623,0.0,439.394,0.0,-65.92426300048828
327.6244990825653,0.0,439.282,0.0,-65.90726470947266
327.6568558216095,0.0,439.118,0.0,-65.89036560058594
327.6878457069397,0.0,438.938,0.0,-65.87134552001953
327.7200756072998,0.0,438.68,0.0,-65.82894134521484
327.7528192996979,0.0,438.601,0.0,-65.80831146240234
327.7854652404785,0.0,438.563,0.0,-65.79000854492188
327.815548658371,0.0,438.468,0.0,-65.76080322265625
327.84088039398193,0.0,438.372,0.0,-65.74656677246094
327.87398767471313,0.0,438.092,0.0,-65.7308349609375
327.9048764705658,0.0,437.921,0.0,-65.71350860595703
327.93631291389465,0.0,437.786,0.0,-65.69385528564453
327.96848368644714,0.0,437.645,0.0,-65.65352630615234
327.9991626739502,0.0,437.507,0.0,-65.63291931152344
328.0306353569031,0.0,437.251,0.0,-65.61315155029297
328.0628364086151,0.0,437.133,0.0,-65.5928726196289
328.0956540107727,0.0,437.009,0.0,-65.55378723144531
328.126749753952,0.0,436.906,0.0,-65.5354232788086
328.1575217247009,0.0,436.781,0.0,-65.5169677734375
328.1930477619171,0.0,436.361,0.0,-65.48465728759766
328.2220721244812,0.0,436.282,0.0,-65.4630355834961
328.25481033325195,0.0,436.192,0.0,-65.4439697265625
328.2867603302002,0.0,436.06,0.0,-65.42642974853516
328.31836891174316,0.0,435.862,0.0,-65.39216613769531
328.34946942329407,0.0,435.712,0.0,-65.37545013427734
328.38142490386963,0.0,435.59,0.0,-65.35719299316406
328.41842794418335,0.0,435.434,0.0,-65.31920623779297
328.4455225467682,0.0,435.301,0.0,-65.29934692382812
328.4776453971863,0.0,435.129,0.0,-65.2812271118164
328.5096070766449,0.0,434.982,0.0,-65.26470184326172
328.54346466064453,0.0,434.868,0.0,-65.22901153564453
328.5829346179962,0.0,434.738,0.0,-65.2108154296875
328.6177890300751,0.0,434.329,0.0,-65.18220520019531
328.646443605423,0.0,434.178,0.0,-65.16031646728516
328.6790633201599,0.0,434.081,0.0,-65.13799285888672
328.6986753940582,0.0,434.02,0.0,-65.11762237548828
328.72990679740906,0.0,433.89,0.0,-65.10028076171875
328.76252603530884,0.0,433.799,0.0,-65.0823974609375
328.794308423996,0.0,433.561,0.0,-65.04926300048828
328.82646465301514,0.0,433.446,0.0,-65.03204345703125
328.8584237098694,0.0,433.322,0.0,-65.01485443115234
328.89229941368103,0.0,433.209,0.0,-64.9799575805664
328.92277455329895,0.0,433.093,0.0,-64.96261596679688
328.95362758636475,0.0,432.882,0.0,-64.94574737548828
328.98553347587585,0.0,432.775,0.0,-64.92920684814453
329.0166974067688,0.0,432.627,0.0,-64.89495086669922
329.0487856864929,0.0,432.521,0.0,-64.8775863647461
329.079833984375,0.0,432.387,0.0,-64.85946655273438
329.1118869781494,0.0,432.117,0.0,-64.83983612060547
329.1436092853546,0.0,432.011,0.0,-64.80706024169922
329.17582297325134,0.0,431.769,0.0,-64.79291534423828
329.20041847229004,0.0,431.682,0.0,-64.77274322509766
329.2314646244049,0.0,431.538,0.0,-64.7544174194336
329.28321266174316,0.0,431.296,0.0,-64.7169189453125
329.31350684165955,0.0,431.166,0.0,-64.69786071777344
329.3458206653595,0.0,430.943,0.0,-64.66063690185547
329.37751865386963,0.0,430.877,0.0,-64.64236450195312
329.40977573394775,0.0,430.786,0.0,-64.62641906738281
329.44126319885254,0.0,430.701,0.0,-64.59683990478516
329.473685503006,0.0,430.591,0.0,-64.58203125
329.50682282447815,0.0,430.341,0.0,-64.5665512084961
329.54348158836365,0.0,430.18,0.0,-64.53125
329.5718855857849,0.0,430.059,0.0,-64.51262664794922
329.6030910015106,0.0,429.926,0.0,-64.49356079101562
329.6347050666809,0.0,429.735,0.0,-64.47541046142578
329.6659412384033,0.0,429.653,0.0,-64.45861053466797
329.6980061531067,0.0,429.535,0.0,-64.43203735351562
329.7302987575531,0.0,429.401,0.0,-64.41943359375
329.7543888092041,0.0,429.118,0.0,-64.40494537353516
329.7787218093872,0.0,429.007,0.0,-64.38272857666016
329.8105044364929,0.0,428.91,0.0,-64.36177062988281
329.84408378601074,0.0,428.789,0.0,-64.32324981689453
329.8738627433777,0.0,428.588,0.0,-64.30604553222656
329.91417717933655,0.0,428.484,0.0,-64.28854370117188
329.94827580451965,0.0,428.373,0.0,-64.25470733642578
329.9719271659851,0.0,428.226,0.0,-64.23641967773438
330.0027024745941,0.0,427.955,0.0,-64.21841430664062
330.035035610199,0.0,427.844,0.0,-64.1988296508789
330.0681080818176,0.0,427.712,0.0,-64.16075134277344
330.0982656478882,0.0,427.604,0.0,-64.1423110961914
330.1297998428345,0.0,427.547,0.0,-64.1266098022461
330.16244649887085,0.0,427.375,0.0,-64.11129760742188
330.195481300354,0.0,427.276,0.0,-64.0873794555664
330.2271032333374,0.0,427.112,0.0,-64.07646179199219
330.26005029678345,0.0,426.88,0.0,-64.06201171875
330.2937557697296,0.0,426.677,0.0,-64.02304077148438
330.32391238212585,0.0,426.566,0.0,-64.00505065917969
330.3551046848297,0.0,426.431,0.0,-63.98736572265625
330.38734245300293,0.0,426.276,0.0,-63.96891784667969
330.4194736480713,0.0,426.158,0.0,-63.92962646484375
330.45121359825134,0.0,425.919,0.0,-63.9102783203125
330.48265862464905,0.0,425.825,0.0,-63.891448974609375
330.519095659256,0.0,425.687,0.0,-63.85542678833008
330.5471796989441,0.0,425.596,0.0,-63.83827209472656
330.5787751674652,0.0,425.393,0.0,-63.82111358642578
330.6113646030426,0.0,425.313,0.0,-63.805084228515625
330.64776945114136,0.0,425.178,0.0,-63.77405548095703
330.6797070503235,0.0,425.061,0.0,-63.75752639770508
330.71269273757935,0.0,424.795,0.0,-63.739444732666016
330.74563670158386,0.0,424.67,0.0,-63.70315170288086
330.7782690525055,0.0,424.545,0.0,-63.6846923828125
330.8083658218384,0.0,424.451,0.0,-63.67134094238281
330.84058809280396,0.0,424.112,0.0,-63.657989501953125
330.87249779701233,0.0,423.976,0.0,-63.62120056152344
330.9042000770569,0.0,423.832,0.0,-63.60198211669922
330.937059879303,0.0,423.733,0.0,-63.58198928833008
330.9700312614441,0.0,423.633,0.0,-63.54556655883789
331.0014615058899,0.0,423.415,0.0,-63.527915954589844
331.03402757644653,0.0,423.295,0.0,-63.510921478271484
331.06492495536804,0.0,423.236,0.0,-63.49367141723633
331.09808564186096,0.0,423.137,0.0,-63.46404266357422
331.12961626052856,0.0,422.924,0.0,-63.44935989379883
331.1620862483978,0.0,422.768,0.0,-63.43416213989258
331.1945550441742,0.0,422.654,0.0,-63.399417877197266
331.2265520095825,0.0,422.482,0.0,-63.37968063354492
331.2586929798126,0.0,422.267,0.0,-63.35935974121094
331.2911970615387,0.0,422.158,0.0,-63.341495513916016
331.33167481422424,0.0,422.06,0.0,-63.30732727050781
331.35855078697205,0.0,421.936,0.0,-63.290130615234375
331.39707612991333,0.0,421.577,0.0,-63.2581787109375
331.42912912368774,0.0,421.489,0.0,-63.23979187011719
331.4611246585846,0.0,421.398,0.0,-63.22279357910156
331.49440360069275,0.0,421.274,0.0,-63.190040588378906
331.5263569355011,0.0,421.104,0.0,-63.174842834472656
331.57470989227295,0.0,420.884,0.0,-63.14527130126953
331.6068892478943,0.0,420.762,0.0,-63.12973403930664
331.6391110420227,0.0,420.624,0.0,-63.11348342895508
331.67068886756897,0.0,420.502,0.0,-63.0782470703125
331.7019877433777,0.0,420.372,0.0,-63.05994415283203
331.734432220459,0.0,420.192,0.0,-63.04298782348633
331.76668787002563,0.0,420.051,0.0,-63.02690887451172
331.7987177371979,0.0,419.983,0.0,-62.99398422241211
331.83053064346313,0.0,419.846,0.0,-62.97716522216797
331.8648519515991,0.0,419.642,0.0,-62.96051788330078
331.8962721824646,0.0,419.504,0.0,-62.927215576171875
331.9317240715027,0.0,419.379,0.0,-62.90950012207031
331.9649758338928,0.0,419.247,0.0,-62.896690368652344
331.9793837070465,0.0,419.075,0.0,-62.88212585449219
332.0118479728699,0.0,418.988,0.0,-62.86451721191406
332.04661226272583,0.0,418.895,0.0,-62.83240509033203
332.08833479881287,0.0,418.688,0.0,-62.81705856323242
332.1050229072571,0.0,418.588,0.0,-62.80143737792969
332.1362853050232,0.0,418.486,0.0,-62.78602981567383
332.1688542366028,0.0,418.343,0.0,-62.753692626953125
332.1999089717865,0.0,418.235,0.0,-62.73686981201172
332.2305500507355,0.0,418.01,0.0,-62.72039794921875
332.2643790245056,0.0,417.896,0.0,-62.703407287597656
332.2963557243347,0.0,417.792,0.0,-62.66965866088867
332.3273649215698,0.0,417.683,0.0,-62.65304946899414
332.3594722747803,0.0,417.448,0.0,-62.63578796386719
332.39650535583496,0.0,417.333,0.0,-62.60160446166992
332.41980957984924,0.0,417.241,0.0,-62.58536911010742
332.4524600505829,0.0,417.167,0.0,-62.570587158203125
332.48378825187683,0.0,417.064,0.0,-62.55570983886719
332.5155017375946,0.0,416.799,0.0,-62.54083251953125
332.5469033718109,0.0,416.668,0.0,-62.515933990478516
332.57925391197205,0.0,416.542,0.0,-62.500244140625
332.61209774017334,0.0,416.386,0.0,-62.4836540222168
332.64421105384827,0.0,416.141,0.0,-62.445064544677734
332.6759650707245,0.0,416.063,0.0,-62.42668151855469
332.7077419757843,0.0,415.942,0.0,-62.41006088256836
332.7345862388611,0.0,415.857,0.0,-62.393001556396484
332.7636411190033,0.0,415.763,0.0,-62.377113342285156
332.79849195480347,0.0,415.661,0.0,-62.346466064453125
332.83200120925903,0.0,415.36,0.0,-62.329383850097656
332.86293053627014,0.0,415.247,0.0,-62.31053161621094
332.8938789367676,0.0,415.117,0.0,-62.27324295043945
332.923056602478,0.0,415.064,0.0,-62.25733947753906
332.9583992958069,0.0,414.905,0.0,-62.2431640625
332.9904975891113,0.0,414.817,0.0,-62.22917938232422
333.0221121311188,0.0,414.69,0.0,-62.200538635253906
333.0544373989105,0.0,414.549,0.0,-62.18387222290039
333.08659267425537,0.0,414.317,0.0,-62.16592025756836
333.1184022426605,0.0,414.234,0.0,-62.149078369140625
333.1501123905182,0.0,414.154,0.0,-62.11885452270508
333.1819791793823,0.0,414.092,0.0,-62.108436584472656
333.2138738632202,0.0,413.981,0.0,-62.09862518310547
333.2461042404175,0.0,413.629,0.0,-62.07027816772461
333.2784159183502,0.0,413.524,0.0,-62.0521125793457
333.3101706504822,0.0,413.4,0.0,-62.03446578979492
333.342405796051,0.0,413.299,0.0,-62.016441345214844
333.37445998191833,0.0,413.21,0.0,-61.9827766418457
333.40633487701416,0.0,413.021,0.0,-61.965797424316406
333.4478449821472,0.0,412.894,0.0,-61.9346923828125
333.4817111492157,0.0,412.681,0.0,-61.91771697998047
333.51240587234497,0.0,412.565,0.0,-61.90187072753906
333.54408740997314,0.0,412.488,0.0,-61.88559341430664
333.5763268470764,0.0,412.375,0.0,-61.85515594482422
333.6089913845062,0.0,412.124,0.0,-61.839420318603516
333.6408064365387,0.0,412.017,0.0,-61.82217788696289
333.67351961135864,0.0,411.944,0.0,-61.78985595703125
333.70542001724243,0.0,411.824,0.0,-61.7738037109375
333.7386724948883,0.0,411.755,0.0,-61.75934600830078
333.76999855041504,0.0,411.524,0.0,-61.745025634765625
333.801620721817,0.0,411.443,0.0,-61.71761703491211
333.8338897228241,0.0,411.317,0.0,-61.70616912841797
333.864453792572,0.0,411.153,0.0,-61.692840576171875
333.89838123321533,0.0,410.824,0.0,-61.65462875366211
333.92919635772705,0.0,410.751,0.0,-61.634708404541016
333.96122908592224,0.0,410.693,0.0,-61.6170768737793
333.9913499355316,0.0,410.626,0.0,-61.60186004638672
334.01465487480164,0.0,410.531,0.0,-61.588130950927734
334.0466387271881,0.0,410.428,0.0,-61.560245513916016
334.07881569862366,0.0,410.162,0.0,-61.54460906982422
334.1106312274933,0.0,410.034,0.0,-61.5277214050293
334.1427688598633,0.0,409.921,0.0,-61.5101203918457
334.17606830596924,0.0,409.839,0.0,-61.47645568847656
334.20802068710327,0.0,409.742,0.0,-61.46074295043945
334.23147988319397,0.0,409.657,0.0,-61.44586944580078
334.26734161376953,0.0,409.438,0.0,-61.4310188293457
334.29884672164917,0.0,409.334,0.0,-61.39976119995117
334.3283107280731,0.0,409.224,0.0,-61.3838996887207
334.36189222335815,0.0,409.097,0.0,-61.36714172363281
334.39376735687256,0.0,408.846,0.0,-61.35502624511719
334.42523860931396,0.0,408.744,0.0,-61.325897216796875
334.4585978984833,0.0,408.604,0.0,-61.310791015625
334.4899756908417,0.0,408.513,0.0,-61.29405212402344
334.5150508880615,0.0,408.4,0.0,-61.278114318847656
334.54965019226074,0.0,408.29,0.0,-61.245513916015625
334.5800950527191,0.0,408.087,0.0,-61.22987747192383
334.61190128326416,0.0,408.002,0.0,-61.21391677856445
334.6439666748047,0.0,407.874,0.0,-61.19883728027344
334.6754422187805,0.0,407.756,0.0,-61.165985107421875
334.7071409225464,0.0,407.527,0.0,-61.148902893066406
334.7388482093811,0.0,407.456,0.0,-61.131961822509766
334.7741026878357,0.0,407.328,0.0,-61.100406646728516
334.80314922332764,0.0,407.261,0.0,-61.085819244384766
334.8339936733246,0.0,407.111,0.0,-61.069087982177734
334.85433983802795,0.0,406.985,0.0,-61.05169677734375
334.89479804039,0.0,406.726,0.0,-61.034690856933594
334.9298334121704,0.0,406.659,0.0,-60.99945831298828
334.9615135192871,0.0,406.553,0.0,-60.9831428527832
334.9941954612732,0.0,406.403,0.0,-60.97138977050781
335.027067899704,0.0,406.305,0.0,-60.94880294799805
335.0586440563202,0.0,406.233,0.0,-60.93694305419922
335.0903196334839,0.0,406.141,0.0,-60.92555236816406
335.12287735939026,0.0,405.91,0.0,-60.89558410644531
335.155136346817,0.0,405.638,0.0,-60.87666320800781
335.1867823600769,0.0,405.525,0.0,-60.85711669921875
335.2191495895386,0.0,405.467,0.0,-60.838069915771484
335.251261472702,0.0,405.371,0.0,-60.805904388427734
335.284654378891,0.0,405.228,0.0,-60.79118728637695
335.3152275085449,0.0,405.09,0.0,-60.7779541015625
335.3484845161438,0.0,404.994,0.0,-60.747798919677734
335.3793261051178,0.0,404.862,0.0,-60.73151397705078
335.41154861450195,0.0,404.589,0.0,-60.71449279785156
335.4431037902832,0.0,404.467,0.0,-60.69594192504883
335.47575974464417,0.0,404.373,0.0,-60.65980911254883
335.50789880752563,0.0,404.263,0.0,-60.64250946044922
335.54140734672546,0.0,404.111,0.0,-60.62730407714844
335.55981731414795,0.0,404.111,0.0,-60.612709045410156
335.59187602996826,0.0,404.04,0.0,-60.599300384521484
335.6244192123413,0.0,403.868,0.0,-60.579139709472656
335.65561151504517,0.0,403.796,0.0,-60.56861114501953
335.68744015693665,0.0,403.613,0.0,-60.5582389831543
335.7245328426361,0.0,403.521,0.0,-60.52866744995117
335.751051902771,0.0,403.317,0.0,-60.51329040527344
335.7847332954407,0.0,403.214,0.0,-60.49843215942383
335.81530714035034,0.0,403.08,0.0,-60.48339080810547
335.84807801246643,0.0,402.974,0.0,-60.450496673583984
335.8799321651459,0.0,402.849,0.0,-60.43334197998047
335.9117658138275,0.0,402.635,0.0,-60.41562271118164
335.94363498687744,0.0,402.56,0.0,-60.39898681640625
335.9759509563446,0.0,402.479,0.0,-60.369441986083984
336.00663781166077,0.0,402.376,0.0,-60.35483932495117
336.03891944885254,0.0,402.269,0.0,-60.33985900878906
336.0709660053253,0.0,402.025,0.0,-60.32283020019531
336.1021373271942,0.0,401.957,0.0,-60.29466247558594
336.1314458847046,0.0,401.85,0.0,-60.283470153808594
336.1626887321472,0.0,401.767,0.0,-60.271121978759766
336.2011203765869,0.0,401.665,0.0,-60.24589920043945
336.24852228164673,0.0,401.372,0.0,-60.2120246887207
336.28551721572876,0.0,401.129,0.0,-60.19493865966797
336.31616020202637,0.0,401.06,0.0,-60.17705535888672
336.35071563720703,0.0,400.989,0.0,-60.146636962890625
336.3799195289612,0.0,400.904,0.0,-60.132667541503906
336.41138315200806,0.0,400.687,0.0,-60.11931228637695
336.4432384967804,0.0,400.56,0.0,-60.104026794433594
336.475040435791,0.0,400.436,0.0,-60.07061004638672
336.506649017334,0.0,400.326,0.0,-60.05360412597656
336.5387408733368,0.0,400.224,0.0,-60.036983489990234
336.57128071784973,0.0,400.113,0.0,-60.02158737182617
336.6035804748535,0.0,400.039,0.0,-59.99732971191406
336.6321520805359,0.0,399.979,0.0,-59.98643493652344
336.66101574897766,0.0,399.912,0.0,-59.975990295410156
336.6923875808716,0.0,399.764,0.0,-59.96868896484375
336.7247030735016,0.0,399.527,0.0,-59.94501876831055
336.75698494911194,0.0,399.301,0.0,-59.93077850341797
336.78970098495483,0.0,399.197,0.0,-59.9109992980957
336.8213391304016,0.0,399.105,0.0,-59.89207458496094
336.85430455207825,0.0,399.005,0.0,-59.85719299316406
336.88628792762756,0.0,398.793,0.0,-59.84073257446289
336.90174531936646,0.0,398.793,0.0,-59.823883056640625
336.9334535598755,0.0,398.567,0.0,-59.80636215209961
336.9655351638794,0.0,398.436,0.0,-59.78942108154297
337.00669026374817,0.0,398.366,0.0,-59.755767822265625
337.0388271808624,0.0,398.143,0.0,-59.73978805541992
337.07705092430115,0.0,398.068,0.0,-59.70846939086914
337.10526752471924,0.0,397.94,0.0,-59.69235610961914
337.13712978363037,0.0,397.879,0.0,-59.678165435791016
337.1818542480469,0.0,397.681,0.0,-59.64976501464844
337.1988525390625,0.0,397.593,0.0,-59.63569641113281
337.2309112548828,0.0,397.483,0.0,-59.62562942504883
337.2624990940094,0.0,397.362,0.0,-59.61402893066406
337.29456210136414,0.0,397.263,0.0,-59.60076141357422
337.326712846756,0.0,397.056,0.0,-59.57269287109375
337.3589744567871,0.0,396.921,0.0,-59.55826950073242
337.3909795284271,0.0,396.858,0.0,-59.54222106933594
337.4238908290863,0.0,396.797,0.0,-59.51511001586914
337.4547469615936,0.0,396.618,0.0,-59.502471923828125
337.4863405227661,0.0,396.519,0.0,-59.489437103271484
337.51885199546814,0.0,396.433,0.0,-59.47595977783203
337.5517907142639,0.0,396.334,0.0,-59.449012756347656
337.58353781700134,0.0,396.243,0.0,-59.43537139892578
337.6151170730591,0.0,396.062,0.0,-59.42212677001953
337.64018535614014,0.0,395.953,0.0,-59.408470153808594
337.6823251247406,0.0,395.897,0.0,-59.381343841552734
337.7137875556946,0.0,395.833,0.0,-59.36955261230469
337.74639081954956,0.0,395.744,0.0,-59.35906982421875
337.7785065174103,0.0,395.638,0.0,-59.33934020996094
337.80894804000854,0.0,395.51,0.0,-59.326385498046875
337.84105229377747,0.0,395.373,0.0,-59.31705856323242
337.87359523773193,0.0,395.242,0.0,-59.304779052734375
337.9065761566162,0.0,395.017,0.0,-59.27515411376953
337.93814849853516,0.0,394.897,0.0,-59.25946807861328
337.9700744152069,0.0,394.807,0.0,-59.24299621582031
338.00212597846985,0.0,394.621,0.0,-59.2098503112793
338.03344440460205,0.0,394.509,0.0,-59.1952018737793
338.06579327583313,0.0,394.361,0.0,-59.179908752441406
338.0979845523834,0.0,394.247,0.0,-59.16261291503906
338.1313421726227,0.0,394.108,0.0,-59.12666702270508
338.1629900932312,0.0,393.933,0.0,-59.1089973449707
338.1955533027649,0.0,393.853,0.0,-59.092891693115234
338.226744890213,0.0,393.77,0.0,-59.0635871887207
338.2808041572571,0.0,393.58,0.0,-59.034908294677734
338.31205534935,0.0,393.494,0.0,-59.02116012573242
338.34473967552185,0.0,393.287,0.0,-59.0061149597168
338.3839581012726,0.0,393.18,0.0,-58.976993560791016
338.4167568683624,0.0,393.075,0.0,-58.966346740722656
338.44627475738525,0.0,393.007,0.0,-58.95448684692383
338.486421585083,0.0,392.819,0.0,-58.93145751953125
338.5178413391113,0.0,392.64,0.0,-58.919029235839844
338.54906010627747,0.0,392.557,0.0,-58.90263748168945
338.5813789367676,0.0,392.403,0.0,-58.87411117553711
338.6134567260742,0.0,392.288,0.0,-58.860191345214844
338.64563727378845,0.0,392.153,0.0,-58.84534454345703
338.67734694480896,0.0,392.009,0.0,-58.81096267700195
338.70967507362366,0.0,391.914,0.0,-58.79383850097656
338.7423677444458,0.0,391.747,0.0,-58.77692413330078
338.7608714103699,0.0,391.747,0.0,-58.76206970214844
338.79257559776306,0.0,391.608,0.0,-58.74797058105469
338.8298587799072,0.0,391.543,0.0,-58.723777770996094
338.857430934906,0.0,391.44,0.0,-58.711219787597656
338.8899943828583,0.0,391.34,0.0,-58.69807434082031
338.923219203949,0.0,391.075,0.0,-58.68279266357422
338.95551013946533,0.0,390.974,0.0,-58.65868377685547
338.98726773262024,0.0,390.899,0.0,-58.64509963989258
339.0198564529419,0.0,390.832,0.0,-58.6321907043457
339.05422163009644,0.0,390.76,0.0,-58.6085205078125
339.08398032188416,0.0,390.464,0.0,-58.59229278564453
339.1158928871155,0.0,390.375,0.0,-58.57602310180664
339.14906311035156,0.0,390.28,0.0,-58.56044387817383
339.18130683898926,0.0,390.196,0.0,-58.53055191040039
339.21295070648193,0.0,390.001,0.0,-58.515567779541016
339.2453911304474,0.0,389.887,0.0,-58.500999450683594
339.2794177532196,0.0,389.747,0.0,-58.46876525878906
339.31283807754517,0.0,389.655,0.0,-58.45256805419922
339.34511494636536,0.0,389.443,0.0,-58.43544387817383
339.3776228427887,0.0,389.385,0.0,-58.40545654296875
339.4097626209259,0.0,389.318,0.0,-58.39260482788086
339.4417726993561,0.0,389.231,0.0,-58.37980270385742
339.47333431243896,0.0,389.081,0.0,-58.36719512939453
339.5061573982239,0.0,388.977,0.0,-58.34922409057617
339.53756642341614,0.0,388.888,0.0,-58.33863830566406
339.5700373649597,0.0,388.824,0.0,-58.32743835449219
339.6011142730713,0.0,388.718,0.0,-58.316802978515625
339.6342787742615,0.0,388.423,0.0,-58.28925323486328
339.6665360927582,0.0,388.308,0.0,-58.27253723144531
339.6981158256531,0.0,388.211,0.0,-58.25548553466797
339.7303545475006,0.0,388.102,0.0,-58.222320556640625
339.7623586654663,0.0,387.916,0.0,-58.20647048950195
339.7946033477783,0.0,387.811,0.0,-58.190895080566406
339.8271780014038,0.0,387.72,0.0,-58.175201416015625
339.8678767681122,0.0,387.538,0.0,-58.144081115722656
339.89911103248596,0.0,387.456,0.0,-58.129844665527344
339.93218088150024,0.0,387.376,0.0,-58.10300827026367
339.96406626701355,0.0,387.312,0.0,-58.090911865234375
339.99616718292236,0.0,387.199,0.0,-58.07757568359375
340.0295147895813,0.0,387.045,0.0,-58.05847930908203
340.0608334541321,0.0,386.965,0.0,-58.04826354980469
340.09237837791443,0.0,386.869,0.0,-58.03771209716797
340.1238648891449,0.0,386.783,0.0,-58.02622985839844
340.1573305130005,0.0,386.444,0.0,-57.9952507019043
340.1890995502472,0.0,386.367,0.0,-57.977630615234375
340.22157430648804,0.0,386.309,0.0,-57.961490631103516
340.25560212135315,0.0,386.238,0.0,-57.93408966064453
340.2868995666504,0.0,386.163,0.0,-57.92145538330078
340.3174955844879,0.0,386.006,0.0,-57.908138275146484
340.34950518608093,0.0,385.914,0.0,-57.89625930786133
340.37454199790955,0.0,385.8,0.0,-57.88393783569336
340.4061141014099,0.0,385.666,0.0,-57.85491943359375
340.43743777275085,0.0,385.521,0.0,-57.837623596191406
340.4694309234619,0.0,385.426,0.0,-57.82099151611328
340.5104510784149,0.0,385.295,0.0,-57.79363250732422
340.5414981842041,0.0,385.22,0.0,-57.783721923828125
340.58070850372314,0.0,385.083,0.0,-57.763980865478516
340.6129639148712,0.0,384.991,0.0,-57.75406265258789
340.64497423171997,0.0,384.807,0.0,-57.743228912353516
340.68138217926025,0.0,384.743,0.0,-57.71388244628906
340.70967841148376,0.0,384.573,0.0,-57.700157165527344
340.74142837524414,0.0,384.456,0.0,-57.68675231933594
340.77383160591125,0.0,384.33,0.0,-57.67217254638672
340.80579233169556,0.0,384.202,0.0,-57.63936996459961
340.8379089832306,0.0,384.091,0.0,-57.622337341308594
340.86544275283813,0.0,383.976,0.0,-57.605072021484375
340.8938858509064,0.0,383.901,0.0,-57.589317321777344
340.930428981781,0.0,383.745,0.0,-57.56163787841797
340.95822525024414,0.0,383.678,0.0,-57.548641204833984
340.9909827709198,0.0,383.533,0.0,-57.539344787597656
341.02338433265686,0.0,383.407,0.0,-57.52680587768555
341.05473732948303,0.0,383.246,0.0,-57.49944305419922
341.08666157722473,0.0,383.195,0.0,-57.486087799072266
341.1190264225006,0.0,383.123,0.0,-57.47434997558594
341.15537881851196,0.0,382.925,0.0,-57.44657897949219
341.18355560302734,0.0,382.816,0.0,-57.43003845214844
341.2239918708801,0.0,382.596,0.0,-57.41352462768555
341.24895215034485,0.0,382.51,0.0,-57.39670944213867
341.29135847091675,0.0,382.309,0.0,-57.36463165283203
341.32099866867065,0.0,382.25,0.0,-57.34912109375
341.3566253185272,0.0,382.175,0.0,-57.322452545166016
341.3865623474121,0.0,382.102,0.0,-57.31012725830078
341.41468834877014,0.0,382.016,0.0,-57.2977409362793
341.4468734264374,0.0,381.907,0.0,-57.28433609008789
341.47764325141907,0.0,381.779,0.0,-57.271907806396484
341.51034593582153,0.0,381.712,0.0,-57.24956512451172
341.5427248477936,0.0,381.614,0.0,-57.241851806640625
341.5750858783722,0.0,381.508,0.0,-57.23248291015625
341.60687923431396,0.0,381.282,0.0,-57.208282470703125
341.63914704322815,0.0,381.221,0.0,-57.194637298583984
341.67134070396423,0.0,381.137,0.0,-57.18220520019531
341.70267510414124,0.0,380.992,0.0,-57.169742584228516
341.73419666290283,0.0,380.817,0.0,-57.13988494873047
341.765748500824,0.0,380.75,0.0,-57.12563705444336
341.79794573783875,0.0,380.63,0.0,-57.11250305175781
341.83100271224976,0.0,380.54,0.0,-57.083717346191406
341.8631672859192,0.0,380.448,0.0,-57.06951141357422
341.89483857154846,0.0,380.272,0.0,-57.05491256713867
341.9311218261719,0.0,380.194,0.0,-57.02817153930664
341.96570348739624,0.0,380.108,0.0,-57.01514434814453
341.99810123443604,0.0,379.944,0.0,-57.0015869140625
342.03232312202454,0.0,379.809,0.0,-56.97454071044922
342.06166911125183,0.0,379.694,0.0,-56.95914077758789
342.0949025154114,0.0,379.614,0.0,-56.94459533691406
342.1269037723541,0.0,379.503,0.0,-56.929412841796875
342.15856742858887,0.0,379.418,0.0,-56.90876388549805
342.1910262107849,0.0,379.332,0.0,-56.900306701660156
342.22243475914,0.0,379.236,0.0,-56.89085388183594
342.25669288635254,0.0,379.115,0.0,-56.86754608154297
342.2889904975891,0.0,378.897,0.0,-56.853309631347656
342.3194854259491,0.0,378.746,0.0,-56.83893966674805
342.35082960128784,0.0,378.66,0.0,-56.822166442871094
342.3829650878906,0.0,378.569,0.0,-56.790863037109375
342.41465497016907,0.0,378.39,0.0,-56.77482604980469
342.44730854034424,0.0,378.313,0.0,-56.760459899902344
342.4831473827362,0.0,378.23,0.0,-56.73355484008789
342.5144817829132,0.0,378.15,0.0,-56.72064971923828
342.5470473766327,0.0,377.954,0.0,-56.70698547363281
342.57913160324097,0.0,377.892,0.0,-56.693321228027344
342.6096456050873,0.0,377.825,0.0,-56.669158935546875
342.6492233276367,0.0,377.673,0.0,-56.65707778930664
342.6752259731293,0.0,377.592,0.0,-56.64580154418945
342.707887172699,0.0,377.508,0.0,-56.626251220703125
342.73832058906555,0.0,377.46,0.0,-56.61711883544922
342.7706780433655,0.0,377.374,0.0,-56.60871124267578
342.8032784461975,0.0,377.245,0.0,-56.59925079345703
342.8342957496643,0.0,376.944,0.0,-56.56991958618164
342.8662226200104,0.0,376.847,0.0,-56.55311965942383
342.89801502227783,0.0,376.747,0.0,-56.536720275878906
342.93286895751953,0.0,376.685,0.0,-56.50608444213867
342.96210074424744,0.0,376.616,0.0,-56.49272537231445
342.99112915992737,0.0,376.501,0.0,-56.481544494628906
343.01544737815857,0.0,376.501,0.0,-56.47032928466797
343.0476725101471,0.0,376.331,0.0,-56.459537506103516
343.0793261528015,0.0,376.25,0.0,-56.447547912597656
343.11152482032776,0.0,376.164,0.0,-56.42335510253906
343.1437315940857,0.0,376.044,0.0,-56.40955352783203
343.1759023666382,0.0,375.877,0.0,-56.39556884765625
343.208163022995,0.0,375.785,0.0,-56.372920989990234
343.24052333831787,0.0,375.715,0.0,-56.36240005493164
343.2715458869934,0.0,375.658,0.0,-56.35198974609375
343.3037214279175,0.0,375.533,0.0,-56.34220504760742
343.3447072505951,0.0,375.383,0.0,-56.318389892578125
343.3853142261505,0.0,375.123,0.0,-56.29111099243164
343.4169385433197,0.0,375.008,0.0,-56.275901794433594
343.44869351387024,0.0,374.969,0.0,-56.259971618652344
343.48048400878906,0.0,374.827,0.0,-56.24668884277344
343.5130298137665,0.0,374.708,0.0,-56.21479797363281
343.5432252883911,0.0,374.501,0.0,-56.19921112060547
343.5761058330536,0.0,374.446,0.0,-56.182830810546875
343.6093199253082,0.0,374.423,0.0,-56.15730285644531
343.64097785949707,0.0,374.356,0.0,-56.14649963378906
343.67361283302307,0.0,374.217,0.0,-56.136512756347656
343.70558285713196,0.0,374.094,0.0,-56.12600326538086
343.7386426925659,0.0,374.002,0.0,-56.10048294067383
343.76989912986755,0.0,373.913,0.0,-56.0911750793457
343.801570892334,0.0,373.843,0.0,-56.08091735839844
343.8346710205078,0.0,373.72,0.0,-56.06196975708008
343.8653874397278,0.0,373.639,0.0,-56.05220413208008
343.89866733551025,0.0,373.537,0.0,-56.04188537597656
343.9305832386017,0.0,373.406,0.0,-56.030250549316406
343.962614774704,0.0,373.339,0.0,-56.00347137451172
343.9943497180939,0.0,373.141,0.0,-55.9881591796875
344.02593755722046,0.0,373.038,0.0,-55.974609375
344.0655481815338,0.0,372.929,0.0,-55.94560241699219
344.09542298316956,0.0,372.74,0.0,-55.930580139160156
344.1340832710266,0.0,372.659,0.0,-55.90183639526367
344.1623251438141,0.0,372.547,0.0,-55.88694381713867
344.194881439209,0.0,372.485,0.0,-55.87351989746094
344.2277641296387,0.0,372.31,0.0,-55.860103607177734
344.2597813606262,0.0,372.254,0.0,-55.83724594116211
344.2923665046692,0.0,372.165,0.0,-55.82818603515625
344.32246685028076,0.0,372.124,0.0,-55.81812286376953
344.3386299610138,0.0,372.065,0.0,-55.809288024902344
344.3705496788025,0.0,371.965,0.0,-55.800636291503906
344.4025480747223,0.0,371.917,0.0,-55.7903938293457
344.4351580142975,0.0,371.715,0.0,-55.769691467285156
344.46783232688904,0.0,371.667,0.0,-55.757843017578125
344.4987041950226,0.0,371.466,0.0,-55.747283935546875
344.53505778312683,0.0,371.394,0.0,-55.71653366088867
344.56335377693176,0.0,371.31,0.0,-55.70222854614258
344.5947172641754,0.0,371.16,0.0,-55.68937683105469
344.6307463645935,0.0,371.035,0.0,-55.676231384277344
344.66239643096924,0.0,370.97,0.0,-55.64799118041992
344.694548368454,0.0,370.845,0.0,-55.63298797607422
344.7261416912079,0.0,370.696,0.0,-55.61924362182617
344.7594132423401,0.0,370.696,0.0,-55.59619140625
344.83903431892395,0.0,370.262,0.0,-55.581886291503906
344.8839547634125,0.0,370.262,0.0,-55.54724884033203
344.9158627986908,0.0,370.075,0.0,-55.53096008300781
344.9474697113037,0.0,369.992,0.0,-55.51665496826172
344.98010897636414,0.0,369.914,0.0,-55.50276184082031
345.0114076137543,0.0,369.808,0.0,-55.475284576416016
345.0435633659363,0.0,369.708,0.0,-55.46084213256836
345.074826002121,0.0,369.506,0.0,-55.446109771728516
345.10767936706543,0.0,369.442,0.0,-55.4176025390625
345.14302682876587,0.0,369.359,0.0,-55.40433120727539
345.17515301704407,0.0,369.297,0.0,-55.39216232299805
345.2107675075531,0.0,369.166,0.0,-55.374244689941406
345.2384126186371,0.0,369.118,0.0,-55.365447998046875
345.27025032043457,0.0,369.012,0.0,-55.3572883605957
345.3034119606018,0.0,368.948,0.0,-55.347171783447266
345.3355221748352,0.0,368.785,0.0,-55.327125549316406
345.36640906333923,0.0,368.689,0.0,-55.31618881225586
345.3981237411499,0.0,368.603,0.0,-55.30431365966797
345.4292821884155,0.0,368.508,0.0,-55.29212951660156
345.46176528930664,0.0,368.271,0.0,-55.26011276245117
345.49324560165405,0.0,368.129,0.0,-55.241432189941406
345.5255947113037,0.0,368.092,0.0,-55.22613525390625
345.5652964115143,0.0,368.003,0.0,-55.20055389404297
345.5984592437744,0.0,367.806,0.0,-55.18930435180664
345.6370658874512,0.0,367.728,0.0,-55.16133117675781
345.696564912796,0.0,367.596,0.0,-55.137847900390625
345.7274360656738,0.0,367.57,0.0,-55.128021240234375
345.7598166465759,0.0,367.37,0.0,-55.11290740966797
345.79327392578125,0.0,367.315,0.0,-55.1023063659668
345.8238310813904,0.0,367.203,0.0,-55.09242630004883
345.855831861496,0.0,367.122,0.0,-55.08070373535156
345.8868806362152,0.0,367.069,0.0,-55.0580940246582
345.91880202293396,0.0,366.796,0.0,-55.04362869262695
345.95075249671936,0.0,366.725,0.0,-55.02836227416992
345.98226499557495,0.0,366.63,0.0,-55.01420974731445
346.01458954811096,0.0,366.551,0.0,-54.986209869384766
346.0468554496765,0.0,366.468,0.0,-54.9727783203125
346.0789694786072,0.0,366.257,0.0,-54.95616912841797
346.1121871471405,0.0,366.165,0.0,-54.92790985107422
346.1424551010132,0.0,366.107,0.0,-54.91524887084961
346.1746482849121,0.0,366.04,0.0,-54.906150817871094
346.2063958644867,0.0,365.889,0.0,-54.8969841003418
346.23865580558777,0.0,365.836,0.0,-54.87799835205078
346.27890181541443,0.0,365.783,0.0,-54.86861801147461
346.3371798992157,0.0,365.549,0.0,-54.839935302734375
346.3862998485565,0.0,365.501,0.0,-54.82023239135742
346.4178419113159,0.0,365.244,0.0,-54.80747985839844
346.4500982761383,0.0,365.163,0.0,-54.79351806640625
346.4821665287018,0.0,365.08,0.0,-54.77992248535156
346.51498556137085,0.0,364.977,0.0,-54.75248718261719
346.5460367202759,0.0,364.938,0.0,-54.7406120300293
346.57844591140747,0.0,364.782,0.0,-54.72820281982422
346.61150312423706,0.0,364.693,0.0,-54.704444885253906
346.64285373687744,0.0,364.581,0.0,-54.69101333618164
346.6747317314148,0.0,364.498,0.0,-54.67778015136719
346.71014738082886,0.0,364.31,0.0,-54.652862548828125
346.7426037788391,0.0,364.249,0.0,-54.64232635498047
346.7739806175232,0.0,364.19,0.0,-54.632266998291016
346.8069281578064,0.0,364.123,0.0,-54.62264633178711
346.837997674942,0.0,363.956,0.0,-54.602256774902344
346.87003445625305,0.0,363.851,0.0,-54.59148025512695
346.90278673171997,0.0,363.757,0.0,-54.579349517822266
346.9350881576538,0.0,363.606,0.0,-54.55107879638672
346.9665312767029,0.0,363.55,0.0,-54.537322998046875
346.99884057044983,0.0,363.415,0.0,-54.525054931640625
347.0317487716675,0.0,363.365,0.0,-54.51280975341797
347.06480717658997,0.0,363.268,0.0,-54.48999786376953
347.08929204940796,0.0,363.167,0.0,-54.477203369140625
347.1216149330139,0.0,363.131,0.0,-54.46643829345703
347.15325236320496,0.0,362.955,0.0,-54.45475769042969
347.18569564819336,0.0,362.866,0.0,-54.43074035644531
347.21825885772705,0.0,362.76,0.0,-54.41747283935547
347.2483448982239,0.0,362.704,0.0,-54.40784454345703
347.2819287776947,0.0,362.632,0.0,-54.39868927001953
347.3131031990051,0.0,362.49,0.0,-54.380859375
347.34533190727234,0.0,362.417,0.0,-54.37068557739258
347.37673592567444,0.0,362.383,0.0,-54.3603515625
347.40903091430664,0.0,362.299,0.0,-54.351524353027344
347.44078755378723,0.0,362.18,0.0,-54.33374786376953
347.4723541736603,0.0,361.977,0.0,-54.32417297363281
347.5053095817566,0.0,361.874,0.0,-54.308815002441406
347.53656792640686,0.0,361.802,0.0,-54.278663635253906
347.5693736076355,0.0,361.727,0.0,-54.264892578125
347.60123324394226,0.0,361.654,0.0,-54.255069732666016
347.63346767425537,0.0,361.587,0.0,-54.24481964111328
347.66470074653625,0.0,361.524,0.0,-54.22481918334961
347.69645738601685,0.0,361.446,0.0,-54.21451187133789
347.72209453582764,0.0,361.327,0.0,-54.20214080810547
347.7457149028778,0.0,361.29,0.0,-54.191619873046875
347.79755997657776,0.0,361.134,0.0,-54.17051315307617
347.82741689682007,0.0,361.084,0.0,-54.16239547729492
347.86011266708374,0.0,360.822,0.0,-54.14306640625
347.8916234970093,0.0,360.783,0.0,-54.12980270385742
347.92459201812744,0.0,360.683,0.0,-54.11848449707031
347.95589327812195,0.0,360.666,0.0,-54.106117248535156
347.98849844932556,0.0,360.568,0.0,-54.08540344238281
348.01985573768616,0.0,360.286,0.0,-54.06901931762695
348.05270290374756,0.0,360.195,0.0,-54.05354309082031
348.0843131542206,0.0,360.125,0.0,-54.038368225097656
348.1165544986725,0.0,360.044,0.0,-54.01069259643555
348.1482996940613,0.0,359.972,0.0,-53.997772216796875
348.1805808544159,0.0,359.82,0.0,-53.98558044433594
348.2125413417816,0.0,359.753,0.0,-53.96440124511719
348.2442946434021,0.0,359.717,0.0,-53.95537567138672
348.27672052383423,0.0,359.576,0.0,-53.94751739501953
348.2940022945404,0.0,359.514,0.0,-53.93614196777344
348.3257441520691,0.0,359.451,0.0,-53.92535400390625
348.35767936706543,0.0,359.389,0.0,-53.91497802734375
348.3889389038086,0.0,359.274,0.0,-53.89624786376953
348.42138171195984,0.0,359.198,0.0,-53.8868408203125
348.45648217201233,0.0,359.134,0.0,-53.87696075439453
348.48164463043213,0.0,359.02,0.0,-53.86721420288086
348.5135450363159,0.0,358.856,0.0,-53.84006881713867
348.5449073314667,0.0,358.753,0.0,-53.824424743652344
348.5761947631836,0.0,358.616,0.0,-53.81049728393555
348.6081042289734,0.0,358.546,0.0,-53.797027587890625
348.6399962902069,0.0,358.482,0.0,-53.772396087646484
348.6720447540283,0.0,358.399,0.0,-53.760337829589844
348.70491456985474,0.0,358.323,0.0,-53.74845504760742
348.7367191314697,0.0,358.163,0.0,-53.730133056640625
348.7680892944336,0.0,358.099,0.0,-53.72026062011719
348.80061292648315,0.0,357.997,0.0,-53.71054458618164
348.8322081565857,0.0,357.927,0.0,-53.69935607910156
348.8566462993622,0.0,357.854,0.0,-53.68836212158203
348.8894910812378,0.0,357.74,0.0,-53.664730072021484
348.9216859340668,0.0,357.608,0.0,-53.65305709838867
348.9532980918884,0.0,357.464,0.0,-53.641571044921875
348.98513436317444,0.0,357.416,0.0,-53.62724304199219
349.01731753349304,0.0,357.357,0.0,-53.60324478149414
349.04911637306213,0.0,357.271,0.0,-53.59332275390625
349.0811140537262,0.0,357.148,0.0,-53.58429718017578
349.1145052909851,0.0,357.064,0.0,-53.560916900634766
349.1397523880005,0.0,356.961,0.0,-53.54803466796875
349.1720702648163,0.0,356.902,0.0,-53.53620529174805
349.2032654285431,0.0,356.755,0.0,-53.525150299072266
349.23491954803467,0.0,356.691,0.0,-53.5135612487793
349.2671241760254,0.0,356.597,0.0,-53.49065017700195
349.29953932762146,0.0,356.5,0.0,-53.47800827026367
349.33044481277466,0.0,356.458,0.0,-53.468841552734375
349.36324310302734,0.0,356.351,0.0,-53.45201873779297
349.4286277294159,0.0,356.222,0.0,-53.437217712402344
349.460515499115,0.0,356.138,0.0,-53.4285774230957
349.4930748939514,0.0,355.944,0.0,-53.407344818115234
349.52549052238464,0.0,355.897,0.0,-53.39545822143555
349.5574541091919,0.0,355.827,0.0,-53.38484573364258
349.5737478733063,0.0,355.673,0.0,-53.374263763427734
349.60491847991943,0.0,355.528,0.0,-53.360172271728516
349.63759541511536,0.0,355.44,0.0,-53.32794189453125
349.6696586608887,0.0,355.392,0.0,-53.31430435180664
349.7007122039795,0.0,355.272,0.0,-53.3008918762207
349.7329888343811,0.0,355.208,0.0,-53.289588928222656
349.7649953365326,0.0,355.136,0.0,-53.268035888671875
349.7982168197632,0.0,355.06,0.0,-53.25715255737305
349.82858967781067,0.0,355.005,0.0,-53.24704360961914
349.86196398735046,0.0,354.842,0.0,-53.23593521118164
349.8938994407654,0.0,354.781,0.0,-53.21461868286133
349.9262981414795,0.0,354.734,0.0,-53.207183837890625
349.95917201042175,0.0,354.67,0.0,-53.20005416870117
349.9907052516937,0.0,354.522,0.0,-53.184173583984375
350.0228428840637,0.0,354.46,0.0,-53.17506408691406
350.0546085834503,0.0,354.34,0.0,-53.16596603393555
350.0865318775177,0.0,354.29,0.0,-53.15443801879883
350.11822056770325,0.0,354.115,0.0,-53.13243865966797
350.1501340866089,0.0,354.001,0.0,-53.12070846557617
350.18226504325867,0.0,353.901,0.0,-53.10740661621094
350.1977777481079,0.0,353.79,0.0,-53.09348678588867
350.23091340065,0.0,353.712,0.0,-53.07863235473633
350.26569652557373,0.0,353.625,0.0,-53.050453186035156
350.2952105998993,0.0,353.549,0.0,-53.03704071044922
350.3269968032837,0.0,353.382,0.0,-53.0234260559082
350.3590347766876,0.0,353.312,0.0,-53.010379791259766
350.3910005092621,0.0,353.247,0.0,-52.986305236816406
350.42939496040344,0.0,353.202,0.0,-52.97602081298828
350.4536442756653,0.0,353.147,0.0,-52.966392517089844
350.4904499053955,0.0,353.038,0.0,-52.95289993286133
350.5180459022522,0.0,352.939,0.0,-52.945770263671875
350.54898834228516,0.0,352.897,0.0,-52.93667984008789
350.58132791519165,0.0,352.846,0.0,-52.9284553527832
350.61315655708313,0.0,352.747,0.0,-52.9107666015625
350.64389204978943,0.0,352.608,0.0,-52.90272521972656
350.6775026321411,0.0,352.497,0.0,-52.89225769042969
350.709121465683,0.0,352.431,0.0,-52.880043029785156
350.7415750026703,0.0,352.309,0.0,-52.85475540161133
350.77493596076965,0.0,352.139,0.0,-52.840675354003906
350.80824995040894,0.0,352.076,0.0,-52.827335357666016
350.83859753608704,0.0,352.009,0.0,-52.803157806396484
350.89157152175903,0.0,351.846,0.0,-52.77863311767578
350.91868686676025,0.0,351.797,0.0,-52.76795959472656
350.94846749305725,0.0,351.708,0.0,-52.75656509399414
350.98104643821716,0.0,351.518,0.0,-52.74449157714844
351.01220202445984,0.0,351.407,0.0,-52.73164367675781
351.04437804222107,0.0,351.31,0.0,-52.703372955322266
351.07617831230164,0.0,351.258,0.0,-52.692955017089844
351.1091351509094,0.0,351.155,0.0,-52.68334197998047
351.1406362056732,0.0,351.033,0.0,-52.66122055053711
351.17428398132324,0.0,350.958,0.0,-52.65119934082031
351.2028524875641,0.0,350.917,0.0,-52.64091110229492
351.2433707714081,0.0,350.781,0.0,-52.62205505371094
351.27322268486023,0.0,350.73,0.0,-52.61273193359375
351.3072016239166,0.0,350.631,0.0,-52.603965759277344
351.3419954776764,0.0,350.558,0.0,-52.583106994628906
351.3704490661621,0.0,350.392,0.0,-52.56858825683594
351.4017732143402,0.0,350.298,0.0,-52.55638122558594
351.43406653404236,0.0,350.25,0.0,-52.54513931274414
351.4658260345459,0.0,350.159,0.0,-52.523963928222656
351.49942445755005,0.0,350.05,0.0,-52.51142120361328
351.5305106639862,0.0,349.996,0.0,-52.50004577636719
351.5673589706421,0.0,349.89,0.0,-52.47946548461914
351.59487676620483,0.0,349.824,0.0,-52.47266387939453
351.6268746852875,0.0,349.747,0.0,-52.4652099609375
351.65963912010193,0.0,349.642,0.0,-52.4567756652832
351.69045186042786,0.0,349.57,0.0,-52.436492919921875
351.72192120552063,0.0,349.515,0.0,-52.428794860839844
351.7544434070587,0.0,349.462,0.0,-52.42107391357422
351.78631567955017,0.0,349.375,0.0,-52.413414001464844
351.81829619407654,0.0,349.264,0.0,-52.393226623535156
351.84925651550293,0.0,348.996,0.0,-52.377281188964844
351.88179183006287,0.0,348.957,0.0,-52.362083435058594
351.91395831108093,0.0,348.887,0.0,-52.34925079345703
351.94538593292236,0.0,348.796,0.0,-52.3242073059082
351.98066759109497,0.0,348.67,0.0,-52.31245422363281
352.01738476753235,0.0,348.625,0.0,-52.29109191894531
352.0459313392639,0.0,348.635,0.0,-52.28432846069336
352.07863426208496,0.0,348.555,0.0,-52.27632141113281
352.1102545261383,0.0,348.494,0.0,-52.268131256103516
352.1423180103302,0.0,348.291,0.0,-52.25507354736328
352.17385053634644,0.0,348.191,0.0,-52.24480056762695
352.20626163482666,0.0,348.087,0.0,-52.233184814453125
352.24321937561035,0.0,348.028,0.0,-52.2085075378418
352.2710609436035,0.0,347.972,0.0,-52.197914123535156
352.3038561344147,0.0,347.857,0.0,-52.18989181518555
352.33517813682556,0.0,347.809,0.0,-52.179405212402344
352.3668978214264,0.0,347.719,0.0,-52.15917205810547
352.3989944458008,0.0,347.623,0.0,-52.14744567871094
352.4322965145111,0.0,347.504,0.0,-52.13665771484375
352.46245312690735,0.0,347.413,0.0,-52.126136779785156
352.4943995475769,0.0,347.365,0.0,-52.10443878173828
352.5269932746887,0.0,347.274,0.0,-52.09321975708008
352.5595600605011,0.0,347.175,0.0,-52.08509826660156
352.5913474559784,0.0,347.0,0.0,-52.06438064575195
352.6235611438751,0.0,346.933,0.0,-52.052940368652344
352.6645276546478,0.0,346.873,0.0,-52.031272888183594
352.7210569381714,0.0,346.752,0.0,-52.01189422607422
352.7528307437897,0.0,346.582,0.0,-52.002479553222656
352.7844593524933,0.0,346.503,0.0,-51.99083709716797
352.8164186477661,0.0,346.48,0.0,-51.96955108642578
352.848477602005,0.0,346.399,0.0,-51.9593505859375
352.8803508281708,0.0,346.3,0.0,-51.948951721191406
352.9119825363159,0.0,346.199,0.0,-51.94036865234375
352.94387006759644,0.0,346.171,0.0,-51.921424865722656
352.97644329071045,0.0,346.108,0.0,-51.91265869140625
353.00802516937256,0.0,346.021,0.0,-51.90642166137695
353.0404531955719,0.0,345.867,0.0,-51.89847183227539
353.07517099380493,0.0,345.778,0.0,-51.88123321533203
353.1065351963043,0.0,345.683,0.0,-51.870323181152344
353.1385188102722,0.0,345.588,0.0,-51.858402252197266
353.17067289352417,0.0,345.464,0.0,-51.83323287963867
353.2027597427368,0.0,345.394,0.0,-51.822105407714844
353.23426127433777,0.0,345.294,0.0,-51.81110382080078
353.2659499645233,0.0,345.226,0.0,-51.79894256591797
353.29829931259155,0.0,345.135,0.0,-51.77491760253906
353.33012986183167,0.0,344.824,0.0,-51.75675964355469
353.36200428009033,0.0,344.759,0.0,-51.73943328857422
353.3870732784271,0.0,344.731,0.0,-51.723915100097656
353.4252333641052,0.0,344.633,0.0,-51.698177337646484
353.45128297805786,0.0,344.586,0.0,-51.6866455078125
353.48327350616455,0.0,344.468,0.0,-51.677696228027344
353.51565766334534,0.0,344.442,0.0,-51.6671257019043
353.5477204322815,0.0,344.367,0.0,-51.649269104003906
353.5785491466522,0.0,344.303,0.0,-51.64274978637695
353.61110401153564,0.0,344.214,0.0,-51.635616302490234
353.6442983150482,0.0,344.042,0.0,-51.617435455322266
353.6748237609863,0.0,344.0,0.0,-51.606781005859375
353.7071771621704,0.0,343.899,0.0,-51.59733963012695
353.73963809013367,0.0,343.827,0.0,-51.58635330200195
353.7714548110962,0.0,343.693,0.0,-51.56608200073242
353.80377435684204,0.0,343.628,0.0,-51.555198669433594
353.8352401256561,0.0,343.566,0.0,-51.54460906982422
353.8700165748596,0.0,343.502,0.0,-51.524322509765625
353.89955139160156,0.0,343.422,0.0,-51.51374816894531
353.93099188804626,0.0,343.293,0.0,-51.50386047363281
353.96407866477966,0.0,343.226,0.0,-51.49361801147461
353.9794702529907,0.0,343.226,0.0,-51.48344039916992
354.0118968486786,0.0,343.087,0.0,-51.47334671020508
354.04414343833923,0.0,342.946,0.0,-51.449676513671875
354.08423376083374,0.0,342.874,0.0,-51.43688201904297
354.1195251941681,0.0,342.774,0.0,-51.41667556762695
354.1431839466095,0.0,342.721,0.0,-51.408878326416016
354.1742036342621,0.0,342.657,0.0,-51.401180267333984
354.20552468299866,0.0,342.574,0.0,-51.393089294433594
354.23869132995605,0.0,342.489,0.0,-51.383888244628906
354.2704668045044,0.0,342.428,0.0,-51.36549758911133
354.3031506538391,0.0,342.351,0.0,-51.3580207824707
354.3353326320648,0.0,342.297,0.0,-51.349525451660156
354.3681380748749,0.0,342.216,0.0,-51.331878662109375
354.39985370635986,0.0,342.147,0.0,-51.3222770690918
354.4316759109497,0.0,342.058,0.0,-51.31300735473633
354.4630811214447,0.0,341.964,0.0,-51.304962158203125
354.49611020088196,0.0,341.808,0.0,-51.281768798828125
354.5269317626953,0.0,341.698,0.0,-51.26720428466797
354.55966997146606,0.0,341.553,0.0,-51.254112243652344
354.5936133861542,0.0,341.499,0.0,-51.228782653808594
354.6242070198059,0.0,341.459,0.0,-51.21837615966797
354.65253019332886,0.0,341.402,0.0,-51.20849609375
354.6972453594208,0.0,341.294,0.0,-51.192787170410156
354.7292413711548,0.0,341.214,0.0,-51.18584442138672
354.74500012397766,0.0,341.151,0.0,-51.177650451660156
354.7865982055664,0.0,341.1,0.0,-51.169193267822266
354.818776845932,0.0,341.016,0.0,-51.151710510253906
354.87866258621216,0.0,340.82,0.0,-51.13279342651367
354.9114315509796,0.0,340.731,0.0,-51.1231689453125
354.9441406726837,0.0,340.626,0.0,-51.10034942626953
354.97653579711914,0.0,340.484,0.0,-51.08941650390625
355.0078914165497,0.0,340.411,0.0,-51.077579498291016
355.04521679878235,0.0,340.337,0.0,-51.054290771484375
355.0719130039215,0.0,340.263,0.0,-51.042755126953125
355.10408425331116,0.0,340.19,0.0,-51.03131866455078
355.1360454559326,0.0,340.042,0.0,-51.020423889160156
355.1675705909729,0.0,339.999,0.0,-50.998817443847656
355.213796377182,0.0,339.911,0.0,-50.9902458190918
355.2298309803009,0.0,339.911,0.0,-50.981781005859375
355.26315903663635,0.0,339.876,0.0,-50.97431564331055
355.2945740222931,0.0,339.735,0.0,-50.96266174316406
355.32581520080566,0.0,339.673,0.0,-50.95519256591797
355.35764241218567,0.0,339.607,0.0,-50.94731521606445
355.38880372047424,0.0,339.553,0.0,-50.938941955566406
355.42143273353577,0.0,339.502,0.0,-50.92265319824219
355.4538435935974,0.0,339.359,0.0,-50.91503143310547
355.48686814308167,0.0,339.279,0.0,-50.905494689941406
355.51754689216614,0.0,339.149,0.0,-50.89523696899414
355.55922389030457,0.0,339.005,0.0,-50.86967849731445
355.59880208969116,0.0,338.895,0.0,-50.84398651123047
355.6311800479889,0.0,338.755,0.0,-50.831329345703125
355.6625487804413,0.0,338.698,0.0,-50.818931579589844
355.69496273994446,0.0,338.642,0.0,-50.796852111816406
355.721387386322,0.0,338.571,0.0,-50.786197662353516
355.7596130371094,0.0,338.535,0.0,-50.777008056640625
355.791565656662,0.0,338.351,0.0,-50.77045440673828
355.82403230667114,0.0,338.287,0.0,-50.75218963623047
355.85494446754456,0.0,338.201,0.0,-50.74245834350586
355.88690757751465,0.0,338.145,0.0,-50.73185348510742
355.92179465293884,0.0,338.113,0.0,-50.71327209472656
355.9506278038025,0.0,338.005,0.0,-50.70524978637695
355.98215675354004,0.0,337.942,0.0,-50.69696807861328
356.01439476013184,0.0,337.852,0.0,-50.68843460083008
356.04671335220337,0.0,337.771,0.0,-50.66804885864258
356.07840752601624,0.0,337.718,0.0,-50.658199310302734
356.1104111671448,0.0,337.538,0.0,-50.64593505859375
356.14687943458557,0.0,337.48,0.0,-50.62388610839844
356.17480754852295,0.0,337.391,0.0,-50.6124153137207
356.2069525718689,0.0,337.321,0.0,-50.60114288330078
356.2308437824249,0.0,337.256,0.0,-50.590232849121094
356.26298666000366,0.0,337.209,0.0,-50.58036804199219
356.30809211730957,0.0,337.086,0.0,-50.56507110595703
356.34781765937805,0.0,336.969,0.0,-50.549442291259766
356.37876987457275,0.0,336.926,0.0,-50.54140090942383
356.4101474285126,0.0,336.846,0.0,-50.53388214111328
356.44174313545227,0.0,336.774,0.0,-50.52520751953125
356.4734511375427,0.0,336.64,0.0,-50.50689697265625
356.505571603775,0.0,336.552,0.0,-50.49717712402344
356.53751516342163,0.0,336.514,0.0,-50.4864616394043
356.57205080986023,0.0,336.448,0.0,-50.467552185058594
356.60129952430725,0.0,336.306,0.0,-50.4579963684082
356.6327295303345,0.0,336.228,0.0,-50.44783401489258
356.66426968574524,0.0,336.16,0.0,-50.43720245361328
356.69684505462646,0.0,336.098,0.0,-50.41636276245117
356.728506565094,0.0,336.041,0.0,-50.40654373168945
356.76054644584656,0.0,335.855,0.0,-50.393463134765625
356.7969799041748,0.0,335.815,0.0,-50.37209701538086
356.8285744190216,0.0,335.748,0.0,-50.362117767333984
356.8604097366333,0.0,335.697,0.0,-50.35279083251953
356.892831325531,0.0,335.544,0.0,-50.342079162597656
356.9254312515259,0.0,335.472,0.0,-50.321598052978516
356.96502017974854,0.0,335.395,0.0,-50.31414031982422
357.01541686058044,0.0,335.261,0.0,-50.296539306640625
357.0475826263428,0.0,335.119,0.0,-50.27678298950195
357.0798599720001,0.0,335.037,0.0,-50.267269134521484
357.11126375198364,0.0,334.988,0.0,-50.256988525390625
357.1441411972046,0.0,334.912,0.0,-50.247501373291016
357.17535948753357,0.0,334.853,0.0,-50.2277946472168
357.2071280479431,0.0,334.766,0.0,-50.219512939453125
357.2397241592407,0.0,334.719,0.0,-50.211273193359375
357.272586107254,0.0,334.628,0.0,-50.194068908691406
357.29823207855225,0.0,334.489,0.0,-50.18148422241211
357.3313829898834,0.0,334.39,0.0,-50.16810607910156
357.36440896987915,0.0,334.259,0.0,-50.156097412109375
357.39636063575745,0.0,334.181,0.0,-50.131954193115234
357.42835569381714,0.0,334.135,0.0,-50.12123489379883
357.4600327014923,0.0,334.067,0.0,-50.11064147949219
357.49170994758606,0.0,333.959,0.0,-50.100738525390625
357.52482318878174,0.0,333.903,0.0,-50.08641815185547
357.5567615032196,0.0,333.833,0.0,-50.079017639160156
357.5893495082855,0.0,333.729,0.0,-50.07087707519531
357.6200029850006,0.0,333.683,0.0,-50.05147171020508
357.65163803100586,0.0,333.559,0.0,-50.042640686035156
357.6845383644104,0.0,333.551,0.0,-50.03329849243164
357.72512793540955,0.0,333.488,0.0,-50.01865005493164
357.7499132156372,0.0,333.415,0.0,-50.01020812988281
357.78115463256836,0.0,333.396,0.0,-50.00337219238281
357.8151116371155,0.0,333.179,0.0,-49.992942810058594
357.8393044471741,0.0,333.179,0.0,-49.981876373291016
357.8717803955078,0.0,333.038,0.0,-49.96344757080078
357.90337562561035,0.0,332.968,0.0,-49.954627990722656
357.9358823299408,0.0,332.942,0.0,-49.94535827636719
357.9676704406738,0.0,332.898,0.0,-49.937591552734375
358.0002534389496,0.0,332.776,0.0,-49.922279357910156
358.03137946128845,0.0,332.679,0.0,-49.91421890258789
358.06329226493835,0.0,332.615,0.0,-49.904388427734375
358.0956618785858,0.0,332.531,0.0,-49.88392639160156
358.1288106441498,0.0,332.475,0.0,-49.874794006347656
358.1602449417114,0.0,332.396,0.0,-49.867252349853516
358.19831252098083,0.0,332.329,0.0,-49.849544525146484
358.2252552509308,0.0,332.245,0.0,-49.83950424194336
358.2571723461151,0.0,332.06,0.0,-49.82445526123047
358.28989243507385,0.0,331.946,0.0,-49.811126708984375
358.32351636886597,0.0,331.893,0.0,-49.78744125366211
358.35444378852844,0.0,331.827,0.0,-49.77647018432617
358.38163471221924,0.0,331.782,0.0,-49.76663589477539
358.42323875427246,0.0,331.627,0.0,-49.74601745605469
358.45545768737793,0.0,331.571,0.0,-49.735836029052734
358.48650217056274,0.0,331.505,0.0,-49.725730895996094
358.5184473991394,0.0,331.422,0.0,-49.716522216796875
358.55022525787354,0.0,331.378,0.0,-49.70262908935547
358.5828273296356,0.0,331.321,0.0,-49.69684982299805
358.61591029167175,0.0,331.231,0.0,-49.69049072265625
358.6488103866577,0.0,331.16,0.0,-49.67344665527344
358.6783256530762,0.0,331.0,0.0,-49.663902282714844
358.7112307548523,0.0,330.944,0.0,-49.653472900390625
358.74289751052856,0.0,330.909,0.0,-49.6435432434082
358.7750930786133,0.0,330.809,0.0,-49.62448501586914
358.8062119483948,0.0,330.691,0.0,-49.61412048339844
358.83798003196716,0.0,330.644,0.0,-49.60445785522461
358.85409212112427,0.0,330.644,0.0,-49.59551239013672
358.88658022880554,0.0,330.466,0.0,-49.58686828613281
358.93828773498535,0.0,330.333,0.0,-49.56507110595703
358.96990633010864,0.0,330.284,0.0,-49.553993225097656
359.00223088264465,0.0,330.225,0.0,-49.534095764160156
359.0332601070404,0.0,330.17,0.0,-49.52473449707031
359.06503653526306,0.0,330.114,0.0,-49.51565933227539
359.09914922714233,0.0,329.945,0.0,-49.49380874633789
359.1552755832672,0.0,329.825,0.0,-49.47502136230469
359.18732023239136,0.0,329.751,0.0,-49.46767044067383
359.2195746898651,0.0,329.701,0.0,-49.45939636230469
359.2513892650604,0.0,329.557,0.0,-49.443119049072266
359.28317070007324,0.0,329.551,0.0,-49.43376541137695
359.3157515525818,0.0,329.487,0.0,-49.42677307128906
359.34839510917664,0.0,329.424,0.0,-49.41112518310547
359.37821650505066,0.0,329.394,0.0,-49.40412521362305
359.4091453552246,0.0,329.26,0.0,-49.39590835571289
359.44207096099854,0.0,329.137,0.0,-49.387672424316406
359.47650027275085,0.0,329.045,0.0,-49.364646911621094
359.50545620918274,0.0,328.951,0.0,-49.35193634033203
359.53734254837036,0.0,328.871,0.0,-49.339237213134766
359.57422137260437,0.0,328.729,0.0,-49.31464385986328
359.600882768631,0.0,328.67,0.0,-49.30350875854492
359.6324050426483,0.0,328.62,0.0,-49.2933349609375
359.6646976470947,0.0,328.542,0.0,-49.286006927490234
359.6955916881561,0.0,328.519,0.0,-49.277591705322266
359.7275333404541,0.0,328.431,0.0,-49.2636833190918
359.75902557373047,0.0,328.432,0.0,-49.25720977783203
359.79127526283264,0.0,328.377,0.0,-49.25273895263672
359.8315484523773,0.0,328.254,0.0,-49.24239730834961
359.85960125923157,0.0,328.194,0.0,-49.23520278930664
359.8995761871338,0.0,328.115,0.0,-49.21877670288086
359.93105721473694,0.0,328.056,0.0,-49.210235595703125
359.9633083343506,0.0,327.974,0.0,-49.20377731323242
359.9997048377991,0.0,327.931,0.0,-49.18821334838867
360.02939677238464,0.0,327.884,0.0,-49.180824279785156
360.0624911785126,0.0,327.597,0.0,-49.16773223876953
360.09350395202637,0.0,327.513,0.0,-49.15380096435547
360.12516355514526,0.0,327.487,0.0,-49.128639221191406
360.15768122673035,0.0,327.406,0.0,-49.11697769165039
360.1896390914917,0.0,327.364,0.0,-49.10669708251953
360.2263858318329,0.0,327.249,0.0,-49.087745666503906
360.25304532051086,0.0,327.246,0.0,-49.080657958984375
360.2850890159607,0.0,327.206,0.0,-49.073997497558594
360.3175938129425,0.0,327.154,0.0,-49.069339752197266
360.3498044013977,0.0,327.051,0.0,-49.0589714050293
360.3768103122711,0.0,326.982,0.0,-49.05260467529297
360.41289234161377,0.0,326.927,0.0,-49.04522705078125
360.44517993927,0.0,326.843,0.0,-49.03764724731445
360.4768888950348,0.0,326.679,0.0,-49.01967239379883
360.530118227005,0.0,326.558,0.0,-48.999359130859375
360.5638892650604,0.0,326.501,0.0,-48.98887634277344
360.5895974636078,0.0,326.462,0.0,-48.97882843017578
360.62141489982605,0.0,326.384,0.0,-48.96988296508789
360.655024766922,0.0,326.349,0.0,-48.951637268066406
360.68566155433655,0.0,326.19,0.0,-48.93883514404297
360.7171483039856,0.0,326.078,0.0,-48.92664337158203
360.7491545677185,0.0,326.053,0.0,-48.90681076049805
360.7810609340668,0.0,325.994,0.0,-48.89790344238281
360.8129403591156,0.0,325.947,0.0,-48.88954162597656
360.8455913066864,0.0,325.768,0.0,-48.8797492980957
360.87868785858154,0.0,325.707,0.0,-48.86399841308594
360.910080909729,0.0,325.684,0.0,-48.8552131652832
360.9427309036255,0.0,325.612,0.0,-48.847938537597656
360.9740951061249,0.0,325.574,0.0,-48.83977127075195
361.00644540786743,0.0,325.381,0.0,-48.82361602783203
361.0522198677063,0.0,325.325,0.0,-48.802345275878906
361.0804171562195,0.0,325.241,0.0,-48.79206085205078
361.1126194000244,0.0,325.202,0.0,-48.783836364746094
361.14544105529785,0.0,325.167,0.0,-48.77632141113281
361.1775999069214,0.0,325.095,0.0,-48.76171112060547
361.21034026145935,0.0,324.963,0.0,-48.755340576171875
361.2413809299469,0.0,324.912,0.0,-48.746131896972656
361.2734365463257,0.0,324.779,0.0,-48.72539520263672
361.30202770233154,0.0,324.727,0.0,-48.714447021484375
361.34036564826965,0.0,324.635,0.0,-48.70259094238281
361.37017345428467,0.0,324.576,0.0,-48.691436767578125
361.40274453163147,0.0,324.427,0.0,-48.67402267456055
361.43450140953064,0.0,324.384,0.0,-48.66456604003906
361.466267824173,0.0,324.335,0.0,-48.655941009521484
361.49753069877625,0.0,324.3,0.0,-48.647708892822266
361.531423330307,0.0,324.182,0.0,-48.633399963378906
361.5624358654022,0.0,324.107,0.0,-48.625301361083984
361.6017301082611,0.0,324.059,0.0,-48.607906341552734
361.6289162635803,0.0,323.948,0.0,-48.59717559814453
361.6613926887512,0.0,323.844,0.0,-48.58737564086914
361.69225120544434,0.0,323.8,0.0,-48.577880859375
361.72423672676086,0.0,323.779,0.0,-48.56203842163086
361.758193731308,0.0,323.734,0.0,-48.55510711669922
361.7897675037384,0.0,323.574,0.0,-48.543495178222656
361.82131242752075,0.0,323.423,0.0,-48.53276443481445
361.85360860824585,0.0,323.353,0.0,-48.509151458740234
361.88553166389465,0.0,323.339,0.0,-48.500030517578125
361.91758251190186,0.0,323.249,0.0,-48.48970031738281
361.9499900341034,0.0,323.163,0.0,-48.471923828125
361.9907202720642,0.0,323.075,0.0,-48.46586227416992
362.0283741950989,0.0,322.987,0.0,-48.451148986816406
362.05554127693176,0.0,322.966,0.0,-48.443870544433594
362.1060802936554,0.0,322.871,0.0,-48.43190383911133
362.1376528739929,0.0,322.811,0.0,-48.425506591796875
362.1694383621216,0.0,322.771,0.0,-48.41848373413086
362.2029564380646,0.0,322.688,0.0,-48.403594970703125
362.23330450057983,0.0,322.556,0.0,-48.394229888916016
362.26510095596313,0.0,322.484,0.0,-48.38532257080078
362.29803562164307,0.0,322.42,0.0,-48.37584686279297
362.3293454647064,0.0,322.372,0.0,-48.3572998046875
362.3614308834076,0.0,322.267,0.0,-48.34912872314453
362.3930859565735,0.0,322.221,0.0,-48.34052658081055
362.4286754131317,0.0,322.153,0.0,-48.323699951171875
362.45756101608276,0.0,322.088,0.0,-48.314693450927734
362.4897928237915,0.0,321.971,0.0,-48.3048210144043
362.527072429657,0.0,321.934,0.0,-48.288230895996094
362.5545527935028,0.0,321.839,0.0,-48.27862548828125
362.5865819454193,0.0,321.802,0.0,-48.270103454589844
362.6105098724365,0.0,321.754,0.0,-48.26195526123047
362.64213156700134,0.0,321.71,0.0,-48.25426483154297
362.673789024353,0.0,321.541,0.0,-48.24877166748047
362.71440410614014,0.0,321.442,0.0,-48.23355484008789
362.7531650066376,0.0,321.375,0.0,-48.21215057373047
362.7873239517212,0.0,321.262,0.0,-48.201744079589844
362.8201096057892,0.0,321.253,0.0,-48.1920166015625
362.8536756038666,0.0,321.224,0.0,-48.17807388305664
362.88433361053467,0.0,321.072,0.0,-48.16951370239258
362.9163327217102,0.0,320.985,0.0,-48.16094970703125
362.94823026657104,0.0,320.935,0.0,-48.151126861572266
362.9803385734558,0.0,320.891,0.0,-48.133358001708984
363.0133545398712,0.0,320.844,0.0,-48.125247955322266
363.0445702075958,0.0,320.725,0.0,-48.115699768066406
363.07758378982544,0.0,320.663,0.0,-48.09904479980469
363.1090223789215,0.0,320.581,0.0,-48.089508056640625
363.1388499736786,0.0,320.533,0.0,-48.08058166503906
363.1730535030365,0.0,320.423,0.0,-48.07154083251953
363.2052228450775,0.0,320.392,0.0,-48.058406829833984
363.23749923706055,0.0,320.341,0.0,-48.052452087402344
363.26960921287537,0.0,320.313,0.0,-48.04615020751953
363.3029320240021,0.0,320.176,0.0,-48.033348083496094
363.3342294692993,0.0,320.097,0.0,-48.02573013305664
363.3659634590149,0.0,320.05,0.0,-48.016944885253906
363.39769220352173,0.0,319.979,0.0,-48.00859451293945
363.4308559894562,0.0,319.898,0.0,-47.9896354675293
363.45650720596313,0.0,319.862,0.0,-47.98086166381836
363.4885654449463,0.0,319.747,0.0,-47.97224426269531
363.5119948387146,0.0,319.747,0.0,-47.963462829589844
363.5447063446045,0.0,319.559,0.0,-47.95156478881836
363.5806562900543,0.0,319.486,0.0,-47.92926788330078
363.6086723804474,0.0,319.414,0.0,-47.918060302734375
363.63881945610046,0.0,319.395,0.0,-47.90907287597656
363.6817948818207,0.0,319.206,0.0,-47.88671112060547
363.71122312545776,0.0,319.164,0.0,-47.87835693359375
363.7442626953125,0.0,319.069,0.0,-47.870628356933594
363.7748804092407,0.0,319.022,0.0,-47.86115646362305
363.80655169487,0.0,318.933,0.0,-47.84379577636719
363.83814573287964,0.0,318.87,0.0,-47.836158752441406
363.85553312301636,0.0,318.836,0.0,-47.82809066772461
363.88652086257935,0.0,318.8,0.0,-47.82090377807617
363.9189839363098,0.0,318.742,0.0,-47.814308166503906
363.951607465744,0.0,318.706,0.0,-47.80723571777344
363.9835374355316,0.0,318.64,0.0,-47.7933464050293
364.01554465293884,0.0,318.568,0.0,-47.786502838134766
364.04612469673157,0.0,318.482,0.0,-47.78022384643555
364.0795273780823,0.0,318.42,0.0,-47.7638053894043
364.114382982254,0.0,318.36,0.0,-47.75522994995117
364.1478500366211,0.0,318.232,0.0,-47.7474365234375
364.18191742897034,0.0,318.146,0.0,-47.73126220703125
364.21466970443726,0.0,318.097,0.0,-47.722816467285156
364.2468295097351,0.0,318.0,0.0,-47.714664459228516
364.28086161613464,0.0,317.931,0.0,-47.69456481933594
364.3108856678009,0.0,317.841,0.0,-47.68522262573242
364.3425259590149,0.0,317.794,0.0,-47.67660140991211
364.375554561615,0.0,317.721,0.0,-47.66841125488281
364.4063205718994,0.0,317.671,0.0,-47.65089797973633
364.4365243911743,0.0,317.536,0.0,-47.64228820800781
364.46785068511963,0.0,317.529,0.0,-47.63284683227539
364.4998142719269,0.0,317.482,0.0,-47.625709533691406
364.53191590309143,0.0,317.459,0.0,-47.61270523071289
364.56443905830383,0.0,317.406,0.0,-47.60630798339844
364.5962538719177,0.0,317.171,0.0,-47.59490966796875
364.629376411438,0.0,317.138,0.0,-47.57382583618164
364.6599841117859,0.0,317.083,0.0,-47.564453125
364.69171595573425,0.0,317.031,0.0,-47.55548095703125
364.71580481529236,0.0,316.935,0.0,-47.54497146606445
364.74837160110474,0.0,316.876,0.0,-47.53731155395508
364.7804675102234,0.0,316.755,0.0,-47.52122497558594
364.8126046657562,0.0,316.73,0.0,-47.512779235839844
364.84017515182495,0.0,316.68,0.0,-47.50565719604492
364.8724753856659,0.0,316.625,0.0,-47.49850845336914
364.90520310401917,0.0,316.567,0.0,-47.483421325683594
364.93684220314026,0.0,316.53,0.0,-47.47635269165039
364.96904611587524,0.0,316.428,0.0,-47.46842956542969
365.00480914115906,0.0,316.387,0.0,-47.454593658447266
365.0330898761749,0.0,316.294,0.0,-47.445892333984375
365.06638503074646,0.0,316.24,0.0,-47.43732452392578
365.0982151031494,0.0,316.206,0.0,-47.42970275878906
365.1297435760498,0.0,316.074,0.0,-47.4162712097168
365.1623511314392,0.0,316.022,0.0,-47.40916061401367
365.1932511329651,0.0,315.93,0.0,-47.40189743041992
365.2305552959442,0.0,315.878,0.0,-47.384056091308594
365.25593519210815,0.0,315.783,0.0,-47.37559127807617
365.2812657356262,0.0,315.783,0.0,-47.367576599121094
365.31290102005005,0.0,315.693,0.0,-47.360042572021484
365.3451180458069,0.0,315.62,0.0,-47.352622985839844
365.38287448883057,0.0,315.539,0.0,-47.334781646728516
365.4093210697174,0.0,315.467,0.0,-47.324867248535156
365.44149565696716,0.0,315.359,0.0,-47.316287994384766
365.47424960136414,0.0,315.304,0.0,-47.30690002441406
365.51580262184143,0.0,315.269,0.0,-47.2896842956543
365.5489375591278,0.0,315.123,0.0,-47.27988815307617
365.5814416408539,0.0,315.086,0.0,-47.26234436035156
365.6124484539032,0.0,315.012,0.0,-47.25328826904297
365.64505672454834,0.0,314.938,0.0,-47.246742248535156
365.68128275871277,0.0,314.806,0.0,-47.2303466796875
365.7089190483093,0.0,314.742,0.0,-47.2216911315918
365.7417986392975,0.0,314.702,0.0,-47.2127571105957
365.77302980422974,0.0,314.649,0.0,-47.204612731933594
365.80709195137024,0.0,314.585,0.0,-47.188053131103516
365.8391683101654,0.0,314.466,0.0,-47.1793327331543
365.87035727500916,0.0,314.396,0.0,-47.1706428527832
365.90622878074646,0.0,314.336,0.0,-47.152244567871094
365.93414783477783,0.0,314.282,0.0,-47.14332580566406
365.9660882949829,0.0,314.239,0.0,-47.135074615478516
365.9980812072754,0.0,314.133,0.0,-47.1248664855957
366.03027749061584,0.0,314.077,0.0,-47.10948944091797
366.06264185905457,0.0,314.059,0.0,-47.10393524169922
366.0940434932709,0.0,313.966,0.0,-47.09933090209961
366.13151574134827,0.0,313.869,0.0,-47.08321762084961
366.1590528488159,0.0,313.726,0.0,-47.072845458984375
366.19077038764954,0.0,313.677,0.0,-47.063026428222656
366.2312111854553,0.0,313.638,0.0,-47.04550552368164
366.2855577468872,0.0,313.581,0.0,-47.03200912475586
366.31578731536865,0.0,313.424,0.0,-47.023250579833984
366.34333992004395,0.0,313.338,0.0,-47.0146484375
366.37531208992004,0.0,313.271,0.0,-47.00482177734375
366.4075725078583,0.0,313.143,0.0,-46.982215881347656
366.440194606781,0.0,313.124,0.0,-46.972103118896484
366.47199535369873,0.0,313.092,0.0,-46.96257019042969
366.50889253616333,0.0,313.008,0.0,-46.948768615722656
366.53630208969116,0.0,312.967,0.0,-46.94152069091797
366.5681731700897,0.0,312.934,0.0,-46.93498611450195
366.599969625473,0.0,312.85,0.0,-46.930381774902344
366.6321544647217,0.0,312.763,0.0,-46.918479919433594
366.66450095176697,0.0,312.682,0.0,-46.9117317199707
366.69650077819824,0.0,312.667,0.0,-46.90351867675781
366.7295296192169,0.0,312.618,0.0,-46.890235900878906
366.76083970069885,0.0,312.54,0.0,-46.88410186767578
366.7913815975189,0.0,312.452,0.0,-46.877830505371094
366.8246359825134,0.0,312.393,0.0,-46.86968231201172
366.8649752140045,0.0,312.265,0.0,-46.85320281982422
366.8958730697632,0.0,312.236,0.0,-46.8439826965332
366.9284100532532,0.0,312.161,0.0,-46.83604049682617
366.9705238342285,0.0,312.094,0.0,-46.81865310668945
367.0085024833679,0.0,311.98,0.0,-46.80200958251953
367.0484173297882,0.0,311.924,0.0,-46.794029235839844
367.07936429977417,0.0,311.839,0.0,-46.786808013916016
367.11321473121643,0.0,311.786,0.0,-46.7695198059082
367.14438128471375,0.0,311.689,0.0,-46.76332473754883
367.17692828178406,0.0,311.602,0.0,-46.7548828125
367.2097237110138,0.0,311.485,0.0,-46.736106872558594
367.24151849746704,0.0,311.482,0.0,-46.726539611816406
367.27353978157043,0.0,311.444,0.0,-46.719451904296875
367.30546402931213,0.0,311.382,0.0,-46.71281051635742
367.33671951293945,0.0,311.341,0.0,-46.69855499267578
367.36664938926697,0.0,311.229,0.0,-46.688899993896484
367.3970322608948,0.0,311.127,0.0,-46.68055725097656
367.434698343277,0.0,311.089,0.0,-46.66342544555664
367.4617214202881,0.0,311.013,0.0,-46.654380798339844
367.49427366256714,0.0,310.983,0.0,-46.64656066894531
367.52655816078186,0.0,310.933,0.0,-46.638553619384766
367.5581781864166,0.0,310.914,0.0,-46.62928771972656
367.59085607528687,0.0,310.885,0.0,-46.62596893310547
367.6219849586487,0.0,310.838,0.0,-46.62258529663086
367.6542603969574,0.0,310.741,0.0,-46.618377685546875
367.6950840950012,0.0,310.547,0.0,-46.60208511352539
367.7216622829437,0.0,310.464,0.0,-46.59141159057617
367.7455999851227,0.0,310.443,0.0,-46.58005142211914
367.77906012535095,0.0,310.377,0.0,-46.57078552246094
367.8127181529999,0.0,310.282,0.0,-46.55144119262695
367.84469842910767,0.0,310.211,0.0,-46.54314041137695
367.877046585083,0.0,310.162,0.0,-46.53416442871094
367.9089255332947,0.0,310.117,0.0,-46.51750946044922
367.9458284378052,0.0,310.041,0.0,-46.50933837890625
367.9710018634796,0.0,310.012,0.0,-46.50260925292969
368.0191240310669,0.0,309.978,0.0,-46.49098205566406
368.0510504245758,0.0,309.811,0.0,-46.481956481933594
368.08281922340393,0.0,309.777,0.0,-46.465877532958984
368.115775346756,0.0,309.739,0.0,-46.45883560180664
368.1475131511688,0.0,309.651,0.0,-46.45011901855469
368.18295431137085,0.0,309.557,0.0,-46.43684387207031
368.2113621234894,0.0,309.451,0.0,-46.43040466308594
368.2428448200226,0.0,309.389,0.0,-46.421382904052734
368.27529764175415,0.0,309.358,0.0,-46.412208557128906
368.3102743625641,0.0,309.262,0.0,-46.394432067871094
368.3386664390564,0.0,309.181,0.0,-46.38492965698242
368.3591818809509,0.0,309.181,0.0,-46.376956939697266
368.38902163505554,0.0,309.072,0.0,-46.36886978149414
368.4208171367645,0.0,309.051,0.0,-46.360816955566406
368.46181750297546,0.0,309.031,0.0,-46.34855651855469
368.49264454841614,0.0,308.968,0.0,-46.34348678588867
368.5250389575958,0.0,308.953,0.0,-46.338504791259766
368.55976724624634,0.0,308.865,0.0,-46.32795715332031
368.5892164707184,0.0,308.766,0.0,-46.319183349609375
368.62047123908997,0.0,308.706,0.0,-46.31026077270508
368.6529824733734,0.0,308.538,0.0,-46.29938507080078
368.68569564819336,0.0,308.48,0.0,-46.278377532958984
368.71683049201965,0.0,308.419,0.0,-46.268272399902344
368.7486228942871,0.0,308.339,0.0,-46.25753402709961
368.78626680374146,0.0,308.237,0.0,-46.2419319152832
368.81327080726624,0.0,308.193,0.0,-46.23420333862305
368.8450458049774,0.0,308.144,0.0,-46.2268180847168
368.8775825500488,0.0,308.09,0.0,-46.21949005126953
368.9104480743408,0.0,308.032,0.0,-46.20417785644531
368.9417607784271,0.0,307.976,0.0,-46.197059631347656
368.96825766563416,0.0,307.976,0.0,-46.191139221191406
369.01165556907654,0.0,307.879,0.0,-46.17786407470703
369.0386731624603,0.0,307.83,0.0,-46.171409606933594
369.0707552433014,0.0,307.763,0.0,-46.16401290893555
369.1108617782593,0.0,307.62,0.0,-46.1467399597168
369.1398494243622,0.0,307.583,0.0,-46.13859176635742
369.17848563194275,0.0,307.481,0.0,-46.13059997558594
369.2108449935913,0.0,307.441,0.0,-46.11692810058594
369.2442936897278,0.0,307.388,0.0,-46.111228942871094
369.2758569717407,0.0,307.318,0.0,-46.10499954223633
369.2922930717468,0.0,307.286,0.0,-46.097633361816406
369.3247904777527,0.0,307.243,0.0,-46.09099197387695
369.35742449760437,0.0,307.183,0.0,-46.084442138671875
369.38891530036926,0.0,307.09,0.0,-46.07118606567383
369.42069959640503,0.0,307.015,0.0,-46.06386184692383
369.45373010635376,0.0,306.995,0.0,-46.0554313659668
369.4860579967499,0.0,306.943,0.0,-46.0412712097168
369.51128125190735,0.0,306.882,0.0,-46.033538818359375
369.54594469070435,0.0,306.792,0.0,-46.02656173706055
369.57844519615173,0.0,306.716,0.0,-46.019161224365234
369.6100616455078,0.0,306.666,0.0,-46.0023307800293
369.6430313587189,0.0,306.645,0.0,-45.995418548583984
369.6753809452057,0.0,306.514,0.0,-45.98640060424805
369.7110986709595,0.0,306.421,0.0,-45.96869659423828
369.7389450073242,0.0,306.386,0.0,-45.96013641357422
369.7714738845825,0.0,306.295,0.0,-45.950103759765625
369.81192278862,0.0,306.167,0.0,-45.932376861572266
369.8522093296051,0.0,306.126,0.0,-45.924537658691406
369.8789412975311,0.0,306.076,0.0,-45.91718292236328
369.91255021095276,0.0,306.028,0.0,-45.90253448486328
369.9408504962921,0.0,305.877,0.0,-45.89497375488281
369.9738097190857,0.0,305.837,0.0,-45.88555908203125
370.0065882205963,0.0,305.802,0.0,-45.877017974853516
370.0393898487091,0.0,305.782,0.0,-45.863040924072266
370.07190227508545,0.0,305.731,0.0,-45.85802459716797
370.10421085357666,0.0,305.693,0.0,-45.852962493896484
370.1383490562439,0.0,305.626,0.0,-45.841487884521484
370.16724824905396,0.0,305.59,0.0,-45.83544158935547
370.19925022125244,0.0,305.496,0.0,-45.82841873168945
370.23144793510437,0.0,305.42,0.0,-45.82215118408203
370.2636663913727,0.0,305.315,0.0,-45.804534912109375
370.29581665992737,0.0,305.23,0.0,-45.79365158081055
370.3281178474426,0.0,305.192,0.0,-45.785972595214844
370.3621437549591,0.0,305.118,0.0,-45.7700309753418
370.39234709739685,0.0,305.073,0.0,-45.763877868652344
370.4245607852936,0.0,304.984,0.0,-45.75763702392578
370.4574205875397,0.0,304.942,0.0,-45.74946975708008
370.4893536567688,0.0,304.876,0.0,-45.73456954956055
370.5303809642792,0.0,304.834,0.0,-45.72829818725586
370.5642077922821,0.0,304.759,0.0,-45.71451187133789
370.5920696258545,0.0,304.756,0.0,-45.70892333984375
370.62309217453003,0.0,304.632,0.0,-45.70246887207031
370.65424728393555,0.0,304.602,0.0,-45.69517517089844
370.68657660484314,0.0,304.499,0.0,-45.67966842651367
370.7189600467682,0.0,304.469,0.0,-45.67184066772461
370.75091433525085,0.0,304.39,0.0,-45.66285705566406
370.7851800918579,0.0,304.263,0.0,-45.64701843261719
370.8224000930786,0.0,304.207,0.0,-45.639522552490234
370.85451912879944,0.0,304.135,0.0,-45.631771087646484
370.8867037296295,0.0,304.002,0.0,-45.61310577392578
370.91878724098206,0.0,303.936,0.0,-45.60394287109375
370.95069122314453,0.0,303.916,0.0,-45.59450149536133
370.9812185764313,0.0,303.879,0.0,-45.5867805480957
371.0306496620178,0.0,303.781,0.0,-45.57171630859375
371.0624985694885,0.0,303.712,0.0,-45.55690002441406
371.0957145690918,0.0,303.645,0.0,-45.550865173339844
371.12800574302673,0.0,303.586,0.0,-45.54417419433594
371.1615746021271,0.0,303.562,0.0,-45.53072738647461
371.19332361221313,0.0,303.47,0.0,-45.52246856689453
371.22541427612305,0.0,303.422,0.0,-45.515560150146484
371.2520890235901,0.0,303.385,0.0,-45.509525299072266
371.29006361961365,0.0,303.269,0.0,-45.494720458984375
371.3145446777344,0.0,303.23,0.0,-45.48653030395508
371.34732961654663,0.0,303.154,0.0,-45.47740173339844
371.3793489933014,0.0,303.115,0.0,-45.47074508666992
371.4106402397156,0.0,302.982,0.0,-45.457088470458984
371.4425103664398,0.0,302.938,0.0,-45.44900894165039
371.4751362800598,0.0,302.901,0.0,-45.441307067871094
371.50657987594604,0.0,302.843,0.0,-45.43419647216797
371.53883957862854,0.0,302.764,0.0,-45.41930389404297
371.57038259506226,0.0,302.71,0.0,-45.41262435913086
371.60333919525146,0.0,302.677,0.0,-45.40558624267578
371.6434168815613,0.0,302.642,0.0,-45.393096923828125
371.675009727478,0.0,302.559,0.0,-45.38691329956055
371.7070152759552,0.0,302.494,0.0,-45.380916595458984
371.7390537261963,0.0,302.446,0.0,-45.366886138916016
371.77086663246155,0.0,302.412,0.0,-45.360389709472656
371.80446791648865,0.0,302.315,0.0,-45.35405731201172
371.8350930213928,0.0,302.177,0.0,-45.347137451171875
371.8681306838989,0.0,302.141,0.0,-45.326900482177734
371.8998312950134,0.0,302.11,0.0,-45.318668365478516
371.9310004711151,0.0,302.007,0.0,-45.31013870239258
371.96648955345154,0.0,301.945,0.0,-45.29642105102539
371.99784994125366,0.0,301.869,0.0,-45.289764404296875
372.0299725532532,0.0,301.815,0.0,-45.281822204589844
372.06181502342224,0.0,301.749,0.0,-45.26523971557617
372.0943531990051,0.0,301.658,0.0,-45.257118225097656
372.12687063217163,0.0,301.601,0.0,-45.24930953979492
372.1587529182434,0.0,301.567,0.0,-45.24127960205078
372.1912171840668,0.0,301.525,0.0,-45.22709655761719
372.2232401371002,0.0,301.459,0.0,-45.22032165527344
372.2544183731079,0.0,301.422,0.0,-45.214515686035156
372.2869472503662,0.0,301.38,0.0,-45.203128814697266
372.3191030025482,0.0,301.346,0.0,-45.19764709472656
372.3510446548462,0.0,301.3,0.0,-45.19185256958008
372.382924079895,0.0,301.164,0.0,-45.184471130371094
372.41539883613586,0.0,301.103,0.0,-45.168495178222656
372.4465391635895,0.0,301.059,0.0,-45.16252899169922
372.4780111312866,0.0,301.011,0.0,-45.15644836425781
372.51096510887146,0.0,300.901,0.0,-45.15010070800781
372.5267472267151,0.0,300.901,0.0,-45.14392852783203
372.5594210624695,0.0,300.829,0.0,-45.13653564453125
372.59090971946716,0.0,300.737,0.0,-45.11970520019531
372.62404012680054,0.0,300.684,0.0,-45.112030029296875
372.6643249988556,0.0,300.641,0.0,-45.09680938720703
372.69530487060547,0.0,300.44,0.0,-45.08644104003906
372.72894501686096,0.0,300.369,0.0,-45.07537078857422
372.7599821090698,0.0,300.37,0.0,-45.064231872558594
372.79259157180786,0.0,300.397,0.0,-45.051326751708984
372.8241448402405,0.0,300.363,0.0,-45.04777526855469
372.85632514953613,0.0,300.306,0.0,-45.0443000793457
372.88881754875183,0.0,300.249,0.0,-45.03396224975586
372.92126655578613,0.0,300.206,0.0,-45.028160095214844
372.95430994033813,0.0,300.109,0.0,-45.01996612548828
372.98605132102966,0.0,299.973,0.0,-45.01109313964844
373.0178818702698,0.0,299.922,0.0,-44.9949836730957
373.0503509044647,0.0,299.855,0.0,-44.98795700073242
373.0837314128876,0.0,299.824,0.0,-44.98009490966797
373.11581325531006,0.0,299.778,0.0,-44.967098236083984
373.1478850841522,0.0,299.734,0.0,-44.961875915527344
373.1817259788513,0.0,299.622,0.0,-44.956363677978516
373.2127482891083,0.0,299.526,0.0,-44.93745422363281
373.2619454860687,0.0,299.409,0.0,-44.916866302490234
373.29368114471436,0.0,299.414,0.0,-44.910030364990234
373.3256149291992,0.0,299.382,0.0,-44.90355682373047
373.358439207077,0.0,299.334,0.0,-44.89920425415039
373.3995234966278,0.0,299.262,0.0,-44.887718200683594
373.4312605857849,0.0,299.124,0.0,-44.8812255859375
373.4631145000458,0.0,299.095,0.0,-44.86514663696289
373.51145792007446,0.0,298.998,0.0,-44.85780715942383
373.54375100135803,0.0,298.965,0.0,-44.846656799316406
373.5758578777313,0.0,298.9,0.0,-44.84111785888672
373.60916113853455,0.0,298.864,0.0,-44.834468841552734
373.64113092422485,0.0,298.765,0.0,-44.82209014892578
373.6730628013611,0.0,298.731,0.0,-44.81517791748047
373.7046072483063,0.0,298.697,0.0,-44.80876159667969
373.7409234046936,0.0,298.638,0.0,-44.795955657958984
373.76565408706665,0.0,298.593,0.0,-44.78917694091797
373.795392036438,0.0,298.553,0.0,-44.78261184692383
373.8402042388916,0.0,298.437,0.0,-44.766746520996094
373.868679523468,0.0,298.317,0.0,-44.756439208984375
373.9014184474945,0.0,298.272,0.0,-44.746952056884766
373.93360352516174,0.0,298.204,0.0,-44.738441467285156
373.96654987335205,0.0,298.156,0.0,-44.725547790527344
374.00213956832886,0.0,298.064,0.0,-44.71974182128906
374.0263922214508,0.0,298.005,0.0,-44.71177673339844
374.0644989013672,0.0,297.953,0.0,-44.69533157348633
374.0952353477478,0.0,297.911,0.0,-44.688385009765625
374.11987686157227,0.0,297.862,0.0,-44.682647705078125
374.1593804359436,0.0,297.862,0.0,-44.67654037475586
374.19886207580566,0.0,297.709,0.0,-44.669212341308594
374.22305035591125,0.0,297.709,0.0,-44.66083908081055
374.25574707984924,0.0,297.592,0.0,-44.652748107910156
374.29234075546265,0.0,297.531,0.0,-44.634883880615234
374.32307481765747,0.0,297.464,0.0,-44.62546920776367
374.35514664649963,0.0,297.43,0.0,-44.61714172363281
374.38712978363037,0.0,297.302,0.0,-44.60748291015625
374.4204490184784,0.0,297.228,0.0,-44.58911895751953
374.4509732723236,0.0,297.185,0.0,-44.582157135009766
374.48333382606506,0.0,297.152,0.0,-44.575382232666016
374.5150125026703,0.0,297.079,0.0,-44.56249237060547
374.54765272140503,0.0,297.057,0.0,-44.55693435668945
374.580109834671,0.0,297.005,0.0,-44.55210876464844
374.6114385128021,0.0,296.969,0.0,-44.54658126831055
374.6427855491638,0.0,296.853,0.0,-44.534751892089844
374.67507576942444,0.0,296.789,0.0,-44.52789306640625
374.70759892463684,0.0,296.748,0.0,-44.520267486572266
374.74048113822937,0.0,296.703,0.0,-44.505889892578125
374.7710773944855,0.0,296.662,0.0,-44.49903106689453
374.79787969589233,0.0,296.621,0.0,-44.492374420166016
374.8322412967682,0.0,296.563,0.0,-44.48650360107422
374.8641412258148,0.0,296.493,0.0,-44.47414779663086
374.8921203613281,0.0,296.468,0.0,-44.468170166015625
374.92970991134644,0.0,296.414,0.0,-44.46163558959961
374.96632385253906,0.0,296.265,0.0,-44.44485092163086
374.9934387207031,0.0,296.229,0.0,-44.436920166015625
375.02693819999695,0.0,296.192,0.0,-44.43115997314453
375.0581703186035,0.0,296.138,0.0,-44.42552185058594
375.09046030044556,0.0,296.035,0.0,-44.413185119628906
375.12245988845825,0.0,296.008,0.0,-44.4061164855957
375.1536855697632,0.0,295.961,0.0,-44.399879455566406
375.19221568107605,0.0,295.917,0.0,-44.386966705322266
375.2193810939789,0.0,295.827,0.0,-44.381019592285156
375.2529318332672,0.0,295.788,0.0,-44.374298095703125
375.2837061882019,0.0,295.731,0.0,-44.36781311035156
375.3158845901489,0.0,295.68,0.0,-44.353519439697266
375.3494505882263,0.0,295.586,0.0,-44.34730529785156
375.3787202835083,0.0,295.556,0.0,-44.33987808227539
375.4112937450409,0.0,295.489,0.0,-44.33323287963867
375.44329476356506,0.0,295.449,0.0,-44.318443298339844
375.4758622646332,0.0,295.449,0.0,-44.31324005126953
375.50689363479614,0.0,295.34,0.0,-44.30588150024414
375.54762148857117,0.0,295.186,0.0,-44.288753509521484
375.5776960849762,0.0,295.162,0.0,-44.27967071533203
375.6166925430298,0.0,295.093,0.0,-44.264915466308594
375.64870142936707,0.0,295.062,0.0,-44.259483337402344
375.68003582954407,0.0,295.041,0.0,-44.25436019897461
375.7111644744873,0.0,294.975,0.0,-44.24988555908203
375.74171781539917,0.0,294.862,0.0,-44.23732376098633
375.7752478122711,0.0,294.8,0.0,-44.23027420043945
375.8068091869354,0.0,294.765,0.0,-44.22257614135742
375.84350872039795,0.0,294.725,0.0,-44.20873260498047
375.8673312664032,0.0,294.695,0.0,-44.20259094238281
375.89164328575134,0.0,294.639,0.0,-44.19585037231445
375.92182183265686,0.0,294.583,0.0,-44.18864440917969
375.9540936946869,0.0,294.495,0.0,-44.181461334228516
375.986540555954,0.0,294.459,0.0,-44.17454528808594
376.01943016052246,0.0,294.402,0.0,-44.16099166870117
376.05070066452026,0.0,294.352,0.0,-44.1537971496582
376.0826110839844,0.0,294.273,0.0,-44.14528274536133
376.1147198677063,0.0,294.097,0.0,-44.13398361206055
376.14729046821594,0.0,294.029,0.0,-44.1154670715332
376.17883372306824,0.0,293.985,0.0,-44.10694122314453
376.21125769615173,0.0,293.927,0.0,-44.098899841308594
376.24445486068726,0.0,293.882,0.0,-44.083168029785156
376.27843379974365,0.0,293.891,0.0,-44.077415466308594
376.32067465782166,0.0,293.829,0.0,-44.0694580078125
376.34651494026184,0.0,293.767,0.0,-44.065765380859375
376.37816429138184,0.0,293.703,0.0,-44.060672760009766
376.4071593284607,0.0,293.671,0.0,-44.054405212402344
376.447350025177,0.0,293.621,0.0,-44.04231262207031
376.47918796539307,0.0,293.574,0.0,-44.03782653808594
376.5107653141022,0.0,293.526,0.0,-44.03273010253906
376.5431022644043,0.0,293.481,0.0,-44.021209716796875
376.575391292572,0.0,293.421,0.0,-44.014461517333984
376.60675287246704,0.0,293.412,0.0,-44.00919723510742
376.64034938812256,0.0,293.259,0.0,-44.0021858215332
376.6710584163666,0.0,293.182,0.0,-43.984676361083984
376.7022876739502,0.0,293.147,0.0,-43.97785186767578
376.7347493171692,0.0,293.091,0.0,-43.97146224975586
376.7679615020752,0.0,293.006,0.0,-43.957950592041016
376.7990231513977,0.0,292.939,0.0,-43.951210021972656
376.830851316452,0.0,292.875,0.0,-43.94353485107422
376.86243414878845,0.0,292.843,0.0,-43.93526840209961
376.8961033821106,0.0,292.816,0.0,-43.92142105102539
376.9205415248871,0.0,292.782,0.0,-43.91535186767578
376.96351432800293,0.0,292.743,0.0,-43.910770416259766
376.9985599517822,0.0,292.706,0.0,-43.90145492553711
377.0383493900299,0.0,292.621,0.0,-43.896705627441406
377.07137799263,0.0,292.568,0.0,-43.885093688964844
377.10350370407104,0.0,292.521,0.0,-43.87870407104492
377.1350905895233,0.0,292.392,0.0,-43.872833251953125
377.1517333984375,0.0,292.392,0.0,-43.864463806152344
377.18395018577576,0.0,292.35,0.0,-43.856563568115234
377.21911239624023,0.0,292.226,0.0,-43.84123992919922
377.2474229335785,0.0,292.202,0.0,-43.83443832397461
377.2794086933136,0.0,292.166,0.0,-43.82851791381836
377.3110384941101,0.0,292.152,0.0,-43.82278060913086
377.34296131134033,0.0,292.104,0.0,-43.81281661987305
377.3751425743103,0.0,291.962,0.0,-43.80638122558594
377.40700507164,0.0,291.929,0.0,-43.7984619140625
377.4458212852478,0.0,291.904,0.0,-43.785037994384766
377.4726827144623,0.0,291.872,0.0,-43.779205322265625
377.5039052963257,0.0,291.794,0.0,-43.77423858642578
377.53569412231445,0.0,291.74,0.0,-43.76825714111328
377.5679178237915,0.0,291.713,0.0,-43.755836486816406
377.60028529167175,0.0,291.707,0.0,-43.751380920410156
377.63267970085144,0.0,291.673,0.0,-43.74684143066406
377.6703362464905,0.0,291.567,0.0,-43.73601531982422
377.69850063323975,0.0,291.499,0.0,-43.728614807128906
377.7384753227234,0.0,291.419,0.0,-43.723209381103516
377.7709708213806,0.0,291.273,0.0,-43.707122802734375
377.80284690856934,0.0,291.224,0.0,-43.69807434082031
377.8348636627197,0.0,291.179,0.0,-43.689361572265625
377.8701546192169,0.0,291.15,0.0,-43.6738166809082
377.89958333969116,0.0,291.098,0.0,-43.66734313964844
377.930871963501,0.0,291.041,0.0,-43.6617317199707
377.96341013908386,0.0,290.964,0.0,-43.655357360839844
377.99741435050964,0.0,290.885,0.0,-43.638553619384766
378.02891874313354,0.0,290.841,0.0,-43.63011169433594
378.0715718269348,0.0,290.765,0.0,-43.61465835571289
378.1001272201538,0.0,290.74,0.0,-43.6085205078125
378.13217759132385,0.0,290.678,0.0,-43.60154724121094
378.1643443107605,0.0,290.587,0.0,-43.59379577636719
378.1961188316345,0.0,290.55,0.0,-43.58312225341797
378.2294828891754,0.0,290.517,0.0,-43.57802200317383
378.26051783561707,0.0,290.478,0.0,-43.57305908203125
378.29629707336426,0.0,290.442,0.0,-43.56281280517578
378.32505893707275,0.0,290.354,0.0,-43.557594299316406
378.3563551902771,0.0,290.314,0.0,-43.55179977416992
378.3917007446289,0.0,290.275,0.0,-43.54597473144531
378.4241383075714,0.0,290.158,0.0,-43.53600311279297
378.45037937164307,0.0,290.104,0.0,-43.5281982421875
378.49782037734985,0.0,290.049,0.0,-43.51207733154297
378.5225691795349,0.0,290.006,0.0,-43.504310607910156
378.5459146499634,0.0,289.967,0.0,-43.497013092041016
378.577654838562,0.0,289.936,0.0,-43.49041748046875
378.60969257354736,0.0,289.799,0.0,-43.483192443847656
378.64230608940125,0.0,289.751,0.0,-43.47468566894531
378.67462682724,0.0,289.698,0.0,-43.458213806152344
378.7062771320343,0.0,289.668,0.0,-43.45095443725586
378.73869705200195,0.0,289.594,0.0,-43.44340515136719
378.7710795402527,0.0,289.553,0.0,-43.43267059326172
378.8026223182678,0.0,289.533,0.0,-43.4278564453125
378.83500623703003,0.0,289.499,0.0,-43.42365264892578
378.8671221733093,0.0,289.429,0.0,-43.41932678222656
378.8993625640869,0.0,289.319,0.0,-43.406982421875
378.9308021068573,0.0,289.294,0.0,-43.39988708496094
378.9619708061218,0.0,289.249,0.0,-43.3936882019043
378.99608540534973,0.0,289.228,0.0,-43.38189697265625
379.02701473236084,0.0,289.184,0.0,-43.37617111206055
379.07379484176636,0.0,289.112,0.0,-43.36518478393555
379.1098189353943,0.0,288.968,0.0,-43.35798645019531
379.1446692943573,0.0,288.879,0.0,-43.340301513671875
379.16984939575195,0.0,288.826,0.0,-43.33097457885742
379.2017779350281,0.0,288.76,0.0,-43.321346282958984
379.2333540916443,0.0,288.711,0.0,-43.31221008300781
379.2709815502167,0.0,288.631,0.0,-43.297607421875
379.29774236679077,0.0,288.575,0.0,-43.2916374206543
379.3314027786255,0.0,288.544,0.0,-43.28504943847656
379.3619022369385,0.0,288.497,0.0,-43.27902603149414
379.3984749317169,0.0,288.447,0.0,-43.266197204589844
379.4235920906067,0.0,288.397,0.0,-43.26097869873047
379.4558849334717,0.0,288.37,0.0,-43.255714416503906
379.48755860328674,0.0,288.337,0.0,-43.2508659362793
379.51956391334534,0.0,288.278,0.0,-43.2460823059082
379.552273273468,0.0,288.191,0.0,-43.23461151123047
379.57834649086,0.0,288.191,0.0,-43.22840118408203
379.6052260398865,0.0,288.157,0.0,-43.22250747680664
379.6368749141693,0.0,288.076,0.0,-43.216983795166016
379.67245507240295,0.0,288.025,0.0,-43.2044677734375
379.7013304233551,0.0,287.97,0.0,-43.197479248046875
379.73257780075073,0.0,287.911,0.0,-43.1899299621582
379.76424741744995,0.0,287.846,0.0,-43.18170166015625
379.8006474971771,0.0,287.748,0.0,-43.16727066040039
379.8316259384155,0.0,287.693,0.0,-43.16110610961914
379.8565056324005,0.0,287.626,0.0,-43.154380798339844
379.8887588977814,0.0,287.603,0.0,-43.1467170715332
379.92161321640015,0.0,287.556,0.0,-43.13349914550781
379.95160722732544,0.0,287.499,0.0,-43.12675857543945
379.9841058254242,0.0,287.446,0.0,-43.121437072753906
380.0161168575287,0.0,287.377,0.0,-43.115447998046875
380.04784870147705,0.0,287.339,0.0,-43.10146713256836
380.0798451900482,0.0,287.237,0.0,-43.09408187866211
380.11046504974365,0.0,287.233,0.0,-43.086917877197266
380.1474530696869,0.0,287.167,0.0,-43.07500457763672
380.1795725822449,0.0,287.117,0.0,-43.06818389892578
380.21150040626526,0.0,287.013,0.0,-43.060909271240234
380.2436852455139,0.0,287.014,0.0,-43.053619384765625
380.275856256485,0.0,286.971,0.0,-43.042877197265625
380.30841636657715,0.0,286.954,0.0,-43.03825759887695
380.3404724597931,0.0,286.851,0.0,-43.03150177001953
380.37241983413696,0.0,286.812,0.0,-43.022377014160156
380.4043519496918,0.0,286.733,0.0,-43.01779556274414
380.4366705417633,0.0,286.673,0.0,-43.011260986328125
380.46896028518677,0.0,286.597,0.0,-43.004005432128906
380.5003981590271,0.0,286.51,0.0,-42.98641586303711
380.5331130027771,0.0,286.43,0.0,-42.97895050048828
380.56449151039124,0.0,286.377,0.0,-42.97016525268555
380.59700560569763,0.0,286.348,0.0,-42.953948974609375
380.6290090084076,0.0,286.284,0.0,-42.94578552246094
380.6665184497833,0.0,286.252,0.0,-42.939510345458984
380.6986565589905,0.0,286.201,0.0,-42.92800521850586
380.731477022171,0.0,286.187,0.0,-42.923126220703125
380.7629427909851,0.0,286.135,0.0,-42.91752624511719
380.7988049983978,0.0,286.048,0.0,-42.907257080078125
380.82583117485046,0.0,286.035,0.0,-42.902652740478516
380.858745098114,0.0,285.979,0.0,-42.89888381958008
380.8907628059387,0.0,285.933,0.0,-42.893943786621094
380.92217230796814,0.0,285.879,0.0,-42.882362365722656
380.9540286064148,0.0,285.807,0.0,-42.876075744628906
380.98627495765686,0.0,285.751,0.0,-42.870357513427734
381.02458906173706,0.0,285.717,0.0,-42.85780715942383
381.05111169815063,0.0,285.68,0.0,-42.85185623168945
381.0839569568634,0.0,285.589,0.0,-42.84526443481445
381.1152575016022,0.0,285.536,0.0,-42.83897399902344
381.14658522605896,0.0,285.43,0.0,-42.82284927368164
381.1791818141937,0.0,285.421,0.0,-42.81556701660156
381.2042603492737,0.0,285.404,0.0,-42.80956268310547
381.23109769821167,0.0,285.359,0.0,-42.803367614746094
381.2654983997345,0.0,285.256,0.0,-42.79921340942383
381.2988431453705,0.0,285.231,0.0,-42.78520584106445
381.32765674591064,0.0,285.172,0.0,-42.78050231933594
381.3604407310486,0.0,285.143,0.0,-42.77472686767578
381.3926029205322,0.0,285.071,0.0,-42.769371032714844
381.4244170188904,0.0,284.989,0.0,-42.755680084228516
381.4563932418823,0.0,284.934,0.0,-42.7491569519043
381.48824977874756,0.0,284.912,0.0,-42.74213409423828
381.52363991737366,0.0,284.833,0.0,-42.728477478027344
381.55116748809814,0.0,284.796,0.0,-42.721351623535156
381.5835978984833,0.0,284.69,0.0,-42.71408462524414
381.615398645401,0.0,284.656,0.0,-42.706459045410156
381.6479289531708,0.0,284.588,0.0,-42.69157791137695
381.6815857887268,0.0,284.538,0.0,-42.68372344970703
381.7110903263092,0.0,284.511,0.0,-42.678009033203125
381.7486035823822,0.0,284.426,0.0,-42.667842864990234
381.7751793861389,0.0,284.348,0.0,-42.66208267211914
381.8067729473114,0.0,284.302,0.0,-42.654693603515625
381.83967542648315,0.0,284.249,0.0,-42.647396087646484
381.8714122772217,0.0,284.221,0.0,-42.63323211669922
381.9140169620514,0.0,284.145,0.0,-42.626853942871094
381.94091796875,0.0,284.107,0.0,-42.62067413330078
381.96605157852173,0.0,284.109,0.0,-42.61465072631836
381.99856066703796,0.0,284.082,0.0,-42.60637283325195
382.0301933288574,0.0,284.069,0.0,-42.603023529052734
382.06281208992004,0.0,283.996,0.0,-42.599124908447266
382.0948076248169,0.0,283.949,0.0,-42.594993591308594
382.1271884441376,0.0,283.885,0.0,-42.58399200439453
382.15915513038635,0.0,283.863,0.0,-42.5786247253418
382.19010829925537,0.0,283.775,0.0,-42.57107925415039
382.22457480430603,0.0,283.668,0.0,-42.55935287475586
382.2487533092499,0.0,283.652,0.0,-42.5526123046875
382.2810754776001,0.0,283.583,0.0,-42.54703903198242
382.3125457763672,0.0,283.571,0.0,-42.54014205932617
382.3446991443634,0.0,283.516,0.0,-42.53462219238281
382.3769474029541,0.0,283.471,0.0,-42.52311325073242
382.4088935852051,0.0,283.406,0.0,-42.51819610595703
382.44062519073486,0.0,283.377,0.0,-42.51197814941406
382.4731683731079,0.0,283.29,0.0,-42.498497009277344
382.50563383102417,0.0,283.273,0.0,-42.49209213256836
382.5373604297638,0.0,283.162,0.0,-42.4854850769043
382.5697772502899,0.0,283.132,0.0,-42.47800827026367
382.59336280822754,0.0,283.075,0.0,-42.471290588378906
382.6344220638275,0.0,283.038,0.0,-42.45719528198242
382.6659286022186,0.0,282.993,0.0,-42.450775146484375
382.698525428772,0.0,282.916,0.0,-42.43891906738281
382.73129630088806,0.0,282.84,0.0,-42.43080139160156
382.76377415657043,0.0,282.76,0.0,-42.4214973449707
382.79566836357117,0.0,282.71,0.0,-42.414649963378906
382.8278205394745,0.0,282.68,0.0,-42.403907775878906
382.8595118522644,0.0,282.63,0.0,-42.39873504638672
382.8926782608032,0.0,282.605,0.0,-42.392974853515625
382.923397064209,0.0,282.556,0.0,-42.38780975341797
382.9549322128296,0.0,282.49,0.0,-42.375526428222656
382.9869816303253,0.0,282.415,0.0,-42.3704833984375
383.018874168396,0.0,282.369,0.0,-42.363765716552734
383.052050113678,0.0,282.333,0.0,-42.350521087646484
383.0833795070648,0.0,282.277,0.0,-42.34352111816406
383.1151993274689,0.0,282.242,0.0,-42.33818817138672
383.1469039916992,0.0,282.201,0.0,-42.33318328857422
383.17914628982544,0.0,282.154,0.0,-42.322200775146484
383.21100068092346,0.0,282.089,0.0,-42.315372467041016
383.2424988746643,0.0,281.996,0.0,-42.30651092529297
383.26891040802,0.0,281.983,0.0,-42.29998779296875
383.30074405670166,0.0,281.928,0.0,-42.2886962890625
383.3427565097809,0.0,281.867,0.0,-42.28310012817383
383.383047580719,0.0,281.793,0.0,-42.27222442626953
383.414067029953,0.0,281.778,0.0,-42.26693344116211
383.4460196495056,0.0,281.73,0.0,-42.26253890991211
383.4786069393158,0.0,281.685,0.0,-42.25191879272461
383.5101897716522,0.0,281.601,0.0,-42.247039794921875
383.54276728630066,0.0,281.564,0.0,-42.24097442626953
383.57662630081177,0.0,281.533,0.0,-42.22944641113281
383.605176448822,0.0,281.488,0.0,-42.22354507446289
383.6375632286072,0.0,281.47,0.0,-42.218528747558594
383.6690354347229,0.0,281.386,0.0,-42.21319580078125
383.700804233551,0.0,281.347,0.0,-42.201961517333984
383.73259973526,0.0,281.275,0.0,-42.19789505004883
383.76413917541504,0.0,281.23,0.0,-42.19202423095703
383.800176858902,0.0,281.209,0.0,-42.18056869506836
383.83153557777405,0.0,281.121,0.0,-42.17473602294922
383.8612983226776,0.0,281.083,0.0,-42.168846130371094
383.89322328567505,0.0,281.021,0.0,-42.162994384765625
383.9259479045868,0.0,280.979,0.0,-42.1494255065918
383.95735573768616,0.0,280.911,0.0,-42.14309310913086
383.9891879558563,0.0,280.852,0.0,-42.13707733154297
384.0257794857025,0.0,280.813,0.0,-42.1236686706543
384.05084919929504,0.0,280.775,0.0,-42.11729431152344
384.0823554992676,0.0,280.748,0.0,-42.111549377441406
384.1190938949585,0.0,280.681,0.0,-42.105953216552734
384.1523485183716,0.0,280.628,0.0,-42.09455871582031
384.1835923194885,0.0,280.556,0.0,-42.08717346191406
384.21599316596985,0.0,280.54,0.0,-42.08110809326172
384.25121903419495,0.0,280.384,0.0,-42.06843185424805
384.2788622379303,0.0,280.303,0.0,-42.0610237121582
384.3124976158142,0.0,280.284,0.0,-42.05221939086914
384.34086322784424,0.0,280.234,0.0,-42.04494857788086
384.3809690475464,0.0,280.168,0.0,-42.03010177612305
384.4128301143646,0.0,280.133,0.0,-42.02400207519531
384.4446711540222,0.0,280.078,0.0,-42.018165588378906
384.4766833782196,0.0,280.059,0.0,-42.00623321533203
384.50876021385193,0.0,279.93,0.0,-41.999752044677734
384.5414834022522,0.0,279.895,0.0,-41.992271423339844
384.5732834339142,0.0,279.804,0.0,-41.98535919189453
384.60600113868713,0.0,279.771,0.0,-41.968685150146484
384.6369524002075,0.0,279.735,0.0,-41.961456298828125
384.6691060066223,0.0,279.714,0.0,-41.955299377441406
384.7020580768585,0.0,279.697,0.0,-41.94721984863281
384.741436958313,0.0,279.678,0.0,-41.943885803222656
384.7720181941986,0.0,279.544,0.0,-41.94009017944336
384.8041989803314,0.0,279.513,0.0,-41.931697845458984
384.8368167877197,0.0,279.495,0.0,-41.926231384277344
384.86490082740784,0.0,279.46,0.0,-41.92155456542969
384.8904297351837,0.0,279.455,0.0,-41.916770935058594
384.9265420436859,0.0,279.425,0.0,-41.90940475463867
384.9549136161804,0.0,279.351,0.0,-41.90367889404297
384.9861578941345,0.0,279.268,0.0,-41.898319244384766
385.0185182094574,0.0,279.219,0.0,-41.89219284057617
385.05069398880005,0.0,279.193,0.0,-41.87984848022461
385.08268761634827,0.0,279.137,0.0,-41.87327575683594
385.11452460289,0.0,279.04,0.0,-41.866432189941406
385.1472165584564,0.0,278.977,0.0,-41.85942459106445
385.17901515960693,0.0,278.944,0.0,-41.8445930480957
385.2108829021454,0.0,278.88,0.0,-41.836753845214844
385.2429008483887,0.0,278.87,0.0,-41.83059310913086
385.2751030921936,0.0,278.743,0.0,-41.81809616088867
385.3408317565918,0.0,278.662,0.0,-41.807273864746094
385.380654335022,0.0,278.585,0.0,-41.79445266723633
385.4113302230835,0.0,278.549,0.0,-41.78818893432617
385.4429090023041,0.0,278.537,0.0,-41.782161712646484
385.47565245628357,0.0,278.514,0.0,-41.77293395996094
385.50809621810913,0.0,278.454,0.0,-41.768218994140625
385.53082633018494,0.0,278.454,0.0,-41.764007568359375
385.55924940109253,0.0,278.369,0.0,-41.757484436035156
385.59350395202637,0.0,278.295,0.0,-41.75202941894531
385.6302788257599,0.0,278.249,0.0,-41.73922348022461
385.65493392944336,0.0,278.218,0.0,-41.73320388793945
385.69813227653503,0.0,278.129,0.0,-41.72600555419922
385.71462512016296,0.0,278.129,0.0,-41.719871520996094
385.7482421398163,0.0,278.038,0.0,-41.7132568359375
385.77886605262756,0.0,277.999,0.0,-41.702171325683594
385.8128218650818,0.0,277.892,0.0,-41.6972541809082
385.85373401641846,0.0,277.805,0.0,-41.68144226074219
385.886949300766,0.0,277.771,0.0,-41.67403030395508
385.92738795280457,0.0,277.716,0.0,-41.661163330078125
385.95689868927,0.0,277.661,0.0,-41.655609130859375
385.98882722854614,0.0,277.653,0.0,-41.64933776855469
386.0222260951996,0.0,277.608,0.0,-41.64448165893555
386.0531585216522,0.0,277.583,0.0,-41.63432693481445
386.0848140716553,0.0,277.551,0.0,-41.630653381347656
386.1152501106262,0.0,277.508,0.0,-41.627037048339844
386.14703392982483,0.0,277.498,0.0,-41.62274169921875
