Time(s),Setpoint (C),Temperature (C),TotalOutput (%),PIDOutput (%)
0.4716677665710449,0.0,21.074,0.0,-3.4205117225646973
0.5166919231414795,0.0,21.027,0.0,-3.3833236694335938
0.5500831604003906,0.0,21.05,0.0,-3.3647637367248535
0.5815308094024658,0.0,21.054,0.0,-3.348073959350586
0.6134951114654541,0.0,21.055,0.0,-3.332413673400879
0.6459014415740967,0.0,21.05,0.0,-3.303697347640991
0.6771321296691895,0.0,21.043,0.0,-3.290233612060547
0.7092859745025635,0.0,21.039,0.0,-3.278020143508911
0.7419061660766602,0.0,21.045,0.0,-3.256460666656494
0.7742941379547119,0.0,21.068,0.0,-3.248112440109253
0.8062946796417236,0.0,21.084,0.0,-3.2410154342651367
0.8372175693511963,0.0,21.066,0.0,-3.234337329864502
0.8687872886657715,0.0,21.057,0.0,-3.2205724716186523
0.900470495223999,0.0,21.054,0.0,-3.214334487915039
0.9321672916412354,0.0,21.056,0.0,-3.2088027000427246
0.9676625728607178,0.0,21.06,0.0,-3.1996071338653564
0.9975800514221191,0.0,21.059,0.0,-3.1956470012664795
1.0164368152618408,0.0,21.051,0.0,-3.1920206546783447
1.0603406429290771,0.0,21.051,0.0,-3.1884102821350098
1.0933527946472168,0.0,21.047,0.0,-3.181910276412964
1.1292717456817627,0.0,21.056,0.0,-3.179281711578369
1.1615216732025146,0.0,21.063,0.0,-3.1773223876953125
1.1942451000213623,0.0,21.038,0.0,-3.173373222351074
1.230125904083252,0.0,21.038,0.0,-3.1710009574890137
1.262505292892456,0.0,21.044,0.0,-3.1692209243774414
1.2912654876708984,0.0,21.059,0.0,-3.167388439178467
1.3242652416229248,0.0,21.063,0.0,-3.1670022010803223
1.3551857471466064,0.0,21.042,0.0,-3.1658172607421875
1.3877742290496826,0.0,21.045,0.0,-3.164656639099121
1.4200141429901123,0.0,21.049,0.0,-3.1631765365600586
1.4511785507202148,0.0,21.058,0.0,-3.1630032062530518
1.4833719730377197,0.0,21.029,0.0,-3.1615748405456543
1.515958547592163,0.0,20.996,0.0,-3.15779972076416
1.547945261001587,0.0,21.009,0.0,-3.155994415283203
1.580272912979126,0.0,21.053,0.0,-3.155108690261841
1.6121864318847656,0.0,21.087,0.0,-3.1562435626983643
1.6446154117584229,0.0,21.085,0.0,-3.16092586517334
1.6766948699951172,0.0,21.07,0.0,-3.1619906425476074
1.7089197635650635,0.0,21.075,0.0,-3.162142753601074
1.7405321598052979,0.0,21.073,0.0,-3.1625285148620605
1.7801926136016846,0.0,21.073,0.0,-3.1625261306762695
1.8194921016693115,0.0,21.049,0.0,-3.161496162414551
1.8455893993377686,0.0,21.045,0.0,-3.1604998111724854
1.8770711421966553,0.0,21.04,0.0,-3.1602535247802734
1.909074068069458,0.0,21.056,0.0,-3.1592888832092285
1.948409080505371,0.0,21.064,0.0,-3.159457206726074
1.971989393234253,0.0,21.061,0.0,-3.1595187187194824
2.005445957183838,0.0,21.065,0.0,-3.1597237586975098
2.044945240020752,0.0,21.073,0.0,-3.1605710983276367
2.0783064365386963,0.0,21.085,0.0,-3.161344051361084
2.1091198921203613,0.0,21.069,0.0,-3.161256790161133
2.1405887603759766,0.0,21.06,0.0,-3.16033673286438
2.173095464706421,0.0,21.05,0.0,-3.159511089324951
2.2052009105682373,0.0,21.073,0.0,-3.159006357192993
2.238048791885376,0.0,21.092,0.0,-3.159579038619995
2.2691195011138916,0.0,21.098,0.0,-3.16109561920166
2.3013696670532227,0.0,21.094,0.0,-3.162226438522339
2.3328185081481934,0.0,21.094,0.0,-3.1629221439361572
2.3653295040130615,0.0,21.102,0.0,-3.1634466648101807
2.3973898887634277,0.0,21.098,0.0,-3.164551019668579
2.4282405376434326,0.0,21.07,0.0,-3.1644480228424072
2.46309494972229,0.0,21.057,0.0,-3.1635539531707764
2.4956419467926025,0.0,21.028,0.0,-3.160109758377075
2.5282468795776367,0.0,21.038,0.0,-3.15883207321167
2.5593955516815186,0.0,21.082,0.0,-3.158017635345459
2.5906944274902344,0.0,21.087,0.0,-3.159076690673828
2.6242799758911133,0.0,21.101,0.0,-3.1615073680877686
2.6642704010009766,0.0,21.092,0.0,-3.1624574661254883
2.6960625648498535,0.0,21.074,0.0,-3.16253924369812
2.7284297943115234,0.0,21.061,0.0,-3.1622259616851807
2.760645866394043,0.0,21.06,0.0,-3.1614320278167725
2.79363751411438,0.0,21.055,0.0,-3.1594645977020264
2.825793743133545,0.0,21.042,0.0,-3.1590442657470703
2.8570516109466553,0.0,21.028,0.0,-3.158179759979248
2.8730809688568115,0.0,21.057,0.0,-3.1569318771362305
2.90560245513916,0.0,21.061,0.0,-3.1571967601776123
2.937337636947632,0.0,21.067,0.0,-3.1575825214385986
2.9702091217041016,0.0,21.089,0.0,-3.1595096588134766
3.001917600631714,0.0,21.093,0.0,-3.1605279445648193
3.0330986976623535,0.0,21.112,0.0,-3.161524534225464
3.0656697750091553,0.0,21.133,0.0,-3.16308856010437
3.0977609157562256,0.0,21.105,0.0,-3.1655900478363037
3.1293835639953613,0.0,21.092,0.0,-3.165433168411255
3.161428928375244,0.0,21.06,0.0,-3.1652095317840576
3.1947181224823,0.0,21.053,0.0,-3.162184715270996
3.2256481647491455,0.0,21.056,0.0,-3.1611521244049072
3.2577717304229736,0.0,21.027,0.0,-3.1591358184814453
3.2905778884887695,0.0,21.032,0.0,-3.1571624279022217
3.3314146995544434,0.0,21.021,0.0,-3.155151844024658
3.3804423809051514,0.0,21.075,0.0,-3.1550917625427246
3.421529769897461,0.0,21.104,0.0,-3.158433437347412
3.4622116088867188,0.0,21.104,0.0,-3.1603899002075195
3.497161626815796,0.0,21.058,0.0,-3.1625618934631348
3.52280855178833,0.0,21.047,0.0,-3.1616334915161133
3.563227653503418,0.0,21.038,0.0,-3.160444498062134
3.595658779144287,0.0,21.045,0.0,-3.1584298610687256
3.6278188228607178,0.0,21.096,0.0,-3.1594371795654297
3.659801721572876,0.0,21.115,0.0,-3.1608076095581055
3.695530414581299,0.0,21.107,0.0,-3.163756847381592
3.7241554260253906,0.0,21.083,0.0,-3.163581371307373
3.7564942836761475,0.0,21.041,0.0,-3.1631383895874023
3.7885515689849854,0.0,21.039,0.0,-3.1613152027130127
3.821159839630127,0.0,21.02,0.0,-3.157858371734619
3.85273814201355,0.0,21.047,0.0,-3.1574862003326416
3.879141330718994,0.0,21.061,0.0,-3.1577975749969482
3.9134771823883057,0.0,21.081,0.0,-3.158888816833496
3.9448132514953613,0.0,21.085,0.0,-3.160400390625
3.9755594730377197,0.0,21.074,0.0,-3.161078929901123
4.0073559284210205,0.0,21.063,0.0,-3.1611390113830566
4.048157691955566,0.0,21.063,0.0,-3.160518169403076
4.080237150192261,0.0,21.076,0.0,-3.1602346897125244
4.109985828399658,0.0,21.1,0.0,-3.1605610847473145
4.146716356277466,0.0,21.11,0.0,-3.1632113456726074
4.179755926132202,0.0,21.107,0.0,-3.164278268814087
4.213338613510132,0.0,21.104,0.0,-3.1649649143218994
4.245385408401489,0.0,21.087,0.0,-3.1649270057678223
4.2774338722229,0.0,21.06,0.0,-3.163447380065918
4.309005498886108,0.0,21.049,0.0,-3.162292957305908
4.345290422439575,0.0,21.076,0.0,-3.161018133163452
4.371848106384277,0.0,21.071,0.0,-3.1608762741088867
4.404023170471191,0.0,21.08,0.0,-3.1611475944519043
4.435814380645752,0.0,21.071,0.0,-3.1599745750427246
4.468295574188232,0.0,21.1,0.0,-3.161384344100952
4.500389814376831,0.0,21.086,0.0,-3.1618082523345947
4.5327982902526855,0.0,21.113,0.0,-3.162135362625122
4.5648298263549805,0.0,21.086,0.0,-3.163519859313965
4.597633600234985,0.0,21.051,0.0,-3.1624674797058105
4.629236459732056,0.0,21.045,0.0,-3.1611554622650146
4.66061544418335,0.0,21.065,0.0,-3.159888744354248
4.692761182785034,0.0,21.059,0.0,-3.1597537994384766
4.724217891693115,0.0,21.069,0.0,-3.160360336303711
4.764630079269409,0.0,21.085,0.0,-3.1603074073791504
4.796722173690796,0.0,21.099,0.0,-3.1620233058929443
4.837604284286499,0.0,21.111,0.0,-3.162858247756958
4.863569974899292,0.0,21.082,0.0,-3.1640031337738037
4.891406297683716,0.0,21.072,0.0,-3.1636626720428467
4.92387056350708,0.0,21.06,0.0,-3.1619248390197754
4.956419467926025,0.0,21.079,0.0,-3.1619114875793457
4.9880759716033936,0.0,21.075,0.0,-3.1618587970733643
5.021310091018677,0.0,21.071,0.0,-3.161562442779541
5.052527666091919,0.0,21.065,0.0,-3.161294937133789
5.084594011306763,0.0,21.068,0.0,-3.1608376502990723
5.120919466018677,0.0,21.055,0.0,-3.1598963737487793
5.149554014205933,0.0,21.076,0.0,-3.1593477725982666
5.181827068328857,0.0,21.077,0.0,-3.1598126888275146
5.213258981704712,0.0,21.108,0.0,-3.1602210998535156
5.246477127075195,0.0,21.084,0.0,-3.1620917320251465
5.277948379516602,0.0,21.068,0.0,-3.161398410797119
5.309324026107788,0.0,21.05,0.0,-3.1610701084136963
5.3482842445373535,0.0,21.059,0.0,-3.1596603393554688
5.379584550857544,0.0,21.067,0.0,-3.1596920490264893
5.410248517990112,0.0,21.063,0.0,-3.159385919570923
5.443472862243652,0.0,21.071,0.0,-3.1596157550811768
5.476001739501953,0.0,21.059,0.0,-3.1593434810638428
5.50680685043335,0.0,21.055,0.0,-3.1589696407318115
5.530663967132568,0.0,21.081,0.0,-3.159778118133545
5.563527584075928,0.0,21.046,0.0,-3.160407543182373
5.592013120651245,0.0,21.048,0.0,-3.159425735473633
5.6241841316223145,0.0,21.041,0.0,-3.1586575508117676
5.655837059020996,0.0,21.079,0.0,-3.1578729152679443
5.68875527381897,0.0,21.082,0.0,-3.158869504928589
5.722409248352051,0.0,21.11,0.0,-3.161649227142334
5.75083327293396,0.0,21.109,0.0,-3.163475513458252
5.783291339874268,0.0,21.101,0.0,-3.1644580364227295
5.814392328262329,0.0,21.102,0.0,-3.1648671627044678
5.846527099609375,0.0,21.075,0.0,-3.1643238067626953
5.877557039260864,0.0,21.076,0.0,-3.163120746612549
5.9085938930511475,0.0,21.063,0.0,-3.162726879119873
5.939570426940918,0.0,21.058,0.0,-3.1618709564208984
5.971105098724365,0.0,21.078,0.0,-3.161160469055176
6.002639055252075,0.0,21.086,0.0,-3.161625623703003
6.03444242477417,0.0,21.132,0.0,-3.1623218059539795
6.061934471130371,0.0,21.132,0.0,-3.164454221725464
6.093783378601074,0.0,21.132,0.0,-3.1660966873168945
6.127180337905884,0.0,21.126,0.0,-3.1680548191070557
6.158661603927612,0.0,21.117,0.0,-3.168199062347412
6.190287113189697,0.0,21.114,0.0,-3.168205738067627
6.230501890182495,0.0,21.118,0.0,-3.1682562828063965
6.2619781494140625,0.0,21.111,0.0,-3.168027877807617
6.2869040966033936,0.0,21.115,0.0,-3.168004035949707
6.32879376411438,0.0,21.142,0.0,-3.1693475246429443
6.359652996063232,0.0,21.132,0.0,-3.170114517211914
6.392451047897339,0.0,21.138,0.0,-3.1702704429626465
6.424986839294434,0.0,21.121,0.0,-3.1706302165985107
6.457522630691528,0.0,21.133,0.0,-3.1701552867889404
6.488682746887207,0.0,21.13,0.0,-3.1702771186828613
6.521459579467773,0.0,21.091,0.0,-3.1685476303100586
6.5534937381744385,0.0,21.086,0.0,-3.1674046516418457
6.584129810333252,0.0,21.07,0.0,-3.1661407947540283
6.616447925567627,0.0,21.111,0.0,-3.1644937992095947
6.648046970367432,0.0,21.093,0.0,-3.1645565032958984
6.679198503494263,0.0,21.117,0.0,-3.164513111114502
6.710352420806885,0.0,21.097,0.0,-3.1652443408966064
6.7421770095825195,0.0,21.12,0.0,-3.1649770736694336
6.773275852203369,0.0,21.127,0.0,-3.1666316986083984
6.806070566177368,0.0,21.133,0.0,-3.1675729751586914
6.848768472671509,0.0,21.134,0.0,-3.1690897941589355
6.878463983535767,0.0,21.116,0.0,-3.1687424182891846
6.91145920753479,0.0,21.074,0.0,-3.1676254272460938
6.951304912567139,0.0,21.083,0.0,-3.164825439453125
6.990692615509033,0.0,21.092,0.0,-3.163590669631958
7.015855550765991,0.0,21.101,0.0,-3.163484573364258
7.054935693740845,0.0,21.088,0.0,-3.1637496948242188
7.086892127990723,0.0,21.1,0.0,-3.163473129272461
7.1282432079315186,0.0,21.083,0.0,-3.1629624366760254
7.150851488113403,0.0,21.094,0.0,-3.1626811027526855
7.182974338531494,0.0,21.093,0.0,-3.162935972213745
7.215521574020386,0.0,21.122,0.0,-3.1631007194519043
7.247451543807983,0.0,21.126,0.0,-3.1656737327575684
7.279102802276611,0.0,21.144,0.0,-3.1667423248291016
7.311379909515381,0.0,21.123,0.0,-3.168193817138672
7.34304404258728,0.0,21.131,0.0,-3.1684250831604004
7.375269651412964,0.0,21.111,0.0,-3.1684646606445312
7.407432794570923,0.0,21.105,0.0,-3.1677587032318115
7.441286087036133,0.0,21.101,0.0,-3.167288303375244
7.480343341827393,0.0,21.104,0.0,-3.1664576530456543
7.512198209762573,0.0,21.081,0.0,-3.165977716445923
7.548630237579346,0.0,21.085,0.0,-3.164224624633789
7.57674241065979,0.0,21.106,0.0,-3.1645960807800293
7.608358383178711,0.0,21.123,0.0,-3.1656036376953125
7.641016483306885,0.0,21.158,0.0,-3.1663858890533447
7.670244932174683,0.0,21.154,0.0,-3.1684603691101074
7.721078157424927,0.0,21.179,0.0,-3.1733505725860596
7.76122784614563,0.0,21.242,0.0,-3.17622447013855
7.793242931365967,0.0,21.228,0.0,-3.179508924484253
7.825702428817749,0.0,21.165,0.0,-3.180208206176758
7.859155893325806,0.0,21.083,0.0,-3.175992250442505
7.8903422355651855,0.0,21.082,0.0,-3.1724910736083984
7.922330379486084,0.0,21.032,0.0,-3.1654891967773438
7.95518159866333,0.0,21.031,0.0,-3.162181854248047
7.986514091491699,0.0,21.032,0.0,-3.1588943004608154
8.024919033050537,0.0,21.13,0.0,-3.1600236892700195
8.051493644714355,0.0,21.113,0.0,-3.1615419387817383
8.08422327041626,0.0,21.041,0.0,-3.1597201824188232
8.11597752571106,0.0,21.07,0.0,-3.158337116241455
8.148019075393677,0.0,21.093,0.0,-3.159648895263672
8.179088830947876,0.0,21.115,0.0,-3.1614742279052734
8.212405920028687,0.0,21.143,0.0,-3.1629037857055664
8.243892669677734,0.0,21.151,0.0,-3.165195941925049
8.275564193725586,0.0,21.148,0.0,-3.1689019203186035
8.307811975479126,0.0,21.133,0.0,-3.170029401779175
8.339236736297607,0.0,21.15,0.0,-3.170254707336426
8.380800008773804,0.0,21.188,0.0,-3.1718626022338867
8.4048330783844,0.0,21.161,0.0,-3.173924446105957
8.446928262710571,0.0,21.133,0.0,-3.173495054244995
8.51149582862854,0.0,21.135,0.0,-3.171490430831909
8.548088312149048,0.0,21.166,0.0,-3.172445774078369
8.574816465377808,0.0,21.189,0.0,-3.1742851734161377
8.607286930084229,0.0,21.13,0.0,-3.173213481903076
8.639796733856201,0.0,21.14,0.0,-3.17299747467041
8.671867847442627,0.0,21.147,0.0,-3.1725878715515137
8.70422625541687,0.0,21.173,0.0,-3.1736552715301514
8.735643863677979,0.0,21.086,0.0,-3.170816659927368
8.767889022827148,0.0,21.082,0.0,-3.1673965454101562
8.7994863986969,0.0,21.126,0.0,-3.166440486907959
8.834534883499146,0.0,21.147,0.0,-3.16782546043396
8.86162281036377,0.0,21.153,0.0,-3.168907403945923
8.89427924156189,0.0,21.12,0.0,-3.1700010299682617
8.930395126342773,0.0,21.084,0.0,-3.168914318084717
8.96250867843628,0.0,21.014,0.0,-3.1671109199523926
8.9932701587677,0.0,21.026,0.0,-3.1627821922302246
9.025421142578125,0.0,21.074,0.0,-3.157085657119751
9.079931735992432,0.0,21.128,0.0,-3.160407781600952
9.110543251037598,0.0,21.135,0.0,-3.1625418663024902
9.141926050186157,0.0,21.096,0.0,-3.16450572013855
9.17507791519165,0.0,21.102,0.0,-3.164569854736328
9.212544918060303,0.0,21.103,0.0,-3.164247512817383
9.241159677505493,0.0,21.13,0.0,-3.1645073890686035
9.27269196510315,0.0,21.139,0.0,-3.1672632694244385
9.338401317596436,0.0,21.094,0.0,-3.168544292449951
9.370117664337158,0.0,21.098,0.0,-3.167436122894287
9.40101957321167,0.0,21.093,0.0,-3.165987253189087
9.429701089859009,0.0,21.083,0.0,-3.164984941482544
9.459826469421387,0.0,21.074,0.0,-3.1638343334198
9.491799592971802,0.0,21.086,0.0,-3.1627414226531982
9.524528980255127,0.0,21.094,0.0,-3.162874698638916
9.556087493896484,0.0,21.083,0.0,-3.1630825996398926
9.588021278381348,0.0,21.058,0.0,-3.162790536880493
9.619524478912354,0.0,21.052,0.0,-3.1615235805511475
9.652348756790161,0.0,21.061,0.0,-3.1591219902038574
9.680584907531738,0.0,21.078,0.0,-3.1588573455810547
9.71187949180603,0.0,21.093,0.0,-3.15938663482666
9.744417190551758,0.0,21.088,0.0,-3.1604440212249756
9.776328802108765,0.0,21.099,0.0,-3.162017583847046
9.808178663253784,0.0,21.071,0.0,-3.1626758575439453
9.840357303619385,0.0,21.05,0.0,-3.162095069885254
9.867944955825806,0.0,21.021,0.0,-3.160766363143921
9.891551971435547,0.0,21.021,0.0,-3.1585264205932617
9.930426597595215,0.0,21.026,0.0,-3.1557040214538574
9.962329387664795,0.0,21.085,0.0,-3.156470775604248
9.986534357070923,0.0,21.097,0.0,-3.1579675674438477
10.02482795715332,0.0,21.135,0.0,-3.162545680999756
10.057719707489014,0.0,21.103,0.0,-3.163444995880127
10.089913606643677,0.0,21.116,0.0,-3.1646783351898193
10.130383014678955,0.0,21.077,0.0,-3.163304090499878
10.162740230560303,0.0,21.1,0.0,-3.1638669967651367
10.194409132003784,0.0,21.107,0.0,-3.163539409637451
10.22655701637268,0.0,21.111,0.0,-3.164121389389038
10.258062601089478,0.0,21.107,0.0,-3.1649346351623535
10.281828165054321,0.0,21.116,0.0,-3.16538667678833
10.313386917114258,0.0,21.119,0.0,-3.1661033630371094
10.344683647155762,0.0,21.128,0.0,-3.166771411895752
10.376628160476685,0.0,21.133,0.0,-3.168442726135254
10.408342838287354,0.0,21.138,0.0,-3.1691203117370605
10.441128015518188,0.0,21.145,0.0,-3.169834613800049
10.47952938079834,0.0,21.144,0.0,-3.1712348461151123
10.511687755584717,0.0,21.13,0.0,-3.1716558933258057
10.544041633605957,0.0,21.118,0.0,-3.171369791030884
10.5752592086792,0.0,21.119,0.0,-3.1700682640075684
10.614045143127441,0.0,21.137,0.0,-3.1696667671203613
10.646831512451172,0.0,21.134,0.0,-3.170058250427246
10.677356719970703,0.0,21.097,0.0,-3.1687872409820557
10.71007227897644,0.0,21.089,0.0,-3.167332172393799
10.746055841445923,0.0,21.133,0.0,-3.1665406227111816
10.763227462768555,0.0,21.133,0.0,-3.167443037033081
10.801692962646484,0.0,21.117,0.0,-3.1671953201293945
10.829375267028809,0.0,21.113,0.0,-3.167280912399292
10.862482786178589,0.0,21.125,0.0,-3.167179822921753
10.895880222320557,0.0,21.161,0.0,-3.1676063537597656
10.926108837127686,0.0,21.163,0.0,-3.1704487800598145
10.958414316177368,0.0,21.134,0.0,-3.1717171669006348
10.989789962768555,0.0,21.117,0.0,-3.1714670658111572
11.029961109161377,0.0,21.102,0.0,-3.168941020965576
11.061468124389648,0.0,21.122,0.0,-3.1679465770721436
11.093568325042725,0.0,21.146,0.0,-3.168017625808716
11.126379013061523,0.0,21.162,0.0,-3.170577049255371
11.158251762390137,0.0,21.163,0.0,-3.1717278957366943
11.195523262023926,0.0,21.146,0.0,-3.172650098800659
11.227694272994995,0.0,21.136,0.0,-3.1721911430358887
11.260138988494873,0.0,21.093,0.0,-3.1700289249420166
11.281112670898438,0.0,21.09,0.0,-3.168224573135376
11.314250230789185,0.0,21.125,0.0,-3.1671252250671387
11.3465416431427,0.0,21.156,0.0,-3.1674578189849854
11.38895320892334,0.0,21.144,0.0,-3.169736862182617
11.427578687667847,0.0,21.095,0.0,-3.167905807495117
11.459640264511108,0.0,21.113,0.0,-3.166814088821411
11.491832733154297,0.0,21.125,0.0,-3.1667327880859375
11.526623010635376,0.0,21.108,0.0,-3.168041467666626
11.5555579662323,0.0,21.114,0.0,-3.167492389678955
11.58737826347351,0.0,21.113,0.0,-3.167323350906372
11.61944317817688,0.0,21.098,0.0,-3.1671552658081055
11.652045965194702,0.0,21.142,0.0,-3.167670249938965
11.684053659439087,0.0,21.118,0.0,-3.167691707611084
11.708186626434326,0.0,21.117,0.0,-3.167668342590332
11.740521907806396,0.0,21.1,0.0,-3.1676101684570312
11.77621078491211,0.0,21.14,0.0,-3.1679506301879883
11.805554389953613,0.0,21.124,0.0,-3.1681299209594727
11.83586859703064,0.0,21.114,0.0,-3.168142318725586
11.867663621902466,0.0,21.092,0.0,-3.1678576469421387
11.902476787567139,0.0,21.103,0.0,-3.1662936210632324
11.932266235351562,0.0,21.124,0.0,-3.166856288909912
11.96401858329773,0.0,21.129,0.0,-3.167506217956543
11.995781660079956,0.0,21.137,0.0,-3.168010950088501
12.03047800064087,0.0,21.142,0.0,-3.169506311416626
12.07431674003601,0.0,21.161,0.0,-3.1718838214874268
12.117886543273926,0.0,21.135,0.0,-3.17271089553833
12.123653173446655,0.0,21.126,0.0,-3.172243118286133
12.154438972473145,0.0,21.131,0.0,-3.1714887619018555
12.189239978790283,0.0,21.135,0.0,-3.1711039543151855
12.226447105407715,0.0,21.15,0.0,-3.1711456775665283
12.25804853439331,0.0,21.142,0.0,-3.171614408493042
12.289539813995361,0.0,21.147,0.0,-3.171633720397949
12.330247402191162,0.0,21.177,0.0,-3.172431230545044
12.363909006118774,0.0,21.174,0.0,-3.1737112998962402
12.402793884277344,0.0,21.186,0.0,-3.1757125854492188
12.4293372631073,0.0,21.179,0.0,-3.1762893199920654
12.46321439743042,0.0,21.178,0.0,-3.1766738891601562
12.497144222259521,0.0,21.182,0.0,-3.1769511699676514
12.530141830444336,0.0,21.197,0.0,-3.1782045364379883
12.562055587768555,0.0,21.173,0.0,-3.1778650283813477
12.593090295791626,0.0,21.146,0.0,-3.1767425537109375
12.626899242401123,0.0,21.137,0.0,-3.174264907836914
12.66245174407959,0.0,21.149,0.0,-3.1737589836120605
12.688618421554565,0.0,21.14,0.0,-3.1729886531829834
12.720227241516113,0.0,21.117,0.0,-3.1721842288970947
12.752451658248901,0.0,21.127,0.0,-3.1701762676239014
12.787831544876099,0.0,21.109,0.0,-3.1696970462799072
12.813615322113037,0.0,21.108,0.0,-3.1685831546783447
12.844278812408447,0.0,21.118,0.0,-3.167694330215454
12.877709865570068,0.0,21.153,0.0,-3.1676900386810303
12.908069849014282,0.0,21.167,0.0,-3.1689467430114746
12.940274238586426,0.0,21.182,0.0,-3.1705195903778076
12.972151756286621,0.0,21.179,0.0,-3.172372579574585
13.004295110702515,0.0,21.156,0.0,-3.1743898391723633
13.036962509155273,0.0,21.162,0.0,-3.174257516860962
13.068066358566284,0.0,21.167,0.0,-3.1743969917297363
13.103534460067749,0.0,21.181,0.0,-3.1755223274230957
13.131163120269775,0.0,21.18,0.0,-3.1761012077331543
13.163394451141357,0.0,21.123,0.0,-3.1746459007263184
13.195497274398804,0.0,21.093,0.0,-3.173006296157837
13.227475643157959,0.0,21.112,0.0,-3.1693193912506104
13.259292602539062,0.0,21.151,0.0,-3.170074701309204
13.290808916091919,0.0,21.148,0.0,-3.1700401306152344
13.32732367515564,0.0,21.134,0.0,-3.1703224182128906
13.356283187866211,0.0,21.117,0.0,-3.169456958770752
13.38753080368042,0.0,21.152,0.0,-3.1702656745910645
13.419650316238403,0.0,21.152,0.0,-3.170898675918579
13.460986375808716,0.0,21.147,0.0,-3.171272039413452
13.490824460983276,0.0,21.133,0.0,-3.171473979949951
13.531938791275024,0.0,21.151,0.0,-3.170794725418091
13.563927173614502,0.0,21.152,0.0,-3.1712770462036133
13.596742153167725,0.0,21.152,0.0,-3.171693801879883
13.62784457206726,0.0,21.15,0.0,-3.172179698944092
13.660051107406616,0.0,21.152,0.0,-3.172597885131836
13.69345235824585,0.0,21.154,0.0,-3.172708034515381
13.718433380126953,0.0,21.16,0.0,-3.1728732585906982
13.762213945388794,0.0,21.138,0.0,-3.173072338104248
13.79362416267395,0.0,21.149,0.0,-3.172468662261963
13.828699111938477,0.0,21.147,0.0,-3.1723692417144775
13.857092380523682,0.0,21.168,0.0,-3.1731786727905273
13.876718044281006,0.0,21.173,0.0,-3.1740119457244873
13.91454291343689,0.0,21.133,0.0,-3.172970771789551
13.93798565864563,0.0,21.103,0.0,-3.170900821685791
13.970514297485352,0.0,21.135,0.0,-3.169931650161743
14.003100395202637,0.0,21.139,0.0,-3.1698896884918213
14.034911632537842,0.0,21.155,0.0,-3.1700549125671387
14.066769361495972,0.0,21.171,0.0,-3.1708614826202393
14.098934650421143,0.0,21.181,0.0,-3.1721620559692383
14.12494421005249,0.0,21.193,0.0,-3.173588275909424
14.155548810958862,0.0,21.179,0.0,-3.176208972930908
14.189167261123657,0.0,21.177,0.0,-3.1766042709350586
14.230285882949829,0.0,21.199,0.0,-3.1778767108917236
14.262625932693481,0.0,21.169,0.0,-3.1787683963775635
14.291368007659912,0.0,21.164,0.0,-3.178093910217285
14.323477983474731,0.0,21.121,0.0,-3.1773433685302734
14.35491418838501,0.0,21.132,0.0,-3.173539400100708
14.386760234832764,0.0,21.141,0.0,-3.172832489013672
14.412779092788696,0.0,21.142,0.0,-3.1723318099975586
14.43925404548645,0.0,21.158,0.0,-3.1726226806640625
14.468410968780518,0.0,21.153,0.0,-3.172769546508789
14.510291814804077,0.0,21.142,0.0,-3.1722984313964844
14.541949987411499,0.0,21.145,0.0,-3.1720705032348633
14.562979221343994,0.0,21.156,0.0,-3.172361135482788
14.596834897994995,0.0,21.164,0.0,-3.172591209411621
14.624715089797974,0.0,21.16,0.0,-3.1731090545654297
14.665471076965332,0.0,21.128,0.0,-3.172433853149414
14.696689128875732,0.0,21.135,0.0,-3.171480178833008
14.730341911315918,0.0,21.122,0.0,-3.1704163551330566
14.75669240951538,0.0,21.136,0.0,-3.169689655303955
14.783766269683838,0.0,21.134,0.0,-3.169726848602295
14.825936555862427,0.0,21.138,0.0,-3.1696829795837402
14.84216594696045,0.0,21.169,0.0,-3.169827461242676
14.874019384384155,0.0,21.161,0.0,-3.171251058578491
14.914144515991211,0.0,21.14,0.0,-3.1717379093170166
14.93766164779663,0.0,21.145,0.0,-3.1717288494110107
14.96971082687378,0.0,21.119,0.0,-3.171386480331421
15.002898454666138,0.0,21.113,0.0,-3.1693310737609863
15.03414511680603,0.0,21.062,0.0,-3.166395664215088
15.066840410232544,0.0,21.069,0.0,-3.1644339561462402
15.099165916442871,0.0,21.119,0.0,-3.163987636566162
15.130695343017578,0.0,21.131,0.0,-3.1644973754882812
15.16239595413208,0.0,21.149,0.0,-3.1656649112701416
15.194741010665894,0.0,21.152,0.0,-3.1673412322998047
15.22799277305603,0.0,21.151,0.0,-3.16984486579895
15.259425401687622,0.0,21.174,0.0,-3.1720995903015137
15.292099714279175,0.0,21.163,0.0,-3.1733739376068115
15.319804191589355,0.0,21.156,0.0,-3.173884153366089
15.344375371932983,0.0,21.13,0.0,-3.17396879196167
15.380628108978271,0.0,21.122,0.0,-3.17177152633667
15.40914011001587,0.0,21.094,0.0,-3.169694662094116
15.43993592262268,0.0,21.103,0.0,-3.167919635772705
15.47126030921936,0.0,21.106,0.0,-3.1670992374420166
15.503942728042603,0.0,21.132,0.0,-3.16732120513916
15.54442548751831,0.0,21.131,0.0,-3.16860294342041
15.562586784362793,0.0,21.131,0.0,-3.168844699859619
15.604984521865845,0.0,21.127,0.0,-3.1689515113830566
15.63445258140564,0.0,21.148,0.0,-3.1698360443115234
15.666119813919067,0.0,21.148,0.0,-3.170520067214966
15.698829412460327,0.0,21.16,0.0,-3.171046257019043
15.730130672454834,0.0,21.123,0.0,-3.171889066696167
15.762299537658691,0.0,21.12,0.0,-3.171034097671509
15.796260595321655,0.0,21.129,0.0,-3.170240879058838
15.830920934677124,0.0,21.133,0.0,-3.1699864864349365
15.863616943359375,0.0,21.148,0.0,-3.1706039905548096
15.895457029342651,0.0,21.125,0.0,-3.1710805892944336
15.927477836608887,0.0,21.118,0.0,-3.170480251312256
15.958636999130249,0.0,21.116,0.0,-3.1690475940704346
15.991884231567383,0.0,21.132,0.0,-3.1680266857147217
16.023476362228394,0.0,21.142,0.0,-3.168419122695923
16.056848526000977,0.0,21.16,0.0,-3.170474052429199
16.087849617004395,0.0,21.165,0.0,-3.171708345413208
16.1196870803833,0.0,21.173,0.0,-3.1725738048553467
16.152011394500732,0.0,21.159,0.0,-3.173654556274414
16.184914350509644,0.0,21.17,0.0,-3.1745221614837646
16.216673612594604,0.0,21.16,0.0,-3.1745762825012207
16.247114658355713,0.0,21.162,0.0,-3.1750237941741943
16.273126363754272,0.0,21.164,0.0,-3.1750195026397705
16.310378551483154,0.0,21.158,0.0,-3.175124168395996
16.34227442741394,0.0,21.15,0.0,-3.174889326095581
16.37936758995056,0.0,21.162,0.0,-3.1743621826171875
16.413256406784058,0.0,21.162,0.0,-3.174440383911133
16.44364047050476,0.0,21.181,0.0,-3.1744940280914307
16.475908756256104,0.0,21.19,0.0,-3.1753265857696533
16.508201599121094,0.0,21.182,0.0,-3.176945686340332
16.539690732955933,0.0,21.163,0.0,-3.177232503890991
16.572746515274048,0.0,21.152,0.0,-3.1766421794891357
16.604487419128418,0.0,21.146,0.0,-3.1747312545776367
16.636237382888794,0.0,21.169,0.0,-3.1747665405273438
16.668314695358276,0.0,21.182,0.0,-3.174959659576416
16.700677394866943,0.0,21.203,0.0,-3.175652265548706
16.733298301696777,0.0,21.199,0.0,-3.177983283996582
16.76526188850403,0.0,21.196,0.0,-3.178555488586426
16.796905755996704,0.0,21.16,0.0,-3.177976608276367
16.82997703552246,0.0,21.148,0.0,-3.175753116607666
16.861108541488647,0.0,21.156,0.0,-3.175111770629883
16.893434762954712,0.0,21.151,0.0,-3.174405574798584
16.92564034461975,0.0,21.133,0.0,-3.1731481552124023
16.96454691886902,0.0,21.138,0.0,-3.171370267868042
17.00841760635376,0.0,21.158,0.0,-3.171605348587036
17.04705500602722,0.0,21.121,0.0,-3.172045946121216
17.079530954360962,0.0,21.148,0.0,-3.171055316925049
17.1125910282135,0.0,21.138,0.0,-3.171231746673584
17.144623279571533,0.0,21.164,0.0,-3.1709580421447754
17.175748825073242,0.0,21.153,0.0,-3.1718480587005615
17.20779800415039,0.0,21.144,0.0,-3.1718897819519043
17.239351272583008,0.0,21.175,0.0,-3.1725854873657227
17.271890878677368,0.0,21.166,0.0,-3.173588752746582
17.304049968719482,0.0,21.174,0.0,-3.1739864349365234
17.336748361587524,0.0,21.184,0.0,-3.175537347793579
17.368717908859253,0.0,21.181,0.0,-3.17543625831604
17.400412797927856,0.0,21.19,0.0,-3.1760215759277344
17.432778120040894,0.0,21.173,0.0,-3.176754951477051
17.473377466201782,0.0,21.169,0.0,-3.177640676498413
17.506102561950684,0.0,21.176,0.0,-3.176811456680298
17.537211418151855,0.0,21.166,0.0,-3.1768109798431396
17.572460174560547,0.0,21.165,0.0,-3.176382064819336
17.601454257965088,0.0,21.191,0.0,-3.176001787185669
17.63305425643921,0.0,21.188,0.0,-3.177361011505127
17.664621353149414,0.0,21.181,0.0,-3.1777076721191406
17.687849760055542,0.0,21.176,0.0,-3.177672863006592
17.72228717803955,0.0,21.16,0.0,-3.1774275302886963
17.762993574142456,0.0,21.145,0.0,-3.175377607345581
17.79509735107422,0.0,21.137,0.0,-3.174337863922119
17.82763123512268,0.0,21.151,0.0,-3.173201560974121
17.867836713790894,0.0,21.178,0.0,-3.1727089881896973
17.897402048110962,0.0,21.168,0.0,-3.1736910343170166
17.931745529174805,0.0,21.167,0.0,-3.174311399459839
17.963096618652344,0.0,21.164,0.0,-3.1744840145111084
17.991210460662842,0.0,21.174,0.0,-3.1744935512542725
18.021625995635986,0.0,21.159,0.0,-3.174922466278076
18.054728984832764,0.0,21.17,0.0,-3.1748576164245605
18.085832118988037,0.0,21.168,0.0,-3.174449920654297
18.118207931518555,0.0,21.18,0.0,-3.1746392250061035
18.150521516799927,0.0,21.182,0.0,-3.175290822982788
18.182515382766724,0.0,21.194,0.0,-3.176833391189575
18.214505434036255,0.0,21.206,0.0,-3.178070306777954
18.24650526046753,0.0,21.217,0.0,-3.1794795989990234
18.279628038406372,0.0,21.25,0.0,-3.1831448078155518
18.31195855140686,0.0,21.242,0.0,-3.1843974590301514
18.344229698181152,0.0,21.23,0.0,-3.1853373050689697
18.376483917236328,0.0,21.211,0.0,-3.1855292320251465
18.41347861289978,0.0,21.167,0.0,-3.183454990386963
18.441033363342285,0.0,21.182,0.0,-3.181347370147705
18.482017040252686,0.0,21.18,0.0,-3.179459571838379
18.512866973876953,0.0,21.204,0.0,-3.179536819458008
18.53029465675354,0.0,21.204,0.0,-3.179847478866577
18.561022520065308,0.0,21.205,0.0,-3.180128335952759
18.5933997631073,0.0,21.215,0.0,-3.18009090423584
18.62572956085205,0.0,21.213,0.0,-3.1807312965393066
18.657344579696655,0.0,21.208,0.0,-3.1812381744384766
18.689295530319214,0.0,21.204,0.0,-3.1811411380767822
18.721368074417114,0.0,21.162,0.0,-3.1792125701904297
18.75412392616272,0.0,21.161,0.0,-3.1778035163879395
18.785711765289307,0.0,21.177,0.0,-3.176487445831299
18.818280458450317,0.0,21.204,0.0,-3.1774861812591553
18.849864959716797,0.0,21.194,0.0,-3.17826771736145
18.881516933441162,100.0,21.2,100.0,-0.1786060333251953
18.914984464645386,100.0,21.22,100.0,2.221024990081787
18.94310450553894,100.0,21.227,100.0,4.139899253845215
18.98154902458191,100.0,21.224,100.0,6.903189659118652
19.013526678085327,100.0,21.207,100.0,7.885550498962402
19.0416100025177,100.0,21.192,100.0,8.672181129455566
19.072163105010986,100.0,21.173,100.0,9.302120208740234
19.10983157157898,100.0,21.145,100.0,10.211785316467285
19.16454291343689,100.0,21.338,100.0,10.79167366027832
19.195870637893677,100.0,21.409,100.0,10.991448402404785
19.227238178253174,100.0,21.452,100.0,11.14846134185791
19.259981632232666,100.0,21.48,100.0,11.370842933654785
19.291699171066284,100.0,21.509,100.0,11.448568344116211
19.323850393295288,100.0,21.705,100.0,11.506539344787598
19.356077909469604,100.0,21.768,100.0,11.549562454223633
19.38832187652588,100.0,21.88,100.0,11.603348731994629
19.420814752578735,100.0,21.99,100.0,11.616549491882324
19.451541900634766,100.0,22.441,100.0,11.612761497497559
19.48343276977539,100.0,22.522,100.0,11.603046417236328
19.51565909385681,100.0,22.599,100.0,11.59756088256836
19.54723882675171,100.0,22.723,100.0,11.590860366821289
19.591367721557617,100.0,23.138,100.0,11.566291809082031
19.631292819976807,100.0,23.32,100.0,11.523799896240234
19.663714170455933,100.0,23.623,100.0,11.499992370605469
19.696154594421387,100.0,23.797,100.0,11.476875305175781
19.72823143005371,100.0,24.041,100.0,11.452518463134766
19.760635375976562,100.0,24.219,100.0,11.395892143249512
19.79157543182373,100.0,24.535,100.0,11.367392539978027
19.82356882095337,100.0,24.69,100.0,11.340539932250977
19.864456176757812,100.0,24.945,100.0,11.284318923950195
19.912235021591187,100.0,25.463,100.0,11.21606159210205
19.938695192337036,100.0,25.63,100.0,11.182966232299805
19.973280429840088,100.0,25.864,100.0,11.154683113098145
20.003563404083252,100.0,26.065,100.0,11.12813663482666
20.029962062835693,100.0,26.317,100.0,11.100428581237793
20.073049783706665,100.0,26.579,100.0,11.03622055053711
20.09760594367981,100.0,27.038,100.0,10.992384910583496
20.129920721054077,100.0,27.53,100.0,10.949406623840332
20.161078929901123,100.0,27.793,100.0,10.876439094543457
20.19425082206726,100.0,28.032,100.0,10.842979431152344
20.226330757141113,100.0,28.214,100.0,10.808614730834961
20.258639335632324,100.0,28.65,100.0,10.742256164550781
20.291541576385498,100.0,28.911,100.0,10.709514617919922
20.322628021240234,100.0,29.206,100.0,10.67484188079834
20.354063510894775,100.0,29.491,100.0,10.637261390686035
20.386028051376343,100.0,29.759,100.0,10.557831764221191
20.420177936553955,100.0,30.298,100.0,10.516474723815918
20.452080965042114,100.0,30.546,100.0,10.475688934326172
20.48480463027954,100.0,30.831,100.0,10.394251823425293
20.518749713897705,100.0,31.3,100.0,10.354307174682617
20.549464225769043,100.0,31.583,100.0,10.315438270568848
20.5774142742157,100.0,31.838,100.0,10.275361061096191
20.61170792579651,100.0,32.139,100.0,10.194010734558105
20.647313594818115,100.0,32.487,100.0,10.149198532104492
20.676309823989868,100.0,32.98,100.0,10.106327056884766
20.70822286605835,100.0,33.221,100.0,10.024223327636719
20.740663290023804,100.0,33.749,100.0,9.972827911376953
20.771092891693115,100.0,34.056,100.0,9.922229766845703
20.80417561531067,100.0,34.677,100.0,9.872211456298828
20.836345434188843,100.0,34.953,100.0,9.79643440246582
20.868252754211426,100.0,35.251,100.0,9.756644248962402
20.900330305099487,100.0,35.518,100.0,9.71549129486084
20.931462287902832,100.0,35.774,100.0,9.67458724975586
20.96378493309021,100.0,36.292,100.0,9.594314575195312
20.996193885803223,100.0,36.588,100.0,9.554790496826172
21.020864009857178,100.0,36.918,100.0,9.513933181762695
21.046413898468018,100.0,37.267,100.0,9.47061824798584
21.07987332344055,100.0,37.584,100.0,9.42461109161377
21.11400818824768,100.0,37.869,100.0,9.331962585449219
21.14403533935547,100.0,38.374,100.0,9.287358283996582
21.178215503692627,100.0,38.655,100.0,9.245173454284668
21.211273908615112,100.0,38.977,100.0,9.159050941467285
21.24186420440674,100.0,39.284,100.0,9.114421844482422
21.276355504989624,100.0,39.905,100.0,9.06888198852539
21.295538663864136,100.0,39.905,100.0,9.02310848236084
21.32814621925354,100.0,40.511,100.0,8.977545738220215
21.360325813293457,100.0,41.101,100.0,8.873531341552734
21.392134428024292,100.0,41.389,100.0,8.818877220153809
21.423948764801025,100.0,41.696,100.0,8.766092300415039
21.456509113311768,100.0,42.325,100.0,8.727677345275879
21.487579822540283,100.0,42.641,100.0,8.645720481872559
21.520212411880493,100.0,42.914,100.0,8.602069854736328
21.552401542663574,100.0,43.199,100.0,8.55921459197998
21.58356809616089,100.0,43.44,100.0,8.51646614074707
21.616495847702026,100.0,44.007,100.0,8.435462951660156
21.647817373275757,100.0,44.321,100.0,8.39387035369873
21.679545164108276,100.0,44.66,100.0,8.350842475891113
21.715880155563354,100.0,45.31,100.0,8.259461402893066
21.736491441726685,100.0,45.31,100.0,8.2123384475708
21.766374826431274,100.0,45.644,100.0,8.164209365844727
21.79553246498108,100.0,46.286,100.0,8.115485191345215
21.82911252975464,100.0,46.546,100.0,8.067071914672852
21.859233617782593,100.0,46.813,100.0,7.976726055145264
21.891680002212524,100.0,47.099,100.0,7.932796478271484
21.93139410018921,100.0,47.763,100.0,7.887861728668213
21.96334719657898,100.0,48.102,100.0,7.792869567871094
21.99662208557129,100.0,48.426,100.0,7.744467735290527
22.014976978302002,100.0,48.736,100.0,7.69643497467041
22.04714870452881,100.0,49.413,100.0,7.633286952972412
22.076735258102417,100.0,49.775,100.0,7.571716785430908
22.112768411636353,100.0,50.448,100.0,7.454838752746582
22.142513275146484,100.0,50.748,100.0,7.41317081451416
22.17218589782715,100.0,51.076,100.0,7.370967864990234
22.20447325706482,100.0,51.414,100.0,7.327146530151367
22.237526416778564,100.0,52.124,100.0,7.2342071533203125
22.269388675689697,100.0,52.473,100.0,7.185046672821045
22.30058741569519,100.0,52.781,100.0,7.13492488861084
22.332555532455444,100.0,53.089,100.0,7.085787296295166
22.36397933959961,100.0,53.431,100.0,6.988216400146484
22.396120309829712,100.0,54.1,100.0,6.939590930938721
22.427098035812378,100.0,54.48,100.0,6.889610767364502
22.459028244018555,100.0,54.818,100.0,6.837581157684326
22.491974353790283,100.0,55.163,100.0,6.733754634857178
22.52327036857605,100.0,55.86,100.0,6.680418014526367
22.564411640167236,100.0,56.218,100.0,6.575558185577393
22.594276189804077,100.0,56.578,100.0,6.522319793701172
22.625267028808594,100.0,56.914,100.0,6.469698905944824
22.663198709487915,100.0,57.641,100.0,6.362771034240723
22.695525884628296,100.0,58.013,100.0,6.3082146644592285
22.717931270599365,100.0,58.749,100.0,6.237825393676758
22.761652946472168,100.0,59.427,100.0,6.109125137329102
22.793710470199585,100.0,59.823,100.0,6.047191619873047
22.824544191360474,100.0,60.214,100.0,5.985770225524902
22.856724739074707,100.0,60.619,100.0,5.924216270446777
22.888233184814453,100.0,61.422,100.0,5.829861164093018
22.92080307006836,100.0,61.777,100.0,5.778714179992676
22.952585220336914,100.0,62.162,100.0,5.727142333984375
22.984175443649292,100.0,62.497,100.0,5.673972129821777
23.017123460769653,100.0,63.257,100.0,5.567187786102295
23.048522472381592,100.0,63.61,100.0,5.5128960609436035
23.08045983314514,100.0,64.019,100.0,5.458961009979248
23.11235761642456,100.0,64.424,100.0,5.345490455627441
23.144800662994385,100.0,64.839,100.0,5.286518096923828
23.1793692111969,100.0,65.617,100.0,5.2274346351623535
23.2159743309021,100.0,65.94,100.0,5.112063407897949
23.24325919151306,100.0,66.305,100.0,5.056138038635254
23.275984048843384,100.0,66.717,100.0,4.99853515625
23.30768847465515,100.0,67.557,100.0,4.940649032592773
23.347405910491943,100.0,68.365,100.0,4.801905632019043
23.37985873222351,100.0,68.821,100.0,4.725496768951416
23.405266523361206,100.0,69.194,100.0,4.653847694396973
23.440232276916504,100.0,70.023,100.0,4.533727645874023
23.470458030700684,100.0,70.407,100.0,4.480316162109375
23.516955852508545,100.0,71.274,100.0,4.369117736816406
23.568350076675415,100.0,72.103,100.0,4.249827861785889
23.599688291549683,100.0,72.491,100.0,4.189168930053711
23.63187289237976,100.0,72.882,100.0,4.129110813140869
23.665228605270386,100.0,73.301,100.0,4.008777618408203
23.696886777877808,100.0,74.203,100.0,3.947587013244629
23.72797179222107,100.0,74.629,100.0,3.8830208778381348
23.760250329971313,100.0,75.023,100.0,3.818375825881958
23.78332757949829,100.0,75.436,100.0,3.7550346851348877
23.819786548614502,100.0,75.822,100.0,3.630122423171997
23.847026109695435,100.0,76.255,100.0,3.5673789978027344
23.873507976531982,100.0,76.679,100.0,3.5042896270751953
23.90856909751892,100.0,77.52,100.0,3.441317081451416
23.94167733192444,100.0,77.904,100.0,3.3161466121673584
23.979941844940186,100.0,79.105,100.0,3.2386255264282227
24.012059688568115,100.0,79.526,100.0,3.164504051208496
24.04433560371399,100.0,79.953,100.0,3.0229036808013916
24.075680017471313,100.0,80.406,100.0,2.953200340270996
24.109698057174683,100.0,80.818,100.0,2.9027318954467773
24.1451153755188,100.0,81.66,100.0,2.7945706844329834
24.171928644180298,100.0,82.045,100.0,2.737544059753418
24.211683750152588,100.0,82.439,100.0,2.680588483810425
24.243534088134766,100.0,83.26,100.0,2.564662218093872
24.273937702178955,100.0,83.682,100.0,2.5057077407836914
24.30705451965332,100.0,84.089,100.0,2.4456470012664795
24.34097146987915,100.0,84.501,100.0,2.3246748447418213
24.370069980621338,100.0,84.923,100.0,2.2632694244384766
24.401400804519653,100.0,85.717,100.0,2.202605724334717
24.429786205291748,100.0,86.109,100.0,2.14201283454895
24.462297916412354,100.0,86.548,100.0,2.0819365978240967
24.49376940727234,100.0,87.0,100.0,1.9568660259246826
24.525870323181152,100.0,87.432,100.0,1.8929293155670166
24.556174278259277,100.0,88.303,100.0,1.8276371955871582
24.579551935195923,100.0,88.719,100.0,1.7629458904266357
24.61703658103943,100.0,89.119,100.0,1.6355739831924438
24.643682956695557,100.0,89.506,100.0,1.5737807750701904
24.67541480064392,100.0,90.35,100.0,1.5420982837677002
24.70624089241028,100.0,90.802,100.0,1.5493085384368896
24.746790885925293,100.0,91.659,100.0,1.6445118188858032
24.779096841812134,100.0,92.057,100.0,1.7202686071395874
24.810404777526855,100.0,92.479,100.0,1.8259294033050537
24.845921516418457,100.0,93.265,100.0,2.047011613845825
24.89011573791504,100.0,94.131,100.0,2.264817953109741
24.91999578475952,100.0,94.592,100.0,2.366642475128174
24.951959371566772,100.0,95.009,100.0,2.460723876953125
24.997369050979614,100.0,95.834,100.0,2.6294684410095215
25.02979350090027,100.0,96.231,100.0,2.702519416809082
25.046656608581543,100.0,96.231,100.0,2.7681260108947754
25.07698345184326,100.0,97.092,100.0,2.82423734664917
25.114521265029907,100.0,97.526,100.0,2.870511293411255
25.146045207977295,100.0,97.968,100.0,2.9322361946105957
25.177905559539795,100.0,98.854,100.0,2.947258710861206
25.2098605632782,100.0,99.279,100.0,2.951301097869873
25.242310285568237,100.0,100.18,100.0,2.9069759845733643
25.27418804168701,100.0,100.18,100.0,2.881011486053467
25.305335998535156,100.0,101.061,100.0,2.8230299949645996
25.331825971603394,100.0,101.503,100.0,2.7561964988708496
25.363288402557373,100.0,102.354,100.0,2.680365800857544
25.39510464668274,100.0,102.761,100.0,2.5031328201293945
25.427379369735718,100.0,103.203,100.0,2.420459508895874
25.45923376083374,100.0,103.622,100.0,2.3246219158172607
25.491268634796143,100.0,104.494,100.0,2.217174768447876
25.53043246269226,100.0,104.913,100.0,1.966745376586914
25.563124895095825,100.0,105.345,100.0,1.8242628574371338
25.612046480178833,100.0,106.245,100.0,1.5043468475341797
25.644653797149658,100.0,106.655,100.0,1.138824224472046
25.672019720077515,100.0,107.07,100.0,0.9409168362617493
25.703758239746094,100.0,107.886,100.0,0.7334376573562622
25.73622727394104,100.0,108.319,100.0,0.5156056880950928
25.76835870742798,100.0,108.793,100.0,0.04450753331184387
25.79869771003723,100.0,109.263,100.0,-0.210121750831604
25.83189582824707,100.0,110.119,100.0,-0.44460898637771606
25.86357355117798,100.0,111.008,100.0,-0.6448246240615845
25.897371292114258,100.0,111.468,100.0,-0.9516206979751587
25.927295446395874,100.0,111.921,100.0,-1.0724796056747437
25.95908761024475,100.0,112.342,100.0,-1.1830976009368896
25.99169659614563,100.0,112.747,100.0,-1.3768420219421387
26.025296926498413,100.0,113.608,100.0,-1.4642159938812256
26.056427240371704,100.0,114.015,100.0,-1.546848177909851
26.081128120422363,100.0,114.443,100.0,-1.6249439716339111
26.1126766204834,100.0,114.86,100.0,-1.7003037929534912
26.145321369171143,100.0,115.311,100.0,-1.8450360298156738
26.177356243133545,100.0,116.184,100.0,-1.9153082370758057
26.20945405960083,100.0,116.634,100.0,-1.9853086471557617
26.23575448989868,100.0,117.046,100.0,-2.055072784423828
26.27956223487854,100.0,117.941,100.0,-2.1923940181732178
26.313761711120605,100.0,118.356,100.0,-2.2601141929626465
26.34420871734619,100.0,118.771,100.0,-2.3919405937194824
26.376675128936768,100.0,119.205,100.0,-2.4573445320129395
26.40841054916382,100.0,120.561,100.0,-2.524430274963379
26.442241430282593,100.0,121.0,100.0,-2.6910085678100586
26.472002744674683,100.0,121.425,100.0,-2.7680282592773438
26.513224124908447,100.0,122.275,100.0,-2.841561794281006
26.545746564865112,100.0,122.687,100.0,-2.9818568229675293
26.576729774475098,100.0,123.109,100.0,-3.049224853515625
26.613545179367065,100.0,123.547,100.0,-3.097691297531128
26.64621639251709,100.0,124.428,100.0,-3.206517219543457
26.67843770980835,100.0,124.864,100.0,-3.2641098499298096
26.709521055221558,100.0,125.299,100.0,-3.3234987258911133
26.74622416496277,100.0,125.746,100.0,-3.446611166000366
26.77284288406372,100.0,126.642,100.0,-3.511115789413452
26.812811851501465,100.0,127.093,100.0,-3.5755343437194824
26.84491777420044,100.0,127.511,100.0,-3.7055673599243164
26.87706470489502,100.0,127.943,100.0,-3.7703158855438232
26.909027814865112,100.0,128.789,100.0,-3.835444927215576
26.94675612449646,100.0,129.21,100.0,-3.9631893634796143
26.981199026107788,100.0,130.056,100.0,-4.0260009765625
27.00716805458069,100.0,130.056,100.0,-4.089757919311523
27.04817247390747,100.0,131.304,100.0,-4.2469072341918945
27.07967233657837,100.0,131.667,100.0,-4.31790018081665
27.107853889465332,100.0,132.093,100.0,-4.3871588706970215
27.149088859558105,100.0,132.941,100.0,-4.52130126953125
27.180062294006348,100.0,133.419,100.0,-4.589463710784912
27.211464643478394,100.0,133.867,100.0,-4.638627052307129
27.245201349258423,100.0,134.736,100.0,-4.747682094573975
27.275765657424927,100.0,135.17,100.0,-4.805889129638672
27.308376789093018,100.0,135.603,100.0,-4.865730285644531
27.339690923690796,100.0,136.033,100.0,-4.926815986633301
27.37253189086914,100.0,136.439,100.0,-5.050324440002441
27.404869318008423,100.0,137.291,100.0,-5.113016128540039
27.43732762336731,100.0,137.704,100.0,-5.175491809844971
27.47924304008484,100.0,138.545,100.0,-5.300978183746338
27.510972499847412,100.0,138.998,100.0,-5.363451957702637
27.54361891746521,100.0,139.459,100.0,-5.427443027496338
27.575899124145508,100.0,139.875,100.0,-5.557692527770996
27.6081862449646,100.0,140.299,100.0,-5.622208118438721
27.64053225517273,100.0,141.53,100.0,-5.702689170837402
27.673072338104248,100.0,141.953,100.0,-5.852743148803711
27.71276021003723,100.0,142.755,100.0,-5.923095703125
27.74562692642212,100.0,143.196,100.0,-6.057872772216797
27.7713623046875,100.0,143.614,100.0,-6.12387228012085
27.804043531417847,100.0,144.037,100.0,-6.171375751495361
27.835500717163086,100.0,144.439,100.0,-6.222377300262451
27.871882438659668,100.0,144.8,100.0,-6.327936172485352
27.899767875671387,100.0,145.643,100.0,-6.382655143737793
27.93134593963623,100.0,146.073,100.0,-6.439716815948486
27.963847398757935,100.0,146.512,100.0,-6.4986042976379395
27.994747161865234,100.0,146.913,100.0,-6.619823455810547
28.026529550552368,100.0,147.728,100.0,-6.68094539642334
28.0590980052948,100.0,148.097,100.0,-6.741580486297607
28.090856790542603,100.0,148.508,100.0,-6.80070686340332
28.11346197128296,100.0,148.896,100.0,-6.860435962677002
28.14361596107483,100.0,149.307,100.0,-6.919661521911621
28.176344871520996,100.0,149.756,100.0,-7.04134464263916
28.207526683807373,100.0,150.587,100.0,-7.103577613830566
28.240055084228516,100.0,151.01,100.0,-7.165722846984863
28.27316427230835,100.0,151.401,100.0,-7.289851665496826
28.29818892478943,100.0,152.214,100.0,-7.36832332611084
28.32932162284851,100.0,152.646,100.0,-7.44386100769043
28.360081911087036,100.0,153.064,100.0,-7.516474723815918
28.39948558807373,100.0,153.869,100.0,-7.652961254119873
28.430188417434692,100.0,154.263,100.0,-7.7182793617248535
28.45467972755432,100.0,154.673,100.0,-7.765350341796875
28.49867844581604,100.0,155.499,100.0,-7.8688883781433105
28.52816390991211,100.0,155.905,100.0,-7.923661231994629
28.560264587402344,100.0,156.325,100.0,-7.979792594909668
28.59312152862549,100.0,156.723,100.0,-8.037574768066406
28.645260334014893,100.0,157.538,100.0,-8.15369701385498
28.677136659622192,100.0,158.371,100.0,-8.272953033447266
28.7093346118927,100.0,158.799,100.0,-8.334095001220703
28.74198269844055,100.0,159.171,100.0,-8.396142959594727
28.7739315032959,100.0,159.596,100.0,-8.517857551574707
28.805525302886963,100.0,160.394,100.0,-8.578019142150879
28.837937355041504,100.0,160.841,100.0,-8.638877868652344
28.8697509765625,100.0,161.245,100.0,-8.701493263244629
28.901753425598145,100.0,161.662,100.0,-8.825998306274414
28.934237957000732,100.0,162.068,100.0,-8.888021469116211
28.96303129196167,100.0,163.318,100.0,-8.949782371520996
28.998579502105713,100.0,163.755,100.0,-9.1066312789917
29.02833580970764,100.0,164.206,100.0,-9.181685447692871
29.06048846244812,100.0,164.612,100.0,-9.253369331359863
29.091280460357666,100.0,165.488,100.0,-9.324563026428223
29.117250680923462,100.0,165.857,100.0,-9.393745422363281
29.146169185638428,100.0,166.264,100.0,-9.49448299407959
29.17775869369507,100.0,166.638,100.0,-9.547394752502441
29.210520267486572,100.0,167.026,100.0,-9.600662231445312
29.250967025756836,100.0,167.865,100.0,-9.711197853088379
29.280346632003784,100.0,168.3,100.0,-9.76899528503418
29.312646627426147,100.0,168.727,100.0,-9.828702926635742
29.343740224838257,100.0,169.181,100.0,-9.889571189880371
29.37618660926819,100.0,169.619,100.0,-10.01626968383789
29.407733917236328,100.0,170.462,100.0,-10.079910278320312
29.440873622894287,100.0,170.882,100.0,-10.14371395111084
29.47299337387085,100.0,171.311,100.0,-10.271410942077637
29.511160135269165,100.0,172.152,100.0,-10.335042953491211
29.542414665222168,100.0,172.971,100.0,-10.398836135864258
29.574270248413086,100.0,173.41,100.0,-10.556551933288574
29.60602569580078,100.0,173.803,100.0,-10.629423141479492
29.638710021972656,100.0,174.655,100.0,-10.699917793273926
29.677561044692993,100.0,175.086,100.0,-10.837274551391602
29.710702180862427,100.0,175.525,100.0,-10.90489387512207
29.74239706993103,100.0,176.353,100.0,-10.971400260925293
29.774564504623413,100.0,176.731,100.0,-11.083078384399414
29.814366817474365,100.0,177.17,100.0,-11.131609916687012
29.850886344909668,100.0,177.586,100.0,-11.238912582397461
29.880110263824463,100.0,178.415,100.0,-11.294393539428711
29.909440994262695,100.0,178.814,100.0,-11.3523588180542
29.94287872314453,100.0,179.249,100.0,-11.410659790039062
29.974227905273438,100.0,179.669,100.0,-11.531610488891602
30.005615711212158,100.0,180.495,100.0,-11.592809677124023
30.03077459335327,100.0,180.871,100.0,-11.654180526733398
30.06193780899048,100.0,181.276,100.0,-11.714179039001465
30.094207286834717,100.0,181.674,100.0,-11.774336814880371
30.12987184524536,100.0,182.075,100.0,-11.894299507141113
30.156808614730835,100.0,182.471,100.0,-11.954066276550293
30.189040422439575,100.0,183.725,100.0,-12.014731407165527
30.220797538757324,100.0,184.123,100.0,-12.093375205993652
30.253150701522827,100.0,184.506,100.0,-12.23780632019043
30.284865617752075,100.0,184.912,100.0,-12.288713455200195
30.316781044006348,100.0,185.299,100.0,-12.341774940490723
30.34965991973877,100.0,186.124,100.0,-12.45097541809082
30.3781521320343,100.0,186.534,100.0,-12.508312225341797
30.410583972930908,100.0,186.952,100.0,-12.566637992858887
30.443771600723267,100.0,187.369,100.0,-12.626076698303223
30.476844310760498,100.0,188.181,100.0,-12.7468900680542
30.5082790851593,100.0,188.597,100.0,-12.80743408203125
30.530524253845215,100.0,189.005,100.0,-12.868511199951172
30.563559770584106,100.0,189.366,100.0,-12.929652214050293
30.59982919692993,100.0,189.748,100.0,-13.047491073608398
30.629001140594482,100.0,190.109,100.0,-13.104768753051758
30.660741806030273,100.0,190.933,100.0,-13.162912368774414
30.69393253326416,100.0,191.327,100.0,-13.222236633300781
30.725053787231445,100.0,192.106,100.0,-13.356790542602539
30.757692337036133,100.0,192.488,100.0,-13.427865028381348
30.789016723632812,100.0,192.889,100.0,-13.496397972106934
30.825098991394043,100.0,193.674,100.0,-13.627537727355957
30.852964162826538,100.0,194.049,100.0,-13.689553260803223
30.879995822906494,100.0,194.422,100.0,-13.749845504760742
30.91254234313965,100.0,194.781,100.0,-13.793144226074219
30.944188117980957,100.0,195.147,100.0,-13.838418960571289
30.977001428604126,100.0,195.917,100.0,-13.93537425994873
31.007545471191406,100.0,196.289,100.0,-13.986587524414062
31.03898859024048,100.0,196.687,100.0,-14.03872299194336
31.064807891845703,100.0,197.051,100.0,-14.09268856048584
31.097214698791504,100.0,197.414,100.0,-14.146649360656738
31.125600576400757,100.0,197.803,100.0,-14.255597114562988
31.155537605285645,100.0,198.554,100.0,-14.311164855957031
31.196333646774292,100.0,198.961,100.0,-14.366621971130371
31.2271409034729,100.0,199.346,100.0,-14.480795860290527
31.26254940032959,100.0,200.079,100.0,-14.53697395324707
31.286362171173096,100.0,200.44,100.0,-14.593239784240723
31.31194281578064,100.0,201.15,100.0,-14.648900985717773
31.342906713485718,100.0,201.518,100.0,-14.718748092651367
31.375027418136597,100.0,201.877,100.0,-14.848556518554688
31.412983179092407,100.0,202.267,100.0,-14.91083812713623
31.4460346698761,100.0,202.997,100.0,-14.972054481506348
31.47711491584778,100.0,203.37,100.0,-15.088675498962402
31.5088894367218,100.0,203.726,100.0,-15.145285606384277
31.540785551071167,100.0,204.054,100.0,-15.19970417022705
31.563668251037598,100.0,204.444,100.0,-15.255051612854004
31.595560789108276,100.0,204.769,100.0,-15.308402061462402
31.628209590911865,100.0,205.49,100.0,-15.387704849243164
31.660025119781494,100.0,205.831,100.0,-15.432159423828125
31.693105459213257,100.0,206.233,100.0,-15.477933883666992
31.726996660232544,100.0,206.595,100.0,-15.577866554260254
31.763405084609985,100.0,207.29,100.0,-15.62833023071289
31.79662799835205,100.0,207.602,100.0,-15.679466247558594
31.82734179496765,100.0,207.976,100.0,-15.780696868896484
31.85868787765503,100.0,208.651,100.0,-15.832508087158203
31.89159059524536,100.0,209.015,100.0,-15.883245468139648
31.92009711265564,100.0,209.328,100.0,-15.93497085571289
31.961504459381104,100.0,210.015,100.0,-16.0346622467041
31.98956847190857,100.0,210.338,100.0,-16.085702896118164
32.017165660858154,100.0,210.698,100.0,-16.135961532592773
32.06024217605591,100.0,211.075,100.0,-16.23986053466797
32.092774391174316,100.0,212.117,100.0,-16.308284759521484
32.13090419769287,100.0,212.459,100.0,-16.432273864746094
32.160195112228394,100.0,212.762,100.0,-16.488956451416016
32.19283890724182,100.0,213.418,100.0,-16.542325973510742
32.22505736351013,100.0,213.742,100.0,-16.5958194732666
32.262943267822266,100.0,214.082,100.0,-16.69956398010254
32.29601192474365,100.0,214.719,100.0,-16.749906539916992
32.32970213890076,100.0,215.062,100.0,-16.824508666992188
32.377480030059814,100.0,215.78,100.0,-16.909074783325195
32.41475462913513,100.0,216.14,100.0,-16.95607566833496
32.4390811920166,100.0,216.459,100.0,-17.004867553710938
32.476874589920044,100.0,216.801,100.0,-17.102516174316406
32.504159927368164,100.0,217.374,100.0,-17.149578094482422
32.53846073150635,100.0,217.699,100.0,-17.195716857910156
32.572198152542114,100.0,218.036,100.0,-17.242412567138672
32.60737729072571,100.0,218.416,100.0,-17.340242385864258
32.64129376411438,100.0,219.058,100.0,-17.389291763305664
32.68163752555847,100.0,219.484,100.0,-17.49220085144043
32.7139835357666,100.0,220.876,100.0,-17.54303741455078
32.75485968589783,100.0,221.631,100.0,-17.71930503845215
32.787264585494995,100.0,222.424,100.0,-17.821861267089844
32.82947564125061,100.0,223.512,100.0,-18.024463653564453
32.862468957901,100.0,223.777,100.0,-18.10508155822754
32.89908742904663,100.0,224.538,100.0,-18.179636001586914
32.930270195007324,100.0,224.87,100.0,-18.301044464111328
32.96325755119324,100.0,224.949,100.0,-18.350889205932617
32.98667669296265,100.0,224.69,100.0,-18.389307022094727
33.020756483078,100.0,224.49,100.0,-18.40477180480957
33.046286821365356,100.0,224.277,100.0,-18.40510368347168
33.080642223358154,100.0,224.692,100.0,-18.383668899536133
33.1105899810791,100.0,225.026,100.0,-18.388893127441406
33.152194023132324,100.0,225.353,100.0,-18.428239822387695
33.17599105834961,100.0,225.608,100.0,-18.455081939697266
33.20431876182556,100.0,225.9,100.0,-18.48601531982422
33.246519565582275,100.0,226.478,100.0,-18.52031707763672
33.27070164680481,100.0,226.829,100.0,-18.556659698486328
33.31236243247986,100.0,227.113,100.0,-18.638967514038086
33.3481810092926,100.0,227.687,100.0,-18.681106567382812
33.3898823261261,100.0,228.607,100.0,-18.780038833618164
33.420250415802,100.0,228.906,100.0,-18.834638595581055
33.454654693603516,100.0,229.212,100.0,-18.938583374023438
33.48749256134033,100.0,229.52,100.0,-18.988954544067383
33.52092695236206,100.0,230.096,100.0,-19.037004470825195
33.54716396331787,100.0,230.399,100.0,-19.08466148376465
33.58082389831543,100.0,230.647,100.0,-19.176509857177734
33.613290309906006,100.0,230.963,100.0,-19.208648681640625
33.643476724624634,100.0,231.291,100.0,-19.24444580078125
33.6717095375061,100.0,231.581,100.0,-19.283613204956055
33.71312475204468,100.0,232.236,100.0,-19.367931365966797
33.733521461486816,100.0,232.525,100.0,-19.41201400756836
33.77258586883545,100.0,232.824,100.0,-19.455976486206055
33.80848169326782,100.0,233.405,100.0,-19.54462242126465
33.82887101173401,100.0,233.405,100.0,-19.58865737915039
33.86526584625244,100.0,233.995,100.0,-19.633525848388672
33.89697742462158,100.0,234.266,100.0,-19.6776065826416
33.9301495552063,100.0,234.563,100.0,-19.764339447021484
33.954548835754395,100.0,234.819,100.0,-19.806474685668945
33.98710799217224,100.0,235.122,100.0,-19.849483489990234
34.02984023094177,100.0,235.961,100.0,-19.946767807006836
34.06436896324158,100.0,236.228,100.0,-19.997499465942383
34.10040736198425,100.0,236.794,100.0,-20.045591354370117
34.138264656066895,100.0,237.089,100.0,-20.139610290527344
34.17059135437012,100.0,237.667,100.0,-20.184879302978516
34.20618152618408,100.0,237.972,100.0,-20.275598526000977
34.2381272315979,100.0,238.28,100.0,-20.321266174316406
34.27136206626892,100.0,238.599,100.0,-20.35418128967285
34.296459674835205,100.0,238.883,100.0,-20.390649795532227
34.333173751831055,100.0,239.477,100.0,-20.46756362915039
34.35769462585449,100.0,239.751,100.0,-20.50824546813965
34.38899374008179,100.0,240.046,100.0,-20.548927307128906
34.430235147476196,100.0,240.85,100.0,-20.63124656677246
34.46304225921631,100.0,241.721,100.0,-20.683382034301758
34.49056148529053,100.0,242.51,100.0,-20.757999420166016
34.522889375686646,100.0,243.287,100.0,-20.846477508544922
34.5468225479126,100.0,243.796,100.0,-20.945035934448242
34.597289085388184,100.0,244.255,100.0,-21.1184139251709
34.62946105003357,100.0,244.538,100.0,-21.249691009521484
34.6637167930603,100.0,245.123,100.0,-21.30678939819336
34.68887400627136,100.0,245.418,100.0,-21.36037254333496
34.72346520423889,100.0,245.751,100.0,-21.411123275756836
34.749505281448364,100.0,246.042,100.0,-21.461299896240234
34.77937412261963,100.0,245.767,100.0,-21.531850814819336
34.81018877029419,100.0,245.48,100.0,-21.53432846069336
34.84688353538513,100.0,245.176,100.0,-21.520801544189453
34.8799364566803,100.0,245.424,100.0,-21.50570297241211
34.91193342208862,100.0,245.64,100.0,-21.511098861694336
34.9367835521698,100.0,245.894,100.0,-21.523962020874023
34.97241568565369,100.0,246.175,100.0,-21.532045364379883
35.01190376281738,100.0,246.784,100.0,-21.571605682373047
35.046953439712524,100.0,247.051,100.0,-21.601152420043945
35.079997062683105,100.0,247.541,100.0,-21.667613983154297
35.11412858963013,100.0,247.757,100.0,-21.702285766601562
35.14081001281738,100.0,248.048,100.0,-21.73651885986328
35.17549157142639,100.0,248.28,100.0,-21.77353858947754
35.209604263305664,100.0,248.54,100.0,-21.847814559936523
35.24637031555176,100.0,249.013,100.0,-21.885828018188477
35.28165340423584,100.0,249.301,100.0,-21.961515426635742
35.31210780143738,100.0,249.582,100.0,-22.001562118530273
35.364465951919556,100.0,250.103,100.0,-22.082143783569336
35.405378341674805,100.0,250.822,100.0,-22.169519424438477
35.44121527671814,100.0,251.105,100.0,-22.217124938964844
35.46949052810669,100.0,251.697,100.0,-22.26467514038086
35.507261753082275,100.0,251.976,100.0,-22.35764503479004
35.53151226043701,100.0,252.208,100.0,-22.400909423828125
35.56341505050659,100.0,252.422,100.0,-22.441267013549805
35.614052295684814,100.0,252.886,100.0,-22.50722885131836
35.64635610580444,100.0,253.153,100.0,-22.536697387695312
35.687403440475464,100.0,253.691,100.0,-22.602685928344727
35.72000598907471,100.0,253.934,100.0,-22.638303756713867
35.75662660598755,100.0,254.379,100.0,-22.708599090576172
35.787230253219604,100.0,254.603,100.0,-22.743194580078125
35.81651043891907,100.0,254.842,100.0,-22.777402877807617
35.84720253944397,100.0,255.133,100.0,-22.81194496154785
35.89739465713501,100.0,255.599,100.0,-22.885616302490234
35.92644762992859,100.0,255.819,100.0,-22.92161750793457
35.96260404586792,100.0,256.031,100.0,-22.990903854370117
35.995898723602295,100.0,256.514,100.0,-23.025371551513672
36.02285051345825,100.0,256.962,100.0,-23.06039810180664
36.0465943813324,100.0,257.193,100.0,-23.104385375976562
36.07813739776611,100.0,257.434,100.0,-23.146175384521484
36.13005208969116,100.0,257.934,100.0,-23.265302658081055
36.16004753112793,100.0,258.162,100.0,-23.303415298461914
36.19000291824341,100.0,258.398,100.0,-23.34080696105957
36.2260479927063,100.0,258.892,100.0,-23.37885284423828
36.26393914222717,100.0,259.135,100.0,-23.452730178833008
36.295759439468384,100.0,259.404,100.0,-23.479219436645508
36.32748627662659,100.0,259.629,100.0,-23.50902557373047
36.36553621292114,100.0,260.117,100.0,-23.571250915527344
36.39475870132446,100.0,260.323,100.0,-23.60438346862793
36.43273878097534,100.0,260.563,100.0,-23.67001724243164
36.46089291572571,100.0,261.017,100.0,-23.704280853271484
36.49330925941467,100.0,261.244,100.0,-23.737567901611328
36.525338888168335,100.0,261.473,100.0,-23.77098274230957
36.55709910392761,100.0,261.695,100.0,-23.838058471679688
36.58932852745056,100.0,262.203,100.0,-23.873600006103516
36.61395740509033,100.0,262.203,100.0,-23.90907096862793
36.645572662353516,100.0,262.719,100.0,-23.944988250732422
36.676011085510254,100.0,262.957,100.0,-23.982254028320312
36.708603382110596,100.0,263.361,100.0,-24.062896728515625
36.74808621406555,100.0,263.75,100.0,-24.101388931274414
36.779396533966064,100.0,263.998,100.0,-24.138988494873047
36.81319499015808,100.0,264.29,100.0,-24.215965270996094
36.85781383514404,100.0,264.772,100.0,-24.294025421142578
36.882192850112915,100.0,265.018,100.0,-24.33154296875
36.91389560699463,100.0,265.234,100.0,-24.358596801757812
36.94490098953247,100.0,265.402,100.0,-24.386642456054688
36.972501039505005,100.0,265.602,100.0,-24.413480758666992
37.005550146102905,100.0,266.007,100.0,-24.467905044555664
37.03186321258545,100.0,266.248,100.0,-24.496192932128906
37.06590509414673,100.0,266.516,100.0,-24.52639389038086
37.10801458358765,100.0,266.772,100.0,-24.593597412109375
37.14185333251953,100.0,267.243,100.0,-24.627140045166016
37.185139179229736,100.0,267.466,100.0,-24.697174072265625
37.24675250053406,100.0,268.037,100.0,-24.763469696044922
37.27863645553589,100.0,268.248,100.0,-24.793991088867188
37.30145311355591,100.0,268.488,100.0,-24.824676513671875
37.328343629837036,100.0,268.717,100.0,-24.856718063354492
37.36003232002258,100.0,269.202,100.0,-24.933204650878906
37.392130851745605,100.0,269.446,100.0,-24.9755802154541
37.423834800720215,100.0,269.903,100.0,-25.01724624633789
37.46384024620056,100.0,270.114,100.0,-25.09315299987793
37.489396810531616,100.0,270.307,100.0,-25.128028869628906
37.52809143066406,100.0,270.741,100.0,-25.161638259887695
37.55888557434082,100.0,270.954,100.0,-25.21225357055664
37.582825899124146,100.0,270.954,100.0,-25.23987579345703
37.6123366355896,100.0,271.373,100.0,-25.26885414123535
37.64369225502014,100.0,271.589,100.0,-25.29768180847168
37.67614269256592,100.0,271.815,100.0,-25.32729148864746
37.708242416381836,100.0,272.001,100.0,-25.38772964477539
37.7397518157959,100.0,272.41,100.0,-25.41819953918457
37.78402376174927,100.0,272.615,100.0,-25.47807502746582
37.81230688095093,100.0,272.824,100.0,-25.508352279663086
37.845810651779175,100.0,273.298,100.0,-25.539945602416992
37.885316133499146,100.0,273.532,100.0,-25.606216430664062
37.9268114566803,100.0,273.963,100.0,-25.639528274536133
37.953155755996704,100.0,274.305,100.0,-25.672576904296875
37.992480993270874,100.0,274.489,100.0,-25.74634552001953
38.024126291275024,100.0,274.883,100.0,-25.77911949157715
38.065704584121704,100.0,275.134,100.0,-25.846677780151367
38.09709072113037,100.0,275.369,100.0,-25.881420135498047
38.126532793045044,100.0,275.763,100.0,-25.91522789001465
38.15886306762695,100.0,275.96,100.0,-25.97890281677246
38.19236755371094,100.0,276.188,100.0,-26.001461029052734
38.22055649757385,100.0,276.39,100.0,-26.02674674987793
38.25952768325806,100.0,276.721,100.0,-26.07866096496582
38.288832664489746,100.0,276.89,100.0,-26.103797912597656
38.33115077018738,100.0,277.115,100.0,-26.128700256347656
38.363593101501465,100.0,277.548,100.0,-26.18472671508789
38.39842414855957,100.0,277.743,100.0,-26.21411895751953
38.436062812805176,100.0,277.917,100.0,-26.271852493286133
38.45955419540405,100.0,278.101,100.0,-26.299962997436523
38.497387170791626,100.0,278.51,100.0,-26.32973861694336
38.5166540145874,100.0,278.704,100.0,-26.35875129699707
38.55455684661865,100.0,278.917,100.0,-26.38776397705078
38.5911910533905,100.0,279.087,100.0,-26.446186065673828
38.61595797538757,100.0,279.298,100.0,-26.475605010986328
38.64448380470276,100.0,279.712,100.0,-26.51417350769043
38.676578998565674,100.0,280.119,100.0,-26.551528930664062
38.709588289260864,100.0,280.327,100.0,-26.62112808227539
38.741787910461426,100.0,280.509,100.0,-26.653684616088867
38.77314567565918,100.0,280.682,100.0,-26.68446159362793
38.7979896068573,100.0,280.864,100.0,-26.714237213134766
38.828834533691406,100.0,281.231,100.0,-26.743497848510742
38.86132764816284,100.0,281.447,100.0,-26.80143165588379
38.89379024505615,100.0,281.659,100.0,-26.82256507873535
38.92493438720703,100.0,281.841,100.0,-26.84619140625
38.95888662338257,100.0,282.224,100.0,-26.896753311157227
38.995041370391846,100.0,282.395,100.0,-26.922588348388672
39.027634382247925,100.0,282.6,100.0,-26.94820785522461
39.05910778045654,100.0,282.762,100.0,-27.00118637084961
39.09087824821472,100.0,283.152,100.0,-27.02841567993164
39.135977029800415,100.0,283.283,100.0,-27.08094024658203
39.161627531051636,100.0,283.465,100.0,-27.106550216674805
39.19288730621338,100.0,283.869,100.0,-27.13347816467285
39.23198652267456,100.0,284.11,100.0,-27.161184310913086
39.263381004333496,100.0,284.27,100.0,-27.21974754333496
39.29738903045654,100.0,284.595,100.0,-27.2474365234375
39.338032484054565,100.0,284.964,100.0,-27.308320999145508
39.36320614814758,100.0,285.114,100.0,-27.33976936340332
39.39306926727295,100.0,285.3,100.0,-27.370391845703125
39.42823600769043,100.0,285.644,100.0,-27.399354934692383
39.463658571243286,100.0,285.859,100.0,-27.457414627075195
39.4975790977478,100.0,286.067,100.0,-27.487470626831055
39.514177560806274,100.0,286.257,100.0,-27.517160415649414
39.55514311790466,100.0,286.635,100.0,-27.547399520874023
39.579710721969604,100.0,286.635,100.0,-27.569244384765625
39.612815141677856,100.0,287.017,100.0,-27.615474700927734
39.646008253097534,100.0,287.191,100.0,-27.640464782714844
39.672278881073,100.0,287.379,100.0,-27.665620803833008
39.70449924468994,100.0,287.529,100.0,-27.691509246826172
39.74652123451233,100.0,287.866,100.0,-27.740785598754883
39.77096247673035,100.0,288.068,100.0,-27.765743255615234
39.79758930206299,100.0,288.28,100.0,-27.792097091674805
39.841299295425415,100.0,288.634,100.0,-27.848430633544922
39.87972331047058,100.0,288.799,100.0,-27.87552833557129
39.904868602752686,100.0,288.961,100.0,-27.9019775390625
39.94723296165466,100.0,289.512,100.0,-27.954402923583984
39.967568159103394,100.0,289.512,100.0,-27.98862075805664
40.01274228096008,100.0,289.794,100.0,-28.04775047302246
40.03797793388367,100.0,289.948,100.0,-28.07474136352539
40.06251502037048,100.0,290.12,100.0,-28.10136604309082
40.0946147441864,100.0,290.331,100.0,-28.129348754882812
40.12879514694214,100.0,290.651,100.0,-28.156993865966797
40.163469552993774,100.0,290.808,100.0,-28.20800018310547
40.19567632675171,100.0,290.947,100.0,-28.22597885131836
40.22128915786743,100.0,291.13,100.0,-28.244285583496094
40.24886989593506,100.0,291.338,100.0,-28.264724731445312
40.29715943336487,100.0,291.706,100.0,-28.311866760253906
40.32974600791931,100.0,291.819,100.0,-28.337081909179688
40.364219427108765,100.0,291.939,100.0,-28.38138198852539
40.40437126159668,100.0,292.248,100.0,-28.403362274169922
40.43954610824585,100.0,292.446,100.0,-28.449193954467773
40.47238492965698,100.0,292.8,100.0,-28.475173950195312
40.50534796714783,100.0,292.951,100.0,-28.500051498413086
40.537222146987915,100.0,293.144,100.0,-28.549884796142578
40.56317210197449,100.0,293.323,100.0,-28.575862884521484
40.59537124633789,100.0,293.513,100.0,-28.602617263793945
40.62435436248779,100.0,293.954,100.0,-28.63604736328125
40.66305422782898,100.0,294.116,100.0,-28.69284439086914
40.70220971107483,100.0,294.254,100.0,-28.718788146972656
40.73830699920654,100.0,294.599,100.0,-28.771202087402344
40.77038097381592,100.0,294.783,100.0,-28.79745864868164
40.80683135986328,100.0,295.091,100.0,-28.8226375579834
40.83029246330261,100.0,295.091,100.0,-28.840728759765625
40.86346960067749,100.0,295.41,100.0,-28.88125991821289
40.898125886917114,100.0,295.561,100.0,-28.902109146118164
40.921566009521484,100.0,295.717,100.0,-28.92326545715332
40.96335244178772,100.0,295.886,100.0,-28.967418670654297
40.98975849151611,100.0,296.141,100.0,-28.98898696899414
41.02023720741272,100.0,296.276,100.0,-29.00969123840332
41.055001735687256,100.0,296.416,100.0,-29.03011703491211
41.079891204833984,100.0,296.589,100.0,-29.05054473876953
41.11444544792175,100.0,296.763,100.0,-29.095338821411133
41.14599370956421,100.0,297.095,100.0,-29.11901092529297
41.180156230926514,100.0,297.231,100.0,-29.14289665222168
41.213032722473145,100.0,297.536,100.0,-29.195175170898438
41.27939534187317,100.0,298.074,100.0,-29.25363540649414
41.323127031326294,100.0,298.229,100.0,-29.308910369873047
41.348015785217285,100.0,298.34,100.0,-29.333168029785156
41.380080461502075,100.0,298.64,100.0,-29.357410430908203
41.413822412490845,100.0,298.821,100.0,-29.40488052368164
41.44693660736084,100.0,299.029,100.0,-29.4310359954834
41.476025104522705,100.0,299.167,100.0,-29.449953079223633
41.49929356575012,100.0,299.341,100.0,-29.469074249267578
41.530871868133545,100.0,299.487,100.0,-29.489883422851562
41.57056379318237,100.0,299.806,100.0,-29.531845092773438
41.59614896774292,100.0,299.956,100.0,-29.554187774658203
41.62288236618042,100.0,300.116,100.0,-29.576526641845703
41.662824630737305,100.0,300.264,100.0,-29.621868133544922
41.68877649307251,100.0,300.394,100.0,-29.6435604095459
41.729349851608276,100.0,300.658,100.0,-29.664737701416016
41.7649986743927,100.0,300.806,100.0,-29.70629119873047
41.79249429702759,100.0,300.935,100.0,-29.726696014404297
41.823917388916016,100.0,301.276,100.0,-29.748794555664062
41.848222494125366,100.0,301.276,100.0,-29.771495819091797
41.879018783569336,100.0,301.732,100.0,-29.794532775878906
41.9054856300354,100.0,301.879,100.0,-29.823625564575195
41.9373254776001,100.0,301.984,100.0,-29.875499725341797
41.96992516517639,100.0,302.146,100.0,-29.899940490722656
42.015936851501465,100.0,302.437,100.0,-29.94673728942871
42.04639172554016,100.0,302.58,100.0,-29.96951675415039
42.08063769340515,100.0,302.712,100.0,-29.991432189941406
42.113086462020874,100.0,302.979,100.0,-30.027206420898438
42.1461386680603,100.0,303.153,100.0,-30.043561935424805
42.179646492004395,100.0,303.301,100.0,-30.062332153320312
42.22159719467163,100.0,303.578,100.0,-30.102407455444336
42.2533118724823,100.0,303.712,100.0,-30.122203826904297
42.28933525085449,100.0,303.843,100.0,-30.161651611328125
42.32879281044006,100.0,304.136,100.0,-30.18198013305664
42.364033937454224,100.0,304.255,100.0,-30.222450256347656
42.389163970947266,100.0,304.414,100.0,-30.24333953857422
42.43063974380493,100.0,304.71,100.0,-30.26429557800293
42.4667809009552,100.0,304.837,100.0,-30.30680274963379
42.50433135032654,100.0,305.046,100.0,-30.3256778717041
42.538697957992554,100.0,305.164,100.0,-30.362207412719727
42.572190284729004,100.0,305.533,100.0,-30.390602111816406
42.597431898117065,100.0,305.678,100.0,-30.417545318603516
42.64213275909424,100.0,305.897,100.0,-30.46500015258789
42.66580510139465,100.0,306.036,100.0,-30.486656188964844
42.69180750846863,100.0,306.157,100.0,-30.507326126098633
42.722065925598145,100.0,306.324,100.0,-30.52916145324707
42.75735020637512,100.0,306.631,100.0,-30.551565170288086
42.79597353935242,100.0,306.775,100.0,-30.59613609313965
42.82745981216431,100.0,306.876,100.0,-30.612136840820312
42.85840082168579,100.0,307.005,100.0,-30.627601623535156
42.90015435218811,100.0,307.24,100.0,-30.65975570678711
42.9326753616333,100.0,307.377,100.0,-30.676382064819336
42.95536136627197,100.0,307.501,100.0,-30.693918228149414
42.983641624450684,100.0,307.644,100.0,-30.71162223815918
43.02015423774719,100.0,307.921,100.0,-30.749889373779297
43.05838632583618,100.0,308.051,100.0,-30.76939582824707
43.08292627334595,100.0,308.187,100.0,-30.788890838623047
43.11912488937378,100.0,308.324,100.0,-30.828609466552734
43.14639616012573,100.0,308.462,100.0,-30.848804473876953
43.1756649017334,100.0,308.866,100.0,-30.86891746520996
43.20578145980835,100.0,309.004,100.0,-30.894845962524414
43.239031076431274,100.0,309.139,100.0,-30.94338035583496
43.27936339378357,100.0,309.354,100.0,-30.964765548706055
43.29581022262573,100.0,309.354,100.0,-30.985111236572266
43.326220989227295,100.0,309.488,100.0,-31.00536346435547
43.368776082992554,100.0,309.783,100.0,-31.047365188598633
43.40885615348816,100.0,310.061,100.0,-31.069215774536133
43.44108033180237,100.0,310.172,100.0,-31.109699249267578
43.473278760910034,100.0,310.301,100.0,-31.123794555664062
43.49898171424866,100.0,310.417,100.0,-31.139019012451172
43.5316116809845,100.0,310.566,100.0,-31.154592514038086
43.56718158721924,100.0,310.712,100.0,-31.190269470214844
43.594465255737305,100.0,310.954,100.0,-31.20861053466797
43.63011693954468,100.0,311.05,100.0,-31.226806640625
43.66234517097473,100.0,311.163,100.0,-31.24388313293457
43.68653655052185,100.0,311.271,100.0,-31.26081657409668
43.728835582733154,100.0,311.502,100.0,-31.293230056762695
43.76172733306885,100.0,311.634,100.0,-31.31020736694336
43.78484225273132,100.0,311.78,100.0,-31.32789421081543
43.8212673664093,100.0,311.919,100.0,-31.366140365600586
43.8537278175354,100.0,312.147,100.0,-31.384796142578125
43.87920308113098,100.0,312.438,100.0,-31.4031925201416
43.91131043434143,100.0,312.591,100.0,-31.428647994995117
43.9432635307312,100.0,312.75,100.0,-31.478836059570312
43.9758198261261,100.0,312.886,100.0,-31.50289535522461
44.00698232650757,100.0,313.141,100.0,-31.52564239501953
44.041890382766724,100.0,313.25,100.0,-31.56817626953125
44.07042956352234,100.0,313.355,100.0,-31.587366104125977
44.092223167419434,100.0,313.466,100.0,-31.60577964782715
44.12712597846985,100.0,313.543,100.0,-31.618938446044922
44.15481734275818,100.0,313.63,100.0,-31.631284713745117
44.20550322532654,100.0,313.89,100.0,-31.656848907470703
44.22647547721863,100.0,314.045,100.0,-31.672143936157227
44.25294780731201,100.0,314.19,100.0,-31.689512252807617
44.278833627700806,100.0,314.311,100.0,-31.708070755004883
44.31129217147827,100.0,314.429,100.0,-31.726543426513672
44.34709072113037,100.0,314.645,100.0,-31.76210594177246
44.37851858139038,100.0,314.787,100.0,-31.779460906982422
44.410579204559326,100.0,314.857,100.0,-31.797883987426758
44.44292116165161,100.0,314.991,100.0,-31.831329345703125
44.47569489479065,100.0,315.25,100.0,-31.848899841308594
44.5090856552124,100.0,315.417,100.0,-31.867206573486328
44.541643142700195,100.0,315.537,100.0,-31.907140731811523
44.57246470451355,100.0,315.637,100.0,-31.92562484741211
44.604854106903076,100.0,315.962,100.0,-31.947345733642578
44.63706183433533,100.0,316.083,100.0,-31.96841812133789
44.66875767707825,100.0,316.23,100.0,-32.00975036621094
44.69973826408386,100.0,316.341,100.0,-32.02960968017578
44.732096910476685,100.0,316.466,100.0,-32.0492057800293
44.74790954589844,100.0,316.614,100.0,-32.06956481933594
44.780476331710815,100.0,316.71,100.0,-32.08832550048828
44.81161165237427,100.0,316.987,100.0,-32.1077766418457
44.84395909309387,100.0,317.118,100.0,-32.147186279296875
44.87704038619995,100.0,317.244,100.0,-32.161407470703125
44.908628702163696,100.0,317.35,100.0,-32.17668151855469
44.94321370124817,100.0,317.524,100.0,-32.20583724975586
44.97886776924133,100.0,317.64,100.0,-32.2198486328125
45.013362646102905,100.0,317.756,100.0,-32.23460388183594
45.04442882537842,100.0,317.985,100.0,-32.26629638671875
45.077462911605835,100.0,318.084,100.0,-32.2822151184082
45.09162664413452,100.0,318.084,100.0,-32.297767639160156
45.12447118759155,100.0,318.283,100.0,-32.312992095947266
45.15583848953247,100.0,318.414,100.0,-32.328102111816406
45.188071489334106,100.0,318.561,100.0,-32.34438705444336
45.220717906951904,100.0,318.703,100.0,-32.38114547729492
45.270102977752686,100.0,319.055,100.0,-32.42470932006836
45.301435232162476,100.0,319.449,100.0,-32.45801544189453
45.3329541683197,100.0,319.731,100.0,-32.48931121826172
45.36932420730591,100.0,319.836,100.0,-32.543216705322266
45.39743709564209,100.0,319.938,100.0,-32.56604766845703
45.42970538139343,100.0,320.01,100.0,-32.58562088012695
45.461203813552856,100.0,320.193,100.0,-32.60317611694336
45.49319267272949,100.0,320.29,100.0,-32.631591796875
45.54777550697327,100.0,320.542,100.0,-32.657936096191406
45.58031868934631,100.0,320.62,100.0,-32.672630310058594
45.61259984970093,100.0,320.736,100.0,-32.686279296875
45.644147634506226,100.0,320.851,100.0,-32.71577835083008
45.67539834976196,100.0,321.09,100.0,-32.732261657714844
45.71413564682007,100.0,321.165,100.0,-32.748313903808594
45.74563026428223,100.0,321.28,100.0,-32.77816390991211
45.77046728134155,100.0,321.348,100.0,-32.791873931884766
45.80217885971069,100.0,321.573,100.0,-32.80606460571289
45.834908962249756,100.0,321.635,100.0,-32.82109832763672
45.868515491485596,100.0,321.686,100.0,-32.84602355957031
45.898061990737915,100.0,321.741,100.0,-32.85643005371094
45.929747104644775,100.0,322.051,100.0,-32.87111282348633
45.961607694625854,100.0,322.167,100.0,-32.887176513671875
45.993308305740356,100.0,322.26,100.0,-32.9194450378418
46.02559566497803,100.0,322.358,100.0,-32.93495178222656
46.0570387840271,100.0,322.476,100.0,-32.95106887817383
46.094059467315674,100.0,322.697,100.0,-32.983612060546875
46.121387004852295,100.0,322.81,100.0,-33.00021743774414
46.15269732475281,100.0,322.897,100.0,-33.0122184753418
46.18596339225769,100.0,323.024,100.0,-33.02431869506836
46.21254324913025,100.0,323.145,100.0,-33.038185119628906
46.244386434555054,100.0,323.353,100.0,-33.068328857421875
46.27673602104187,100.0,323.44,100.0,-33.08361053466797
46.2992901802063,100.0,323.532,100.0,-33.098270416259766
46.329769134521484,100.0,323.623,100.0,-33.11266326904297
46.36239457130432,100.0,323.71,100.0,-33.12681198120117
46.39339518547058,100.0,323.823,100.0,-33.15521240234375
46.42847275733948,100.0,324.096,100.0,-33.17180633544922
46.46908688545227,100.0,324.221,100.0,-33.207122802734375
46.50991630554199,100.0,324.39,100.0,-33.225486755371094
46.54442596435547,100.0,324.433,100.0,-33.2533073425293
46.57447791099548,100.0,324.522,100.0,-33.266029357910156
46.607219219207764,100.0,324.842,100.0,-33.27761459350586
46.63864731788635,100.0,324.939,100.0,-33.29664993286133
46.65492057800293,100.0,324.939,100.0,-33.314640045166016
46.68656516075134,100.0,325.169,100.0,-33.33210372924805
46.721515417099,100.0,325.275,100.0,-33.367591857910156
46.750248193740845,100.0,325.412,100.0,-33.386051177978516
46.78247547149658,100.0,325.501,100.0,-33.40321350097656
46.819255113601685,100.0,325.61,100.0,-33.43082809448242
46.84635615348816,100.0,325.67,100.0,-33.43985366821289
46.876769065856934,100.0,325.773,100.0,-33.44852066040039
46.908737659454346,100.0,325.886,100.0,-33.45874786376953
46.94071412086487,100.0,325.993,100.0,-33.470619201660156
46.98027491569519,100.0,326.247,100.0,-33.49912643432617
47.01265025138855,100.0,326.36,100.0,-33.51471710205078
47.03390669822693,100.0,326.498,100.0,-33.5307502746582
47.075525760650635,100.0,326.63,100.0,-33.56297302246094
47.09635782241821,100.0,326.63,100.0,-33.57707214355469
47.133177042007446,100.0,326.763,100.0,-33.59092712402344
47.16314458847046,100.0,326.879,100.0,-33.60271072387695
47.19022226333618,100.0,327.0,100.0,-33.61592102050781
47.221882343292236,100.0,327.091,100.0,-33.644744873046875
47.255165576934814,100.0,327.33,100.0,-33.66128921508789
47.286017179489136,100.0,327.526,100.0,-33.677093505859375
47.319409132003784,100.0,327.619,100.0,-33.71510696411133
47.35166645050049,100.0,327.724,100.0,-33.73289108276367
47.383071184158325,100.0,327.794,100.0,-33.7487678527832
47.4148588180542,100.0,328.008,100.0,-33.765472412109375
47.44610786437988,100.0,328.125,100.0,-33.797637939453125
47.4791157245636,100.0,328.242,100.0,-33.81435012817383
47.51080250740051,100.0,328.332,100.0,-33.83021926879883
47.54229021072388,100.0,328.508,100.0,-33.84165573120117
47.574854612350464,100.0,328.589,100.0,-33.865081787109375
47.60702586174011,100.0,328.713,100.0,-33.87696838378906
47.63950729370117,100.0,328.821,100.0,-33.89058303833008
47.679173946380615,100.0,328.965,100.0,-33.91795349121094
47.71036219596863,100.0,329.017,100.0,-33.9305305480957
47.74534511566162,100.0,329.121,100.0,-33.95390319824219
47.77505564689636,100.0,329.376,100.0,-33.96748352050781
47.80004000663757,100.0,329.376,100.0,-33.98307800292969
47.82939100265503,100.0,329.637,100.0,-34.00022888183594
47.862318992614746,100.0,329.726,100.0,-34.01786422729492
47.89713168144226,100.0,329.792,100.0,-34.04930877685547
47.92696499824524,100.0,329.938,100.0,-34.066131591796875
47.95868182182312,100.0,330.118,100.0,-34.0823860168457
47.990471839904785,100.0,330.183,100.0,-34.09769058227539
48.02381372451782,100.0,330.268,100.0,-34.124881744384766
48.054617166519165,100.0,330.347,100.0,-34.13779067993164
48.086514472961426,100.0,330.46,100.0,-34.151729583740234
48.12193846702576,100.0,330.696,100.0,-34.182823181152344
48.150641679763794,100.0,330.805,100.0,-34.19412612915039
48.182833194732666,100.0,330.848,100.0,-34.2066650390625
48.21260190010071,100.0,330.908,100.0,-34.21739959716797
48.243698835372925,100.0,331.028,100.0,-34.22746658325195
48.2697594165802,100.0,331.14,100.0,-34.24673080444336
48.301023960113525,100.0,331.229,100.0,-34.25770568847656
48.3288631439209,100.0,331.32,100.0,-34.269229888916016
48.36079716682434,100.0,331.441,100.0,-34.28126907348633
48.39666557312012,100.0,331.539,100.0,-34.308998107910156
48.42578148841858,100.0,331.745,100.0,-34.32444381713867
48.458335638046265,100.0,331.829,100.0,-34.33905029296875
48.49544095993042,100.0,331.917,100.0,-34.36707305908203
48.53075289726257,100.0,332.04,100.0,-34.378875732421875
48.57242441177368,100.0,332.125,100.0,-34.4026985168457
48.603713512420654,100.0,332.326,100.0,-34.41972351074219
48.63641881942749,100.0,332.516,100.0,-34.436302185058594
48.66860485076904,100.0,332.584,100.0,-34.45226287841797
48.70071482658386,100.0,332.673,100.0,-34.48093032836914
48.73317050933838,100.0,332.795,100.0,-34.49629211425781
48.76522612571716,100.0,333.012,100.0,-34.51163101196289
48.79757881164551,100.0,333.059,100.0,-34.5355110168457
48.82939004898071,100.0,333.077,100.0,-34.5466194152832
48.861995697021484,100.0,333.135,100.0,-34.55523681640625
48.89614701271057,100.0,333.212,100.0,-34.57264709472656
48.92593860626221,100.0,333.441,100.0,-34.58335494995117
48.957621812820435,100.0,333.56,100.0,-34.59617614746094
48.988837242126465,100.0,333.63,100.0,-34.61042022705078
49.02799725532532,100.0,333.836,100.0,-34.63763427734375
49.0614960193634,100.0,333.894,100.0,-34.65205383300781
49.09616732597351,100.0,334.004,100.0,-34.67886734008789
49.12420868873596,100.0,334.058,100.0,-34.69120407104492
49.15641260147095,100.0,334.205,100.0,-34.70207214355469
49.18798637390137,100.0,334.291,100.0,-34.713951110839844
49.22034311294556,100.0,334.48,100.0,-34.74270248413086
49.2616651058197,100.0,334.661,100.0,-34.75849533081055
49.288177490234375,100.0,334.737,100.0,-34.77400207519531
49.32157564163208,100.0,334.852,100.0,-34.803794860839844
49.352490186691284,100.0,334.962,100.0,-34.819541931152344
49.38364291191101,100.0,335.033,100.0,-34.83397674560547
49.41646671295166,100.0,335.199,100.0,-34.84877395629883
49.44907212257385,100.0,335.256,100.0,-34.86963653564453
49.4804368019104,100.0,335.301,100.0,-34.87916564941406
49.51109480857849,100.0,335.379,100.0,-34.887718200683594
49.54713988304138,100.0,335.452,100.0,-34.90643310546875
49.57405376434326,100.0,335.656,100.0,-34.91686248779297
49.606786251068115,100.0,335.752,100.0,-34.929107666015625
49.63890528678894,100.0,335.85,100.0,-34.94196319580078
49.67092704772949,100.0,335.937,100.0,-34.96873474121094
49.70297861099243,100.0,336.03,100.0,-34.98231887817383
49.747281074523926,100.0,336.187,100.0,-35.00775146484375
49.77763557434082,100.0,336.246,100.0,-35.019569396972656
49.80798363685608,100.0,336.475,100.0,-35.03111267089844
49.84031105041504,100.0,336.565,100.0,-35.045928955078125
49.872408866882324,100.0,336.646,100.0,-35.07449722290039
49.89644432067871,100.0,336.733,100.0,-35.088294982910156
49.92901301383972,100.0,336.793,100.0,-35.10080337524414
49.9629271030426,100.0,336.887,100.0,-35.113739013671875
49.997830390930176,100.0,337.051,100.0,-35.135684967041016
50.038548946380615,100.0,337.138,100.0,-35.14555358886719
50.07049250602722,100.0,337.27,100.0,-35.15617370605469
50.102158546447754,100.0,337.337,100.0,-35.175960540771484
50.13397574424744,100.0,337.404,100.0,-35.186100006103516
50.16620945930481,100.0,337.506,100.0,-35.19612503051758
50.199233531951904,100.0,337.561,100.0,-35.218048095703125
50.23058748245239,100.0,337.746,100.0,-35.22962951660156
50.26252007484436,100.0,337.816,100.0,-35.24166488647461
50.29507756233215,100.0,337.914,100.0,-35.2532958984375
50.32930636405945,100.0,337.986,100.0,-35.27784729003906
50.3599112033844,100.0,338.156,100.0,-35.28978729248047
50.39204478263855,100.0,338.319,100.0,-35.30229949951172
50.42500448226929,100.0,338.395,100.0,-35.333045959472656
50.45623469352722,100.0,338.487,100.0,-35.34774398803711
50.49787449836731,100.0,338.658,100.0,-35.376651763916016
50.52890157699585,100.0,338.765,100.0,-35.391136169433594
50.56208539009094,100.0,338.839,100.0,-35.40476608276367
50.59312629699707,100.0,338.994,100.0,-35.41461944580078
50.624685764312744,100.0,339.04,100.0,-35.434967041015625
50.66561794281006,100.0,339.106,100.0,-35.444400787353516
50.69875383377075,100.0,339.171,100.0,-35.46318435668945
50.7369122505188,100.0,339.326,100.0,-35.472782135009766
50.77278733253479,100.0,339.394,100.0,-35.49333572387695
50.8042368888855,100.0,339.492,100.0,-35.50214385986328
50.836236000061035,100.0,339.579,100.0,-35.510955810546875
50.87361717224121,100.0,339.655,100.0,-35.53107452392578
50.90073299407959,100.0,339.728,100.0,-35.54147720336914
50.93349766731262,100.0,339.882,100.0,-35.552425384521484
50.96530795097351,100.0,339.956,100.0,-35.56329345703125
50.9978187084198,100.0,340.136,100.0,-35.58966064453125
51.03023409843445,100.0,340.176,100.0,-35.60268783569336
51.06169295310974,100.0,340.279,100.0,-35.616485595703125
51.09323334693909,100.0,340.415,100.0,-35.630828857421875
51.1255886554718,100.0,340.503,100.0,-35.655006408691406
51.15743970870972,100.0,340.546,100.0,-35.665679931640625
51.18939805030823,100.0,340.564,100.0,-35.673309326171875
51.229604959487915,100.0,340.761,100.0,-35.68824768066406
51.26126027107239,100.0,340.83,100.0,-35.69799041748047
51.293453216552734,100.0,340.938,100.0,-35.707847595214844
51.325437784194946,100.0,341.033,100.0,-35.72978973388672
51.35783576965332,100.0,341.11,100.0,-35.73924255371094
51.39808988571167,100.0,341.163,100.0,-35.758583068847656
51.42892265319824,100.0,341.348,100.0,-35.768585205078125
51.460838317871094,100.0,341.412,100.0,-35.780208587646484
51.49287033081055,100.0,341.516,100.0,-35.791324615478516
51.52600026130676,100.0,341.569,100.0,-35.814971923828125
51.55802607536316,100.0,341.688,100.0,-35.82473373413086
51.589423179626465,100.0,341.728,100.0,-35.8350715637207
51.624165296554565,100.0,341.807,100.0,-35.85396957397461
51.65277671813965,100.0,341.977,100.0,-35.86812210083008
51.68482518196106,100.0,342.06,100.0,-35.88198471069336
51.71722960472107,100.0,342.208,100.0,-35.894771575927734
51.7494261264801,100.0,342.302,100.0,-35.92094039916992
51.78186631202698,100.0,342.397,100.0,-35.93461608886719
51.813366413116455,100.0,342.542,100.0,-35.950660705566406
51.84855103492737,100.0,342.733,100.0,-35.97470474243164
51.87657117843628,100.0,342.785,100.0,-35.98779296875
51.907968044281006,100.0,342.863,100.0,-35.99946594238281
51.94068932533264,100.0,342.966,100.0,-36.011131286621094
51.9723105430603,100.0,343.013,100.0,-36.035003662109375
52.0124568939209,100.0,343.153,100.0,-36.04766082763672
52.050265073776245,100.0,343.184,100.0,-36.06671905517578
52.07518482208252,100.0,343.24,100.0,-36.07516098022461
52.1128089427948,100.0,343.369,100.0,-36.08317184448242
52.1468722820282,100.0,343.452,100.0,-36.09208297729492
52.17929172515869,100.0,343.483,100.0,-36.11016082763672
52.203460454940796,100.0,343.633,100.0,-36.122291564941406
52.23570728302002,100.0,343.706,100.0,-36.13416290283203
52.2677435874939,100.0,343.845,100.0,-36.14671325683594
52.29942727088928,100.0,343.924,100.0,-36.168968200683594
52.33129835128784,100.0,343.983,100.0,-36.1795539855957
52.3626811504364,100.0,344.047,100.0,-36.18715286254883
52.39577627182007,100.0,344.163,100.0,-36.19513702392578
52.42712640762329,100.0,344.235,100.0,-36.21224594116211
52.459487199783325,100.0,344.33,100.0,-36.22075653076172
52.49137330055237,100.0,344.38,100.0,-36.23078155517578
52.525410175323486,100.0,344.497,100.0,-36.25166320800781
52.55438446998596,100.0,344.657,100.0,-36.26389694213867
52.586710929870605,100.0,344.76,100.0,-36.27570724487305
52.612305879592896,100.0,344.813,100.0,-36.288612365722656
52.644930362701416,100.0,344.844,100.0,-36.300254821777344
52.67751336097717,100.0,344.899,100.0,-36.31926727294922
52.70913743972778,100.0,345.024,100.0,-36.32763671875
52.740777015686035,100.0,345.113,100.0,-36.337039947509766
52.77512788772583,100.0,345.272,100.0,-36.36171340942383
52.82962894439697,100.0,345.405,100.0,-36.387184143066406
52.86350178718567,100.0,345.517,100.0,-36.4009895324707
52.90262031555176,100.0,345.693,100.0,-36.42759704589844
52.93519330024719,100.0,345.763,100.0,-36.440792083740234
52.96769976615906,100.0,345.813,100.0,-36.452484130859375
53.00008201599121,100.0,345.88,100.0,-36.469295501708984
53.03252410888672,100.0,345.922,100.0,-36.47551727294922
53.06367039680481,100.0,345.963,100.0,-36.481510162353516
53.09624218940735,100.0,346.008,100.0,-36.487300872802734
53.12838959693909,100.0,346.128,100.0,-36.499027252197266
53.16150450706482,100.0,346.193,100.0,-36.506187438964844
53.1932897567749,100.0,346.249,100.0,-36.51395034790039
53.22432589530945,100.0,346.338,100.0,-36.5311393737793
53.25605869293213,100.0,346.49,100.0,-36.54143524169922
53.28849935531616,100.0,346.581,100.0,-36.551719665527344
53.320581912994385,100.0,346.68,100.0,-36.56300354003906
53.3519446849823,100.0,346.735,100.0,-36.586761474609375
53.383930683135986,100.0,346.816,100.0,-36.598445892333984
53.41530632972717,100.0,346.998,100.0,-36.609893798828125
53.45057439804077,100.0,347.055,100.0,-36.634849548339844
53.47976088523865,100.0,347.119,100.0,-36.64621353149414
53.511711835861206,100.0,347.205,100.0,-36.658058166503906
53.54449510574341,100.0,347.347,100.0,-36.669769287109375
53.57632279396057,100.0,347.417,100.0,-36.689327239990234
53.60756015777588,100.0,347.489,100.0,-36.69804763793945
53.632670402526855,100.0,347.529,100.0,-36.70726013183594
53.66697645187378,100.0,347.577,100.0,-36.71551513671875
53.70015573501587,100.0,347.624,100.0,-36.73088073730469
53.73155999183655,100.0,347.743,100.0,-36.7388916015625
53.76389932632446,100.0,347.827,100.0,-36.7468376159668
53.79537892341614,100.0,347.881,100.0,-36.75599670410156
53.828369140625,100.0,347.932,100.0,-36.773311614990234
53.85978055000305,100.0,348.066,100.0,-36.783226013183594
53.89194846153259,100.0,348.126,100.0,-36.79215621948242
53.924856185913086,100.0,348.165,100.0,-36.80911636352539
53.956329345703125,100.0,348.221,100.0,-36.81718826293945
53.98674821853638,100.0,348.358,100.0,-36.82554244995117
54.01928496360779,100.0,348.512,100.0,-36.83466339111328
54.04538869857788,100.0,348.597,100.0,-36.84769821166992
54.07900023460388,100.0,348.695,100.0,-36.8746337890625
54.110713958740234,100.0,348.74,100.0,-36.88665771484375
54.143454790115356,100.0,348.852,100.0,-36.896976470947266
54.175578355789185,100.0,348.885,100.0,-36.916595458984375
54.21558666229248,100.0,348.969,100.0,-36.923038482666016
54.246479511260986,100.0,349.048,100.0,-36.9310188293457
54.27917170524597,100.0,349.148,100.0,-36.9481315612793
54.30424475669861,100.0,349.203,100.0,-36.956398010253906
54.34458589553833,100.0,349.248,100.0,-36.96459197998047
54.377599000930786,100.0,349.306,100.0,-36.9802360534668
54.40826869010925,100.0,349.434,100.0,-36.98935317993164
54.44028973579407,100.0,349.517,100.0,-36.997806549072266
54.472999811172485,100.0,349.576,100.0,-37.00734329223633
54.50462770462036,100.0,349.617,100.0,-37.02519226074219
54.53782629966736,100.0,349.757,100.0,-37.034664154052734
54.56833457946777,100.0,349.847,100.0,-37.04397964477539
54.600531339645386,100.0,349.912,100.0,-37.06483840942383
54.632076025009155,100.0,349.973,100.0,-37.07491683959961
54.6642005443573,100.0,350.058,100.0,-37.08578109741211
54.697001934051514,100.0,350.169,100.0,-37.096954345703125
54.728904247283936,100.0,350.201,100.0,-37.11332702636719
54.760096311569214,100.0,350.229,100.0,-37.11946487426758
54.792566537857056,100.0,350.251,100.0,-37.1248893737793
54.826305866241455,100.0,350.364,100.0,-37.13437271118164
54.85671257972717,100.0,350.453,100.0,-37.14069366455078
54.89645719528198,100.0,350.508,100.0,-37.14887619018555
54.92882800102234,100.0,350.635,100.0,-37.16575622558594
54.96014404296875,100.0,350.672,100.0,-37.174591064453125
54.99652171134949,100.0,350.769,100.0,-37.18254089355469
55.02089333534241,100.0,350.826,100.0,-37.19232177734375
55.05440092086792,100.0,350.906,100.0,-37.21210861206055
55.08700728416443,100.0,351.063,100.0,-37.22304153442383
55.118407249450684,100.0,351.148,100.0,-37.23418426513672
55.150715589523315,100.0,351.177,100.0,-37.25570297241211
55.1829514503479,100.0,351.231,100.0,-37.26506042480469
55.21432161331177,100.0,351.368,100.0,-37.27265167236328
55.24620485305786,100.0,351.432,100.0,-37.2829475402832
55.27809190750122,100.0,351.52,100.0,-37.30418014526367
55.310168743133545,100.0,351.598,100.0,-37.315521240234375
55.34278655052185,100.0,351.651,100.0,-37.32601547241211
55.37400221824646,100.0,351.782,100.0,-37.33698272705078
55.40618181228638,100.0,351.814,100.0,-37.354393005371094
55.43803644180298,100.0,351.878,100.0,-37.36087417602539
55.46945357322693,100.0,351.897,100.0,-37.368072509765625
55.50472021102905,100.0,352.028,100.0,-37.38115310668945
55.53423357009888,100.0,352.09,100.0,-37.388607025146484
55.56538724899292,100.0,352.169,100.0,-37.396507263183594
55.59661149978638,100.0,352.214,100.0,-37.40547180175781
55.62913537025452,100.0,352.283,100.0,-37.422733306884766
55.660903453826904,100.0,352.375,100.0,-37.431129455566406
55.69203734397888,100.0,352.418,100.0,-37.43905258178711
55.72789478302002,100.0,352.45,100.0,-37.453189849853516
55.75858759880066,100.0,352.483,100.0,-37.45928192138672
55.78355574607849,100.0,352.547,100.0,-37.46623611450195
55.8155791759491,100.0,352.748,100.0,-37.47303009033203
55.847386598587036,100.0,352.755,100.0,-37.48444747924805
55.879735231399536,100.0,352.83,100.0,-37.50255584716797
55.91115665435791,100.0,352.895,100.0,-37.51213073730469
55.94384717941284,100.0,352.962,100.0,-37.52190017700195
55.977458477020264,100.0,353.135,100.0,-37.54437255859375
56.00809359550476,100.0,353.205,100.0,-37.552703857421875
56.040339946746826,100.0,353.264,100.0,-37.561614990234375
56.071794509887695,100.0,353.34,100.0,-37.57051086425781
56.10290265083313,100.0,353.407,100.0,-37.588565826416016
56.13442254066467,100.0,353.461,100.0,-37.59593200683594
56.16285300254822,100.0,353.487,100.0,-37.603424072265625
56.19390034675598,100.0,353.548,100.0,-37.60984420776367
56.22677421569824,100.0,353.593,100.0,-37.623817443847656
56.25773906707764,100.0,353.7,100.0,-37.630558013916016
56.29028344154358,100.0,353.747,100.0,-37.63797378540039
56.31434512138367,100.0,353.836,100.0,-37.64524841308594
56.34660768508911,100.0,353.902,100.0,-37.654178619384766
56.37991118431091,100.0,353.961,100.0,-37.672611236572266
56.41337442398071,100.0,354.098,100.0,-37.68280792236328
56.43781280517578,100.0,354.098,100.0,-37.69247055053711
56.46894812583923,100.0,354.191,100.0,-37.701969146728516
56.50089430809021,100.0,354.26,100.0,-37.710289001464844
56.533387899398804,100.0,354.33,100.0,-37.7285041809082
56.56454277038574,100.0,354.396,100.0,-37.738040924072266
56.59722423553467,100.0,354.489,100.0,-37.747684478759766
56.62890934944153,100.0,354.531,100.0,-37.763465881347656
56.66090631484985,100.0,354.593,100.0,-37.768890380859375
56.69258761405945,100.0,354.623,100.0,-37.775230407714844
56.72434115409851,100.0,354.679,100.0,-37.78095245361328
56.756375312805176,100.0,354.735,100.0,-37.79365539550781
56.78847336769104,100.0,354.821,100.0,-37.79861831665039
56.820717334747314,100.0,354.832,100.0,-37.80565643310547
56.854286670684814,100.0,354.902,100.0,-37.81794357299805
56.88462591171265,100.0,355.049,100.0,-37.826744079589844
56.91589403152466,100.0,355.165,100.0,-37.83538055419922
56.94786715507507,100.0,355.202,100.0,-37.84653091430664
56.980284690856934,100.0,355.253,100.0,-37.86556625366211
57.01185321807861,100.0,355.339,100.0,-37.8747444152832
57.04504156112671,100.0,355.387,100.0,-37.88258361816406
57.079477071762085,100.0,355.454,100.0,-37.89852523803711
57.128156661987305,100.0,355.621,100.0,-37.91679000854492
57.166348695755005,100.0,355.652,100.0,-37.926082611083984
57.198256731033325,100.0,355.727,100.0,-37.933624267578125
57.23042678833008,100.0,355.794,100.0,-37.949729919433594
57.262383699417114,100.0,355.855,100.0,-37.958316802978516
57.29391145706177,100.0,355.945,100.0,-37.964515686035156
57.32931470870972,100.0,356.031,100.0,-37.981075286865234
57.3585901260376,100.0,356.095,100.0,-37.98820495605469
57.39082479476929,100.0,356.15,100.0,-37.995975494384766
57.42331075668335,100.0,356.208,100.0,-38.00386047363281
57.45524740219116,100.0,356.292,100.0,-38.01969909667969
57.487064361572266,100.0,356.357,100.0,-38.026885986328125
57.51954197883606,100.0,356.401,100.0,-38.03474807739258
57.54606652259827,100.0,356.476,100.0,-38.04225158691406
57.57869601249695,100.0,356.521,100.0,-38.05884552001953
57.61068820953369,100.0,356.56,100.0,-38.06629180908203
57.64163088798523,100.0,356.619,100.0,-38.07200622558594
57.67310428619385,100.0,356.645,100.0,-38.07810592651367
57.71338415145874,100.0,356.708,100.0,-38.08992004394531
57.745272397994995,100.0,356.802,100.0,-38.09679412841797
57.77894711494446,100.0,356.872,100.0,-38.11097717285156
57.81521987915039,100.0,356.917,100.0,-38.118370056152344
57.856488943099976,100.0,356.998,100.0,-38.13208770751953
57.88931846618652,100.0,357.09,100.0,-38.140785217285156
57.92059636116028,100.0,357.164,100.0,-38.150230407714844
57.95527148246765,100.0,357.273,100.0,-38.165279388427734
57.98585319519043,100.0,357.316,100.0,-38.17254638671875
58.0167236328125,100.0,357.371,100.0,-38.17957305908203
58.04774618148804,100.0,357.437,100.0,-38.18691635131836
58.080037355422974,100.0,357.541,100.0,-38.20222473144531
58.11256241798401,100.0,357.603,100.0,-38.21037673950195
58.1449556350708,100.0,357.659,100.0,-38.21888732910156
58.17759108543396,100.0,357.712,100.0,-38.2358283996582
58.209346532821655,100.0,357.782,100.0,-38.24393844604492
58.2412428855896,100.0,357.827,100.0,-38.25072479248047
58.273006200790405,100.0,357.868,100.0,-38.257450103759766
58.31361103057861,100.0,357.948,100.0,-38.26973342895508
58.34577560424805,100.0,357.977,100.0,-38.276023864746094
58.37792921066284,100.0,358.013,100.0,-38.287235260009766
58.40934467315674,100.0,358.063,100.0,-38.2932243347168
58.441834449768066,100.0,358.182,100.0,-38.3024787902832
58.47300124168396,100.0,358.294,100.0,-38.312068939208984
58.50452160835266,100.0,358.347,100.0,-38.3297233581543
58.547080278396606,100.0,358.378,100.0,-38.337379455566406
58.570146560668945,100.0,358.412,100.0,-38.344322204589844
58.599388122558594,100.0,358.537,100.0,-38.34928894042969
58.636104583740234,100.0,358.607,100.0,-38.36233901977539
58.66807174682617,100.0,358.695,100.0,-38.370243072509766
58.706063747406006,100.0,358.748,100.0,-38.38878631591797
58.73296785354614,100.0,358.859,100.0,-38.39799880981445
58.765138387680054,100.0,358.871,100.0,-38.40681838989258
58.79736661911011,100.0,358.898,100.0,-38.41373062133789
58.82938551902771,100.0,358.915,100.0,-38.424800872802734
58.862494230270386,100.0,358.985,100.0,-38.42927932739258
58.89341902732849,100.0,359.019,100.0,-38.43428421020508
58.93166184425354,100.0,359.047,100.0,-38.443817138671875
58.95804715156555,100.0,359.106,100.0,-38.44949722290039
58.99007797241211,100.0,359.17,100.0,-38.45622253417969
59.02227830886841,100.0,359.368,100.0,-38.46434783935547
59.054840087890625,100.0,359.431,100.0,-38.48606872558594
59.080633878707886,100.0,359.492,100.0,-38.49656677246094
59.11191964149475,100.0,359.542,100.0,-38.50638961791992
59.14419436454773,100.0,359.6,100.0,-38.516014099121094
59.180052757263184,100.0,359.643,100.0,-38.53036880493164
59.2130286693573,100.0,359.677,100.0,-38.53511428833008
59.2464873790741,100.0,359.719,100.0,-38.5398063659668
59.271995067596436,100.0,359.761,100.0,-38.5447998046875
59.30393123626709,100.0,359.792,100.0,-38.555015563964844
59.33559775352478,100.0,359.875,100.0,-38.56038284301758
59.368290185928345,100.0,359.903,100.0,-38.565765380859375
59.400606870651245,100.0,359.956,100.0,-38.57074737548828
59.43218374252319,100.0,360.008,100.0,-38.58273696899414
59.46401524543762,100.0,360.046,100.0,-38.587989807128906
59.49608516693115,100.0,360.094,100.0,-38.59254837036133
59.52907681465149,100.0,360.095,100.0,-38.60149002075195
59.56172156333923,100.0,360.142,100.0,-38.60602951049805
59.59268808364868,100.0,360.219,100.0,-38.612457275390625
59.62450385093689,100.0,360.324,100.0,-38.61895751953125
59.65667676925659,100.0,360.441,100.0,-38.636444091796875
59.68818783760071,100.0,360.492,100.0,-38.646156311035156
59.729432821273804,100.0,360.606,100.0,-38.664085388183594
59.76128649711609,100.0,360.652,100.0,-38.67124557495117
59.792365312576294,100.0,360.741,100.0,-38.6783447265625
59.82505989074707,100.0,360.78,100.0,-38.68720245361328
59.856205224990845,100.0,360.902,100.0,-38.70330810546875
59.89523482322693,100.0,360.926,100.0,-38.71213150024414
59.92695903778076,100.0,360.973,100.0,-38.719573974609375
59.96371150016785,100.0,361.051,100.0,-38.73455047607422
59.988425731658936,100.0,361.098,100.0,-38.74098587036133
60.03662085533142,100.0,361.19,100.0,-38.754329681396484
60.06995701789856,100.0,361.227,100.0,-38.760955810546875
60.10013175010681,100.0,361.255,100.0,-38.767250061035156
60.13288998603821,100.0,361.274,100.0,-38.777713775634766
60.165435552597046,100.0,361.35,100.0,-38.78424835205078
60.19724106788635,100.0,361.536,100.0,-38.79280090332031
60.22937321662903,100.0,361.62,100.0,-38.81402587890625
60.261592626571655,100.0,361.662,100.0,-38.823936462402344
60.29437780380249,100.0,361.706,100.0,-38.83304214477539
60.325674295425415,100.0,361.913,100.0,-38.845008850097656
60.35687708854675,100.0,361.985,100.0,-38.86921691894531
60.405187368392944,100.0,362.136,100.0,-38.89207458496094
60.43670082092285,100.0,362.223,100.0,-38.901145935058594
60.479100704193115,100.0,362.418,100.0,-38.92237854003906
60.511658906936646,100.0,362.465,100.0,-38.93497085571289
60.543272972106934,100.0,362.516,100.0,-38.94618606567383
60.57580351829529,100.0,362.563,100.0,-38.95649337768555
60.60834884643555,100.0,362.596,100.0,-38.97211837768555
60.65538716316223,100.0,362.621,100.0,-38.983768463134766
60.68657183647156,100.0,362.73,100.0,-38.989013671875
60.733309745788574,100.0,362.775,100.0,-39.002174377441406
60.76296281814575,100.0,362.853,100.0,-39.01006317138672
60.79432678222656,100.0,362.986,100.0,-39.01853561401367
60.811084032058716,100.0,362.986,100.0,-39.02741241455078
60.84377098083496,100.0,363.07,100.0,-39.03618621826172
60.87538194656372,100.0,363.112,100.0,-39.043701171875
60.9075767993927,100.0,363.126,100.0,-39.05649185180664
60.94000959396362,100.0,363.138,100.0,-39.060935974121094
60.9724497795105,100.0,363.13,100.0,-39.06361389160156
61.007328033447266,100.0,363.212,100.0,-39.07118225097656
61.03607201576233,100.0,363.29,100.0,-39.07708740234375
61.069371938705444,100.0,363.37,100.0,-39.0812873840332
61.0996208190918,100.0,363.411,100.0,-39.08753204345703
61.13267707824707,100.0,363.477,100.0,-39.09967803955078
61.16384291648865,100.0,363.469,100.0,-39.10519027709961
61.19529056549072,100.0,363.483,100.0,-39.108768463134766
61.23243308067322,100.0,363.482,100.0,-39.113746643066406
61.26020383834839,100.0,363.51,100.0,-39.11612319946289
61.29298424720764,100.0,363.494,100.0,-39.11883544921875
61.32502841949463,100.0,363.521,100.0,-39.118797302246094
61.357094526290894,100.0,363.49,100.0,-39.118717193603516
61.395294189453125,100.0,363.526,100.0,-39.11693572998047
61.43263030052185,100.0,363.53,100.0,-39.118255615234375
61.46270179748535,100.0,363.563,100.0,-39.11988830566406
61.493746757507324,100.0,363.639,100.0,-39.12416458129883
61.52642512321472,100.0,363.785,100.0,-39.130741119384766
61.558836221694946,100.0,363.821,100.0,-39.14551544189453
61.59052348136902,100.0,363.913,100.0,-39.15472412109375
61.62295961380005,100.0,364.004,100.0,-39.16543960571289
61.65762662887573,100.0,364.075,100.0,-39.18118667602539
61.68535590171814,100.0,364.086,100.0,-39.18809127807617
61.71898818016052,100.0,364.125,100.0,-39.193603515625
61.75003790855408,100.0,364.131,100.0,-39.19921875
61.782466173172,100.0,364.184,100.0,-39.20878601074219
61.8144953250885,100.0,364.269,100.0,-39.21501159667969
61.846473693847656,100.0,364.3,100.0,-39.220672607421875
61.88372492790222,100.0,364.339,100.0,-39.23157501220703
61.91052961349487,100.0,364.401,100.0,-39.238155364990234
61.94333028793335,100.0,364.512,100.0,-39.243919372558594
61.97568154335022,100.0,364.546,100.0,-39.25177764892578
62.00053000450134,100.0,364.585,100.0,-39.25897979736328
62.04615879058838,100.0,364.655,100.0,-39.27259063720703
62.077725887298584,100.0,364.705,100.0,-39.27872085571289
62.10980486869812,100.0,364.689,100.0,-39.28929901123047
62.14608883857727,100.0,364.775,100.0,-39.29573059082031
62.18322539329529,100.0,364.898,100.0,-39.310302734375
62.21203303337097,100.0,364.909,100.0,-39.316650390625
62.24459624290466,100.0,364.987,100.0,-39.32450866699219
62.27680015563965,100.0,365.006,100.0,-39.330257415771484
62.30809926986694,100.0,365.126,100.0,-39.34019088745117
62.340211153030396,100.0,365.176,100.0,-39.34723663330078
62.3717200756073,100.0,365.259,100.0,-39.354461669921875
62.40836024284363,100.0,365.268,100.0,-39.370018005371094
62.43561601638794,100.0,365.271,100.0,-39.37506866455078
62.468733072280884,100.0,365.261,100.0,-39.377960205078125
62.49959850311279,100.0,365.325,100.0,-39.380123138427734
62.53232383728027,100.0,365.347,100.0,-39.38791275024414
62.56586289405823,100.0,365.409,100.0,-39.39311599731445
62.59637689590454,100.0,365.448,100.0,-39.39743423461914
62.62796378135681,100.0,365.601,100.0,-39.40153121948242
62.660380601882935,100.0,365.651,100.0,-39.41984558105469
62.692023515701294,100.0,365.654,100.0,-39.4266357421875
62.72321271896362,100.0,365.687,100.0,-39.43295669555664
62.74920964241028,100.0,365.715,100.0,-39.43870544433594
62.7938129901886,100.0,365.856,100.0,-39.451725006103516
62.826693534851074,100.0,365.896,100.0,-39.45817565917969
62.862931966781616,100.0,365.963,100.0,-39.47217559814453
62.8962140083313,100.0,366.031,100.0,-39.477516174316406
62.92799139022827,100.0,366.059,100.0,-39.48417663574219
62.960662841796875,100.0,366.217,100.0,-39.496337890625
62.992942571640015,100.0,366.27,100.0,-39.50556182861328
63.025158166885376,100.0,366.334,100.0,-39.51458740234375
63.05877351760864,100.0,366.326,100.0,-39.530433654785156
63.08889365196228,100.0,366.398,100.0,-39.53591537475586
63.12092161178589,100.0,366.431,100.0,-39.542022705078125
63.15345883369446,100.0,366.481,100.0,-39.54777908325195
63.185673236846924,100.0,366.47,100.0,-39.55796432495117
63.217737913131714,100.0,366.496,100.0,-39.56179428100586
63.24877572059631,100.0,366.485,100.0,-39.563961029052734
63.28443932533264,100.0,366.549,100.0,-39.568748474121094
63.312896966934204,100.0,366.599,100.0,-39.57320785522461
63.34475660324097,100.0,366.688,100.0,-39.580108642578125
63.37711572647095,100.0,366.805,100.0,-39.58940124511719
63.40973258018494,100.0,366.85,100.0,-39.60438919067383
63.44171380996704,100.0,366.883,100.0,-39.60981750488281
63.47373294830322,100.0,366.931,100.0,-39.61508560180664
63.50039482116699,100.0,366.978,100.0,-39.6208610534668
63.5457878112793,100.0,367.103,100.0,-39.63258743286133
63.58137321472168,100.0,367.209,100.0,-39.64067840576172
63.6208918094635,100.0,367.371,100.0,-39.66171646118164
63.65372180938721,100.0,367.419,100.0,-39.67346954345703
63.68661451339722,100.0,367.441,100.0,-39.693058013916016
63.71833157539368,100.0,367.544,100.0,-39.70194625854492
63.74994611740112,100.0,367.583,100.0,-39.71031188964844
63.784666299819946,100.0,367.642,100.0,-39.726051330566406
63.81375312805176,100.0,367.723,100.0,-39.73526382446289
63.84574556350708,100.0,367.781,100.0,-39.744415283203125
63.87791633605957,100.0,367.943,100.0,-39.75716781616211
63.91124367713928,100.0,368.009,100.0,-39.77750015258789
63.94181537628174,100.0,368.077,100.0,-39.78778076171875
63.97396659851074,100.0,368.138,100.0,-39.79528045654297
64.00917673110962,100.0,368.3,100.0,-39.812835693359375
64.03763842582703,100.0,368.364,100.0,-39.82265853881836
64.08076310157776,100.0,368.412,100.0,-39.83248519897461
64.11013865470886,100.0,368.459,100.0,-39.84883499145508
64.14200615882874,100.0,368.501,100.0,-39.855323791503906
64.17375683784485,100.0,368.562,100.0,-39.86165237426758
64.20968461036682,100.0,368.69,100.0,-39.87900924682617
64.2470531463623,100.0,368.844,100.0,-39.889427185058594
64.27879190444946,100.0,368.911,100.0,-39.90064239501953
64.31174516677856,100.0,368.95,100.0,-39.92136764526367
64.35352516174316,100.0,369.101,100.0,-39.93212890625
64.37871789932251,100.0,369.17,100.0,-39.94257354736328
64.4108304977417,100.0,369.226,100.0,-39.963035583496094
64.44383120536804,100.0,369.249,100.0,-39.97121810913086
64.47530031204224,100.0,369.275,100.0,-39.97776412963867
64.50798392295837,100.0,369.277,100.0,-39.98271942138672
64.53993272781372,100.0,369.293,100.0,-39.989036560058594
64.57289600372314,100.0,369.265,100.0,-39.989646911621094
64.6061737537384,100.0,369.268,100.0,-39.98878860473633
64.63516306877136,100.0,369.265,100.0,-39.987632751464844
64.66799640655518,100.0,369.276,100.0,-39.98709487915039
64.70067930221558,100.0,369.304,100.0,-39.98684310913086
64.73258519172668,100.0,369.323,100.0,-39.987548828125
64.74843907356262,100.0,369.379,100.0,-39.9886360168457
64.78083157539368,100.0,369.415,100.0,-39.99158477783203
64.8121817111969,100.0,369.43,100.0,-39.99829864501953
64.84432911872864,100.0,369.427,100.0,-40.00026321411133
64.8768801689148,100.0,369.472,100.0,-40.001686096191406
64.91079950332642,100.0,369.522,100.0,-40.008522033691406
64.9409430027008,100.0,369.586,100.0,-40.014137268066406
64.97877097129822,100.0,369.655,100.0,-40.01873779296875
65.00280570983887,100.0,369.697,100.0,-40.02452087402344
65.04507803916931,100.0,369.736,100.0,-40.036617279052734
65.09213876724243,100.0,369.834,100.0,-40.050201416015625
65.1232693195343,100.0,369.842,100.0,-40.05555725097656
65.15515327453613,100.0,369.884,100.0,-40.06062316894531
65.18745350837708,100.0,369.876,100.0,-40.06745910644531
65.22037076950073,100.0,369.889,100.0,-40.0693244934082
65.25125288963318,100.0,369.923,100.0,-40.07107925415039
65.28416109085083,100.0,369.998,100.0,-40.07854080200195
65.31594586372375,100.0,370.179,100.0,-40.085975646972656
65.34782266616821,100.0,370.212,100.0,-40.095237731933594
65.38001728057861,100.0,370.198,100.0,-40.10354232788086
65.41099071502686,100.0,370.157,100.0,-40.11144256591797
65.4434564113617,100.0,370.029,100.0,-40.110286712646484
65.47529149055481,100.0,369.966,100.0,-40.10646057128906
65.50789093971252,100.0,369.944,100.0,-40.095027923583984
65.53906989097595,100.0,369.913,100.0,-40.0892333984375
65.56369853019714,100.0,369.974,100.0,-40.08720016479492
65.59678411483765,100.0,370.03,100.0,-40.08788299560547
65.6275532245636,100.0,370.188,100.0,-40.09114074707031
65.65994668006897,100.0,370.233,100.0,-40.10402297973633
65.69207644462585,100.0,370.228,100.0,-40.108821868896484
65.72860479354858,100.0,370.295,100.0,-40.11509323120117
65.77439856529236,100.0,370.345,100.0,-40.1256103515625
65.811931848526,100.0,370.39,100.0,-40.13459014892578
65.8387303352356,100.0,370.453,100.0,-40.138336181640625
65.87083101272583,100.0,370.501,100.0,-40.143699645996094
65.90334010124207,100.0,370.542,100.0,-40.149681091308594
65.93519067764282,100.0,370.579,100.0,-40.161956787109375
65.96729063987732,100.0,370.629,100.0,-40.16740036010742
65.99989819526672,100.0,370.668,100.0,-40.17257308959961
66.03142428398132,100.0,370.712,100.0,-40.17798614501953
66.06355929374695,100.0,370.76,100.0,-40.19007873535156
66.09615206718445,100.0,370.804,100.0,-40.19503402709961
66.12765264511108,100.0,370.841,100.0,-40.20013427734375
66.16006398200989,100.0,370.832,100.0,-40.20882797241211
66.1921660900116,100.0,370.872,100.0,-40.21292495727539
66.2235050201416,100.0,370.897,100.0,-40.216102600097656
66.25539875030518,100.0,370.933,100.0,-40.2191162109375
66.29543662071228,100.0,370.969,100.0,-40.226802825927734
66.32704281806946,100.0,371.078,100.0,-40.23065185546875
66.35843539237976,100.0,371.131,100.0,-40.23705291748047
66.39099884033203,100.0,371.159,100.0,-40.25031280517578
66.43004441261292,100.0,371.208,100.0,-40.25700378417969
66.46265077590942,100.0,371.284,100.0,-40.26986312866211
66.48809766769409,100.0,371.372,100.0,-40.274532318115234
66.52748680114746,100.0,371.417,100.0,-40.28157043457031
66.56080102920532,100.0,371.541,100.0,-40.29528045654297
66.5928463935852,100.0,371.564,100.0,-40.30387496948242
66.62641215324402,100.0,371.556,100.0,-40.31119155883789
66.65676093101501,100.0,371.571,100.0,-40.31621551513672
66.68972277641296,100.0,371.565,100.0,-40.323123931884766
66.7200562953949,100.0,371.662,100.0,-40.32676696777344
66.75166416168213,100.0,371.718,100.0,-40.33152770996094
66.78447937965393,100.0,371.765,100.0,-40.337284088134766
66.81675243377686,100.0,371.783,100.0,-40.348655700683594
66.84748029708862,100.0,371.875,100.0,-40.35438537597656
66.87989449501038,100.0,371.883,100.0,-40.36042022705078
66.91285562515259,100.0,371.936,100.0,-40.3707275390625
66.94379448890686,100.0,371.939,100.0,-40.3748893737793
66.97601509094238,100.0,372.053,100.0,-40.38261413574219
67.00837922096252,100.0,372.142,100.0,-40.39027404785156
67.04600667953491,100.0,372.199,100.0,-40.40308380126953
67.07817244529724,100.0,372.202,100.0,-40.409358978271484
67.11032485961914,100.0,372.196,100.0,-40.416038513183594
67.1422655582428,100.0,372.166,100.0,-40.4183464050293
67.17968964576721,100.0,372.202,100.0,-40.41858673095703
67.2123486995697,100.0,372.252,100.0,-40.4229736328125
67.24511861801147,100.0,372.294,100.0,-40.42585754394531
67.27712225914001,100.0,372.328,100.0,-40.428775787353516
67.30921149253845,100.0,372.386,100.0,-40.43223190307617
67.34185647964478,100.0,372.433,100.0,-40.4426383972168
67.39009070396423,100.0,372.525,100.0,-40.45479965209961
67.42297053337097,100.0,372.556,100.0,-40.460777282714844
67.45378041267395,100.0,372.606,100.0,-40.4666633605957
67.4867615699768,100.0,372.62,100.0,-40.47566223144531
67.51845812797546,100.0,372.676,100.0,-40.48094177246094
67.55095791816711,100.0,372.795,100.0,-40.489768981933594
67.58284115791321,100.0,372.839,100.0,-40.49889373779297
67.61505961418152,100.0,372.854,100.0,-40.509910583496094
67.64575719833374,100.0,372.885,100.0,-40.51353073120117
67.6779682636261,100.0,372.91,100.0,-40.51734924316406
67.71073508262634,100.0,372.938,100.0,-40.52107620239258
67.7416467666626,100.0,373.02,100.0,-40.52996063232422
67.77752113342285,100.0,373.051,100.0,-40.534645080566406
67.81445860862732,100.0,373.093,100.0,-40.54441452026367
67.84161877632141,100.0,373.171,100.0,-40.55032730102539
67.89598083496094,100.0,373.277,100.0,-40.56132125854492
67.93541169166565,100.0,373.285,100.0,-40.5681037902832
67.97573661804199,100.0,373.33,100.0,-40.579002380371094
68.00905013084412,100.0,373.353,100.0,-40.58317565917969
68.0415587425232,100.0,373.384,100.0,-40.591148376464844
68.07332277297974,100.0,373.414,100.0,-40.59527587890625
68.10630464553833,100.0,373.503,100.0,-40.599632263183594
68.1376142501831,100.0,373.545,100.0,-40.610740661621094
68.16997718811035,100.0,373.589,100.0,-40.61672592163086
68.18713712692261,100.0,373.586,100.0,-40.6209602355957
68.21864438056946,100.0,373.62,100.0,-40.625396728515625
68.2504677772522,100.0,373.662,100.0,-40.62855911254883
68.28318476676941,100.0,373.698,100.0,-40.632511138916016
68.3152642250061,100.0,373.771,100.0,-40.642127990722656
68.34726738929749,100.0,373.787,100.0,-40.64681625366211
68.378427028656,100.0,373.829,100.0,-40.65085983276367
68.41107320785522,100.0,373.855,100.0,-40.65549850463867
68.44207739830017,100.0,373.938,100.0,-40.66368865966797
68.47487235069275,100.0,373.972,100.0,-40.66925048828125
68.50578880310059,100.0,374.061,100.0,-40.67472839355469
68.5310468673706,100.0,374.208,100.0,-40.68245315551758
68.56344079971313,100.0,374.267,100.0,-40.70573425292969
68.59728145599365,100.0,374.356,100.0,-40.717979431152344
68.62933301925659,100.0,374.239,100.0,-40.72586441040039
68.65793013572693,100.0,374.195,100.0,-40.72796630859375
68.69076752662659,100.0,374.148,100.0,-40.72469711303711
68.72297430038452,100.0,374.167,100.0,-40.723106384277344
68.75474190711975,100.0,374.257,100.0,-40.723846435546875
68.78929376602173,100.0,374.379,100.0,-40.732093811035156
68.81869769096375,100.0,374.404,100.0,-40.736785888671875
68.85097670555115,100.0,374.468,100.0,-40.741233825683594
68.88067245483398,100.0,374.49,100.0,-40.74713134765625
68.91297578811646,100.0,374.521,100.0,-40.7565803527832
68.94473242759705,100.0,374.549,100.0,-40.76051330566406
68.97644019126892,100.0,374.572,100.0,-40.76449203491211
69.00861597061157,100.0,374.597,100.0,-40.7682991027832
69.03974723815918,100.0,374.649,100.0,-40.776920318603516
69.0719964504242,100.0,374.711,100.0,-40.78082275390625
69.10398697853088,100.0,374.769,100.0,-40.78583908081055
69.13035321235657,100.0,374.792,100.0,-40.79192352294922
69.16145014762878,100.0,374.861,100.0,-40.8042106628418
69.19350099563599,100.0,374.898,100.0,-40.81081771850586
69.22550582885742,100.0,374.964,100.0,-40.81705856323242
69.25703954696655,100.0,374.998,100.0,-40.8230094909668
69.28859114646912,100.0,374.998,100.0,-40.83296203613281
69.32940936088562,100.0,375.014,100.0,-40.83660125732422
69.37013721466064,100.0,375.084,100.0,-40.844642639160156
69.40198755264282,100.0,375.115,100.0,-40.84909439086914
69.43452262878418,100.0,375.165,100.0,-40.85227966308594
69.46666693687439,100.0,375.21,100.0,-40.85822296142578
69.49819922447205,100.0,375.282,100.0,-40.86259841918945
69.51456809043884,100.0,375.337,100.0,-40.86876678466797
69.54549813270569,100.0,375.366,100.0,-40.8756103515625
69.57795524597168,100.0,375.36,100.0,-40.88187026977539
69.60998678207397,100.0,375.369,100.0,-40.886207580566406
69.64276385307312,100.0,375.405,100.0,-40.89362335205078
69.67496514320374,100.0,375.447,100.0,-40.896427154541016
69.70683670043945,100.0,375.427,100.0,-40.900115966796875
69.73885345458984,100.0,375.453,100.0,-40.90411376953125
69.77029991149902,100.0,375.505,100.0,-40.90780258178711
69.79586434364319,100.0,375.533,100.0,-40.9116096496582
69.82888174057007,100.0,375.642,100.0,-40.917991638183594
69.86007046699524,100.0,375.673,100.0,-40.92362976074219
69.89335560798645,100.0,375.714,100.0,-40.93475341796875
69.92371988296509,100.0,375.734,100.0,-40.939754486083984
69.95512914657593,100.0,375.868,100.0,-40.949012756347656
69.99614834785461,100.0,375.965,100.0,-40.96531677246094
70.02992272377014,100.0,375.985,100.0,-40.97205352783203
70.07931876182556,100.0,376.01,100.0,-40.98291015625
70.1104884147644,100.0,376.004,100.0,-40.9866828918457
70.14306139945984,100.0,376.063,100.0,-40.99239730834961
70.17567706108093,100.0,376.058,100.0,-40.99541473388672
70.2074990272522,100.0,376.11,100.0,-40.997276306152344
70.23987793922424,100.0,376.085,100.0,-41.00196075439453
70.27180337905884,100.0,376.172,100.0,-41.00383758544922
70.30476570129395,100.0,376.191,100.0,-41.00762176513672
70.3361451625824,100.0,376.22,100.0,-41.011131286621094
70.36876630783081,100.0,376.214,100.0,-41.017242431640625
70.40041375160217,100.0,376.247,100.0,-41.0202751159668
70.43184447288513,100.0,376.353,100.0,-41.02417755126953
70.46448111534119,100.0,376.4,100.0,-41.03569412231445
70.49599361419678,100.0,376.431,100.0,-41.04143524169922
70.52937746047974,100.0,376.451,100.0,-41.04649353027344
70.56118631362915,100.0,376.56,100.0,-41.05299377441406
70.59321689605713,100.0,376.582,100.0,-41.06301498413086
70.62592601776123,100.0,376.629,100.0,-41.067745208740234
70.6571831703186,100.0,376.646,100.0,-41.07313537597656
70.69015526771545,100.0,376.668,100.0,-41.08203887939453
70.7306113243103,100.0,376.735,100.0,-41.086265563964844
70.76324224472046,100.0,376.771,100.0,-41.09580612182617
70.79376649856567,100.0,376.841,100.0,-41.101348876953125
70.81610655784607,100.0,376.841,100.0,-41.10631561279297
70.84450817108154,100.0,376.858,100.0,-41.110618591308594
70.87583541870117,100.0,376.945,100.0,-41.116050720214844
70.90863084793091,100.0,377.0,100.0,-41.12130355834961
70.94013595581055,100.0,377.039,100.0,-41.133541107177734
70.97216820716858,100.0,377.048,100.0,-41.13838577270508
71.00535321235657,100.0,377.092,100.0,-41.1424560546875
71.04282236099243,100.0,377.081,100.0,-41.14909362792969
71.07008743286133,100.0,377.115,100.0,-41.15219497680664
71.10255098342896,100.0,377.173,100.0,-41.15678405761719
71.13271141052246,100.0,377.357,100.0,-41.16466522216797
71.16517424583435,100.0,377.362,100.0,-41.180564880371094
71.19677782058716,100.0,377.354,100.0,-41.185630798339844
71.22813582420349,100.0,377.352,100.0,-41.188934326171875
71.26086568832397,100.0,377.349,100.0,-41.191131591796875
71.2934079170227,100.0,377.422,100.0,-41.19378662109375
71.32972860336304,100.0,377.445,100.0,-41.19706726074219
71.3657693862915,100.0,377.47,100.0,-41.20368957519531
71.39445805549622,100.0,377.52,100.0,-41.20815658569336
71.4260880947113,100.0,377.561,100.0,-41.21139144897461
71.46325063705444,100.0,377.575,100.0,-41.21885681152344
71.49224090576172,100.0,377.586,100.0,-41.221778869628906
71.5209150314331,100.0,377.626,100.0,-41.22550582885742
71.55356097221375,100.0,377.712,100.0,-41.230018615722656
71.58556747436523,100.0,377.715,100.0,-41.23506546020508
71.61815619468689,100.0,377.743,100.0,-41.24278259277344
71.64923644065857,100.0,377.754,100.0,-41.24605178833008
71.68144989013672,100.0,377.835,100.0,-41.24882507324219
71.71716928482056,100.0,377.891,100.0,-41.259613037109375
71.74555540084839,100.0,377.969,100.0,-41.26724624633789
71.77804613113403,100.0,377.986,100.0,-41.27363586425781
71.80964231491089,100.0,377.991,100.0,-41.278343200683594
71.8423638343811,100.0,378.074,100.0,-41.28475570678711
71.89101076126099,100.0,378.132,100.0,-41.294944763183594
71.92323303222656,100.0,378.148,100.0,-41.29977035522461
71.95475792884827,100.0,378.146,100.0,-41.30393600463867
71.99647688865662,100.0,378.231,100.0,-41.31031036376953
72.02826118469238,100.0,378.272,100.0,-41.31486892700195
72.06017589569092,100.0,378.277,100.0,-41.319889068603516
72.09045076370239,100.0,378.288,100.0,-41.326969146728516
72.1215717792511,100.0,378.31,100.0,-41.33015441894531
72.1532928943634,100.0,378.352,100.0,-41.33369445800781
72.17847275733948,100.0,378.352,100.0,-41.336673736572266
72.20568656921387,100.0,378.401,100.0,-41.3408203125
72.24192690849304,100.0,378.432,100.0,-41.34720993041992
72.27036929130554,100.0,378.512,100.0,-41.352989196777344
72.30211615562439,100.0,378.542,100.0,-41.35850524902344
72.33433699607849,100.0,378.638,100.0,-41.36658477783203
72.36650824546814,100.0,378.63,100.0,-41.376346588134766
72.39892840385437,100.0,378.652,100.0,-41.37933349609375
72.43086767196655,100.0,378.663,100.0,-41.38233184814453
72.46866917610168,100.0,378.74,100.0,-41.389862060546875
72.49572134017944,100.0,378.82,100.0,-41.39466094970703
72.52810549736023,100.0,378.867,100.0,-41.400333404541016
72.55973768234253,100.0,378.873,100.0,-41.406463623046875
72.59060335159302,100.0,378.92,100.0,-41.41663360595703
72.62332320213318,100.0,378.98,100.0,-41.4213752746582
72.65670084953308,100.0,378.999,100.0,-41.426517486572266
72.69234204292297,100.0,379.035,100.0,-41.43581771850586
72.7269606590271,100.0,379.077,100.0,-41.44068908691406
72.75935912132263,100.0,379.127,100.0,-41.444541931152344
72.79120206832886,100.0,379.143,100.0,-41.45354461669922
72.82347369194031,100.0,379.154,100.0,-41.45698165893555
72.85326957702637,100.0,379.187,100.0,-41.46078109741211
72.8946304321289,100.0,379.262,100.0,-41.46981430053711
72.92500686645508,100.0,379.289,100.0,-41.474281311035156
72.95537328720093,100.0,379.317,100.0,-41.478668212890625
72.98724842071533,100.0,379.366,100.0,-41.48308563232422
73.01970720291138,100.0,379.383,100.0,-41.48990249633789
73.0519232749939,100.0,379.388,100.0,-41.492576599121094
73.08383917808533,100.0,379.44,100.0,-41.494632720947266
73.11782383918762,100.0,379.49,100.0,-41.50096893310547
73.15015625953674,100.0,379.54,100.0,-41.5047607421875
73.18122053146362,100.0,379.534,100.0,-41.50958251953125
73.2140474319458,100.0,379.6,100.0,-41.51285171508789
73.24552011489868,100.0,379.661,100.0,-41.52296447753906
73.27723097801208,100.0,379.71,100.0,-41.527896881103516
73.30912828445435,100.0,379.744,100.0,-41.533546447753906
73.34379768371582,100.0,379.785,100.0,-41.54492950439453
73.37310743331909,100.0,379.821,100.0,-41.550697326660156
73.4050645828247,100.0,379.837,100.0,-41.55479431152344
73.44510459899902,100.0,379.837,100.0,-41.5611572265625
73.4780421257019,100.0,379.862,100.0,-41.56401824951172
73.50963878631592,100.0,379.942,100.0,-41.56809997558594
73.54189610481262,100.0,380.019,100.0,-41.57854461669922
73.5741798877716,100.0,380.047,100.0,-41.584327697753906
73.59823775291443,100.0,380.097,100.0,-41.590667724609375
73.62871956825256,100.0,380.123,100.0,-41.59641647338867
73.65939688682556,100.0,380.159,100.0,-41.60212707519531
73.69234156608582,100.0,380.206,100.0,-41.609596252441406
73.72436857223511,100.0,380.217,100.0,-41.61354064941406
73.75603580474854,100.0,380.229,100.0,-41.6168098449707
73.78917241096497,100.0,380.265,100.0,-41.61960220336914
73.82158160209656,100.0,380.298,100.0,-41.62559509277344
73.85308194160461,100.0,380.315,100.0,-41.628604888916016
73.8853189945221,100.0,380.307,100.0,-41.63142395019531
73.9178876876831,100.0,380.326,100.0,-41.634910583496094
73.94870710372925,100.0,380.363,100.0,-41.63639450073242
73.98122525215149,100.0,380.399,100.0,-41.63865280151367
74.01342511177063,100.0,380.424,100.0,-41.641727447509766
74.04627275466919,100.0,380.471,100.0,-41.649269104003906
74.07716703414917,100.0,380.499,100.0,-41.653587341308594
74.10904288291931,100.0,380.563,100.0,-41.657920837402344
74.14122533798218,100.0,380.594,100.0,-41.66259002685547
74.17408633232117,100.0,380.622,100.0,-41.67194366455078
74.20535945892334,100.0,380.633,100.0,-41.675785064697266
74.244069814682,100.0,380.695,100.0,-41.684913635253906
74.27615976333618,100.0,380.737,100.0,-41.68780517578125
74.31251001358032,100.0,380.776,100.0,-41.69160079956055
74.34694862365723,100.0,380.848,100.0,-41.699729919433594
74.37788772583008,100.0,380.865,100.0,-41.704864501953125
74.40982747077942,100.0,380.904,100.0,-41.70934295654297
74.4418683052063,100.0,380.949,100.0,-41.719688415527344
74.47361469268799,100.0,381.105,100.0,-41.72696304321289
74.50636434555054,100.0,381.152,100.0,-41.73564147949219
74.54331731796265,100.0,381.202,100.0,-41.75245666503906
74.57041382789612,100.0,381.169,100.0,-41.75727462768555
74.60320734977722,100.0,381.166,100.0,-41.760597229003906
74.6343560218811,100.0,381.186,100.0,-41.76289367675781
74.66713523864746,100.0,381.233,100.0,-41.7687873840332
74.69924902915955,100.0,381.258,100.0,-41.77233123779297
74.73177647590637,100.0,381.303,100.0,-41.77671813964844
74.76962375640869,100.0,381.375,100.0,-41.78645324707031
74.79532313346863,100.0,381.392,100.0,-41.79065704345703
74.82643246650696,100.0,381.401,100.0,-41.79404067993164
74.87362718582153,100.0,381.451,100.0,-41.79966354370117
74.91278600692749,100.0,381.479,100.0,-41.802406311035156
74.94555258750916,100.0,381.549,100.0,-41.808895111083984
74.97685718536377,100.0,381.574,100.0,-41.81300354003906
75.00939893722534,100.0,381.571,100.0,-41.817020416259766
75.0304126739502,100.0,381.638,100.0,-41.819786071777344
75.06162476539612,100.0,381.655,100.0,-41.824527740478516
75.09682202339172,100.0,381.769,100.0,-41.83485794067383
75.12739086151123,100.0,381.78,100.0,-41.84104537963867
75.15987849235535,100.0,381.828,100.0,-41.846065521240234
75.19576025009155,100.0,381.839,100.0,-41.856346130371094
75.22435259819031,100.0,381.872,100.0,-41.861061096191406
75.2572112083435,100.0,381.911,100.0,-41.865562438964844
75.28956151008606,100.0,381.934,100.0,-41.86935043334961
75.32145404815674,100.0,381.995,100.0,-41.87816619873047
75.35376477241516,100.0,382.02,100.0,-41.88296890258789
75.38644194602966,100.0,382.04,100.0,-41.88728713989258
75.41987943649292,100.0,382.054,100.0,-41.89395523071289
75.45018410682678,100.0,382.093,100.0,-41.89566421508789
75.48208236694336,100.0,382.096,100.0,-41.89840316772461
75.51207566261292,100.0,382.107,100.0,-41.90043258666992
75.54430866241455,100.0,382.185,100.0,-41.90635299682617
75.57644009590149,100.0,382.224,100.0,-41.909706115722656
75.59396576881409,100.0,382.224,100.0,-41.91374206542969
75.62370872497559,100.0,382.324,100.0,-41.918426513671875
75.65567541122437,100.0,382.383,100.0,-41.92428207397461
75.68743228912354,100.0,382.397,100.0,-41.93107986450195
75.72887516021729,100.0,382.422,100.0,-41.94176483154297
75.76181697845459,100.0,382.425,100.0,-41.94557189941406
75.79401326179504,100.0,382.442,100.0,-41.95109176635742
75.82584762573242,100.0,382.47,100.0,-41.954124450683594
75.85737109184265,100.0,382.495,100.0,-41.95646667480469
75.89010763168335,100.0,382.534,100.0,-41.95890808105469
75.92264318466187,100.0,382.517,100.0,-41.9638786315918
75.95437479019165,100.0,382.503,100.0,-41.96437072753906
75.98628401756287,100.0,382.528,100.0,-41.96562194824219
76.01929950714111,100.0,382.665,100.0,-41.972801208496094
76.05120515823364,100.0,382.662,100.0,-41.977378845214844
76.0831949710846,100.0,382.698,100.0,-41.98061752319336
76.11500000953674,100.0,382.698,100.0,-41.98445129394531
76.14825654029846,100.0,382.729,100.0,-41.98887634277344
76.17959308624268,100.0,382.757,100.0,-41.99160385131836
76.21141505241394,100.0,382.796,100.0,-41.994720458984375
76.2436671257019,100.0,382.852,100.0,-42.0037727355957
76.2755675315857,100.0,382.91,100.0,-42.00936508178711
76.3075110912323,100.0,382.947,100.0,-42.01417922973633
76.3387520313263,100.0,382.961,100.0,-42.019264221191406
76.36476755142212,100.0,382.977,100.0,-42.023590087890625
76.39506268501282,100.0,383.036,100.0,-42.032630920410156
76.42893767356873,100.0,383.072,100.0,-42.03797912597656
76.45622229576111,100.0,383.139,100.0,-42.04274368286133
76.48756527900696,100.0,383.122,100.0,-42.04819107055664
76.52031540870667,100.0,383.111,100.0,-42.05332565307617
76.5519711971283,100.0,383.142,100.0,-42.055850982666016
76.58509182929993,100.0,383.172,100.0,-42.05885314941406
76.61981391906738,100.0,383.273,100.0,-42.06831359863281
76.64798998832703,100.0,383.312,100.0,-42.073760986328125
76.68074536323547,100.0,383.309,100.0,-42.077762603759766
76.71228790283203,100.0,383.348,100.0,-42.08052062988281
76.74330258369446,100.0,383.387,100.0,-42.08733367919922
76.77586054801941,100.0,383.434,100.0,-42.090572357177734
76.80934500694275,100.0,383.426,100.0,-42.094844818115234
76.84054207801819,100.0,383.462,100.0,-42.09761047363281
76.87335729598999,100.0,383.54,100.0,-42.104576110839844
76.90478992462158,100.0,383.566,100.0,-42.10932159423828
76.94519996643066,100.0,383.582,100.0,-42.117881774902344
76.978098154068,100.0,383.602,100.0,-42.121604919433594
77.00939702987671,100.0,383.618,100.0,-42.123817443847656
77.04658508300781,100.0,383.655,100.0,-42.129859924316406
77.07285356521606,100.0,383.666,100.0,-42.132755279541016
77.10461592674255,100.0,383.688,100.0,-42.13572692871094
77.12981581687927,100.0,383.747,100.0,-42.140316009521484
77.16278982162476,100.0,383.825,100.0,-42.143798828125
77.20284032821655,100.0,383.853,100.0,-42.1547966003418
77.23591589927673,100.0,383.858,100.0,-42.15894317626953
77.272634267807,100.0,383.934,100.0,-42.167625427246094
77.29966926574707,100.0,383.956,100.0,-42.171424865722656
77.33215737342834,100.0,383.998,100.0,-42.175079345703125
77.36326265335083,100.0,384.023,100.0,-42.17945861816406
77.39510726928711,100.0,384.079,100.0,-42.1890983581543
77.42592239379883,100.0,384.173,100.0,-42.19483184814453
77.45923852920532,100.0,384.193,100.0,-42.201229095458984
77.49084091186523,100.0,384.168,100.0,-42.206787109375
77.52277970314026,100.0,384.201,100.0,-42.213287353515625
77.55381202697754,100.0,384.232,100.0,-42.21529006958008
77.58547019958496,100.0,384.257,100.0,-42.21837615966797
77.61176061630249,100.0,384.285,100.0,-42.221595764160156
77.64515399932861,100.0,384.324,100.0,-42.229148864746094
77.67771077156067,100.0,384.371,100.0,-42.23408126831055
77.70933318138123,100.0,384.43,100.0,-42.238983154296875
77.74682283401489,100.0,384.447,100.0,-42.24790573120117
77.7788598537445,100.0,384.427,100.0,-42.25006866455078
77.80955195426941,100.0,384.436,100.0,-42.25190353393555
77.84459567070007,100.0,384.583,100.0,-42.26154327392578
77.87825107574463,100.0,384.642,100.0,-42.266326904296875
77.91002821922302,100.0,384.617,100.0,-42.27228927612305
77.9479341506958,100.0,384.628,100.0,-42.27846145629883
77.9745934009552,100.0,384.633,100.0,-42.281227111816406
78.00718450546265,100.0,384.673,100.0,-42.28256607055664
78.03912901878357,100.0,384.673,100.0,-42.28507614135742
78.07187056541443,100.0,384.675,100.0,-42.288063049316406
78.10453534126282,100.0,384.74,100.0,-42.29119110107422
78.13571190834045,100.0,384.754,100.0,-42.2938117980957
78.17323303222656,100.0,384.815,100.0,-42.30052185058594
78.20037627220154,100.0,384.815,100.0,-42.303653717041016
78.23284792900085,100.0,384.873,100.0,-42.30715560913086
78.26479363441467,100.0,384.837,100.0,-42.31086730957031
78.29724168777466,100.0,384.829,100.0,-42.31244659423828
78.32910633087158,100.0,384.837,100.0,-42.31292724609375
78.36110639572144,100.0,384.89,100.0,-42.31360626220703
78.39258170127869,100.0,384.952,100.0,-42.31575393676758
78.42522835731506,100.0,384.982,100.0,-42.32418441772461
78.45646643638611,100.0,385.01,100.0,-42.32854080200195
78.4866509437561,100.0,385.091,100.0,-42.33515548706055
78.52958750724792,100.0,385.172,100.0,-42.345272064208984
78.56246304512024,100.0,385.141,100.0,-42.350975036621094
78.61335277557373,100.0,385.203,100.0,-42.357723236083984
78.6472475528717,100.0,385.236,100.0,-42.36532211303711
78.67567992210388,100.0,385.325,100.0,-42.371028900146484
78.70732617378235,100.0,385.348,100.0,-42.37617111206055
78.74006915092468,100.0,385.359,100.0,-42.38090515136719
78.77198886871338,100.0,385.35,100.0,-42.38726806640625
78.80429649353027,100.0,385.373,100.0,-42.38991928100586
78.83637022972107,100.0,385.454,100.0,-42.39386749267578
78.8732578754425,100.0,385.507,100.0,-42.40325927734375
78.90235996246338,100.0,385.52,100.0,-42.407649993896484
78.93370985984802,100.0,385.534,100.0,-42.41142654418945
78.96533679962158,100.0,385.576,100.0,-42.414642333984375
78.99743914604187,100.0,385.649,100.0,-42.42377853393555
79.02862787246704,100.0,385.704,100.0,-42.427894592285156
79.0611093044281,100.0,385.707,100.0,-42.43317794799805
79.09828114509583,100.0,385.704,100.0,-42.43992233276367
79.1260039806366,100.0,385.738,100.0,-42.44233703613281
79.15767860412598,100.0,385.782,100.0,-42.44491958618164
79.19004726409912,100.0,385.788,100.0,-42.44856262207031
79.23026704788208,100.0,385.827,100.0,-42.45509338378906
79.26194739341736,100.0,385.838,100.0,-42.457725524902344
79.29827046394348,100.0,385.886,100.0,-42.4636344909668
79.33717274665833,100.0,385.953,100.0,-42.467620849609375
79.37820219993591,100.0,386.003,100.0,-42.477195739746094
79.41014099121094,100.0,386.047,100.0,-42.482322692871094
79.44295692443848,100.0,386.096,100.0,-42.486671447753906
79.47487616539001,100.0,386.107,100.0,-42.49617385864258
79.50626587867737,100.0,386.099,100.0,-42.49894332885742
79.53781700134277,100.0,386.132,100.0,-42.50225830078125
79.57291460037231,100.0,386.143,100.0,-42.50669860839844
79.60309791564941,100.0,386.193,100.0,-42.51021194458008
79.63624501228333,100.0,386.201,100.0,-42.5130729675293
79.66814374923706,100.0,386.251,100.0,-42.51719284057617
79.69978618621826,100.0,386.287,100.0,-42.52231216430664
79.7317042350769,100.0,386.262,100.0,-42.52527618408203
79.7637391090393,100.0,386.3,100.0,-42.526336669921875
79.79836988449097,100.0,386.325,100.0,-42.53118133544922
79.82707667350769,100.0,386.38,100.0,-42.534793853759766
79.85882067680359,100.0,386.422,100.0,-42.5379638671875
79.89033102989197,100.0,386.449,100.0,-42.54201126098633
79.92192268371582,100.0,386.444,100.0,-42.548885345458984
79.96259331703186,100.0,386.493,100.0,-42.5518684387207
79.99891948699951,100.0,386.523,100.0,-42.5586051940918
80.02890610694885,100.0,386.543,100.0,-42.56201934814453
80.06167769432068,100.0,386.617,100.0,-42.56599426269531
80.0954818725586,100.0,386.628,100.0,-42.57048797607422
80.12797594070435,100.0,386.669,100.0,-42.57869338989258
80.15944504737854,100.0,386.683,100.0,-42.5825309753418
80.19144535064697,100.0,386.694,100.0,-42.58485412597656
80.22554326057434,100.0,386.697,100.0,-42.58929443359375
80.25619721412659,100.0,386.749,100.0,-42.5927734375
80.28755259513855,100.0,386.774,100.0,-42.59634017944336
80.31958341598511,100.0,386.805,100.0,-42.600223541259766
80.35119247436523,100.0,386.816,100.0,-42.60505676269531
80.38334822654724,100.0,386.81,100.0,-42.606895446777344
80.41555857658386,100.0,386.852,100.0,-42.6078987121582
80.44975805282593,100.0,386.871,100.0,-42.612754821777344
80.47930479049683,100.0,386.948,100.0,-42.61636734008789
80.51108598709106,100.0,386.948,100.0,-42.62038803100586
80.54550313949585,100.0,386.97,100.0,-42.62333679199219
80.57568764686584,100.0,386.964,100.0,-42.62832260131836
80.60893249511719,100.0,387.006,100.0,-42.630714416503906
80.65039277076721,100.0,387.03,100.0,-42.635841369628906
80.67890763282776,100.0,387.061,100.0,-42.63909149169922
80.71055102348328,100.0,387.086,100.0,-42.64250183105469
80.74620389938354,100.0,387.108,100.0,-42.64590835571289
80.77416658401489,100.0,387.11,100.0,-42.650230407714844
80.80633497238159,100.0,387.124,100.0,-42.65209197998047
80.8396680355072,100.0,387.207,100.0,-42.656864166259766
80.87595701217651,100.0,387.29,100.0,-42.66542053222656
80.90338611602783,100.0,387.287,100.0,-42.67018508911133
80.93577408790588,100.0,387.295,100.0,-42.67357635498047
80.95139598846436,100.0,387.314,100.0,-42.67636489868164
80.98259592056274,100.0,387.364,100.0,-42.67914581298828
81.01525402069092,100.0,387.383,100.0,-42.6832275390625
81.04738974571228,100.0,387.433,100.0,-42.69186019897461
81.08004808425903,100.0,387.46,100.0,-42.696022033691406
81.11103343963623,100.0,387.54,100.0,-42.69960403442383
81.14456915855408,100.0,387.538,100.0,-42.70554733276367
81.17544555664062,100.0,387.546,100.0,-42.71335983276367
81.20735120773315,100.0,387.543,100.0,-42.71573257446289
81.23959016799927,100.0,387.554,100.0,-42.716453552246094
81.27104783058167,100.0,387.598,100.0,-42.71820831298828
81.29600286483765,100.0,387.659,100.0,-42.72123718261719
81.32863283157349,100.0,387.642,100.0,-42.728736877441406
81.36040353775024,100.0,387.686,100.0,-42.73255157470703
81.39212822914124,100.0,387.661,100.0,-42.73427200317383
81.42972159385681,100.0,387.714,100.0,-42.735782623291016
81.45860767364502,100.0,387.733,100.0,-42.738494873046875
81.49064469337463,100.0,387.76,100.0,-42.741233825683594
81.52254605293274,100.0,387.719,100.0,-42.74485778808594
81.55438089370728,100.0,387.843,100.0,-42.747215270996094
81.58592057228088,100.0,387.843,100.0,-42.75199890136719
81.61840415000916,100.0,387.899,100.0,-42.75555419921875
81.6526186466217,100.0,387.871,100.0,-42.76425552368164
81.68229007720947,100.0,387.893,100.0,-42.7657356262207
81.71433520317078,100.0,387.909,100.0,-42.767642974853516
81.74672436714172,100.0,387.937,100.0,-42.769630432128906
81.77871942520142,100.0,388.012,100.0,-42.77717208862305
81.81028819084167,100.0,388.092,100.0,-42.782127380371094
81.8433825969696,100.0,388.118,100.0,-42.78790283203125
81.8752191066742,100.0,388.081,100.0,-42.79571533203125
81.90692448616028,100.0,388.126,100.0,-42.79930114746094
81.9386785030365,100.0,388.176,100.0,-42.802608489990234
81.97973608970642,100.0,388.241,100.0,-42.811832427978516
82.01120042800903,100.0,388.285,100.0,-42.817718505859375
82.04307079315186,100.0,388.31,100.0,-42.82312774658203
82.07539439201355,100.0,388.327,100.0,-42.831600189208984
82.10262393951416,100.0,388.332,100.0,-42.83395767211914
82.13551425933838,100.0,388.363,100.0,-42.835784912109375
82.16247940063477,100.0,388.405,100.0,-42.83830261230469
82.18616580963135,100.0,388.455,100.0,-42.841819763183594
82.21787476539612,100.0,388.519,100.0,-42.84645080566406
82.25157237052917,100.0,388.533,100.0,-42.85761642456055
82.28338384628296,100.0,388.556,100.0,-42.86252212524414
82.3138997554779,100.0,388.559,100.0,-42.86589813232422
82.34583163261414,100.0,388.592,100.0,-42.86842346191406
82.37839865684509,100.0,388.606,100.0,-42.874359130859375
82.40922260284424,100.0,388.662,100.0,-42.87784194946289
82.44126749038696,100.0,388.678,100.0,-42.88117599487305
82.47667717933655,100.0,388.689,100.0,-42.886863708496094
82.5061252117157,100.0,388.756,100.0,-42.891517639160156
82.53794240951538,100.0,388.773,100.0,-42.8956413269043
82.56989932060242,100.0,388.81,100.0,-42.89947509765625
82.60230994224548,100.0,388.829,100.0,-42.906253814697266
82.62903118133545,100.0,388.871,100.0,-42.91037368774414
82.66308641433716,100.0,388.879,100.0,-42.913700103759766
82.69300174713135,100.0,388.902,100.0,-42.91704177856445
82.72697138786316,100.0,388.924,100.0,-42.92050552368164
82.75592947006226,100.0,388.921,100.0,-42.92266082763672
82.79530906677246,100.0,388.936,100.0,-42.92402648925781
82.82800769805908,100.0,388.961,100.0,-42.92768096923828
82.8602020740509,100.0,388.989,100.0,-42.9290885925293
82.89249658584595,100.0,389.003,100.0,-42.93120193481445
82.92712140083313,100.0,388.992,100.0,-42.93426513671875
82.95604228973389,100.0,389.053,100.0,-42.936275482177734
82.98949408531189,100.0,389.072,100.0,-42.93886947631836
83.01953387260437,100.0,389.097,100.0,-42.94153594970703
83.05246639251709,100.0,389.1,100.0,-42.94679641723633
83.083909034729,100.0,389.131,100.0,-42.94972610473633
83.11610794067383,100.0,389.203,100.0,-42.952903747558594
83.14856362342834,100.0,389.251,100.0,-42.96238708496094
83.17976188659668,100.0,389.265,100.0,-42.966835021972656
83.21118950843811,100.0,389.307,100.0,-42.97188186645508
83.24309039115906,100.0,389.349,100.0,-42.97666549682617
83.27656269073486,100.0,389.365,100.0,-42.984676361083984
83.30802011489868,100.0,389.41,100.0,-42.98930358886719
83.33943223953247,100.0,389.438,100.0,-42.993873596191406
83.38010144233704,100.0,389.471,100.0,-43.00041580200195
83.41116571426392,100.0,389.482,100.0,-43.00328826904297
83.44242334365845,100.0,389.53,100.0,-43.00578308105469
83.47632503509521,100.0,389.608,100.0,-43.01251983642578
83.51270961761475,100.0,389.633,100.0,-43.017662048339844
83.5317120552063,100.0,389.633,100.0,-43.02250671386719
83.56542253494263,100.0,389.669,100.0,-43.02606201171875
83.59298753738403,100.0,389.655,100.0,-43.030128479003906
83.62865972518921,100.0,389.711,100.0,-43.03648376464844
83.65676140785217,100.0,389.775,100.0,-43.041351318359375
83.688481092453,100.0,389.828,100.0,-43.04563903808594
83.72105932235718,100.0,389.837,100.0,-43.05098342895508
83.7529661655426,100.0,389.845,100.0,-43.05875778198242
83.785320520401,100.0,389.878,100.0,-43.06261444091797
83.81737089157104,100.0,389.954,100.0,-43.06833267211914
83.84499454498291,100.0,390.001,100.0,-43.07279586791992
83.88062930107117,100.0,390.007,100.0,-43.08208084106445
83.91208720207214,100.0,390.007,100.0,-43.08500671386719
83.9366044998169,100.0,390.026,100.0,-43.087852478027344
83.97662925720215,100.0,390.018,100.0,-43.090938568115234
84.00966358184814,100.0,390.026,100.0,-43.091827392578125
84.04309582710266,100.0,390.071,100.0,-43.094215393066406
84.07999920845032,100.0,390.154,100.0,-43.101287841796875
84.11229944229126,100.0,390.183,100.0,-43.10447692871094
84.14578914642334,100.0,390.18,100.0,-43.10798263549805
84.17584657669067,100.0,390.174,100.0,-43.110389709472656
84.2128677368164,100.0,390.199,100.0,-43.11256790161133
84.24714875221252,100.0,390.227,100.0,-43.11422348022461
84.265216588974,100.0,390.28,100.0,-43.11652374267578
84.30520558357239,100.0,390.333,100.0,-43.12425231933594
84.33699655532837,100.0,390.375,100.0,-43.128265380859375
84.3659553527832,100.0,390.378,100.0,-43.132972717285156
84.39678716659546,100.0,390.422,100.0,-43.136573791503906
84.42563199996948,100.0,390.439,100.0,-43.14103317260742
84.45790004730225,100.0,390.45,100.0,-43.14839172363281
84.48968601226807,100.0,390.509,100.0,-43.15250015258789
84.52124261856079,100.0,390.515,100.0,-43.15629577636719
84.5544114112854,100.0,390.565,100.0,-43.16353988647461
84.58518362045288,100.0,390.562,100.0,-43.16651153564453
84.61814475059509,100.0,390.596,100.0,-43.1700553894043
84.64960741996765,100.0,390.615,100.0,-43.17353820800781
84.68251323699951,100.0,390.635,100.0,-43.17842102050781
84.71288633346558,100.0,390.635,100.0,-43.18017578125
84.74615836143494,100.0,390.696,100.0,-43.181358337402344
84.77924036979675,100.0,390.751,100.0,-43.18950653076172
84.80963349342346,100.0,390.765,100.0,-43.19295120239258
84.84058022499084,100.0,390.815,100.0,-43.1960334777832
84.87315630912781,100.0,390.832,100.0,-43.200347900390625
84.90557789802551,100.0,390.885,100.0,-43.20834732055664
84.93866539001465,100.0,390.891,100.0,-43.2122802734375
84.97792387008667,100.0,390.863,100.0,-43.2164421081543
85.00972437858582,100.0,390.93,100.0,-43.21917724609375
85.04218006134033,100.0,390.963,100.0,-43.22183609008789
85.0781774520874,100.0,390.997,100.0,-43.22889709472656
85.10725927352905,100.0,391.008,100.0,-43.232120513916016
85.13850235939026,100.0,391.05,100.0,-43.234947204589844
85.15526509284973,100.0,391.05,100.0,-43.23822021484375
85.1869866847992,100.0,391.101,100.0,-43.24272155761719
85.21841979026794,100.0,391.151,100.0,-43.24733352661133
85.25514960289001,100.0,391.123,100.0,-43.25340270996094
85.28202629089355,100.0,391.126,100.0,-43.25480270385742
85.31288719177246,100.0,391.111,100.0,-43.25508117675781
85.34568905830383,100.0,391.111,100.0,-43.255130767822266
85.37809920310974,100.0,391.17,100.0,-43.25596618652344
85.40941381454468,100.0,391.226,100.0,-43.25786590576172
85.44330501556396,100.0,391.265,100.0,-43.261558532714844
85.47413897514343,100.0,391.285,100.0,-43.26592254638672
85.5054304599762,100.0,391.29,100.0,-43.27464294433594
85.54508399963379,100.0,391.31,100.0,-43.27665710449219
85.5773491859436,100.0,391.346,100.0,-43.282005310058594
85.6128716468811,100.0,391.385,100.0,-43.28484344482422
85.64694499969482,100.0,391.38,100.0,-43.287940979003906
85.67285132408142,100.0,391.388,100.0,-43.289974212646484
85.70409941673279,100.0,391.391,100.0,-43.29307556152344
85.73620128631592,100.0,391.419,100.0,-43.29514694213867
85.76789140701294,100.0,391.505,100.0,-43.29930114746094
85.7996916770935,100.0,391.536,100.0,-43.30329895019531
85.83224821090698,100.0,391.586,100.0,-43.312782287597656
85.86397123336792,100.0,391.569,100.0,-43.31595993041992
85.89644813537598,100.0,391.586,100.0,-43.318965911865234
85.93039321899414,100.0,391.633,100.0,-43.325321197509766
85.95978498458862,100.0,391.706,100.0,-43.32769012451172
85.99347758293152,100.0,391.701,100.0,-43.33242416381836
86.0261459350586,100.0,391.715,100.0,-43.33571243286133
86.05228900909424,100.0,391.723,100.0,-43.340797424316406
86.08250021934509,100.0,391.762,100.0,-43.34260940551758
86.12422347068787,100.0,391.795,100.0,-43.345489501953125
86.15493154525757,100.0,391.87,100.0,-43.35322189331055
86.18672227859497,100.0,391.893,100.0,-43.35775375366211
86.21765780448914,100.0,391.926,100.0,-43.362056732177734
86.25047612190247,100.0,391.926,100.0,-43.366600036621094
86.28249382972717,100.0,391.96,100.0,-43.37376022338867
86.31361269950867,100.0,391.979,100.0,-43.37708282470703
86.34595775604248,100.0,392.018,100.0,-43.37972640991211
86.38048100471497,100.0,392.048,100.0,-43.387020111083984
86.40930962562561,100.0,392.095,100.0,-43.391746520996094
86.44199824333191,100.0,392.106,100.0,-43.39513397216797
86.47361254692078,100.0,392.117,100.0,-43.39811325073242
86.50588250160217,100.0,392.111,100.0,-43.402259826660156
86.53802752494812,100.0,392.139,100.0,-43.40447235107422
86.57011318206787,100.0,392.15,100.0,-43.406471252441406
86.60688900947571,100.0,392.189,100.0,-43.408164978027344
86.63345670700073,100.0,392.183,100.0,-43.410484313964844
86.66561269760132,100.0,392.227,100.0,-43.41188049316406
86.70068550109863,100.0,392.283,100.0,-43.4146614074707
86.72954797744751,100.0,392.349,100.0,-43.42338180541992
86.76120471954346,100.0,392.357,100.0,-43.42824172973633
86.79356980323792,100.0,392.335,100.0,-43.43217849731445
86.81310677528381,100.0,392.36,100.0,-43.43413543701172
86.85686445236206,100.0,392.404,100.0,-43.44008255004883
86.88837051391602,100.0,392.465,100.0,-43.44346237182617
86.92110085487366,100.0,392.473,100.0,-43.44767761230469
86.95243811607361,100.0,392.486,100.0,-43.45111083984375
86.98409700393677,100.0,392.506,100.0,-43.45716094970703
87.02324867248535,100.0,392.564,100.0,-43.45966339111328
87.0563600063324,100.0,392.569,100.0,-43.46656799316406
87.0951771736145,100.0,392.658,100.0,-43.470848083496094
87.1368420124054,100.0,392.658,100.0,-43.479148864746094
87.16870927810669,100.0,392.674,100.0,-43.48236846923828
87.20257616043091,100.0,392.693,100.0,-43.484554290771484
87.23325729370117,100.0,392.721,100.0,-43.48799133300781
87.26547574996948,100.0,392.773,100.0,-43.49049377441406
87.2973690032959,100.0,392.754,100.0,-43.49445343017578
87.33089518547058,100.0,392.776,100.0,-43.498600006103516
87.36116051673889,100.0,392.817,100.0,-43.500362396240234
87.40146970748901,100.0,392.842,100.0,-43.503292083740234
87.42330980300903,100.0,392.875,100.0,-43.5064582824707
87.4588348865509,100.0,392.95,100.0,-43.514678955078125
87.48483967781067,100.0,393.002,100.0,-43.51933288574219
87.52540826797485,100.0,393.043,100.0,-43.52494812011719
87.55782985687256,100.0,393.074,100.0,-43.53651428222656
87.59027028083801,100.0,393.098,100.0,-43.540794372558594
87.62208032608032,100.0,393.093,100.0,-43.54483413696289
87.65380620956421,100.0,393.14,100.0,-43.551422119140625
87.68775534629822,100.0,393.17,100.0,-43.55548095703125
87.7173752784729,100.0,393.236,100.0,-43.5599365234375
87.75008130073547,100.0,393.247,100.0,-43.5644416809082
87.78165173530579,100.0,393.244,100.0,-43.57075119018555
87.81358242034912,100.0,393.269,100.0,-43.573585510253906
87.8451623916626,100.0,393.291,100.0,-43.57650375366211
87.87711548805237,100.0,393.341,100.0,-43.579532623291016
87.90978670120239,100.0,393.333,100.0,-43.58430099487305
87.94043469429016,100.0,393.324,100.0,-43.58580017089844
87.97244572639465,100.0,393.344,100.0,-43.586402893066406
88.00640916824341,100.0,393.357,100.0,-43.58729553222656
88.03509879112244,100.0,393.374,100.0,-43.58846664428711
88.068683385849,100.0,393.382,100.0,-43.589942932128906
88.1001627445221,100.0,393.418,100.0,-43.591285705566406
88.13269281387329,100.0,393.426,100.0,-43.596160888671875
88.16122531890869,100.0,393.404,100.0,-43.59754943847656
88.19682335853577,100.0,393.421,100.0,-43.597572326660156
88.23210024833679,100.0,393.424,100.0,-43.59866714477539
88.25899291038513,100.0,393.487,100.0,-43.60157775878906
88.29083704948425,100.0,393.547,100.0,-43.60581970214844
88.31980752944946,100.0,393.572,100.0,-43.60940933227539
88.35470080375671,100.0,393.559,100.0,-43.61531066894531
88.38735747337341,100.0,393.562,100.0,-43.617008209228516
88.41584348678589,100.0,393.589,100.0,-43.61933135986328
88.441570520401,100.0,393.625,100.0,-43.62251281738281
88.48215532302856,100.0,393.705,100.0,-43.630950927734375
88.51477932929993,100.0,393.713,100.0,-43.634803771972656
88.54614663124084,100.0,393.747,100.0,-43.639068603515625
88.57902383804321,100.0,393.749,100.0,-43.64208984375
88.61176776885986,100.0,393.794,100.0,-43.64618682861328
88.64311027526855,100.0,393.771,100.0,-43.64924240112305
88.67586731910706,100.0,393.807,100.0,-43.65049362182617
88.70697140693665,100.0,393.848,100.0,-43.65507888793945
88.73847222328186,100.0,393.868,100.0,-43.657814025878906
88.77066731452942,100.0,393.912,100.0,-43.66062927246094
88.80220127105713,100.0,393.951,100.0,-43.66451644897461
88.83430647850037,100.0,394.061,100.0,-43.674072265625
88.86378049850464,100.0,394.064,100.0,-43.68072509765625
88.8969714641571,100.0,394.089,100.0,-43.68582534790039
88.933269739151,100.0,394.095,100.0,-43.694435119628906
88.96007442474365,100.0,394.134,100.0,-43.69881820678711
88.99174690246582,100.0,394.182,100.0,-43.70365905761719
89.02451181411743,100.0,394.207,100.0,-43.70758819580078
89.05617380142212,100.0,394.193,100.0,-43.713706970214844
89.08867573738098,100.0,394.198,100.0,-43.7154426574707
89.1183750629425,100.0,394.232,100.0,-43.71802520751953
89.15038251876831,100.0,394.268,100.0,-43.72076416015625
89.18295478820801,100.0,394.285,100.0,-43.72578048706055
89.21407127380371,100.0,394.276,100.0,-43.72715377807617
89.24552488327026,100.0,394.298,100.0,-43.72896957397461
89.27828979492188,100.0,394.332,100.0,-43.7302131652832
89.31002736091614,100.0,394.341,100.0,-43.73330307006836
89.34350442886353,100.0,394.31,100.0,-43.73491668701172
89.37388348579407,100.0,394.31,100.0,-43.734718322753906
89.40683174133301,100.0,394.343,100.0,-43.73408508300781
89.43814396858215,100.0,394.363,100.0,-43.73508834838867
89.46999001502991,100.0,394.371,100.0,-43.736595153808594
89.50147151947021,100.0,394.393,100.0,-43.73799514770508
89.5340416431427,100.0,394.407,100.0,-43.74185562133789
89.56624722480774,100.0,394.48,100.0,-43.74562072753906
89.59767723083496,100.0,394.519,100.0,-43.749141693115234
89.63348650932312,100.0,394.525,100.0,-43.75680923461914
89.66162919998169,100.0,394.513,100.0,-43.75882339477539
89.69450998306274,100.0,394.544,100.0,-43.76097106933594
89.72621512413025,100.0,394.564,100.0,-43.76309585571289
89.75805807113647,100.0,394.603,100.0,-43.768795013427734
89.7905375957489,100.0,394.617,100.0,-43.7718391418457
89.82273745536804,100.0,394.641,100.0,-43.774147033691406
89.85740351676941,100.0,394.661,100.0,-43.7794303894043
89.8862669467926,100.0,394.702,100.0,-43.783111572265625
89.91887283325195,100.0,394.736,100.0,-43.787254333496094
89.94876265525818,100.0,394.772,100.0,-43.791831970214844
89.98096799850464,100.0,394.828,100.0,-43.7985954284668
90.01334023475647,100.0,394.867,100.0,-43.8025016784668
90.04487609863281,100.0,394.901,100.0,-43.8070068359375
90.07736229896545,100.0,394.895,100.0,-43.8117561340332
90.11063194274902,100.0,394.912,100.0,-43.817359924316406
90.14176440238953,100.0,394.959,100.0,-43.81972122192383
90.17407441139221,100.0,394.965,100.0,-43.82335662841797
90.20694756507874,100.0,395.015,100.0,-43.83042907714844
90.23879218101501,100.0,395.068,100.0,-43.83428955078125
90.27132892608643,100.0,395.085,100.0,-43.838531494140625
90.30286359786987,100.0,395.076,100.0,-43.84235382080078
90.33534574508667,100.0,395.082,100.0,-43.846683502197266
90.36941814422607,100.0,395.169,100.0,-43.849517822265625
90.39596629142761,100.0,395.214,100.0,-43.85368728637695
90.42872381210327,100.0,395.261,100.0,-43.85862731933594
90.45587921142578,100.0,395.241,100.0,-43.86756896972656
90.48967385292053,100.0,395.235,100.0,-43.86970138549805
90.52832055091858,100.0,395.22,100.0,-43.87053680419922
90.55797529220581,100.0,395.263,100.0,-43.87301254272461
90.58656287193298,100.0,395.322,100.0,-43.87688064575195
90.60960364341736,100.0,395.364,100.0,-43.88147735595703
90.64496994018555,100.0,395.386,100.0,-43.88579177856445
90.67694425582886,100.0,395.378,100.0,-43.888710021972656
90.70892357826233,100.0,395.383,100.0,-43.892303466796875
90.74120545387268,100.0,395.386,100.0,-43.89349365234375
90.77400946617126,100.0,395.403,100.0,-43.894256591796875
90.8079080581665,100.0,395.408,100.0,-43.89650344848633
90.8359432220459,100.0,395.425,100.0,-43.8970832824707
90.86848282814026,100.0,395.422,100.0,-43.89811706542969
90.89982771873474,100.0,395.414,100.0,-43.89866638183594
90.93160128593445,100.0,395.439,100.0,-43.89955520629883
90.96416735649109,100.0,395.483,100.0,-43.901084899902344
90.99579691886902,100.0,395.522,100.0,-43.90309143066406
91.02066373825073,100.0,395.559,100.0,-43.90618133544922
91.04608821868896,100.0,395.575,100.0,-43.91001892089844
91.09112620353699,100.0,395.622,100.0,-43.91721725463867
91.12358260154724,100.0,395.633,100.0,-43.92085647583008
91.14036560058594,100.0,395.644,100.0,-43.92400360107422
91.17189455032349,100.0,395.661,100.0,-43.92677307128906
91.20906162261963,100.0,395.675,100.0,-43.93205642700195
91.2359893321991,100.0,395.671,100.0,-43.93373489379883
91.26743769645691,100.0,395.677,100.0,-43.935150146484375
91.29843139648438,100.0,395.674,100.0,-43.9356575012207
91.3312680721283,100.0,395.733,100.0,-43.93626022338867
91.36475610733032,100.0,395.769,100.0,-43.94267654418945
91.39506077766418,100.0,395.844,100.0,-43.94847869873047
91.420334815979,100.0,395.884,100.0,-43.95452117919922
91.46032357215881,100.0,395.892,100.0,-43.96280288696289
91.48464393615723,100.0,395.903,100.0,-43.965484619140625
91.52352476119995,100.0,395.939,100.0,-43.967864990234375
91.5478446483612,100.0,395.956,100.0,-43.9710578918457
91.58948612213135,100.0,395.998,100.0,-43.97887420654297
91.6138231754303,100.0,396.037,100.0,-43.98158264160156
91.64012670516968,100.0,396.047,100.0,-43.98514938354492
91.67082834243774,100.0,396.106,100.0,-43.98816680908203
91.70316195487976,100.0,396.133,100.0,-43.9928092956543
91.73449230194092,100.0,396.158,100.0,-44.00177001953125
91.77713918685913,100.0,396.156,100.0,-44.005374908447266
91.80918598175049,100.0,396.214,100.0,-44.011444091796875
91.8421835899353,100.0,396.236,100.0,-44.015220642089844
91.8664779663086,100.0,396.291,100.0,-44.02027130126953
91.89496040344238,100.0,396.3,100.0,-44.02412414550781
91.92593169212341,100.0,396.313,100.0,-44.02716827392578
91.96362447738647,100.0,396.316,100.0,-44.03192138671875
92.00381469726562,100.0,396.438,100.0,-44.03646469116211
92.03592276573181,100.0,396.462,100.0,-44.04670715332031
92.0682442188263,100.0,396.482,100.0,-44.05116653442383
92.10006618499756,100.0,396.46,100.0,-44.05349349975586
92.13444399833679,100.0,396.496,100.0,-44.05818557739258
92.16391587257385,100.0,396.51,100.0,-44.06045150756836
92.19710230827332,100.0,396.529,100.0,-44.06202697753906
92.22826409339905,100.0,396.526,100.0,-44.063865661621094
92.26080441474915,100.0,396.606,100.0,-44.06641387939453
92.2931923866272,100.0,396.603,100.0,-44.070003509521484
92.3246853351593,100.0,396.6,100.0,-44.07250213623047
92.36057472229004,100.0,396.614,100.0,-44.07585906982422
92.38887095451355,100.0,396.68,100.0,-44.07749938964844
92.40901303291321,100.0,396.68,100.0,-44.0809326171875
92.44419527053833,100.0,396.741,100.0,-44.08533477783203
92.4786627292633,100.0,396.744,100.0,-44.089263916015625
92.51124691963196,100.0,396.733,100.0,-44.09398651123047
92.54324889183044,100.0,396.73,100.0,-44.095027923583984
92.5738639831543,100.0,396.807,100.0,-44.097537994384766
92.61088156700134,100.0,396.804,100.0,-44.102909088134766
92.6342146396637,100.0,396.832,100.0,-44.10563659667969
92.66313004493713,100.0,396.812,100.0,-44.10676574707031
92.69673824310303,100.0,396.829,100.0,-44.10820770263672
92.727224111557,100.0,396.895,100.0,-44.11070251464844
92.75983428955078,100.0,396.934,100.0,-44.11762619018555
92.78884768486023,100.0,396.975,100.0,-44.12220001220703
92.82348966598511,100.0,397.03,100.0,-44.12559509277344
92.86058807373047,100.0,397.063,100.0,-44.13472366333008
92.88430094718933,100.0,397.063,100.0,-44.138511657714844
92.93707418441772,100.0,397.146,100.0,-44.1451416015625
92.975350856781,100.0,397.207,100.0,-44.149559020996094
93.01994109153748,100.0,397.206,100.0,-44.15896987915039
93.045485496521,100.0,397.22,100.0,-44.1622428894043
93.07707047462463,100.0,397.212,100.0,-44.16518020629883
93.11042523384094,100.0,397.262,100.0,-44.17021560668945
93.14119553565979,100.0,397.342,100.0,-44.17455291748047
93.17514419555664,100.0,397.384,100.0,-44.179115295410156
93.20635938644409,100.0,397.394,100.0,-44.184226989746094
93.24494934082031,100.0,397.4,100.0,-44.19112777709961
93.27765655517578,100.0,397.4,100.0,-44.19361877441406
93.29602885246277,100.0,397.427,100.0,-44.19536209106445
93.3288164138794,100.0,397.463,100.0,-44.197662353515625
93.37950873374939,100.0,397.496,100.0,-44.20293045043945
93.41219449043274,100.0,397.511,100.0,-44.20864486694336
93.44164395332336,100.0,397.51,100.0,-44.21056365966797
93.47918248176575,100.0,397.516,100.0,-44.21226119995117
93.51109385490417,100.0,397.51,100.0,-44.21392822265625
93.54537057876587,100.0,397.507,100.0,-44.214027404785156
93.57700514793396,100.0,397.504,100.0,-44.21384048461914
93.61011052131653,100.0,397.51,100.0,-44.213233947753906
93.6426305770874,100.0,397.515,100.0,-44.2130012512207
93.67890405654907,100.0,397.523,100.0,-44.21293640136719
93.71181559562683,100.0,397.59,100.0,-44.21601104736328
93.74479007720947,100.0,397.676,100.0,-44.21928405761719
93.77845740318298,100.0,397.709,100.0,-44.224205017089844
93.81184935569763,100.0,397.717,100.0,-44.233455657958984
93.83541941642761,100.0,397.753,100.0,-44.238067626953125
93.86152601242065,100.0,397.756,100.0,-44.24162673950195
93.89522957801819,100.0,397.802,100.0,-44.24504470825195
93.92541551589966,100.0,397.799,100.0,-44.24868392944336
93.96405696868896,100.0,397.811,100.0,-44.25355529785156
93.995441198349,100.0,397.827,100.0,-44.255882263183594
94.02297067642212,100.0,397.841,100.0,-44.25812911987305
94.04687809944153,100.0,397.86,100.0,-44.26052474975586
94.07938528060913,100.0,397.943,100.0,-44.263877868652344
94.12163305282593,100.0,397.946,100.0,-44.27135467529297
94.15389394760132,100.0,397.982,100.0,-44.27378845214844
94.18045330047607,100.0,397.981,100.0,-44.27703857421875
94.21296286582947,100.0,398.017,100.0,-44.28218078613281
94.23779296875,100.0,398.039,100.0,-44.28455352783203
94.27853965759277,100.0,398.062,100.0,-44.28716278076172
94.29678344726562,100.0,398.073,100.0,-44.28999710083008
94.32904314994812,100.0,398.121,100.0,-44.292510986328125
94.36238288879395,100.0,398.166,100.0,-44.30101013183594
94.3942039012909,100.0,398.247,100.0,-44.305660247802734
94.42612051963806,100.0,398.272,100.0,-44.31132507324219
94.46200037002563,100.0,398.274,100.0,-44.320560455322266
94.49349403381348,100.0,398.299,100.0,-44.324501037597656
94.52666926383972,100.0,398.332,100.0,-44.32828903198242
94.56211590766907,100.0,398.346,100.0,-44.334373474121094
94.59368562698364,100.0,398.368,100.0,-44.33734130859375
94.62518358230591,100.0,398.39,100.0,-44.33907699584961
94.66559362411499,100.0,398.438,100.0,-44.34529495239258
94.6965742111206,100.0,398.464,100.0,-44.34911346435547
94.7271659374237,100.0,398.452,100.0,-44.35138702392578
94.76227736473083,100.0,398.475,100.0,-44.35590362548828
94.79450130462646,100.0,398.542,100.0,-44.35708999633789
94.83018445968628,100.0,398.596,100.0,-44.360660552978516
94.86348748207092,100.0,398.567,100.0,-44.36922073364258
94.89533495903015,100.0,398.56,100.0,-44.370601654052734
94.93610405921936,100.0,398.588,100.0,-44.372703552246094
94.99322509765625,100.0,398.638,100.0,-44.37538528442383
95.02614116668701,100.0,398.672,100.0,-44.377593994140625
95.0632107257843,100.0,398.715,100.0,-44.384578704833984
95.0962438583374,100.0,398.785,100.0,-44.38936996459961
95.12855792045593,100.0,398.788,100.0,-44.394020080566406
95.17250752449036,100.0,398.803,100.0,-44.40190887451172
95.20680236816406,100.0,398.84,100.0,-44.403995513916016
95.23925971984863,100.0,398.82,100.0,-44.4083251953125
95.27871465682983,100.0,398.887,100.0,-44.408477783203125
95.29688882827759,100.0,398.887,100.0,-44.41197204589844
95.32768416404724,100.0,398.947,100.0,-44.41499328613281
95.36307072639465,100.0,398.986,100.0,-44.42400360107422
95.39216184616089,100.0,398.972,100.0,-44.42694854736328
95.42885947227478,100.0,398.966,100.0,-44.4290657043457
95.46262836456299,100.0,399.073,100.0,-44.43167495727539
95.48737978935242,100.0,399.067,100.0,-44.436500549316406
95.524911403656,100.0,399.075,100.0,-44.4398307800293
95.56309270858765,100.0,399.066,100.0,-44.444190979003906
95.60433554649353,100.0,399.11,100.0,-44.44490051269531
95.64294505119324,100.0,399.153,100.0,-44.45004653930664
95.67654347419739,100.0,399.17,100.0,-44.453033447265625
95.71985578536987,100.0,399.273,100.0,-44.459716796875
95.75322341918945,100.0,399.289,100.0,-44.465118408203125
95.7945499420166,100.0,399.318,100.0,-44.47450256347656
95.82378911972046,100.0,399.266,100.0,-44.47661590576172
95.86193680763245,100.0,399.247,100.0,-44.476776123046875
95.89680695533752,100.0,399.235,100.0,-44.47575378417969
95.92217659950256,100.0,399.294,100.0,-44.4773063659668
95.9537832736969,100.0,399.37,100.0,-44.47955322265625
95.9959831237793,100.0,399.393,100.0,-44.4868278503418
96.02325510978699,100.0,399.415,100.0,-44.49043273925781
96.04759669303894,100.0,399.446,100.0,-44.49308776855469
96.0881884098053,100.0,399.548,100.0,-44.50066375732422
96.1461660861969,100.0,399.62,100.0,-44.510929107666016
96.17254495620728,100.0,399.611,100.0,-44.516807556152344
96.20697236061096,100.0,399.628,100.0,-44.52080154418945
96.23876762390137,100.0,399.644,100.0,-44.52772903442383
96.27247428894043,100.0,399.689,100.0,-44.530941009521484
96.30637431144714,100.0,399.689,100.0,-44.53429412841797
96.33053398132324,100.0,399.701,100.0,-44.536712646484375
96.36332488059998,100.0,399.681,100.0,-44.53959655761719
96.39580726623535,100.0,399.684,100.0,-44.54008483886719
96.42235517501831,100.0,399.703,100.0,-44.54110336303711
96.45512390136719,100.0,399.722,100.0,-44.54170227050781
96.48849248886108,100.0,399.762,100.0,-44.54530334472656
96.52333927154541,100.0,399.773,100.0,-44.547523498535156
96.55799221992493,100.0,399.798,100.0,-44.54969787597656
96.5843415260315,100.0,399.798,100.0,-44.55171203613281
96.61314702033997,100.0,399.806,100.0,-44.5544548034668
96.64676237106323,100.0,399.823,100.0,-44.55606460571289
96.67272329330444,100.0,399.851,100.0,-44.55836486816406
96.71475172042847,100.0,399.856,100.0,-44.561405181884766
96.7387547492981,100.0,399.861,100.0,-44.562355041503906
96.77188801765442,100.0,399.858,100.0,-44.56318664550781
96.8082869052887,100.0,399.908,100.0,-44.563602447509766
96.8361005783081,100.0,399.995,100.0,-44.565921783447266
96.87891292572021,100.0,400.125,100.0,-44.57680892944336
96.91450262069702,100.0,400.153,100.0,-44.59223556518555
96.94887924194336,100.0,400.089,100.0,-44.59622573852539
96.97502589225769,100.0,400.083,100.0,-44.59796905517578
97.00422668457031,100.0,400.044,100.0,-44.59889602661133
97.04562473297119,100.0,400.127,100.0,-44.598934173583984
97.06963562965393,100.0,400.127,100.0,-44.601051330566406
97.09447884559631,100.0,400.141,100.0,-44.60314178466797
97.12616753578186,100.0,400.18,100.0,-44.60672378540039
97.15874099731445,100.0,400.255,100.0,-44.6088981628418
97.1912350654602,100.0,400.269,100.0,-44.61767578125
97.22904443740845,100.0,400.324,100.0,-44.621150970458984
97.26143312454224,100.0,400.337,100.0,-44.62553787231445
97.29453754425049,100.0,400.373,100.0,-44.633602142333984
97.32631301879883,100.0,400.437,100.0,-44.639434814453125
97.35653138160706,100.0,400.459,100.0,-44.64503860473633
97.39632749557495,100.0,400.472,100.0,-44.65216827392578
97.42735385894775,100.0,400.463,100.0,-44.65454864501953
97.4638683795929,100.0,400.46,100.0,-44.65651321411133
97.4903712272644,100.0,400.494,100.0,-44.657379150390625
97.52280640602112,100.0,400.569,100.0,-44.6588134765625
97.56163740158081,100.0,400.604,100.0,-44.66741943359375
97.5947196483612,100.0,400.651,100.0,-44.671913146972656
97.62521123886108,100.0,400.665,100.0,-44.676025390625
97.65670323371887,100.0,400.692,100.0,-44.67962646484375
97.69033026695251,100.0,400.706,100.0,-44.68668746948242
97.72967314720154,100.0,400.714,100.0,-44.68886947631836
97.75424528121948,100.0,400.723,100.0,-44.69092559814453
97.794842004776,100.0,400.747,100.0,-44.694969177246094
97.82624506950378,100.0,400.794,100.0,-44.697845458984375
97.8422441482544,100.0,400.794,100.0,-44.700584411621094
97.8799946308136,100.0,400.883,100.0,-44.70443344116211
97.91407108306885,100.0,400.869,100.0,-44.71195983886719
97.95273470878601,100.0,400.886,100.0,-44.7147216796875
97.98497676849365,100.0,400.841,100.0,-44.716102600097656
98.0151538848877,100.0,400.872,100.0,-44.716556549072266
98.04796576499939,100.0,400.883,100.0,-44.717533111572266
98.07969522476196,100.0,400.899,100.0,-44.71882629394531
98.11500430107117,100.0,400.941,100.0,-44.72142028808594
98.14421963691711,100.0,400.958,100.0,-44.72322082519531
98.17695641517639,100.0,400.969,100.0,-44.7252082824707
98.20770239830017,100.0,401.019,100.0,-44.727088928222656
98.2403621673584,100.0,401.088,100.0,-44.734458923339844
98.27195882797241,100.0,401.123,100.0,-44.73888397216797
98.29644727706909,100.0,401.145,100.0,-44.74364471435547
98.32972955703735,100.0,401.167,100.0,-44.74811553955078
98.36557197570801,100.0,401.251,100.0,-44.758995056152344
98.39235830307007,100.0,401.229,100.0,-44.7630500793457
98.42834687232971,100.0,401.206,100.0,-44.76509094238281
98.4604983329773,100.0,401.154,100.0,-44.766456604003906
98.48478817939758,100.0,401.21,100.0,-44.765167236328125
98.51666760444641,100.0,401.259,100.0,-44.769203186035156
98.56591248512268,100.0,401.278,100.0,-44.77406311035156
98.60926127433777,100.0,401.281,100.0,-44.77528762817383
98.64038300514221,100.0,401.305,100.0,-44.77826690673828
98.67303848266602,100.0,401.35,100.0,-44.78141784667969
98.7082576751709,100.0,401.422,100.0,-44.78582763671875
98.73472309112549,100.0,401.441,100.0,-44.79003143310547
98.76706862449646,100.0,401.438,100.0,-44.79682159423828
98.8154628276825,100.0,401.432,100.0,-44.79988098144531
98.84287929534912,100.0,401.468,100.0,-44.801185607910156
98.8741466999054,100.0,401.468,100.0,-44.802982330322266
98.90676927566528,100.0,401.532,100.0,-44.80424118041992
98.93843531608582,100.0,401.567,100.0,-44.81184387207031
98.97062039375305,100.0,401.578,100.0,-44.816497802734375
99.0026490688324,100.0,401.606,100.0,-44.81877899169922
99.0354654788971,100.0,401.625,100.0,-44.821571350097656
99.06685161590576,100.0,401.648,100.0,-44.827392578125
99.09863901138306,100.0,401.69,100.0,-44.83082962036133
99.12966084480286,100.0,401.698,100.0,-44.83384704589844
99.1625144481659,100.0,401.722,100.0,-44.83636474609375
99.19447541236877,100.0,401.728,100.0,-44.84144592285156
99.22519326210022,100.0,401.758,100.0,-44.84431838989258
99.25632667541504,100.0,401.802,100.0,-44.84743881225586
99.2908387184143,100.0,401.816,100.0,-44.85331726074219
99.32126021385193,100.0,401.815,100.0,-44.85530090332031
99.35365223884583,100.0,401.796,100.0,-44.85588836669922
99.38592195510864,100.0,401.807,100.0,-44.856201171875
99.41704368591309,100.0,401.838,100.0,-44.85698699951172
99.45026016235352,100.0,401.88,100.0,-44.858436584472656
99.4827184677124,100.0,401.938,100.0,-44.861209869384766
99.51644849777222,100.0,401.915,100.0,-44.86804962158203
99.5615074634552,100.0,401.926,100.0,-44.87063980102539
99.60171175003052,100.0,401.973,100.0,-44.873313903808594
99.62911987304688,100.0,401.99,100.0,-44.87590026855469
99.66186809539795,100.0,402.032,100.0,-44.87849807739258
99.69433236122131,100.0,402.054,100.0,-44.885772705078125
99.7263400554657,100.0,402.076,100.0,-44.88844680786133
99.75858664512634,100.0,402.076,100.0,-44.89131164550781
99.79056692123413,100.0,402.104,100.0,-44.89604568481445
99.81624245643616,100.0,402.118,100.0,-44.898555755615234
99.84680318832397,100.0,402.124,100.0,-44.90061950683594
99.87926959991455,100.0,402.154,100.0,-44.90300750732422
99.9176082611084,100.0,402.162,100.0,-44.9068489074707
99.94430732727051,100.0,402.195,100.0,-44.90949249267578
99.97188305854797,100.0,402.229,100.0,-44.912837982177734
99.99843001365662,100.0,402.24,100.0,-44.9157600402832
100.0432505607605,100.0,402.243,100.0,-44.92023849487305
100.07890319824219,100.0,402.273,100.0,-44.92121505737305
100.11204504966736,100.0,402.31,100.0,-44.92310333251953
100.1427104473114,100.0,402.343,100.0,-44.92952346801758
100.17386364936829,100.0,402.345,100.0,-44.93208694458008
100.21760988235474,100.0,402.365,100.0,-44.93623352050781
100.27006721496582,100.0,402.486,100.0,-44.94381332397461
100.30238723754883,100.0,402.514,100.0,-44.94849395751953
100.3345148563385,100.0,402.546,100.0,-44.953147888183594
100.36791014671326,100.0,402.546,100.0,-44.96148681640625
100.39842247962952,100.0,402.566,100.0,-44.964908599853516
100.43112468719482,100.0,402.591,100.0,-44.96701431274414
100.46587872505188,100.0,402.605,100.0,-44.972572326660156
100.49526500701904,100.0,402.67,100.0,-44.977203369140625
100.52711081504822,100.0,402.723,100.0,-44.98284912109375
100.56011748313904,100.0,402.748,100.0,-44.987884521484375
100.59267711639404,100.0,402.706,100.0,-44.99290084838867
100.62466192245483,100.0,402.72,100.0,-44.993560791015625
100.65642595291138,100.0,402.7,100.0,-44.9944953918457
100.6914496421814,100.0,402.789,100.0,-44.995697021484375
100.71987128257751,100.0,402.802,100.0,-44.99858856201172
100.75236892700195,100.0,402.851,100.0,-45.0012321472168
100.7843427658081,100.0,402.862,100.0,-45.00519561767578
100.81201171875,100.0,402.921,100.0,-45.00857925415039
100.84756350517273,100.0,402.906,100.0,-45.01707077026367
100.8773558139801,100.0,402.911,100.0,-45.01914978027344
100.90957403182983,100.0,402.882,100.0,-45.02081298828125
100.94223833084106,100.0,402.9,100.0,-45.02127456665039
100.96770095825195,100.0,402.931,100.0,-45.022865295410156
101.01103949546814,100.0,402.965,100.0,-45.02455139160156
101.03526854515076,100.0,403.002,100.0,-45.02656936645508
101.0793821811676,100.0,402.999,100.0,-45.031028747558594
101.11637210845947,100.0,402.999,100.0,-45.03374481201172
101.14264249801636,100.0,403.006,100.0,-45.03478240966797
101.17421436309814,100.0,402.997,100.0,-45.03547286987305
101.20744180679321,100.0,403.019,100.0,-45.035518646240234
101.23887753486633,100.0,403.047,100.0,-45.036376953125
101.26608872413635,100.0,403.086,100.0,-45.039833068847656
101.29805278778076,100.0,403.084,100.0,-45.042240142822266
101.32833290100098,100.0,403.09,100.0,-45.043922424316406
101.3603527545929,100.0,403.132,100.0,-45.04537582397461
101.39645481109619,100.0,403.131,100.0,-45.05018997192383
101.42907619476318,100.0,403.172,100.0,-45.053375244140625
101.46305251121521,100.0,403.195,100.0,-45.05686950683594
101.49043297767639,100.0,403.224,100.0,-45.061195373535156
101.51826882362366,100.0,403.247,100.0,-45.063636779785156
101.55415081977844,100.0,403.326,100.0,-45.06637954711914
101.58605670928955,100.0,403.346,100.0,-45.07170486450195
101.61725115776062,100.0,403.372,100.0,-45.081241607666016
101.64952874183655,100.0,403.389,100.0,-45.085453033447266
101.68153619766235,100.0,403.381,100.0,-45.087974548339844
101.70875144004822,100.0,403.392,100.0,-45.09002685546875
101.74515843391418,100.0,403.431,100.0,-45.09489059448242
101.77002239227295,100.0,403.453,100.0,-45.09796142578125
101.80591225624084,100.0,403.498,100.0,-45.102081298828125
101.84154438972473,100.0,403.447,100.0,-45.10472106933594
101.89240503311157,100.0,403.475,100.0,-45.10564422607422
101.93534231185913,100.0,403.514,100.0,-45.10634994506836
101.97528409957886,100.0,403.534,100.0,-45.11073303222656
101.99910616874695,100.0,403.545,100.0,-45.11241149902344
102.04358291625977,100.0,403.653,100.0,-45.1169319152832
102.07465696334839,100.0,403.681,100.0,-45.121856689453125
102.1054482460022,100.0,403.709,100.0,-45.12671661376953
102.13784456253052,100.0,403.737,100.0,-45.13152313232422
102.16877031326294,100.0,403.703,100.0,-45.138370513916016
102.2019407749176,100.0,403.737,100.0,-45.141273498535156
102.23373532295227,100.0,403.745,100.0,-45.14336395263672
102.2683916091919,100.0,403.793,100.0,-45.148433685302734
102.29676604270935,100.0,403.827,100.0,-45.152244567871094
102.32917189598083,100.0,403.843,100.0,-45.15571212768555
102.36055183410645,100.0,403.904,100.0,-45.16059494018555
102.39324235916138,100.0,403.899,100.0,-45.16701889038086
102.425217628479,100.0,403.91,100.0,-45.1693229675293
102.45727515220642,100.0,403.873,100.0,-45.16939163208008
102.49342203140259,100.0,403.896,100.0,-45.170555114746094
102.51857614517212,100.0,403.93,100.0,-45.170875549316406
102.54536461830139,100.0,403.972,100.0,-45.172420501708984
102.58729910850525,100.0,403.981,100.0,-45.17525863647461
102.61860084533691,100.0,404.014,100.0,-45.180912017822266
102.65130758285522,100.0,404.022,100.0,-45.18321990966797
102.68378233909607,100.0,404.025,100.0,-45.18521499633789
102.7184317111969,100.0,404.043,100.0,-45.1885871887207
102.77111625671387,100.0,404.07,100.0,-45.192413330078125
102.79582095146179,100.0,404.098,100.0,-45.194908142089844
102.82675361633301,100.0,404.126,100.0,-45.19789505004883
102.85888028144836,100.0,404.12,100.0,-45.19983673095703
102.89440178871155,100.0,404.134,100.0,-45.2027587890625
102.92158532142639,100.0,404.167,100.0,-45.203826904296875
102.95730495452881,100.0,404.251,100.0,-45.20592498779297
102.987300157547,100.0,404.267,100.0,-45.210968017578125
103.01789903640747,100.0,404.279,100.0,-45.219242095947266
103.05036306381226,100.0,404.309,100.0,-45.22332763671875
103.08051776885986,100.0,404.284,100.0,-45.22529602050781
103.11249375343323,100.0,404.292,100.0,-45.227012634277344
103.14393472671509,100.0,404.372,100.0,-45.229713439941406
103.17564797401428,100.0,404.435,100.0,-45.2333984375
103.20768237113953,100.0,404.433,100.0,-45.2387580871582
103.23515558242798,100.0,404.43,100.0,-45.24268341064453
103.26956701278687,100.0,404.451,100.0,-45.24832534790039
103.30338025093079,100.0,404.436,100.0,-45.24977111816406
103.33567762374878,100.0,404.466,100.0,-45.250823974609375
103.3633942604065,100.0,404.494,100.0,-45.25267791748047
103.3987729549408,100.0,404.527,100.0,-45.25693130493164
103.43164086341858,100.0,404.569,100.0,-45.25956344604492
103.45347619056702,100.0,404.64,100.0,-45.26322937011719
103.49033164978027,100.0,404.634,100.0,-45.2689094543457
103.52334070205688,100.0,404.666,100.0,-45.27665328979492
103.54999780654907,100.0,404.605,100.0,-45.279937744140625
103.58287692070007,100.0,404.616,100.0,-45.279754638671875
103.62024760246277,100.0,404.624,100.0,-45.28025436401367
103.65267062187195,100.0,404.66,100.0,-45.281890869140625
103.67684531211853,100.0,404.71,100.0,-45.28512954711914
103.71054887771606,100.0,404.801,100.0,-45.28956604003906
103.73497271537781,100.0,404.814,100.0,-45.29462814331055
103.77926659584045,100.0,404.842,100.0,-45.303314208984375
103.81118774414062,100.0,404.853,100.0,-45.30699920654297
103.84466528892517,100.0,404.869,100.0,-45.312286376953125
103.87520289421082,100.0,404.911,100.0,-45.3156852722168
103.90736413002014,100.0,404.919,100.0,-45.31836700439453
103.93966221809387,100.0,404.964,100.0,-45.32062530517578
103.97950220108032,100.0,404.972,100.0,-45.326629638671875
104.0111563205719,100.0,404.981,100.0,-45.328765869140625
104.03878426551819,100.0,404.992,100.0,-45.33064270019531
104.07149171829224,100.0,404.972,100.0,-45.332908630371094
104.09958338737488,100.0,404.972,100.0,-45.333030700683594
104.1387951374054,100.0,404.971,100.0,-45.33299255371094
104.1717803478241,100.0,405.044,100.0,-45.33454895019531
104.20376563072205,100.0,405.066,100.0,-45.33684539794922
104.2356448173523,100.0,405.082,100.0,-45.339439392089844
104.27062511444092,100.0,405.088,100.0,-45.34413146972656
104.29902148246765,100.0,405.049,100.0,-45.344024658203125
104.33080506324768,100.0,405.082,100.0,-45.345008850097656
104.3634386062622,100.0,405.11,100.0,-45.34587860107422
104.39491724967957,100.0,405.207,100.0,-45.35295486450195
104.42758512496948,100.0,405.217,100.0,-45.357391357421875
104.45918011665344,100.0,405.259,100.0,-45.36201477050781
104.49112296104431,100.0,405.264,100.0,-45.36592483520508
104.52377510070801,100.0,405.25,100.0,-45.370704650878906
104.55486965179443,100.0,405.26,100.0,-45.37228775024414
104.58619832992554,100.0,405.27,100.0,-45.373844146728516
104.61824798583984,100.0,405.323,100.0,-45.3748779296875
104.65049886703491,100.0,405.34,100.0,-45.37989807128906
104.6821117401123,100.0,405.404,100.0,-45.38212966918945
104.71391296386719,100.0,405.418,100.0,-45.38642120361328
104.74623107910156,100.0,405.485,100.0,-45.3937873840332
104.78107857704163,100.0,405.488,100.0,-45.398441314697266
104.81060838699341,100.0,405.51,100.0,-45.40202331542969
104.84360098838806,100.0,405.482,100.0,-45.40557098388672
104.87628436088562,100.0,405.515,100.0,-45.408348083496094
104.9073121547699,100.0,405.551,100.0,-45.41022491455078
104.9389476776123,100.0,405.59,100.0,-45.413047790527344
104.97188520431519,100.0,405.593,100.0,-45.41956329345703
105.00305986404419,100.0,405.62,100.0,-45.42253112792969
105.03400373458862,100.0,405.6,100.0,-45.424888610839844
105.06221318244934,100.0,405.619,100.0,-45.42573165893555
105.09854197502136,100.0,405.65,100.0,-45.42921829223633
105.13044309616089,100.0,405.68,100.0,-45.43203353881836
105.16303420066833,100.0,405.75,100.0,-45.436344146728516
105.19682908058167,100.0,405.789,100.0,-45.444705963134766
105.22662210464478,100.0,405.822,100.0,-45.44941711425781
105.25830388069153,100.0,405.858,100.0,-45.45441818237305
105.29034423828125,100.0,405.878,100.0,-45.45871353149414
105.3227162361145,100.0,405.906,100.0,-45.464576721191406
105.35498547554016,100.0,405.914,100.0,-45.46748352050781
105.38658618927002,100.0,405.969,100.0,-45.46990203857422
105.42204761505127,100.0,405.912,100.0,-45.47626495361328
105.45064783096313,100.0,405.951,100.0,-45.47610855102539
105.4826672077179,100.0,405.973,100.0,-45.47746658325195
105.51512837409973,100.0,406.004,100.0,-45.47929382324219
105.54694724082947,100.0,405.995,100.0,-45.48332977294922
105.57931780815125,100.0,405.981,100.0,-45.4830207824707
105.61156797409058,100.0,406.04,100.0,-45.483360290527344
105.64803528785706,100.0,406.083,100.0,-45.489688873291016
105.67731785774231,100.0,406.07,100.0,-45.49188995361328
105.7094714641571,100.0,406.052,100.0,-45.49262619018555
105.74015164375305,100.0,406.046,100.0,-45.49315643310547
105.77238321304321,100.0,406.104,100.0,-45.49555587768555
105.80262589454651,100.0,406.127,100.0,-45.49824142456055
105.83854341506958,100.0,406.13,100.0,-45.500335693359375
105.87156796455383,100.0,406.178,100.0,-45.50498580932617
105.90020704269409,100.0,406.211,100.0,-45.50723648071289
105.932443857193,100.0,406.225,100.0,-45.510250091552734
105.96427011489868,100.0,406.225,100.0,-45.51305389404297
105.9957845211029,100.0,406.165,100.0,-45.514060974121094
106.02871918678284,100.0,406.201,100.0,-45.51305389404297
106.06026005744934,100.0,406.23,100.0,-45.513771057128906
106.09140920639038,100.0,406.286,100.0,-45.51545333862305
106.12380909919739,100.0,406.285,100.0,-45.521636962890625
106.15558981895447,100.0,406.287,100.0,-45.52364730834961
106.19001984596252,100.0,406.317,100.0,-45.5264892578125
106.22035622596741,100.0,406.364,100.0,-45.5318489074707
106.25258564949036,100.0,406.341,100.0,-45.53340148925781
106.2834038734436,100.0,406.358,100.0,-45.53520965576172
106.31441450119019,100.0,406.413,100.0,-45.53767395019531
106.35224223136902,100.0,406.458,100.0,-45.544654846191406
106.37772345542908,100.0,406.464,100.0,-45.54766845703125
106.41154789924622,100.0,406.487,100.0,-45.550132751464844
106.44174480438232,100.0,406.512,100.0,-45.552879333496094
106.47491145133972,100.0,406.611,100.0,-45.560428619384766
106.50783443450928,100.0,406.633,100.0,-45.56566619873047
106.53881239891052,100.0,406.646,100.0,-45.570499420166016
106.57252192497253,100.0,406.664,100.0,-45.57843780517578
106.60327911376953,100.0,406.705,100.0,-45.5816764831543
106.63562750816345,100.0,406.705,100.0,-45.58528137207031
106.66734027862549,100.0,406.716,100.0,-45.58790588378906
106.69969868659973,100.0,406.752,100.0,-45.593379974365234
106.73113989830017,100.0,406.797,100.0,-45.596031188964844
106.76282906532288,100.0,406.813,100.0,-45.59943389892578
106.7974865436554,100.0,406.799,100.0,-45.6042594909668
106.8227858543396,100.0,406.79,100.0,-45.60502624511719
106.85707068443298,100.0,406.804,100.0,-45.606048583984375
106.88597893714905,100.0,406.812,100.0,-45.60669708251953
106.92122054100037,100.0,406.914,100.0,-45.61091613769531
106.95382070541382,100.0,406.897,100.0,-45.614688873291016
106.98582816123962,100.0,406.912,100.0,-45.616756439208984
107.01842665672302,100.0,406.883,100.0,-45.61884689331055
107.0496301651001,100.0,406.981,100.0,-45.62200927734375
107.08204936981201,100.0,407.015,100.0,-45.62541961669922
107.11453628540039,100.0,407.021,100.0,-45.629356384277344
107.14578747749329,100.0,407.018,100.0,-45.634708404541016
107.1792221069336,100.0,407.023,100.0,-45.636470794677734
107.21023225784302,100.0,407.017,100.0,-45.63711166381836
107.24299359321594,100.0,407.034,100.0,-45.63780975341797
107.27435231208801,100.0,407.07,100.0,-45.64120864868164
107.30592918395996,100.0,407.11,100.0,-45.64452362060547
107.33789324760437,100.0,407.182,100.0,-45.648109436035156
107.36651968955994,100.0,407.174,100.0,-45.65264892578125
107.39438724517822,100.0,407.194,100.0,-45.65569305419922
107.43434500694275,100.0,407.21,100.0,-45.661651611328125
107.46661043167114,100.0,407.201,100.0,-45.66291809082031
107.49850106239319,100.0,407.221,100.0,-45.66474151611328
107.53199124336243,100.0,407.238,100.0,-45.66621780395508
107.56405806541443,100.0,407.268,100.0,-45.66794967651367
107.59626746177673,100.0,407.293,100.0,-45.67327880859375
107.62775492668152,100.0,407.361,100.0,-45.676666259765625
107.6596884727478,100.0,407.361,100.0,-45.68071746826172
107.6927433013916,100.0,407.349,100.0,-45.68372344970703
107.72400403022766,100.0,407.35,100.0,-45.686622619628906
107.75554490089417,100.0,407.372,100.0,-45.688358306884766
107.78095316886902,100.0,407.411,100.0,-45.69121170043945
107.81868243217468,100.0,407.393,100.0,-45.69245529174805
107.85107088088989,100.0,407.4,100.0,-45.694271087646484
107.88240551948547,100.0,407.393,100.0,-45.694549560546875
107.9150505065918,100.0,407.428,100.0,-45.696128845214844
107.94928169250488,100.0,407.461,100.0,-45.69880676269531
107.97872018814087,100.0,407.491,100.0,-45.700504302978516
108.01108765602112,100.0,407.505,100.0,-45.702980041503906
108.0435643196106,100.0,407.527,100.0,-45.705379486083984
108.07543134689331,100.0,407.589,100.0,-45.71137237548828
108.10761594772339,100.0,407.643,100.0,-45.715084075927734
108.1399986743927,100.0,407.66,100.0,-45.72010803222656
108.17647814750671,100.0,407.694,100.0,-45.729347229003906
108.20331406593323,100.0,407.735,100.0,-45.733558654785156
108.23466205596924,100.0,407.724,100.0,-45.73772048950195
108.26743054389954,100.0,407.715,100.0,-45.74032211303711
108.29814410209656,100.0,407.741,100.0,-45.74388885498047
108.33019018173218,100.0,407.766,100.0,-45.74640655517578
108.36246585845947,100.0,407.831,100.0,-45.749298095703125
108.40004181861877,100.0,407.822,100.0,-45.75539016723633
108.42644476890564,100.0,407.844,100.0,-45.757991790771484
108.45784997940063,100.0,407.852,100.0,-45.76019287109375
108.49082636833191,100.0,407.891,100.0,-45.762001037597656
108.51617288589478,100.0,407.914,100.0,-45.76464080810547
108.54675531387329,100.0,407.937,100.0,-45.76958084106445
108.5848867893219,100.0,407.97,100.0,-45.772010803222656
108.61717462539673,100.0,407.993,100.0,-45.77513885498047
108.64944744110107,100.0,408.018,100.0,-45.781795501708984
108.68112683296204,100.0,408.033,100.0,-45.784629821777344
108.71315431594849,100.0,408.039,100.0,-45.786964416503906
108.74507117271423,100.0,408.036,100.0,-45.78887939453125
108.77636003494263,100.0,408.027,100.0,-45.79050827026367
108.80972218513489,100.0,408.066,100.0,-45.79128646850586
108.84055018424988,100.0,408.121,100.0,-45.792816162109375
108.87471079826355,100.0,408.133,100.0,-45.79917907714844
108.90127348899841,100.0,408.178,100.0,-45.803253173828125
108.92353200912476,100.0,408.161,100.0,-45.805564880371094
108.95316314697266,100.0,408.183,100.0,-45.80813980102539
108.98565220832825,100.0,408.222,100.0,-45.81163787841797
109.0172815322876,100.0,408.219,100.0,-45.814208984375
109.0492856502533,100.0,408.224,100.0,-45.817596435546875
109.0808253288269,100.0,408.23,100.0,-45.81850051879883
109.1120023727417,100.0,408.257,100.0,-45.81932067871094
109.14879965782166,100.0,408.279,100.0,-45.82305145263672
109.1757881641388,100.0,408.296,100.0,-45.82492446899414
109.20798063278198,100.0,408.293,100.0,-45.82659149169922
109.24292182922363,100.0,408.298,100.0,-45.82764434814453
109.27103686332703,100.0,408.292,100.0,-45.828556060791016
109.30215287208557,100.0,408.306,100.0,-45.82965850830078
109.33491778373718,100.0,408.314,100.0,-45.83086013793945
109.36704897880554,100.0,408.342,100.0,-45.83131790161133
109.39896297454834,100.0,408.353,100.0,-45.834251403808594
109.43170166015625,100.0,408.354,100.0,-45.835357666015625
109.46243834495544,100.0,408.398,100.0,-45.8369255065918
109.49475932121277,100.0,408.395,100.0,-45.83910369873047
109.526935338974,100.0,408.433,100.0,-45.84322738647461
109.55825757980347,100.0,408.455,100.0,-45.84611511230469
109.59125113487244,100.0,408.441,100.0,-45.84757995605469
109.62433433532715,100.0,408.44,100.0,-45.84944534301758
109.65549683570862,100.0,408.443,100.0,-45.84992599487305
109.6726405620575,100.0,408.479,100.0,-45.850337982177734
109.70239758491516,100.0,408.498,100.0,-45.852088928222656
109.73510932922363,100.0,408.538,100.0,-45.85416030883789
109.76647019386292,100.0,408.559,100.0,-45.857364654541016
109.80014085769653,100.0,408.582,100.0,-45.864044189453125
109.83042931556702,100.0,408.637,100.0,-45.868343353271484
109.86314821243286,100.0,408.657,100.0,-45.872108459472656
109.8952009677887,100.0,408.671,100.0,-45.87574768066406
109.92714810371399,100.0,408.674,100.0,-45.88157653808594
109.95954489707947,100.0,408.707,100.0,-45.88484191894531
109.99076247215271,100.0,408.715,100.0,-45.88719940185547
110.02574181556702,100.0,408.756,100.0,-45.892391204833984
110.05041337013245,100.0,408.757,100.0,-45.89474868774414
110.08680725097656,100.0,408.794,100.0,-45.89799880981445
110.11808109283447,100.0,408.838,100.0,-45.90155029296875
110.1513307094574,100.0,408.852,100.0,-45.90782928466797
110.18345522880554,100.0,408.89,100.0,-45.91159439086914
110.21559190750122,100.0,408.887,100.0,-45.91436004638672
110.2503297328949,100.0,408.959,100.0,-45.91975402832031
110.27975916862488,100.0,408.965,100.0,-45.92313766479492
110.31246781349182,100.0,409.001,100.0,-45.92585754394531
110.34509301185608,100.0,408.992,100.0,-45.92932891845703
110.37605118751526,100.0,409.028,100.0,-45.934513092041016
110.40860056877136,100.0,409.039,100.0,-45.93624496459961
110.44330358505249,100.0,409.041,100.0,-45.93836212158203
110.47596788406372,100.0,409.085,100.0,-45.94286346435547
110.50457978248596,100.0,409.085,100.0,-45.94498825073242
110.53625249862671,100.0,409.137,100.0,-45.947288513183594
110.56826972961426,100.0,409.146,100.0,-45.9503173828125
110.59960579872131,100.0,409.198,100.0,-45.95694351196289
110.63163924217224,100.0,409.218,100.0,-45.96076965332031
110.66318011283875,100.0,409.235,100.0,-45.96429443359375
110.6961760520935,100.0,409.23,100.0,-45.96649169921875
110.7266013622284,100.0,409.26,100.0,-45.97064971923828
110.75790023803711,100.0,409.268,100.0,-45.97272872924805
110.7936658859253,100.0,409.248,100.0,-45.97385787963867
110.81849336624146,100.0,409.248,100.0,-45.974090576171875
110.8442280292511,100.0,409.254,100.0,-45.97414016723633
110.87964582443237,100.0,409.282,100.0,-45.97407150268555
110.91658139228821,100.0,409.319,100.0,-45.97521209716797
110.94070720672607,100.0,409.332,100.0,-45.97754669189453
110.97906970977783,100.0,409.329,100.0,-45.98131561279297
111.01135516166687,100.0,409.362,100.0,-45.983436584472656
111.04221153259277,100.0,409.387,100.0,-45.985313415527344
111.07543873786926,100.0,409.395,100.0,-45.98979949951172
111.10742354393005,100.0,409.417,100.0,-45.99223327636719
111.12769150733948,100.0,409.413,100.0,-45.99384689331055
111.15475583076477,100.0,409.421,100.0,-45.995323181152344
111.18654417991638,100.0,409.437,100.0,-45.99703598022461
111.219402551651,100.0,409.417,100.0,-45.99741744995117
111.2489869594574,100.0,409.465,100.0,-45.997615814208984
111.28335475921631,100.0,409.497,100.0,-46.000911712646484
111.31219148635864,100.0,409.551,100.0,-46.0034065246582
111.34567379951477,100.0,409.533,100.0,-46.007511138916016
111.3767409324646,100.0,409.524,100.0,-46.01115036010742
111.40566420555115,100.0,409.535,100.0,-46.01252746582031
111.43960690498352,100.0,409.598,100.0,-46.01496124267578
111.46798038482666,100.0,409.627,100.0,-46.01791763305664
111.504563331604,100.0,409.612,100.0,-46.023216247558594
111.53494834899902,100.0,409.644,100.0,-46.02591323852539
111.5615131855011,100.0,409.654,100.0,-46.0283088684082
111.60176610946655,100.0,409.732,100.0,-46.03572082519531
111.62738418579102,100.0,409.709,100.0,-46.0378532409668
111.6573793888092,100.0,409.726,100.0,-46.03937911987305
111.69498491287231,100.0,409.742,100.0,-46.0411491394043
111.72606801986694,100.0,409.791,100.0,-46.045188903808594
111.75720739364624,100.0,409.813,100.0,-46.048011779785156
111.78995394706726,100.0,409.848,100.0,-46.051002502441406
111.82129788398743,100.0,409.874,100.0,-46.05466079711914
111.85369420051575,100.0,409.929,100.0,-46.063575744628906
111.88619709014893,100.0,409.891,100.0,-46.066429138183594
111.91856217384338,100.0,409.931,100.0,-46.06786346435547
111.95049929618835,100.0,409.927,100.0,-46.07224655151367
111.98218870162964,100.0,409.977,100.0,-46.075557708740234
112.00326657295227,100.0,410.017,100.0,-46.07965850830078
112.03074836730957,100.0,410.019,100.0,-46.08277130126953
112.06444001197815,100.0,410.089,100.0,-46.087135314941406
112.09295392036438,100.0,410.106,100.0,-46.09120178222656
112.12625980377197,100.0,410.117,100.0,-46.09807205200195
112.15675449371338,100.0,410.12,100.0,-46.100486755371094
112.18927788734436,100.0,410.108,100.0,-46.102195739746094
112.22213172912598,100.0,410.102,100.0,-46.10285568237305
112.25380229949951,100.0,410.141,100.0,-46.10467529296875
112.28551769256592,100.0,410.163,100.0,-46.105735778808594
112.31752395629883,100.0,410.177,100.0,-46.10735321044922
112.35276079177856,100.0,410.19,100.0,-46.11081314086914
112.38142609596252,100.0,410.317,100.0,-46.1154899597168
112.41312336921692,100.0,410.311,100.0,-46.12086868286133
112.44866609573364,100.0,410.318,100.0,-46.12464141845703
112.47558927536011,100.0,410.309,100.0,-46.12956619262695
112.5040876865387,100.0,410.298,100.0,-46.130393981933594
112.54016137123108,100.0,410.326,100.0,-46.13148498535156
112.56656074523926,100.0,410.365,100.0,-46.132781982421875
112.60120129585266,100.0,410.388,100.0,-46.13808059692383
112.63595652580261,100.0,410.398,100.0,-46.140525817871094
112.6693902015686,100.0,410.409,100.0,-46.14275360107422
112.7013111114502,100.0,410.381,100.0,-46.143436431884766
112.73221921920776,100.0,410.364,100.0,-46.143455505371094
112.76438355445862,100.0,410.395,100.0,-46.14264678955078
112.79647541046143,100.0,410.465,100.0,-46.143226623535156
112.8280782699585,100.0,410.556,100.0,-46.151119232177734
112.8600172996521,100.0,410.534,100.0,-46.156253814697266
112.89247226715088,100.0,410.498,100.0,-46.1591911315918
112.92515301704407,100.0,410.464,100.0,-46.158782958984375
112.95723700523376,100.0,410.573,100.0,-46.158912658691406
112.98943543434143,100.0,410.586,100.0,-46.16244125366211
113.020427942276,100.0,410.583,100.0,-46.165618896484375
113.05238175392151,100.0,410.591,100.0,-46.16979217529297
113.08462119102478,100.0,410.615,100.0,-46.17219924926758
113.11646318435669,100.0,410.652,100.0,-46.17504119873047
113.14822220802307,100.0,410.667,100.0,-46.17759323120117
113.18039894104004,100.0,410.684,100.0,-46.18260955810547
113.21241998672485,100.0,410.687,100.0,-46.184574127197266
113.24458837509155,100.0,410.654,100.0,-46.186100006103516
113.27683138847351,100.0,410.696,100.0,-46.186973571777344
113.30841016769409,100.0,410.695,100.0,-46.187889099121094
113.34059286117554,100.0,410.711,100.0,-46.188453674316406
113.37265348434448,100.0,410.722,100.0,-46.1894645690918
113.40403890609741,100.0,410.741,100.0,-46.1918830871582
113.43373727798462,100.0,410.767,100.0,-46.19310760498047
113.45450282096863,100.0,410.829,100.0,-46.195064544677734
113.48305153846741,100.0,410.838,100.0,-46.1990966796875
113.51541447639465,100.0,410.894,100.0,-46.20249938964844
113.54757142066956,100.0,410.925,100.0,-46.20738983154297
113.57925915718079,100.0,410.941,100.0,-46.216758728027344
113.6118266582489,100.0,411.001,100.0,-46.221168518066406
113.64390969276428,100.0,410.993,100.0,-46.225830078125
113.678382396698,100.0,411.004,100.0,-46.23168182373047
113.70783495903015,100.0,411.018,100.0,-46.23423385620117
113.74043273925781,100.0,410.985,100.0,-46.234676361083984
113.77220416069031,100.0,411.817,100.0,-46.24214172363281
113.80388021469116,100.0,412.651,100.0,-46.33598327636719
113.83682918548584,100.0,413.519,100.0,-46.41888427734375
113.8689193725586,100.0,414.232,100.0,-46.48237228393555
113.9043083190918,100.0,414.568,100.0,-46.63081359863281
113.93197894096375,100.0,414.6,100.0,-46.68711471557617
113.96395444869995,100.0,414.647,100.0,-46.73057556152344
113.99034214019775,100.0,414.68,100.0,-46.7646484375
114.02807450294495,100.0,414.691,100.0,-46.80998992919922
114.05910992622375,100.0,414.625,100.0,-46.82327651977539
114.09129762649536,100.0,413.97,100.0,-46.82929992675781
114.12308931350708,100.0,412.081,100.0,-46.80503845214844
114.15543389320374,100.0,411.315,100.0,-46.59571075439453
114.18890976905823,100.0,411.351,100.0,-46.5111198425293
114.22008275985718,100.0,411.388,100.0,-46.44620895385742
114.25211501121521,100.0,411.384,100.0,-46.360565185546875
114.28416967391968,100.0,411.476,100.0,-46.3361930847168
114.31529760360718,100.0,412.625,100.0,-46.34081268310547
114.34817099571228,100.0,413.273,100.0,-46.37041091918945
114.38560199737549,100.0,413.898,100.0,-46.48672103881836
114.41347980499268,100.0,414.08,100.0,-46.54523849487305
114.44553780555725,100.0,414.389,100.0,-46.59877014160156
114.47613859176636,100.0,414.48,100.0,-46.64433288574219
114.50726699829102,100.0,414.483,100.0,-46.711997985839844
114.54002285003662,100.0,414.388,100.0,-46.733924865722656
114.57227849960327,100.0,414.31,100.0,-46.74611282348633
114.60492181777954,100.0,414.064,100.0,-46.75287628173828
114.63883066177368,100.0,413.906,100.0,-46.74488067626953
114.66998863220215,100.0,413.783,100.0,-46.73139953613281
114.70178842544556,100.0,413.616,100.0,-46.715240478515625
114.73377704620361,100.0,413.683,100.0,-46.68269729614258
114.77034854888916,100.0,413.647,100.0,-46.672245025634766
114.79853248596191,100.0,413.531,100.0,-46.66242980957031
114.82970857620239,100.0,413.013,100.0,-46.61817169189453
114.86385178565979,100.0,412.485,100.0,-46.571529388427734
114.89492225646973,100.0,412.005,100.0,-46.51543045043945
114.92649912834167,100.0,411.63,100.0,-46.460235595703125
114.95906805992126,100.0,411.679,100.0,-46.379703521728516
114.99037313461304,100.0,411.704,100.0,-46.35565948486328
115.022873878479,100.0,411.761,100.0,-46.33894348144531
115.05467104911804,100.0,411.786,100.0,-46.32334518432617
115.08724856376648,100.0,411.795,100.0,-46.31987762451172
115.1186010837555,100.0,411.803,100.0,-46.318336486816406
115.15141534805298,100.0,411.806,100.0,-46.318199157714844
115.18890023231506,100.0,411.884,100.0,-46.32051086425781
115.21313500404358,100.0,411.884,100.0,-46.32514953613281
115.24646425247192,100.0,411.937,100.0,-46.330562591552734
115.28084015846252,100.0,411.968,100.0,-46.34215545654297
115.30999422073364,100.0,411.983,100.0,-46.34780502319336
115.34228801727295,100.0,411.966,100.0,-46.35176467895508
115.37419533729553,100.0,411.968,100.0,-46.35552215576172
115.40643882751465,100.0,411.951,100.0,-46.359989166259766
115.43833184242249,100.0,411.965,100.0,-46.36204528808594
115.46968150138855,100.0,411.985,100.0,-46.363800048828125
115.50490522384644,100.0,412.028,100.0,-46.36862564086914
115.5365846157074,100.0,412.039,100.0,-46.37191390991211
115.56604361534119,100.0,412.038,100.0,-46.37500762939453
115.59819102287292,100.0,412.042,100.0,-46.3774299621582
115.62996888160706,100.0,412.033,100.0,-46.38080978393555
115.66239309310913,100.0,412.111,100.0,-46.38418960571289
115.69410538673401,100.0,412.164,100.0,-46.38774871826172
115.73179364204407,100.0,412.156,100.0,-46.3962516784668
115.75872492790222,100.0,412.201,100.0,-46.40082931518555
115.78919625282288,100.0,412.236,100.0,-46.404541015625
115.8221173286438,100.0,412.272,100.0,-46.40861892700195
115.85403561592102,100.0,412.241,100.0,-46.4154052734375
115.8867814540863,100.0,412.282,100.0,-46.418731689453125
115.91869115829468,100.0,412.271,100.0,-46.42075729370117
115.95708918571472,100.0,412.311,100.0,-46.42531967163086
115.98357009887695,100.0,412.309,100.0,-46.42716979980469
116.01423525810242,100.0,412.32,100.0,-46.428504943847656
116.05124402046204,100.0,412.359,100.0,-46.429901123046875
116.0792088508606,100.0,412.381,100.0,-46.43384552001953
116.1099648475647,100.0,412.409,100.0,-46.43631362915039
116.14097428321838,100.0,412.405,100.0,-46.43930435180664
116.17262721061707,100.0,412.376,100.0,-46.441349029541016
116.21022319793701,100.0,412.407,100.0,-46.443016052246094
116.23635578155518,100.0,412.432,100.0,-46.44506072998047
116.26884579658508,100.0,412.476,100.0,-46.44792938232422
116.30076217651367,100.0,412.484,100.0,-46.45051193237305
116.33249402046204,100.0,412.48,100.0,-46.454200744628906
116.36450624465942,100.0,412.497,100.0,-46.455936431884766
116.39654326438904,100.0,412.523,100.0,-46.45827102661133
116.43198752403259,100.0,412.523,100.0,-46.460594177246094
116.46111416816711,100.0,412.537,100.0,-46.461570739746094
116.49320316314697,100.0,412.56,100.0,-46.46282196044922
116.52479362487793,100.0,412.597,100.0,-46.46466064453125
116.55781602859497,100.0,412.639,100.0,-46.47169494628906
116.58910012245178,100.0,412.667,100.0,-46.474552154541016
116.60917210578918,100.0,412.679,100.0,-46.47782897949219
116.65699934959412,100.0,412.73,100.0,-46.48504638671875
116.68465518951416,100.0,412.769,100.0,-46.48988342285156
116.71860456466675,100.0,412.764,100.0,-46.491432189941406
116.73397040367126,100.0,412.764,100.0,-46.49435043334961
116.78018307685852,100.0,412.743,100.0,-46.49686813354492
116.81182599067688,100.0,412.755,100.0,-46.497283935546875
116.84345507621765,100.0,412.755,100.0,-46.49798583984375
116.87570261955261,100.0,412.771,100.0,-46.49842071533203
116.90731048583984,100.0,412.787,100.0,-46.499202728271484
116.94031190872192,100.0,412.813,100.0,-46.50040054321289
116.97230887413025,100.0,412.801,100.0,-46.50232696533203
117.00421333312988,100.0,412.817,100.0,-46.50448989868164
117.03646779060364,100.0,412.843,100.0,-46.505767822265625
117.06801915168762,100.0,412.873,100.0,-46.507381439208984
117.09479260444641,100.0,412.879,100.0,-46.509803771972656
117.13129949569702,100.0,412.896,100.0,-46.514041900634766
117.16307878494263,100.0,412.913,100.0,-46.51636505126953
117.19543814659119,100.0,412.968,100.0,-46.518531799316406
117.22800064086914,100.0,412.97,100.0,-46.52195739746094
117.26000142097473,100.0,412.984,100.0,-46.52711868286133
117.29188871383667,100.0,412.971,100.0,-46.528419494628906
117.32442426681519,100.0,412.996,100.0,-46.529319763183594
117.3564932346344,100.0,413.04,100.0,-46.532135009765625
117.38849472999573,100.0,413.084,100.0,-46.5347900390625
117.42026114463806,100.0,413.067,100.0,-46.53859329223633
117.4385175704956,100.0,413.047,100.0,-46.54071807861328
117.4683256149292,100.0,413.064,100.0,-46.541412353515625
117.50081515312195,100.0,413.069,100.0,-46.54256057739258
117.53167676925659,100.0,413.105,100.0,-46.545738220214844
117.56265020370483,100.0,413.194,100.0,-46.549556732177734
117.59433054924011,100.0,413.212,100.0,-46.55392074584961
117.62612581253052,100.0,413.225,100.0,-46.55794143676758
117.65852546691895,100.0,413.211,100.0,-46.563499450683594
117.69131112098694,100.0,413.233,100.0,-46.56489562988281
117.72229290008545,100.0,413.255,100.0,-46.56681823730469
117.75400400161743,100.0,413.271,100.0,-46.57143020629883
117.78565073013306,100.0,413.258,100.0,-46.57255935668945
117.81739211082458,100.0,413.252,100.0,-46.573062896728516
117.85724067687988,100.0,413.282,100.0,-46.57463836669922
117.8815975189209,100.0,413.31,100.0,-46.576786041259766
117.9183669090271,100.0,413.345,100.0,-46.579811096191406
117.94481754302979,100.0,413.356,100.0,-46.582515716552734
117.9735267162323,100.0,413.328,100.0,-46.583702087402344
118.00797438621521,100.0,413.317,100.0,-46.583900451660156
118.03265833854675,100.0,413.312,100.0,-46.58362579345703
118.08347129821777,100.0,413.346,100.0,-46.58407211303711
118.1085729598999,100.0,413.41,100.0,-46.585697174072266
118.14041209220886,100.0,413.479,100.0,-46.58860397338867
118.27198362350464,100.0,413.605,100.0,-46.612396240234375
118.29901170730591,100.0,413.633,100.0,-46.61680603027344
118.33122396469116,100.0,413.662,100.0,-46.62577438354492
118.36280488967896,100.0,413.667,100.0,-46.62932586669922
118.39469790458679,100.0,413.675,100.0,-46.63166427612305
118.4266471862793,100.0,413.686,100.0,-46.63390350341797
118.45938372612,100.0,413.705,100.0,-46.63816833496094
118.49096083641052,100.0,413.724,100.0,-46.64053726196289
118.52233934402466,100.0,413.757,100.0,-46.64281463623047
118.55770826339722,100.0,413.766,100.0,-46.64732360839844
118.58666825294495,100.0,413.776,100.0,-46.649227142333984
118.61884546279907,100.0,413.77,100.0,-46.65055847167969
118.65164279937744,100.0,413.762,100.0,-46.65119934082031
118.68414187431335,100.0,413.731,100.0,-46.65030288696289
118.71570611000061,100.0,413.762,100.0,-46.649009704589844
118.74735021591187,100.0,413.779,100.0,-46.64921188354492
118.78376078605652,100.0,413.82,100.0,-46.652225494384766
118.81195616722107,100.0,413.851,100.0,-46.65504837036133
118.84559535980225,100.0,413.881,100.0,-46.65726852416992
118.87564778327942,100.0,413.942,100.0,-46.66015625
118.90846109390259,100.0,413.95,100.0,-46.66871643066406
118.94026780128479,100.0,413.941,100.0,-46.67205810546875
118.97279715538025,100.0,413.941,100.0,-46.673683166503906
119.00763750076294,100.0,413.966,100.0,-46.676639556884766
119.03696179389954,100.0,414.008,100.0,-46.67969512939453
119.10612559318542,100.0,414.102,100.0,-46.68828201293945
119.13267827033997,100.0,414.108,100.0,-46.692169189453125
119.15987777709961,100.0,414.13,100.0,-46.6953010559082
119.18801283836365,100.0,414.129,100.0,-46.698516845703125
119.22293162345886,100.0,414.157,100.0,-46.700828552246094
119.25925827026367,100.0,414.153,100.0,-46.705543518066406
119.28921103477478,100.0,414.185,100.0,-46.70821762084961
119.31737232208252,100.0,414.19,100.0,-46.710147857666016
119.35711026191711,100.0,414.187,100.0,-46.71268081665039
119.38719463348389,100.0,414.224,100.0,-46.71485137939453
119.40920495986938,100.0,414.249,100.0,-46.71746063232422
119.45882487297058,100.0,414.324,100.0,-46.724754333496094
119.48315644264221,100.0,414.293,100.0,-46.72658920288086
119.51537156105042,100.0,414.303,100.0,-46.728294372558594
119.547780752182,100.0,414.297,100.0,-46.72923278808594
119.57915663719177,100.0,414.314,100.0,-46.728912353515625
119.61137676239014,100.0,414.348,100.0,-46.73249053955078
119.64265823364258,100.0,414.364,100.0,-46.734161376953125
119.67488503456116,100.0,414.369,100.0,-46.73601531982422
119.70857620239258,100.0,414.394,100.0,-46.73980712890625
119.73825526237488,100.0,414.411,100.0,-46.7413215637207
119.77020311355591,100.0,414.437,100.0,-46.743099212646484
119.8029294013977,100.0,414.445,100.0,-46.74546432495117
119.92648839950562,100.0,414.607,100.0,-46.7622184753418
119.95573043823242,100.0,414.607,100.0,-46.7667121887207
119.99354004859924,100.0,414.593,100.0,-46.772377014160156
120.02670049667358,100.0,414.598,100.0,-46.7735710144043
120.0487310886383,100.0,414.594,100.0,-46.774566650390625
120.0845730304718,100.0,414.628,100.0,-46.776702880859375
120.11518692970276,100.0,414.661,100.0,-46.779258728027344
120.14591813087463,100.0,414.687,100.0,-46.78220748901367
120.17047905921936,100.0,414.721,100.0,-46.78579330444336
120.20326280593872,100.0,414.704,100.0,-46.78856658935547
120.23515462875366,100.0,414.709,100.0,-46.790740966796875
120.26727223396301,100.0,414.686,100.0,-46.79042434692383
120.3007185459137,100.0,414.691,100.0,-46.7902717590332
120.3430802822113,100.0,414.71,100.0,-46.791412353515625
120.358567237854,100.0,414.73,100.0,-46.79153823852539
120.3966178894043,100.0,414.73,100.0,-46.79238510131836
120.42359113693237,100.0,414.733,100.0,-46.7929573059082
120.4638261795044,100.0,414.789,100.0,-46.79433822631836
120.49563097953796,100.0,414.814,100.0,-46.796714782714844
120.52807831764221,100.0,414.825,100.0,-46.799530029296875
120.56155729293823,100.0,414.816,100.0,-46.8036003112793
120.59593963623047,100.0,414.804,100.0,-46.8033447265625
120.63343095779419,100.0,414.824,100.0,-46.80509948730469
120.66231608390808,100.0,414.863,100.0,-46.807586669921875
120.69364213943481,100.0,414.916,100.0,-46.810821533203125
120.72768378257751,100.0,414.94,100.0,-46.81407928466797
120.7613468170166,100.0,414.945,100.0,-46.82029724121094
120.78570556640625,100.0,414.968,100.0,-46.823307037353516
120.82125186920166,100.0,414.981,100.0,-46.826080322265625
120.84636116027832,100.0,414.995,100.0,-46.828704833984375
120.87535619735718,100.0,415.009,100.0,-46.83121109008789
120.90809321403503,100.0,415.043,100.0,-46.83500671386719
120.93980240821838,100.0,415.035,100.0,-46.83717346191406
120.96823263168335,100.0,415.068,100.0,-46.83840560913086
121.00352311134338,100.0,415.078,100.0,-46.840633392333984
121.04479265213013,100.0,415.143,100.0,-46.8445930480957
121.06509900093079,100.0,415.134,100.0,-46.84823989868164
121.09469151496887,100.0,415.143,100.0,-46.8505744934082
121.12568259239197,100.0,415.161,100.0,-46.85264205932617
121.15982389450073,100.0,415.146,100.0,-46.85586929321289
121.19563341140747,100.0,415.14,100.0,-46.85639190673828
121.22987675666809,100.0,415.148,100.0,-46.8565673828125
121.26119780540466,100.0,415.184,100.0,-46.85863494873047
121.28569507598877,100.0,415.247,100.0,-46.86250305175781
121.31830048561096,100.0,415.263,100.0,-46.86606979370117
121.34980010986328,100.0,415.393,100.0,-46.87145233154297
121.38213109970093,100.0,415.433,100.0,-46.87823486328125
121.41393518447876,100.0,415.452,100.0,-46.89094161987305
121.44526600837708,100.0,415.477,100.0,-46.896400451660156
121.47852158546448,100.0,415.394,100.0,-46.89772415161133
121.50993299484253,100.0,415.411,100.0,-46.89845275878906
121.54012846946716,100.0,415.388,100.0,-46.8978271484375
121.57052040100098,100.0,415.474,100.0,-46.89720153808594
121.60236048698425,100.0,415.502,100.0,-46.90019989013672
121.63452696800232,100.0,415.511,100.0,-46.90559005737305
121.66582417488098,100.0,415.463,100.0,-46.90786361694336
121.69787168502808,100.0,415.515,100.0,-46.9074821472168
121.73543310165405,100.0,415.52,100.0,-46.91071319580078
121.76234602928162,100.0,415.572,100.0,-46.913917541503906
121.79351091384888,100.0,415.573,100.0,-46.9166145324707
121.82406830787659,100.0,415.609,100.0,-46.91828918457031
121.84730386734009,100.0,415.641,100.0,-46.920982360839844
121.87832641601562,100.0,415.635,100.0,-46.924285888671875
121.91137456893921,100.0,415.683,100.0,-46.93006134033203
121.9453637599945,100.0,415.698,100.0,-46.93325424194336
121.96887826919556,100.0,415.698,100.0,-46.9356803894043
122.00368428230286,100.0,415.684,100.0,-46.93709182739258
122.04514598846436,100.0,415.701,100.0,-46.938941955566406
122.07704091072083,100.0,415.735,100.0,-46.94042205810547
122.10790491104126,100.0,415.735,100.0,-46.94340133666992
122.13913464546204,100.0,415.738,100.0,-46.944374084472656
122.17056822776794,100.0,415.762,100.0,-46.94602966308594
122.20294690132141,100.0,415.77,100.0,-46.947540283203125
122.23495030403137,100.0,415.849,100.0,-46.95121765136719
122.26684498786926,100.0,415.876,100.0,-46.954566955566406
122.30027985572815,100.0,415.901,100.0,-46.958187103271484
122.33132290840149,100.0,415.916,100.0,-46.96192932128906
122.36407828330994,100.0,415.89,100.0,-46.96642303466797
122.39575719833374,100.0,415.924,100.0,-46.96747589111328
122.4275176525116,100.0,415.932,100.0,-46.9696044921875
122.46033096313477,100.0,415.954,100.0,-46.973724365234375
122.49149990081787,100.0,415.953,100.0,-46.97589874267578
122.52443385124207,100.0,416.043,100.0,-46.97687530517578
122.5557873249054,100.0,416.06,100.0,-46.981300354003906
122.59132838249207,100.0,416.085,100.0,-46.98936462402344
122.62788987159729,100.0,416.123,100.0,-46.992191314697266
122.66053032875061,100.0,416.137,100.0,-46.99941635131836
122.69876074790955,100.0,416.134,100.0,-47.00178146362305
122.7308931350708,100.0,416.095,100.0,-47.002044677734375
122.76286101341248,100.0,416.112,100.0,-47.00238037109375
122.79498243331909,100.0,416.146,100.0,-47.004058837890625
122.82697749137878,100.0,416.168,100.0,-47.005245208740234
122.86147618293762,100.0,416.139,100.0,-47.007484436035156
122.89125537872314,100.0,416.137,100.0,-47.00727462768555
122.92334532737732,100.0,416.136,100.0,-47.00693130493164
122.95660328865051,100.0,416.167,100.0,-47.00653076171875
122.98809361457825,100.0,416.176,100.0,-47.00794219970703
123.0202283859253,100.0,416.207,100.0,-47.008758544921875
123.05266284942627,100.0,416.223,100.0,-47.0106201171875
123.08630013465881,100.0,416.246,100.0,-47.015132904052734
123.1129047870636,100.0,416.259,100.0,-47.01750946044922
123.14418339729309,100.0,416.302,100.0,-47.01914596557617
123.17734241485596,100.0,416.358,100.0,-47.02225875854492
123.20891809463501,100.0,416.397,100.0,-47.02693176269531
123.24135971069336,100.0,416.417,100.0,-47.036808013916016
123.27313947677612,100.0,416.476,100.0,-47.04151916503906
123.30414962768555,100.0,416.476,100.0,-47.04633331298828
123.34544396400452,100.0,416.484,100.0,-47.052886962890625
123.38343596458435,100.0,416.489,100.0,-47.05575180053711
123.4155604839325,100.0,416.542,100.0,-47.060611724853516
123.44768285751343,100.0,416.537,100.0,-47.06301498413086
123.48065423965454,100.0,416.519,100.0,-47.06452178955078
123.51234841346741,100.0,416.544,100.0,-47.065956115722656
123.54400968551636,100.0,416.578,100.0,-47.066688537597656
123.57615399360657,100.0,416.587,100.0,-47.06855773925781
123.59247541427612,100.0,416.611,100.0,-47.07026672363281
123.62512683868408,100.0,416.634,100.0,-47.072479248046875
123.66137385368347,100.0,416.659,100.0,-47.07795715332031
123.69327783584595,100.0,416.67,100.0,-47.080467224121094
123.72626233100891,100.0,416.667,100.0,-47.082374572753906
123.75749850273132,100.0,416.692,100.0,-47.08360290527344
123.78954768180847,100.0,416.697,100.0,-47.0870361328125
123.82113146781921,100.0,416.74,100.0,-47.08967590332031
123.85331702232361,100.0,416.768,100.0,-47.09185791015625
123.88722538948059,100.0,416.79,100.0,-47.097537994384766
123.9178376197815,100.0,416.793,100.0,-47.099815368652344
123.95059943199158,100.0,416.793,100.0,-47.10120391845703
123.98127770423889,100.0,416.804,100.0,-47.102413177490234
124.01346015930176,100.0,416.787,100.0,-47.10386276245117
124.04625177383423,100.0,416.812,100.0,-47.10493469238281
124.08604311943054,100.0,416.815,100.0,-47.1052360534668
124.11359667778015,100.0,416.83,100.0,-47.1058349609375
124.14322400093079,100.0,416.85,100.0,-47.10684585571289
124.17544722557068,100.0,416.878,100.0,-47.10838317871094
124.20667552947998,100.0,416.889,100.0,-47.11066818237305
124.23807263374329,100.0,416.876,100.0,-47.114601135253906
124.27999711036682,100.0,416.873,100.0,-47.11513900756836
124.31031894683838,100.0,416.887,100.0,-47.1153450012207
124.34247183799744,100.0,416.904,100.0,-47.11754608154297
124.37571907043457,100.0,416.925,100.0,-47.118282318115234
124.41267204284668,100.0,416.942,100.0,-47.121360778808594
124.44502806663513,100.0,417.05,100.0,-47.12651443481445
124.47680306434631,100.0,417.035,100.0,-47.13105010986328
124.51265048980713,100.0,417.044,100.0,-47.136260986328125
124.54067587852478,100.0,417.027,100.0,-47.13732147216797
124.56333661079407,100.0,417.046,100.0,-47.13883590698242
124.60515880584717,100.0,417.062,100.0,-47.14003372192383
124.6456470489502,100.0,417.101,100.0,-47.144012451171875
124.6771092414856,100.0,417.139,100.0,-47.147525787353516
124.71263670921326,100.0,417.179,100.0,-47.15548324584961
124.73962450027466,100.0,417.204,100.0,-47.157745361328125
124.77826690673828,100.0,417.184,100.0,-47.160423278808594
124.80364322662354,100.0,417.189,100.0,-47.161537170410156
124.84135866165161,100.0,417.22,100.0,-47.16386413574219
124.8734827041626,100.0,417.245,100.0,-47.16536331176758
124.91322422027588,100.0,417.281,100.0,-47.17049789428711
124.93852972984314,100.0,417.316,100.0,-47.173362731933594
124.96926259994507,100.0,417.321,100.0,-47.176300048828125
125.01265549659729,100.0,417.327,100.0,-47.180633544921875
125.0462715625763,100.0,417.37,100.0,-47.182960510253906
125.07688498497009,100.0,417.38,100.0,-47.185523986816406
125.10841345787048,100.0,417.395,100.0,-47.18781280517578
125.14573264122009,100.0,417.42,100.0,-47.192779541015625
125.17857813835144,100.0,417.499,100.0,-47.19688415527344
125.202880859375,100.0,417.512,100.0,-47.20111083984375
125.23649215698242,100.0,417.544,100.0,-47.20884704589844
125.26832413673401,100.0,417.534,100.0,-47.211421966552734
125.29540252685547,100.0,417.562,100.0,-47.21444320678711
125.34228706359863,100.0,417.582,100.0,-47.219512939453125
125.3755612373352,100.0,417.619,100.0,-47.222660064697266
125.40546655654907,100.0,417.627,100.0,-47.22515869140625
125.44921064376831,100.0,417.619,100.0,-47.22806930541992
125.47832489013672,100.0,417.61,100.0,-47.228702545166016
125.51008629798889,100.0,417.671,100.0,-47.22868347167969
125.54171466827393,100.0,417.699,100.0,-47.232051849365234
125.57831478118896,100.0,417.747,100.0,-47.23465347290039
125.63135480880737,100.0,417.733,100.0,-47.24088668823242
125.66353511810303,100.0,417.777,100.0,-47.245574951171875
125.69457268714905,100.0,417.814,100.0,-47.24732208251953
125.72683620452881,100.0,417.822,100.0,-47.25056838989258
125.75150799751282,100.0,417.831,100.0,-47.253292083740234
125.79101777076721,100.0,417.813,100.0,-47.256591796875
125.82282853126526,100.0,417.819,100.0,-47.25790786743164
125.85339641571045,100.0,417.833,100.0,-47.25834655761719
125.88928890228271,100.0,417.867,100.0,-47.2611083984375
125.91713809967041,100.0,417.861,100.0,-47.26225662231445
125.94981288909912,100.0,417.871,100.0,-47.26346206665039
125.98221349716187,100.0,417.854,100.0,-47.2642936706543
126.01417660713196,100.0,417.891,100.0,-47.26544952392578
126.06532740592957,100.0,417.928,100.0,-47.26786804199219
126.09472298622131,100.0,417.951,100.0,-47.26964569091797
126.12669897079468,100.0,417.936,100.0,-47.27190017700195
126.16344904899597,100.0,417.951,100.0,-47.274261474609375
126.19052338600159,100.0,417.961,100.0,-47.275630950927734
126.22337174415588,100.0,418.006,100.0,-47.277198791503906
126.25616550445557,100.0,418.017,100.0,-47.279624938964844
126.29081535339355,100.0,418.056,100.0,-47.28517532348633
126.33074283599854,100.0,418.067,100.0,-47.28750228881836
126.36345291137695,100.0,418.069,100.0,-47.29155731201172
126.39372205734253,100.0,418.085,100.0,-47.293495178222656
126.42566561698914,100.0,418.092,100.0,-47.29564666748047
126.45783567428589,100.0,418.108,100.0,-47.296749114990234
126.49111866950989,100.0,418.106,100.0,-47.299095153808594
126.52174711227417,100.0,418.106,100.0,-47.299713134765625
126.55436158180237,100.0,418.174,100.0,-47.30119323730469
126.58857989311218,100.0,418.239,100.0,-47.308837890625
126.6192901134491,100.0,418.269,100.0,-47.31372833251953
126.65137195587158,100.0,418.301,100.0,-47.31874465942383
126.68312072753906,100.0,418.289,100.0,-47.32250213623047
126.71543169021606,100.0,418.313,100.0,-47.32611083984375
126.74626517295837,100.0,418.304,100.0,-47.32831573486328
126.77859878540039,100.0,418.341,100.0,-47.32951736450195
126.8149573802948,100.0,418.355,100.0,-47.33416748046875
126.84211373329163,100.0,418.352,100.0,-47.335693359375
126.87520623207092,100.0,418.351,100.0,-47.33713150024414
126.90809059143066,100.0,418.381,100.0,-47.337703704833984
126.94190239906311,100.0,418.39,100.0,-47.340797424316406
126.97951531410217,100.0,418.461,100.0,-47.3449592590332
127.0213029384613,100.0,418.486,100.0,-47.35118103027344
127.05278038978577,100.0,418.505,100.0,-47.35293960571289
127.0847225189209,100.0,418.529,100.0,-47.3556022644043
127.1171019077301,100.0,418.529,100.0,-47.360713958740234
127.14950704574585,100.0,418.597,100.0,-47.365116119384766
127.1816463470459,100.0,418.587,100.0,-47.36885452270508
127.21501588821411,100.0,418.604,100.0,-47.372764587402344
127.24574255943298,100.0,418.602,100.0,-47.37411880493164
127.27705883979797,100.0,418.584,100.0,-47.3742790222168
127.30946731567383,100.0,418.61,100.0,-47.37428283691406
127.34142303466797,100.0,418.6,100.0,-47.375614166259766
127.38018560409546,100.0,418.617,100.0,-47.37565994262695
127.41584348678589,100.0,418.64,100.0,-47.377689361572266
127.44478297233582,100.0,418.729,100.0,-47.38114547729492
127.47686243057251,100.0,418.779,100.0,-47.38499069213867
127.50820016860962,100.0,418.787,100.0,-47.38996505737305
127.54089760780334,100.0,418.789,100.0,-47.397151947021484
127.56538581848145,100.0,418.783,100.0,-47.39918518066406
127.59979557991028,100.0,418.749,100.0,-47.3996696472168
127.6288115978241,100.0,418.805,100.0,-47.39945983886719
127.65913915634155,100.0,418.821,100.0,-47.40153884887695
127.69188356399536,100.0,418.845,100.0,-47.40629196166992
127.72312808036804,100.0,418.893,100.0,-47.41019058227539
127.75484490394592,100.0,418.965,100.0,-47.414608001708984
127.79526090621948,100.0,419.024,100.0,-47.425472259521484
127.82554078102112,100.0,419.033,100.0,-47.43040084838867
127.84673571586609,100.0,419.025,100.0,-47.433719635009766
127.87465691566467,100.0,419.008,100.0,-47.43613052368164
127.91612243652344,100.0,419.002,100.0,-47.437744140625
127.94937992095947,100.0,418.996,100.0,-47.43782424926758
127.98078656196594,100.0,419.034,100.0,-47.4375
128.0146996974945,100.0,419.034,100.0,-47.43954086303711
128.04461979866028,100.0,419.051,100.0,-47.44123840332031
128.07714247703552,100.0,419.029,100.0,-47.441978454589844
128.11018109321594,100.0,419.04,100.0,-47.44152069091797
128.14190816879272,100.0,419.021,100.0,-47.44064712524414
128.17405033111572,100.0,419.101,100.0,-47.443241119384766
128.20198106765747,100.0,419.103,100.0,-47.444786071777344
128.23854899406433,100.0,419.091,100.0,-47.44636154174805
128.27905416488647,100.0,419.132,100.0,-47.44798278808594
128.3105959892273,100.0,419.199,100.0,-47.449806213378906
128.3440294265747,100.0,419.198,100.0,-47.45703125
128.37505173683167,100.0,419.175,100.0,-47.45835876464844
128.4159185886383,100.0,419.142,100.0,-47.45791244506836
128.4433422088623,100.0,419.143,100.0,-47.45738983154297
128.46984934806824,100.0,419.182,100.0,-47.45695114135742
128.5017125606537,100.0,419.23,100.0,-47.45817947387695
128.53423714637756,100.0,419.243,100.0,-47.461082458496094
128.56715035438538,100.0,419.248,100.0,-47.46697235107422
128.59743738174438,100.0,419.258,100.0,-47.468421936035156
128.62915873527527,100.0,419.272,100.0,-47.469879150390625
128.6657476425171,100.0,419.286,100.0,-47.47327423095703
128.69217252731323,100.0,419.315,100.0,-47.47577667236328
128.72396183013916,100.0,419.323,100.0,-47.478214263916016
128.7551383972168,100.0,419.335,100.0,-47.479759216308594
128.79243183135986,100.0,419.349,100.0,-47.48311233520508
128.81920766830444,100.0,419.355,100.0,-47.48462677001953
128.85142946243286,100.0,419.405,100.0,-47.48558044433594
128.88393902778625,100.0,419.424,100.0,-47.48845672607422
128.91491079330444,100.0,419.49,100.0,-47.496334075927734
128.9447500705719,100.0,419.472,100.0,-47.49930191040039
128.97377038002014,100.0,419.535,100.0,-47.50413513183594
129.00688695907593,100.0,419.689,100.0,-47.51149368286133
129.041574716568,100.0,419.726,100.0,-47.5275993347168
129.07031416893005,100.0,419.753,100.0,-47.534603118896484
129.11546969413757,100.0,419.682,100.0,-47.53988265991211
129.14969158172607,100.0,419.702,100.0,-47.541385650634766
129.18132400512695,100.0,419.685,100.0,-47.541648864746094
129.21618843078613,100.0,419.736,100.0,-47.54266357421875
129.24476528167725,100.0,419.746,100.0,-47.54429244995117
129.27695322036743,100.0,419.721,100.0,-47.54582595825195
129.30942845344543,100.0,419.728,100.0,-47.54582214355469
129.34230184555054,100.0,419.772,100.0,-47.546356201171875
129.3732786178589,100.0,419.86,100.0,-47.547996520996094
129.40542268753052,100.0,419.883,100.0,-47.55284881591797
129.4380292892456,100.0,419.897,100.0,-47.55744934082031
129.47367215156555,100.0,419.833,100.0,-47.562557220458984
129.50929021835327,100.0,419.845,100.0,-47.562461853027344
129.54228711128235,100.0,419.87,100.0,-47.563934326171875
129.57355523109436,100.0,419.85,100.0,-47.56388473510742
129.60536575317383,100.0,419.875,100.0,-47.56525421142578
129.63805627822876,100.0,419.925,100.0,-47.56575012207031
129.6706142425537,100.0,419.947,100.0,-47.5708122253418
129.70178484916687,100.0,419.967,100.0,-47.57362365722656
129.73378682136536,100.0,419.981,100.0,-47.57556915283203
129.76649951934814,100.0,419.956,100.0,-47.578163146972656
129.79779028892517,100.0,419.969,100.0,-47.578433990478516
129.8381383419037,100.0,419.991,100.0,-47.5790901184082
129.8662543296814,100.0,420.013,100.0,-47.58128356933594
129.89849615097046,100.0,420.027,100.0,-47.582881927490234
129.93124651908875,100.0,420.02,100.0,-47.58462142944336
129.9678180217743,100.0,420.029,100.0,-47.58662796020508
129.99519562721252,100.0,420.034,100.0,-47.5881462097168
130.02437043190002,100.0,420.082,100.0,-47.588653564453125
130.0565071105957,100.0,420.079,100.0,-47.590980529785156
130.0878984928131,100.0,420.119,100.0,-47.59257507324219
130.12065601348877,100.0,420.144,100.0,-47.598567962646484
130.1522831916809,100.0,420.2,100.0,-47.603271484375
130.18412470817566,100.0,420.195,100.0,-47.606815338134766
130.2170968055725,100.0,420.19,100.0,-47.61079406738281
130.248703956604,100.0,420.19,100.0,-47.61188507080078
130.28093361854553,100.0,420.224,100.0,-47.613380432128906
130.3133156299591,100.0,420.262,100.0,-47.6151008605957
130.34525084495544,100.0,420.259,100.0,-47.61988067626953
130.37695622444153,100.0,420.281,100.0,-47.62221145629883
130.40913319587708,100.0,420.301,100.0,-47.62474822998047
130.44246649742126,100.0,420.314,100.0,-47.628150939941406
130.4737401008606,100.0,420.326,100.0,-47.62956237792969
130.5052125453949,100.0,420.328,100.0,-47.63105010986328
130.5411491394043,100.0,420.376,100.0,-47.633583068847656
130.56966280937195,100.0,420.38,100.0,-47.63595962524414
130.6020154953003,100.0,420.429,100.0,-47.63786697387695
130.6334536075592,100.0,420.44,100.0,-47.641300201416016
130.66837906837463,100.0,420.468,100.0,-47.64771270751953
130.69915390014648,100.0,420.51,100.0,-47.65081787109375
130.73064374923706,100.0,420.523,100.0,-47.654273986816406
130.76319694519043,100.0,420.509,100.0,-47.65737533569336
130.79450011253357,100.0,420.486,100.0,-47.659271240234375
130.8264458179474,100.0,420.504,100.0,-47.660072326660156
130.85939359664917,100.0,420.606,100.0,-47.662635803222656
130.8934679031372,100.0,420.624,100.0,-47.6705436706543
130.92185163497925,100.0,420.628,100.0,-47.67353439331055
130.95427989959717,100.0,420.625,100.0,-47.675594329833984
130.98596835136414,100.0,420.63,100.0,-47.6768913269043
131.01850485801697,100.0,420.657,100.0,-47.67899703979492
131.04964208602905,100.0,420.652,100.0,-47.68067169189453
131.07938599586487,100.0,420.663,100.0,-47.68164825439453
131.10851192474365,100.0,420.656,100.0,-47.68275451660156
131.14371967315674,100.0,420.664,100.0,-47.683799743652344
131.17250418663025,100.0,420.684,100.0,-47.6844482421875
131.2047963142395,100.0,420.666,100.0,-47.68540573120117
131.24568796157837,100.0,420.674,100.0,-47.68547439575195
131.27826356887817,100.0,420.719,100.0,-47.685909271240234
131.30315375328064,100.0,420.718,100.0,-47.68768310546875
131.33449244499207,100.0,420.739,100.0,-47.688941955566406
131.36913919448853,100.0,420.699,100.0,-47.690345764160156
131.39965224266052,100.0,420.724,100.0,-47.691036224365234
131.4315791130066,100.0,420.743,100.0,-47.690914154052734
131.4645643234253,100.0,420.755,100.0,-47.69214630126953
131.49678683280945,100.0,420.792,100.0,-47.696109771728516
131.5298523902893,100.0,420.838,100.0,-47.6999626159668
131.56098556518555,100.0,420.94,100.0,-47.70425796508789
131.58683824539185,100.0,420.94,100.0,-47.71039581298828
131.62777256965637,100.0,420.905,100.0,-47.717491149902344
131.6592755317688,100.0,420.877,100.0,-47.718841552734375
131.69067573547363,100.0,420.837,100.0,-47.718597412109375
131.72432398796082,100.0,420.93,100.0,-47.71746826171875
131.75555324554443,100.0,420.928,100.0,-47.71946716308594
131.78764748573303,100.0,420.957,100.0,-47.72084045410156
131.81917762756348,100.0,420.965,100.0,-47.724979400634766
131.85144925117493,100.0,421.08,100.0,-47.72933578491211
131.88315200805664,100.0,421.125,100.0,-47.7344970703125
131.91556811332703,100.0,421.128,100.0,-47.740272521972656
131.9468812942505,100.0,421.161,100.0,-47.74945831298828
131.97968125343323,100.0,421.152,100.0,-47.752586364746094
132.01197361946106,100.0,421.216,100.0,-47.75612258911133
132.0440809726715,100.0,421.241,100.0,-47.76414489746094
132.07694959640503,100.0,421.265,100.0,-47.768096923828125
132.10741186141968,100.0,421.268,100.0,-47.7711181640625
132.14361238479614,100.0,421.278,100.0,-47.77440643310547
132.17611241340637,100.0,421.304,100.0,-47.77594757080078
132.20744967460632,100.0,421.307,100.0,-47.77808380126953
132.2394232749939,100.0,421.313,100.0,-47.77971649169922
132.27209424972534,100.0,421.28,100.0,-47.7806282043457
132.302987575531,100.0,421.256,100.0,-47.77900695800781
132.33569836616516,100.0,421.27,100.0,-47.777767181396484
132.36706447601318,100.0,421.266,100.0,-47.77729415893555
132.40073251724243,100.0,421.272,100.0,-47.77635192871094
132.4317328929901,100.0,421.292,100.0,-47.774688720703125
132.46380162239075,100.0,421.336,100.0,-47.7755241394043
132.49568152427673,100.0,421.336,100.0,-47.77977752685547
132.5273380279541,100.0,421.363,100.0,-47.78225326538086
132.55888605117798,100.0,421.384,100.0,-47.784393310546875
132.59137749671936,100.0,421.446,100.0,-47.786563873291016
132.62446761131287,100.0,421.49,100.0,-47.79578399658203
132.65538787841797,100.0,421.506,100.0,-47.80024337768555
132.68704962730408,100.0,421.484,100.0,-47.80266189575195
132.72825360298157,100.0,421.452,100.0,-47.8051643371582
132.7571177482605,100.0,421.486,100.0,-47.80479431152344
132.78931760787964,100.0,421.537,100.0,-47.80583190917969
132.82171535491943,100.0,421.587,100.0,-47.81150817871094
132.853985786438,100.0,421.539,100.0,-47.814979553222656
132.88376832008362,100.0,421.533,100.0,-47.81554412841797
132.91556334495544,100.0,421.538,100.0,-47.81562423706055
132.9478039741516,100.0,421.553,100.0,-47.816463470458984
132.97941374778748,100.0,421.609,100.0,-47.8186149597168
133.011088848114,100.0,421.605,100.0,-47.820823669433594
133.04425311088562,100.0,421.612,100.0,-47.8236083984375
133.07629799842834,100.0,421.623,100.0,-47.82501220703125
133.1077024936676,100.0,421.66,100.0,-47.82756042480469
133.12410688400269,100.0,421.664,100.0,-47.82961654663086
133.1557857990265,100.0,421.697,100.0,-47.832496643066406
133.18771123886108,100.0,421.736,100.0,-47.836273193359375
133.22884488105774,100.0,421.787,100.0,-47.843841552734375
133.25866556167603,100.0,421.841,100.0,-47.84686279296875
133.29202508926392,100.0,421.83,100.0,-47.851348876953125
133.3230495452881,100.0,421.844,100.0,-47.85582733154297
133.36261296272278,100.0,421.826,100.0,-47.858028411865234
133.39582228660583,100.0,421.851,100.0,-47.86040115356445
133.43308639526367,100.0,421.92,100.0,-47.86371612548828
133.46423149108887,100.0,421.957,100.0,-47.86682891845703
133.49732899665833,100.0,421.968,100.0,-47.87397003173828
133.5285987854004,100.0,421.95,100.0,-47.875423431396484
133.5610475540161,100.0,421.967,100.0,-47.876625061035156
133.5960328578949,100.0,421.998,100.0,-47.880496978759766
133.6246726512909,100.0,422.006,100.0,-47.882530212402344
133.65703701972961,100.0,421.995,100.0,-47.88351821899414
133.68999981880188,100.0,421.998,100.0,-47.88462829589844
133.72316670417786,100.0,422.045,100.0,-47.88721466064453
133.75356793403625,100.0,422.048,100.0,-47.888916015625
133.7852966785431,100.0,422.085,100.0,-47.891685485839844
133.81686210632324,100.0,422.107,100.0,-47.89463806152344
133.84775114059448,100.0,422.137,100.0,-47.898380279541016
133.88022017478943,100.0,422.109,100.0,-47.9007453918457
133.91267204284668,100.0,422.097,100.0,-47.901283264160156
133.94529128074646,100.0,422.126,100.0,-47.90205001831055
133.9764223098755,100.0,422.193,100.0,-47.903751373291016
134.00820422172546,100.0,422.227,100.0,-47.90673828125
134.0409951210022,100.0,422.212,100.0,-47.91038131713867
134.07939410209656,100.0,422.209,100.0,-47.91384506225586
134.12112045288086,100.0,422.207,100.0,-47.915077209472656
134.16016340255737,100.0,422.233,100.0,-47.91615295410156
134.19228076934814,100.0,422.282,100.0,-47.91731262207031
134.22485828399658,100.0,422.319,100.0,-47.923858642578125
134.26065278053284,100.0,422.333,100.0,-47.92719268798828
134.29666805267334,100.0,422.335,100.0,-47.931983947753906
134.32603001594543,100.0,422.318,100.0,-47.932525634765625
134.35658597946167,100.0,422.331,100.0,-47.93283462524414
134.38961577415466,100.0,422.348,100.0,-47.93352508544922
134.4209086894989,100.0,422.41,100.0,-47.9367790222168
134.45400381088257,100.0,422.433,100.0,-47.939613342285156
134.48529243469238,100.0,422.434,100.0,-47.94268035888672
134.51673007011414,100.0,422.442,100.0,-47.94499206542969
134.54903626441956,100.0,422.444,100.0,-47.94855880737305
134.58029198646545,100.0,422.474,100.0,-47.950321197509766
134.61278247833252,100.0,422.504,100.0,-47.952171325683594
134.64524245262146,100.0,422.527,100.0,-47.9576301574707
134.67775464057922,100.0,422.521,100.0,-47.95948791503906
134.70942401885986,100.0,422.602,100.0,-47.96283721923828
134.7418999671936,100.0,422.638,100.0,-47.96670150756836
134.77183175086975,100.0,422.641,100.0,-47.974483489990234
134.79694962501526,100.0,422.654,100.0,-47.97753143310547
134.82918429374695,100.0,422.654,100.0,-47.97975540161133
134.86077547073364,100.0,422.648,100.0,-47.98108673095703
134.90256071090698,100.0,422.676,100.0,-47.984188079833984
134.93494248390198,100.0,422.695,100.0,-47.98611068725586
134.9664285182953,100.0,422.736,100.0,-47.988609313964844
134.99839448928833,100.0,422.718,100.0,-47.99229431152344
135.03185772895813,100.0,422.71,100.0,-47.99286651611328
135.06310176849365,100.0,422.705,100.0,-47.99285888671875
135.094810962677,100.0,422.729,100.0,-47.99253463745117
135.12660384178162,100.0,422.793,100.0,-47.99550247192383
135.15860557556152,100.0,422.826,100.0,-47.99799346923828
135.19129538536072,100.0,422.821,100.0,-48.0012092590332
135.22522044181824,100.0,422.796,100.0,-48.00392150878906
135.25550842285156,100.0,422.808,100.0,-48.004737854003906
135.28614592552185,100.0,422.855,100.0,-48.005271911621094
135.32185173034668,100.0,422.858,100.0,-48.00938415527344
135.35410332679749,100.0,422.87,100.0,-48.011199951171875
135.38562321662903,100.0,422.891,100.0,-48.01318359375
135.4173707962036,100.0,422.915,100.0,-48.014835357666016
135.44971251487732,100.0,422.912,100.0,-48.01850509643555
135.48197603225708,100.0,422.948,100.0,-48.02106475830078
135.50789308547974,100.0,422.979,100.0,-48.02425003051758
135.54635739326477,100.0,423.061,100.0,-48.02956008911133
135.5790593624115,100.0,423.063,100.0,-48.033958435058594
135.60985708236694,100.0,423.075,100.0,-48.037330627441406
135.64216470718384,100.0,423.111,100.0,-48.04032897949219
135.6740427017212,100.0,423.133,100.0,-48.04631042480469
135.70597290992737,100.0,423.122,100.0,-48.04933166503906
135.73851704597473,100.0,423.092,100.0,-48.05107116699219
135.7718949317932,100.0,423.115,100.0,-48.05183792114258
135.80488753318787,100.0,423.126,100.0,-48.05255889892578
135.82888865470886,100.0,423.126,100.0,-48.05325698852539
135.8745982646942,100.0,423.159,100.0,-48.05677795410156
135.90423846244812,100.0,423.185,100.0,-48.05868911743164
135.93476939201355,100.0,423.202,100.0,-48.0599365234375
135.9723517894745,100.0,423.199,100.0,-48.06273651123047
136.01663279533386,100.0,423.218,100.0,-48.0640754699707
136.0485098361969,100.0,423.246,100.0,-48.067195892333984
136.08008646965027,100.0,423.263,100.0,-48.06934356689453
136.1120891571045,100.0,423.26,100.0,-48.0709114074707
136.14812874794006,100.0,423.222,100.0,-48.07148742675781
136.1757514476776,100.0,423.219,100.0,-48.07057571411133
136.20766949653625,100.0,423.255,100.0,-48.06966781616211
136.25083780288696,100.0,423.253,100.0,-48.07158660888672
136.28836941719055,100.0,423.247,100.0,-48.07168197631836
136.33030343055725,100.0,423.239,100.0,-48.070865631103516
136.3623549938202,100.0,423.322,100.0,-48.07149887084961
136.39861488342285,100.0,423.353,100.0,-48.07771301269531
136.4260959625244,100.0,423.336,100.0,-48.07958221435547
136.4586718082428,100.0,423.333,100.0,-48.08083724975586
136.49092555046082,100.0,423.327,100.0,-48.080989837646484
136.52360606193542,100.0,423.371,100.0,-48.083763122558594
136.55530214309692,100.0,423.372,100.0,-48.08545684814453
136.58758330345154,100.0,423.402,100.0,-48.08796310424805
136.62462639808655,100.0,423.442,100.0,-48.092323303222656
136.65113306045532,100.0,423.5,100.0,-48.09473419189453
136.68262314796448,100.0,423.571,100.0,-48.098960876464844
136.71449542045593,100.0,423.615,100.0,-48.105125427246094
136.74746131896973,100.0,423.615,100.0,-48.1165657043457
136.77889227867126,100.0,423.626,100.0,-48.1201171875
136.81196284294128,100.0,423.665,100.0,-48.123313903808594
136.84910106658936,100.0,423.7,100.0,-48.131683349609375
136.87522268295288,100.0,423.749,100.0,-48.136993408203125
136.90685153007507,100.0,423.763,100.0,-48.14173889160156
136.93897557258606,100.0,423.758,100.0,-48.14503860473633
136.96912598609924,100.0,423.715,100.0,-48.14720916748047
137.00092220306396,100.0,423.715,100.0,-48.14653015136719
137.0330195426941,100.0,423.718,100.0,-48.14608383178711
137.06445407867432,100.0,423.806,100.0,-48.14573287963867
137.0998740196228,100.0,423.788,100.0,-48.15071105957031
137.1291515827179,100.0,423.803,100.0,-48.151885986328125
137.16114330291748,100.0,423.804,100.0,-48.1533088684082
137.19353604316711,100.0,423.818,100.0,-48.15433883666992
137.2265646457672,100.0,423.849,100.0,-48.157073974609375
137.25862765312195,100.0,423.876,100.0,-48.158817291259766
137.29028511047363,100.0,423.894,100.0,-48.16119384765625
137.32438278198242,100.0,423.908,100.0,-48.166099548339844
137.3552737236023,100.0,423.916,100.0,-48.168190002441406
137.38745737075806,100.0,423.955,100.0,-48.17079162597656
137.4121904373169,100.0,424.003,100.0,-48.17323684692383
137.4542055130005,100.0,423.97,100.0,-48.178466796875
137.48605751991272,100.0,423.979,100.0,-48.179840087890625
137.5172176361084,100.0,424.01,100.0,-48.182090759277344
137.55037117004395,100.0,424.062,100.0,-48.18704605102539
137.58272075653076,100.0,424.113,100.0,-48.191650390625
137.61454010009766,100.0,424.103,100.0,-48.194671630859375
137.64711618423462,100.0,424.178,100.0,-48.20306396484375
137.67311549186707,100.0,424.18,100.0,-48.206241607666016
137.7084972858429,100.0,424.214,100.0,-48.20864486694336
137.7502613067627,100.0,424.221,100.0,-48.21424865722656
137.78096795082092,100.0,424.261,100.0,-48.21613311767578
137.81341075897217,100.0,424.281,100.0,-48.21912384033203
137.84540271759033,100.0,424.301,100.0,-48.222137451171875
137.876722574234,100.0,424.31,100.0,-48.22774887084961
137.90925669670105,100.0,424.298,100.0,-48.230064392089844
137.94089674949646,100.0,424.318,100.0,-48.230743408203125
137.97826838493347,100.0,424.315,100.0,-48.232666015625
138.01078867912292,100.0,424.325,100.0,-48.23324203491211
138.04231429100037,100.0,424.339,100.0,-48.233821868896484
138.07541275024414,100.0,424.33,100.0,-48.23497009277344
138.10695385932922,100.0,424.376,100.0,-48.236976623535156
138.13945746421814,100.0,424.384,100.0,-48.23876190185547
138.1703794002533,100.0,424.43,100.0,-48.24088668823242
138.20309472084045,100.0,424.402,100.0,-48.245452880859375
138.2354600429535,100.0,424.399,100.0,-48.245670318603516
138.2670555114746,100.0,424.43,100.0,-48.24561309814453
138.29927253723145,100.0,424.469,100.0,-48.24742126464844
138.33175325393677,100.0,424.48,100.0,-48.24964141845703
138.36420965194702,100.0,424.493,100.0,-48.251731872558594
138.4012176990509,100.0,424.505,100.0,-48.25583267211914
138.42932629585266,100.0,424.505,100.0,-48.25730514526367
138.45684027671814,100.0,424.586,100.0,-48.259281158447266
138.49061393737793,100.0,424.615,100.0,-48.26319122314453
138.52304768562317,100.0,424.649,100.0,-48.267337799072266
138.55592823028564,100.0,424.633,100.0,-48.27458953857422
138.58637356758118,100.0,424.637,100.0,-48.27653121948242
138.6188726425171,100.0,424.69,100.0,-48.27812576293945
138.65140771865845,100.0,424.67,100.0,-48.28308868408203
138.68393421173096,100.0,424.716,100.0,-48.286155700683594
138.71571898460388,100.0,424.733,100.0,-48.28912353515625
138.74746704101562,100.0,424.741,100.0,-48.291168212890625
138.7799289226532,100.0,424.745,100.0,-48.29445266723633
138.82850813865662,100.0,424.794,100.0,-48.296417236328125
138.86022186279297,100.0,424.805,100.0,-48.29890823364258
138.8921995162964,100.0,424.807,100.0,-48.301185607910156
138.92597699165344,100.0,424.805,100.0,-48.30406188964844
138.9556851387024,100.0,424.832,100.0,-48.305259704589844
138.98794198036194,100.0,424.84,100.0,-48.306793212890625
139.0252275466919,100.0,424.854,100.0,-48.30979919433594
139.0563726425171,100.0,424.879,100.0,-48.31197738647461
139.08803534507751,100.0,424.977,100.0,-48.314022064208984
139.12945365905762,100.0,424.956,100.0,-48.322147369384766
139.16981482505798,100.0,424.969,100.0,-48.32522201538086
139.1946156024933,100.0,424.972,100.0,-48.327144622802734
139.22887778282166,100.0,425.006,100.0,-48.33110427856445
139.2599549293518,100.0,425.008,100.0,-48.332977294921875
139.2919671535492,100.0,425.039,100.0,-48.33561325073242
139.32714581489563,100.0,425.048,100.0,-48.33949279785156
139.35681056976318,100.0,425.079,100.0,-48.34067916870117
139.388117313385,100.0,425.09,100.0,-48.34278106689453
139.42068123817444,100.0,425.122,100.0,-48.344757080078125
139.45371794700623,100.0,425.175,100.0,-48.35122299194336
139.48474884033203,100.0,425.217,100.0,-48.35451889038086
139.5169517993927,100.0,425.241,100.0,-48.358707427978516
139.54562973976135,100.0,425.26,100.0,-48.362823486328125
139.58709502220154,100.0,425.235,100.0,-48.3697624206543
139.6195456981659,100.0,425.231,100.0,-48.37070846557617
139.65200424194336,100.0,425.266,100.0,-48.37279510498047
139.68375277519226,100.0,425.287,100.0,-48.374839782714844
139.72213172912598,0.0,425.385,0.0,-51.46354293823242
139.76101517677307,0.0,425.37,0.0,-55.9111328125
139.79327082633972,0.0,425.321,0.0,-57.490638732910156
139.82589673995972,0.0,425.248,0.0,-59.76023483276367
139.86536812782288,0.0,425.262,0.0,-60.56636047363281
139.8961443901062,0.0,425.256,0.0,-61.21064376831055
139.92212510108948,0.0,425.288,0.0,-61.72639465332031
139.96291255950928,0.0,425.277,0.0,-62.4709358215332
139.99497842788696,0.0,425.308,0.0,-62.73539733886719
140.0264081954956,0.0,425.287,0.0,-63.11818313598633
140.05918765068054,0.0,425.298,0.0,-63.25346374511719
140.08858346939087,0.0,425.253,0.0,-63.36211395263672
140.12124276161194,0.0,425.256,0.0,-63.447105407714844
140.1535885334015,0.0,425.199,0.0,-63.56938552856445
140.18618202209473,0.0,425.174,0.0,-63.6107063293457
140.21875524520874,0.0,425.118,0.0,-63.642791748046875
140.252055644989,0.0,425.06,0.0,-63.68265914916992
140.28258895874023,0.0,425.007,0.0,-63.69380569458008
140.31433129310608,0.0,424.93,0.0,-63.70092010498047
140.34636211395264,0.0,424.911,0.0,-63.705718994140625
140.3785367012024,0.0,424.879,0.0,-63.710662841796875
140.41091465950012,0.0,424.859,0.0,-63.71140670776367
140.44285345077515,0.0,424.751,0.0,-63.709938049316406
140.47703957557678,0.0,424.698,0.0,-63.702613830566406
140.50673460960388,0.0,424.61,0.0,-63.69587326049805
140.5368309020996,0.0,424.533,0.0,-63.6909294128418
140.5770025253296,0.0,424.382,0.0,-63.675575256347656
140.61211609840393,0.0,424.305,0.0,-63.66649627685547
140.64476466178894,0.0,424.254,0.0,-63.65654373168945
140.67760729789734,0.0,424.13,0.0,-63.63780212402344
140.70834255218506,0.0,424.06,0.0,-63.627994537353516
140.7396218776703,0.0,423.948,0.0,-63.617820739746094
140.7782723903656,0.0,423.834,0.0,-63.59177017211914
140.81001162528992,0.0,423.576,0.0,-63.57588577270508
140.84289407730103,0.0,423.475,0.0,-63.55878448486328
140.87623286247253,0.0,423.395,0.0,-63.52577209472656
140.90730571746826,0.0,423.357,0.0,-63.5123176574707
140.93921184539795,0.0,423.171,0.0,-63.49955749511719
140.9782190322876,0.0,423.086,0.0,-63.4713249206543
141.00958228111267,0.0,422.984,0.0,-63.456787109375
141.04204654693604,0.0,422.709,0.0,-63.440467834472656
141.0732560157776,0.0,422.573,0.0,-63.422576904296875
141.10652351379395,0.0,422.456,0.0,-63.38477325439453
141.13100671768188,0.0,422.337,0.0,-63.36585235595703
141.16208028793335,0.0,422.219,0.0,-63.34696578979492
141.19372701644897,0.0,422.096,0.0,-63.327919006347656
141.22589826583862,0.0,421.865,0.0,-63.308650970458984
141.25662922859192,0.0,421.739,0.0,-63.27995300292969
141.29519295692444,0.0,421.621,0.0,-63.26416778564453
141.312264919281,0.0,421.452,0.0,-63.24778366088867
141.3442907333374,0.0,421.306,0.0,-63.22879409790039
141.37918758392334,0.0,421.193,0.0,-63.18935012817383
141.40771341323853,0.0,420.991,0.0,-63.17033004760742
141.4448642730713,0.0,420.858,0.0,-63.15281295776367
141.49316716194153,0.0,420.555,0.0,-63.11541748046875
141.52496457099915,0.0,420.383,0.0,-63.09461975097656
141.548104763031,0.0,420.249,0.0,-63.07219314575195
141.58922147750854,0.0,419.88,0.0,-63.027976989746094
141.62124848365784,0.0,419.734,0.0,-63.002296447753906
141.6542408466339,0.0,419.554,0.0,-62.951351165771484
141.6783525943756,0.0,419.341,0.0,-62.92337417602539
141.70455479621887,0.0,419.189,0.0,-62.89640808105469
141.73612213134766,0.0,419.044,0.0,-62.870540618896484
141.7680320739746,0.0,418.895,0.0,-62.84537887573242
141.80472087860107,0.0,418.595,0.0,-62.797691345214844
141.83172297477722,0.0,418.415,0.0,-62.77983856201172
141.86443877220154,0.0,418.261,0.0,-62.75961685180664
141.8966770172119,0.0,418.108,0.0,-62.73863983154297
141.9281907081604,0.0,417.848,0.0,-62.695945739746094
141.96031284332275,0.0,417.677,0.0,-62.675445556640625
141.99122667312622,0.0,417.496,0.0,-62.653541564941406
142.02952694892883,0.0,417.326,0.0,-62.60601806640625
142.0612814426422,0.0,416.979,0.0,-62.5804557800293
142.10468578338623,0.0,416.825,0.0,-62.53060531616211
142.13353204727173,0.0,416.688,0.0,-62.50691604614258
142.16526889801025,0.0,416.147,0.0,-62.48369598388672
142.1959502696991,0.0,415.936,0.0,-62.45030212402344
142.22947192192078,0.0,415.758,0.0,-62.384735107421875
142.25628757476807,0.0,415.571,0.0,-62.35334777832031
142.29302287101746,0.0,415.42,0.0,-62.32405471801758
142.31387448310852,0.0,415.222,0.0,-62.294429779052734
142.34654641151428,0.0,414.821,0.0,-62.26393127441406
142.38121962547302,0.0,414.641,0.0,-62.204376220703125
142.41406869888306,0.0,414.443,0.0,-62.183006286621094
142.44709849357605,0.0,414.242,0.0,-62.159568786621094
142.48050689697266,0.0,413.905,0.0,-62.10966873168945
142.53119492530823,0.0,413.584,0.0,-62.05860900878906
142.5628969669342,0.0,413.385,0.0,-62.0341911315918
142.59471368789673,0.0,413.209,0.0,-62.008323669433594
142.626300573349,0.0,412.944,0.0,-61.982295989990234
142.65927505493164,0.0,412.74,0.0,-61.92210388183594
142.6903998851776,0.0,412.436,0.0,-61.89510726928711
142.72974348068237,0.0,412.245,0.0,-61.84010696411133
142.75526976585388,0.0,411.85,0.0,-61.803497314453125
142.7939338684082,0.0,411.544,0.0,-61.77040481567383
142.824401140213,0.0,411.329,0.0,-61.73963928222656
142.85795259475708,0.0,411.112,0.0,-61.67644500732422
142.88854336738586,0.0,410.869,0.0,-61.64311218261719
142.9140236377716,0.0,410.654,0.0,-61.60982894897461
142.94326663017273,0.0,410.49,0.0,-61.57874298095703
142.98043417930603,0.0,410.108,0.0,-61.51850509643555
143.01141810417175,0.0,409.902,0.0,-61.49674987792969
143.04503321647644,0.0,409.673,0.0,-61.47282409667969
143.07859420776367,0.0,409.319,0.0,-61.41962432861328
143.1093726158142,0.0,409.113,0.0,-61.393245697021484
143.14144110679626,0.0,408.918,0.0,-61.36569595336914
143.1731629371643,0.0,408.711,0.0,-61.33769226074219
143.21340560913086,0.0,408.361,0.0,-61.280338287353516
143.24538326263428,0.0,408.176,0.0,-61.25278091430664
143.27682971954346,0.0,407.983,0.0,-61.225196838378906
143.30779385566711,0.0,407.751,0.0,-61.16740417480469
143.33931612968445,0.0,407.347,0.0,-61.13703918457031
143.3692502975464,0.0,407.132,0.0,-61.10687255859375
143.3967945575714,0.0,406.683,0.0,-61.076026916503906
143.431480884552,0.0,406.442,0.0,-60.99441909790039
143.46740245819092,0.0,406.225,0.0,-60.95564270019531
143.5012812614441,0.0,405.797,0.0,-60.91813278198242
143.53220105171204,0.0,405.589,0.0,-60.84694290161133
143.56454730033875,0.0,405.39,0.0,-60.81319808959961
143.5963990688324,0.0,405.22,0.0,-60.78166961669922
143.63071465492249,0.0,404.82,0.0,-60.727970123291016
143.66036176681519,0.0,404.592,0.0,-60.70405960083008
143.6917905807495,0.0,404.343,0.0,-60.67764663696289
143.7240695953369,0.0,404.147,0.0,-60.648399353027344
143.75588726997375,0.0,403.753,0.0,-60.589027404785156
143.79516100883484,0.0,403.561,0.0,-60.559940338134766
143.8277394771576,0.0,403.347,0.0,-60.5012321472168
143.87372660636902,0.0,402.859,0.0,-60.4703254699707
143.90576338768005,0.0,402.622,0.0,-60.40293884277344
143.93784832954407,0.0,402.201,0.0,-60.368587493896484
143.96974229812622,0.0,402.016,0.0,-60.33559799194336
144.00195693969727,0.0,401.79,0.0,-60.3039665222168
144.03450202941895,0.0,401.349,0.0,-60.22983169555664
144.06651520729065,0.0,401.14,0.0,-60.19038009643555
144.09849452972412,0.0,400.743,0.0,-60.1544075012207
144.13052105903625,0.0,400.537,0.0,-60.08442687988281
144.16391611099243,0.0,400.319,0.0,-60.05042266845703
144.20091581344604,0.0,399.919,0.0,-60.016273498535156
144.21899342536926,0.0,399.919,0.0,-59.98445129394531
144.24959444999695,0.0,399.495,0.0,-59.95232391357422
144.28158736228943,0.0,399.295,0.0,-59.898033142089844
144.3131799697876,0.0,399.055,0.0,-59.87382507324219
144.35674810409546,0.0,398.598,0.0,-59.81879425048828
144.3810772895813,0.0,398.358,0.0,-59.7883186340332
144.41178560256958,0.0,398.124,0.0,-59.756324768066406
144.44466400146484,0.0,397.899,0.0,-59.723411560058594
144.47600841522217,0.0,397.717,0.0,-59.69016647338867
144.50822067260742,0.0,397.264,0.0,-59.626243591308594
144.53187322616577,0.0,397.264,0.0,-59.5933723449707
144.5614926815033,0.0,396.83,0.0,-59.56039047241211
144.59721040725708,0.0,396.631,0.0,-59.52758026123047
144.62849974632263,0.0,396.414,0.0,-59.495540618896484
144.66397261619568,0.0,395.925,0.0,-59.4296760559082
144.6901092529297,0.0,395.733,0.0,-59.395263671875
144.72669768333435,0.0,395.546,0.0,-59.36228942871094
144.76252341270447,0.0,395.163,0.0,-59.29180908203125
144.7954342365265,0.0,394.744,0.0,-59.2532958984375
144.83192133903503,0.0,394.538,0.0,-59.18358612060547
144.86683344841003,0.0,394.309,0.0,-59.14923095703125
144.8963499069214,0.0,393.834,0.0,-59.11482238769531
144.9343466758728,0.0,393.627,0.0,-59.045562744140625
144.98778700828552,0.0,393.208,0.0,-58.98737716674805
145.01827883720398,0.0,392.969,0.0,-58.961952209472656
145.05668020248413,0.0,392.522,0.0,-58.90460968017578
145.08127307891846,0.0,392.291,0.0,-58.874305725097656
145.10970664024353,0.0,392.087,0.0,-58.84286880493164
145.14542174339294,0.0,391.851,0.0,-58.81167984008789
145.17089676856995,0.0,391.639,0.0,-58.77934265136719
145.20834851264954,0.0,391.405,0.0,-58.714073181152344
145.24446988105774,0.0,390.975,0.0,-58.68105697631836
145.268413066864,0.0,390.71,0.0,-58.64832305908203
145.31024050712585,0.0,390.509,0.0,-58.57999038696289
145.3353888988495,0.0,390.275,0.0,-58.54590606689453
145.3687300682068,0.0,389.835,0.0,-58.51249313354492
145.39334154129028,0.0,389.338,0.0,-58.47868347167969
145.42620730400085,0.0,389.079,0.0,-58.43340301513672
145.46640133857727,0.0,388.887,0.0,-58.34889221191406
145.48834872245789,0.0,388.658,0.0,-58.30988311767578
145.51499438285828,0.0,388.43,0.0,-58.271995544433594
145.54602098464966,0.0,388.215,0.0,-58.23553466796875
145.58927631378174,0.0,387.796,0.0,-58.16653060913086
145.61394429206848,0.0,387.573,0.0,-58.14202117919922
145.6590301990509,0.0,387.168,0.0,-58.08859634399414
145.68598580360413,0.0,387.009,0.0,-58.06084442138672
145.7332260608673,0.0,386.83,0.0,-58.008304595947266
145.75696468353271,0.0,386.598,0.0,-57.980045318603516
145.7861123085022,0.0,386.113,0.0,-57.94985580444336
145.8287136554718,0.0,385.858,0.0,-57.917869567871094
145.85944747924805,0.0,385.615,0.0,-57.84949493408203
145.88942670822144,0.0,385.139,0.0,-57.814388275146484
145.92616057395935,0.0,384.902,0.0,-57.77899932861328
145.9576199054718,0.0,384.695,0.0,-57.708919525146484
145.98683381080627,0.0,384.272,0.0,-57.666236877441406
146.0146734714508,0.0,384.076,0.0,-57.626766204833984
146.05705332756042,0.0,383.616,0.0,-57.55117416381836
146.08897471427917,0.0,383.382,0.0,-57.51408386230469
146.1222288608551,0.0,383.17,0.0,-57.47834014892578
146.1472761631012,0.0,382.964,0.0,-57.44389724731445
146.17241787910461,0.0,382.758,0.0,-57.41046142578125
146.2012939453125,0.0,382.323,0.0,-57.37834930419922
146.237872838974,0.0,382.108,0.0,-57.3292236328125
146.27065420150757,0.0,381.905,0.0,-57.3017692565918
146.3028531074524,0.0,381.693,0.0,-57.273765563964844
146.3370349407196,0.0,381.188,0.0,-57.21500015258789
146.37195801734924,0.0,380.97,0.0,-57.18170928955078
146.40905785560608,0.0,380.728,0.0,-57.11439514160156
146.43424367904663,0.0,380.36,0.0,-57.08119583129883
146.46131205558777,0.0,380.14,0.0,-57.050315856933594
146.49573922157288,0.0,379.942,0.0,-57.0189208984375
146.52655172348022,0.0,379.714,0.0,-56.98804473876953
146.54551672935486,0.0,379.457,0.0,-56.956298828125
146.57931661605835,0.0,379.176,0.0,-56.92266845703125
146.61245822906494,0.0,378.937,0.0,-56.850345611572266
146.65858602523804,0.0,378.551,0.0,-56.78327178955078
146.70591378211975,0.0,378.19,0.0,-56.744319915771484
146.74605345726013,0.0,377.766,0.0,-56.67798614501953
146.77208304405212,0.0,377.261,0.0,-56.640052795410156
146.79927897453308,0.0,376.963,0.0,-56.60162353515625
146.82854557037354,0.0,376.732,0.0,-56.56119155883789
146.85951685905457,0.0,376.503,0.0,-56.484004974365234
146.89379286766052,0.0,376.33,0.0,-56.449180603027344
146.92858958244324,0.0,375.887,0.0,-56.41533279418945
146.962149143219,0.0,375.672,0.0,-56.364234924316406
146.98889660835266,0.0,375.41,0.0,-56.33629608154297
147.0197913646698,0.0,375.195,0.0,-56.30546951293945
147.05312585830688,0.0,374.956,0.0,-56.27436828613281
147.0859260559082,0.0,374.548,0.0,-56.20941925048828
147.1189637184143,0.0,374.342,0.0,-56.17817687988281
147.14406394958496,0.0,374.171,0.0,-56.14711380004883
147.17844247817993,0.0,373.918,0.0,-56.11764907836914
147.20251655578613,0.0,373.645,0.0,-56.08597183227539
147.23832440376282,0.0,373.397,0.0,-56.01656723022461
147.2699384689331,0.0,372.935,0.0,-55.9803581237793
147.3119215965271,0.0,372.725,0.0,-55.91139221191406
147.3532211780548,0.0,372.048,0.0,-55.87758255004883
147.3792862892151,0.0,371.85,0.0,-55.834014892578125
147.41069555282593,0.0,371.655,0.0,-55.756324768066406
147.44293808937073,0.0,371.449,0.0,-55.72053527832031
147.4706425666809,0.0,371.287,0.0,-55.687896728515625
147.50144910812378,0.0,370.86,0.0,-55.65534973144531
147.53579592704773,0.0,370.631,0.0,-55.59061813354492
147.56158256530762,0.0,370.392,0.0,-55.56721115112305
147.59267950057983,0.0,370.188,0.0,-55.540870666503906
147.62791466712952,0.0,369.968,0.0,-55.51369857788086
147.67858219146729,0.0,369.548,0.0,-55.45553207397461
147.71112632751465,0.0,369.127,0.0,-55.39502716064453
147.7451934814453,0.0,368.918,0.0,-55.36492156982422
147.77826762199402,0.0,368.678,0.0,-55.33454895019531
147.81274390220642,0.0,368.447,0.0,-55.269989013671875
147.84448647499084,0.0,368.028,0.0,-55.237586975097656
147.87855410575867,0.0,367.829,0.0,-55.205440521240234
147.91110634803772,0.0,367.634,0.0,-55.14303207397461
147.93630957603455,0.0,367.378,0.0,-55.11009216308594
147.96950578689575,0.0,367.191,0.0,-55.078453063964844
148.01105308532715,0.0,366.773,0.0,-55.00864028930664
148.04434323310852,0.0,366.291,0.0,-54.967315673828125
148.07517099380493,0.0,365.869,0.0,-54.92877960205078
148.10774540901184,0.0,365.669,0.0,-54.85574722290039
148.14051795005798,0.0,365.496,0.0,-54.822757720947266
148.18696069717407,0.0,365.02,0.0,-54.75473403930664
148.227374792099,0.0,364.783,0.0,-54.73002624511719
148.25418400764465,0.0,364.549,0.0,-54.70274353027344
148.28737664222717,0.0,364.118,0.0,-54.64417266845703
148.31346678733826,0.0,363.912,0.0,-54.613624572753906
148.3457314968109,0.0,363.681,0.0,-54.58305740356445
148.37945938110352,0.0,363.45,0.0,-54.55142593383789
148.41202759742737,0.0,363.236,0.0,-54.486572265625
148.44434523582458,0.0,362.772,0.0,-54.45433044433594
148.4777591228485,0.0,362.538,0.0,-54.4205207824707
148.50289225578308,0.0,362.312,0.0,-54.38625717163086
148.53923845291138,0.0,362.141,0.0,-54.320030212402344
148.57864570617676,0.0,361.747,0.0,-54.28688049316406
148.6208574771881,0.0,361.318,0.0,-54.22636032104492
148.6543092727661,0.0,360.876,0.0,-54.19520950317383
148.6710364818573,0.0,360.876,0.0,-54.154273986816406
148.7198178768158,0.0,360.428,0.0,-54.075313568115234
148.76035952568054,0.0,360.071,0.0,-54.009342193603516
148.79642462730408,0.0,359.886,0.0,-53.97780990600586
148.82845950126648,0.0,359.665,0.0,-53.94593048095703
148.87082695960999,0.0,359.249,0.0,-53.89693069458008
148.8957324028015,0.0,359.026,0.0,-53.871192932128906
148.9368987083435,0.0,358.568,0.0,-53.814064025878906
148.96927762031555,0.0,358.376,0.0,-53.78355026245117
149.00394940376282,0.0,358.187,0.0,-53.75354766845703
149.05304384231567,0.0,357.747,0.0,-53.694732666015625
149.08823013305664,0.0,357.287,0.0,-53.63414764404297
149.11347651481628,0.0,357.061,0.0,-53.60051727294922
149.1397523880005,0.0,357.061,0.0,-53.56666564941406
149.1722331047058,0.0,356.764,0.0,-53.53554916381836
149.21080231666565,0.0,356.526,0.0,-53.47705841064453
149.23781394958496,0.0,356.318,0.0,-53.44660568237305
149.28076720237732,0.0,355.834,0.0,-53.41664123535156
149.3221468925476,0.0,355.173,0.0,-53.34996795654297
149.35113191604614,0.0,354.972,0.0,-53.30683135986328
149.37823748588562,0.0,354.818,0.0,-53.26671600341797
149.407719373703,0.0,354.587,0.0,-53.23094940185547
149.4469120502472,0.0,354.393,0.0,-53.16139602661133
149.4711709022522,0.0,354.181,0.0,-53.12800979614258
149.5032250881195,0.0,353.787,0.0,-53.09807586669922
149.54189372062683,0.0,353.553,0.0,-53.03314971923828
149.56377148628235,0.0,353.309,0.0,-52.99923324584961
149.59747123718262,0.0,353.097,0.0,-52.974754333496094
149.62865924835205,0.0,352.899,0.0,-52.94865798950195
149.661926984787,0.0,352.528,0.0,-52.89503860473633
149.68913459777832,0.0,352.299,0.0,-52.868186950683594
149.72240328788757,0.0,352.099,0.0,-52.83945846557617
149.75636291503906,0.0,351.877,0.0,-52.810482025146484
149.7911515235901,0.0,351.435,0.0,-52.75033950805664
149.82847547531128,0.0,351.216,0.0,-52.71856689453125
149.8730766773224,0.0,350.856,0.0,-52.65510177612305
149.90301942825317,0.0,350.63,0.0,-52.6254997253418
149.927485704422,0.0,350.419,0.0,-52.59475326538086
149.96130204200745,0.0,350.205,0.0,-52.53242874145508
149.99732041358948,0.0,350.025,0.0,-52.502281188964844
150.0222532749176,0.0,349.817,0.0,-52.47187423706055
150.06190729141235,0.0,349.201,0.0,-52.39605712890625
150.11167645454407,0.0,348.768,0.0,-52.32406234741211
150.14409923553467,0.0,348.576,0.0,-52.290306091308594
150.17077565193176,0.0,348.389,0.0,-52.25807189941406
150.2225308418274,0.0,348.035,0.0,-52.20703125
150.25373435020447,0.0,347.812,0.0,-52.1839485168457
150.29444360733032,0.0,347.354,0.0,-52.13139724731445
150.32351922988892,0.0,347.134,0.0,-52.101768493652344
150.34699702262878,0.0,346.921,0.0,-52.07122039794922
150.3813500404358,0.0,346.735,0.0,-52.040260314941406
150.41210389137268,0.0,346.596,0.0,-51.982574462890625
150.4384171962738,0.0,346.221,0.0,-51.954105377197266
150.4712691307068,0.0,345.962,0.0,-51.926719665527344
150.5122663974762,0.0,345.759,0.0,-51.865753173828125
150.53939604759216,0.0,345.558,0.0,-51.83531188964844
150.56445360183716,0.0,345.36,0.0,-51.805049896240234
150.60792589187622,0.0,344.917,0.0,-51.775306701660156
150.64506721496582,0.0,344.691,0.0,-51.71052932739258
150.673326253891,0.0,344.347,0.0,-51.678871154785156
150.7195279598236,0.0,343.925,0.0,-51.61074447631836
150.76254677772522,0.0,343.506,0.0,-51.538352966308594
150.7948513031006,0.0,343.335,0.0,-51.50494384765625
150.8221514225006,0.0,343.109,0.0,-51.471309661865234
150.85511016845703,0.0,342.639,0.0,-51.43598937988281
150.8909375667572,0.0,342.41,0.0,-51.3671875
150.9225354194641,0.0,342.171,0.0,-51.342262268066406
150.95537900924683,0.0,342.025,0.0,-51.31466293334961
150.98771166801453,0.0,341.773,0.0,-51.260040283203125
151.02917337417603,0.0,341.403,0.0,-51.232757568359375
151.0614893436432,0.0,341.269,0.0,-51.17847442626953
151.0949788093567,0.0,340.866,0.0,-51.151519775390625
151.1251039505005,0.0,340.751,0.0,-51.12388229370117
151.16821837425232,0.0,340.254,0.0,-51.07048797607422
151.18797397613525,0.0,340.254,0.0,-51.04026412963867
151.2182023525238,0.0,340.042,0.0,-51.009552001953125
151.25829982757568,0.0,339.638,0.0,-50.98057556152344
151.28711533546448,0.0,339.442,0.0,-50.918949127197266
151.32090282440186,0.0,339.231,0.0,-50.88798522949219
151.34580302238464,0.0,338.816,0.0,-50.84819793701172
151.3892114162445,0.0,338.436,0.0,-50.77544403076172
151.42295932769775,0.0,338.168,0.0,-50.738861083984375
151.45901703834534,0.0,337.825,0.0,-50.70405960083008
151.48829293251038,0.0,337.619,0.0,-50.641361236572266
151.52383065223694,0.0,337.424,0.0,-50.610694885253906
151.5555295944214,0.0,337.212,0.0,-50.58867645263672
151.57891201972961,0.0,337.065,0.0,-50.56441879272461
151.61490297317505,0.0,336.662,0.0,-50.515071868896484
151.65332102775574,0.0,336.459,0.0,-50.48925018310547
151.6790201663971,0.0,336.236,0.0,-50.46232986450195
151.71000266075134,0.0,336.031,0.0,-50.4337158203125
151.74070382118225,0.0,335.703,0.0,-50.375518798828125
151.77302145957947,0.0,335.547,0.0,-50.348876953125
151.80492973327637,0.0,335.336,0.0,-50.32327651977539
151.84072160720825,0.0,335.235,0.0,-50.27247619628906
151.86681032180786,0.0,334.969,0.0,-50.24451446533203
151.89132714271545,0.0,334.811,0.0,-50.21776580810547
151.93017077445984,0.0,334.339,0.0,-50.18778991699219
151.96255540847778,0.0,334.152,0.0,-50.12699890136719
151.99560022354126,0.0,334.016,0.0,-50.09954071044922
152.02654600143433,0.0,333.44,0.0,-50.072731018066406
152.05819821357727,0.0,333.215,0.0,-50.03642654418945
152.09024310112,0.0,333.022,0.0,-49.966041564941406
152.1146059036255,0.0,332.877,0.0,-49.93494415283203
152.1412923336029,0.0,332.645,0.0,-49.902740478515625
152.1724865436554,0.0,332.453,0.0,-49.871368408203125
152.2088806629181,0.0,332.044,0.0,-49.840694427490234
152.24523043632507,0.0,331.867,0.0,-49.793922424316406
152.27687740325928,0.0,331.697,0.0,-49.768985748291016
152.3091492652893,0.0,331.542,0.0,-49.74411392211914
152.34131479263306,0.0,331.127,0.0,-49.693424224853516
152.3729658126831,0.0,330.972,0.0,-49.66630935668945
152.405419588089,0.0,330.686,0.0,-49.64033126831055
152.42104363441467,0.0,330.514,0.0,-49.60972595214844
152.4530484676361,0.0,330.318,0.0,-49.5803337097168
152.51587343215942,0.0,329.971,0.0,-49.495933532714844
152.5408387184143,0.0,329.755,0.0,-49.46648406982422
152.56993579864502,0.0,329.572,0.0,-49.43753433227539
152.5962450504303,0.0,329.402,0.0,-49.40951919555664
152.62761330604553,0.0,329.077,0.0,-49.382137298583984
152.6630506515503,0.0,328.675,0.0,-49.320491790771484
152.68760752677917,0.0,328.456,0.0,-49.285308837890625
152.72162318229675,0.0,328.26,0.0,-49.25141143798828
152.75084829330444,0.0,328.072,0.0,-49.2188606262207
152.79000115394592,0.0,327.685,0.0,-49.15562438964844
152.81917452812195,0.0,327.455,0.0,-49.12363052368164
152.8533582687378,0.0,327.277,0.0,-49.0930290222168
152.8868544101715,0.0,326.952,0.0,-49.07096862792969
152.91742515563965,0.0,326.804,0.0,-49.0265007019043
152.94858050346375,0.0,326.613,0.0,-49.00433349609375
152.97317457199097,0.0,326.41,0.0,-48.98067855834961
153.0050175189972,0.0,326.227,0.0,-48.95534896850586
153.04061484336853,0.0,326.061,0.0,-48.90409851074219
153.07845878601074,0.0,325.73,0.0,-48.878604888916016
153.11366724967957,0.0,325.575,0.0,-48.82938766479492
153.14751172065735,0.0,325.189,0.0,-48.802188873291016
153.17889857292175,0.0,325.008,0.0,-48.77619934082031
153.2043116092682,0.0,324.854,0.0,-48.74993133544922
153.2395350933075,0.0,324.698,0.0,-48.69984436035156
153.27672910690308,0.0,324.331,0.0,-48.674827575683594
153.30335664749146,0.0,324.187,0.0,-48.648780822753906
153.32685470581055,0.0,323.957,0.0,-48.624000549316406
153.3619179725647,0.0,323.554,0.0,-48.596580505371094
153.39890027046204,0.0,323.337,0.0,-48.523773193359375
153.4296703338623,0.0,323.12,0.0,-48.48821258544922
153.46651601791382,0.0,322.766,0.0,-48.42280197143555
153.52032780647278,0.0,322.451,0.0,-48.36579132080078
153.5522587299347,0.0,322.283,0.0,-48.3385124206543
153.58281230926514,0.0,322.091,0.0,-48.310890197753906
153.60917448997498,0.0,321.916,0.0,-48.291053771972656
153.64287400245667,0.0,321.523,0.0,-48.24842834472656
153.6753659248352,0.0,321.336,0.0,-48.22334671020508
153.71182131767273,0.0,321.087,0.0,-48.19753646850586
153.74596047401428,0.0,320.715,0.0,-48.14039611816406
153.76616191864014,0.0,320.575,0.0,-48.11162185668945
153.81376004219055,0.0,320.37,0.0,-48.05714416503906
153.8466386795044,0.0,320.044,0.0,-48.02891540527344
153.87789154052734,0.0,319.836,0.0,-48.00303268432617
153.9207718372345,0.0,319.661,0.0,-47.94872283935547
153.95288562774658,0.0,319.288,0.0,-47.92189025878906
153.9980947971344,0.0,319.151,0.0,-47.868690490722656
154.02862739562988,0.0,318.607,0.0,-47.8401985168457
154.0491201877594,0.0,318.607,0.0,-47.806888580322266
154.08039712905884,0.0,318.355,0.0,-47.777503967285156
154.1177535057068,0.0,318.248,0.0,-47.72705841064453
154.14390325546265,0.0,317.995,0.0,-47.6995735168457
154.17634844779968,0.0,317.82,0.0,-47.67243194580078
154.20765376091003,0.0,317.637,0.0,-47.64521789550781
154.2403552532196,0.0,317.276,0.0,-47.59890365600586
154.27238607406616,0.0,317.01,0.0,-47.57754898071289
154.29722118377686,0.0,316.793,0.0,-47.5512809753418
154.33617520332336,0.0,316.586,0.0,-47.52326202392578
154.36679911613464,0.0,316.462,0.0,-47.4681282043457
154.3937783241272,0.0,316.147,0.0,-47.44169616699219
154.42570734024048,0.0,315.979,0.0,-47.417049407958984
154.45770120620728,0.0,315.786,0.0,-47.39234924316406
154.49009490013123,0.0,315.602,0.0,-47.340274810791016
154.52953839302063,0.0,315.241,0.0,-47.31312561035156
154.56108570098877,0.0,315.05,0.0,-47.28660583496094
154.59257197380066,0.0,314.923,0.0,-47.234580993652344
154.62763857841492,0.0,314.466,0.0,-47.20719909667969
154.66780710220337,0.0,314.164,0.0,-47.14373779296875
154.69540071487427,0.0,314.026,0.0,-47.113059997558594
154.7272310256958,0.0,313.893,0.0,-47.085205078125
154.75946426391602,0.0,313.535,0.0,-47.0571403503418
154.7930519580841,0.0,313.363,0.0,-47.00298309326172
154.82410979270935,0.0,313.208,0.0,-46.9771614074707
154.85689854621887,0.0,313.01,0.0,-46.958648681640625
154.88849020004272,0.0,312.64,0.0,-46.93745803833008
154.929368019104,0.0,312.463,0.0,-46.89052200317383
154.96207809448242,0.0,312.291,0.0,-46.86599349975586
154.99433088302612,0.0,311.881,0.0,-46.81349182128906
155.02497386932373,0.0,311.728,0.0,-46.786109924316406
155.0538227558136,0.0,311.599,0.0,-46.759891510009766
155.0872163772583,0.0,311.44,0.0,-46.73558044433594
155.11826705932617,0.0,311.266,0.0,-46.68692398071289
155.1501088142395,0.0,310.927,0.0,-46.662452697753906
155.1829993724823,0.0,310.768,0.0,-46.63750457763672
155.21827149391174,0.0,310.574,0.0,-46.587074279785156
155.2467486858368,0.0,310.398,0.0,-46.561073303222656
155.27993965148926,0.0,309.882,0.0,-46.53140640258789
155.29637908935547,0.0,309.882,0.0,-46.499080657958984
155.32848715782166,0.0,309.709,0.0,-46.468204498291016
155.36054587364197,0.0,309.359,0.0,-46.441162109375
155.3910632133484,0.0,309.152,0.0,-46.381378173828125
155.42365288734436,0.0,309.013,0.0,-46.3594856262207
155.4540832042694,0.0,308.901,0.0,-46.33815002441406
155.48675966262817,0.0,308.72,0.0,-46.31836700439453
155.51825642585754,0.0,308.368,0.0,-46.2757568359375
155.54969930648804,0.0,308.158,0.0,-46.25185012817383
155.5823073387146,0.0,307.986,0.0,-46.22588348388672
155.61393475532532,0.0,307.803,0.0,-46.199920654296875
155.64620161056519,0.0,307.673,0.0,-46.14896011352539
155.67715215682983,0.0,307.445,0.0,-46.12637710571289
155.70941042900085,0.0,307.269,0.0,-46.10563659667969
155.74425292015076,0.0,307.084,0.0,-46.05998611450195
155.77011609077454,0.0,306.896,0.0,-46.035186767578125
155.8052089214325,0.0,306.558,0.0,-46.01026153564453
155.845064163208,0.0,306.267,0.0,-45.954830169677734
155.87668895721436,0.0,306.042,0.0,-45.92325210571289
155.90482831001282,0.0,305.864,0.0,-45.8927001953125
155.94651579856873,0.0,305.53,0.0,-45.83538818359375
155.96880674362183,0.0,305.426,0.0,-45.81050491333008
156.01238226890564,0.0,305.067,0.0,-45.78467559814453
156.03873229026794,0.0,304.919,0.0,-45.759002685546875
156.0646710395813,0.0,304.775,0.0,-45.74053955078125
156.09624314308167,0.0,304.601,0.0,-45.701934814453125
156.1277470588684,0.0,304.409,0.0,-45.68088912963867
156.16090178489685,0.0,304.22,0.0,-45.65785217285156
156.19550776481628,0.0,303.877,0.0,-45.60890197753906
156.22955632209778,0.0,303.718,0.0,-45.58373260498047
156.2609031200409,0.0,303.584,0.0,-45.55889129638672
156.28658032417297,0.0,303.395,0.0,-45.53535461425781
156.32204604148865,0.0,303.205,0.0,-45.48462677001953
156.35562181472778,0.0,302.876,0.0,-45.462257385253906
156.38245344161987,0.0,302.721,0.0,-45.436100006103516
156.41917538642883,0.0,302.58,0.0,-45.38637924194336
156.444105386734,0.0,302.421,0.0,-45.36222839355469
156.47826886177063,0.0,302.212,0.0,-45.339942932128906
156.50384974479675,0.0,302.045,0.0,-45.32014465332031
156.55554842948914,0.0,301.646,0.0,-45.27568435668945
156.5946729183197,0.0,301.345,0.0,-45.219688415527344
156.6212100982666,0.0,301.139,0.0,-45.1884765625
156.64772009849548,0.0,300.996,0.0,-45.15965270996094
156.67947793006897,0.0,300.845,0.0,-45.13235092163086
156.7112009525299,0.0,300.529,0.0,-45.10577392578125
156.73523235321045,0.0,300.529,0.0,-45.08011245727539
156.7729253768921,0.0,300.194,0.0,-45.034671783447266
156.79901123046875,0.0,299.988,0.0,-45.01511001586914
156.82810258865356,0.0,299.846,0.0,-44.99265670776367
156.86056542396545,0.0,299.697,0.0,-44.970638275146484
156.8943223953247,0.0,299.355,0.0,-44.925384521484375
156.92787408828735,0.0,299.189,0.0,-44.90187072753906
156.96069359779358,0.0,299.063,0.0,-44.877994537353516
156.9961221218109,0.0,298.768,0.0,-44.832618713378906
157.02294421195984,0.0,298.564,0.0,-44.81059265136719
157.05523204803467,0.0,298.358,0.0,-44.786258697509766
157.09574222564697,0.0,298.194,0.0,-44.734169006347656
157.12192964553833,0.0,298.038,0.0,-44.70888137817383
157.14706873893738,0.0,297.9,0.0,-44.684814453125
157.1801998615265,0.0,297.634,0.0,-44.66123580932617
157.21370792388916,0.0,297.409,0.0,-44.639373779296875
157.23561787605286,0.0,297.256,0.0,-44.614295959472656
157.2706537246704,0.0,296.966,0.0,-44.55988311767578
157.3040018081665,0.0,296.799,0.0,-44.531063079833984
157.34465098381042,0.0,296.528,0.0,-44.47971725463867
157.3791162967682,0.0,296.381,0.0,-44.45547866821289
157.41086173057556,0.0,296.063,0.0,-44.43205642700195
157.43586659431458,0.0,296.063,0.0,-44.40791702270508
157.47039365768433,0.0,295.799,0.0,-44.3625373840332
157.50272679328918,0.0,295.598,0.0,-44.33857345581055
157.53967213630676,0.0,295.242,0.0,-44.32134246826172
157.5694420337677,0.0,295.033,0.0,-44.28045654296875
157.61285614967346,0.0,294.915,0.0,-44.256473541259766
157.64371395111084,0.0,294.607,0.0,-44.2119140625
157.6867332458496,0.0,294.475,0.0,-44.18931579589844
157.72978925704956,0.0,294.118,0.0,-44.146514892578125
157.76169657707214,0.0,293.979,0.0,-44.121910095214844
157.7813458442688,0.0,293.841,0.0,-44.09827423095703
157.81201672554016,0.0,293.684,0.0,-44.07543182373047
157.84601593017578,0.0,293.567,0.0,-44.03091812133789
157.8772416114807,0.0,293.225,0.0,-44.00889587402344
157.91111707687378,0.0,293.086,0.0,-43.98536682128906
157.94621658325195,0.0,292.888,0.0,-43.93781661987305
157.97855591773987,0.0,292.724,0.0,-43.913028717041016
158.01247239112854,0.0,292.451,0.0,-43.890350341796875
158.05799889564514,0.0,292.026,0.0,-43.84555435180664
158.08552622795105,0.0,291.824,0.0,-43.81730651855469
158.11793422698975,0.0,291.698,0.0,-43.761688232421875
158.14273595809937,0.0,291.509,0.0,-43.7345085144043
158.17151594161987,0.0,291.434,0.0,-43.71162414550781
158.20709896087646,0.0,291.289,0.0,-43.68912887573242
158.2391083240509,0.0,290.985,0.0,-43.66735076904297
158.26590180397034,0.0,290.803,0.0,-43.65178298950195
158.31201243400574,0.0,290.659,0.0,-43.613670349121094
158.3457567691803,0.0,290.386,0.0,-43.571205139160156
158.37709212303162,0.0,290.219,0.0,-43.55128860473633
158.40731644630432,0.0,290.087,0.0,-43.530067443847656
158.44641304016113,0.0,289.913,0.0,-43.48712158203125
158.47567081451416,0.0,289.596,0.0,-43.46514129638672
158.5016806125641,0.0,289.469,0.0,-43.4420166015625
158.53815913200378,0.0,289.334,0.0,-43.419979095458984
158.5675654411316,0.0,289.149,0.0,-43.39845275878906
158.60769319534302,0.0,288.839,0.0,-43.35209274291992
158.63580226898193,0.0,288.714,0.0,-43.32871627807617
158.6621789932251,0.0,288.551,0.0,-43.30657958984375
158.69514918327332,0.0,288.29,0.0,-43.25642395019531
158.72761273384094,0.0,288.126,0.0,-43.22956848144531
158.76179099082947,0.0,287.828,0.0,-43.204307556152344
158.7954490184784,0.0,287.646,0.0,-43.15338134765625
158.84685754776,0.0,287.356,0.0,-43.10445785522461
158.87807750701904,0.0,287.243,0.0,-43.08716583251953
158.91149854660034,0.0,287.102,0.0,-43.07029724121094
158.9458236694336,0.0,286.768,0.0,-43.03221893310547
158.9793999195099,0.0,286.567,0.0,-43.011470794677734
159.01235508918762,0.0,286.405,0.0,-42.98816680908203
159.0317862033844,0.0,286.266,0.0,-42.96451950073242
159.06090211868286,0.0,286.124,0.0,-42.94158172607422
159.10252237319946,0.0,285.885,0.0,-42.89848709106445
159.13528680801392,0.0,285.775,0.0,-42.87808609008789
159.16757607460022,0.0,285.624,0.0,-42.85887145996094
159.195618391037,0.0,285.486,0.0,-42.8187255859375
159.22757363319397,0.0,285.142,0.0,-42.79793930053711
159.26303100585938,0.0,285.006,0.0,-42.77495574951172
159.29004335403442,0.0,284.845,0.0,-42.75262451171875
159.32195019721985,0.0,284.712,0.0,-42.70763397216797
159.34914207458496,0.0,284.607,0.0,-42.68728256225586
159.37829780578613,0.0,284.375,0.0,-42.6629638671875
159.40607237815857,0.0,284.083,0.0,-42.633056640625
159.4395637512207,0.0,283.812,0.0,-42.60514831542969
159.46955847740173,0.0,283.667,0.0,-42.55455017089844
159.51123666763306,0.0,283.568,0.0,-42.532440185546875
159.56108498573303,0.0,283.278,0.0,-42.488521575927734
159.59143114089966,0.0,282.995,0.0,-42.467559814453125
159.6180922985077,0.0,282.845,0.0,-42.452571868896484
159.65347957611084,0.0,282.714,0.0,-42.41740798950195
159.6796886920929,0.0,282.546,0.0,-42.39897155761719
159.72059631347656,0.0,282.38,0.0,-42.35737991333008
159.75306129455566,0.0,282.056,0.0,-42.33552169799805
159.7886142730713,0.0,281.886,0.0,-42.31257247924805
159.81250166893005,0.0,281.775,0.0,-42.28882598876953
159.84705924987793,0.0,281.641,0.0,-42.24555969238281
159.87520384788513,0.0,281.484,0.0,-42.223575592041016
159.90761423110962,0.0,281.213,0.0,-42.202476501464844
159.93939208984375,0.0,281.08,0.0,-42.181182861328125
159.97412419319153,0.0,280.942,0.0,-42.13947296142578
160.00729298591614,0.0,280.77,0.0,-42.117305755615234
160.0351583957672,0.0,280.398,0.0,-42.09013366699219
160.06649351119995,0.0,280.234,0.0,-42.065834045410156
160.10605883598328,0.0,280.104,0.0,-42.018096923828125
160.13582134246826,0.0,279.96,0.0,-41.995277404785156
160.1679048538208,0.0,279.67,0.0,-41.97294235229492
160.20214343070984,0.0,279.539,0.0,-41.92894744873047
160.23584842681885,0.0,279.4,0.0,-41.90758514404297
160.26700901985168,0.0,279.146,0.0,-41.89225387573242
160.31133151054382,0.0,279.017,0.0,-41.85901641845703
160.33594846725464,0.0,278.908,0.0,-41.842063903808594
160.36883783340454,0.0,278.742,0.0,-41.82549285888672
160.3935546875,0.0,278.569,0.0,-41.80680465698242
160.42398762702942,0.0,278.425,0.0,-41.765254974365234
160.45949053764343,0.0,278.208,0.0,-41.74516677856445
160.4975049495697,0.0,278.02,0.0,-41.7054328918457
160.54274988174438,0.0,277.695,0.0,-41.683589935302734
160.572984457016,0.0,277.558,0.0,-41.6383171081543
160.6124188899994,0.0,277.291,0.0,-41.61741256713867
160.6500551700592,0.0,277.171,0.0,-41.575225830078125
160.67572832107544,0.0,277.05,0.0,-41.55531311035156
160.70310068130493,0.0,276.879,0.0,-41.53384017944336
160.74826836585999,0.0,276.617,0.0,-41.49220657348633
160.80394554138184,0.0,276.204,0.0,-41.444087982177734
160.83715081214905,0.0,275.933,0.0,-41.418479919433594
160.87106275558472,0.0,275.805,0.0,-41.37260055541992
160.89928722381592,0.0,275.682,0.0,-41.35127258300781
160.92465543746948,0.0,275.561,0.0,-41.33086395263672
160.95193243026733,0.0,275.37,0.0,-41.30821228027344
160.99606490135193,0.0,275.086,0.0,-41.285465240478516
161.02286052703857,0.0,274.973,0.0,-41.247676849365234
161.05007457733154,0.0,274.881,0.0,-41.231842041015625
161.09136414527893,0.0,274.754,0.0,-41.216861724853516
161.1160547733307,0.0,274.595,0.0,-41.2010498046875
161.1499879360199,0.0,274.433,0.0,-41.16371154785156
161.17410492897034,0.0,274.251,0.0,-41.14204406738281
161.20886325836182,0.0,273.964,0.0,-41.119590759277344
161.23378086090088,0.0,273.838,0.0,-41.0980110168457
161.2783944606781,0.0,273.74,0.0,-41.05792999267578
161.31179928779602,0.0,273.468,0.0,-41.03854751586914
161.34468483924866,0.0,273.282,0.0,-41.01884460449219
161.37917137145996,0.0,273.123,0.0,-40.97428512573242
161.41239666938782,0.0,272.846,0.0,-40.95257568359375
161.4369237422943,0.0,272.71,0.0,-40.930580139160156
161.47693824768066,0.0,272.594,0.0,-40.88847351074219
161.5025680065155,0.0,272.383,0.0,-40.86487579345703
161.54368352890015,0.0,272.11,0.0,-40.84160614013672
161.57720565795898,0.0,271.965,0.0,-40.79725646972656
161.6073727607727,0.0,271.828,0.0,-40.7755126953125
161.63910341262817,0.0,271.701,0.0,-40.75983428955078
161.65552258491516,0.0,271.617,0.0,-40.743499755859375
161.69607615470886,0.0,271.28,0.0,-40.72844314575195
161.72738409042358,0.0,271.104,0.0,-40.69056701660156
161.75865602493286,0.0,270.993,0.0,-40.669189453125
161.79059386253357,0.0,270.822,0.0,-40.64906311035156
161.82432007789612,0.0,270.699,0.0,-40.60654067993164
161.85495781898499,0.0,270.475,0.0,-40.58616256713867
161.87980937957764,0.0,270.349,0.0,-40.567405700683594
161.91038346290588,0.0,270.225,0.0,-40.54869079589844
161.94244289398193,0.0,270.125,0.0,-40.53008270263672
161.97498488426208,0.0,270.026,0.0,-40.49591064453125
162.00665068626404,0.0,269.855,0.0,-40.476898193359375
162.03893423080444,0.0,269.496,0.0,-40.45794677734375
162.07759952545166,0.0,269.335,0.0,-40.41073226928711
162.14086151123047,0.0,268.914,0.0,-40.368408203125
162.1768078804016,0.0,268.731,0.0,-40.320491790771484
162.2108280658722,0.0,268.605,0.0,-40.29725646972656
162.2365996837616,0.0,268.484,0.0,-40.2803955078125
162.26864767074585,0.0,268.39,0.0,-40.26338195800781
162.30077290534973,0.0,268.156,0.0,-40.231571197509766
162.32843708992004,0.0,268.041,0.0,-40.21508026123047
162.36096620559692,0.0,267.878,0.0,-40.19854736328125
162.39308738708496,0.0,267.752,0.0,-40.179954528808594
162.42543506622314,0.0,267.646,0.0,-40.143455505371094
162.45577430725098,0.0,267.347,0.0,-40.123661041259766
162.50157380104065,0.0,267.205,0.0,-40.08355712890625
162.52877354621887,0.0,267.062,0.0,-40.06289291381836
162.56032919883728,0.0,266.816,0.0,-40.042991638183594
162.59100532531738,0.0,266.7,0.0,-40.023258209228516
162.6234574317932,0.0,266.567,0.0,-39.98484420776367
162.65699172019958,0.0,266.439,0.0,-39.96556091308594
162.68868803977966,0.0,266.275,0.0,-39.94786071777344
162.72024488449097,0.0,266.005,0.0,-39.9321403503418
162.7524495124817,0.0,265.863,0.0,-39.88734436035156
162.78387665748596,0.0,265.726,0.0,-39.86536407470703
162.81612420082092,0.0,265.47,0.0,-39.8437385559082
162.84831762313843,0.0,265.359,0.0,-39.8033332824707
162.87908411026,0.0,265.226,0.0,-39.783607482910156
162.91002988815308,0.0,265.126,0.0,-39.76521301269531
162.93622207641602,0.0,265.006,0.0,-39.75204086303711
162.96987104415894,0.0,264.813,0.0,-39.737857818603516
163.00217413902283,0.0,264.538,0.0,-39.70092010498047
163.03418397903442,0.0,264.347,0.0,-39.681697845458984
163.0657024383545,0.0,264.255,0.0,-39.65981674194336
163.09791207313538,0.0,264.142,0.0,-39.640045166015625
163.1294882297516,0.0,263.964,0.0,-39.60561752319336
163.16099166870117,0.0,263.836,0.0,-39.588958740234375
163.1922619342804,0.0,263.736,0.0,-39.57170486450195
163.22522234916687,0.0,263.608,0.0,-39.53797149658203
163.2662172317505,0.0,263.326,0.0,-39.5199089050293
163.294926404953,0.0,263.18,0.0,-39.500831604003906
163.32777976989746,0.0,263.048,0.0,-39.460968017578125
163.3598334789276,0.0,262.956,0.0,-39.442665100097656
163.39155960083008,0.0,262.726,0.0,-39.42353439331055
163.4271593093872,0.0,262.448,0.0,-39.38182067871094
163.4551763534546,0.0,262.322,0.0,-39.358802795410156
163.48617029190063,0.0,262.204,0.0,-39.337066650390625
163.51773643493652,0.0,261.946,0.0,-39.315914154052734
163.5507469177246,0.0,261.851,0.0,-39.27611541748047
163.58231568336487,0.0,261.754,0.0,-39.25838088989258
163.61147356033325,0.0,261.635,0.0,-39.245704650878906
163.6443898677826,0.0,261.54,0.0,-39.231929779052734
163.6860110759735,0.0,261.207,0.0,-39.200408935546875
163.71716284751892,0.0,261.086,0.0,-39.181884765625
163.75063300132751,0.0,260.959,0.0,-39.144832611083984
163.78137350082397,0.0,260.747,0.0,-39.12746047973633
163.81381726264954,0.0,260.64,0.0,-39.110042572021484
163.84543418884277,0.0,260.477,0.0,-39.093048095703125
163.87708616256714,0.0,260.339,0.0,-39.05448913574219
163.90917325019836,0.0,260.087,0.0,-39.034767150878906
163.94046688079834,0.0,259.961,0.0,-39.0154914855957
163.97313356399536,0.0,259.888,0.0,-38.99626922607422
164.01075434684753,0.0,259.775,0.0,-38.96245574951172
164.04241681098938,0.0,259.486,0.0,-38.94375228881836
164.07787537574768,0.0,259.208,0.0,-38.89937210083008
164.10675859451294,0.0,259.112,0.0,-38.87670135498047
164.13856887817383,0.0,259.04,0.0,-38.857154846191406
164.17010259628296,0.0,258.736,0.0,-38.835205078125
164.20273160934448,0.0,258.65,0.0,-38.79563522338867
164.23437595367432,0.0,258.504,0.0,-38.77606964111328
164.2666666507721,0.0,258.393,0.0,-38.75731658935547
164.30234122276306,0.0,258.186,0.0,-38.72978591918945
164.32774662971497,0.0,258.021,0.0,-38.715885162353516
164.36156463623047,0.0,257.899,0.0,-38.699188232421875
164.40234780311584,0.0,257.654,0.0,-38.663421630859375
164.43400597572327,0.0,257.525,0.0,-38.64610290527344
164.46080589294434,0.0,257.411,0.0,-38.628257751464844
164.49324893951416,0.0,257.328,0.0,-38.61063003540039
164.528822183609,0.0,257.203,0.0,-38.57768630981445
164.55571246147156,0.0,257.096,0.0,-38.561161041259766
164.57856225967407,0.0,256.944,0.0,-38.542945861816406
164.61014986038208,0.0,256.678,0.0,-38.52341842651367
164.64235043525696,0.0,256.565,0.0,-38.50448226928711
164.67422318458557,0.0,256.498,0.0,-38.486045837402344
164.70676612854004,0.0,256.4,0.0,-38.45431137084961
164.74468064308167,0.0,256.099,0.0,-38.43910598754883
164.77732706069946,0.0,256.003,0.0,-38.40162658691406
164.80823373794556,0.0,255.816,0.0,-38.3807258605957
164.84558081626892,0.0,255.526,0.0,-38.3588752746582
164.87648677825928,0.0,255.436,0.0,-38.31798553466797
164.9084174633026,0.0,255.344,0.0,-38.30009078979492
164.94063138961792,0.0,255.256,0.0,-38.28723907470703
164.9732961654663,0.0,255.121,0.0,-38.27457809448242
165.01117992401123,0.0,254.895,0.0,-38.2467155456543
165.04386830329895,0.0,254.784,0.0,-38.23088455200195
165.06995272636414,0.0,254.668,0.0,-38.21489334106445
165.10477542877197,0.0,254.465,0.0,-38.18117141723633
165.1261224746704,0.0,254.465,0.0,-38.165767669677734
165.15818238258362,0.0,254.22,0.0,-38.14807891845703
165.19140076637268,0.0,254.096,0.0,-38.131690979003906
165.22279262542725,0.0,253.986,0.0,-38.114707946777344
165.25558352470398,0.0,253.847,0.0,-38.07988739013672
165.28870558738708,0.0,253.577,0.0,-38.06206130981445
165.3191533088684,0.0,253.43,0.0,-38.04267501831055
165.3517153263092,0.0,253.254,0.0,-38.00028991699219
165.3825192451477,0.0,253.152,0.0,-37.979827880859375
165.42863774299622,0.0,252.964,0.0,-37.94384765625
165.45397067070007,0.0,252.86,0.0,-37.926780700683594
165.50255966186523,0.0,252.587,0.0,-37.8906364440918
165.5302677154541,0.0,252.441,0.0,-37.877037048339844
165.5630645751953,0.0,252.287,0.0,-37.86133575439453
165.60369753837585,0.0,252.056,0.0,-37.82516860961914
165.63543677330017,0.0,251.979,0.0,-37.807857513427734
165.66215682029724,0.0,251.923,0.0,-37.79216766357422
165.69669008255005,0.0,251.848,0.0,-37.77861404418945
165.7298300266266,0.0,251.709,0.0,-37.751136779785156
165.76170468330383,0.0,251.416,0.0,-37.73481750488281
165.79492378234863,0.0,251.282,0.0,-37.716575622558594
165.83576846122742,0.0,251.194,0.0,-37.68035888671875
165.86758995056152,0.0,250.968,0.0,-37.66312026977539
165.9045114517212,0.0,250.898,0.0,-37.63056182861328
165.92847776412964,0.0,250.684,0.0,-37.6106071472168
165.96112656593323,0.0,250.594,0.0,-37.59230041503906
165.99242329597473,0.0,250.485,0.0,-37.57447814941406
166.0247678756714,0.0,250.258,0.0,-37.557498931884766
166.05731320381165,0.0,250.138,0.0,-37.52210998535156
166.08933353424072,0.0,249.974,0.0,-37.502410888671875
166.12114357948303,0.0,249.857,0.0,-37.48809814453125
166.15397953987122,0.0,249.631,0.0,-37.457271575927734
166.17826914787292,0.0,249.56,0.0,-37.441532135009766
166.244530916214,0.0,249.367,0.0,-37.41249084472656
166.2685248851776,0.0,249.228,0.0,-37.398494720458984
166.30206489562988,0.0,249.07,0.0,-37.36474609375
166.34347438812256,0.0,248.863,0.0,-37.34618377685547
166.37966418266296,0.0,248.754,0.0,-37.313011169433594
166.41970562934875,0.0,248.615,0.0,-37.29945755004883
166.46087956428528,0.0,248.391,0.0,-37.270355224609375
166.4865996837616,0.0,248.215,0.0,-37.25547409057617
166.52787017822266,0.0,248.152,0.0,-37.22169494628906
166.55978345870972,0.0,248.002,0.0,-37.20408630371094
166.59297823905945,0.0,247.807,0.0,-37.18797302246094
166.6296398639679,0.0,247.683,0.0,-37.154502868652344
166.6595959663391,0.0,247.451,0.0,-37.1324462890625
166.68991899490356,0.0,247.341,0.0,-37.11165237426758
166.7190170288086,0.0,247.127,0.0,-37.094200134277344
166.75947666168213,0.0,246.967,0.0,-37.054161071777344
166.790589094162,0.0,246.817,0.0,-37.03274917602539
166.82402896881104,0.0,246.632,0.0,-37.012847900390625
166.8560471534729,0.0,246.533,0.0,-36.98469924926758
166.8882076740265,0.0,246.494,0.0,-36.97087478637695
166.9293134212494,0.0,246.316,0.0,-36.94763946533203
166.96117067337036,0.0,246.187,0.0,-36.9358024597168
166.99291515350342,0.0,246.056,0.0,-36.922096252441406
167.02520942687988,0.0,245.931,0.0,-36.9068489074707
167.05620408058167,0.0,245.824,0.0,-36.874473571777344
167.08831763267517,0.0,245.61,0.0,-36.858943939208984
167.12028646469116,0.0,245.509,0.0,-36.84265899658203
167.14518475532532,0.0,245.389,0.0,-36.82666778564453
167.17680644989014,0.0,245.309,0.0,-36.81010818481445
167.2095959186554,0.0,245.211,0.0,-36.77967834472656
167.2407898902893,0.0,245.052,0.0,-36.76539611816406
167.27339577674866,0.0,244.819,0.0,-36.751956939697266
167.31153416633606,0.0,244.669,0.0,-36.71219253540039
167.34372282028198,0.0,244.399,0.0,-36.691036224365234
167.3757095336914,0.0,244.309,0.0,-36.6704216003418
167.4106788635254,0.0,244.249,0.0,-36.63541030883789
167.44393110275269,0.0,244.168,0.0,-36.62039566040039
167.47061133384705,0.0,244.065,0.0,-36.60535430908203
167.5057191848755,0.0,243.84,0.0,-36.58256530761719
167.5370032787323,0.0,243.78,0.0,-36.569271087646484
167.56292843818665,0.0,243.702,0.0,-36.557315826416016
167.60449528694153,0.0,243.481,0.0,-36.533119201660156
167.67084169387817,0.0,243.214,0.0,-36.50294876098633
167.71175360679626,0.0,243.001,0.0,-36.469032287597656
167.73726773262024,0.0,242.921,0.0,-36.4527473449707
167.78060579299927,0.0,242.734,0.0,-36.41886901855469
167.81273913383484,0.0,242.487,0.0,-36.39982604980469
167.84505105018616,0.0,242.35,0.0,-36.38093948364258
167.87697625160217,0.0,242.276,0.0,-36.36143112182617
167.90924739837646,0.0,242.238,0.0,-36.3299674987793
167.9404525756836,0.0,242.071,0.0,-36.312896728515625
167.97214555740356,0.0,241.904,0.0,-36.29745101928711
168.0053083896637,0.0,241.726,0.0,-36.26426696777344
168.04545617103577,0.0,241.64,0.0,-36.24744415283203
168.07008528709412,0.0,241.469,0.0,-36.228118896484375
168.0959508419037,0.0,241.376,0.0,-36.210147857666016
168.1259958744049,0.0,241.174,0.0,-36.19214630126953
168.161052942276,0.0,241.103,0.0,-36.16643524169922
168.19280099868774,0.0,240.997,0.0,-36.154518127441406
168.22482323646545,0.0,240.932,0.0,-36.14170455932617
168.2571747303009,0.0,240.726,0.0,-36.118038177490234
168.28863263130188,0.0,240.614,0.0,-36.104591369628906
168.32900381088257,0.0,240.512,0.0,-36.07575607299805
168.3611376285553,0.0,240.271,0.0,-36.05900955200195
168.39166831970215,0.0,240.156,0.0,-36.04303741455078
168.42363619804382,0.0,240.065,0.0,-36.02666091918945
168.4558048248291,0.0,239.98,0.0,-35.99610137939453
168.49588418006897,0.0,239.8,0.0,-35.981414794921875
168.52813720703125,0.0,239.705,0.0,-35.9672966003418
168.55965662002563,0.0,239.611,0.0,-35.939151763916016
168.59334111213684,0.0,239.438,0.0,-35.92182159423828
168.61193704605103,0.0,239.304,0.0,-35.903594970703125
168.64404249191284,0.0,239.256,0.0,-35.88829803466797
168.67549300193787,0.0,238.991,0.0,-35.869895935058594
168.70882654190063,0.0,238.824,0.0,-35.833309173583984
168.74768137931824,0.0,238.714,0.0,-35.81449890136719
168.7789764404297,0.0,238.447,0.0,-35.77452087402344
168.83483004570007,0.0,238.204,0.0,-35.744834899902344
168.8597514629364,0.0,238.102,0.0,-35.729034423828125
168.8925712108612,0.0,238.009,0.0,-35.713401794433594
168.93484044075012,0.0,237.816,0.0,-35.6833381652832
168.96145176887512,0.0,237.703,0.0,-35.66865921020508
168.99616479873657,0.0,237.592,0.0,-35.653419494628906
169.02938985824585,0.0,237.501,0.0,-35.62279510498047
169.06197690963745,0.0,237.329,0.0,-35.609039306640625
169.0946762561798,0.0,237.246,0.0,-35.59500503540039
169.13136911392212,0.0,237.175,0.0,-35.56890106201172
169.1638240814209,0.0,237.014,0.0,-35.556617736816406
169.19469165802002,0.0,236.882,0.0,-35.544525146484375
169.22826766967773,0.0,236.769,0.0,-35.53042984008789
169.25927591323853,0.0,236.635,0.0,-35.499244689941406
169.30772471427917,0.0,236.332,0.0,-35.462528228759766
169.33284974098206,0.0,236.178,0.0,-35.44143295288086
169.36874437332153,0.0,236.072,0.0,-35.4214973449707
169.4027922153473,0.0,235.879,0.0,-35.40373611450195
169.42939686775208,0.0,235.803,0.0,-35.385948181152344
169.4576985836029,0.0,235.729,0.0,-35.35519790649414
169.49629139900208,0.0,235.621,0.0,-35.340179443359375
169.52038550376892,0.0,235.543,0.0,-35.32615280151367
169.5585482120514,0.0,235.363,0.0,-35.30473327636719
169.58335208892822,0.0,235.269,0.0,-35.293704986572266
169.6118848323822,0.0,235.176,0.0,-35.28203201293945
169.64534306526184,0.0,235.098,0.0,-35.26988983154297
169.67163968086243,0.0,234.994,0.0,-35.257999420166016
169.70520758628845,0.0,234.899,0.0,-35.23208236694336
169.73640179634094,0.0,234.699,0.0,-35.21849060058594
169.76878261566162,0.0,234.597,0.0,-35.204532623291016
169.80138278007507,0.0,234.504,0.0,-35.19020462036133
169.8327739238739,0.0,234.426,0.0,-35.16244125366211
169.86124897003174,0.0,234.309,0.0,-35.14781188964844
169.89266967773438,0.0,234.062,0.0,-35.132423400878906
169.9240288734436,0.0,233.951,0.0,-35.1157341003418
169.9612421989441,0.0,233.751,0.0,-35.07830810546875
169.99455285072327,0.0,233.671,0.0,-35.059783935546875
170.0275537967682,0.0,233.465,0.0,-35.041812896728516
170.0584855079651,0.0,233.348,0.0,-35.007083892822266
170.08991312980652,0.0,233.287,0.0,-34.991859436035156
170.12750124931335,0.0,233.17,0.0,-34.9793701171875
170.16059041023254,0.0,233.081,0.0,-34.95857238769531
170.18932843208313,0.0,232.958,0.0,-34.948978424072266
170.21868085861206,0.0,232.838,0.0,-34.937164306640625
170.2589452266693,0.0,232.661,0.0,-34.910396575927734
170.29177904129028,0.0,232.583,0.0,-34.897125244140625
170.3238661289215,0.0,232.476,0.0,-34.884334564208984
170.35697531700134,0.0,232.361,0.0,-34.85606002807617
170.38813471794128,0.0,232.22,0.0,-34.8416633605957
170.42870211601257,0.0,232.097,0.0,-34.82917404174805
170.46063661575317,0.0,231.988,0.0,-34.80036926269531
170.49121689796448,0.0,231.734,0.0,-34.784767150878906
170.52398896217346,0.0,231.628,0.0,-34.767738342285156
170.55598950386047,0.0,231.561,0.0,-34.75087356567383
170.58029794692993,0.0,231.394,0.0,-34.735782623291016
170.62866711616516,0.0,231.229,0.0,-34.70140075683594
170.66006779670715,0.0,231.115,0.0,-34.66996383666992
170.69168281555176,0.0,231.047,0.0,-34.65556335449219
170.7248022556305,0.0,230.955,0.0,-34.641361236572266
170.7559792995453,0.0,230.742,0.0,-34.62592315673828
170.79448127746582,0.0,230.656,0.0,-34.600406646728516
170.82596468925476,0.0,230.542,0.0,-34.589324951171875
170.86051154136658,0.0,230.373,0.0,-34.5648307800293
170.88970279693604,0.0,230.285,0.0,-34.55221939086914
170.91095328330994,0.0,230.248,0.0,-34.53951644897461
170.94443368911743,0.0,230.167,0.0,-34.52888107299805
170.9772481918335,0.0,230.077,0.0,-34.51799011230469
171.009530544281,0.0,229.976,0.0,-34.49410629272461
171.04071736335754,0.0,229.748,0.0,-34.480560302734375
171.07315111160278,0.0,229.679,0.0,-34.46587371826172
171.11043787002563,0.0,229.583,0.0,-34.43853759765625
171.14483833312988,0.0,229.423,0.0,-34.424217224121094
171.17664217948914,0.0,229.351,0.0,-34.41150665283203
171.2083580493927,0.0,229.163,0.0,-34.382808685302734
171.23980975151062,0.0,228.948,0.0,-34.36168670654297
171.27939915657043,0.0,228.798,0.0,-34.34138488769531
171.3115475177765,0.0,228.679,0.0,-34.3078498840332
171.3439908027649,0.0,228.639,0.0,-34.29380798339844
171.3749485015869,0.0,228.587,0.0,-34.28155517578125
171.4097878932953,0.0,228.372,0.0,-34.25457763671875
171.43946838378906,0.0,228.267,0.0,-34.240108489990234
171.47030448913574,0.0,228.094,0.0,-34.22969055175781
171.51091814041138,0.0,227.938,0.0,-34.20068359375
171.54237127304077,0.0,227.847,0.0,-34.187660217285156
171.57504653930664,0.0,227.788,0.0,-34.17452621459961
171.60987162590027,0.0,227.729,0.0,-34.15171813964844
171.6546196937561,0.0,227.577,0.0,-34.14110565185547
171.6909008026123,0.0,227.416,0.0,-34.119728088378906
171.72362804412842,0.0,227.313,0.0,-34.10826110839844
171.75282216072083,0.0,227.211,0.0,-34.09576416015625
171.7858898639679,0.0,227.09,0.0,-34.06786346435547
171.82540035247803,0.0,226.894,0.0,-34.0521125793457
171.85945796966553,0.0,226.708,0.0,-34.01913833618164
171.89493060112,0.0,226.672,0.0,-34.00413513183594
171.9464099407196,0.0,226.49,0.0,-33.97506332397461
171.97004747390747,0.0,226.403,0.0,-33.96096420288086
172.00478744506836,0.0,226.23,0.0,-33.94681167602539
172.03598499298096,0.0,226.19,0.0,-33.921974182128906
172.06354308128357,0.0,226.094,0.0,-33.90989303588867
172.09907150268555,0.0,225.992,0.0,-33.90127944946289
172.1289463043213,0.0,225.896,0.0,-33.89105224609375
172.1629614830017,0.0,225.758,0.0,-33.867740631103516
172.1952941417694,0.0,225.665,0.0,-33.857364654541016
172.22809147834778,0.0,225.63,0.0,-33.84611892700195
172.26233959197998,0.0,225.531,0.0,-33.82578659057617
172.28535914421082,0.0,225.406,0.0,-33.81281280517578
172.3265118598938,0.0,225.247,0.0,-33.79961013793945
172.34417629241943,0.0,225.117,0.0,-33.78720474243164
172.37811040878296,0.0,225.038,0.0,-33.77280807495117
172.41293215751648,0.0,224.951,0.0,-33.7453727722168
172.45100331306458,0.0,224.738,0.0,-33.73066329956055
172.47797346115112,0.0,224.643,0.0,-33.715850830078125
172.50178480148315,0.0,224.446,0.0,-33.70109558105469
172.5366244316101,0.0,224.446,0.0,-33.668128967285156
172.5648603439331,0.0,224.263,0.0,-33.65035629272461
172.59516096115112,0.0,224.197,0.0,-33.63457107543945
172.6277720928192,0.0,224.065,0.0,-33.619789123535156
172.6611361503601,0.0,223.919,0.0,-33.59150695800781
172.6912133693695,0.0,223.839,0.0,-33.57700729370117
172.71801924705505,0.0,223.748,0.0,-33.56272506713867
172.75151181221008,0.0,223.694,0.0,-33.55016326904297
172.78425312042236,0.0,223.59,0.0,-33.54119873046875
172.8165853023529,0.0,223.49,0.0,-33.525062561035156
172.84376001358032,0.0,223.407,0.0,-33.51536560058594
172.8832561969757,0.0,223.191,0.0,-33.492431640625
172.94213032722473,0.0,222.989,0.0,-33.467681884765625
172.97625827789307,0.0,222.9,0.0,-33.45330047607422
173.0074429512024,0.0,222.861,0.0,-33.439109802246094
173.03246927261353,0.0,222.768,0.0,-33.42716979980469
173.066251039505,0.0,222.696,0.0,-33.40272521972656
173.0930473804474,0.0,222.512,0.0,-33.390228271484375
173.12609386444092,0.0,222.447,0.0,-33.377410888671875
173.16881346702576,0.0,222.36,0.0,-33.35319900512695
173.194885969162,0.0,222.25,0.0,-33.33978271484375
173.2276005744934,0.0,222.093,0.0,-33.327980041503906
173.25237941741943,0.0,222.019,0.0,-33.31502914428711
173.30157780647278,0.0,221.84,0.0,-33.289119720458984
173.32847785949707,0.0,221.7,0.0,-33.276363372802734
173.3628499507904,0.0,221.621,0.0,-33.24699401855469
173.39135360717773,0.0,221.529,0.0,-33.23276138305664
173.42407846450806,0.0,221.449,0.0,-33.219085693359375
173.45680689811707,0.0,221.328,0.0,-33.204132080078125
173.48846888542175,0.0,221.13,0.0,-33.17955780029297
173.5204131603241,0.0,221.064,0.0,-33.16733932495117
173.55198740959167,0.0,221.018,0.0,-33.15581512451172
173.58763313293457,0.0,220.967,0.0,-33.136348724365234
173.61523818969727,0.0,220.807,0.0,-33.1263313293457
173.64791250228882,0.0,220.767,0.0,-33.11601257324219
173.6799829006195,0.0,220.7,0.0,-33.10700225830078
173.7117567062378,0.0,220.611,0.0,-33.08768844604492
173.74298286437988,0.0,220.403,0.0,-33.07611846923828
173.76927947998047,0.0,220.299,0.0,-33.063377380371094
173.81322360038757,0.0,220.223,0.0,-33.03669738769531
173.8486065864563,0.0,220.089,0.0,-33.023433685302734
173.8782675266266,0.0,219.903,0.0,-33.011966705322266
173.9102921485901,0.0,219.828,0.0,-32.99592971801758
173.9420702457428,0.0,219.727,0.0,-32.965911865234375
173.97458744049072,0.0,219.667,0.0,-32.95237350463867
174.00671863555908,0.0,219.562,0.0,-32.94047927856445
174.0393364429474,0.0,219.487,0.0,-32.918792724609375
174.07056546211243,0.0,219.382,0.0,-32.91106414794922
174.10160875320435,0.0,219.321,0.0,-32.901329040527344
174.1329004764557,0.0,219.255,0.0,-32.891876220703125
174.16522645950317,0.0,219.029,0.0,-32.871498107910156
174.19824075698853,0.0,218.937,0.0,-32.85841369628906
174.2306568622589,0.0,218.818,0.0,-32.84504699707031
174.26328372955322,0.0,218.752,0.0,-32.81681823730469
174.29363560676575,0.0,218.621,0.0,-32.80461120605469
174.32755184173584,0.0,218.561,0.0,-32.79270935058594
174.36237215995789,0.0,218.489,0.0,-32.77067565917969
174.3865897655487,0.0,218.434,0.0,-32.760536193847656
174.42758011817932,0.0,218.31,0.0,-32.74988555908203
174.45938730239868,0.0,218.241,0.0,-32.740509033203125
174.4955370426178,0.0,218.035,0.0,-32.715572357177734
174.52766489982605,0.0,217.845,0.0,-32.70095443725586
174.56321549415588,0.0,217.748,0.0,-32.670326232910156
174.59208059310913,0.0,217.699,0.0,-32.65709686279297
174.62396883964539,0.0,217.622,0.0,-32.644290924072266
174.65637850761414,0.0,217.522,0.0,-32.6336669921875
174.68911385536194,0.0,217.429,0.0,-32.61810302734375
174.721373796463,0.0,217.348,0.0,-32.60863494873047
174.75366163253784,0.0,217.249,0.0,-32.59852981567383
174.78895497322083,0.0,217.132,0.0,-32.5758056640625
174.8177011013031,0.0,217.075,0.0,-32.56590270996094
174.84897923469543,0.0,217.001,0.0,-32.55645751953125
174.88195490837097,0.0,216.93,0.0,-32.54664611816406
174.91441583633423,0.0,216.824,0.0,-32.52509307861328
174.9451711177826,0.0,216.651,0.0,-32.51298904418945
174.97694945335388,0.0,216.584,0.0,-32.500694274902344
175.0140335559845,0.0,216.483,0.0,-32.47624969482422
175.04066014289856,0.0,216.349,0.0,-32.461395263671875
175.07364010810852,0.0,216.219,0.0,-32.44887924194336
175.10447311401367,0.0,216.158,0.0,-32.43600082397461
175.13719129562378,0.0,216.023,0.0,-32.40985870361328
175.16771340370178,0.0,215.938,0.0,-32.395904541015625
175.192373752594,0.0,215.823,0.0,-32.380924224853516
175.23259568214417,0.0,215.629,0.0,-32.36604309082031
175.2680308818817,0.0,215.53,0.0,-32.335872650146484
175.29944777488708,0.0,215.478,0.0,-32.32267379760742
175.3316080570221,0.0,215.399,0.0,-32.313148498535156
175.36409544944763,0.0,215.335,0.0,-32.29414749145508
175.39642715454102,0.0,215.269,0.0,-32.287086486816406
175.42788314819336,0.0,215.196,0.0,-32.27949523925781
175.4652223587036,0.0,215.115,0.0,-32.26195526123047
175.49283909797668,0.0,214.969,0.0,-32.252227783203125
175.5254933834076,0.0,214.906,0.0,-32.24235534667969
175.55687475204468,0.0,214.814,0.0,-32.232662200927734
175.5896770954132,0.0,214.704,0.0,-32.20951461791992
175.62181520462036,0.0,214.59,0.0,-32.19573974609375
175.6531195640564,0.0,214.402,0.0,-32.1815185546875
175.68950867652893,0.0,214.302,0.0,-32.152870178222656
175.71596550941467,0.0,214.229,0.0,-32.13920211791992
175.74830412864685,0.0,214.165,0.0,-32.12657928466797
175.77813172340393,0.0,214.093,0.0,-32.11442947387695
175.81014609336853,0.0,213.89,0.0,-32.100379943847656
175.84226846694946,0.0,213.818,0.0,-32.07414245605469
175.87383484840393,0.0,213.732,0.0,-32.061302185058594
175.90646171569824,0.0,213.655,0.0,-32.04879379272461
175.93945145606995,0.0,213.51,0.0,-32.025814056396484
175.9772915840149,0.0,213.43,0.0,-32.01722717285156
176.01044344902039,0.0,213.232,0.0,-32.007869720458984
176.0417914390564,0.0,213.182,0.0,-31.985546112060547
176.07378792762756,0.0,213.104,0.0,-31.974834442138672
176.105450630188,0.0,213.097,0.0,-31.96389389038086
176.14016842842102,0.0,213.049,0.0,-31.94805908203125
176.16908717155457,0.0,212.903,0.0,-31.93938446044922
176.20038390159607,0.0,212.794,0.0,-31.930448532104492
176.23299980163574,0.0,212.694,0.0,-31.919536590576172
176.26578760147095,0.0,212.619,0.0,-31.89556884765625
176.29790353775024,0.0,212.493,0.0,-31.884172439575195
176.32942485809326,0.0,212.449,0.0,-31.873422622680664
176.37261629104614,0.0,212.287,0.0,-31.85366439819336
176.40551495552063,0.0,212.199,0.0,-31.842920303344727
176.43692469596863,0.0,212.065,0.0,-31.831493377685547
176.4685492515564,0.0,212.038,0.0,-31.80631446838379
176.50153470039368,0.0,211.831,0.0,-31.794981002807617
176.53072333335876,0.0,211.715,0.0,-31.781307220458984
176.57521390914917,0.0,211.662,0.0,-31.753355026245117
176.60715913772583,0.0,211.515,0.0,-31.741573333740234
176.63958024978638,0.0,211.407,0.0,-31.715679168701172
176.69887232780457,0.0,211.228,0.0,-31.688312530517578
176.73090291023254,0.0,211.177,0.0,-31.678464889526367
176.76727199554443,0.0,210.982,0.0,-31.659189224243164
176.79425048828125,0.0,210.888,0.0,-31.647504806518555
176.82570242881775,0.0,210.781,0.0,-31.63513946533203
176.85727286338806,0.0,210.778,0.0,-31.6217041015625
176.88816928863525,0.0,210.694,0.0,-31.611814498901367
176.91936612129211,0.0,210.642,0.0,-31.595733642578125
176.94308185577393,0.0,210.546,0.0,-31.587860107421875
176.97489190101624,0.0,210.417,0.0,-31.57832908630371
177.00015926361084,0.0,210.379,0.0,-31.566120147705078
177.04172205924988,0.0,210.332,0.0,-31.546186447143555
177.0730938911438,0.0,210.159,0.0,-31.534982681274414
177.1056365966797,0.0,210.011,0.0,-31.524080276489258
177.13866114616394,0.0,209.897,0.0,-31.49492645263672
177.17182064056396,0.0,209.758,0.0,-31.48129653930664
177.2027623653412,0.0,209.738,0.0,-31.468090057373047
177.23513460159302,0.0,209.659,0.0,-31.457653045654297
177.26836705207825,0.0,209.598,0.0,-31.436607360839844
177.29686498641968,0.0,209.5,0.0,-31.425153732299805
177.32810878753662,0.0,209.412,0.0,-31.415433883666992
177.36166048049927,0.0,209.307,0.0,-31.406295776367188
177.40023016929626,0.0,209.213,0.0,-31.383651733398438
177.4417860507965,0.0,209.018,0.0,-31.357891082763672
177.47214579582214,0.0,208.929,0.0,-31.344499588012695
177.5033712387085,0.0,208.843,0.0,-31.33114242553711
177.5432629585266,0.0,208.696,0.0,-31.30554962158203
177.5731372833252,0.0,208.662,0.0,-31.295291900634766
177.59842658042908,0.0,208.619,0.0,-31.286182403564453
177.6390335559845,0.0,208.51,0.0,-31.27425765991211
177.6803503036499,0.0,208.421,0.0,-31.267147064208984
177.71656227111816,0.0,208.375,0.0,-31.250396728515625
177.74397087097168,0.0,208.181,0.0,-31.239362716674805
177.77499222755432,0.0,208.131,0.0,-31.22856330871582
177.81654405593872,0.0,208.04,0.0,-31.207725524902344
177.84945702552795,0.0,207.969,0.0,-31.19860076904297
177.88228178024292,0.0,207.888,0.0,-31.19032859802246
177.91672134399414,0.0,207.819,0.0,-31.171552658081055
177.94576334953308,0.0,207.748,0.0,-31.1617431640625
177.97830963134766,0.0,207.579,0.0,-31.15166664123535
178.01068091392517,0.0,207.53,0.0,-31.140331268310547
178.04318857192993,0.0,207.426,0.0,-31.11825942993164
178.07515668869019,0.0,207.308,0.0,-31.104732513427734
178.1124951839447,0.0,207.17,0.0,-31.09083366394043
178.14646577835083,0.0,207.099,0.0,-31.06715965270996
178.17708587646484,0.0,206.971,0.0,-31.053325653076172
178.20865845680237,0.0,206.79,0.0,-31.03884506225586
178.24142408370972,0.0,206.732,0.0,-31.012481689453125
178.27307152748108,0.0,206.662,0.0,-31.00341033935547
178.3056206703186,0.0,206.596,0.0,-30.99406623840332
178.33580565452576,0.0,206.516,0.0,-30.98467254638672
178.36814951896667,0.0,206.355,0.0,-30.962478637695312
178.399516582489,0.0,206.286,0.0,-30.9518985748291
178.43207359313965,0.0,206.25,0.0,-30.941410064697266
178.46447467803955,0.0,206.207,0.0,-30.932376861572266
178.4973647594452,0.0,206.064,0.0,-30.9147891998291
178.52903842926025,0.0,205.991,0.0,-30.90570831298828
178.56130623817444,0.0,205.912,0.0,-30.896181106567383
178.5779356956482,0.0,205.859,0.0,-30.88605308532715
178.61000871658325,0.0,205.794,0.0,-30.876550674438477
178.64272832870483,0.0,205.614,0.0,-30.852649688720703
178.67358875274658,0.0,205.542,0.0,-30.839065551757812
178.70534491539001,0.0,205.448,0.0,-30.825183868408203
178.73735427856445,0.0,205.36,0.0,-30.81380844116211
178.76925563812256,0.0,205.29,0.0,-30.792509078979492
178.8107442855835,0.0,205.129,0.0,-30.783039093017578
178.83673524856567,0.0,205.059,0.0,-30.771385192871094
178.86919522285461,0.0,204.973,0.0,-30.754072189331055
178.9005696773529,0.0,204.883,0.0,-30.744159698486328
178.93300771713257,0.0,204.833,0.0,-30.733278274536133
178.96442461013794,0.0,204.746,0.0,-30.72332763671875
178.9963161945343,0.0,204.639,0.0,-30.702415466308594
179.02917504310608,0.0,204.544,0.0,-30.693002700805664
179.05964612960815,0.0,204.466,0.0,-30.682292938232422
179.09315490722656,0.0,204.375,0.0,-30.659521102905273
179.1243360042572,0.0,204.233,0.0,-30.647159576416016
179.1561360359192,0.0,204.195,0.0,-30.636028289794922
179.19208240509033,0.0,204.127,0.0,-30.616662979125977
179.22355008125305,0.0,204.099,0.0,-30.608524322509766
179.25528860092163,0.0,203.978,0.0,-30.60010528564453
179.28796553611755,0.0,203.941,0.0,-30.591753005981445
179.32059049606323,0.0,203.876,0.0,-30.57631492614746
179.35353469848633,0.0,203.708,0.0,-30.563623428344727
179.3841598033905,0.0,203.539,0.0,-30.551103591918945
179.41590332984924,0.0,203.476,0.0,-30.525943756103516
179.4482479095459,0.0,203.443,0.0,-30.515716552734375
179.48000741004944,0.0,203.358,0.0,-30.504796981811523
179.5054726600647,0.0,203.301,0.0,-30.49452018737793
179.54289531707764,0.0,203.14,0.0,-30.479162216186523
179.58123922348022,0.0,203.088,0.0,-30.469593048095703
179.6117091178894,0.0,203.031,0.0,-30.460548400878906
179.64430499076843,0.0,202.891,0.0,-30.442441940307617
179.6774024963379,0.0,202.817,0.0,-30.432872772216797
179.71143293380737,0.0,202.768,0.0,-30.42289161682129
179.74472451210022,0.0,202.713,0.0,-30.40470314025879
179.7759246826172,0.0,202.552,0.0,-30.394994735717773
179.8075430393219,0.0,202.455,0.0,-30.384563446044922
179.8381142616272,0.0,202.365,0.0,-30.37294578552246
179.8702244758606,0.0,202.301,0.0,-30.34908676147461
179.90203285217285,0.0,202.205,0.0,-30.336610794067383
179.93359637260437,0.0,202.084,0.0,-30.32524299621582
179.96874332427979,0.0,201.967,0.0,-30.301294326782227
179.9975516796112,0.0,201.872,0.0,-30.287891387939453
180.0301547050476,0.0,201.843,0.0,-30.27688217163086
180.06145524978638,0.0,201.765,0.0,-30.26764488220215
180.0937261581421,0.0,201.749,0.0,-30.252397537231445
180.1270170211792,0.0,201.642,0.0,-30.243270874023438
180.15895652770996,0.0,201.583,0.0,-30.23676109313965
180.19428753852844,0.0,201.376,0.0,-30.220806121826172
180.22332549095154,0.0,201.349,0.0,-30.209800720214844
180.25008606910706,0.0,201.349,0.0,-30.20067596435547
180.28269481658936,0.0,201.349,0.0,-30.19413948059082
180.3256664276123,0.0,201.091,0.0,-30.186580657958984
180.3585000038147,0.0,201.036,0.0,-30.17388916015625
180.39604020118713,0.0,200.954,0.0,-30.1502685546875
180.422917842865,0.0,200.864,0.0,-30.137725830078125
180.45456910133362,0.0,200.741,0.0,-30.125469207763672
180.48709845542908,0.0,200.67,0.0,-30.114408493041992
180.51973223686218,0.0,200.615,0.0,-30.093101501464844
180.55187726020813,0.0,200.551,0.0,-30.082984924316406
180.584538936615,0.0,200.345,0.0,-30.069690704345703
180.62041306495667,0.0,200.273,0.0,-30.04524803161621
180.64852285385132,0.0,200.21,0.0,-30.033836364746094
180.6806604862213,0.0,200.177,0.0,-30.024187088012695
180.7119963169098,0.0,200.05,0.0,-30.015104293823242
180.74461197853088,0.0,199.983,0.0,-29.998607635498047
180.7772786617279,0.0,199.9,0.0,-29.991016387939453
180.81045198440552,0.0,199.805,0.0,-29.982194900512695
180.8458878993988,0.0,199.752,0.0,-29.96225357055664
180.87237119674683,0.0,199.623,0.0,-29.952625274658203
180.90480041503906,0.0,199.599,0.0,-29.942975997924805
180.92044639587402,0.0,199.541,0.0,-29.93503189086914
180.95263028144836,0.0,199.473,0.0,-29.926971435546875
180.99423670768738,0.0,199.402,0.0,-29.909290313720703
181.02466130256653,0.0,199.22,0.0,-29.89847183227539
181.05700707435608,0.0,199.159,0.0,-29.887252807617188
181.09040641784668,0.0,199.099,0.0,-29.876529693603516
181.1212739944458,0.0,199.044,0.0,-29.85648536682129
181.1534779071808,0.0,198.97,0.0,-29.84636116027832
181.18414998054504,0.0,198.701,0.0,-29.835399627685547
181.21597003936768,0.0,198.643,0.0,-29.819807052612305
181.2480549812317,0.0,198.587,0.0,-29.793262481689453
181.2790813446045,0.0,198.547,0.0,-29.78241539001465
181.3104920387268,0.0,198.524,0.0,-29.77363395690918
181.3456106185913,0.0,198.424,0.0,-29.760475158691406
181.37556862831116,0.0,198.345,0.0,-29.75413703918457
181.4072859287262,0.0,198.238,0.0,-29.746444702148438
181.43964457511902,0.0,198.143,0.0,-29.73651885986328
181.47145795822144,0.0,198.001,0.0,-29.714908599853516
181.50338697433472,0.0,197.942,0.0,-29.7037296295166
181.53604412078857,0.0,197.869,0.0,-29.693130493164062
181.57009434700012,0.0,197.768,0.0,-29.670387268066406
181.60144567489624,0.0,197.633,0.0,-29.65806770324707
181.63916778564453,0.0,197.579,0.0,-29.646984100341797
181.67510199546814,0.0,197.511,0.0,-29.626436233520508
181.71546053886414,0.0,197.392,0.0,-29.61724853515625
181.7459807395935,0.0,197.345,0.0,-29.59853744506836
181.77830815315247,0.0,197.298,0.0,-29.590173721313477
181.81052827835083,0.0,197.185,0.0,-29.582645416259766
181.836909532547,0.0,197.133,0.0,-29.574203491210938
181.86940908432007,0.0,197.034,0.0,-29.5560359954834
181.90146040916443,0.0,196.974,0.0,-29.546314239501953
181.93467092514038,0.0,196.901,0.0,-29.53624725341797
181.9660768508911,0.0,196.826,0.0,-29.527000427246094
181.99891638755798,0.0,196.756,0.0,-29.514568328857422
182.03168177604675,0.0,196.711,0.0,-29.507640838623047
182.06296610832214,0.0,196.646,0.0,-29.500879287719727
182.09513068199158,0.0,196.504,0.0,-29.484804153442383
182.12624430656433,0.0,196.447,0.0,-29.475936889648438
182.15864968299866,0.0,196.376,0.0,-29.467153549194336
182.19097566604614,0.0,196.317,0.0,-29.45784568786621
182.2243936061859,0.0,196.251,0.0,-29.4392147064209
182.2565677165985,0.0,196.149,0.0,-29.43046760559082
182.28800797462463,0.0,196.09,0.0,-29.421823501586914
182.3197202682495,0.0,196.033,0.0,-29.404489517211914
182.3610863685608,0.0,195.88,0.0,-29.394453048706055
182.3945186138153,0.0,195.81,0.0,-29.374446868896484
182.42778778076172,0.0,195.741,0.0,-29.364208221435547
182.45839977264404,0.0,195.521,0.0,-29.351863861083984
182.4904396533966,0.0,195.442,0.0,-29.338483810424805
182.52402997016907,0.0,195.35,0.0,-29.311811447143555
182.5556890964508,0.0,195.273,0.0,-29.298660278320312
182.58722066879272,0.0,195.244,0.0,-29.287818908691406
182.6197440624237,0.0,195.193,0.0,-29.271286010742188
182.65109252929688,0.0,195.159,0.0,-29.266159057617188
182.68297410011292,0.0,195.15,0.0,-29.26129722595215
182.71484446525574,0.0,195.109,0.0,-29.257671356201172
182.74722719192505,0.0,194.98,0.0,-29.24858856201172
182.77967023849487,0.0,194.9,0.0,-29.242115020751953
182.81270456314087,0.0,194.827,0.0,-29.234193801879883
182.84450221061707,0.0,194.732,0.0,-29.21512222290039
182.8760576248169,0.0,194.679,0.0,-29.205360412597656
182.92913436889648,0.0,194.546,0.0,-29.187501907348633
182.96444392204285,0.0,194.496,0.0,-29.179779052734375
182.99692249298096,0.0,194.402,0.0,-29.162771224975586
183.02847146987915,0.0,194.333,0.0,-29.153064727783203
183.0604555606842,0.0,194.119,0.0,-29.138999938964844
183.0770342350006,0.0,194.119,0.0,-29.126619338989258
183.1120800971985,0.0,193.998,0.0,-29.11391830444336
183.15407705307007,0.0,193.966,0.0,-29.09393882751465
183.1966106891632,0.0,193.89,0.0,-29.079030990600586
183.22818183898926,0.0,193.834,0.0,-29.073631286621094
183.25989985466003,0.0,193.768,0.0,-29.067588806152344
183.29097843170166,0.0,193.708,0.0,-29.060617446899414
183.32361698150635,0.0,193.583,0.0,-29.044761657714844
183.3545892238617,0.0,193.526,0.0,-29.036571502685547
183.38680267333984,0.0,193.476,0.0,-29.02829933166504
183.4112138748169,0.0,193.403,0.0,-29.02025604248047
183.446608543396,0.0,193.306,0.0,-29.00096893310547
183.47641324996948,0.0,193.229,0.0,-28.9901065826416
183.5077269077301,0.0,193.077,0.0,-28.97822380065918
183.54001235961914,0.0,193.031,0.0,-28.967073440551758
183.5723421573639,0.0,192.978,0.0,-28.947479248046875
183.60294699668884,0.0,192.895,0.0,-28.937122344970703
183.63565039634705,0.0,192.797,0.0,-28.927339553833008
183.6665964126587,0.0,192.741,0.0,-28.918424606323242
183.6993224620819,0.0,192.69,0.0,-28.901268005371094
183.7326169013977,0.0,192.628,0.0,-28.892654418945312
183.76396012306213,0.0,192.609,0.0,-28.88648223876953
183.79833817481995,0.0,192.457,0.0,-28.874614715576172
183.83790159225464,0.0,192.408,0.0,-28.866764068603516
183.8778738975525,0.0,192.266,0.0,-28.848485946655273
183.90952897071838,0.0,192.229,0.0,-28.83989715576172
183.94229698181152,0.0,192.158,0.0,-28.83216094970703
183.97408604621887,0.0,192.146,0.0,-28.81702423095703
184.00572967529297,0.0,191.954,0.0,-28.80802345275879
184.0378725528717,0.0,191.903,0.0,-28.797775268554688
184.07293725013733,0.0,191.82,0.0,-28.777700424194336
184.10128831863403,0.0,191.786,0.0,-28.768646240234375
184.1336212158203,0.0,191.68,0.0,-28.760181427001953
184.16586828231812,0.0,191.577,0.0,-28.751583099365234
184.1987280845642,0.0,191.514,0.0,-28.730775833129883
184.2314007282257,0.0,191.48,0.0,-28.721858978271484
184.26315021514893,0.0,191.364,0.0,-28.713424682617188
184.29875254631042,0.0,191.312,0.0,-28.69593620300293
184.32671642303467,0.0,191.233,0.0,-28.686450958251953
184.36015582084656,0.0,191.131,0.0,-28.67959213256836
184.39132118225098,0.0,191.076,0.0,-28.67047882080078
184.42303109169006,0.0,190.959,0.0,-28.652374267578125
184.45585322380066,0.0,190.952,0.0,-28.643617630004883
184.4939305782318,0.0,190.88,0.0,-28.63702392578125
184.5245659351349,0.0,190.768,0.0,-28.622730255126953
184.55923175811768,0.0,190.71,0.0,-28.614526748657227
184.60056328773499,0.0,190.683,0.0,-28.599075317382812
184.63177871704102,0.0,190.634,0.0,-28.59229278564453
184.66336393356323,0.0,190.551,0.0,-28.5871524810791
184.69627737998962,0.0,190.494,0.0,-28.572723388671875
184.72831273078918,0.0,190.393,0.0,-28.56317901611328
184.75978684425354,0.0,190.276,0.0,-28.553199768066406
184.79136180877686,0.0,190.201,0.0,-28.544023513793945
184.82424235343933,0.0,190.188,0.0,-28.526525497436523
184.85631895065308,0.0,190.117,0.0,-28.51803970336914
184.88851737976074,0.0,189.963,0.0,-28.50910758972168
184.92012476921082,0.0,189.942,0.0,-28.498992919921875
184.95279788970947,0.0,189.881,0.0,-28.482242584228516
184.98497247695923,0.0,189.837,0.0,-28.47427749633789
185.02508783340454,0.0,189.698,0.0,-28.46140480041504
185.05746173858643,0.0,189.622,0.0,-28.453657150268555
185.08912634849548,0.0,189.557,0.0,-28.444908142089844
185.12180042266846,0.0,189.528,0.0,-28.428058624267578
185.15312886238098,0.0,189.451,0.0,-28.420961380004883
185.1848602294922,0.0,189.4,0.0,-28.414188385009766
185.21733736991882,0.0,189.338,0.0,-28.40723991394043
185.25800323486328,0.0,189.177,0.0,-28.39044952392578
185.29853534698486,0.0,189.127,0.0,-28.371652603149414
185.3309874534607,0.0,189.077,0.0,-28.3629207611084
185.36254000663757,0.0,188.976,0.0,-28.354799270629883
185.39539885520935,0.0,188.939,0.0,-28.34652328491211
185.42677640914917,0.0,188.841,0.0,-28.329519271850586
185.4590334892273,0.0,188.698,0.0,-28.316614151000977
185.4905436038971,0.0,188.554,0.0,-28.302087783813477
185.52457189559937,0.0,188.529,0.0,-28.280574798583984
185.5574815273285,0.0,188.486,0.0,-28.271760940551758
185.5890769958496,0.0,188.478,0.0,-28.26510238647461
185.62625169754028,0.0,188.361,0.0,-28.254745483398438
185.65303826332092,0.0,188.315,0.0,-28.248451232910156
185.6843032836914,0.0,188.292,0.0,-28.24209976196289
185.7179102897644,0.0,188.261,0.0,-28.236663818359375
185.73398327827454,0.0,188.24,0.0,-28.231590270996094
185.76571416854858,0.0,188.18,0.0,-28.22720718383789
185.7973029613495,0.0,188.09,0.0,-28.21407699584961
185.82841801643372,0.0,188.012,0.0,-28.20529556274414
185.86086893081665,0.0,187.84,0.0,-28.194284439086914
185.89304876327515,0.0,187.804,0.0,-28.183570861816406
185.92523622512817,0.0,187.783,0.0,-28.166492462158203
185.95851016044617,0.0,187.758,0.0,-28.159914016723633
185.98576402664185,0.0,187.595,0.0,-28.150968551635742
186.0356740951538,0.0,187.49,0.0,-28.130935668945312
186.0762939453125,0.0,187.37,0.0,-28.10985565185547
186.10973620414734,0.0,187.335,0.0,-28.100975036621094
186.14106154441833,0.0,187.276,0.0,-28.09208869934082
186.17434120178223,0.0,187.215,0.0,-28.077930450439453
186.20445156097412,0.0,187.171,0.0,-28.073078155517578
186.23715043067932,0.0,187.143,0.0,-28.067920684814453
186.2683777809143,0.0,187.067,0.0,-28.063182830810547
186.30086088180542,0.0,186.96,0.0,-28.050416946411133
186.3335587978363,0.0,186.856,0.0,-28.043195724487305
186.36556601524353,0.0,186.806,0.0,-28.033645629882812
186.39952063560486,0.0,186.72,0.0,-28.01434326171875
186.4298858642578,0.0,186.588,0.0,-28.003116607666016
186.46180295944214,0.0,186.516,0.0,-27.993061065673828
186.4936318397522,0.0,186.472,0.0,-27.98270034790039
186.52766966819763,0.0,186.44,0.0,-27.96511459350586
186.55937790870667,0.0,186.344,0.0,-27.95731544494629
186.58503413200378,0.0,186.301,0.0,-27.949636459350586
186.61120915412903,0.0,186.268,0.0,-27.942340850830078
186.64313006401062,0.0,186.171,0.0,-27.935758590698242
186.67543840408325,0.0,186.093,0.0,-27.917451858520508
186.70772862434387,0.0,186.063,0.0,-27.909221649169922
186.74900007247925,0.0,185.978,0.0,-27.89474868774414
186.78003215789795,0.0,185.974,0.0,-27.889249801635742
186.82657670974731,0.0,185.843,0.0,-27.87476348876953
186.85909223556519,0.0,185.823,0.0,-27.86956787109375
186.89197063446045,0.0,185.746,0.0,-27.86512565612793
186.92469358444214,0.0,185.626,0.0,-27.852519989013672
186.95630931854248,0.0,185.537,0.0,-27.844858169555664
186.989089012146,0.0,185.477,0.0,-27.83558464050293
187.02098178863525,0.0,185.428,0.0,-27.826290130615234
187.05263948440552,0.0,185.398,0.0,-27.809749603271484
187.08525013923645,0.0,185.307,0.0,-27.801605224609375
187.11271381378174,0.0,185.231,0.0,-27.79450035095215
187.14160227775574,0.0,185.15,0.0,-27.786224365234375
187.174489736557,0.0,185.147,0.0,-27.769855499267578
187.20669889450073,0.0,185.072,0.0,-27.761728286743164
187.23800683021545,0.0,184.975,0.0,-27.75506019592285
187.26990509033203,0.0,184.963,0.0,-27.747039794921875
187.30125665664673,0.0,184.91,0.0,-27.73406219482422
187.33398747444153,0.0,184.873,0.0,-27.727745056152344
187.36614561080933,0.0,184.83,0.0,-27.721454620361328
187.39547610282898,0.0,184.706,0.0,-27.714635848999023
187.43846559524536,0.0,184.642,0.0,-27.703514099121094
187.47635173797607,0.0,184.49,0.0,-27.68796730041504
187.5090024471283,0.0,184.428,0.0,-27.678733825683594
187.54082322120667,0.0,184.369,0.0,-27.66937828063965
187.57343578338623,0.0,184.322,0.0,-27.66006088256836
187.60537958145142,0.0,184.284,0.0,-27.643310546875
187.63567233085632,0.0,184.235,0.0,-27.637176513671875
187.67733073234558,0.0,184.196,0.0,-27.625276565551758
187.70516204833984,0.0,184.16,0.0,-27.619609832763672
187.7365698814392,0.0,184.011,0.0,-27.612592697143555
187.76948356628418,0.0,183.953,0.0,-27.604320526123047
187.80107474327087,0.0,183.864,0.0,-27.585996627807617
187.83299565315247,0.0,183.845,0.0,-27.577960968017578
187.86323976516724,0.0,183.826,0.0,-27.571352005004883
187.8946135044098,0.0,183.738,0.0,-27.56488037109375
187.92707228660583,0.0,183.698,0.0,-27.552005767822266
187.9585690498352,0.0,183.645,0.0,-27.547496795654297
187.99071049690247,0.0,183.584,0.0,-27.54216766357422
188.02409744262695,0.0,183.545,0.0,-27.53586196899414
188.05483269691467,0.0,183.432,0.0,-27.522018432617188
188.08704352378845,0.0,183.409,0.0,-27.515003204345703
188.1292142868042,0.0,183.317,0.0,-27.500831604003906
188.17864513397217,0.0,183.2,0.0,-27.48456573486328
188.2082781791687,0.0,183.106,0.0,-27.47420883178711
188.24482774734497,0.0,183.0,0.0,-27.464527130126953
188.27716541290283,0.0,182.94,0.0,-27.445594787597656
188.30741167068481,0.0,182.903,0.0,-27.437145233154297
188.3398289680481,0.0,182.816,0.0,-27.42913818359375
188.3724446296692,0.0,182.753,0.0,-27.421602249145508
188.40497279167175,0.0,182.691,0.0,-27.40513038635254
188.43623900413513,0.0,182.652,0.0,-27.397403717041016
188.46774911880493,0.0,182.652,0.0,-27.391847610473633
188.49874019622803,0.0,182.652,0.0,-27.387968063354492
188.5305790901184,0.0,182.494,0.0,-27.37711524963379
188.5633556842804,0.0,182.342,0.0,-27.36771011352539
188.59572100639343,0.0,182.322,0.0,-27.357839584350586
188.62775182724,0.0,182.285,0.0,-27.342365264892578
188.6594204902649,0.0,182.247,0.0,-27.33544921875
188.6919460296631,0.0,182.131,0.0,-27.328235626220703
188.72753739356995,0.0,182.002,0.0,-27.30941390991211
188.75998997688293,0.0,181.962,0.0,-27.299606323242188
188.79178380966187,0.0,181.833,0.0,-27.288909912109375
188.82889604568481,0.0,181.812,0.0,-27.271198272705078
188.8552622795105,0.0,181.785,0.0,-27.26433563232422
188.88623929023743,0.0,181.751,0.0,-27.258033752441406
188.91339921951294,0.0,181.719,0.0,-27.253589630126953
188.9433491230011,0.0,181.687,0.0,-27.249225616455078
188.97439098358154,0.0,181.606,0.0,-27.24491310119629
189.00746178627014,0.0,181.524,0.0,-27.23508644104004
189.0388572216034,0.0,181.462,0.0,-27.228282928466797
189.07015657424927,0.0,181.408,0.0,-27.220788955688477
189.1025106906891,0.0,181.34,0.0,-27.204662322998047
189.13366270065308,0.0,181.262,0.0,-27.19709014892578
189.16490936279297,0.0,181.262,0.0,-27.189767837524414
189.19671082496643,0.0,181.262,0.0,-27.184484481811523
189.22631931304932,0.0,181.262,0.0,-27.17827796936035
189.25857210159302,0.0,181.069,0.0,-27.168594360351562
189.2914001941681,0.0,180.902,0.0,-27.158016204833984
189.32876896858215,0.0,180.846,0.0,-27.135852813720703
189.35644674301147,0.0,180.807,0.0,-27.126277923583984
189.3886399269104,0.0,180.737,0.0,-27.11634063720703
189.42104506492615,0.0,180.649,0.0,-27.10709571838379
189.4544656276703,0.0,180.627,0.0,-27.091609954833984
189.48491024971008,0.0,180.573,0.0,-27.08659553527832
189.5172131061554,0.0,180.561,0.0,-27.08086585998535
189.54687452316284,0.0,180.517,0.0,-27.076339721679688
189.5895082950592,0.0,180.452,0.0,-27.066728591918945
189.6147472858429,0.0,180.339,0.0,-27.061992645263672
189.6449592113495,0.0,180.306,0.0,-27.053955078125
189.6768617630005,0.0,180.23,0.0,-27.038299560546875
189.70873308181763,0.0,180.154,0.0,-27.030189514160156
189.74118638038635,0.0,180.095,0.0,-27.0230770111084
189.77942657470703,0.0,180.03,0.0,-27.00725746154785
189.807386636734,0.0,179.977,0.0,-26.999055862426758
189.83941459655762,0.0,179.863,0.0,-26.991294860839844
189.87145948410034,0.0,179.828,0.0,-26.982702255249023
189.90329003334045,0.0,179.737,0.0,-26.96558380126953
189.93509769439697,0.0,179.686,0.0,-26.95657730102539
189.96724271774292,0.0,179.546,0.0,-26.94720458984375
189.9835274219513,0.0,179.546,0.0,-26.93730354309082
190.03019881248474,0.0,179.473,0.0,-26.92098617553711
190.0618486404419,0.0,179.47,0.0,-26.91510772705078
190.0939166545868,0.0,179.447,0.0,-26.910017013549805
190.12628865242004,0.0,179.423,0.0,-26.90399742126465
190.15801811218262,0.0,179.348,0.0,-26.901611328125
190.1905872821808,0.0,179.296,0.0,-26.89698028564453
190.22292828559875,0.0,179.211,0.0,-26.891565322875977
190.25525665283203,0.0,179.109,0.0,-26.876583099365234
190.30350303649902,0.0,179.042,0.0,-26.860637664794922
190.32860469818115,0.0,178.992,0.0,-26.85244369506836
190.35889148712158,0.0,178.902,0.0,-26.844078063964844
190.39100575447083,0.0,178.871,0.0,-26.836593627929688
190.42271637916565,0.0,178.848,0.0,-26.829875946044922
190.45523715019226,0.0,178.811,0.0,-26.818431854248047
190.48759961128235,0.0,178.766,0.0,-26.81253433227539
190.5203366279602,0.0,178.663,0.0,-26.806821823120117
190.5529079437256,0.0,178.612,0.0,-26.792850494384766
190.58327054977417,0.0,178.464,0.0,-26.78150177001953
190.61574363708496,0.0,178.429,0.0,-26.771623611450195
190.64713621139526,0.0,178.356,0.0,-26.76251792907715
190.67987751960754,0.0,178.332,0.0,-26.74795150756836
190.7110891342163,0.0,178.338,0.0,-26.74341583251953
190.74416160583496,0.0,178.331,0.0,-26.740297317504883
190.77755570411682,0.0,178.281,0.0,-26.735261917114258
190.80799913406372,0.0,178.229,0.0,-26.73267364501953
190.84033465385437,0.0,178.154,0.0,-26.72881317138672
190.87157797813416,0.0,178.095,0.0,-26.72299575805664
190.90434575080872,0.0,178.012,0.0,-26.7080078125
190.936279296875,0.0,177.882,0.0,-26.698867797851562
190.97757244110107,0.0,177.855,0.0,-26.689693450927734
191.01231741905212,0.0,177.769,0.0,-26.673664093017578
191.0508255958557,0.0,177.704,0.0,-26.66650390625
191.08452987670898,0.0,177.616,0.0,-26.649147033691406
191.11648392677307,0.0,177.467,0.0,-26.64057159423828
191.14822578430176,0.0,177.397,0.0,-26.629697799682617
191.18063163757324,0.0,177.337,0.0,-26.608139038085938
191.21365690231323,0.0,177.268,0.0,-26.597461700439453
191.24469685554504,0.0,177.216,0.0,-26.587444305419922
191.27759766578674,0.0,177.15,0.0,-26.57114028930664
191.30933809280396,0.0,177.125,0.0,-26.565628051757812
191.3419840335846,0.0,177.094,0.0,-26.560749053955078
191.3802149295807,0.0,177.085,0.0,-26.552526473999023
191.40856790542603,0.0,177.009,0.0,-26.54894256591797
191.44095659255981,0.0,176.953,0.0,-26.544578552246094
191.47236728668213,0.0,176.894,0.0,-26.53921890258789
191.50456643104553,0.0,176.863,0.0,-26.527170181274414
191.5370066165924,0.0,176.768,0.0,-26.520740509033203
191.56849026679993,0.0,176.723,0.0,-26.514440536499023
191.60490012168884,0.0,176.662,0.0,-26.50086212158203
191.63255143165588,0.0,176.654,0.0,-26.495332717895508
191.66475319862366,0.0,176.634,0.0,-26.49077796936035
191.69641971588135,0.0,176.604,0.0,-26.487390518188477
191.72880482673645,0.0,176.539,0.0,-26.47869873046875
191.76091504096985,0.0,176.498,0.0,-26.47331428527832
191.79297542572021,0.0,176.437,0.0,-26.466903686523438
191.8242962360382,0.0,176.335,0.0,-26.45961570739746
191.8568058013916,0.0,176.258,0.0,-26.44437026977539
191.88817429542542,0.0,176.205,0.0,-26.43828773498535
191.92065119743347,0.0,176.158,0.0,-26.431692123413086
191.93692874908447,0.0,176.078,0.0,-26.424949645996094
191.96940732002258,0.0,176.06,0.0,-26.416709899902344
192.00072240829468,0.0,176.061,0.0,-26.409921646118164
192.0331108570099,0.0,176.017,0.0,-26.400041580200195
192.06427645683289,0.0,175.969,0.0,-26.39624786376953
192.09597659111023,0.0,175.89,0.0,-26.391624450683594
192.12702417373657,0.0,175.872,0.0,-26.385055541992188
192.15995621681213,0.0,175.771,0.0,-26.371349334716797
192.19257283210754,0.0,175.668,0.0,-26.361896514892578
192.22364258766174,0.0,175.603,0.0,-26.35403823852539
192.25690984725952,0.0,175.586,0.0,-26.33866310119629
192.28787207603455,0.0,175.563,0.0,-26.332706451416016
192.31996607780457,0.0,175.4,0.0,-26.326269149780273
192.35261130332947,0.0,175.364,0.0,-26.316980361938477
192.39279580116272,0.0,175.288,0.0,-26.29936408996582
192.42763757705688,0.0,175.22,0.0,-26.2926025390625
192.46163892745972,0.0,175.144,0.0,-26.276044845581055
192.49186396598816,0.0,175.105,0.0,-26.267974853515625
192.524023771286,0.0,175.038,0.0,-26.259307861328125
192.5560359954834,0.0,174.972,0.0,-26.247116088867188
192.5877664089203,0.0,174.96,0.0,-26.241573333740234
192.61254858970642,0.0,174.936,0.0,-26.23716163635254
192.64349150657654,0.0,174.894,0.0,-26.23311424255371
192.67633771896362,0.0,174.913,0.0,-26.22858238220215
192.7092411518097,0.0,174.834,0.0,-26.222984313964844
192.74125742912292,0.0,174.826,0.0,-26.219247817993164
192.77307295799255,0.0,174.763,0.0,-26.216339111328125
192.81118202209473,0.0,174.695,0.0,-26.206022262573242
192.85820603370667,0.0,174.616,0.0,-26.19500160217285
192.89021062850952,0.0,174.545,0.0,-26.188709259033203
192.93260025978088,0.0,174.471,0.0,-26.175270080566406
192.9612250328064,0.0,174.431,0.0,-26.16813850402832
192.9856481552124,0.0,174.399,0.0,-26.161590576171875
193.02771425247192,0.0,174.283,0.0,-26.154111862182617
193.05529761314392,0.0,174.251,0.0,-26.139602661132812
193.07970809936523,0.0,174.157,0.0,-26.130645751953125
193.12405347824097,0.0,174.07,0.0,-26.123130798339844
193.15764927864075,0.0,174.049,0.0,-26.108060836791992
193.18821048736572,0.0,174.003,0.0,-26.101167678833008
193.2208387851715,0.0,173.944,0.0,-26.093711853027344
193.26190853118896,0.0,173.846,0.0,-26.079547882080078
193.29583930969238,0.0,173.825,0.0,-26.07306671142578
193.32819771766663,0.0,173.75,0.0,-26.06841468811035
193.35821628570557,0.0,173.731,0.0,-26.058757781982422
193.39139127731323,0.0,173.667,0.0,-26.054443359375
193.42127299308777,0.0,173.628,0.0,-26.048755645751953
193.45329356193542,0.0,173.566,0.0,-26.043046951293945
193.49412441253662,0.0,173.499,0.0,-26.03058624267578
193.5182592868805,0.0,173.445,0.0,-26.02456283569336
193.55781602859497,0.0,173.396,0.0,-26.011131286621094
193.58996629714966,0.0,173.291,0.0,-26.002397537231445
193.62323808670044,0.0,173.246,0.0,-25.995349884033203
193.64761900901794,0.0,173.224,0.0,-25.988351821899414
193.67817544937134,0.0,173.104,0.0,-25.98236083984375
193.70774817466736,0.0,173.076,0.0,-25.964990615844727
193.73961925506592,0.0,173.019,0.0,-25.956737518310547
193.771005153656,0.0,172.962,0.0,-25.948322296142578
193.80970811843872,0.0,172.868,0.0,-25.93301773071289
193.83878993988037,0.0,172.815,0.0,-25.9249210357666
193.86321115493774,0.0,172.805,0.0,-25.918617248535156
193.89510083198547,0.0,172.784,0.0,-25.914121627807617
193.92218780517578,0.0,172.753,0.0,-25.910137176513672
193.9677414894104,0.0,172.699,0.0,-25.902935028076172
194.0107400417328,0.0,172.667,0.0,-25.895727157592773
194.03727793693542,0.0,172.654,0.0,-25.892698287963867
194.07747530937195,0.0,172.609,0.0,-25.890119552612305
194.11121940612793,0.0,172.516,0.0,-25.881568908691406
194.14733362197876,0.0,172.447,0.0,-25.8765869140625
194.17781972885132,0.0,172.427,0.0,-25.8701171875
194.21169662475586,0.0,172.385,0.0,-25.858783721923828
194.23836278915405,0.0,172.325,0.0,-25.85208511352539
194.270245552063,0.0,172.215,0.0,-25.845138549804688
194.3124430179596,0.0,172.163,0.0,-25.8297119140625
194.3444004058838,0.0,172.11,0.0,-25.82269859313965
194.3775191307068,0.0,172.029,0.0,-25.816665649414062
194.412255525589,0.0,171.995,0.0,-25.801820755004883
194.4451105594635,0.0,171.954,0.0,-25.794937133789062
194.47043132781982,0.0,171.907,0.0,-25.78797149658203
194.50205397605896,0.0,171.786,0.0,-25.780900955200195
194.54628682136536,0.0,171.719,0.0,-25.763893127441406
194.6017622947693,0.0,171.658,0.0,-25.751142501831055
194.634774684906,0.0,171.589,0.0,-25.741275787353516
194.66017079353333,0.0,171.539,0.0,-25.735877990722656
194.69349718093872,0.0,171.5,0.0,-25.72994041442871
194.71775436401367,0.0,171.451,0.0,-25.724044799804688
194.7623679637909,0.0,171.384,0.0,-25.7127742767334
194.79414558410645,0.0,171.341,0.0,-25.70689582824707
194.82849144935608,0.0,171.309,0.0,-25.70087242126465
194.86359310150146,0.0,171.232,0.0,-25.68790054321289
194.89583349227905,0.0,171.202,0.0,-25.68182945251465
194.94162917137146,0.0,171.103,0.0,-25.669994354248047
194.97858047485352,0.0,171.071,0.0,-25.664302825927734
195.00272846221924,0.0,171.0,0.0,-25.658884048461914
195.04514932632446,0.0,170.958,0.0,-25.64681053161621
195.06217503547668,0.0,170.958,0.0,-25.641582489013672
195.0950789451599,0.0,170.84,0.0,-25.63290786743164
195.13569021224976,0.0,170.748,0.0,-25.61695098876953
195.16369104385376,0.0,170.723,0.0,-25.609943389892578
195.19561076164246,0.0,170.692,0.0,-25.603565216064453
195.22701787948608,0.0,170.59,0.0,-25.596670150756836
195.25888657569885,0.0,170.505,0.0,-25.584672927856445
195.291522026062,0.0,170.453,0.0,-25.577552795410156
195.32569456100464,0.0,170.414,0.0,-25.570205688476562
195.35680627822876,0.0,170.416,0.0,-25.557815551757812
195.39137744903564,0.0,170.418,0.0,-25.554433822631836
195.43441677093506,0.0,170.384,0.0,-25.54944610595703
195.4597773551941,0.0,170.372,0.0,-25.54709243774414
195.48485565185547,0.0,170.34,0.0,-25.544225692749023
195.52839159965515,0.0,170.258,0.0,-25.540409088134766
195.56117057800293,0.0,170.2,0.0,-25.53075408935547
195.59485626220703,0.0,170.126,0.0,-25.52578353881836
195.62877941131592,0.0,170.135,0.0,-25.520156860351562
195.6610825061798,0.0,170.082,0.0,-25.511642456054688
195.68670535087585,0.0,170.012,0.0,-25.505252838134766
195.72973442077637,0.0,169.904,0.0,-25.499113082885742
195.7615442276001,0.0,169.899,0.0,-25.485816955566406
195.78713011741638,0.0,169.872,0.0,-25.480518341064453
195.83024096488953,0.0,169.776,0.0,-25.47502899169922
195.86984753608704,0.0,169.728,0.0,-25.462116241455078
195.89584183692932,0.0,169.652,0.0,-25.454113006591797
195.92778778076172,0.0,169.548,0.0,-25.44595718383789
195.95330429077148,0.0,169.524,0.0,-25.43785858154297
195.99550890922546,0.0,169.501,0.0,-25.4266357421875
196.02782440185547,0.0,169.468,0.0,-25.421905517578125
196.0483260154724,0.0,169.468,0.0,-25.417179107666016
196.0798077583313,0.0,169.431,0.0,-25.413837432861328
196.11216521263123,0.0,169.362,0.0,-25.405698776245117
196.1500449180603,0.0,169.315,0.0,-25.401403427124023
196.17633247375488,0.0,169.245,0.0,-25.396392822265625
196.20201086997986,0.0,169.233,0.0,-25.389862060546875
196.2384147644043,0.0,169.122,0.0,-25.37782859802246
196.27810430526733,0.0,169.103,0.0,-25.371206283569336
196.31098794937134,0.0,169.059,0.0,-25.359682083129883
196.36784744262695,0.0,169.011,0.0,-25.350433349609375
196.409606218338,0.0,168.935,0.0,-25.339567184448242
196.44022727012634,0.0,168.891,0.0,-25.333980560302734
196.46977019309998,0.0,168.871,0.0,-25.329113006591797
196.50820565223694,0.0,168.779,0.0,-25.317136764526367
196.5370795726776,0.0,168.713,0.0,-25.310325622558594
196.57185697555542,0.0,168.664,0.0,-25.303295135498047
196.59666347503662,0.0,168.618,0.0,-25.296226501464844
196.62525010108948,0.0,168.579,0.0,-25.289430618286133
196.6690855026245,0.0,168.497,0.0,-25.27703094482422
196.69484162330627,0.0,168.473,0.0,-25.272083282470703
196.72796177864075,0.0,168.408,0.0,-25.26756477355957
196.76157307624817,0.0,168.346,0.0,-25.255659103393555
196.7949357032776,0.0,168.281,0.0,-25.250452041625977
196.81892943382263,0.0,168.265,0.0,-25.244001388549805
196.85285091400146,0.0,168.214,0.0,-25.238651275634766
196.88476300239563,0.0,168.186,0.0,-25.227191925048828
196.92269325256348,0.0,168.075,0.0,-25.2211971282959
196.96768927574158,0.0,168.085,0.0,-25.20950698852539
197.01226592063904,0.0,168.061,0.0,-25.20305061340332
197.0360553264618,0.0,168.056,0.0,-25.20064926147461
197.0692811012268,0.0,167.924,0.0,-25.197017669677734
197.09491634368896,0.0,167.893,0.0,-25.190996170043945
197.13335943222046,0.0,167.861,0.0,-25.185312271118164
197.161550283432,0.0,167.814,0.0,-25.17392921447754
197.19454312324524,0.0,167.788,0.0,-25.168537139892578
197.22390866279602,0.0,167.663,0.0,-25.162466049194336
197.2524664402008,0.0,167.632,0.0,-25.154987335205078
197.2861204147339,0.0,167.6,0.0,-25.14188575744629
197.31629252433777,0.0,167.58,0.0,-25.13646697998047
197.3476049900055,0.0,167.539,0.0,-25.130855560302734
197.37920880317688,0.0,167.484,0.0,-25.125009536743164
197.41054272651672,0.0,167.45,0.0,-25.116928100585938
197.44316220283508,0.0,167.433,0.0,-25.113197326660156
197.47398209571838,0.0,167.369,0.0,-25.10988426208496
197.5063190460205,0.0,167.275,0.0,-25.10491180419922
197.5361349582672,0.0,167.193,0.0,-25.08841323852539
197.56503915786743,0.0,167.138,0.0,-25.08053970336914
197.59404516220093,0.0,167.141,0.0,-25.07366180419922
197.6261031627655,0.0,167.169,0.0,-25.068775177001953
197.6563732624054,0.0,167.142,0.0,-25.066482543945312
197.68911862373352,0.0,167.135,0.0,-25.061851501464844
197.72742414474487,0.0,167.053,0.0,-25.05850601196289
197.76202249526978,0.0,167.046,0.0,-25.051898956298828
197.79245352745056,0.0,167.018,0.0,-25.048734664916992
197.82257533073425,0.0,166.976,0.0,-25.04691505432129
197.85409569740295,0.0,166.941,0.0,-25.04360580444336
197.89517307281494,0.0,166.821,0.0,-25.03206443786621
197.9262182712555,0.0,166.75,0.0,-25.0253849029541
197.96171951293945,0.0,166.727,0.0,-25.012298583984375
197.9896957874298,0.0,166.697,0.0,-25.006576538085938
198.02351021766663,0.0,166.634,0.0,-24.999771118164062
198.06351590156555,0.0,166.545,0.0,-24.988731384277344
198.105694770813,0.0,166.494,0.0,-24.983055114746094
198.13814043998718,0.0,166.424,0.0,-24.971694946289062
198.16997051239014,0.0,166.381,0.0,-24.965635299682617
198.20174169540405,0.0,166.369,0.0,-24.959426879882812
198.2179775238037,0.0,166.322,0.0,-24.954408645629883
198.26012778282166,0.0,166.273,0.0,-24.948841094970703
198.2937912940979,0.0,166.254,0.0,-24.93822479248047
198.32590651512146,0.0,166.23,0.0,-24.934329986572266
198.3644208908081,0.0,166.205,0.0,-24.92693328857422
198.38952493667603,0.0,166.103,0.0,-24.92009162902832
198.42123866081238,0.0,165.98,0.0,-24.911754608154297
198.453697681427,0.0,165.95,0.0,-24.90373992919922
198.48640871047974,0.0,165.942,0.0,-24.891000747680664
198.51639080047607,0.0,165.953,0.0,-24.887454986572266
198.54797887802124,0.0,165.92,0.0,-24.883625030517578
198.57971382141113,0.0,165.878,0.0,-24.880577087402344
198.61257362365723,0.0,165.848,0.0,-24.87346076965332
198.64020085334778,0.0,165.819,0.0,-24.86968421936035
198.67143630981445,0.0,165.799,0.0,-24.866188049316406
198.70626759529114,0.0,165.708,0.0,-24.861391067504883
198.73756647109985,0.0,165.661,0.0,-24.854053497314453
198.77122139930725,0.0,165.578,0.0,-24.849327087402344
198.80709624290466,0.0,165.542,0.0,-24.84243392944336
198.82705354690552,0.0,165.491,0.0,-24.835844039916992
198.86261296272278,0.0,165.448,0.0,-24.821935653686523
198.902658700943,0.0,165.398,0.0,-24.815505981445312
198.93687796592712,0.0,165.389,0.0,-24.80575180053711
198.97451448440552,0.0,165.295,0.0,-24.801528930664062
198.99969863891602,0.0,165.244,0.0,-24.795766830444336
199.0324387550354,0.0,165.183,0.0,-24.789447784423828
199.0779128074646,0.0,165.097,0.0,-24.774499893188477
199.1140582561493,0.0,165.07,0.0,-24.761587142944336
199.14769673347473,0.0,164.994,0.0,-24.755661010742188
199.18711113929749,0.0,165.005,0.0,-24.745861053466797
199.22722339630127,0.0,164.913,0.0,-24.741390228271484
199.2640209197998,0.0,164.874,0.0,-24.730789184570312
199.29337978363037,0.0,164.828,0.0,-24.72498893737793
199.32428431510925,0.0,164.793,0.0,-24.719327926635742
199.35577917099,0.0,164.761,0.0,-24.71390151977539
199.3881139755249,0.0,164.724,0.0,-24.70638084411621
199.42027187347412,0.0,164.687,0.0,-24.70320701599121
199.44501042366028,0.0,164.65,0.0,-24.69947624206543
199.47616147994995,0.0,164.63,0.0,-24.6953067779541
199.50868558883667,0.0,164.608,0.0,-24.691511154174805
199.5412938594818,0.0,164.584,0.0,-24.685012817382812
199.57351446151733,0.0,164.53,0.0,-24.682390213012695
199.60565495491028,0.0,164.488,0.0,-24.67833709716797
199.63814091682434,0.0,164.443,0.0,-24.668426513671875
199.66142773628235,0.0,164.401,0.0,-24.662841796875
199.69464373588562,0.0,164.303,0.0,-24.657129287719727
199.71983432769775,0.0,164.303,0.0,-24.650482177734375
199.76397347450256,0.0,164.201,0.0,-24.63633155822754
199.79319405555725,0.0,164.17,0.0,-24.62959861755371
199.82458901405334,0.0,164.107,0.0,-24.622024536132812
199.8572804927826,0.0,164.007,0.0,-24.614770889282227
199.8869731426239,0.0,163.997,0.0,-24.600753784179688
199.91974711418152,0.0,163.985,0.0,-24.595775604248047
199.94570183753967,0.0,163.942,0.0,-24.590425491333008
199.97545528411865,0.0,163.9,0.0,-24.584827423095703
200.00002646446228,0.0,163.861,0.0,-24.57916259765625
200.0387477874756,0.0,163.785,0.0,-24.568260192871094
200.0783712863922,0.0,163.763,0.0,-24.56313705444336
200.1109299659729,0.0,163.694,0.0,-24.559476852416992
200.14849615097046,0.0,163.695,0.0,-24.55120086669922
200.17842650413513,0.0,163.665,0.0,-24.548255920410156
200.21551489830017,0.0,163.651,0.0,-24.542160034179688
200.24655532836914,0.0,163.569,0.0,-24.53795623779297
200.27261638641357,0.0,163.562,0.0,-24.53378677368164
200.30425477027893,0.0,163.536,0.0,-24.530521392822266
200.3351628780365,0.0,163.485,0.0,-24.52715492248535
200.36115670204163,0.0,163.451,0.0,-24.522655487060547
200.40243673324585,0.0,163.41,0.0,-24.51323699951172
200.4278748035431,0.0,163.4,0.0,-24.50946807861328
200.46427631378174,0.0,163.358,0.0,-24.502458572387695
200.49400925636292,0.0,163.325,0.0,-24.498275756835938
200.52495002746582,0.0,163.241,0.0,-24.4927978515625
200.55361938476562,0.0,163.23,0.0,-24.48774528503418
200.59583711624146,0.0,163.173,0.0,-24.47826385498047
200.64095973968506,0.0,163.068,0.0,-24.465042114257812
200.66630220413208,0.0,163.051,0.0,-24.459516525268555
200.69004797935486,0.0,163.014,0.0,-24.45394515991211
200.73095846176147,0.0,163.011,0.0,-24.449769973754883
200.75545859336853,0.0,162.961,0.0,-24.4447021484375
200.79491901397705,0.0,162.852,0.0,-24.434600830078125
200.82184553146362,0.0,162.81,0.0,-24.42917823791504
200.85433435440063,0.0,162.811,0.0,-24.423480987548828
200.89068579673767,0.0,162.773,0.0,-24.415386199951172
200.9151816368103,0.0,162.773,0.0,-24.412050247192383
200.94017624855042,0.0,162.721,0.0,-24.407669067382812
200.97636795043945,0.0,162.697,0.0,-24.404407501220703
201.0028793811798,0.0,162.637,0.0,-24.4011287689209
201.0317132472992,0.0,162.636,0.0,-24.39631462097168
201.07069087028503,0.0,162.578,0.0,-24.389259338378906
201.09624648094177,0.0,162.578,0.0,-24.3853759765625
201.12745547294617,0.0,162.485,0.0,-24.381053924560547
201.16886496543884,0.0,162.422,0.0,-24.368955612182617
201.21061491966248,0.0,162.344,0.0,-24.362764358520508
201.23626494407654,0.0,162.313,0.0,-24.356250762939453
201.2772135734558,0.0,162.229,0.0,-24.342191696166992
201.30404424667358,0.0,162.189,0.0,-24.334613800048828
201.33474016189575,0.0,162.121,0.0,-24.327186584472656
201.37546610832214,0.0,162.098,0.0,-24.315052032470703
201.41597056388855,0.0,162.062,0.0,-24.306415557861328
201.44443011283875,0.0,162.064,0.0,-24.303436279296875
201.47764253616333,0.0,161.994,0.0,-24.301414489746094
201.5103747844696,0.0,161.963,0.0,-24.297182083129883
201.54272770881653,0.0,161.836,0.0,-24.286527633666992
201.5743751525879,0.0,161.794,0.0,-24.279823303222656
201.60649824142456,0.0,161.776,0.0,-24.273143768310547
201.64055490493774,0.0,161.744,0.0,-24.262069702148438
201.67086148262024,0.0,161.689,0.0,-24.25617790222168
201.70325112342834,0.0,161.629,0.0,-24.251567840576172
201.74424052238464,0.0,161.617,0.0,-24.241052627563477
201.77573919296265,0.0,161.51,0.0,-24.23546600341797
201.8167073726654,0.0,161.526,0.0,-24.22523307800293
201.8528537750244,0.0,161.47,0.0,-24.221012115478516
201.89271020889282,0.0,161.452,0.0,-24.21367073059082
201.92616200447083,0.0,161.403,0.0,-24.20919418334961
201.95701813697815,0.0,161.352,0.0,-24.205995559692383
201.99162936210632,0.0,161.326,0.0,-24.197437286376953
202.02868390083313,0.0,161.317,0.0,-24.194061279296875
202.06088161468506,0.0,161.236,0.0,-24.189599990844727
202.092449426651,0.0,161.217,0.0,-24.181060791015625
202.15613174438477,0.0,161.104,0.0,-24.172927856445312
202.19700026512146,0.0,161.036,0.0,-24.163860321044922
202.22876381874084,0.0,161.041,0.0,-24.158246994018555
202.26030135154724,0.0,161.03,0.0,-24.15435791015625
202.2926836013794,0.0,160.947,0.0,-24.146650314331055
202.32178401947021,0.0,160.932,0.0,-24.142162322998047
202.35585570335388,0.0,160.904,0.0,-24.13829803466797
202.38833355903625,0.0,160.892,0.0,-24.134368896484375
202.41125178337097,0.0,160.848,0.0,-24.131061553955078
202.44328260421753,0.0,160.795,0.0,-24.12166404724121
202.47470045089722,0.0,160.718,0.0,-24.116594314575195
202.50619673728943,0.0,160.721,0.0,-24.110933303833008
202.53528785705566,0.0,160.663,0.0,-24.10692024230957
202.56240224838257,0.0,160.606,0.0,-24.10161781311035
202.59516549110413,0.0,160.594,0.0,-24.090267181396484
202.63000869750977,0.0,160.516,0.0,-24.085357666015625
202.66125178337097,0.0,160.456,0.0,-24.07975196838379
202.6929886341095,0.0,160.424,0.0,-24.066957473754883
202.72749209403992,0.0,160.431,0.0,-24.062726974487305
202.75920176506042,0.0,160.408,0.0,-24.05845832824707
202.79084873199463,0.0,160.374,0.0,-24.05242156982422
202.82211542129517,0.0,160.336,0.0,-24.050125122070312
202.85508942604065,0.0,160.319,0.0,-24.046995162963867
202.88659977912903,0.0,160.303,0.0,-24.04409408569336
202.91891145706177,0.0,160.265,0.0,-24.039430618286133
202.9475827217102,0.0,160.221,0.0,-24.03664779663086
202.97193789482117,0.0,160.219,0.0,-24.032859802246094
203.01299738883972,0.0,160.154,0.0,-24.030054092407227
203.04409408569336,0.0,160.125,0.0,-24.02071762084961
203.06520009040833,0.0,160.108,0.0,-24.016620635986328
203.10720014572144,0.0,160.026,0.0,-24.010848999023438
203.13306975364685,0.0,160.001,0.0,-24.005970001220703
203.17562794685364,0.0,159.94,0.0,-23.995759963989258
203.21739625930786,0.0,159.885,0.0,-23.985864639282227
203.27676844596863,0.0,159.793,0.0,-23.973981857299805
203.30764818191528,0.0,159.691,0.0,-23.967384338378906
203.3281490802765,0.0,159.691,0.0,-23.96013641357422
203.37478637695312,0.0,159.61,0.0,-23.946834564208984
203.41208362579346,0.0,159.554,0.0,-23.941089630126953
203.44509625434875,0.0,159.533,0.0,-23.930774688720703
203.4758460521698,0.0,159.515,0.0,-23.926815032958984
203.50415062904358,0.0,159.467,0.0,-23.92327117919922
203.53565311431885,0.0,159.414,0.0,-23.918781280517578
203.56743550300598,0.0,159.362,0.0,-23.90995979309082
203.59970378875732,0.0,159.363,0.0,-23.904870986938477
203.63100814819336,0.0,159.298,0.0,-23.9012393951416
203.66730165481567,0.0,159.25,0.0,-23.890117645263672
203.69571542739868,0.0,159.23,0.0,-23.885019302368164
203.7284483909607,0.0,159.227,0.0,-23.88129425048828
203.7599539756775,0.0,159.224,0.0,-23.878591537475586
203.79108834266663,0.0,159.225,0.0,-23.875394821166992
203.82328414916992,0.0,159.187,0.0,-23.873079299926758
203.85544967651367,0.0,159.095,0.0,-23.870418548583984
203.88730382919312,0.0,159.047,0.0,-23.865806579589844
203.91895198822021,0.0,158.988,0.0,-23.85403060913086
203.95193791389465,0.0,158.97,0.0,-23.848543167114258
203.98159956932068,0.0,158.967,0.0,-23.844406127929688
204.00552415847778,0.0,158.919,0.0,-23.83942413330078
204.03806138038635,0.0,158.849,0.0,-23.834503173828125
204.07018947601318,0.0,158.817,0.0,-23.82677459716797
204.10204601287842,0.0,158.8,0.0,-23.822446823120117
204.13349270820618,0.0,158.758,0.0,-23.818618774414062
204.16692876815796,0.0,158.718,0.0,-23.8107967376709
204.19854593276978,0.0,158.689,0.0,-23.80685806274414
204.23070573806763,0.0,158.635,0.0,-23.80282211303711
204.26226449012756,0.0,158.63,0.0,-23.797657012939453
204.2946548461914,0.0,158.61,0.0,-23.789993286132812
204.32759523391724,0.0,158.599,0.0,-23.786991119384766
204.3601176738739,0.0,158.524,0.0,-23.784809112548828
204.39108037948608,0.0,158.516,0.0,-23.780189514160156
204.42409753799438,0.0,158.458,0.0,-23.771419525146484
204.4559097290039,0.0,158.381,0.0,-23.765567779541016
204.48802947998047,0.0,158.345,0.0,-23.760173797607422
204.51948857307434,0.0,158.293,0.0,-23.74854278564453
204.55228185653687,0.0,158.257,0.0,-23.742496490478516
204.57751393318176,0.0,158.214,0.0,-23.736257553100586
204.60909485816956,0.0,158.226,0.0,-23.73218536376953
204.64099073410034,0.0,158.129,0.0,-23.72647476196289
204.6736466884613,0.0,158.09,0.0,-23.715476989746094
204.70604062080383,0.0,158.069,0.0,-23.711421966552734
204.74606943130493,0.0,158.035,0.0,-23.70488166809082
204.7694902420044,0.0,158.035,0.0,-23.701679229736328
204.79676485061646,0.0,158.017,0.0,-23.69915199279785
204.82906579971313,0.0,158.021,0.0,-23.696971893310547
204.86083054542542,0.0,157.936,0.0,-23.695682525634766
204.89320874214172,0.0,157.927,0.0,-23.68780517578125
204.92355394363403,0.0,157.841,0.0,-23.682350158691406
204.95624780654907,0.0,157.826,0.0,-23.67767333984375
204.9872863292694,0.0,157.759,0.0,-23.673646926879883
205.0200798511505,0.0,157.724,0.0,-23.662277221679688
205.0520143508911,0.0,157.676,0.0,-23.656112670898438
205.08391070365906,0.0,157.632,0.0,-23.650278091430664
205.11139822006226,0.0,157.615,0.0,-23.645462036132812
205.1445188522339,0.0,157.608,0.0,-23.637971878051758
205.179016828537,0.0,157.523,0.0,-23.632095336914062
205.2079360485077,0.0,157.499,0.0,-23.626781463623047
205.24560594558716,0.0,157.452,0.0,-23.61745834350586
205.27300810813904,0.0,157.445,0.0,-23.613933563232422
205.3055784702301,0.0,157.389,0.0,-23.609102249145508
205.337393283844,0.0,157.34,0.0,-23.605606079101562
205.3702929019928,0.0,157.239,0.0,-23.59648895263672
205.41065192222595,0.0,157.242,0.0,-23.590274810791016
205.44522547721863,0.0,157.179,0.0,-23.580678939819336
205.46961116790771,0.0,157.179,0.0,-23.576265335083008
205.49906849861145,0.0,157.122,0.0,-23.573183059692383
205.53198671340942,0.0,157.112,0.0,-23.568565368652344
205.564129114151,0.0,157.065,0.0,-23.564815521240234
205.59608602523804,0.0,157.037,0.0,-23.555660247802734
205.62734532356262,0.0,157.013,0.0,-23.55152130126953
205.65682721138,0.0,156.983,0.0,-23.548431396484375
205.68944001197815,0.0,156.96,0.0,-23.54501724243164
205.72188711166382,0.0,156.978,0.0,-23.540014266967773
205.75456547737122,0.0,156.944,0.0,-23.53754997253418
205.78671407699585,0.0,156.948,0.0,-23.53644371032715
205.81912517547607,0.0,156.906,0.0,-23.532974243164062
205.85072207450867,0.0,156.874,0.0,-23.52996253967285
205.88254117965698,0.0,156.823,0.0,-23.525676727294922
205.91528391838074,0.0,156.76,0.0,-23.520864486694336
205.9475474357605,0.0,156.707,0.0,-23.513826370239258
205.97869849205017,0.0,156.68,0.0,-23.509078979492188
206.0113718509674,0.0,156.613,0.0,-23.504467010498047
206.04348802566528,0.0,156.598,0.0,-23.49307632446289
206.0756802558899,0.0,156.521,0.0,-23.48703384399414
206.10710191726685,0.0,156.513,0.0,-23.4815673828125
206.14508152008057,0.0,156.478,0.0,-23.472627639770508
206.17681789398193,0.0,156.442,0.0,-23.469173431396484
206.20795011520386,0.0,156.41,0.0,-23.465341567993164
206.24010729789734,0.0,156.387,0.0,-23.461257934570312
206.27186131477356,0.0,156.368,0.0,-23.45376205444336
206.30420470237732,0.0,156.36,0.0,-23.450111389160156
206.33626127243042,0.0,156.305,0.0,-23.44826316833496
206.37045741081238,0.0,156.248,0.0,-23.43982696533203
206.40093970298767,0.0,156.201,0.0,-23.43426513671875
206.43328857421875,0.0,156.114,0.0,-23.426525115966797
206.4660303592682,0.0,156.093,0.0,-23.42034339904785
206.49636220932007,0.0,156.084,0.0,-23.411325454711914
206.53012323379517,0.0,156.061,0.0,-23.40749740600586
206.56093001365662,0.0,156.017,0.0,-23.404773712158203
206.59627151489258,0.0,155.972,0.0,-23.397607803344727
206.62536787986755,0.0,155.95,0.0,-23.394075393676758
206.65616154670715,0.0,155.939,0.0,-23.390644073486328
206.70925164222717,0.0,155.885,0.0,-23.38446617126465
206.74064373970032,0.0,155.848,0.0,-23.381132125854492
206.77314376831055,0.0,155.798,0.0,-23.373504638671875
206.80470395088196,0.0,155.77,0.0,-23.369630813598633
206.83721709251404,0.0,155.743,0.0,-23.36566734313965
206.87149596214294,0.0,155.738,0.0,-23.35858726501465
206.90975832939148,0.0,155.684,0.0,-23.354433059692383
206.9437551498413,0.0,155.654,0.0,-23.347524642944336
206.9750075340271,0.0,155.605,0.0,-23.34288215637207
207.0068039894104,0.0,155.597,0.0,-23.339160919189453
207.0391948223114,0.0,155.489,0.0,-23.33510398864746
207.07083654403687,0.0,155.467,0.0,-23.323606491088867
207.1025652885437,0.0,155.441,0.0,-23.318544387817383
207.13429951667786,0.0,155.41,0.0,-23.31355094909668
207.16476225852966,0.0,155.372,0.0,-23.308319091796875
207.1965479850769,0.0,155.327,0.0,-23.301780700683594
207.22677397727966,0.0,155.332,0.0,-23.298011779785156
207.2589991092682,0.0,155.3,0.0,-23.295530319213867
207.29069352149963,0.0,155.261,0.0,-23.292484283447266
207.32248258590698,0.0,155.16,0.0,-23.28376579284668
207.3553614616394,0.0,155.109,0.0,-23.27814292907715
207.38755011558533,0.0,155.076,0.0,-23.271869659423828
207.42062854766846,0.0,155.069,0.0,-23.261146545410156
207.45257782936096,0.0,155.052,0.0,-23.25798988342285
207.48529171943665,0.0,155.035,0.0,-23.25481605529785
207.5228168964386,0.0,155.0,0.0,-23.24835777282715
207.55456972122192,0.0,154.948,0.0,-23.24447250366211
207.58742570877075,0.0,154.913,0.0,-23.240888595581055
207.61140537261963,0.0,154.891,0.0,-23.23686408996582
207.64286303520203,0.0,154.863,0.0,-23.233043670654297
207.67521381378174,0.0,154.849,0.0,-23.225732803344727
207.70817947387695,0.0,154.84,0.0,-23.22294044494629
207.73908591270447,0.0,154.774,0.0,-23.219940185546875
207.77638387680054,0.0,154.724,0.0,-23.21124267578125
207.8089361190796,0.0,154.71,0.0,-23.207101821899414
207.84076976776123,0.0,154.694,0.0,-23.20343780517578
207.87235021591187,0.0,154.682,0.0,-23.198862075805664
207.90466785430908,0.0,154.649,0.0,-23.197174072265625
207.93746972084045,0.0,154.607,0.0,-23.194677352905273
207.95277452468872,0.0,154.574,0.0,-23.19116973876953
207.98389530181885,0.0,154.561,0.0,-23.187255859375
208.01673221588135,0.0,154.538,0.0,-23.183868408203125
208.04890060424805,0.0,154.506,0.0,-23.17668342590332
208.08108711242676,0.0,154.42,0.0,-23.172136306762695
208.1140580177307,0.0,154.387,0.0,-23.167003631591797
208.14840722084045,0.0,154.366,0.0,-23.157167434692383
208.17827987670898,0.0,154.354,0.0,-23.15325164794922
208.20999002456665,0.0,154.28,0.0,-23.148876190185547
208.24393224716187,0.0,154.25,0.0,-23.144145965576172
208.27150225639343,0.0,154.224,0.0,-23.134918212890625
208.3028700351715,0.0,154.141,0.0,-23.128150939941406
208.3357982635498,0.0,154.121,0.0,-23.122299194335938
208.36791443824768,0.0,154.109,0.0,-23.11728858947754
208.40331315994263,0.0,154.106,0.0,-23.111312866210938
208.43118262290955,0.0,154.087,0.0,-23.10957145690918
208.46485376358032,0.0,154.058,0.0,-23.107646942138672
208.49479627609253,0.0,154.023,0.0,-23.105152130126953
208.52745532989502,0.0,154.006,0.0,-23.100656509399414
208.5598373413086,0.0,153.96,0.0,-23.098155975341797
208.59286260604858,0.0,153.92,0.0,-23.094478607177734
208.62470173835754,0.0,153.868,0.0,-23.084793090820312
208.65621280670166,0.0,153.858,0.0,-23.07938003540039
208.6888644695282,0.0,153.832,0.0,-23.076444625854492
208.72055053710938,0.0,153.825,0.0,-23.073284149169922
208.75299072265625,0.0,153.791,0.0,-23.067546844482422
208.78428983688354,0.0,153.736,0.0,-23.06346321105957
208.82387113571167,0.0,153.691,0.0,-23.055614471435547
208.85233736038208,0.0,153.666,0.0,-23.051372528076172
208.8848054409027,0.0,153.682,0.0,-23.048961639404297
208.91755747795105,0.0,153.599,0.0,-23.045148849487305
208.9580705165863,0.0,153.55,0.0,-23.03601837158203
208.9984483718872,0.0,153.467,0.0,-23.024402618408203
209.0308530330658,0.0,153.437,0.0,-23.020275115966797
209.0612199306488,0.0,153.432,0.0,-23.016036987304688
209.0931854248047,0.0,153.404,0.0,-23.012767791748047
209.1262276172638,0.0,153.392,0.0,-23.00620460510254
209.15621972084045,0.0,153.349,0.0,-23.004121780395508
209.19181752204895,0.0,153.35,0.0,-23.00090980529785
209.2214903831482,0.0,153.334,0.0,-22.996458053588867
209.2534260749817,0.0,153.22,0.0,-22.992294311523438
209.2844843864441,0.0,153.16,0.0,-22.98712158203125
209.3179430961609,0.0,153.11,0.0,-22.980796813964844
209.3528470993042,0.0,153.098,0.0,-22.968463897705078
209.3845775127411,0.0,153.079,0.0,-22.96414566040039
209.41625213623047,0.0,153.054,0.0,-22.96048355102539
209.4485239982605,0.0,153.001,0.0,-22.95199203491211
209.48077750205994,0.0,152.963,0.0,-22.946876525878906
209.5144431591034,0.0,152.924,0.0,-22.941383361816406
209.54880785942078,0.0,152.912,0.0,-22.9342041015625
209.5784306526184,0.0,152.868,0.0,-22.930042266845703
209.60910367965698,0.0,152.84,0.0,-22.925872802734375
209.64200639724731,0.0,152.796,0.0,-22.922874450683594
209.67246985435486,0.0,152.741,0.0,-22.913494110107422
209.70713591575623,0.0,152.712,0.0,-22.909807205200195
209.74983310699463,0.0,152.674,0.0,-22.901615142822266
209.77968311309814,0.0,152.62,0.0,-22.89776039123535
209.81130027770996,0.0,152.562,0.0,-22.893447875976562
209.82795667648315,0.0,152.564,0.0,-22.887897491455078
209.8597869873047,0.0,152.538,0.0,-22.883914947509766
209.89206457138062,0.0,152.517,0.0,-22.87997055053711
209.92712020874023,0.0,152.511,0.0,-22.873363494873047
209.96020603179932,0.0,152.487,0.0,-22.871007919311523
209.99204277992249,0.0,152.461,0.0,-22.868728637695312
210.025057554245,0.0,152.438,0.0,-22.86327362060547
210.0566017627716,0.0,152.407,0.0,-22.859996795654297
210.08895468711853,0.0,152.413,0.0,-22.8576602935791
210.121328830719,0.0,152.378,0.0,-22.856298446655273
210.15347838401794,0.0,152.369,0.0,-22.851953506469727
210.18496680259705,0.0,152.316,0.0,-22.848350524902344
210.21704626083374,0.0,152.29,0.0,-22.84573745727539
210.2512331008911,0.0,152.227,0.0,-22.83905792236328
210.28001642227173,0.0,152.198,0.0,-22.835329055786133
210.31167101860046,0.0,152.167,0.0,-22.83139991760254
210.34351515769958,0.0,152.142,0.0,-22.82723617553711
210.37700819969177,0.0,152.081,0.0,-22.818313598632812
210.42606830596924,0.0,152.035,0.0,-22.80901336669922
210.46268391609192,0.0,151.985,0.0,-22.80405044555664
210.49281358718872,0.0,151.974,0.0,-22.799570083618164
210.52487063407898,0.0,151.938,0.0,-22.791658401489258
210.556734085083,0.0,151.942,0.0,-22.788793563842773
210.5896599292755,0.0,151.861,0.0,-22.784555435180664
210.6211199760437,0.0,151.827,0.0,-22.780303955078125
210.65344858169556,0.0,151.837,0.0,-22.772926330566406
210.68571400642395,0.0,151.789,0.0,-22.768901824951172
210.71790528297424,0.0,151.728,0.0,-22.763431549072266
210.7496144771576,0.0,151.672,0.0,-22.754825592041016
210.78184175491333,0.0,151.688,0.0,-22.750823974609375
210.8135998249054,0.0,151.655,0.0,-22.748613357543945
210.84632229804993,0.0,151.637,0.0,-22.7457275390625
210.87737250328064,0.0,151.591,0.0,-22.739398956298828
210.91111063957214,0.0,151.556,0.0,-22.73651695251465
210.94479656219482,0.0,151.546,0.0,-22.733016967773438
210.97667264938354,0.0,151.497,0.0,-22.7259521484375
211.0087649822235,0.0,151.417,0.0,-22.72118377685547
211.04039573669434,0.0,151.387,0.0,-22.716094970703125
211.07330012321472,0.0,151.395,0.0,-22.707782745361328
211.1111240386963,0.0,151.37,0.0,-22.704666137695312
211.15349078178406,0.0,151.36,0.0,-22.700010299682617
211.17750024795532,0.0,151.327,0.0,-22.697154998779297
211.21812272071838,0.0,151.257,0.0,-22.69337272644043
211.25013875961304,0.0,151.214,0.0,-22.68482208251953
211.28232383728027,0.0,151.188,0.0,-22.680334091186523
211.31308150291443,0.0,151.171,0.0,-22.676347732543945
211.34554767608643,0.0,151.138,0.0,-22.67258071899414
211.3770980834961,0.0,151.114,0.0,-22.667463302612305
211.40814995765686,0.0,151.068,0.0,-22.66478729248047
211.44002866744995,0.0,151.018,0.0,-22.66097640991211
211.47586393356323,0.0,150.984,0.0,-22.651121139526367
211.5068805217743,0.0,150.947,0.0,-22.647119522094727
211.53908896446228,0.0,150.957,0.0,-22.643007278442383
211.57095861434937,0.0,150.937,0.0,-22.640445709228516
211.60221457481384,0.0,150.869,0.0,-22.633134841918945
211.6345179080963,0.0,150.807,0.0,-22.629283905029297
211.66694951057434,0.0,150.805,0.0,-22.624319076538086
211.69985508918762,0.0,150.81,0.0,-22.618125915527344
211.7319357395172,0.0,150.778,0.0,-22.61507225036621
211.76347517967224,0.0,150.713,0.0,-22.611814498901367
211.79685187339783,0.0,150.697,0.0,-22.607851028442383
211.82815408706665,0.0,150.677,0.0,-22.600921630859375
211.86848211288452,0.0,150.608,0.0,-22.598201751708984
211.90138363838196,0.0,150.564,0.0,-22.588537216186523
211.93314671516418,0.0,150.52,0.0,-22.582902908325195
211.96522784233093,0.0,150.47,0.0,-22.576648712158203
211.9950873851776,0.0,150.485,0.0,-22.572023391723633
212.0194971561432,0.0,150.475,0.0,-22.569292068481445
212.0521330833435,0.0,150.428,0.0,-22.56354522705078
212.08436942100525,0.0,150.4,0.0,-22.560972213745117
212.11733102798462,0.0,150.382,0.0,-22.558008193969727
212.1496102809906,0.0,150.366,0.0,-22.55247688293457
212.18124389648438,0.0,150.307,0.0,-22.549419403076172
212.21376514434814,0.0,150.275,0.0,-22.545940399169922
212.24622297286987,0.0,150.272,0.0,-22.542095184326172
212.27822875976562,0.0,150.256,0.0,-22.536447525024414
212.3092439174652,0.0,150.267,0.0,-22.534725189208984
212.342022895813,0.0,150.235,0.0,-22.53382682800293
212.37226271629333,0.0,150.201,0.0,-22.53196144104004
212.40477657318115,0.0,150.169,0.0,-22.525981903076172
212.43616890907288,0.0,150.117,0.0,-22.521427154541016
212.45315074920654,0.0,150.109,0.0,-22.51773452758789
212.48543405532837,0.0,150.077,0.0,-22.51370620727539
212.52668285369873,0.0,150.044,0.0,-22.506654739379883
212.5665147304535,0.0,150.025,0.0,-22.50347328186035
212.60075426101685,0.0,150.017,0.0,-22.49951934814453
212.6314458847046,0.0,150.008,0.0,-22.498136520385742
212.66479516029358,0.0,149.963,0.0,-22.496850967407227
212.69628310203552,0.0,149.949,0.0,-22.494121551513672
212.7280900478363,0.0,149.887,0.0,-22.488414764404297
212.76066255569458,0.0,149.891,0.0,-22.484861373901367
212.79301285743713,0.0,149.841,0.0,-22.48243522644043
212.8242528438568,0.0,149.788,0.0,-22.478612899780273
212.85589575767517,0.0,149.664,0.0,-22.466753005981445
212.88775944709778,0.0,149.632,0.0,-22.459537506103516
212.9198112487793,0.0,149.646,0.0,-22.452800750732422
212.95240688323975,0.0,149.676,0.0,-22.44642448425293
212.98347973823547,0.0,149.657,0.0,-22.444320678710938
213.01533675193787,0.0,149.617,0.0,-22.443099975585938
213.06087040901184,0.0,149.594,0.0,-22.4376277923584
213.0916039943695,0.0,149.527,0.0,-22.434066772460938
213.12517404556274,0.0,149.464,0.0,-22.4248046875
213.1558153629303,0.0,149.432,0.0,-22.41944694519043
213.188707113266,0.0,149.401,0.0,-22.414196014404297
213.22089433670044,0.0,149.373,0.0,-22.409788131713867
213.26133728027344,0.0,149.364,0.0,-22.403194427490234
213.28645205497742,0.0,149.329,0.0,-22.4008846282959
213.32517194747925,0.0,149.276,0.0,-22.395191192626953
213.35801005363464,0.0,149.253,0.0,-22.39158058166504
213.38891220092773,0.0,149.234,0.0,-22.388011932373047
213.42109537124634,0.0,149.23,0.0,-22.3846435546875
213.45367217063904,0.0,149.216,0.0,-22.37965965270996
213.4859390258789,0.0,149.197,0.0,-22.37718963623047
213.51684880256653,0.0,149.185,0.0,-22.375457763671875
213.54926538467407,0.0,149.172,0.0,-22.373788833618164
213.57823061943054,0.0,149.146,0.0,-22.36989974975586
213.6194417476654,0.0,149.109,0.0,-22.367460250854492
213.65282654762268,0.0,149.095,0.0,-22.362768173217773
213.6843137741089,0.0,149.102,0.0,-22.36144256591797
213.71650195121765,0.0,149.062,0.0,-22.358884811401367
213.74829745292664,0.0,149.005,0.0,-22.356672286987305
213.78149318695068,0.0,148.982,0.0,-22.349498748779297
213.81296300888062,0.0,148.938,0.0,-22.34686851501465
213.84582495689392,0.0,148.922,0.0,-22.343135833740234
213.87802243232727,0.0,148.884,0.0,-22.336448669433594
213.9093017578125,0.0,148.877,0.0,-22.333269119262695
213.9412341117859,0.0,148.826,0.0,-22.330673217773438
213.97383546829224,0.0,148.793,0.0,-22.326679229736328
214.00733518600464,0.0,148.708,0.0,-22.316875457763672
214.04100012779236,0.0,148.698,0.0,-22.311542510986328
214.0807602405548,0.0,148.687,0.0,-22.303518295288086
214.11290836334229,0.0,148.659,0.0,-22.29999542236328
214.1434326171875,0.0,148.622,0.0,-22.297163009643555
214.1764314174652,0.0,148.594,0.0,-22.293603897094727
214.2092182636261,0.0,148.587,0.0,-22.286855697631836
214.24073839187622,0.0,148.554,0.0,-22.283329010009766
214.2730405330658,0.0,148.476,0.0,-22.279611587524414
214.30514192581177,0.0,148.422,0.0,-22.26903533935547
214.33792757987976,0.0,148.369,0.0,-22.262535095214844
214.36932349205017,0.0,148.35,0.0,-22.257709503173828
214.40113425254822,0.0,148.343,0.0,-22.253389358520508
214.4328691959381,0.0,148.311,0.0,-22.24747085571289
214.46582126617432,0.0,148.274,0.0,-22.244468688964844
214.49747514724731,0.0,148.262,0.0,-22.24079704284668
214.53017711639404,0.0,148.211,0.0,-22.235048294067383
214.5623004436493,0.0,148.193,0.0,-22.231464385986328
214.57882452011108,0.0,148.193,0.0,-22.228132247924805
214.6099729537964,0.0,148.114,0.0,-22.224281311035156
214.6420385837555,0.0,148.132,0.0,-22.219648361206055
214.67444324493408,0.0,148.125,0.0,-22.217018127441406
214.71944212913513,0.0,148.095,0.0,-22.213638305664062
214.75426745414734,0.0,148.07,0.0,-22.208772659301758
214.7837998867035,0.0,148.051,0.0,-22.20612907409668
214.81656551361084,0.0,148.034,0.0,-22.2047176361084
214.84884667396545,0.0,148.014,0.0,-22.202617645263672
214.88127517700195,0.0,147.969,0.0,-22.19680404663086
214.91249537467957,0.0,147.947,0.0,-22.193323135375977
214.94504189491272,0.0,147.945,0.0,-22.19070816040039
214.98111033439636,0.0,147.924,0.0,-22.18547821044922
215.00998950004578,0.0,147.884,0.0,-22.184236526489258
215.04190278053284,0.0,147.851,0.0,-22.181751251220703
215.07302689552307,0.0,147.822,0.0,-22.178592681884766
215.10588192939758,0.0,147.806,0.0,-22.171340942382812
215.13775420188904,0.0,147.787,0.0,-22.169109344482422
215.1806390285492,0.0,147.778,0.0,-22.164682388305664
215.21922159194946,0.0,147.653,0.0,-22.160049438476562
215.2480263710022,0.0,147.653,0.0,-22.15456199645996
215.2800657749176,0.0,147.606,0.0,-22.1455135345459
215.31343150138855,0.0,147.584,0.0,-22.14142608642578
215.34381318092346,0.0,147.547,0.0,-22.137939453125
215.37527322769165,0.0,147.532,0.0,-22.133869171142578
215.408353805542,0.0,147.539,0.0,-22.127967834472656
215.4400453567505,0.0,147.523,0.0,-22.125694274902344
215.48064875602722,0.0,147.47,0.0,-22.12034797668457
215.5129954814911,0.0,147.447,0.0,-22.117130279541016
215.54639220237732,0.0,147.431,0.0,-22.114139556884766
215.57602787017822,0.0,147.407,0.0,-22.111114501953125
215.60915303230286,0.0,147.353,0.0,-22.1073055267334
215.64230799674988,0.0,147.332,0.0,-22.103933334350586
215.67355465888977,0.0,147.294,0.0,-22.100605010986328
215.7052857875824,0.0,147.264,0.0,-22.09239959716797
215.74266052246094,0.0,147.269,0.0,-22.088943481445312
215.77504515647888,0.0,147.24,0.0,-22.0870304107666
215.80869579315186,0.0,147.209,0.0,-22.082584381103516
215.83974409103394,0.0,147.17,0.0,-22.080087661743164
215.87249898910522,0.0,147.157,0.0,-22.076677322387695
215.90624284744263,0.0,147.118,0.0,-22.069835662841797
215.93698835372925,0.0,147.119,0.0,-22.06708526611328
215.9556393623352,0.0,147.077,0.0,-22.063358306884766
215.98469519615173,0.0,147.054,0.0,-22.05967140197754
216.01750993728638,0.0,147.009,0.0,-22.055097579956055
216.049170255661,0.0,146.947,0.0,-22.05021858215332
216.0818612575531,0.0,146.926,0.0,-22.04119873046875
216.12205028533936,0.0,146.895,0.0,-22.036733627319336
216.14816737174988,0.0,146.879,0.0,-22.033470153808594
216.18098998069763,0.0,146.881,0.0,-22.02765464782715
216.21214127540588,0.0,146.836,0.0,-22.026424407958984
216.2382984161377,0.0,146.838,0.0,-22.023761749267578
216.27920746803284,0.0,146.86,0.0,-22.021665573120117
216.31183218955994,0.0,146.867,0.0,-22.021053314208984
216.3434603214264,0.0,146.833,0.0,-22.02157211303711
216.37505912780762,0.0,146.81,0.0,-22.020687103271484
216.4082314968109,0.0,146.743,0.0,-22.01531219482422
216.43994975090027,0.0,146.692,0.0,-22.01073455810547
216.470805644989,0.0,146.659,0.0,-22.00691032409668
216.5047538280487,0.0,146.626,0.0,-21.998220443725586
216.53631615638733,0.0,146.593,0.0,-21.993518829345703
216.56769442558289,0.0,146.549,0.0,-21.989748001098633
216.59965991973877,0.0,146.513,0.0,-21.985441207885742
216.63240790367126,0.0,146.452,0.0,-21.97476577758789
216.66419053077698,0.0,146.463,0.0,-21.970766067504883
216.6971731185913,0.0,146.426,0.0,-21.966304779052734
216.72803711891174,0.0,146.432,0.0,-21.963212966918945
216.7603087425232,0.0,146.393,0.0,-21.959646224975586
216.7937605381012,0.0,146.385,0.0,-21.957067489624023
216.82594919204712,0.0,146.314,0.0,-21.954914093017578
216.8563961982727,0.0,146.286,0.0,-21.945974349975586
216.89349389076233,0.0,146.265,0.0,-21.941984176635742
216.92505192756653,0.0,146.27,0.0,-21.93890953063965
216.9581642150879,0.0,146.253,0.0,-21.934850692749023
216.98923635482788,0.0,146.196,0.0,-21.93224334716797
217.0219271183014,0.0,146.161,0.0,-21.929180145263672
217.05702137947083,0.0,146.147,0.0,-21.922250747680664
217.0855152606964,0.0,146.107,0.0,-21.918222427368164
217.1171190738678,0.0,146.051,0.0,-21.913599014282227
217.14933037757874,0.0,146.037,0.0,-21.909526824951172
217.1808886528015,0.0,145.999,0.0,-21.901805877685547
217.21213173866272,0.0,145.984,0.0,-21.898136138916016
217.2440905570984,0.0,145.959,0.0,-21.894433975219727
217.27636885643005,0.0,145.928,0.0,-21.890748977661133
217.30653023719788,0.0,145.902,0.0,-21.884601593017578
217.34374117851257,0.0,145.886,0.0,-21.881643295288086
217.37500286102295,0.0,145.867,0.0,-21.879539489746094
217.40813326835632,0.0,145.836,0.0,-21.87480926513672
217.44023156166077,0.0,145.827,0.0,-21.8726806640625
217.4723494052887,0.0,145.817,0.0,-21.870824813842773
217.5078001022339,0.0,145.806,0.0,-21.867521286010742
217.54509353637695,0.0,145.775,0.0,-21.865882873535156
217.57015919685364,0.0,145.77,0.0,-21.864009857177734
217.60136818885803,0.0,145.778,0.0,-21.86249542236328
217.63296627998352,0.0,145.751,0.0,-21.860265731811523
217.66547560691833,0.0,145.676,0.0,-21.857946395874023
217.69670581817627,0.0,145.628,0.0,-21.85439109802246
217.73314690589905,0.0,145.607,0.0,-21.845426559448242
217.76104760169983,0.0,145.56,0.0,-21.840248107910156
217.79351949691772,0.0,145.551,0.0,-21.836017608642578
217.81734013557434,0.0,145.503,0.0,-21.830886840820312
217.85516905784607,0.0,145.487,0.0,-21.822898864746094
217.88659143447876,0.0,145.5,0.0,-21.821128845214844
217.91833972930908,0.0,145.498,0.0,-21.819847106933594
217.95088982582092,0.0,145.467,0.0,-21.819734573364258
217.98338842391968,0.0,145.465,0.0,-21.81643295288086
218.01478672027588,0.0,145.472,0.0,-21.815444946289062
218.0469307899475,0.0,145.439,0.0,-21.815114974975586
218.0786726474762,0.0,145.425,0.0,-21.81360626220703
218.1113202571869,0.0,145.316,0.0,-21.808570861816406
218.14277505874634,0.0,145.295,0.0,-21.80375099182129
218.17492127418518,0.0,145.286,0.0,-21.799270629882812
218.2074840068817,0.0,145.265,0.0,-21.791963577270508
218.239018201828,0.0,145.238,0.0,-21.788822174072266
218.2786042690277,0.0,145.217,0.0,-21.78591537475586
218.31694531440735,0.0,145.213,0.0,-21.78061294555664
218.34398746490479,0.0,145.175,0.0,-21.77800178527832
218.38600516319275,0.0,145.14,0.0,-21.772245407104492
218.41770315170288,0.0,145.091,0.0,-21.767820358276367
218.4495198726654,0.0,145.013,0.0,-21.76266098022461
218.48198986053467,0.0,144.996,0.0,-21.75286865234375
218.51464653015137,0.0,144.972,0.0,-21.74849510192871
218.53125,0.0,144.932,0.0,-21.745290756225586
218.56293845176697,0.0,144.909,0.0,-21.741313934326172
218.59595131874084,0.0,144.906,0.0,-21.737455368041992
218.62742114067078,0.0,144.883,0.0,-21.734529495239258
218.65999579429626,0.0,144.85,0.0,-21.728809356689453
218.6920325756073,0.0,144.809,0.0,-21.726036071777344
218.72466492652893,0.0,144.785,0.0,-21.722347259521484
218.75689792633057,0.0,144.764,0.0,-21.715112686157227
218.78693866729736,0.0,144.743,0.0,-21.71296501159668
218.81983280181885,0.0,144.733,0.0,-21.710180282592773
218.8511679172516,0.0,144.728,0.0,-21.707780838012695
218.87839007377625,0.0,144.714,0.0,-21.70588493347168
218.90885734558105,0.0,144.717,0.0,-21.702829360961914
218.94148802757263,0.0,144.71,0.0,-21.7017879486084
218.9704668521881,0.0,144.679,0.0,-21.700502395629883
219.01190614700317,0.0,144.641,0.0,-21.696346282958984
219.04497241973877,0.0,144.601,0.0,-21.692764282226562
219.07477355003357,0.0,144.503,0.0,-21.688369750976562
219.10856342315674,0.0,144.474,0.0,-21.677364349365234
219.13907504081726,0.0,144.46,0.0,-21.673351287841797
219.17146396636963,0.0,144.484,0.0,-21.669828414916992
219.20387196540833,0.0,144.474,0.0,-21.668283462524414
219.23620128631592,0.0,144.448,0.0,-21.66600799560547
219.26732635498047,0.0,144.41,0.0,-21.664304733276367
219.29844117164612,0.0,144.384,0.0,-21.66153907775879
219.33397459983826,0.0,144.325,0.0,-21.65373992919922
219.3629596233368,0.0,144.283,0.0,-21.64986801147461
219.39437198638916,0.0,144.288,0.0,-21.645645141601562
219.4216878414154,0.0,144.302,0.0,-21.642751693725586
219.45391941070557,0.0,144.276,0.0,-21.641263961791992
219.48543977737427,0.0,144.236,0.0,-21.63604736328125
219.5178873538971,0.0,144.205,0.0,-21.632474899291992
219.5508530139923,0.0,144.116,0.0,-21.627769470214844
219.58433032035828,0.0,144.066,0.0,-21.61676597595215
219.61467909812927,0.0,144.05,0.0,-21.611717224121094
219.6464159488678,0.0,144.057,0.0,-21.608291625976562
219.68659949302673,0.0,144.059,0.0,-21.604816436767578
219.7106213569641,0.0,144.012,0.0,-21.60359001159668
219.74270176887512,0.0,143.965,0.0,-21.600839614868164
219.7753849029541,0.0,143.948,0.0,-21.596904754638672
219.80942797660828,0.0,143.928,0.0,-21.59024429321289
219.83834385871887,0.0,143.922,0.0,-21.587661743164062
219.87021160125732,0.0,143.906,0.0,-21.585582733154297
219.90248131752014,0.0,143.876,0.0,-21.583467483520508
219.92817616462708,0.0,143.836,0.0,-21.580734252929688
219.95389080047607,0.0,143.83,0.0,-21.577098846435547
219.98583722114563,0.0,143.764,0.0,-21.5693416595459
220.01825284957886,0.0,143.713,0.0,-21.565078735351562
220.049987077713,0.0,143.71,0.0,-21.560482025146484
220.08145260810852,0.0,143.675,0.0,-21.556976318359375
220.11372542381287,0.0,143.664,0.0,-21.549591064453125
220.14544987678528,0.0,143.663,0.0,-21.547117233276367
220.17766427993774,0.0,143.64,0.0,-21.54429054260254
220.21027779579163,0.0,143.621,0.0,-21.540325164794922
220.24342107772827,0.0,143.637,0.0,-21.539554595947266
220.27399611473083,0.0,143.616,0.0,-21.538236618041992
220.30611038208008,0.0,143.574,0.0,-21.537370681762695
220.33880758285522,0.0,143.563,0.0,-21.533748626708984
220.36974835395813,0.0,143.546,0.0,-21.532102584838867
220.39636611938477,0.0,143.541,0.0,-21.530250549316406
220.42891311645508,0.0,143.531,0.0,-21.52873992919922
220.4609158039093,0.0,143.515,0.0,-21.525686264038086
220.48592329025269,0.0,143.515,0.0,-21.524494171142578
220.52545070648193,0.0,143.494,0.0,-21.52251434326172
220.55880498886108,0.0,143.463,0.0,-21.51934051513672
220.591078042984,0.0,143.399,0.0,-21.515974044799805
220.6222951412201,0.0,143.326,0.0,-21.51268768310547
220.6540777683258,0.0,143.307,0.0,-21.507198333740234
220.68559527397156,0.0,143.307,0.0,-21.49861717224121
220.71693968772888,0.0,143.321,0.0,-21.49651527404785
220.7480800151825,0.0,143.315,0.0,-21.494783401489258
220.78038620948792,0.0,143.204,0.0,-21.490310668945312
220.79771757125854,0.0,143.204,0.0,-21.48560905456543
220.82889223098755,0.0,143.151,0.0,-21.481199264526367
220.86067843437195,0.0,143.187,0.0,-21.47429084777832
220.89196491241455,0.0,143.116,0.0,-21.47313690185547
220.92381811141968,0.0,143.078,0.0,-21.469423294067383
220.9596242904663,0.0,143.067,0.0,-21.46147918701172
220.98670983314514,0.0,143.024,0.0,-21.458036422729492
221.0193841457367,0.0,143.036,0.0,-21.454532623291016
221.06020832061768,0.0,143.031,0.0,-21.450876235961914
221.09890031814575,0.0,143.024,0.0,-21.44957733154297
221.13066053390503,0.0,142.981,0.0,-21.448644638061523
221.16240072250366,0.0,142.961,0.0,-21.4437313079834
221.19412899017334,0.0,142.883,0.0,-21.439437866210938
221.22517824172974,0.0,142.864,0.0,-21.43546485900879
221.25663042068481,0.0,142.838,0.0,-21.431747436523438
221.28811526298523,0.0,142.811,0.0,-21.424013137817383
221.31974983215332,0.0,142.783,0.0,-21.42030143737793
221.35178637504578,0.0,142.752,0.0,-21.417261123657227
221.38570070266724,0.0,142.746,0.0,-21.410987854003906
221.41598963737488,0.0,142.715,0.0,-21.40770149230957
221.44727754592896,0.0,142.665,0.0,-21.403226852416992
221.47957849502563,0.0,142.665,0.0,-21.399934768676758
221.51208519935608,0.0,142.665,0.0,-21.39589500427246
221.5441505908966,0.0,142.665,0.0,-21.394773483276367
221.57597303390503,0.0,142.614,0.0,-21.391925811767578
221.61165070533752,0.0,142.559,0.0,-21.385587692260742
221.6395788192749,0.0,142.531,0.0,-21.38180160522461
221.67296862602234,0.0,142.516,0.0,-21.378402709960938
221.70379209518433,0.0,142.523,0.0,-21.375934600830078
221.7451515197754,0.0,142.502,0.0,-21.373262405395508
221.77641487121582,0.0,142.474,0.0,-21.371841430664062
221.800710439682,0.0,142.427,0.0,-21.36971092224121
221.83677530288696,0.0,142.399,0.0,-21.36250877380371
221.86469531059265,0.0,142.361,0.0,-21.35956382751465
221.89750981330872,0.0,142.342,0.0,-21.356048583984375
221.9270956516266,0.0,142.325,0.0,-21.352680206298828
221.96005249023438,0.0,142.306,0.0,-21.346420288085938
221.99177193641663,0.0,142.304,0.0,-21.344100952148438
222.0241231918335,0.0,142.306,0.0,-21.342166900634766
222.06224703788757,0.0,142.304,0.0,-21.340513229370117
222.08703136444092,0.0,142.278,0.0,-21.339027404785156
222.11935997009277,0.0,142.252,0.0,-21.33692169189453
222.15040063858032,0.0,142.224,0.0,-21.335128784179688
222.1824336051941,0.0,142.196,0.0,-21.332988739013672
222.2152018547058,0.0,142.143,0.0,-21.326093673706055
222.2475163936615,0.0,142.127,0.0,-21.322311401367188
222.2789967060089,0.0,142.132,0.0,-21.31939697265625
222.31090879440308,0.0,142.108,0.0,-21.31537437438965
222.34331679344177,0.0,142.106,0.0,-21.313690185546875
222.37523436546326,0.0,142.063,0.0,-21.312522888183594
222.4066400527954,0.0,141.995,0.0,-21.30994415283203
222.44385743141174,0.0,141.958,0.0,-21.302608489990234
222.4780216217041,0.0,141.941,0.0,-21.298259735107422
222.51843523979187,0.0,141.927,0.0,-21.290672302246094
222.550279378891,0.0,141.937,0.0,-21.288166046142578
222.57803416252136,0.0,141.944,0.0,-21.28679847717285
222.6181480884552,0.0,141.932,0.0,-21.286312103271484
222.65012431144714,0.0,141.927,0.0,-21.28557586669922
222.68118739128113,0.0,141.916,0.0,-21.284921646118164
222.71250867843628,0.0,141.891,0.0,-21.282474517822266
222.74432754516602,0.0,141.791,0.0,-21.2796688079834
222.77610874176025,0.0,141.747,0.0,-21.275089263916016
222.8078751564026,0.0,141.733,0.0,-21.26981544494629
222.83986568450928,0.0,141.687,0.0,-21.259967803955078
222.8721158504486,0.0,141.659,0.0,-21.256847381591797
222.90350461006165,0.0,141.659,0.0,-21.2525691986084
222.93800902366638,0.0,141.671,0.0,-21.247636795043945
222.9674036502838,0.0,141.636,0.0,-21.24494743347168
223.00083565711975,0.0,141.594,0.0,-21.242599487304688
223.0315101146698,0.0,141.554,0.0,-21.23958969116211
223.06364154815674,0.0,141.547,0.0,-21.23261260986328
223.09497547149658,0.0,141.496,0.0,-21.22821044921875
223.13427448272705,0.0,141.438,0.0,-21.21924591064453
223.17440938949585,0.0,141.424,0.0,-21.215343475341797
223.21238350868225,0.0,141.423,0.0,-21.209945678710938
223.24814558029175,0.0,141.406,0.0,-21.207916259765625
223.27970147132874,0.0,141.395,0.0,-21.2060546875
223.31143856048584,0.0,141.358,0.0,-21.202392578125
223.343252658844,0.0,141.364,0.0,-21.200702667236328
223.37608456611633,0.0,141.351,0.0,-21.199796676635742
223.40829372406006,0.0,141.329,0.0,-21.198694229125977
223.44048833847046,0.0,141.288,0.0,-21.195629119873047
223.4733726978302,0.0,141.285,0.0,-21.193227767944336
223.50423455238342,0.0,141.255,0.0,-21.19137191772461
223.53678131103516,0.0,141.232,0.0,-21.185977935791016
223.56809997558594,0.0,141.251,0.0,-21.18370819091797
223.6010913848877,0.0,141.247,0.0,-21.183090209960938
223.63203358650208,0.0,141.251,0.0,-21.182567596435547
223.66335463523865,0.0,141.226,0.0,-21.18141746520996
223.70166516304016,0.0,141.114,0.0,-21.17845916748047
223.73368000984192,0.0,141.051,0.0,-21.173839569091797
223.76582551002502,0.0,141.019,0.0,-21.16179084777832
223.79758763313293,0.0,141.01,0.0,-21.15695571899414
223.82920289039612,0.0,140.985,0.0,-21.151517868041992
223.86466646194458,0.0,140.98,0.0,-21.145708084106445
223.8935043811798,0.0,140.982,0.0,-21.14397430419922
223.9276521205902,0.0,140.957,0.0,-21.141742706298828
223.96730065345764,0.0,140.91,0.0,-21.138364791870117
223.9999725818634,0.0,140.899,0.0,-21.135887145996094
224.03126573562622,0.0,140.878,0.0,-21.13365364074707
224.0652151107788,0.0,140.855,0.0,-21.128833770751953
224.09499168395996,0.0,140.833,0.0,-21.12677574157715
224.12686228752136,0.0,140.831,0.0,-21.124399185180664
224.16302847862244,0.0,140.812,0.0,-21.120573043823242
224.19432973861694,0.0,140.789,0.0,-21.118961334228516
224.22675323486328,0.0,140.778,0.0,-21.117048263549805
224.25805258750916,0.0,140.785,0.0,-21.115234375
224.29051613807678,0.0,140.764,0.0,-21.11273193359375
224.32251739501953,0.0,140.708,0.0,-21.109323501586914
224.35419750213623,0.0,140.621,0.0,-21.106260299682617
224.38784766197205,0.0,140.606,0.0,-21.096267700195312
224.4178376197815,0.0,140.609,0.0,-21.092947006225586
224.4500846862793,0.0,140.542,0.0,-21.087709426879883
224.48122549057007,0.0,140.477,0.0,-21.08213233947754
224.51465106010437,0.0,140.507,0.0,-21.0743350982666
224.54502701759338,0.0,140.488,0.0,-21.071704864501953
224.56392812728882,0.0,140.495,0.0,-21.069841384887695
224.59411478042603,0.0,140.493,0.0,-21.068859100341797
224.62819838523865,0.0,140.481,0.0,-21.06817626953125
224.66869115829468,0.0,140.435,0.0,-21.066173553466797
224.69370293617249,0.0,140.383,0.0,-21.064098358154297
224.72617602348328,0.0,140.353,0.0,-21.060441970825195
224.75899267196655,0.0,140.344,0.0,-21.05649185180664
224.7930784225464,0.0,140.319,0.0,-21.04974365234375
224.8237578868866,0.0,140.326,0.0,-21.047304153442383
224.85574316978455,0.0,140.319,0.0,-21.045774459838867
224.88840866088867,0.0,140.309,0.0,-21.04313087463379
224.92013263702393,0.0,140.274,0.0,-21.040782928466797
224.9526343345642,0.0,140.224,0.0,-21.036996841430664
224.98451781272888,0.0,140.198,0.0,-21.033992767333984
225.01700496673584,0.0,140.166,0.0,-21.0273494720459
225.0491909980774,0.0,140.126,0.0,-21.02472686767578
225.08103704452515,0.0,140.096,0.0,-21.021162033081055
225.11375164985657,0.0,140.087,0.0,-21.014068603515625
225.14380741119385,0.0,140.056,0.0,-21.01172637939453
225.17683863639832,0.0,140.052,0.0,-21.008766174316406
225.2086136341095,0.0,140.028,0.0,-21.006458282470703
225.240549325943,0.0,140.005,0.0,-21.000953674316406
225.27691841125488,0.0,139.962,0.0,-20.99771499633789
225.30321884155273,0.0,139.919,0.0,-20.99472999572754
225.32856249809265,0.0,139.91,0.0,-20.990766525268555
225.37198638916016,0.0,139.904,0.0,-20.986053466796875
225.40986967086792,0.0,139.931,0.0,-20.983890533447266
225.4418694972992,0.0,139.922,0.0,-20.982967376708984
225.47389554977417,0.0,139.888,0.0,-20.981260299682617
225.50617957115173,0.0,139.861,0.0,-20.980070114135742
225.53796982765198,0.0,139.854,0.0,-20.97814178466797
225.57030200958252,0.0,139.785,0.0,-20.97241973876953
225.6012589931488,0.0,139.749,0.0,-20.967891693115234
225.63388967514038,0.0,139.701,0.0,-20.962671279907227
225.66603446006775,0.0,139.707,0.0,-20.95586395263672
225.6970534324646,0.0,139.722,0.0,-20.953893661499023
225.72810983657837,0.0,139.715,0.0,-20.95314598083496
225.7617814540863,0.0,139.66,0.0,-20.95241928100586
225.78887748718262,0.0,139.604,0.0,-20.94805145263672
225.82169795036316,0.0,139.596,0.0,-20.9442138671875
225.85381627082825,0.0,139.583,0.0,-20.941041946411133
225.88577318191528,0.0,139.548,0.0,-20.938180923461914
225.9183804988861,0.0,139.526,0.0,-20.931110382080078
225.94955563545227,0.0,139.449,0.0,-20.927099227905273
225.98101043701172,0.0,139.435,0.0,-20.922340393066406
226.01338410377502,0.0,139.428,0.0,-20.918228149414062
226.05443835258484,0.0,139.404,0.0,-20.911588668823242
226.09519982337952,0.0,139.401,0.0,-20.907207489013672
226.12717056274414,0.0,139.365,0.0,-20.9050235748291
226.15848326683044,0.0,139.366,0.0,-20.902862548828125
226.19127774238586,0.0,139.318,0.0,-20.898374557495117
226.22180795669556,0.0,139.293,0.0,-20.895145416259766
226.25406503677368,0.0,139.274,0.0,-20.891998291015625
226.28641414642334,0.0,139.284,0.0,-20.889545440673828
226.32027626037598,0.0,139.268,0.0,-20.88718605041504
226.3520860671997,0.0,139.251,0.0,-20.886178970336914
226.38357210159302,0.0,139.213,0.0,-20.884822845458984
226.415700674057,0.0,139.198,0.0,-20.880149841308594
226.44938468933105,0.0,139.205,0.0,-20.87831687927246
226.48020148277283,0.0,139.195,0.0,-20.8773193359375
226.51220059394836,0.0,139.183,0.0,-20.876249313354492
226.54452872276306,0.0,139.132,0.0,-20.87328338623047
226.57618641853333,0.0,139.106,0.0,-20.87082290649414
226.60796689987183,0.0,139.083,0.0,-20.86794090270996
226.62413239479065,0.0,139.087,0.0,-20.864858627319336
226.6561098098755,0.0,139.102,0.0,-20.86275863647461
226.68808913230896,0.0,139.11,0.0,-20.861881256103516
226.728374004364,0.0,139.079,0.0,-20.860580444335938
226.76275205612183,0.0,139.03,0.0,-20.859560012817383
226.79658842086792,0.0,139.004,0.0,-20.85369873046875
226.8269543647766,0.0,139.004,0.0,-20.85139274597168
226.85974669456482,0.0,138.922,0.0,-20.84862518310547
226.89233684539795,0.0,138.901,0.0,-20.84096908569336
226.92481923103333,0.0,138.853,0.0,-20.837677001953125
226.95625352859497,0.0,138.848,0.0,-20.833240509033203
226.98920512199402,0.0,138.848,0.0,-20.826438903808594
227.02125215530396,0.0,138.824,0.0,-20.82474708557129
227.05339980125427,0.0,138.79,0.0,-20.82257080078125
227.0861258506775,0.0,138.767,0.0,-20.819595336914062
227.11792826652527,0.0,138.747,0.0,-20.813344955444336
227.14974403381348,0.0,138.735,0.0,-20.81035804748535
227.1809573173523,0.0,138.714,0.0,-20.808401107788086
227.21285152435303,0.0,138.701,0.0,-20.8061466217041
227.2457149028778,0.0,138.684,0.0,-20.8017578125
227.27760863304138,0.0,138.689,0.0,-20.80020523071289
227.31093072891235,0.0,138.685,0.0,-20.799306869506836
227.34313011169434,0.0,138.677,0.0,-20.797792434692383
227.37455010414124,0.0,138.634,0.0,-20.795499801635742
227.4065637588501,0.0,138.567,0.0,-20.793001174926758
227.43758416175842,0.0,138.564,0.0,-20.78921127319336
227.47812700271606,0.0,138.535,0.0,-20.78290557861328
227.51154112815857,0.0,138.494,0.0,-20.778749465942383
227.5429971218109,0.0,138.492,0.0,-20.77337646484375
227.5760588645935,0.0,138.521,0.0,-20.771657943725586
227.60721707344055,0.0,138.466,0.0,-20.77168083190918
227.64023733139038,0.0,138.463,0.0,-20.767841339111328
227.67069602012634,0.0,138.405,0.0,-20.76565933227539
227.7029254436493,0.0,138.422,0.0,-20.762664794921875
227.73553919792175,0.0,138.399,0.0,-20.761184692382812
227.7673647403717,0.0,138.367,0.0,-20.75642967224121
227.79933071136475,0.0,138.348,0.0,-20.75491714477539
227.83146786689758,0.0,138.359,0.0,-20.7525634765625
227.8640558719635,0.0,138.386,0.0,-20.751323699951172
227.8945972919464,0.0,138.35,0.0,-20.75044059753418
227.9271399974823,0.0,138.37,0.0,-20.750476837158203
227.95973467826843,0.0,138.332,0.0,-20.750812530517578
227.99268555641174,0.0,138.332,0.0,-20.74831771850586
228.0233495235443,0.0,138.266,0.0,-20.744827270507812
228.0557737350464,0.0,138.238,0.0,-20.741039276123047
228.08779644966125,0.0,138.144,0.0,-20.73577117919922
228.12072467803955,0.0,138.13,0.0,-20.727336883544922
228.1613519191742,0.0,138.118,0.0,-20.723419189453125
228.20225381851196,0.0,138.101,0.0,-20.71760368347168
228.2334291934967,0.0,138.08,0.0,-20.715076446533203
228.26668286323547,0.0,138.089,0.0,-20.710803985595703
228.29797196388245,0.0,138.08,0.0,-20.709638595581055
228.32877659797668,0.0,138.077,0.0,-20.708572387695312
228.36250829696655,0.0,138.032,0.0,-20.707748413085938
228.3946499824524,0.0,138.0,0.0,-20.702255249023438
228.42608642578125,0.0,137.943,0.0,-20.69860076904297
228.47800016403198,0.0,137.941,0.0,-20.692068099975586
228.50994873046875,0.0,137.944,0.0,-20.690311431884766
228.54170155525208,0.0,137.928,0.0,-20.687292098999023
228.57433462142944,0.0,137.937,0.0,-20.686538696289062
228.60612058639526,0.0,137.891,0.0,-20.684144973754883
228.63777017593384,0.0,137.858,0.0,-20.68270492553711
228.66997456550598,0.0,137.83,0.0,-20.67690086364746
228.7026596069336,0.0,137.773,0.0,-20.67460060119629
228.73468565940857,0.0,137.719,0.0,-20.670549392700195
228.76553773880005,0.0,137.669,0.0,-20.665271759033203
228.79792284965515,0.0,137.665,0.0,-20.65546989440918
228.8291072845459,0.0,137.649,0.0,-20.651771545410156
228.86155343055725,0.0,137.644,0.0,-20.648395538330078
228.8941354751587,0.0,137.63,0.0,-20.643836975097656
228.9426953792572,0.0,137.628,0.0,-20.64053726196289
228.98882174491882,0.0,137.604,0.0,-20.638973236083984
229.02074193954468,0.0,137.594,0.0,-20.63612937927246
229.05236673355103,0.0,137.554,0.0,-20.634214401245117
229.08451771736145,0.0,137.507,0.0,-20.632152557373047
229.11877036094666,0.0,137.488,0.0,-20.625383377075195
229.15056228637695,0.0,137.483,0.0,-20.62273406982422
229.1829957962036,0.0,137.441,0.0,-20.619266510009766
229.214777469635,0.0,137.455,0.0,-20.616512298583984
229.2471148967743,0.0,137.415,0.0,-20.612483978271484
229.27851676940918,0.0,137.397,0.0,-20.609832763671875
229.31156992912292,0.0,137.297,0.0,-20.6063232421875
229.32784628868103,0.0,137.297,0.0,-20.60114288330078
229.3600172996521,0.0,137.306,0.0,-20.597658157348633
229.39439725875854,0.0,137.308,0.0,-20.593088150024414
229.42238664627075,0.0,137.315,0.0,-20.591964721679688
229.45547223091125,0.0,137.295,0.0,-20.591533660888672
229.49408555030823,0.0,137.285,0.0,-20.58940887451172
229.52493047714233,0.0,137.219,0.0,-20.58671760559082
229.556738615036,0.0,137.215,0.0,-20.583961486816406
229.59453535079956,0.0,137.168,0.0,-20.578256607055664
229.6278474330902,0.0,137.115,0.0,-20.574352264404297
229.66858863830566,0.0,137.083,0.0,-20.566387176513672
229.70155239105225,0.0,137.083,0.0,-20.563316345214844
229.73290991783142,0.0,137.085,0.0,-20.561256408691406
229.7494831085205,0.0,137.085,0.0,-20.55972671508789
229.78180170059204,0.0,137.073,0.0,-20.558181762695312
229.81323337554932,0.0,137.047,0.0,-20.555740356445312
229.84550547599792,0.0,137.025,0.0,-20.5523624420166
229.8779263496399,0.0,136.999,0.0,-20.549917221069336
229.9098768234253,0.0,136.976,0.0,-20.548154830932617
229.94161343574524,0.0,136.94,0.0,-20.542865753173828
229.97335863113403,0.0,136.94,0.0,-20.540605545043945
230.00488662719727,0.0,136.94,0.0,-20.538986206054688
230.03059482574463,0.0,136.941,0.0,-20.537858963012695
230.0768687725067,0.0,136.907,0.0,-20.535297393798828
230.10810208320618,0.0,136.884,0.0,-20.533010482788086
230.14010000228882,0.0,136.891,0.0,-20.532028198242188
230.1723186969757,0.0,136.863,0.0,-20.529142379760742
230.20502734184265,0.0,136.859,0.0,-20.52764129638672
230.23690676689148,0.0,136.839,0.0,-20.52658462524414
230.2693281173706,0.0,136.823,0.0,-20.523630142211914
230.3007423877716,0.0,136.776,0.0,-20.52227020263672
230.34002113342285,0.0,136.74,0.0,-20.51934051513672
230.37105202674866,0.0,136.688,0.0,-20.511404037475586
230.41184997558594,0.0,136.648,0.0,-20.507553100585938
230.44653749465942,0.0,136.635,0.0,-20.499082565307617
230.4757387638092,0.0,136.602,0.0,-20.495630264282227
230.5081329345703,0.0,136.574,0.0,-20.492259979248047
230.53391313552856,0.0,136.557,0.0,-20.488616943359375
230.57344436645508,0.0,136.544,0.0,-20.482210159301758
230.60593247413635,0.0,136.518,0.0,-20.478933334350586
230.6371397972107,0.0,136.503,0.0,-20.475919723510742
230.6704695224762,0.0,136.516,0.0,-20.47275161743164
230.69933891296387,0.0,136.516,0.0,-20.47213363647461
230.7315971851349,0.0,136.481,0.0,-20.47032356262207
230.76394987106323,0.0,136.404,0.0,-20.46792221069336
230.7956838607788,0.0,136.423,0.0,-20.462072372436523
230.82822489738464,0.0,136.428,0.0,-20.460851669311523
230.85918712615967,0.0,136.424,0.0,-20.459871292114258
230.89078545570374,0.0,136.412,0.0,-20.458946228027344
230.92338275909424,0.0,136.381,0.0,-20.457637786865234
230.9561367034912,0.0,136.336,0.0,-20.4560546875
230.98709440231323,0.0,136.293,0.0,-20.453046798706055
231.01876521110535,0.0,136.206,0.0,-20.443927764892578
231.05864548683167,0.0,136.218,0.0,-20.438552856445312
231.08338260650635,0.0,136.22,0.0,-20.435035705566406
231.12347722053528,0.0,136.204,0.0,-20.4307918548584
231.15472078323364,0.0,136.166,0.0,-20.42886734008789
231.18688488006592,0.0,136.135,0.0,-20.425922393798828
231.21890830993652,0.0,136.109,0.0,-20.4224796295166
231.2503845691681,0.0,136.099,0.0,-20.415706634521484
231.2815978527069,0.0,136.104,0.0,-20.413494110107422
231.31339025497437,0.0,136.111,0.0,-20.412137985229492
231.34717893600464,0.0,136.106,0.0,-20.410978317260742
231.37623858451843,0.0,136.079,0.0,-20.409547805786133
231.4077537059784,0.0,135.985,0.0,-20.406211853027344
231.43939638137817,0.0,135.953,0.0,-20.40216064453125
231.47209072113037,0.0,135.953,0.0,-20.39458465576172
231.50282979011536,0.0,135.965,0.0,-20.392730712890625
231.5353970527649,0.0,135.941,0.0,-20.390932083129883
231.57280850410461,0.0,135.906,0.0,-20.386476516723633
231.597838640213,0.0,135.901,0.0,-20.384313583374023
231.63726902008057,0.0,135.891,0.0,-20.382352828979492
231.67139983177185,0.0,135.84,0.0,-20.377300262451172
231.7001883983612,0.0,135.822,0.0,-20.37442398071289
231.7317178249359,0.0,135.792,0.0,-20.372329711914062
231.7570676803589,0.0,135.799,0.0,-20.369583129882812
231.78514790534973,0.0,135.792,0.0,-20.367883682250977
231.83564066886902,0.0,135.769,0.0,-20.364717483520508
231.8718388080597,0.0,135.741,0.0,-20.361045837402344
231.89978289604187,0.0,135.727,0.0,-20.358585357666016
231.93130469322205,0.0,135.708,0.0,-20.35709571838379
231.96368789672852,0.0,135.682,0.0,-20.355262756347656
231.99574995040894,0.0,135.673,0.0,-20.350759506225586
232.02788281440735,0.0,135.647,0.0,-20.34815216064453
232.0598075389862,0.0,135.637,0.0,-20.345623016357422
232.09745454788208,0.0,135.602,0.0,-20.341386795043945
232.12459468841553,0.0,135.597,0.0,-20.339275360107422
232.16070318222046,0.0,135.578,0.0,-20.337844848632812
232.19239044189453,0.0,135.54,0.0,-20.335973739624023
232.2247667312622,0.0,135.497,0.0,-20.32908821105957
232.25657391548157,0.0,135.5,0.0,-20.326276779174805
232.28924822807312,0.0,135.497,0.0,-20.324100494384766
232.32123398780823,0.0,135.462,0.0,-20.3196964263916
232.35334062576294,0.0,135.408,0.0,-20.317914962768555
232.3855881690979,0.0,135.42,0.0,-20.314390182495117
232.4170606136322,0.0,135.416,0.0,-20.312294006347656
232.4495494365692,0.0,135.378,0.0,-20.308292388916016
232.47895336151123,0.0,135.371,0.0,-20.30618667602539
232.51533722877502,0.0,135.318,0.0,-20.304386138916016
232.54704189300537,0.0,135.318,0.0,-20.298309326171875
232.57835865020752,0.0,135.24,0.0,-20.29438018798828
232.61200737953186,0.0,135.252,0.0,-20.290252685546875
232.64442110061646,0.0,135.21,0.0,-20.287700653076172
232.69333672523499,0.0,135.25,0.0,-20.28276252746582
232.72543692588806,0.0,135.233,0.0,-20.28125762939453
232.75739860534668,0.0,135.224,0.0,-20.280244827270508
232.78868532180786,0.0,135.149,0.0,-20.278825759887695
232.82060980796814,0.0,135.142,0.0,-20.275453567504883
232.8531792163849,0.0,135.128,0.0,-20.270051956176758
232.88532400131226,0.0,135.123,0.0,-20.2679386138916
232.9177520275116,0.0,135.05,0.0,-20.266427993774414
232.9500288963318,0.0,135.035,0.0,-20.260164260864258
232.98092579841614,0.0,135.022,0.0,-20.2570858001709
233.01071071624756,0.0,135.024,0.0,-20.254287719726562
233.043212890625,0.0,135.009,0.0,-20.252336502075195
233.07563161849976,0.0,134.964,0.0,-20.248733520507812
233.106614112854,0.0,134.977,0.0,-20.24590492248535
233.13911724090576,0.0,134.965,0.0,-20.244386672973633
233.17338848114014,0.0,134.943,0.0,-20.240829467773438
233.2034559249878,0.0,134.958,0.0,-20.240028381347656
233.23733568191528,0.0,134.897,0.0,-20.23725700378418
233.28018951416016,0.0,134.877,0.0,-20.2324161529541
233.30968594551086,0.0,134.84,0.0,-20.229787826538086
233.34184336662292,0.0,134.823,0.0,-20.22711753845215
233.37382125854492,0.0,134.787,0.0,-20.221012115478516
233.40599155426025,0.0,134.78,0.0,-20.218177795410156
233.4378161430359,0.0,134.778,0.0,-20.21603012084961
233.4731593132019,0.0,134.749,0.0,-20.211668014526367
233.50231099128723,0.0,134.757,0.0,-20.210159301757812
233.53450560569763,0.0,134.743,0.0,-20.20945167541504
233.567387342453,0.0,134.742,0.0,-20.208438873291016
233.5999357700348,0.0,134.707,0.0,-20.207117080688477
233.63075280189514,0.0,134.74,0.0,-20.205448150634766
233.66302275657654,0.0,134.752,0.0,-20.205642700195312
233.6977436542511,0.0,134.726,0.0,-20.205974578857422
233.75313997268677,0.0,134.711,0.0,-20.2054386138916
233.7852509021759,0.0,134.707,0.0,-20.20474624633789
233.81765913963318,0.0,134.669,0.0,-20.20419692993164
233.8495557308197,0.0,134.63,0.0,-20.199159622192383
233.88101482391357,0.0,134.617,0.0,-20.196300506591797
233.91348457336426,0.0,134.599,0.0,-20.193077087402344
233.9479947090149,0.0,134.587,0.0,-20.188983917236328
233.97693300247192,0.0,134.566,0.0,-20.186628341674805
234.0104558467865,0.0,134.564,0.0,-20.184814453125
234.04316115379333,0.0,134.499,0.0,-20.182662963867188
234.0755593776703,0.0,134.436,0.0,-20.173982620239258
234.10651755332947,0.0,134.381,0.0,-20.17005157470703
234.1387906074524,0.0,134.369,0.0,-20.164817810058594
234.17296409606934,0.0,134.364,0.0,-20.15689468383789
234.20283102989197,0.0,134.395,0.0,-20.15433120727539
234.23445963859558,0.0,134.362,0.0,-20.153791427612305
234.2773790359497,0.0,134.304,0.0,-20.14992332458496
234.30952048301697,0.0,134.266,0.0,-20.146963119506836
234.34119701385498,0.0,134.265,0.0,-20.143207550048828
234.37385249137878,0.0,134.247,0.0,-20.137603759765625
234.40461659431458,0.0,134.233,0.0,-20.134994506835938
234.436856508255,0.0,134.216,0.0,-20.132694244384766
234.46967148780823,0.0,134.193,0.0,-20.13075828552246
234.50100469589233,0.0,134.187,0.0,-20.126514434814453
234.53359007835388,0.0,134.193,0.0,-20.125417709350586
234.5663435459137,0.0,134.184,0.0,-20.124866485595703
234.59917449951172,0.0,134.128,0.0,-20.12112808227539
234.62974524497986,0.0,134.101,0.0,-20.119009017944336
234.66150498390198,0.0,134.106,0.0,-20.116352081298828
234.6939628124237,0.0,134.099,0.0,-20.114625930786133
234.73591899871826,0.0,134.085,0.0,-20.112144470214844
234.76718473434448,0.0,134.016,0.0,-20.1108341217041
234.81045007705688,0.0,133.98,0.0,-20.104284286499023
234.84204626083374,0.0,134.006,0.0,-20.100679397583008
234.87497353553772,0.0,134.004,0.0,-20.097919464111328
234.90666222572327,0.0,133.996,0.0,-20.096660614013672
234.9379849433899,0.0,133.972,0.0,-20.09592628479004
234.97039604187012,0.0,133.957,0.0,-20.094459533691406
235.00252747535706,0.0,133.93,0.0,-20.090484619140625
235.03354334831238,0.0,133.889,0.0,-20.08707618713379
235.06630110740662,0.0,133.877,0.0,-20.08379364013672
235.09853887557983,0.0,133.88,0.0,-20.080177307128906
235.13016033172607,0.0,133.859,0.0,-20.078292846679688
235.1624937057495,0.0,133.835,0.0,-20.07594108581543
235.19366669654846,0.0,133.807,0.0,-20.07335090637207
235.22570371627808,0.0,133.784,0.0,-20.069820404052734
235.25759935379028,0.0,133.777,0.0,-20.067697525024414
235.2907657623291,0.0,133.741,0.0,-20.065874099731445
235.3269281387329,0.0,133.717,0.0,-20.060619354248047
235.35982990264893,0.0,133.699,0.0,-20.058216094970703
235.39548206329346,0.0,133.713,0.0,-20.05571746826172
235.42818474769592,0.0,133.671,0.0,-20.051891326904297
235.46988701820374,0.0,133.673,0.0,-20.04999542236328
235.51053857803345,0.0,133.68,0.0,-20.046892166137695
235.54151487350464,0.0,133.661,0.0,-20.046842575073242
235.57469391822815,0.0,133.654,0.0,-20.045352935791016
235.60528707504272,0.0,133.657,0.0,-20.04498863220215
235.63736772537231,0.0,133.599,0.0,-20.04269790649414
235.66931533813477,0.0,133.573,0.0,-20.040679931640625
235.70198678970337,0.0,133.561,0.0,-20.03572654724121
235.73152351379395,0.0,133.566,0.0,-20.034183502197266
235.76454210281372,0.0,133.522,0.0,-20.031238555908203
235.79750227928162,0.0,133.503,0.0,-20.02906036376953
235.82899975776672,0.0,133.506,0.0,-20.02506446838379
235.87352800369263,0.0,133.432,0.0,-20.02220916748047
235.90670919418335,0.0,133.403,0.0,-20.018802642822266
235.93780612945557,0.0,133.358,0.0,-20.015052795410156
235.9754650592804,0.0,133.367,0.0,-20.007246017456055
236.00176239013672,0.0,133.387,0.0,-20.00558090209961
236.0315282344818,0.0,133.364,0.0,-20.004627227783203
236.06415343284607,0.0,133.34,0.0,-20.003042221069336
236.0953540802002,0.0,133.317,0.0,-20.00092315673828
236.1283404827118,0.0,133.314,0.0,-19.99650001525879
236.1684684753418,0.0,133.35,0.0,-19.99704933166504
236.2010464668274,0.0,133.348,0.0,-19.997268676757812
236.2331702709198,0.0,133.322,0.0,-19.99635124206543
236.2496452331543,0.0,133.286,0.0,-19.994216918945312
236.281418800354,0.0,133.275,0.0,-19.9921932220459
236.31315994262695,0.0,133.258,0.0,-19.99000358581543
236.3455514907837,0.0,133.186,0.0,-19.987350463867188
236.38905262947083,0.0,133.12,0.0,-19.977706909179688
236.42659330368042,0.0,133.096,0.0,-19.968339920043945
236.45288062095642,0.0,133.102,0.0,-19.965656280517578
236.48509049415588,0.0,133.096,0.0,-19.96371841430664
236.517249584198,0.0,133.085,0.0,-19.962100982666016
236.54824447631836,0.0,133.035,0.0,-19.958925247192383
236.58107161521912,0.0,133.021,0.0,-19.956220626831055
236.6123969554901,0.0,133.007,0.0,-19.953664779663086
236.64435172080994,0.0,133.002,0.0,-19.95122718811035
236.6764726638794,0.0,132.976,0.0,-19.94676971435547
236.70838260650635,0.0,132.944,0.0,-19.944509506225586
236.74048590660095,0.0,132.906,0.0,-19.942005157470703
236.7725625038147,0.0,132.889,0.0,-19.9385986328125
236.8041958808899,0.0,132.862,0.0,-19.931884765625
236.84450602531433,0.0,132.884,0.0,-19.929401397705078
236.888610124588,0.0,132.869,0.0,-19.92727279663086
236.91108179092407,0.0,132.869,0.0,-19.926443099975586
236.9377317428589,0.0,132.83,0.0,-19.924285888671875
236.96885085105896,0.0,132.799,0.0,-19.921812057495117
237.00069737434387,0.0,132.79,0.0,-19.917701721191406
237.03325939178467,0.0,132.783,0.0,-19.916030883789062
237.06541514396667,0.0,132.759,0.0,-19.913846969604492
237.10149478912354,0.0,132.707,0.0,-19.90941047668457
237.1284999847412,0.0,132.691,0.0,-19.906890869140625
237.16071462631226,0.0,132.662,0.0,-19.904388427734375
237.19289755821228,0.0,132.643,0.0,-19.90135383605957
237.225035905838,0.0,132.619,0.0,-19.895109176635742
237.25720930099487,0.0,132.599,0.0,-19.89156723022461
237.28950381278992,0.0,132.608,0.0,-19.88929557800293
237.32120895385742,0.0,132.627,0.0,-19.888050079345703
237.3538956642151,0.0,132.615,0.0,-19.887603759765625
237.38541293144226,0.0,132.578,0.0,-19.88660430908203
237.4175741672516,0.0,132.568,0.0,-19.88518524169922
237.45357751846313,0.0,132.575,0.0,-19.883079528808594
237.48469281196594,0.0,132.549,0.0,-19.88155174255371
237.51696300506592,0.0,132.504,0.0,-19.879962921142578
237.55759072303772,0.0,132.492,0.0,-19.875091552734375
237.58377194404602,0.0,132.486,0.0,-19.873119354248047
237.61620354652405,0.0,132.503,0.0,-19.871694564819336
237.64774823188782,0.0,132.503,0.0,-19.871408462524414
237.680438041687,0.0,132.509,0.0,-19.870853424072266
237.71208500862122,0.0,132.495,0.0,-19.87128257751465
237.74374914169312,0.0,132.488,0.0,-19.871103286743164
237.77805376052856,0.0,132.438,0.0,-19.86843490600586
237.80849742889404,0.0,132.408,0.0,-19.86612892150879
237.83982229232788,0.0,132.412,0.0,-19.863746643066406
237.87110686302185,0.0,132.41,0.0,-19.86214828491211
237.9048728942871,0.0,132.415,0.0,-19.8602352142334
237.93567061424255,0.0,132.412,0.0,-19.858783721923828
237.96941781044006,0.0,132.392,0.0,-19.858617782592773
238.00210309028625,0.0,132.401,0.0,-19.85747718811035
238.03353714942932,0.0,132.388,0.0,-19.856807708740234
238.06651496887207,0.0,132.314,0.0,-19.853918075561523
238.09794211387634,0.0,132.252,0.0,-19.851078033447266
238.13062691688538,0.0,132.23,0.0,-19.84185028076172
238.1626935005188,0.0,132.204,0.0,-19.837371826171875
238.19460344314575,0.0,132.15,0.0,-19.83157730102539
238.2280249595642,0.0,132.139,0.0,-19.82379722595215
238.2621304988861,0.0,132.181,0.0,-19.82292366027832
238.29484629631042,0.0,132.167,0.0,-19.82179069519043
238.33639001846313,0.0,132.143,0.0,-19.820117950439453
238.36656022071838,0.0,132.112,0.0,-19.818973541259766
238.4005675315857,0.0,132.06,0.0,-19.813217163085938
238.43178820610046,0.0,132.027,0.0,-19.809894561767578
238.46328735351562,0.0,132.004,0.0,-19.806644439697266
238.49467730522156,0.0,132.001,0.0,-19.803287506103516
238.52753019332886,0.0,132.004,0.0,-19.79893684387207
238.5601043701172,0.0,132.011,0.0,-19.798126220703125
238.59100651741028,0.0,131.998,0.0,-19.797496795654297
238.6225609779358,0.0,131.973,0.0,-19.796579360961914
238.65418314933777,0.0,131.951,0.0,-19.792844772338867
238.68623876571655,0.0,131.954,0.0,-19.791461944580078
238.71786642074585,0.0,131.945,0.0,-19.789995193481445
238.75011038780212,0.0,131.938,0.0,-19.789091110229492
238.78243327140808,0.0,131.885,0.0,-19.785383224487305
238.81450724601746,0.0,131.844,0.0,-19.781579971313477
238.8468611240387,0.0,131.851,0.0,-19.778406143188477
238.87934112548828,0.0,131.862,0.0,-19.774988174438477
238.9103844165802,0.0,131.848,0.0,-19.77473258972168
238.94109392166138,0.0,131.839,0.0,-19.774051666259766
238.9825837612152,0.0,131.769,0.0,-19.77091407775879
239.00293707847595,0.0,131.769,0.0,-19.768070220947266
239.04324293136597,0.0,131.736,0.0,-19.76567268371582
239.0754988193512,0.0,131.754,0.0,-19.76148796081543
239.1080424785614,0.0,131.709,0.0,-19.759462356567383
239.14008045196533,0.0,131.684,0.0,-19.7572021484375
239.17213344573975,0.0,131.663,0.0,-19.754507064819336
239.20524907112122,0.0,131.647,0.0,-19.748870849609375
239.2369306087494,0.0,131.646,0.0,-19.746793746948242
239.26894569396973,0.0,131.613,0.0,-19.745803833007812
239.3012659549713,0.0,131.609,0.0,-19.741235733032227
239.33327174186707,0.0,131.585,0.0,-19.738771438598633
239.36532759666443,0.0,131.582,0.0,-19.73685073852539
239.3974642753601,0.0,131.57,0.0,-19.734848022460938
239.429829120636,0.0,131.538,0.0,-19.732532501220703
239.46106696128845,0.0,131.536,0.0,-19.73061752319336
239.49385523796082,0.0,131.514,0.0,-19.729156494140625
239.52631902694702,0.0,131.508,0.0,-19.72554588317871
239.55173683166504,0.0,131.517,0.0,-19.724740982055664
239.59341764450073,0.0,131.52,0.0,-19.724050521850586
239.60916590690613,0.0,131.505,0.0,-19.723905563354492
239.64168405532837,0.0,131.493,0.0,-19.723251342773438
239.6739227771759,0.0,131.464,0.0,-19.722328186035156
239.70737147331238,0.0,131.462,0.0,-19.719043731689453
239.73713636398315,0.0,131.45,0.0,-19.71780776977539
239.77633452415466,0.0,131.458,0.0,-19.716148376464844
239.8094756603241,0.0,131.443,0.0,-19.71521759033203
239.8410017490387,0.0,131.441,0.0,-19.714570999145508
239.87352967262268,0.0,131.426,0.0,-19.714059829711914
239.90565967559814,0.0,131.431,0.0,-19.712642669677734
239.9373927116394,0.0,131.412,0.0,-19.711551666259766
239.9706106185913,0.0,131.395,0.0,-19.710058212280273
240.00156497955322,0.0,131.336,0.0,-19.705581665039062
240.0335876941681,0.0,131.307,0.0,-19.703163146972656
240.0666844844818,0.0,131.268,0.0,-19.700149536132812
240.09449982643127,0.0,131.241,0.0,-19.696258544921875
240.12568378448486,0.0,131.242,0.0,-19.692203521728516
240.15769982337952,0.0,131.219,0.0,-19.686063766479492
240.1909737586975,0.0,131.227,0.0,-19.683698654174805
240.22247695922852,0.0,131.2,0.0,-19.682315826416016
240.25483679771423,0.0,131.193,0.0,-19.67841339111328
240.28617596626282,0.0,131.151,0.0,-19.67628288269043
240.3183627128601,0.0,131.152,0.0,-19.673818588256836
240.3538794517517,0.0,131.154,0.0,-19.670896530151367
240.42158198356628,0.0,131.076,0.0,-19.66797637939453
240.44395470619202,0.0,131.049,0.0,-19.664772033691406
240.47991514205933,0.0,131.008,0.0,-19.656938552856445
240.50894951820374,0.0,131.011,0.0,-19.65383529663086
240.540997505188,0.0,131.031,0.0,-19.65239715576172
240.57395434379578,0.0,131.006,0.0,-19.65140724182129
240.60054636001587,0.0,130.969,0.0,-19.65134620666504
240.62761044502258,0.0,130.943,0.0,-19.64710807800293
240.6588625907898,0.0,130.925,0.0,-19.644062042236328
240.69116616249084,0.0,130.939,0.0,-19.641061782836914
240.72310853004456,0.0,130.931,0.0,-19.63944435119629
240.75538325309753,0.0,130.954,0.0,-19.637910842895508
240.78683829307556,0.0,130.915,0.0,-19.637887954711914
240.81837368011475,0.0,130.916,0.0,-19.636415481567383
240.8518466949463,0.0,130.875,0.0,-19.635414123535156
240.88391208648682,0.0,130.854,0.0,-19.630361557006836
240.91527366638184,0.0,130.841,0.0,-19.62908172607422
240.94769167900085,0.0,130.844,0.0,-19.626970291137695
240.97972917556763,0.0,130.839,0.0,-19.624357223510742
241.01148319244385,0.0,130.834,0.0,-19.623310089111328
241.04382920265198,0.0,130.824,0.0,-19.62217140197754
241.0765416622162,0.0,130.672,0.0,-19.61894416809082
241.11537289619446,0.0,130.675,0.0,-19.60791015625
241.14448642730713,0.0,130.67,0.0,-19.60419464111328
241.1858320236206,0.0,130.68,0.0,-19.599323272705078
241.2171516418457,0.0,130.643,0.0,-19.59835433959961
241.2547619342804,0.0,130.627,0.0,-19.59394073486328
241.2820234298706,0.0,130.583,0.0,-19.590696334838867
241.31337189674377,0.0,130.59,0.0,-19.58810043334961
241.34514737129211,0.0,130.595,0.0,-19.58651351928711
241.37691688537598,0.0,130.564,0.0,-19.58374786376953
241.40969610214233,0.0,130.522,0.0,-19.58203887939453
241.44154167175293,0.0,130.508,0.0,-19.57944679260254
241.47370886802673,0.0,130.517,0.0,-19.576969146728516
241.50564074516296,0.0,130.498,0.0,-19.573766708374023
241.53689765930176,0.0,130.466,0.0,-19.57115936279297
241.56941771507263,0.0,130.406,0.0,-19.56829071044922
241.60100054740906,0.0,130.369,0.0,-19.564634323120117
241.63305234909058,0.0,130.346,0.0,-19.55624008178711
241.66139388084412,0.0,130.331,0.0,-19.552547454833984
241.70605635643005,0.0,130.354,0.0,-19.548900604248047
241.73473072052002,0.0,130.352,0.0,-19.548171997070312
241.76675367355347,0.0,130.332,0.0,-19.547739028930664
241.79811573028564,0.0,130.323,0.0,-19.546688079833984
241.84050917625427,0.0,130.313,0.0,-19.545406341552734
241.88088655471802,0.0,130.331,0.0,-19.54452896118164
241.91029167175293,0.0,130.321,0.0,-19.544200897216797
241.94417929649353,0.0,130.35,0.0,-19.54412078857422
241.97608757019043,0.0,130.326,0.0,-19.54536247253418
242.00775289535522,0.0,130.304,0.0,-19.544559478759766
242.04053330421448,0.0,130.299,0.0,-19.54376983642578
242.07336926460266,0.0,130.27,0.0,-19.542301177978516
242.10611844062805,0.0,130.283,0.0,-19.540485382080078
242.13723635673523,0.0,130.259,0.0,-19.539194107055664
242.16961073875427,0.0,130.22,0.0,-19.536619186401367
242.19448041915894,0.0,130.194,0.0,-19.533601760864258
242.22192120552063,0.0,130.19,0.0,-19.531171798706055
242.25370383262634,0.0,130.165,0.0,-19.52730941772461
242.28592371940613,0.0,130.148,0.0,-19.525493621826172
242.3177797794342,0.0,130.139,0.0,-19.523456573486328
242.3497610092163,0.0,130.141,0.0,-19.521587371826172
242.38076972961426,0.0,130.127,0.0,-19.519365310668945
242.41282749176025,0.0,130.112,0.0,-19.518173217773438
242.4450604915619,0.0,130.093,0.0,-19.516700744628906
242.47823929786682,0.0,130.091,0.0,-19.51484489440918
242.50892639160156,0.0,130.066,0.0,-19.51132583618164
242.54455494880676,0.0,130.016,0.0,-19.509044647216797
242.58193469047546,0.0,129.997,0.0,-19.502971649169922
242.60692405700684,0.0,129.995,0.0,-19.500625610351562
242.63430833816528,0.0,130.005,0.0,-19.49932861328125
242.66706705093384,0.0,129.986,0.0,-19.49762725830078
242.69917583465576,0.0,129.959,0.0,-19.496196746826172
242.72771430015564,0.0,129.919,0.0,-19.494260787963867
242.7543442249298,0.0,129.932,0.0,-19.489439010620117
242.78570914268494,0.0,129.896,0.0,-19.486682891845703
242.8179738521576,0.0,129.887,0.0,-19.48465347290039
242.84924221038818,0.0,129.875,0.0,-19.48280906677246
242.88099479675293,0.0,129.825,0.0,-19.479040145874023
242.9128360748291,0.0,129.818,0.0,-19.476171493530273
242.9450488090515,0.0,129.823,0.0,-19.473764419555664
242.97745513916016,0.0,129.821,0.0,-19.472219467163086
243.0100073814392,0.0,129.829,0.0,-19.470624923706055
243.0407211780548,0.0,129.819,0.0,-19.470355987548828
243.0747790336609,0.0,129.811,0.0,-19.46982192993164
243.10479879379272,0.0,129.805,0.0,-19.469161987304688
243.13701605796814,0.0,129.769,0.0,-19.466529846191406
243.16871428489685,0.0,129.716,0.0,-19.464008331298828
243.19976949691772,0.0,129.687,0.0,-19.46100616455078
243.24095058441162,0.0,129.685,0.0,-19.454896926879883
243.27348256111145,0.0,129.637,0.0,-19.45130157470703
243.31435561180115,0.0,129.642,0.0,-19.446205139160156
243.34570598602295,0.0,129.637,0.0,-19.44452667236328
243.3782229423523,0.0,129.598,0.0,-19.44253921508789
243.41055512428284,0.0,129.596,0.0,-19.43927764892578
243.44200348854065,0.0,129.582,0.0,-19.43787956237793
243.47515106201172,0.0,129.575,0.0,-19.436315536499023
243.5070722103119,0.0,129.489,0.0,-19.43259048461914
243.53918623924255,0.0,129.46,0.0,-19.428627014160156
243.57186603546143,0.0,129.464,0.0,-19.424449920654297
243.60303044319153,0.0,129.458,0.0,-19.42150115966797
243.63544058799744,0.0,129.488,0.0,-19.418601989746094
243.66713190078735,0.0,129.475,0.0,-19.418596267700195
243.6996955871582,0.0,129.47,0.0,-19.417903900146484
243.73316144943237,0.0,129.415,0.0,-19.4145565032959
243.76302671432495,0.0,129.408,0.0,-19.412267684936523
243.79442358016968,0.0,129.341,0.0,-19.407909393310547
243.82271146774292,0.0,129.33,0.0,-19.40452003479004
243.85457062721252,0.0,129.32,0.0,-19.40155029296875
243.88657593727112,0.0,129.337,0.0,-19.39777374267578
243.92004323005676,0.0,129.325,0.0,-19.3964786529541
243.96040773391724,0.0,129.299,0.0,-19.3934383392334
243.9837601184845,0.0,129.287,0.0,-19.392370223999023
244.01850366592407,0.0,129.259,0.0,-19.39114761352539
244.0490005016327,0.0,129.257,0.0,-19.389129638671875
244.08147144317627,0.0,129.225,0.0,-19.385360717773438
244.11369061470032,0.0,129.211,0.0,-19.38353157043457
244.14589619636536,0.0,129.188,0.0,-19.381629943847656
244.17761850357056,0.0,129.205,0.0,-19.379295349121094
244.2098171710968,0.0,129.203,0.0,-19.377561569213867
244.24267077445984,0.0,129.218,0.0,-19.37750244140625
244.27370500564575,0.0,129.192,0.0,-19.377758026123047
244.30712127685547,0.0,129.218,0.0,-19.37749481201172
244.3315794467926,0.0,129.197,0.0,-19.37710952758789
244.37346196174622,0.0,129.154,0.0,-19.375370025634766
244.40825939178467,0.0,129.142,0.0,-19.372150421142578
244.43706512451172,0.0,129.137,0.0,-19.370737075805664
244.46989798545837,0.0,129.162,0.0,-19.370765686035156
244.50033020973206,0.0,129.089,0.0,-19.370689392089844
244.53324007987976,0.0,129.06,0.0,-19.364408493041992
244.56681108474731,0.0,129.051,0.0,-19.361860275268555
244.59737467765808,0.0,129.08,0.0,-19.35959243774414
244.6340310573578,0.0,129.079,0.0,-19.358823776245117
244.68351364135742,0.0,129.05,0.0,-19.35683822631836
244.7354874610901,0.0,128.968,0.0,-19.35102081298828
244.76697540283203,0.0,128.954,0.0,-19.348264694213867
244.79932355880737,0.0,128.955,0.0,-19.345630645751953
244.83406448364258,0.0,128.926,0.0,-19.341129302978516
244.86029052734375,0.0,128.891,0.0,-19.337743759155273
244.90870356559753,0.0,128.849,0.0,-19.330673217773438
244.936452627182,0.0,128.844,0.0,-19.327999114990234
244.98502802848816,0.0,128.809,0.0,-19.323213577270508
245.01729559898376,0.0,128.784,0.0,-19.320056915283203
245.0481948852539,0.0,128.718,0.0,-19.31597137451172
245.0840184688568,0.0,128.745,0.0,-19.31006622314453
245.11360883712769,0.0,128.744,0.0,-19.308717727661133
245.1455159187317,0.0,128.748,0.0,-19.307971954345703
245.1776421070099,0.0,128.73,0.0,-19.307519912719727
245.210834980011,0.0,128.711,0.0,-19.3056697845459
245.24195098876953,0.0,128.716,0.0,-19.304523468017578
245.27364945411682,0.0,128.689,0.0,-19.3039493560791
245.3090000152588,0.0,128.675,0.0,-19.300838470458984
245.33847737312317,0.0,128.655,0.0,-19.299713134765625
245.36993026733398,0.0,128.66,0.0,-19.298053741455078
245.40464687347412,0.0,128.649,0.0,-19.297073364257812
245.44473814964294,0.0,128.612,0.0,-19.29431915283203
245.47066926956177,0.0,128.582,0.0,-19.292434692382812
245.50964546203613,0.0,128.583,0.0,-19.287906646728516
245.5416750907898,0.0,128.559,0.0,-19.285520553588867
245.57408714294434,0.0,128.552,0.0,-19.28410530090332
245.60864973068237,0.0,128.516,0.0,-19.279794692993164
245.63739442825317,0.0,128.507,0.0,-19.277441024780273
245.66954040527344,0.0,128.483,0.0,-19.274709701538086
245.70180654525757,0.0,128.466,0.0,-19.271984100341797
245.73332142829895,0.0,128.444,0.0,-19.26898193359375
245.76575684547424,0.0,128.447,0.0,-19.266942977905273
245.79670453071594,0.0,128.435,0.0,-19.265594482421875
245.82843017578125,0.0,128.423,0.0,-19.264148712158203
245.86058568954468,0.0,128.398,0.0,-19.260284423828125
245.89260005950928,0.0,128.352,0.0,-19.2587833404541
245.92708683013916,0.0,128.338,0.0,-19.25579071044922
245.95289158821106,0.0,128.343,0.0,-19.252986907958984
245.9857358932495,0.0,128.306,0.0,-19.24825096130371
246.0170874595642,0.0,128.31,0.0,-19.246337890625
246.04969358444214,0.0,128.274,0.0,-19.244924545288086
246.0815372467041,0.0,128.263,0.0,-19.242427825927734
246.11437249183655,0.0,128.261,0.0,-19.23839569091797
246.16178488731384,0.0,128.239,0.0,-19.234275817871094
246.19217896461487,0.0,128.24,0.0,-19.233304977416992
246.2346625328064,0.0,128.263,0.0,-19.233261108398438
246.2633945941925,0.0,128.236,0.0,-19.23265266418457
246.29555749893188,0.0,128.234,0.0,-19.23218536376953
246.3291392326355,0.0,128.224,0.0,-19.23190689086914
246.3595540523529,0.0,128.222,0.0,-19.230785369873047
246.392733335495,0.0,128.209,0.0,-19.230545043945312
246.42459201812744,0.0,128.184,0.0,-19.229881286621094
246.46088910102844,0.0,128.168,0.0,-19.227794647216797
246.49221467971802,0.0,128.159,0.0,-19.226226806640625
246.5241961479187,0.0,128.182,0.0,-19.224699020385742
246.55571866035461,0.0,128.177,0.0,-19.22454833984375
246.58665251731873,0.0,128.163,0.0,-19.223552703857422
246.6171793937683,0.0,128.133,0.0,-19.223379135131836
246.64965295791626,0.0,128.128,0.0,-19.221702575683594
246.685729265213,0.0,128.14,0.0,-19.219690322875977
246.7141034603119,0.0,128.133,0.0,-19.219017028808594
246.7463355064392,0.0,128.149,0.0,-19.219223022460938
246.7786464691162,0.0,128.107,0.0,-19.21897315979004
246.81084084510803,0.0,128.092,0.0,-19.215824127197266
246.84141635894775,0.0,128.078,0.0,-19.213970184326172
246.87825965881348,0.0,128.007,0.0,-19.210784912109375
246.91112184524536,0.0,127.937,0.0,-19.204504013061523
246.94910597801208,0.0,127.938,0.0,-19.19955062866211
246.98635268211365,0.0,127.905,0.0,-19.192319869995117
247.01853489875793,0.0,127.887,0.0,-19.189064025878906
247.04970526695251,0.0,127.882,0.0,-19.185897827148438
247.08172225952148,0.0,127.904,0.0,-19.183351516723633
247.1144940853119,0.0,127.897,0.0,-19.18231773376465
247.14615726470947,0.0,127.903,0.0,-19.181549072265625
247.1776921749115,0.0,127.87,0.0,-19.181306838989258
247.21068000793457,0.0,127.844,0.0,-19.177688598632812
247.24177384376526,0.0,127.839,0.0,-19.175914764404297
247.27366828918457,0.0,127.791,0.0,-19.17304039001465
247.3060338497162,0.0,127.794,0.0,-19.17049217224121
247.33827662467957,0.0,127.803,0.0,-19.167877197265625
247.37025237083435,0.0,127.818,0.0,-19.167930603027344
247.40245604515076,0.0,127.808,0.0,-19.167856216430664
247.43588423728943,0.0,127.782,0.0,-19.166521072387695
247.46668910980225,0.0,127.728,0.0,-19.165706634521484
247.49514079093933,0.0,127.691,0.0,-19.162883758544922
247.5353422164917,0.0,127.69,0.0,-19.15593147277832
247.56863737106323,0.0,127.692,0.0,-19.153980255126953
247.61078071594238,0.0,127.694,0.0,-19.151798248291016
247.63780045509338,0.0,127.715,0.0,-19.152114868164062
247.66156005859375,0.0,127.694,0.0,-19.15156364440918
247.69232940673828,0.0,127.697,0.0,-19.15146827697754
247.72488594055176,0.0,127.666,0.0,-19.151344299316406
247.75694727897644,0.0,127.628,0.0,-19.15001678466797
247.78974080085754,0.0,127.59,0.0,-19.143964767456055
247.8211853504181,0.0,127.573,0.0,-19.141210556030273
247.8529486656189,0.0,127.588,0.0,-19.138574600219727
247.88655853271484,0.0,127.575,0.0,-19.135778427124023
247.91768598556519,0.0,127.55,0.0,-19.13367462158203
247.95028066635132,0.0,127.537,0.0,-19.131589889526367
247.9825689792633,0.0,127.516,0.0,-19.129480361938477
248.0154447555542,0.0,127.526,0.0,-19.12674331665039
248.03877115249634,0.0,127.476,0.0,-19.124034881591797
248.07719945907593,0.0,127.468,0.0,-19.122032165527344
248.11177110671997,0.0,127.434,0.0,-19.117313385009766
248.13954281806946,0.0,127.428,0.0,-19.1153564453125
248.17114281654358,0.0,127.385,0.0,-19.113689422607422
248.20504093170166,0.0,127.402,0.0,-19.110694885253906
248.23648977279663,0.0,127.385,0.0,-19.107421875
248.268807888031,0.0,127.383,0.0,-19.10556411743164
248.31224989891052,0.0,127.348,0.0,-19.102718353271484
248.34484839439392,0.0,127.315,0.0,-19.099872589111328
248.3843231201172,0.0,127.271,0.0,-19.09621810913086
248.41595196723938,0.0,127.258,0.0,-19.090431213378906
248.44885802268982,0.0,127.286,0.0,-19.0887393951416
248.48103857040405,0.0,127.262,0.0,-19.0883846282959
248.51291036605835,0.0,127.246,0.0,-19.085737228393555
248.54588961601257,0.0,127.241,0.0,-19.084487915039062
248.5715630054474,0.0,127.203,0.0,-19.082027435302734
248.60256338119507,0.0,127.175,0.0,-19.07904815673828
248.63568925857544,0.0,127.185,0.0,-19.07440948486328
248.6670093536377,0.0,127.189,0.0,-19.07389259338379
248.69814896583557,0.0,127.183,0.0,-19.07376480102539
248.73072218894958,0.0,127.189,0.0,-19.07351303100586
248.7638328075409,0.0,127.169,0.0,-19.072938919067383
248.7953474521637,0.0,127.156,0.0,-19.07254409790039
248.82697010040283,0.0,127.132,0.0,-19.07176971435547
248.86026310920715,0.0,127.106,0.0,-19.06803321838379
248.8910312652588,0.0,127.098,0.0,-19.066068649291992
248.9233214855194,0.0,127.092,0.0,-19.06378746032715
248.9551010131836,0.0,127.095,0.0,-19.06269073486328
248.98787140846252,0.0,127.057,0.0,-19.060033798217773
249.02438521385193,0.0,127.02,0.0,-19.058889389038086
249.05386018753052,0.0,127.016,0.0,-19.056194305419922
249.07977604866028,0.0,127.008,0.0,-19.05402183532715
249.11056923866272,0.0,127.004,0.0,-19.050512313842773
249.14275312423706,0.0,126.982,0.0,-19.04845428466797
249.1744875907898,0.0,126.972,0.0,-19.04694938659668
249.2064881324768,0.0,126.928,0.0,-19.045452117919922
249.23805046081543,0.0,126.9,0.0,-19.039989471435547
249.26961660385132,0.0,126.882,0.0,-19.037315368652344
249.30361604690552,0.0,126.871,0.0,-19.034587860107422
249.33374524116516,0.0,126.882,0.0,-19.032115936279297
249.36483025550842,0.0,126.873,0.0,-19.029033660888672
249.39738035202026,0.0,126.854,0.0,-19.02821159362793
249.42981910705566,0.0,126.822,0.0,-19.02687644958496
249.4635317325592,0.0,126.81,0.0,-19.022422790527344
249.4939730167389,0.0,126.777,0.0,-19.019454956054688
249.5266044139862,0.0,126.78,0.0,-19.01839256286621
249.55762028694153,0.0,126.768,0.0,-19.016664505004883
249.5900101661682,0.0,126.768,0.0,-19.013675689697266
249.62164688110352,0.0,126.702,0.0,-19.01003646850586
249.65482783317566,0.0,126.715,0.0,-19.00807762145996
249.68783044815063,0.0,126.746,0.0,-19.006603240966797
249.72690057754517,0.0,126.751,0.0,-19.006816864013672
249.75076413154602,0.0,126.751,0.0,-19.007282257080078
249.79136490821838,0.0,126.693,0.0,-19.007972717285156
249.82283997535706,0.0,126.681,0.0,-19.005966186523438
249.85558366775513,0.0,126.653,0.0,-19.003976821899414
249.88892889022827,0.0,126.614,0.0,-18.997724533081055
249.91969656944275,0.0,126.572,0.0,-18.994762420654297
249.95220351219177,0.0,126.565,0.0,-18.991044998168945
249.98459935188293,0.0,126.56,0.0,-18.98797035217285
250.01685762405396,0.0,126.525,0.0,-18.982189178466797
250.0482692718506,0.0,126.5,0.0,-18.97970962524414
250.07992839813232,0.0,126.487,0.0,-18.97689437866211
250.11507654190063,0.0,126.494,0.0,-18.972673416137695
250.14358353614807,0.0,126.488,0.0,-18.971290588378906
250.17755126953125,0.0,126.479,0.0,-18.969953536987305
250.2092640399933,0.0,126.528,0.0,-18.969955444335938
250.2417812347412,0.0,126.512,0.0,-18.972244262695312
250.27407717704773,0.0,126.47,0.0,-18.972469329833984
250.3058545589447,0.0,126.402,0.0,-18.9709529876709
250.33849334716797,0.0,126.369,0.0,-18.963594436645508
250.37032866477966,0.0,126.354,0.0,-18.9600830078125
250.40368580818176,0.0,126.366,0.0,-18.956830978393555
250.42870616912842,0.0,126.354,0.0,-18.954917907714844
250.45829343795776,0.0,126.354,0.0,-18.95303726196289
250.48980164527893,0.0,126.354,0.0,-18.95073699951172
250.52236413955688,0.0,126.354,0.0,-18.950103759765625
250.55552101135254,0.0,126.259,0.0,-18.94731330871582
250.58854222297668,0.0,126.249,0.0,-18.940502166748047
250.62049007415771,0.0,126.266,0.0,-18.93817138671875
250.6523368358612,0.0,126.237,0.0,-18.93718910217285
250.67670106887817,0.0,126.225,0.0,-18.935319900512695
250.70985984802246,0.0,126.208,0.0,-18.933473587036133
250.7418510913849,0.0,126.191,0.0,-18.92891502380371
250.77403020858765,0.0,126.159,0.0,-18.927406311035156
250.8059675693512,0.0,126.154,0.0,-18.92500114440918
250.83847069740295,0.0,126.096,0.0,-18.919187545776367
250.8699471950531,0.0,126.097,0.0,-18.916236877441406
250.90208792686462,0.0,126.076,0.0,-18.914196014404297
250.93398714065552,0.0,126.1,0.0,-18.91185188293457
250.96636629104614,0.0,126.093,0.0,-18.910449981689453
250.99897694587708,0.0,126.084,0.0,-18.90899658203125
251.03014636039734,0.0,126.07,0.0,-18.90860939025879
251.06406092643738,0.0,126.072,0.0,-18.907392501831055
251.0942735671997,0.0,126.048,0.0,-18.906143188476562
251.12746047973633,0.0,126.04,0.0,-18.904930114746094
251.1712350845337,0.0,125.999,0.0,-18.900775909423828
251.19613409042358,0.0,126.004,0.0,-18.899526596069336
251.22833967208862,0.0,125.989,0.0,-18.898649215698242
251.26416611671448,0.0,125.961,0.0,-18.895893096923828
251.29261875152588,0.0,125.961,0.0,-18.894285202026367
251.3248906135559,0.0,125.97,0.0,-18.893125534057617
251.35660576820374,0.0,125.961,0.0,-18.892688751220703
251.38910341262817,0.0,125.963,0.0,-18.891719818115234
251.42145657539368,0.0,125.933,0.0,-18.8908634185791
251.45320582389832,0.0,125.908,0.0,-18.88968276977539
251.48954272270203,0.0,125.901,0.0,-18.886098861694336
251.5171675682068,0.0,125.884,0.0,-18.8841495513916
251.5494303703308,0.0,125.889,0.0,-18.88233757019043
251.58240175247192,0.0,125.885,0.0,-18.88159942626953
251.61422991752625,0.0,125.855,0.0,-18.879230499267578
251.64813089370728,0.0,125.851,0.0,-18.877817153930664
251.67927479743958,0.0,125.818,0.0,-18.876041412353516
251.7147581577301,0.0,125.812,0.0,-18.872440338134766
251.7432825565338,0.0,125.802,0.0,-18.870805740356445
251.77695178985596,0.0,125.8,0.0,-18.86953353881836
251.80915665626526,0.0,125.784,0.0,-18.86808204650879
251.8447961807251,0.0,125.743,0.0,-18.86617660522461
251.87746787071228,0.0,125.691,0.0,-18.86386489868164
251.91652536392212,0.0,125.675,0.0,-18.85636329650879
251.94292569160461,0.0,125.732,0.0,-18.855262756347656
251.97598361968994,0.0,125.728,0.0,-18.855300903320312
252.00771641731262,0.0,125.7,0.0,-18.85525131225586
252.04032564163208,0.0,125.672,0.0,-18.852144241333008
252.0717968940735,0.0,125.607,0.0,-18.84847068786621
252.10531520843506,0.0,125.607,0.0,-18.8452091217041
252.13645005226135,0.0,125.574,0.0,-18.842777252197266
252.16878080368042,0.0,125.567,0.0,-18.836959838867188
252.20139360427856,0.0,125.553,0.0,-18.834426879882812
252.23229908943176,0.0,125.545,0.0,-18.831817626953125
252.26060891151428,0.0,125.54,0.0,-18.8303279876709
252.28939843177795,0.0,125.506,0.0,-18.8267822265625
252.32194256782532,0.0,125.516,0.0,-18.82553482055664
252.35397124290466,0.0,125.49,0.0,-18.82467269897461
252.38612031936646,0.0,125.431,0.0,-18.823015213012695
252.41903591156006,0.0,125.432,0.0,-18.81791877746582
252.4512209892273,0.0,125.41,0.0,-18.815654754638672
252.48305535316467,0.0,125.395,0.0,-18.813081741333008
252.49988174438477,0.0,125.4,0.0,-18.81056785583496
252.53946948051453,0.0,125.384,0.0,-18.80712127685547
252.58506560325623,0.0,125.367,0.0,-18.80451774597168
252.61755061149597,0.0,125.365,0.0,-18.802204132080078
252.64882493019104,0.0,125.383,0.0,-18.800613403320312
252.68156147003174,0.0,125.391,0.0,-18.801164627075195
252.7137565612793,0.0,125.377,0.0,-18.80202293395996
252.7471785545349,0.0,125.394,0.0,-18.803104400634766
252.7793128490448,0.0,125.376,0.0,-18.80375862121582
252.82004237174988,0.0,125.345,0.0,-18.802406311035156
252.85188174247742,0.0,125.306,0.0,-18.79982566833496
252.88391995429993,0.0,125.291,0.0,-18.797470092773438
252.91534948349,0.0,125.299,0.0,-18.794048309326172
252.94711184501648,0.0,125.308,0.0,-18.793331146240234
252.97999596595764,0.0,125.277,0.0,-18.793222427368164
253.01312255859375,0.0,125.246,0.0,-18.789642333984375
253.04380750656128,0.0,125.227,0.0,-18.788421630859375
253.07680892944336,0.0,125.21,0.0,-18.786287307739258
253.10884857177734,0.0,125.23,0.0,-18.78399085998535
253.14109134674072,0.0,125.202,0.0,-18.781356811523438
253.17310118675232,0.0,125.194,0.0,-18.779682159423828
253.20502853393555,0.0,125.176,0.0,-18.77850341796875
253.23684358596802,0.0,125.191,0.0,-18.776912689208984
253.2779905796051,0.0,125.131,0.0,-18.774877548217773
253.31042528152466,0.0,125.11,0.0,-18.772438049316406
253.341388463974,0.0,125.086,0.0,-18.766733169555664
253.37675142288208,0.0,125.091,0.0,-18.764698028564453
253.4091432094574,0.0,125.07,0.0,-18.763715744018555
253.44109725952148,0.0,125.054,0.0,-18.759479522705078
253.47420144081116,0.0,125.036,0.0,-18.757129669189453
253.5070219039917,0.0,125.013,0.0,-18.754436492919922
253.54209423065186,0.0,124.982,0.0,-18.749618530273438
253.57062649726868,0.0,124.966,0.0,-18.74761390686035
253.6032931804657,0.0,124.966,0.0,-18.745492935180664
253.6349184513092,0.0,124.962,0.0,-18.743953704833984
253.66743969917297,0.0,124.92,0.0,-18.740480422973633
253.69897747039795,0.0,124.901,0.0,-18.738445281982422
253.7323899269104,0.0,124.911,0.0,-18.73617172241211
253.7671356201172,0.0,124.911,0.0,-18.734079360961914
253.7962691783905,0.0,124.906,0.0,-18.733304977416992
253.82867789268494,0.0,124.866,0.0,-18.732210159301758
253.86049795150757,0.0,124.865,0.0,-18.730361938476562
253.90542125701904,0.0,124.872,0.0,-18.727834701538086
253.9378855228424,0.0,124.861,0.0,-18.727497100830078
253.96787476539612,0.0,124.846,0.0,-18.725812911987305
254.00825572013855,0.0,124.836,0.0,-18.724748611450195
254.04256749153137,0.0,124.855,0.0,-18.724143981933594
254.08205103874207,0.0,124.868,0.0,-18.724937438964844
254.11473679542542,0.0,124.76,0.0,-18.72447967529297
254.14746141433716,0.0,124.743,0.0,-18.72060775756836
254.17987084388733,0.0,124.712,0.0,-18.717187881469727
254.21128058433533,0.0,124.713,0.0,-18.713308334350586
254.2437779903412,0.0,124.727,0.0,-18.70920753479004
254.27660727500916,0.0,124.751,0.0,-18.7080135345459
254.30862522125244,0.0,124.764,0.0,-18.70818328857422
254.3410928249359,0.0,124.74,0.0,-18.70859146118164
254.37351441383362,0.0,124.734,0.0,-18.7081356048584
254.41069078445435,0.0,124.667,0.0,-18.706335067749023
254.44249272346497,0.0,124.642,0.0,-18.700687408447266
254.47447419166565,0.0,124.634,0.0,-18.698091506958008
254.5060579776764,0.0,124.632,0.0,-18.6962890625
254.53805136680603,0.0,124.637,0.0,-18.694765090942383
254.57063555717468,0.0,124.61,0.0,-18.692142486572266
254.60436177253723,0.0,124.606,0.0,-18.690710067749023
254.63554334640503,0.0,124.614,0.0,-18.68997573852539
254.66803407669067,0.0,124.607,0.0,-18.689260482788086
254.70024180412292,0.0,124.566,0.0,-18.688827514648438
254.74206352233887,0.0,124.436,0.0,-18.68167495727539
254.77001452445984,0.0,124.449,0.0,-18.67599105834961
254.80998253822327,0.0,124.483,0.0,-18.67223358154297
254.8435504436493,0.0,124.501,0.0,-18.670654296875
254.8745837211609,0.0,124.487,0.0,-18.670597076416016
254.90697193145752,0.0,124.441,0.0,-18.670059204101562
254.94332456588745,0.0,124.42,0.0,-18.665260314941406
254.9694836139679,0.0,124.401,0.0,-18.662586212158203
255.0017125606537,0.0,124.41,0.0,-18.66048812866211
255.0343644618988,0.0,124.405,0.0,-18.659465789794922
255.0665307044983,0.0,124.398,0.0,-18.657657623291016
255.09928274154663,0.0,124.366,0.0,-18.655704498291016
255.1308331489563,0.0,124.354,0.0,-18.653778076171875
255.16254234313965,0.0,124.311,0.0,-18.651033401489258
255.19481658935547,0.0,124.293,0.0,-18.645952224731445
255.22709321975708,0.0,124.245,0.0,-18.6440486907959
255.25918436050415,0.0,124.253,0.0,-18.640661239624023
255.2905535697937,0.0,124.266,0.0,-18.63744354248047
255.3217384815216,0.0,124.277,0.0,-18.636747360229492
255.35443353652954,0.0,124.265,0.0,-18.63677215576172
255.38610124588013,0.0,124.287,0.0,-18.636381149291992
255.41858506202698,0.0,124.268,0.0,-18.63692283630371
255.45915937423706,0.0,124.225,0.0,-18.635690689086914
255.48564291000366,0.0,124.18,0.0,-18.63418197631836
255.53406620025635,0.0,124.182,0.0,-18.630264282226562
255.56954503059387,0.0,124.193,0.0,-18.627504348754883
255.5991508960724,0.0,124.211,0.0,-18.627641677856445
255.631014585495,0.0,124.163,0.0,-18.625804901123047
255.66257333755493,0.0,124.172,0.0,-18.62651252746582
255.69626784324646,0.0,124.146,0.0,-18.62359619140625
255.72573947906494,0.0,124.139,0.0,-18.621936798095703
255.7579391002655,0.0,124.107,0.0,-18.619375228881836
255.7889461517334,0.0,124.057,0.0,-18.617464065551758
255.82100343704224,0.0,124.058,0.0,-18.612722396850586
255.85383796691895,0.0,124.061,0.0,-18.610488891601562
255.88536858558655,0.0,124.082,0.0,-18.608972549438477
255.91890788078308,0.0,124.028,0.0,-18.607215881347656
255.94952249526978,0.0,124.008,0.0,-18.605300903320312
255.97708010673523,0.0,123.96,0.0,-18.603059768676758
256.00462436676025,0.0,123.979,0.0,-18.599393844604492
256.03630471229553,0.0,123.944,0.0,-18.597444534301758
256.06894278526306,0.0,123.93,0.0,-18.591835021972656
256.101443529129,0.0,123.946,0.0,-18.590497970581055
256.13434410095215,0.0,123.915,0.0,-18.5892276763916
256.1730053424835,0.0,123.904,0.0,-18.585580825805664
256.20622515678406,0.0,123.873,0.0,-18.582984924316406
256.24719619750977,0.0,123.842,0.0,-18.57735824584961
256.2775583267212,0.0,123.815,0.0,-18.574495315551758
256.3103024959564,0.0,123.81,0.0,-18.572179794311523
256.3434817790985,0.0,123.825,0.0,-18.569612503051758
256.37432622909546,0.0,123.855,0.0,-18.569358825683594
256.40553736686707,0.0,123.862,0.0,-18.570524215698242
256.43776416778564,0.0,123.847,0.0,-18.57181167602539
256.4701449871063,0.0,123.815,0.0,-18.571666717529297
256.51118445396423,0.0,123.812,0.0,-18.570941925048828
256.54444789886475,0.0,123.804,0.0,-18.56956672668457
256.57452034950256,0.0,123.816,0.0,-18.569337844848633
256.6063508987427,0.0,123.801,0.0,-18.569429397583008
256.63763070106506,0.0,123.799,0.0,-18.568925857543945
256.669668674469,0.0,123.791,0.0,-18.567888259887695
256.7018437385559,0.0,123.774,0.0,-18.566747665405273
256.73339319229126,0.0,123.783,0.0,-18.566585540771484
256.7498733997345,0.0,123.783,0.0,-18.566213607788086
256.782488822937,0.0,123.769,0.0,-18.56622314453125
256.81425881385803,0.0,123.763,0.0,-18.565431594848633
256.84615421295166,0.0,123.724,0.0,-18.562376022338867
256.88056898117065,0.0,123.716,0.0,-18.56035614013672
256.90993428230286,0.0,123.688,0.0,-18.558841705322266
256.9455351829529,0.0,123.666,0.0,-18.554704666137695
256.98246574401855,0.0,123.69,0.0,-18.552539825439453
257.0195269584656,0.0,123.686,0.0,-18.551362991333008
257.0442383289337,0.0,123.712,0.0,-18.551403045654297
257.07675099372864,0.0,123.713,0.0,-18.552162170410156
257.1084408760071,0.0,123.686,0.0,-18.552845001220703
257.1249234676361,0.0,123.672,0.0,-18.552284240722656
257.1565225124359,0.0,123.643,0.0,-18.55130386352539
257.1896207332611,0.0,123.612,0.0,-18.54937171936035
257.2212631702423,0.0,123.597,0.0,-18.54391098022461
257.25407218933105,0.0,123.563,0.0,-18.5406551361084
257.28544902801514,0.0,123.54,0.0,-18.537992477416992
257.3182725906372,0.0,123.55,0.0,-18.53325080871582
257.3497676849365,0.0,123.53,0.0,-18.531110763549805
257.3823597431183,0.0,123.495,0.0,-18.528066635131836
257.41344261169434,0.0,123.426,0.0,-18.525421142578125
257.446106672287,0.0,123.427,0.0,-18.51762580871582
257.478152513504,0.0,123.414,0.0,-18.51516342163086
257.50998425483704,0.0,123.41,0.0,-18.512821197509766
257.5406188964844,0.0,123.403,0.0,-18.51095199584961
257.5680615901947,0.0,123.393,0.0,-18.507755279541016
257.5953607559204,0.0,123.388,0.0,-18.506439208984375
257.6288032531738,0.0,123.376,0.0,-18.505695343017578
257.66126918792725,0.0,123.37,0.0,-18.50455093383789
257.69579792022705,0.0,123.37,0.0,-18.5028018951416
257.72512912750244,0.0,123.334,0.0,-18.50083351135254
257.75710892677307,0.0,123.345,0.0,-18.49948501586914
257.78989267349243,0.0,123.338,0.0,-18.498910903930664
257.82127022743225,0.0,123.376,0.0,-18.49943733215332
257.8541040420532,0.0,123.354,0.0,-18.499500274658203
257.8862609863281,0.0,123.299,0.0,-18.498525619506836
257.92026019096375,0.0,123.297,0.0,-18.495128631591797
257.9507312774658,0.0,123.267,0.0,-18.492782592773438
257.98316717147827,0.0,123.239,0.0,-18.489864349365234
258.0157241821289,0.0,123.246,0.0,-18.487472534179688
258.0481948852539,0.0,123.248,0.0,-18.485393524169922
258.08017897605896,0.0,123.265,0.0,-18.484844207763672
258.1274390220642,0.0,123.231,0.0,-18.484722137451172
258.15767121315,0.0,123.198,0.0,-18.483823776245117
258.190566778183,0.0,123.196,0.0,-18.481807708740234
258.2224667072296,0.0,123.2,0.0,-18.479246139526367
258.2548756599426,0.0,123.196,0.0,-18.478553771972656
258.28731775283813,0.0,123.167,0.0,-18.477916717529297
258.3245997428894,0.0,123.14,0.0,-18.474637985229492
258.34993505477905,0.0,123.14,0.0,-18.472728729248047
258.38025164604187,0.0,123.179,0.0,-18.472200393676758
258.4122259616852,0.0,123.177,0.0,-18.472614288330078
258.44451379776,0.0,123.184,0.0,-18.473495483398438
258.4769251346588,0.0,123.162,0.0,-18.473072052001953
258.50934863090515,0.0,123.104,0.0,-18.471323013305664
258.541264295578,0.0,123.082,0.0,-18.469053268432617
258.57430624961853,0.0,123.075,0.0,-18.464157104492188
258.60660791397095,0.0,123.06,0.0,-18.461835861206055
258.6375255584717,0.0,123.039,0.0,-18.459226608276367
258.6695206165314,0.0,122.98,0.0,-18.45562744140625
258.70124793052673,0.0,122.962,0.0,-18.452171325683594
258.73323154449463,0.0,122.957,0.0,-18.448822021484375
258.7655234336853,0.0,122.949,0.0,-18.44611167907715
258.7974696159363,0.0,122.925,0.0,-18.440759658813477
258.8295533657074,0.0,122.918,0.0,-18.43882179260254
258.8618724346161,0.0,122.915,0.0,-18.437131881713867
258.89496397972107,0.0,122.89,0.0,-18.433818817138672
258.9264807701111,0.0,122.866,0.0,-18.431882858276367
258.9585540294647,0.0,122.83,0.0,-18.429981231689453
258.9908685684204,0.0,122.854,0.0,-18.427099227905273
259.01691150665283,0.0,122.822,0.0,-18.425979614257812
259.05001974105835,0.0,122.813,0.0,-18.421964645385742
259.0814006328583,0.0,122.817,0.0,-18.420759201049805
259.1163251399994,0.0,122.795,0.0,-18.419466018676758
259.14839267730713,0.0,122.803,0.0,-18.417476654052734
259.17817878723145,0.0,122.794,0.0,-18.416709899902344
259.22405076026917,0.0,122.787,0.0,-18.415443420410156
259.2506847381592,0.0,122.782,0.0,-18.414888381958008
259.28280878067017,0.0,122.751,0.0,-18.41453742980957
259.31506419181824,0.0,122.7,0.0,-18.41303825378418
259.3466398715973,0.0,122.693,0.0,-18.406463623046875
259.3781852722168,0.0,122.688,0.0,-18.404590606689453
259.41034293174744,0.0,122.683,0.0,-18.403018951416016
259.442902803421,0.0,122.647,0.0,-18.40167999267578
259.4744145870209,0.0,122.596,0.0,-18.395263671875
259.5062482357025,0.0,122.58,0.0,-18.39145851135254
259.5386755466461,0.0,122.597,0.0,-18.38878631591797
259.5704355239868,0.0,122.611,0.0,-18.387271881103516
259.6021468639374,0.0,122.628,0.0,-18.387880325317383
259.6336336135864,0.0,122.611,0.0,-18.38772964477539
259.6666247844696,0.0,122.601,0.0,-18.387195587158203
259.6973879337311,0.0,122.589,0.0,-18.38633155822754
259.7263991832733,0.0,122.589,0.0,-18.385927200317383
259.7604548931122,0.0,122.604,0.0,-18.386314392089844
259.79152512550354,0.0,122.57,0.0,-18.387014389038086
259.8246281147003,0.0,122.544,0.0,-18.386363983154297
259.85675621032715,0.0,122.461,0.0,-18.384357452392578
259.88866662979126,0.0,122.477,0.0,-18.379371643066406
259.92359924316406,0.0,122.47,0.0,-18.373611450195312
259.95270013809204,0.0,122.474,0.0,-18.37160873413086
259.98517990112305,0.0,122.445,0.0,-18.370351791381836
260.0163586139679,0.0,122.457,0.0,-18.368244171142578
260.04912757873535,0.0,122.486,0.0,-18.367694854736328
260.0809588432312,0.0,122.476,0.0,-18.367942810058594
260.11303544044495,0.0,122.435,0.0,-18.367996215820312
260.1481420993805,0.0,122.375,0.0,-18.3626766204834
260.1765956878662,0.0,122.356,0.0,-18.35908317565918
260.2093713283539,0.0,122.339,0.0,-18.355792999267578
260.2416338920593,0.0,122.331,0.0,-18.353208541870117
260.2737991809845,0.0,122.344,0.0,-18.349868774414062
260.30528593063354,0.0,122.322,0.0,-18.348190307617188
260.33751344680786,0.0,122.32,0.0,-18.346900939941406
260.3687410354614,0.0,122.238,0.0,-18.343643188476562
260.3977153301239,0.0,122.264,0.0,-18.338592529296875
260.4275469779968,0.0,122.26,0.0,-18.33751106262207
260.46827387809753,0.0,122.281,0.0,-18.336605072021484
260.49622654914856,0.0,122.261,0.0,-18.336349487304688
260.5470721721649,0.0,122.204,0.0,-18.3325138092041
260.579541683197,0.0,122.235,0.0,-18.331247329711914
260.61055541038513,0.0,122.226,0.0,-18.331233978271484
260.6428406238556,0.0,122.238,0.0,-18.330928802490234
260.6736190319061,0.0,122.234,0.0,-18.331439971923828
260.7046592235565,0.0,122.164,0.0,-18.330415725708008
260.736367225647,0.0,122.125,0.0,-18.32796287536621
260.77639174461365,0.0,122.106,0.0,-18.32107925415039
260.80777049064636,0.0,122.097,0.0,-18.31814193725586
260.83931374549866,0.0,122.111,0.0,-18.315954208374023
260.86503052711487,0.0,122.105,0.0,-18.314939498901367
260.9045412540436,0.0,122.101,0.0,-18.31317710876465
260.9362692832947,0.0,122.056,0.0,-18.310739517211914
260.96779680252075,0.0,121.997,0.0,-18.30788803100586
260.9851460456848,0.0,121.997,0.0,-18.30434226989746
261.0164875984192,0.0,121.975,0.0,-18.301692962646484
261.0504570007324,0.0,121.952,0.0,-18.29539680480957
261.08041882514954,0.0,121.949,0.0,-18.29319190979004
261.1099512577057,0.0,121.955,0.0,-18.291471481323242
261.14354252815247,0.0,121.946,0.0,-18.290502548217773
261.17541217803955,0.0,121.908,0.0,-18.288166046142578
261.20727348327637,0.0,121.91,0.0,-18.28628158569336
261.23784947395325,0.0,121.92,0.0,-18.28500747680664
261.27527379989624,0.0,121.922,0.0,-18.28435516357422
261.30267572402954,0.0,121.905,0.0,-18.28409194946289
261.33497190475464,0.0,121.866,0.0,-18.28346824645996
261.3669173717499,0.0,121.86,0.0,-18.28142547607422
261.3975598812103,0.0,121.848,0.0,-18.27789306640625
261.426958322525,0.0,121.825,0.0,-18.275632858276367
261.4589240550995,0.0,121.831,0.0,-18.27350616455078
261.49319219589233,0.0,121.815,0.0,-18.272661209106445
261.5251045227051,0.0,121.824,0.0,-18.270919799804688
261.5525758266449,0.0,121.825,0.0,-18.27065658569336
261.5877594947815,0.0,121.808,0.0,-18.26981544494629
261.61423420906067,0.0,121.788,0.0,-18.26839828491211
261.6545777320862,0.0,121.755,0.0,-18.26510238647461
261.68276929855347,0.0,121.761,0.0,-18.263582229614258
261.70812034606934,0.0,121.75,0.0,-18.262733459472656
261.7502980232239,0.0,121.688,0.0,-18.259944915771484
261.778511762619,0.0,121.654,0.0,-18.25707244873047
261.80115699768066,0.0,121.655,0.0,-18.25349998474121
261.83654284477234,0.0,121.662,0.0,-18.2508602142334
261.87234234809875,0.0,121.655,0.0,-18.247716903686523
261.9217026233673,0.0,121.64,0.0,-18.245460510253906
261.9548547267914,0.0,121.628,0.0,-18.243785858154297
261.98592162132263,0.0,121.613,0.0,-18.24274444580078
262.0177266597748,0.0,121.64,0.0,-18.241392135620117
262.05660605430603,0.0,121.632,0.0,-18.241945266723633
262.0867602825165,0.0,121.656,0.0,-18.24180793762207
262.1185097694397,0.0,121.626,0.0,-18.24277687072754
262.1499054431915,0.0,121.617,0.0,-18.24165916442871
262.1816816329956,0.0,121.613,0.0,-18.241025924682617
262.21259808540344,0.0,121.625,0.0,-18.240421295166016
262.24437403678894,0.0,121.617,0.0,-18.240676879882812
262.2762167453766,0.0,121.605,0.0,-18.240055084228516
262.30042791366577,0.0,121.591,0.0,-18.239099502563477
262.3352155685425,0.0,121.571,0.0,-18.23756217956543
262.3613784313202,0.0,121.583,0.0,-18.236921310424805
262.39322233200073,0.0,121.594,0.0,-18.236597061157227
262.42592692375183,0.0,121.562,0.0,-18.23552131652832
262.45989322662354,0.0,121.536,0.0,-18.233537673950195
262.49158573150635,0.0,121.51,0.0,-18.230955123901367
262.5247173309326,0.0,121.562,0.0,-18.22726058959961
262.5564475059509,0.0,121.571,0.0,-18.228445053100586
262.5940942764282,0.0,121.563,0.0,-18.22979164123535
262.60962891578674,0.0,121.521,0.0,-18.23054313659668
262.64360451698303,0.0,121.51,0.0,-18.229398727416992
262.6750285625458,0.0,121.477,0.0,-18.225725173950195
262.7256727218628,0.0,121.431,0.0,-18.220224380493164
262.76039147377014,0.0,121.403,0.0,-18.216684341430664
262.79335856437683,0.0,121.405,0.0,-18.21401023864746
262.8247826099396,0.0,121.427,0.0,-18.211618423461914
262.85739970207214,0.0,121.428,0.0,-18.211362838745117
262.8888759613037,0.0,121.375,0.0,-18.210857391357422
262.92043566703796,0.0,121.382,0.0,-18.20868682861328
262.9551064968109,0.0,121.388,0.0,-18.2066707611084
262.9854779243469,0.0,121.366,0.0,-18.20527458190918
263.0188193321228,0.0,121.388,0.0,-18.205184936523438
263.05404329299927,0.0,121.343,0.0,-18.202844619750977
263.09223914146423,0.0,121.331,0.0,-18.201602935791016
263.11859703063965,0.0,121.357,0.0,-18.2002010345459
263.15180587768555,0.0,121.277,0.0,-18.199172973632812
263.17776012420654,0.0,121.271,0.0,-18.196239471435547
263.21078658103943,0.0,121.247,0.0,-18.193782806396484
263.2453203201294,0.0,121.245,0.0,-18.190942764282227
263.27865195274353,0.0,121.238,0.0,-18.18710708618164
263.30431723594666,0.0,121.214,0.0,-18.18563461303711
263.3275237083435,0.0,121.214,0.0,-18.18356704711914
263.35984897613525,0.0,121.142,0.0,-18.18028450012207
263.39563155174255,0.0,121.151,0.0,-18.176570892333984
263.4268205165863,0.0,121.119,0.0,-18.17106819152832
263.45862317085266,0.0,121.115,0.0,-18.168601989746094
263.48413133621216,0.0,121.133,0.0,-18.16755485534668
263.52103066444397,0.0,121.124,0.0,-18.166513442993164
263.5602583885193,0.0,121.105,0.0,-18.164485931396484
263.5867717266083,0.0,121.078,0.0,-18.162456512451172
263.6126112937927,0.0,121.064,0.0,-18.16039276123047
263.65144872665405,0.0,121.055,0.0,-18.15644073486328
263.67565274238586,0.0,121.063,0.0,-18.155986785888672
263.7097399234772,0.0,121.086,0.0,-18.156696319580078
263.74240040779114,0.0,121.084,0.0,-18.15724754333496
263.7703959941864,0.0,121.072,0.0,-18.157751083374023
263.80354857444763,0.0,120.971,0.0,-18.154502868652344
263.82775115966797,0.0,120.976,0.0,-18.15108299255371
263.86061549186707,0.0,120.988,0.0,-18.14872169494629
263.89198899269104,0.0,120.975,0.0,-18.147480010986328
263.92372488975525,0.0,120.997,0.0,-18.146053314208984
263.9641230106354,0.0,120.956,0.0,-18.145450592041016
263.98977303504944,0.0,120.96,0.0,-18.143917083740234
264.0381968021393,0.0,120.911,0.0,-18.14092254638672
264.070125579834,0.0,120.884,0.0,-18.13874053955078
264.1113224029541,0.0,120.872,0.0,-18.133150100708008
264.14174127578735,0.0,120.872,0.0,-18.131328582763672
264.17210578918457,0.0,120.905,0.0,-18.130006790161133
264.2045702934265,0.0,120.929,0.0,-18.13189125061035
264.24441862106323,0.0,120.889,0.0,-18.13269805908203
264.27853083610535,0.0,120.879,0.0,-18.13124656677246
264.3084785938263,0.0,120.86,0.0,-18.129858016967773
264.3460910320282,0.0,120.842,0.0,-18.12766456604004
264.3853847980499,0.0,120.812,0.0,-18.125246047973633
264.4233112335205,0.0,120.799,0.0,-18.123443603515625
264.46583318710327,0.0,120.799,0.0,-18.120765686035156
264.4938020706177,0.0,120.77,0.0,-18.119625091552734
264.5268087387085,0.0,120.755,0.0,-18.115873336791992
264.56108236312866,0.0,120.736,0.0,-18.114194869995117
264.57773995399475,0.0,120.736,0.0,-18.11216926574707
264.61221861839294,0.0,120.707,0.0,-18.10962677001953
264.655659198761,0.0,120.706,0.0,-18.106014251708984
264.68414425849915,0.0,120.661,0.0,-18.10401153564453
264.7099931240082,0.0,120.661,0.0,-18.10153579711914
264.7442944049835,0.0,120.618,0.0,-18.099075317382812
264.77060627937317,0.0,120.614,0.0,-18.096084594726562
264.8035373687744,0.0,120.61,0.0,-18.091777801513672
264.839200258255,0.0,120.605,0.0,-18.090179443359375
264.87730503082275,0.0,120.618,0.0,-18.08880043029785
264.910178899765,0.0,120.596,0.0,-18.08778190612793
264.941903591156,0.0,120.579,0.0,-18.086366653442383
264.9772484302521,0.0,120.559,0.0,-18.08353042602539
265.0060956478119,0.0,120.564,0.0,-18.08270263671875
265.03979206085205,0.0,120.559,0.0,-18.08214569091797
265.0715665817261,0.0,120.557,0.0,-18.081581115722656
265.1105909347534,0.0,120.535,0.0,-18.08036231994629
265.14227414131165,0.0,120.503,0.0,-18.079410552978516
265.17842411994934,0.0,120.496,0.0,-18.075618743896484
265.205442905426,0.0,120.509,0.0,-18.07414436340332
265.2377851009369,0.0,120.513,0.0,-18.073789596557617
265.2768852710724,0.0,120.487,0.0,-18.07269859313965
265.3092477321625,0.0,120.467,0.0,-18.07215690612793
265.3417043685913,0.0,120.465,0.0,-18.070749282836914
265.3790898323059,0.0,120.496,0.0,-18.07014274597168
265.41455817222595,0.0,120.483,0.0,-18.07012939453125
265.4441692829132,0.0,120.488,0.0,-18.070087432861328
265.4841330051422,0.0,120.476,0.0,-18.070032119750977
265.5268168449402,0.0,120.444,0.0,-18.067800521850586
265.55957889556885,0.0,120.426,0.0,-18.066116333007812
265.5974235534668,0.0,120.394,0.0,-18.064353942871094
265.63559222221375,0.0,120.383,0.0,-18.061237335205078
265.6677088737488,0.0,120.376,0.0,-18.059432983398438
265.69869804382324,0.0,120.371,0.0,-18.05780029296875
265.7310652732849,0.0,120.357,0.0,-18.054935455322266
265.76011967658997,0.0,120.345,0.0,-18.053707122802734
265.7921142578125,0.0,120.382,0.0,-18.05231475830078
265.82402896881104,0.0,120.342,0.0,-18.052854537963867
265.856520652771,0.0,120.341,0.0,-18.050739288330078
265.89624094963074,0.0,120.315,0.0,-18.04987907409668
265.9288191795349,0.0,120.312,0.0,-18.047168731689453
265.9610085487366,0.0,120.289,0.0,-18.04531478881836
265.9921712875366,0.0,120.241,0.0,-18.043519973754883
266.02362179756165,0.0,120.223,0.0,-18.040599822998047
266.0549895763397,0.0,120.218,0.0,-18.035236358642578
266.08368611335754,0.0,120.218,0.0,-18.033445358276367
266.12837290763855,0.0,120.221,0.0,-18.03127670288086
266.15591502189636,0.0,120.213,0.0,-18.030414581298828
266.1947145462036,0.0,120.201,0.0,-18.029319763183594
266.2202639579773,0.0,120.181,0.0,-18.028549194335938
266.2612454891205,0.0,120.211,0.0,-18.027462005615234
266.29103541374207,0.0,120.207,0.0,-18.027578353881836
266.32333636283875,0.0,120.196,0.0,-18.02773094177246
266.35484433174133,0.0,120.142,0.0,-18.026987075805664
266.3948574066162,0.0,120.129,0.0,-18.024707794189453
266.4247055053711,0.0,120.121,0.0,-18.02245330810547
266.45872950553894,0.0,120.057,0.0,-18.017797470092773
266.4892508983612,0.0,120.054,0.0,-18.014272689819336
266.5212473869324,0.0,120.01,0.0,-18.011493682861328
266.54914355278015,0.0,119.997,0.0,-18.007577896118164
266.59296703338623,0.0,120.007,0.0,-18.002079010009766
266.62503600120544,0.0,120.025,0.0,-18.00045394897461
266.6532690525055,0.0,120.035,0.0,-18.000255584716797
266.67802000045776,0.0,119.997,0.0,-17.9989070892334
266.7102515697479,0.0,119.948,0.0,-17.995891571044922
266.7415554523468,0.0,119.942,0.0,-17.994569778442383
266.77364134788513,0.0,119.945,0.0,-17.992460250854492
266.80587816238403,0.0,119.961,0.0,-17.990711212158203
266.8370728492737,0.0,119.943,0.0,-17.989784240722656
266.87708020210266,0.0,119.921,0.0,-17.988645553588867
266.91004490852356,0.0,119.901,0.0,-17.9857234954834
266.9417781829834,0.0,119.856,0.0,-17.98259735107422
266.972295999527,0.0,119.858,0.0,-17.980052947998047
267.01207542419434,0.0,119.86,0.0,-17.977413177490234
267.0439307689667,0.0,119.859,0.0,-17.9766845703125
267.06729435920715,0.0,119.833,0.0,-17.976165771484375
267.0943748950958,0.0,119.794,0.0,-17.974754333496094
267.12843656539917,0.0,119.78,0.0,-17.969547271728516
267.16085624694824,0.0,119.796,0.0,-17.968326568603516
267.1925346851349,0.0,119.779,0.0,-17.967470169067383
267.23074316978455,0.0,119.808,0.0,-17.966480255126953
267.2584192752838,0.0,119.785,0.0,-17.966245651245117
267.2900037765503,0.0,119.808,0.0,-17.965717315673828
267.3157629966736,0.0,119.791,0.0,-17.96634292602539
267.34507989883423,0.0,119.757,0.0,-17.966176986694336
267.3767743110657,0.0,119.738,0.0,-17.964679718017578
267.4091498851776,0.0,119.718,0.0,-17.960533142089844
267.44263911247253,0.0,119.716,0.0,-17.958772659301758
267.47335171699524,0.0,119.719,0.0,-17.95747947692871
267.5044136047363,0.0,119.697,0.0,-17.955188751220703
267.53701663017273,0.0,119.693,0.0,-17.953941345214844
267.5641977787018,0.0,119.676,0.0,-17.952329635620117
267.5943434238434,0.0,119.668,0.0,-17.95081329345703
267.62648940086365,0.0,119.688,0.0,-17.950382232666016
267.6587827205658,0.0,119.668,0.0,-17.949432373046875
267.6911904811859,0.0,119.68,0.0,-17.949337005615234
267.72264337539673,0.0,119.68,0.0,-17.949321746826172
267.7607283592224,0.0,119.687,0.0,-17.949153900146484
267.7856557369232,0.0,119.661,0.0,-17.949626922607422
267.81762862205505,0.0,119.653,0.0,-17.948944091796875
267.84922885894775,0.0,119.636,0.0,-17.948122024536133
267.8817226886749,0.0,119.601,0.0,-17.944538116455078
267.91312170028687,0.0,119.543,0.0,-17.942657470703125
267.9456651210785,0.0,119.553,0.0,-17.93881607055664
267.9771771430969,0.0,119.551,0.0,-17.936325073242188
268.0098919868469,0.0,119.545,0.0,-17.93269157409668
268.0426685810089,0.0,119.554,0.0,-17.932844161987305
268.06957268714905,0.0,119.553,0.0,-17.932022094726562
268.10896492004395,0.0,119.554,0.0,-17.93104362487793
268.1398894786835,0.0,119.549,0.0,-17.92989730834961
268.17325353622437,0.0,119.532,0.0,-17.92978286743164
268.20452976226807,0.0,119.498,0.0,-17.92708969116211
268.2428033351898,0.0,119.447,0.0,-17.924840927124023
268.26884174346924,0.0,119.443,0.0,-17.921817779541016
268.30997920036316,0.0,119.447,0.0,-17.9177303314209
268.3345603942871,0.0,119.443,0.0,-17.916362762451172
268.36500668525696,0.0,119.449,0.0,-17.915632247924805
268.39748525619507,0.0,119.442,0.0,-17.914846420288086
268.4281601905823,0.0,119.429,0.0,-17.913387298583984
268.460355758667,0.0,119.426,0.0,-17.91196060180664
268.4923312664032,0.0,119.42,0.0,-17.9116153717041
268.524129152298,0.0,119.402,0.0,-17.911161422729492
268.5575740337372,0.0,119.368,0.0,-17.908187866210938
268.58957028388977,0.0,119.378,0.0,-17.90650749206543
268.62050437927246,0.0,119.377,0.0,-17.90569305419922
268.65336632728577,0.0,119.377,0.0,-17.90508460998535
268.6841449737549,0.0,119.372,0.0,-17.90420913696289
268.71659779548645,0.0,119.326,0.0,-17.902097702026367
268.7486107349396,0.0,119.318,0.0,-17.9003963470459
268.7752456665039,0.0,119.293,0.0,-17.898805618286133
268.81619787216187,0.0,119.331,0.0,-17.896284103393555
268.8476333618164,0.0,119.293,0.0,-17.896366119384766
268.8803162574768,0.0,119.315,0.0,-17.894739151000977
268.91185450553894,0.0,119.289,0.0,-17.893585205078125
268.9436273574829,0.0,119.275,0.0,-17.892162322998047
268.977427482605,0.0,119.252,0.0,-17.89128875732422
269.0087478160858,0.0,119.21,0.0,-17.886478424072266
269.03400182724,0.0,119.183,0.0,-17.88417625427246
269.064980506897,0.0,119.179,0.0,-17.881332397460938
269.09705209732056,0.0,119.183,0.0,-17.879037857055664
269.13002467155457,0.0,119.182,0.0,-17.876535415649414
269.164098739624,0.0,119.157,0.0,-17.87569236755371
269.1887288093567,0.0,119.153,0.0,-17.874067306518555
269.2249279022217,0.0,119.124,0.0,-17.87272071838379
269.2567539215088,0.0,119.113,0.0,-17.86846351623535
269.2901818752289,0.0,119.107,0.0,-17.866899490356445
269.31808280944824,0.0,119.106,0.0,-17.86556053161621
269.3506712913513,0.0,119.104,0.0,-17.864564895629883
269.3765835762024,0.0,119.066,0.0,-17.86379051208496
269.41576957702637,0.0,119.05,0.0,-17.85990333557129
269.44079518318176,0.0,119.05,0.0,-17.858152389526367
269.4826076030731,0.0,119.058,0.0,-17.855758666992188
269.5137891769409,0.0,119.061,0.0,-17.85565185546875
269.5466949939728,0.0,119.041,0.0,-17.855140686035156
269.57794713974,0.0,119.014,0.0,-17.854480743408203
269.6102979183197,0.0,118.98,0.0,-17.850326538085938
269.64316153526306,0.0,119.009,0.0,-17.849620819091797
269.67459321022034,0.0,119.008,0.0,-17.849105834960938
269.70807552337646,0.0,118.994,0.0,-17.848041534423828
269.74930334091187,0.0,118.98,0.0,-17.847496032714844
269.78268790245056,0.0,118.97,0.0,-17.84545135498047
269.811913728714,0.0,118.961,0.0,-17.845630645751953
269.83916115760803,0.0,118.94,0.0,-17.844482421875
269.8713710308075,0.0,118.926,0.0,-17.84276580810547
269.9032230377197,0.0,118.9,0.0,-17.84090805053711
269.9361472129822,0.0,118.905,0.0,-17.836801528930664
269.96774458885193,0.0,118.882,0.0,-17.83505630493164
269.9845154285431,0.0,118.882,0.0,-17.833354949951172
270.0155339241028,0.0,118.866,0.0,-17.832277297973633
270.0478286743164,0.0,118.855,0.0,-17.830673217773438
270.0798993110657,0.0,118.85,0.0,-17.82904052734375
270.11176347732544,0.0,118.841,0.0,-17.826248168945312
270.1447579860687,0.0,118.858,0.0,-17.82554054260254
270.17666888237,0.0,118.846,0.0,-17.825483322143555
270.20864510536194,0.0,118.855,0.0,-17.8250732421875
270.23946595191956,0.0,118.814,0.0,-17.82346534729004
270.27117943763733,0.0,118.792,0.0,-17.82135772705078
270.3035337924957,0.0,118.778,0.0,-17.819787979125977
270.3359248638153,0.0,118.782,0.0,-17.816774368286133
270.36088705062866,0.0,118.778,0.0,-17.816020965576172
270.3937363624573,0.0,118.741,0.0,-17.815336227416992
270.43524265289307,0.0,118.698,0.0,-17.810558319091797
270.4659924507141,0.0,118.701,0.0,-17.80794906616211
270.4989113807678,0.0,118.716,0.0,-17.80613136291504
270.53240156173706,0.0,118.708,0.0,-17.80463409423828
270.5637240409851,0.0,118.69,0.0,-17.803964614868164
270.59522438049316,0.0,118.679,0.0,-17.802886962890625
270.6276798248291,0.0,118.702,0.0,-17.80166244506836
270.659823179245,0.0,118.675,0.0,-17.800750732421875
270.6930377483368,0.0,118.611,0.0,-17.797815322875977
270.7246296405792,0.0,118.587,0.0,-17.795150756835938
270.75755524635315,0.0,118.616,0.0,-17.79113006591797
270.789080619812,0.0,118.649,0.0,-17.791805267333984
270.8217430114746,0.0,118.652,0.0,-17.79252815246582
270.8534486293793,0.0,118.604,0.0,-17.792062759399414
270.87846970558167,0.0,118.576,0.0,-17.79084014892578
270.91842126846313,0.0,118.562,0.0,-17.78666114807129
270.9501235485077,0.0,118.582,0.0,-17.78508758544922
270.9829924106598,0.0,118.57,0.0,-17.783599853515625
271.0141999721527,0.0,118.561,0.0,-17.78325653076172
271.04621958732605,0.0,118.525,0.0,-17.782676696777344
271.06202697753906,0.0,118.523,0.0,-17.780776977539062
271.0938754081726,0.0,118.509,0.0,-17.779285430908203
271.1281406879425,0.0,118.494,0.0,-17.777605056762695
271.1589937210083,0.0,118.488,0.0,-17.774112701416016
271.19475626945496,0.0,118.456,0.0,-17.771873474121094
271.22424364089966,0.0,118.454,0.0,-17.76991844177246
271.2566044330597,0.0,118.427,0.0,-17.76616096496582
271.2869589328766,0.0,118.411,0.0,-17.763837814331055
271.31808972358704,0.0,118.377,0.0,-17.760692596435547
271.3503131866455,0.0,118.343,0.0,-17.758472442626953
271.3826394081116,0.0,118.361,0.0,-17.753679275512695
271.4103603363037,0.0,118.394,0.0,-17.75391387939453
271.4417157173157,0.0,118.383,0.0,-17.75372314453125
271.47129106521606,0.0,118.366,0.0,-17.752948760986328
271.50351452827454,0.0,118.343,0.0,-17.752681732177734
271.535728931427,0.0,118.342,0.0,-17.750322341918945
271.56825733184814,0.0,118.375,0.0,-17.749614715576172
271.60057830810547,0.0,118.346,0.0,-17.750524520874023
271.6339113712311,0.0,118.319,0.0,-17.749958038330078
271.6659314632416,0.0,118.321,0.0,-17.748620986938477
271.69763684272766,0.0,118.309,0.0,-17.74772834777832
271.72970366477966,0.0,118.304,0.0,-17.74658966064453
271.76081895828247,0.0,118.306,0.0,-17.74481201171875
271.79398822784424,0.0,118.294,0.0,-17.744375228881836
271.83379077911377,0.0,118.278,0.0,-17.742359161376953
271.8664722442627,0.0,118.264,0.0,-17.741167068481445
271.8978359699249,0.0,118.249,0.0,-17.740005493164062
271.93003034591675,0.0,118.233,0.0,-17.738529205322266
271.95391058921814,0.0,118.226,0.0,-17.736772537231445
271.9935178756714,0.0,118.21,0.0,-17.73332977294922
272.02540946006775,0.0,118.203,0.0,-17.73208999633789
272.0594606399536,0.0,118.203,0.0,-17.729820251464844
272.08894181251526,0.0,118.19,0.0,-17.728599548339844
272.1212863922119,0.0,118.168,0.0,-17.726795196533203
272.15397334098816,0.0,118.173,0.0,-17.725297927856445
272.1856429576874,0.0,118.141,0.0,-17.72275161743164
272.2171461582184,0.0,118.16,0.0,-17.72140121459961
272.2500970363617,0.0,118.153,0.0,-17.721221923828125
272.2847435474396,0.0,118.09,0.0,-17.718826293945312
272.3127694129944,0.0,118.054,0.0,-17.716480255126953
272.34478759765625,0.0,118.066,0.0,-17.713218688964844
272.3769111633301,0.0,118.093,0.0,-17.711273193359375
272.406231880188,0.0,118.105,0.0,-17.71097755432129
272.44318890571594,0.0,118.058,0.0,-17.71192169189453
272.484498500824,0.0,118.035,0.0,-17.707992553710938
272.5102972984314,0.0,118.003,0.0,-17.704994201660156
272.54068398475647,0.0,117.985,0.0,-17.70211410522461
272.5719165802002,0.0,117.942,0.0,-17.69983673095703
272.6046476364136,0.0,117.957,0.0,-17.696348190307617
272.63730549812317,0.0,117.936,0.0,-17.692041397094727
272.66090869903564,0.0,117.927,0.0,-17.689956665039062
272.69305777549744,0.0,117.941,0.0,-17.68902587890625
272.72417187690735,0.0,117.91,0.0,-17.687265396118164
272.7593026161194,0.0,117.901,0.0,-17.684423446655273
272.7876636981964,0.0,117.869,0.0,-17.682085037231445
272.81928634643555,0.0,117.89,0.0,-17.68124771118164
272.858859539032,0.0,117.88,0.0,-17.679750442504883
272.89117407798767,0.0,117.876,0.0,-17.679283142089844
272.92368149757385,0.0,117.854,0.0,-17.6788330078125
272.959618806839,0.0,117.862,0.0,-17.6771183013916
272.9880783557892,0.0,117.899,0.0,-17.676748275756836
273.01938796043396,0.0,117.899,0.0,-17.678125381469727
273.0606036186218,0.0,117.852,0.0,-17.67820167541504
273.09184098243713,0.0,117.853,0.0,-17.678361892700195
273.12791562080383,0.0,117.842,0.0,-17.677650451660156
273.155068397522,0.0,117.829,0.0,-17.676681518554688
273.1873149871826,0.0,117.802,0.0,-17.67337417602539
273.2184772491455,0.0,117.783,0.0,-17.671539306640625
273.2502315044403,0.0,117.787,0.0,-17.669668197631836
273.2854416370392,0.0,117.77,0.0,-17.666841506958008
273.3248841762543,0.0,117.707,0.0,-17.663644790649414
273.3620636463165,0.0,117.721,0.0,-17.658916473388672
273.3894340991974,0.0,117.709,0.0,-17.657180786132812
273.42112493515015,0.0,117.697,0.0,-17.65540885925293
273.4521858692169,0.0,117.685,0.0,-17.655460357666016
273.48115491867065,0.0,117.674,0.0,-17.653728485107422
273.50086998939514,0.0,117.674,0.0,-17.652462005615234
273.53229117393494,0.0,117.659,0.0,-17.651094436645508
273.5648777484894,0.0,117.657,0.0,-17.64875602722168
273.59706807136536,0.0,117.634,0.0,-17.64773178100586
273.62922167778015,0.0,117.617,0.0,-17.64604377746582
273.6616590023041,0.0,117.614,0.0,-17.64253807067871
273.69288516044617,0.0,117.637,0.0,-17.64178466796875
273.7254295349121,0.0,117.64,0.0,-17.641862869262695
273.75669622421265,0.0,117.642,0.0,-17.642118453979492
273.78842425346375,0.0,117.602,0.0,-17.641111373901367
273.8197054862976,0.0,117.597,0.0,-17.64016342163086
273.85108852386475,0.0,117.562,0.0,-17.63923454284668
273.879629611969,0.0,117.543,0.0,-17.637102127075195
273.9144124984741,0.0,117.524,0.0,-17.632129669189453
273.9522035121918,0.0,117.501,0.0,-17.629276275634766
273.98233127593994,0.0,117.476,0.0,-17.627098083496094
274.01437854766846,0.0,117.456,0.0,-17.621627807617188
274.0461378097534,0.0,117.466,0.0,-17.619956970214844
274.0619640350342,0.0,117.451,0.0,-17.618122100830078
274.09353733062744,0.0,117.503,0.0,-17.616792678833008
274.12612795829773,0.0,117.476,0.0,-17.618038177490234
274.1584119796753,0.0,117.453,0.0,-17.617948532104492
274.1899106502533,0.0,117.474,0.0,-17.617610931396484
274.2208926677704,0.0,117.408,0.0,-17.61773681640625
274.2520055770874,0.0,117.402,0.0,-17.615123748779297
274.2886292934418,0.0,117.381,0.0,-17.610387802124023
274.3165912628174,0.0,117.376,0.0,-17.607664108276367
274.34861278533936,0.0,117.357,0.0,-17.60626220703125
274.3801472187042,0.0,117.364,0.0,-17.60445785522461
274.4130165576935,0.0,117.348,0.0,-17.60205078125
274.44366097450256,0.0,117.343,0.0,-17.600845336914062
274.47676610946655,0.0,117.323,0.0,-17.600200653076172
274.51326751708984,0.0,117.319,0.0,-17.597490310668945
274.56747913360596,0.0,117.312,0.0,-17.59544563293457
274.6003108024597,0.0,117.318,0.0,-17.594499588012695
274.62953209877014,0.0,117.301,0.0,-17.594467163085938
274.6561806201935,0.0,117.295,0.0,-17.593795776367188
274.68683099746704,0.0,117.288,0.0,-17.592304229736328
274.7187008857727,0.0,117.273,0.0,-17.59113121032715
274.7636754512787,0.0,117.265,0.0,-17.589685440063477
274.7874276638031,0.0,117.287,0.0,-17.588943481445312
274.82599902153015,0.0,117.28,0.0,-17.5893497467041
274.8576068878174,0.0,117.271,0.0,-17.58942222595215
274.88952374458313,0.0,117.231,0.0,-17.58818244934082
274.92252230644226,0.0,117.251,0.0,-17.586597442626953
274.9543058872223,0.0,117.256,0.0,-17.586257934570312
274.9872660636902,0.0,117.254,0.0,-17.586204528808594
275.01825070381165,0.0,117.252,0.0,-17.587007522583008
275.05044078826904,0.0,117.227,0.0,-17.586782455444336
275.08195066452026,0.0,117.196,0.0,-17.58559226989746
275.1175591945648,0.0,117.155,0.0,-17.580610275268555
275.1498689651489,0.0,117.148,0.0,-17.57790756225586
275.18118596076965,0.0,117.157,0.0,-17.57557487487793
275.21347284317017,0.0,117.163,0.0,-17.573457717895508
275.24497389793396,0.0,117.168,0.0,-17.572603225708008
275.2772603034973,0.0,117.163,0.0,-17.572547912597656
275.3093354701996,0.0,117.181,0.0,-17.572351455688477
275.34311747550964,0.0,117.176,0.0,-17.573352813720703
275.374413728714,0.0,117.124,0.0,-17.571857452392578
275.41468143463135,0.0,117.084,0.0,-17.56757354736328
275.4466314315796,0.0,117.085,0.0,-17.565507888793945
275.4784481525421,0.0,117.088,0.0,-17.564510345458984
275.5112805366516,0.0,117.067,0.0,-17.561676025390625
275.5434534549713,0.0,117.047,0.0,-17.55957794189453
275.57384729385376,0.0,117.05,0.0,-17.558143615722656
275.60662746429443,0.0,117.03,0.0,-17.556720733642578
275.6399509906769,0.0,117.033,0.0,-17.554485321044922
275.67188477516174,0.0,117.018,0.0,-17.553749084472656
275.70402336120605,0.0,117.001,0.0,-17.5526123046875
275.7380635738373,0.0,116.987,0.0,-17.549373626708984
275.76717472076416,0.0,117.016,0.0,-17.548158645629883
275.7986409664154,0.0,117.028,0.0,-17.5484619140625
275.83107113838196,0.0,117.012,0.0,-17.54926300048828
275.8632302284241,0.0,116.98,0.0,-17.547975540161133
275.89454793930054,0.0,116.957,0.0,-17.546606063842773
275.92779183387756,0.0,116.964,0.0,-17.54505157470703
275.96264004707336,0.0,116.959,0.0,-17.543378829956055
275.99016642570496,0.0,116.928,0.0,-17.5414981842041
276.0241165161133,0.0,116.898,0.0,-17.538795471191406
276.06610012054443,0.0,116.893,0.0,-17.535125732421875
276.10629200935364,0.0,116.873,0.0,-17.53313446044922
276.1268820762634,0.0,116.863,0.0,-17.531578063964844
276.16245460510254,0.0,116.846,0.0,-17.528182983398438
276.20186734199524,0.0,116.87,0.0,-17.5278377532959
276.233030796051,0.0,116.869,0.0,-17.527727127075195
276.2625102996826,0.0,116.86,0.0,-17.52715492248535
276.3119456768036,0.0,116.823,0.0,-17.523916244506836
276.3436884880066,0.0,116.78,0.0,-17.521142959594727
276.3758189678192,0.0,116.77,0.0,-17.51864242553711
276.4078493118286,0.0,116.767,0.0,-17.516780853271484
276.4391658306122,0.0,116.779,0.0,-17.514404296875
276.4710726737976,0.0,116.776,0.0,-17.514101028442383
276.50297236442566,0.0,116.756,0.0,-17.513813018798828
276.5346682071686,0.0,116.733,0.0,-17.5128173828125
276.5665547847748,0.0,116.73,0.0,-17.510339736938477
276.5953869819641,0.0,116.751,0.0,-17.509235382080078
276.6303679943085,0.0,116.745,0.0,-17.509326934814453
276.6625430583954,0.0,116.727,0.0,-17.50841522216797
276.70968222618103,0.0,116.712,0.0,-17.507564544677734
276.7415614128113,0.0,116.711,0.0,-17.505908966064453
276.76680850982666,0.0,116.677,0.0,-17.50398063659668
276.80304479599,0.0,116.593,0.0,-17.500654220581055
276.8408901691437,0.0,116.583,0.0,-17.49294662475586
276.8644495010376,0.0,116.601,0.0,-17.491031646728516
276.90421986579895,0.0,116.627,0.0,-17.48980140686035
276.9276444911957,0.0,116.639,0.0,-17.48986053466797
276.96900177001953,0.0,116.654,0.0,-17.491680145263672
276.99986243247986,0.0,116.659,0.0,-17.492874145507812
277.03222489356995,0.0,116.623,0.0,-17.49347686767578
277.06372570991516,0.0,116.613,0.0,-17.492002487182617
277.0960650444031,0.0,116.602,0.0,-17.490924835205078
277.12719225883484,0.0,116.592,0.0,-17.489715576171875
277.1584241390228,0.0,116.558,0.0,-17.488826751708984
277.19094610214233,0.0,116.559,0.0,-17.486276626586914
277.2282862663269,0.0,116.502,0.0,-17.484922409057617
277.25349974632263,0.0,116.454,0.0,-17.48153305053711
277.29479908943176,0.0,116.431,0.0,-17.472469329833984
277.3151376247406,0.0,116.436,0.0,-17.46912384033203
277.3432266712189,0.0,116.457,0.0,-17.466835021972656
277.37601804733276,0.0,116.44,0.0,-17.466039657592773
277.4079782962799,0.0,116.43,0.0,-17.46480369567871
277.4395010471344,0.0,116.423,0.0,-17.462318420410156
277.478910446167,0.0,116.436,0.0,-17.461057662963867
277.51448917388916,0.0,116.436,0.0,-17.461273193359375
277.5451936721802,0.0,116.443,0.0,-17.461750030517578
277.56663632392883,0.0,116.433,0.0,-17.461769104003906
277.5993893146515,0.0,116.433,0.0,-17.46184539794922
277.6284441947937,0.0,116.419,0.0,-17.462718963623047
277.66299080848694,0.0,116.436,0.0,-17.462387084960938
277.6958689689636,0.0,116.436,0.0,-17.4626522064209
277.7280731201172,0.0,116.441,0.0,-17.46310806274414
277.75327014923096,0.0,116.456,0.0,-17.464126586914062
277.79009795188904,0.0,116.403,0.0,-17.4641170501709
277.81693983078003,0.0,116.367,0.0,-17.462764739990234
277.84905529022217,0.0,116.317,0.0,-17.460233688354492
277.8813762664795,0.0,116.302,0.0,-17.456207275390625
277.9142725467682,0.0,116.339,0.0,-17.449949264526367
277.9453728199005,0.0,116.324,0.0,-17.4493350982666
277.9766342639923,0.0,116.31,0.0,-17.448293685913086
278.0092749595642,0.0,116.317,0.0,-17.446962356567383
278.0421380996704,0.0,116.269,0.0,-17.443811416625977
278.0728769302368,0.0,116.304,0.0,-17.44246482849121
278.105224609375,0.0,116.303,0.0,-17.442453384399414
278.13841581344604,0.0,116.297,0.0,-17.442283630371094
278.17035460472107,0.0,116.295,0.0,-17.442113876342773
278.1967360973358,0.0,116.27,0.0,-17.44098472595215
278.22434639930725,0.0,116.239,0.0,-17.438861846923828
278.2642526626587,0.0,116.223,0.0,-17.4354248046875
278.2927486896515,0.0,116.211,0.0,-17.43355369567871
278.32491755485535,0.0,116.231,0.0,-17.433008193969727
278.35695719718933,0.0,116.227,0.0,-17.432479858398438
278.3905715942383,0.0,116.209,0.0,-17.431623458862305
278.4209108352661,0.0,116.212,0.0,-17.430824279785156
278.4400134086609,0.0,116.221,0.0,-17.43038558959961
278.4691665172577,0.0,116.216,0.0,-17.43047523498535
278.50117588043213,0.0,116.202,0.0,-17.43038558959961
278.5328130722046,0.0,116.177,0.0,-17.429771423339844
278.5649781227112,0.0,116.159,0.0,-17.426433563232422
278.5969092845917,0.0,116.134,0.0,-17.42496109008789
278.62821221351624,0.0,116.136,0.0,-17.42290687561035
278.66000723838806,0.0,116.121,0.0,-17.42145538330078
278.6934859752655,0.0,116.088,0.0,-17.4171199798584
278.72581577301025,0.0,116.089,0.0,-17.415184020996094
278.7567665576935,0.0,116.109,0.0,-17.413331985473633
278.7899761199951,0.0,116.125,0.0,-17.413888931274414
278.81884002685547,0.0,116.097,0.0,-17.413286209106445
278.8585307598114,0.0,116.048,0.0,-17.412330627441406
278.89271354675293,0.0,116.037,0.0,-17.408037185668945
278.9315104484558,0.0,116.076,0.0,-17.406475067138672
278.96315264701843,0.0,116.055,0.0,-17.406970977783203
278.99550795555115,0.0,116.019,0.0,-17.40657615661621
279.02741384506226,0.0,115.946,0.0,-17.404827117919922
279.05954670906067,0.0,115.922,0.0,-17.400463104248047
279.0917329788208,0.0,115.929,0.0,-17.392539978027344
279.1246511936188,0.0,115.914,0.0,-17.390464782714844
279.1559145450592,0.0,115.928,0.0,-17.38831901550293
279.1883487701416,0.0,115.952,0.0,-17.38733673095703
279.2338356971741,0.0,115.929,0.0,-17.388147354125977
279.26630115509033,0.0,115.897,0.0,-17.385723114013672
279.2981421947479,0.0,115.89,0.0,-17.38412857055664
279.3417227268219,0.0,115.897,0.0,-17.382436752319336
279.3692102432251,0.0,115.885,0.0,-17.381591796875
279.40149188041687,0.0,115.872,0.0,-17.380460739135742
279.43276715278625,0.0,115.858,0.0,-17.378856658935547
279.4647386074066,0.0,115.847,0.0,-17.376754760742188
279.4972746372223,0.0,115.82,0.0,-17.374807357788086
279.52867102622986,0.0,115.809,0.0,-17.373367309570312
279.5615589618683,0.0,115.806,0.0,-17.371862411499023
279.5938844680786,0.0,115.846,0.0,-17.371028900146484
279.62605381011963,0.0,115.832,0.0,-17.371814727783203
279.6666600704193,0.0,115.809,0.0,-17.371044158935547
279.69917249679565,0.0,115.798,0.0,-17.369640350341797
279.73004508018494,0.0,115.78,0.0,-17.368942260742188
279.7617754936218,0.0,115.792,0.0,-17.367698669433594
279.79379773139954,0.0,115.774,0.0,-17.36627769470215
279.8257169723511,0.0,115.778,0.0,-17.364953994750977
279.85716485977173,0.0,115.748,0.0,-17.36473846435547
279.89125084877014,0.0,115.746,0.0,-17.362262725830078
279.92261838912964,0.0,115.728,0.0,-17.36071014404297
279.95388746261597,0.0,115.675,0.0,-17.35733413696289
279.9860439300537,0.0,115.66,0.0,-17.354740142822266
280.01869535446167,0.0,115.647,0.0,-17.349781036376953
280.05089044570923,0.0,115.649,0.0,-17.347976684570312
280.0829839706421,0.0,115.649,0.0,-17.346742630004883
280.11430406570435,0.0,115.615,0.0,-17.345867156982422
280.1466751098633,0.0,115.619,0.0,-17.343351364135742
280.17865777015686,0.0,115.598,0.0,-17.342208862304688
280.2103462219238,0.0,115.601,0.0,-17.34051513671875
280.24273109436035,0.0,115.612,0.0,-17.33908462524414
280.27401781082153,0.0,115.599,0.0,-17.337942123413086
280.306325674057,0.0,115.565,0.0,-17.337547302246094
280.33991265296936,0.0,115.535,0.0,-17.335880279541016
280.3796730041504,0.0,115.511,0.0,-17.33159065246582
280.4101004600525,0.0,115.549,0.0,-17.32921600341797
280.4419391155243,0.0,115.544,0.0,-17.328786849975586
280.4737379550934,0.0,115.522,0.0,-17.327730178833008
280.5054874420166,0.0,115.509,0.0,-17.327022552490234
280.54096364974976,0.0,115.509,0.0,-17.325191497802734
280.5696265697479,0.0,115.493,0.0,-17.323993682861328
280.6021852493286,0.0,115.47,0.0,-17.32216453552246
280.6350967884064,0.0,115.443,0.0,-17.31968116760254
280.6675901412964,0.0,115.444,0.0,-17.315963745117188
280.7000334262848,0.0,115.444,0.0,-17.315139770507812
280.730916261673,0.0,115.474,0.0,-17.3145751953125
280.7665123939514,0.0,115.471,0.0,-17.31610107421875
280.79469084739685,0.0,115.459,0.0,-17.316604614257812
280.827045917511,0.0,115.474,0.0,-17.31658172607422
280.8574149608612,0.0,115.463,0.0,-17.317241668701172
280.8886671066284,0.0,115.443,0.0,-17.317331314086914
280.92186546325684,0.0,115.389,0.0,-17.315523147583008
280.9601230621338,0.0,115.403,0.0,-17.313007354736328
280.9920949935913,0.0,115.374,0.0,-17.309497833251953
281.01856875419617,0.0,115.358,0.0,-17.307180404663086
281.0603358745575,0.0,115.35,0.0,-17.304729461669922
281.0786702632904,0.0,115.358,0.0,-17.30327033996582
281.1100950241089,0.0,115.362,0.0,-17.302539825439453
281.1567077636719,0.0,115.362,0.0,-17.302553176879883
281.1932940483093,0.0,115.333,0.0,-17.300992965698242
281.21996903419495,0.0,115.32,0.0,-17.299463272094727
281.25033235549927,0.0,115.303,0.0,-17.297618865966797
281.2825040817261,0.0,115.281,0.0,-17.29532241821289
281.31550431251526,0.0,115.25,0.0,-17.2927188873291
281.34434747695923,0.0,115.211,0.0,-17.290416717529297
281.3773763179779,0.0,115.169,0.0,-17.287063598632812
281.4077296257019,0.0,115.164,0.0,-17.28277587890625
281.4437701702118,0.0,115.17,0.0,-17.277008056640625
281.46964478492737,0.0,115.149,0.0,-17.274465560913086
281.5078938007355,0.0,115.151,0.0,-17.272554397583008
281.5409586429596,0.0,115.143,0.0,-17.270015716552734
281.60353326797485,0.0,115.082,0.0,-17.26651382446289
281.6282422542572,0.0,115.087,0.0,-17.264066696166992
281.6680829524994,0.0,115.094,0.0,-17.261642456054688
281.7001860141754,0.0,115.109,0.0,-17.26171875
281.73165798187256,0.0,115.104,0.0,-17.26207733154297
281.7514805793762,0.0,115.104,0.0,-17.262014389038086
281.7810640335083,0.0,115.094,0.0,-17.261621475219727
281.8137011528015,0.0,115.098,0.0,-17.26130485534668
281.8439350128174,0.0,115.077,0.0,-17.2606143951416
281.8752567768097,0.0,115.1,0.0,-17.261051177978516
281.9097318649292,0.0,115.084,0.0,-17.260770797729492
281.94193863868713,0.0,115.104,0.0,-17.26169204711914
281.97441363334656,0.0,115.08,0.0,-17.262248992919922
282.0051827430725,0.0,115.093,0.0,-17.261709213256836
282.03731775283813,0.0,115.082,0.0,-17.261871337890625
282.06233072280884,0.0,115.1,0.0,-17.261568069458008
282.0949716567993,0.0,115.069,0.0,-17.261695861816406
282.1264593601227,0.0,115.049,0.0,-17.260971069335938
282.1580550670624,0.0,115.055,0.0,-17.259597778320312
282.1912546157837,0.0,115.064,0.0,-17.25881576538086
282.22200989723206,0.0,115.041,0.0,-17.257280349731445
282.2538175582886,0.0,115.032,0.0,-17.256526947021484
282.294216632843,0.0,115.03,0.0,-17.254833221435547
282.32565927505493,0.0,115.02,0.0,-17.25385284423828
282.3571195602417,0.0,115.022,0.0,-17.252710342407227
282.3882851600647,0.0,115.018,0.0,-17.252368927001953
282.42109847068787,0.0,115.039,0.0,-17.252582550048828
282.4604141712189,0.0,115.008,0.0,-17.252500534057617
282.49210000038147,0.0,114.959,0.0,-17.2491455078125
282.5268626213074,0.0,114.933,0.0,-17.246070861816406
282.5490107536316,0.0,114.911,0.0,-17.24281120300293
282.5793249607086,0.0,114.894,0.0,-17.239627838134766
282.61264514923096,0.0,114.878,0.0,-17.237308502197266
282.652583360672,0.0,114.86,0.0,-17.233556747436523
282.68519043922424,0.0,114.865,0.0,-17.231306076049805
282.71714210510254,0.0,114.872,0.0,-17.228252410888672
282.7496917247772,0.0,114.882,0.0,-17.227933883666992
282.78156995773315,0.0,114.875,0.0,-17.228181838989258
282.8128242492676,0.0,114.866,0.0,-17.2281494140625
282.8448657989502,0.0,114.844,0.0,-17.226682662963867
282.87653946876526,0.0,114.855,0.0,-17.22675132751465
282.908903837204,0.0,114.831,0.0,-17.2264404296875
282.9407901763916,0.0,114.838,0.0,-17.225244522094727
282.97292971611023,0.0,114.819,0.0,-17.223472595214844
283.0047986507416,0.0,114.822,0.0,-17.222684860229492
283.0376374721527,0.0,114.801,0.0,-17.22216796875
283.0698456764221,0.0,114.779,0.0,-17.219112396240234
283.1007447242737,0.0,114.787,0.0,-17.218090057373047
283.1327977180481,0.0,114.783,0.0,-17.217016220092773
283.15862584114075,0.0,114.776,0.0,-17.216407775878906
283.20369386672974,0.0,114.733,0.0,-17.21339225769043
283.2345669269562,0.0,114.73,0.0,-17.211538314819336
283.2700705528259,0.0,114.692,0.0,-17.206817626953125
283.2986669540405,0.0,114.713,0.0,-17.20504379272461
283.3297653198242,0.0,114.705,0.0,-17.20462417602539
283.362185716629,0.0,114.696,0.0,-17.20403289794922
283.39387130737305,0.0,114.653,0.0,-17.202438354492188
283.42511534690857,0.0,114.637,0.0,-17.20035171508789
283.457337141037,0.0,114.637,0.0,-17.19812774658203
283.4893264770508,0.0,114.645,0.0,-17.196475982666016
283.5219886302948,0.0,114.619,0.0,-17.19390869140625
283.55466747283936,0.0,114.602,0.0,-17.192623138427734
283.59322333335876,0.0,114.585,0.0,-17.189151763916016
283.6412208080292,0.0,114.572,0.0,-17.187395095825195
283.67380356788635,0.0,114.566,0.0,-17.184640884399414
283.70712184906006,0.0,114.555,0.0,-17.183246612548828
283.7382957935333,0.0,114.536,0.0,-17.182662963867188
283.7718005180359,0.0,114.519,0.0,-17.17919158935547
283.8024797439575,0.0,114.542,0.0,-17.17877960205078
283.83546233177185,0.0,114.515,0.0,-17.177398681640625
283.86595392227173,0.0,114.542,0.0,-17.177410125732422
283.9062616825104,0.0,114.53,0.0,-17.177734375
283.94783997535706,0.0,114.496,0.0,-17.176624298095703
283.97922253608704,0.0,114.452,0.0,-17.17530059814453
284.0115120410919,0.0,114.459,0.0,-17.172481536865234
284.04322934150696,0.0,114.431,0.0,-17.168123245239258
284.074964761734,0.0,114.419,0.0,-17.166149139404297
284.10693550109863,0.0,114.397,0.0,-17.16427230834961
284.1265881061554,0.0,114.384,0.0,-17.161968231201172
284.1586227416992,0.0,114.383,0.0,-17.15971565246582
284.19455766677856,0.0,114.352,0.0,-17.155467987060547
284.2229816913605,0.0,114.331,0.0,-17.15270233154297
284.2551734447479,0.0,114.334,0.0,-17.150775909423828
284.287766456604,0.0,114.346,0.0,-17.149208068847656
284.3198387622833,0.0,114.372,0.0,-17.149587631225586
284.3517405986786,0.0,114.376,0.0,-17.15047836303711
284.38342094421387,0.0,114.361,0.0,-17.150606155395508
284.4146821498871,0.0,114.322,0.0,-17.149845123291016
284.4467661380768,0.0,114.304,0.0,-17.146949768066406
284.4787344932556,0.0,114.312,0.0,-17.146066665649414
284.51036262512207,0.0,114.319,0.0,-17.145444869995117
284.5475106239319,0.0,114.323,0.0,-17.14544677734375
284.5738866329193,0.0,114.323,0.0,-17.145597457885742
284.5988554954529,0.0,114.311,0.0,-17.145763397216797
284.6269996166229,0.0,114.32,0.0,-17.14543342590332
284.6562879085541,0.0,114.302,0.0,-17.145597457885742
284.6986675262451,0.0,114.281,0.0,-17.143707275390625
284.72886204719543,0.0,114.254,0.0,-17.142194747924805
284.76159477233887,0.0,114.251,0.0,-17.14047622680664
284.79178261756897,0.0,114.243,0.0,-17.139066696166992
284.82511138916016,0.0,114.214,0.0,-17.135452270507812
284.8565652370453,0.0,114.2,0.0,-17.13339614868164
284.88771772384644,0.0,114.188,0.0,-17.131654739379883
284.92066407203674,0.0,114.193,0.0,-17.12874984741211
284.9522318840027,0.0,114.205,0.0,-17.128456115722656
284.9847710132599,0.0,114.153,0.0,-17.126108169555664
285.0166058540344,0.0,114.118,0.0,-17.123933792114258
285.0489192008972,0.0,114.12,0.0,-17.11936378479004
285.08053493499756,0.0,114.13,0.0,-17.118383407592773
285.1119318008423,0.0,114.119,0.0,-17.117700576782227
285.1448829174042,0.0,114.081,0.0,-17.116060256958008
285.1852080821991,0.0,114.074,0.0,-17.114057540893555
285.2185878753662,0.0,114.073,0.0,-17.11094093322754
285.25005626678467,0.0,114.097,0.0,-17.111066818237305
285.28154253959656,0.0,114.083,0.0,-17.111148834228516
285.32201075553894,0.0,114.093,0.0,-17.110811233520508
285.3556261062622,0.0,114.058,0.0,-17.109661102294922
285.3801348209381,0.0,114.071,0.0,-17.108657836914062
285.4111359119415,0.0,114.058,0.0,-17.108482360839844
285.4437336921692,0.0,114.085,0.0,-17.108551025390625
285.4755425453186,0.0,114.073,0.0,-17.108633041381836
285.5087058544159,0.0,114.074,0.0,-17.108781814575195
285.54022216796875,0.0,114.065,0.0,-17.109397888183594
285.5718443393707,0.0,114.053,0.0,-17.10833740234375
285.6046144962311,0.0,114.028,0.0,-17.10675621032715
285.6362659931183,0.0,114.006,0.0,-17.10464096069336
285.6683850288391,0.0,113.99,0.0,-17.103044509887695
285.71306467056274,0.0,114.007,0.0,-17.10004425048828
285.7483015060425,0.0,113.999,0.0,-17.09908676147461
285.77505826950073,0.0,114.012,0.0,-17.099777221679688
285.80747652053833,0.0,114.013,0.0,-17.099807739257812
285.84056091308594,0.0,114.006,0.0,-17.099910736083984
285.8721261024475,0.0,114.013,0.0,-17.09992027282715
285.9045491218567,0.0,113.992,0.0,-17.09963607788086
285.9359128475189,0.0,113.977,0.0,-17.099023818969727
285.972216129303,0.0,113.976,0.0,-17.097105026245117
286.00077390670776,0.0,113.974,0.0,-17.096397399902344
286.04226422309875,0.0,113.971,0.0,-17.09613609313965
286.0775876045227,0.0,113.942,0.0,-17.093975067138672
286.11647391319275,0.0,113.941,0.0,-17.092382431030273
286.1511688232422,0.0,113.954,0.0,-17.09144401550293
286.18215250968933,0.0,113.967,0.0,-17.091964721679688
286.21165013313293,0.0,113.978,0.0,-17.092863082885742
286.2477676868439,0.0,113.958,0.0,-17.09323501586914
286.2746181488037,0.0,113.937,0.0,-17.093080520629883
286.3070499897003,0.0,113.915,0.0,-17.092100143432617
286.3394412994385,0.0,113.886,0.0,-17.090438842773438
286.3746099472046,0.0,113.833,0.0,-17.084732055664062
286.4032588005066,0.0,113.817,0.0,-17.081392288208008
286.4357464313507,0.0,113.826,0.0,-17.078187942504883
286.4729332923889,0.0,113.846,0.0,-17.075471878051758
286.5163688659668,0.0,113.858,0.0,-17.07518196105957
286.548344373703,0.0,113.837,0.0,-17.074665069580078
286.5791256427765,0.0,113.777,0.0,-17.073387145996094
286.6107316017151,0.0,113.771,0.0,-17.07073211669922
286.64293909072876,0.0,113.785,0.0,-17.068485260009766
286.6750020980835,0.0,113.815,0.0,-17.067882537841797
286.70798087120056,0.0,113.813,0.0,-17.068235397338867
286.73919105529785,0.0,113.773,0.0,-17.06705093383789
286.7727665901184,0.0,113.743,0.0,-17.06401824951172
286.80468821525574,0.0,113.771,0.0,-17.06369972229004
286.838707447052,0.0,113.77,0.0,-17.06414031982422
286.8606433868408,0.0,113.77,0.0,-17.063861846923828
286.8930251598358,0.0,113.716,0.0,-17.063020706176758
286.925803899765,0.0,113.706,0.0,-17.05916976928711
286.95799827575684,0.0,113.688,0.0,-17.057525634765625
286.9894835948944,0.0,113.673,0.0,-17.055553436279297
287.0223593711853,0.0,113.68,0.0,-17.051223754882812
287.05452966690063,0.0,113.702,0.0,-17.05052947998047
287.087007522583,0.0,113.675,0.0,-17.050983428955078
287.1243851184845,0.0,113.645,0.0,-17.048503875732422
287.15136075019836,0.0,113.65,0.0,-17.047412872314453
287.1831405162811,0.0,113.649,0.0,-17.045452117919922
287.21647810935974,0.0,113.653,0.0,-17.04513168334961
287.2483413219452,0.0,113.649,0.0,-17.04498863220215
287.2773563861847,0.0,113.666,0.0,-17.0456600189209
287.30894804000854,0.0,113.629,0.0,-17.044673919677734
287.3413300514221,0.0,113.609,0.0,-17.044126510620117
287.3740289211273,0.0,113.554,0.0,-17.039405822753906
287.4049777984619,0.0,113.572,0.0,-17.037633895874023
287.4373891353607,0.0,113.56,0.0,-17.035818099975586
287.4899094104767,0.0,113.558,0.0,-17.032861709594727
287.51606345176697,0.0,113.558,0.0,-17.0322322845459
287.56309175491333,0.0,113.487,0.0,-17.03154182434082
287.59791803359985,0.0,113.459,0.0,-17.024873733520508
287.62758708000183,0.0,113.481,0.0,-17.023130416870117
287.6593248844147,0.0,113.482,0.0,-17.02256965637207
287.69331192970276,0.0,113.496,0.0,-17.02153778076172
287.72455382347107,0.0,113.472,0.0,-17.020347595214844
287.7560279369354,0.0,113.453,0.0,-17.0188045501709
287.7887830734253,0.0,113.453,0.0,-17.017675399780273
287.82356905937195,0.0,113.476,0.0,-17.017372131347656
287.8522412776947,0.0,113.478,0.0,-17.01780891418457
287.8844470977783,0.0,113.471,0.0,-17.017906188964844
287.91767477989197,0.0,113.456,0.0,-17.01803207397461
287.9498953819275,0.0,113.419,0.0,-17.015531539916992
287.98137307167053,0.0,113.412,0.0,-17.014144897460938
288.0133447647095,0.0,113.404,0.0,-17.012826919555664
288.04970932006836,0.0,113.374,0.0,-17.00930404663086
288.07666873931885,0.0,113.406,0.0,-17.008106231689453
288.10759258270264,0.0,113.369,0.0,-17.00811767578125
288.1406967639923,0.0,113.356,0.0,-17.00662612915039
288.15550661087036,0.0,113.337,0.0,-17.004981994628906
288.187876701355,0.0,113.302,0.0,-17.00296974182129
288.22982454299927,0.0,113.308,0.0,-16.99793815612793
288.2614178657532,0.0,113.279,0.0,-16.996496200561523
288.2930450439453,0.0,113.269,0.0,-16.994234085083008
288.3251259326935,0.0,113.253,0.0,-16.98992156982422
288.3503646850586,0.0,113.243,0.0,-16.987865447998047
288.3819353580475,0.0,113.243,0.0,-16.986358642578125
288.41354751586914,0.0,113.273,0.0,-16.986324310302734
288.44493889808655,0.0,113.256,0.0,-16.986587524414062
288.4772810935974,0.0,113.242,0.0,-16.98529052734375
288.5087730884552,0.0,113.227,0.0,-16.98406410217285
288.54046726226807,0.0,113.252,0.0,-16.98297119140625
288.5731632709503,0.0,113.238,0.0,-16.983293533325195
288.60405015945435,0.0,113.248,0.0,-16.9836483001709
288.63653111457825,0.0,113.244,0.0,-16.983806610107422
288.669805765152,0.0,113.26,0.0,-16.983978271484375
288.7023329734802,0.0,113.243,0.0,-16.984935760498047
288.73460245132446,0.0,113.231,0.0,-16.984926223754883
288.76681423187256,0.0,113.227,0.0,-16.984447479248047
288.7984549999237,0.0,113.159,0.0,-16.9807186126709
288.8297278881073,0.0,113.1,0.0,-16.977128982543945
288.86239647865295,0.0,113.087,0.0,-16.973052978515625
288.89416098594666,0.0,113.073,0.0,-16.969411849975586
288.93510127067566,0.0,113.103,0.0,-16.963781356811523
288.96725583076477,0.0,113.097,0.0,-16.963136672973633
288.99897289276123,0.0,113.124,0.0,-16.96316146850586
289.03169322013855,0.0,113.135,0.0,-16.964231491088867
289.0637049674988,0.0,113.112,0.0,-16.964534759521484
289.0954074859619,0.0,113.115,0.0,-16.964447021484375
289.12761783599854,0.0,113.096,0.0,-16.96389389038086
289.15962076187134,0.0,113.059,0.0,-16.961872100830078
289.19120597839355,0.0,113.015,0.0,-16.960187911987305
289.2245774269104,0.0,112.996,0.0,-16.954246520996094
289.25571274757385,0.0,112.996,0.0,-16.951982498168945
289.28857159614563,0.0,112.997,0.0,-16.95034408569336
289.3205256462097,0.0,113.019,0.0,-16.950071334838867
289.35102462768555,0.0,113.016,0.0,-16.94989013671875
289.3823049068451,0.0,112.999,0.0,-16.949792861938477
289.409392118454,0.0,112.982,0.0,-16.949060440063477
289.44269824028015,0.0,112.993,0.0,-16.94783592224121
289.4730951786041,0.0,112.99,0.0,-16.947404861450195
289.50498604774475,0.0,112.973,0.0,-16.946277618408203
289.53764152526855,0.0,112.955,0.0,-16.94551658630371
289.56882548332214,0.0,112.952,0.0,-16.94422149658203
289.59482169151306,0.0,112.97,0.0,-16.94314193725586
289.6383650302887,0.0,112.939,0.0,-16.94205093383789
289.6619565486908,0.0,112.945,0.0,-16.94106674194336
289.6940190792084,0.0,112.926,0.0,-16.94060516357422
289.72718811035156,0.0,112.929,0.0,-16.93881607055664
289.75781512260437,0.0,112.926,0.0,-16.938209533691406
289.79011702537537,0.0,112.903,0.0,-16.937448501586914
289.82620668411255,0.0,112.918,0.0,-16.936046600341797
289.85537934303284,0.0,112.92,0.0,-16.935997009277344
289.8883697986603,0.0,112.925,0.0,-16.93621253967285
289.92007422447205,0.0,112.93,0.0,-16.936376571655273
289.9595899581909,0.0,112.935,0.0,-16.937353134155273
289.99153780937195,0.0,112.921,0.0,-16.937816619873047
290.0275511741638,0.0,112.91,0.0,-16.93701171875
290.0549774169922,0.0,112.905,0.0,-16.936569213867188
290.08780550956726,0.0,112.914,0.0,-16.936038970947266
290.1194894313812,0.0,112.895,0.0,-16.9360294342041
290.15100598335266,0.0,112.884,0.0,-16.934200286865234
290.1825478076935,0.0,112.876,0.0,-16.932743072509766
290.21538829803467,0.0,112.852,0.0,-16.93198013305664
290.24711441993713,0.0,112.834,0.0,-16.93041229248047
290.28000473976135,0.0,112.828,0.0,-16.926759719848633
290.31188130378723,0.0,112.825,0.0,-16.925010681152344
290.34430050849915,0.0,112.845,0.0,-16.924039840698242
290.37614393234253,0.0,112.862,0.0,-16.925037384033203
290.4083571434021,0.0,112.841,0.0,-16.924861907958984
290.44056606292725,0.0,112.784,0.0,-16.92421531677246
290.47603368759155,0.0,112.763,0.0,-16.919267654418945
290.50765442848206,0.0,112.768,0.0,-16.917484283447266
290.53957056999207,0.0,112.751,0.0,-16.915441513061523
290.5763101577759,0.0,112.719,0.0,-16.911380767822266
290.6040530204773,0.0,112.705,0.0,-16.909547805786133
290.63673520088196,0.0,112.71,0.0,-16.907604217529297
290.66877126693726,0.0,112.718,0.0,-16.90637969970703
290.69952917099,0.0,112.7,0.0,-16.905059814453125
290.73201084136963,0.0,112.694,0.0,-16.904190063476562
290.76429533958435,0.0,112.708,0.0,-16.90332794189453
290.7950692176819,0.0,112.696,0.0,-16.903308868408203
290.8277416229248,0.0,112.701,0.0,-16.902761459350586
290.8612730503082,0.0,112.659,0.0,-16.901443481445312
290.8911142349243,0.0,112.65,0.0,-16.900012969970703
290.9237368106842,0.0,112.619,0.0,-16.896228790283203
290.95558643341064,0.0,112.612,0.0,-16.89417266845703
290.99240732192993,0.0,112.583,0.0,-16.891719818115234
291.02696800231934,0.0,112.578,0.0,-16.887815475463867
291.09155917167664,0.0,112.55,0.0,-16.88492202758789
291.1219484806061,0.0,112.549,0.0,-16.883243560791016
291.15518069267273,0.0,112.548,0.0,-16.88103485107422
291.1873514652252,0.0,112.538,0.0,-16.879959106445312
291.20399737358093,0.0,112.533,0.0,-16.87898826599121
291.2339301109314,0.0,112.507,0.0,-16.877216339111328
291.26603960990906,0.0,112.516,0.0,-16.87629508972168
291.2983808517456,0.0,112.484,0.0,-16.874225616455078
291.3308379650116,0.0,112.467,0.0,-16.871673583984375
291.36357498168945,0.0,112.429,0.0,-16.870241165161133
291.39531898498535,0.0,112.449,0.0,-16.86760902404785
291.42791867256165,0.0,112.433,0.0,-16.865657806396484
291.4590904712677,0.0,112.398,0.0,-16.864459991455078
291.49058985710144,0.0,112.373,0.0,-16.862138748168945
291.5235879421234,0.0,112.376,0.0,-16.85936737060547
291.5560336112976,0.0,112.395,0.0,-16.856815338134766
291.58805894851685,0.0,112.386,0.0,-16.85679817199707
291.62021374702454,0.0,112.374,0.0,-16.85610580444336
291.6535086631775,0.0,112.372,0.0,-16.85437774658203
291.68265295028687,0.0,112.386,0.0,-16.854446411132812
291.71531319618225,0.0,112.384,0.0,-16.85397720336914
291.7556722164154,0.0,112.369,0.0,-16.853763580322266
291.78347992897034,0.0,112.369,0.0,-16.853496551513672
291.81678318977356,0.0,112.424,0.0,-16.85565185546875
291.8494625091553,0.0,112.399,0.0,-16.856760025024414
291.8800628185272,0.0,112.345,0.0,-16.857234954833984
291.911990404129,0.0,112.319,0.0,-16.855361938476562
291.9442329406738,0.0,112.318,0.0,-16.85284996032715
291.97761964797974,0.0,112.337,0.0,-16.84930419921875
292.00827956199646,0.0,112.34,0.0,-16.84903907775879
292.0406668186188,0.0,112.353,0.0,-16.8490047454834
292.0766625404358,0.0,112.37,0.0,-16.850749969482422
292.1081449985504,0.0,112.364,0.0,-16.851152420043945
292.1407539844513,0.0,112.347,0.0,-16.851783752441406
292.1784882545471,0.0,112.313,0.0,-16.850017547607422
292.20593190193176,0.0,112.289,0.0,-16.847822189331055
292.2368528842926,0.0,112.227,0.0,-16.844053268432617
292.2699053287506,0.0,112.226,0.0,-16.84067153930664
292.3010907173157,0.0,112.23,0.0,-16.836267471313477
292.3326778411865,0.0,112.241,0.0,-16.83540153503418
292.3646295070648,0.0,112.256,0.0,-16.835424423217773
292.39598655700684,0.0,112.263,0.0,-16.83646583557129
292.4282522201538,0.0,112.249,0.0,-16.836252212524414
292.4716727733612,0.0,112.204,0.0,-16.83502197265625
292.5050139427185,0.0,112.21,0.0,-16.832530975341797
292.5435757637024,0.0,112.18,0.0,-16.831605911254883
292.578417301178,0.0,112.152,0.0,-16.828067779541016
292.6097061634064,0.0,112.149,0.0,-16.82586669921875
292.6421616077423,0.0,112.162,0.0,-16.824094772338867
292.67441844940186,0.0,112.145,0.0,-16.82332992553711
292.7065818309784,0.0,112.128,0.0,-16.820466995239258
292.7385082244873,0.0,112.112,0.0,-16.818817138671875
292.77003717422485,0.0,112.112,0.0,-16.817394256591797
292.80476927757263,0.0,112.1,0.0,-16.815114974975586
292.83418130874634,0.0,112.104,0.0,-16.81438636779785
292.86605978012085,0.0,112.062,0.0,-16.812122344970703
292.8979046344757,0.0,112.081,0.0,-16.810436248779297
292.9290521144867,0.0,112.074,0.0,-16.809429168701172
292.9609715938568,0.0,112.09,0.0,-16.80972671508789
292.9946527481079,0.0,112.045,0.0,-16.809091567993164
293.0289170742035,0.0,112.019,0.0,-16.805572509765625
293.0581359863281,0.0,111.988,0.0,-16.802690505981445
293.0907778739929,0.0,111.979,0.0,-16.800525665283203
293.1228668689728,0.0,111.97,0.0,-16.798542022705078
293.15595960617065,0.0,112.0,0.0,-16.796403884887695
293.1881241798401,0.0,111.995,0.0,-16.79645538330078
293.2213807106018,0.0,111.959,0.0,-16.796354293823242
293.25700759887695,0.0,111.965,0.0,-16.793161392211914
293.2949559688568,0.0,111.988,0.0,-16.792736053466797
293.32815074920654,0.0,111.972,0.0,-16.79336166381836
293.3586747646332,0.0,111.956,0.0,-16.792686462402344
293.39025020599365,0.0,111.913,0.0,-16.792509078979492
293.422815322876,0.0,111.939,0.0,-16.790319442749023
293.4550094604492,0.0,111.937,0.0,-16.789308547973633
293.4871892929077,0.0,111.924,0.0,-16.788455963134766
293.5197057723999,0.0,111.9,0.0,-16.787635803222656
293.5532155036926,0.0,111.898,0.0,-16.785144805908203
293.58357405662537,0.0,111.886,0.0,-16.783836364746094
293.61507272720337,0.0,111.883,0.0,-16.78274917602539
293.6440510749817,0.0,111.886,0.0,-16.781959533691406
293.6854259967804,0.0,111.875,0.0,-16.78091049194336
293.71754932403564,0.0,111.88,0.0,-16.780353546142578
293.7548871040344,0.0,111.857,0.0,-16.779125213623047
293.78190088272095,0.0,111.836,0.0,-16.778228759765625
293.81348752975464,0.0,111.843,0.0,-16.776824951171875
293.84566044807434,0.0,111.843,0.0,-16.776079177856445
293.8770830631256,0.0,111.849,0.0,-16.77543830871582
293.9098114967346,0.0,111.843,0.0,-16.775691986083984
293.9439685344696,0.0,111.85,0.0,-16.77538299560547
293.97944808006287,0.0,111.842,0.0,-16.775245666503906
294.0166735649109,0.0,111.829,0.0,-16.77459716796875
294.04939699172974,0.0,111.826,0.0,-16.774085998535156
294.08197951316833,0.0,111.806,0.0,-16.77241325378418
294.11450242996216,0.0,111.822,0.0,-16.772201538085938
294.14576840400696,0.0,111.779,0.0,-16.771190643310547
294.1811490058899,0.0,111.787,0.0,-16.76859474182129
294.20576906204224,0.0,111.779,0.0,-16.7675838470459
294.2378556728363,0.0,111.787,0.0,-16.76717758178711
294.27067255973816,0.0,111.78,0.0,-16.766902923583984
294.3009548187256,0.0,111.774,0.0,-16.766433715820312
294.33340096473694,0.0,111.74,0.0,-16.765962600708008
294.3657510280609,0.0,111.737,0.0,-16.764129638671875
294.3962972164154,0.0,111.737,0.0,-16.762622833251953
294.4299786090851,0.0,111.78,0.0,-16.76247215270996
294.46015071868896,0.0,111.721,0.0,-16.76326560974121
294.492182970047,0.0,111.719,0.0,-16.76143455505371
294.52505326271057,0.0,111.674,0.0,-16.759965896606445
294.55618691444397,0.0,111.665,0.0,-16.75432777404785
294.58820104599,0.0,111.663,0.0,-16.75224494934082
294.620304107666,0.0,111.673,0.0,-16.750690460205078
294.645117521286,0.0,111.671,0.0,-16.74996566772461
294.6798493862152,0.0,111.71,0.0,-16.750621795654297
294.7089762687683,0.0,111.691,0.0,-16.750835418701172
294.749632358551,0.0,111.721,0.0,-16.75167465209961
294.781911611557,0.0,111.693,0.0,-16.752870559692383
294.8143196105957,0.0,111.678,0.0,-16.752174377441406
294.84628343582153,0.0,111.618,0.0,-16.749143600463867
294.8803713321686,0.0,111.575,0.0,-16.742015838623047
294.90890526771545,0.0,111.577,0.0,-16.739696502685547
294.9413800239563,0.0,111.604,0.0,-16.73796272277832
294.9743835926056,0.0,111.613,0.0,-16.73781967163086
295.0061287879944,0.0,111.622,0.0,-16.73821449279785
295.03798842430115,0.0,111.589,0.0,-16.73894691467285
295.07217502593994,0.0,111.572,0.0,-16.738174438476562
295.1060965061188,0.0,111.563,0.0,-16.735595703125
295.13556361198425,0.0,111.528,0.0,-16.734712600708008
295.16776943206787,0.0,111.484,0.0,-16.732524871826172
295.199090719223,0.0,111.439,0.0,-16.729034423828125
295.2274956703186,0.0,111.448,0.0,-16.724502563476562
295.2524926662445,0.0,111.437,0.0,-16.721445083618164
295.2859950065613,0.0,111.449,0.0,-16.717159271240234
295.32515263557434,0.0,111.423,0.0,-16.715553283691406
295.3575406074524,0.0,111.43,0.0,-16.712839126586914
295.39799308776855,0.0,111.423,0.0,-16.711669921875
295.42931509017944,0.0,111.392,0.0,-16.709365844726562
295.46103596687317,0.0,111.401,0.0,-16.708513259887695
295.4930217266083,0.0,111.403,0.0,-16.70801544189453
295.5257704257965,0.0,111.392,0.0,-16.707538604736328
295.5578553676605,0.0,111.395,0.0,-16.706785202026367
295.5899202823639,0.0,111.378,0.0,-16.706623077392578
295.62244749069214,0.0,111.388,0.0,-16.70584487915039
295.6545305252075,0.0,111.397,0.0,-16.7060604095459
295.6859962940216,0.0,111.363,0.0,-16.70440101623535
295.7199819087982,0.0,111.365,0.0,-16.70371437072754
295.7505762577057,0.0,111.38,0.0,-16.703319549560547
295.79017305374146,0.0,111.359,0.0,-16.70310401916504
295.8216140270233,0.0,111.363,0.0,-16.702733993530273
295.8558552265167,0.0,111.375,0.0,-16.703142166137695
295.8862335681915,0.0,111.383,0.0,-16.703889846801758
295.91763257980347,0.0,111.3,0.0,-16.703197479248047
295.95043873786926,0.0,111.284,0.0,-16.70050811767578
295.9827826023102,0.0,111.267,0.0,-16.69501304626465
296.0147817134857,0.0,111.242,0.0,-16.691865921020508
296.0318965911865,0.0,111.246,0.0,-16.689655303955078
296.07230710983276,0.0,111.24,0.0,-16.687463760375977
296.105096578598,0.0,111.261,0.0,-16.686046600341797
296.1444025039673,0.0,111.272,0.0,-16.686511993408203
296.1750202178955,0.0,111.255,0.0,-16.68621826171875
296.20810198783875,0.0,111.253,0.0,-16.686012268066406
296.2393820285797,0.0,111.253,0.0,-16.685909271240234
296.2736222743988,0.0,111.247,0.0,-16.685874938964844
296.30684900283813,0.0,111.232,0.0,-16.68486976623535
296.33717155456543,0.0,111.189,0.0,-16.68389320373535
296.36920642852783,0.0,111.185,0.0,-16.681793212890625
296.4017241001129,0.0,111.16,0.0,-16.680044174194336
296.43353366851807,0.0,111.126,0.0,-16.67449188232422
296.4653813838959,0.0,111.173,0.0,-16.67405128479004
296.4978849887848,0.0,111.202,0.0,-16.673770904541016
296.5311985015869,0.0,111.224,0.0,-16.67662811279297
296.56150484085083,0.0,111.206,0.0,-16.677305221557617
296.5935266017914,0.0,111.184,0.0,-16.67786407470703
296.6255793571472,0.0,111.173,0.0,-16.677404403686523
296.6582202911377,0.0,111.161,0.0,-16.67552947998047
296.68965220451355,0.0,111.159,0.0,-16.674636840820312
296.72149419784546,0.0,111.126,0.0,-16.673263549804688
296.7573823928833,0.0,111.113,0.0,-16.669740676879883
296.79012274742126,0.0,111.097,0.0,-16.667699813842773
296.82227206230164,0.0,111.102,0.0,-16.666378021240234
296.8529438972473,0.0,111.085,0.0,-16.665573120117188
296.8854820728302,0.0,111.063,0.0,-16.66372299194336
296.9179599285126,0.0,111.035,0.0,-16.661861419677734
296.94959139823914,0.0,111.014,0.0,-16.6592960357666
296.98172211647034,0.0,111.034,0.0,-16.655216217041016
297.02220702171326,0.0,111.021,0.0,-16.654088973999023
297.0547800064087,0.0,111.006,0.0,-16.65294647216797
297.0882897377014,0.0,111.014,0.0,-16.65111541748047
297.11916399002075,0.0,111.001,0.0,-16.65054702758789
297.1513719558716,0.0,110.991,0.0,-16.64962387084961
297.1825866699219,0.0,110.997,0.0,-16.64803123474121
297.21382546424866,0.0,111.035,0.0,-16.649282455444336
297.24637484550476,0.0,111.004,0.0,-16.64891815185547
297.2773883342743,0.0,110.954,0.0,-16.648765563964844
297.3091616630554,0.0,110.917,0.0,-16.64340591430664
297.3408966064453,0.0,110.951,0.0,-16.64242172241211
297.3688294887543,0.0,110.937,0.0,-16.641130447387695
297.4091868400574,0.0,110.918,0.0,-16.63858985900879
297.44158267974854,0.0,110.887,0.0,-16.636241912841797
297.47475385665894,0.0,110.898,0.0,-16.63448715209961
297.5043594837189,0.0,110.933,0.0,-16.633655548095703
297.54555201530457,0.0,110.945,0.0,-16.635007858276367
297.5768246650696,0.0,110.893,0.0,-16.636213302612305
297.6088192462921,0.0,110.792,0.0,-16.63092803955078
297.64138746261597,0.0,110.811,0.0,-16.626771926879883
297.6737115383148,0.0,110.824,0.0,-16.624418258666992
297.7058720588684,0.0,110.834,0.0,-16.623214721679688
297.7376263141632,0.0,110.853,0.0,-16.62250518798828
297.76944875717163,0.0,110.876,0.0,-16.62316131591797
297.8025996685028,0.0,110.856,0.0,-16.62469482421875
297.8341157436371,0.0,110.834,0.0,-16.624523162841797
297.86589312553406,0.0,110.811,0.0,-16.623157501220703
297.9105989933014,0.0,110.799,0.0,-16.620285034179688
297.94210863113403,0.0,110.815,0.0,-16.62018585205078
297.9741609096527,0.0,110.823,0.0,-16.62044906616211
298.0062584877014,0.0,110.824,0.0,-16.62104034423828
298.0377039909363,0.0,110.829,0.0,-16.621519088745117
298.0701036453247,0.0,110.79,0.0,-16.620285034179688
298.1021640300751,0.0,110.778,0.0,-16.619359970092773
298.13443303108215,0.0,110.776,0.0,-16.617332458496094
298.166296005249,0.0,110.772,0.0,-16.61659049987793
298.20699286460876,0.0,110.788,0.0,-16.615921020507812
298.24821186065674,0.0,110.78,0.0,-16.61610984802246
298.2729103565216,0.0,110.787,0.0,-16.615951538085938
298.309538602829,0.0,110.746,0.0,-16.614614486694336
298.33679008483887,0.0,110.726,0.0,-16.612695693969727
298.3686463832855,0.0,110.715,0.0,-16.611160278320312
298.40049743652344,0.0,110.692,0.0,-16.609546661376953
298.4398305416107,0.0,110.677,0.0,-16.6051082611084
298.4719285964966,0.0,110.658,0.0,-16.603069305419922
298.50359869003296,0.0,110.653,0.0,-16.601085662841797
298.53474831581116,0.0,110.646,0.0,-16.597862243652344
298.5682575702667,0.0,110.634,0.0,-16.59623146057129
298.59899640083313,0.0,110.644,0.0,-16.595539093017578
298.6311414241791,0.0,110.669,0.0,-16.59498405456543
298.66356658935547,0.0,110.675,0.0,-16.59650421142578
298.695431470871,0.0,110.673,0.0,-16.597118377685547
298.72773838043213,0.0,110.648,0.0,-16.59780502319336
298.75971603393555,0.0,110.645,0.0,-16.59762954711914
298.7930066585541,0.0,110.593,0.0,-16.59695816040039
298.82292199134827,0.0,110.581,0.0,-16.594287872314453
298.85483384132385,0.0,110.581,0.0,-16.591754913330078
298.88609290122986,0.0,110.524,0.0,-16.58647346496582
298.92715549468994,0.0,110.531,0.0,-16.583465576171875
298.96036028862,0.0,110.564,0.0,-16.5814266204834
298.9918329715729,0.0,110.542,0.0,-16.582237243652344
299.0225691795349,0.0,110.528,0.0,-16.58120346069336
299.05923080444336,0.0,110.5,0.0,-16.577728271484375
299.08764028549194,0.0,110.493,0.0,-16.575834274291992
299.12044382095337,0.0,110.511,0.0,-16.57581901550293
299.15176486968994,0.0,110.476,0.0,-16.575239181518555
299.1850769519806,0.0,110.459,0.0,-16.5712890625
299.2156538963318,0.0,110.44,0.0,-16.56893539428711
299.2472286224365,0.0,110.433,0.0,-16.566890716552734
299.284716129303,0.0,110.47,0.0,-16.566547393798828
299.3127393722534,0.0,110.456,0.0,-16.566213607788086
299.3452572822571,0.0,110.447,0.0,-16.56563949584961
299.3767671585083,0.0,110.438,0.0,-16.565256118774414
299.40852403640747,0.0,110.438,0.0,-16.563791275024414
299.44101119041443,0.0,110.448,0.0,-16.563610076904297
299.47448563575745,0.0,110.434,0.0,-16.563941955566406
299.5099561214447,0.0,110.436,0.0,-16.563568115234375
299.5390558242798,0.0,110.394,0.0,-16.562278747558594
299.57233691215515,0.0,110.383,0.0,-16.560819625854492
299.6037425994873,0.0,110.352,0.0,-16.55927276611328
299.64138007164,0.0,110.368,0.0,-16.555984497070312
299.67720079421997,0.0,110.353,0.0,-16.5550537109375
299.7096281051636,0.0,110.361,0.0,-16.553142547607422
299.74069452285767,0.0,110.346,0.0,-16.55208969116211
299.7729539871216,0.0,110.32,0.0,-16.549983978271484
299.8049511909485,0.0,110.287,0.0,-16.548662185668945
299.8365659713745,0.0,110.287,0.0,-16.5445556640625
299.86857056617737,0.0,110.267,0.0,-16.54241943359375
299.9005837440491,0.0,110.229,0.0,-16.540834426879883
299.9349822998047,0.0,110.234,0.0,-16.53711700439453
299.9635486602783,0.0,110.237,0.0,-16.53556251525879
299.9950866699219,0.0,110.232,0.0,-16.534561157226562
300.0205500125885,0.0,110.186,0.0,-16.533649444580078
300.05307054519653,0.0,110.202,0.0,-16.531085968017578
300.08521461486816,0.0,110.219,0.0,-16.529680252075195
300.11792278289795,0.0,110.225,0.0,-16.529537200927734
300.14937257766724,0.0,110.235,0.0,-16.529830932617188
300.1846835613251,0.0,110.208,0.0,-16.530012130737305
300.2137520313263,0.0,110.211,0.0,-16.529781341552734
300.24583673477173,0.0,110.207,0.0,-16.52973747253418
300.2778482437134,0.0,110.186,0.0,-16.529497146606445
300.31000232696533,0.0,110.18,0.0,-16.52747344970703
300.3369576931,0.0,110.185,0.0,-16.526954650878906
300.36922240257263,0.0,110.186,0.0,-16.52663803100586
300.39908361434937,0.0,110.225,0.0,-16.528074264526367
300.4237287044525,0.0,110.207,0.0,-16.529220581054688
300.45607256889343,0.0,110.206,0.0,-16.529380798339844
300.48788356781006,0.0,110.161,0.0,-16.53001594543457
300.52070116996765,0.0,110.181,0.0,-16.52812957763672
300.5611493587494,0.0,110.158,0.0,-16.526042938232422
300.5927917957306,0.0,110.137,0.0,-16.52500343322754
300.6255257129669,0.0,110.138,0.0,-16.523347854614258
300.6595196723938,0.0,110.106,0.0,-16.519899368286133
300.688800573349,0.0,110.094,0.0,-16.5177001953125
300.72151827812195,0.0,110.059,0.0,-16.515121459960938
300.7538192272186,0.0,110.063,0.0,-16.512632369995117
300.78639030456543,0.0,110.066,0.0,-16.50980567932129
300.81812810897827,0.0,110.086,0.0,-16.509836196899414
300.8480648994446,0.0,110.097,0.0,-16.510717391967773
300.8863790035248,0.0,110.08,0.0,-16.510757446289062
300.9122099876404,0.0,110.051,0.0,-16.509305953979492
300.9438707828522,0.0,110.0,0.0,-16.506086349487305
300.9770703315735,0.0,109.999,0.0,-16.50301742553711
301.00858521461487,0.0,110.0,0.0,-16.500059127807617
301.0439896583557,0.0,109.993,0.0,-16.498878479003906
301.07257199287415,0.0,109.985,0.0,-16.498029708862305
301.11031675338745,0.0,109.936,0.0,-16.496192932128906
301.13643431663513,0.0,109.961,0.0,-16.49374771118164
301.16881036758423,0.0,109.957,0.0,-16.492969512939453
301.20030665397644,0.0,109.957,0.0,-16.492265701293945
301.232075214386,0.0,110.006,0.0,-16.491783142089844
301.26428747177124,0.0,109.985,0.0,-16.494640350341797
301.2960557937622,0.0,109.938,0.0,-16.494956970214844
301.32911562919617,0.0,109.918,0.0,-16.493267059326172
301.36080169677734,0.0,109.896,0.0,-16.4886474609375
301.3914716243744,0.0,109.893,0.0,-16.48662757873535
301.4252665042877,0.0,109.885,0.0,-16.484827041625977
301.4560468196869,0.0,109.866,0.0,-16.483449935913086
301.4866316318512,0.0,109.858,0.0,-16.479978561401367
301.51886010169983,0.0,109.864,0.0,-16.479001998901367
301.5508325099945,0.0,109.854,0.0,-16.478227615356445
301.58580446243286,0.0,109.846,0.0,-16.47640609741211
301.6109583377838,0.0,109.827,0.0,-16.474933624267578
301.64179015159607,0.0,109.833,0.0,-16.474109649658203
301.6734547615051,0.0,109.802,0.0,-16.473533630371094
301.70587682724,0.0,109.777,0.0,-16.471845626831055
301.7382881641388,0.0,109.732,0.0,-16.4671630859375
301.77723026275635,0.0,109.75,0.0,-16.46416664123535
301.80327129364014,0.0,109.733,0.0,-16.462678909301758
301.8427770137787,0.0,109.696,0.0,-16.458951950073242
301.87534642219543,0.0,109.698,0.0,-16.456607818603516
301.9071056842804,0.0,109.673,0.0,-16.454959869384766
301.9399311542511,0.0,109.704,0.0,-16.45237159729004
301.97134470939636,0.0,109.73,0.0,-16.452648162841797
302.0039315223694,0.0,109.73,0.0,-16.453569412231445
302.0361502170563,0.0,109.687,0.0,-16.45321273803711
302.06836009025574,0.0,109.651,0.0,-16.450876235961914
302.10138726234436,0.0,109.625,0.0,-16.448163986206055
302.1359202861786,0.0,109.64,0.0,-16.445037841796875
302.16747856140137,0.0,109.65,0.0,-16.444780349731445
302.1994400024414,0.0,109.643,0.0,-16.444355010986328
302.23143911361694,0.0,109.619,0.0,-16.44480323791504
302.26289558410645,0.0,109.617,0.0,-16.442445755004883
302.29525089263916,0.0,109.629,0.0,-16.441696166992188
302.32817029953003,0.0,109.622,0.0,-16.44167709350586
302.36026096343994,0.0,109.664,0.0,-16.442623138427734
302.39204478263855,0.0,109.659,0.0,-16.444015502929688
302.42517948150635,0.0,109.67,0.0,-16.44491958618164
302.45611810684204,0.0,109.642,0.0,-16.44611167907715
302.49634313583374,0.0,109.605,0.0,-16.445011138916016
302.52293395996094,0.0,109.59,0.0,-16.443517684936523
302.5602147579193,0.0,109.572,0.0,-16.439668655395508
302.5923683643341,0.0,109.553,0.0,-16.43729019165039
302.6250557899475,0.0,109.566,0.0,-16.43532371520996
302.6709520816803,0.0,109.575,0.0,-16.434398651123047
302.70291328430176,0.0,109.583,0.0,-16.43549346923828
302.73537254333496,0.0,109.566,0.0,-16.4355411529541
302.7668397426605,0.0,109.538,0.0,-16.433259963989258
302.7976744174957,0.0,109.489,0.0,-16.429973602294922
302.8295805454254,0.0,109.492,0.0,-16.42839813232422
302.863219499588,0.0,109.527,0.0,-16.426429748535156
302.8932304382324,0.0,109.527,0.0,-16.426483154296875
302.92523860931396,0.0,109.519,0.0,-16.426572799682617
302.95860409736633,0.0,109.466,0.0,-16.42635154724121
302.98940658569336,0.0,109.467,0.0,-16.423707962036133
303.0217499732971,0.0,109.465,0.0,-16.422075271606445
303.0528163909912,0.0,109.509,0.0,-16.4207763671875
303.08941173553467,0.0,109.515,0.0,-16.422657012939453
303.1170253753662,0.0,109.426,0.0,-16.421905517578125
303.1488399505615,0.0,109.416,0.0,-16.419178009033203
303.191241979599,0.0,109.421,0.0,-16.415019989013672
303.2300283908844,0.0,109.433,0.0,-16.41453742980957
303.2541711330414,0.0,109.419,0.0,-16.413963317871094
303.2863471508026,0.0,109.402,0.0,-16.41156005859375
303.3182497024536,0.0,109.361,0.0,-16.408788681030273
303.3494908809662,0.0,109.372,0.0,-16.407289505004883
303.3814241886139,0.0,109.353,0.0,-16.406063079833984
303.4140613079071,0.0,109.385,0.0,-16.404478073120117
303.44553112983704,0.0,109.361,0.0,-16.403608322143555
303.47754287719727,0.0,109.358,0.0,-16.40286636352539
303.50915575027466,0.0,109.311,0.0,-16.40104866027832
303.54146361351013,0.0,109.323,0.0,-16.398027420043945
303.5777702331543,0.0,109.291,0.0,-16.397315979003906
303.6068515777588,0.0,109.332,0.0,-16.395483016967773
303.63930654525757,0.0,109.352,0.0,-16.396862030029297
303.6708462238312,0.0,109.357,0.0,-16.39786720275879
303.70285153388977,0.0,109.335,0.0,-16.39889907836914
303.7407238483429,0.0,109.298,0.0,-16.397979736328125
303.7710974216461,0.0,109.297,0.0,-16.39661407470703
303.8028314113617,0.0,109.261,0.0,-16.395549774169922
303.83907890319824,0.0,109.253,0.0,-16.391178131103516
303.8670401573181,0.0,109.232,0.0,-16.38873863220215
303.8954200744629,0.0,109.203,0.0,-16.38568687438965
303.92499017715454,0.0,109.224,0.0,-16.383636474609375
303.96537351608276,0.0,109.246,0.0,-16.383041381835938
303.996764421463,0.0,109.246,0.0,-16.383333206176758
304.02830505371094,0.0,109.186,0.0,-16.38176727294922
304.063925743103,0.0,109.164,0.0,-16.37765884399414
304.0922133922577,0.0,109.161,0.0,-16.37582778930664
304.1239523887634,0.0,109.151,0.0,-16.374055862426758
304.1565454006195,0.0,109.119,0.0,-16.372753143310547
304.1885178089142,0.0,109.094,0.0,-16.368099212646484
304.2211334705353,0.0,109.127,0.0,-16.365962982177734
304.26454281806946,0.0,109.137,0.0,-16.36612319946289
304.291668176651,0.0,109.139,0.0,-16.365623474121094
304.32477021217346,0.0,109.11,0.0,-16.366226196289062
304.35530066490173,0.0,109.12,0.0,-16.365535736083984
304.38812613487244,0.0,109.112,0.0,-16.365148544311523
304.4189205169678,0.0,109.101,0.0,-16.364484786987305
304.45157980918884,0.0,109.064,0.0,-16.363264083862305
304.4832093715668,0.0,109.07,0.0,-16.361570358276367
304.51546716690063,0.0,109.071,0.0,-16.359878540039062
304.5468873977661,0.0,109.048,0.0,-16.358436584472656
304.57887387275696,0.0,109.002,0.0,-16.357078552246094
304.61152362823486,0.0,108.996,0.0,-16.35444450378418
304.65236139297485,0.0,109.001,0.0,-16.35076141357422
304.67674708366394,0.0,108.997,0.0,-16.34953498840332
304.7077445983887,0.0,108.997,0.0,-16.349071502685547
304.7406783103943,0.0,109.013,0.0,-16.34819221496582
304.7741000652313,0.0,108.996,0.0,-16.34847068786621
304.8066987991333,0.0,108.964,0.0,-16.348026275634766
304.83927631378174,0.0,108.935,0.0,-16.344839096069336
304.8709216117859,0.0,108.985,0.0,-16.342811584472656
304.9043047428131,0.0,108.978,0.0,-16.343400955200195
304.9350092411041,0.0,108.998,0.0,-16.343618392944336
304.9670445919037,0.0,108.979,0.0,-16.34473991394043
304.99899458885193,0.0,108.973,0.0,-16.344575881958008
305.01560711860657,0.0,108.973,0.0,-16.344486236572266
305.04790139198303,0.0,108.893,0.0,-16.342601776123047
305.079304933548,0.0,108.892,0.0,-16.33966827392578
305.1111943721771,0.0,108.885,0.0,-16.337400436401367
305.142210483551,0.0,108.886,0.0,-16.333951950073242
305.1743845939636,0.0,108.875,0.0,-16.33242416381836
305.2063183784485,0.0,108.867,0.0,-16.331050872802734
305.2389454841614,0.0,108.866,0.0,-16.329139709472656
305.2723226547241,0.0,108.856,0.0,-16.328140258789062
305.31064081192017,0.0,108.847,0.0,-16.32742691040039
305.33666610717773,0.0,108.826,0.0,-16.327102661132812
305.3787636756897,0.0,108.834,0.0,-16.3249568939209
305.4085488319397,0.0,108.794,0.0,-16.324262619018555
305.4407787322998,0.0,108.792,0.0,-16.32027244567871
305.4730761051178,0.0,108.815,0.0,-16.31904411315918
305.5051305294037,0.0,108.829,0.0,-16.319120407104492
305.5372610092163,0.0,108.839,0.0,-16.319826126098633
305.56992197036743,0.0,108.798,0.0,-16.319955825805664
305.6023008823395,0.0,108.781,0.0,-16.31905746459961
305.6335549354553,0.0,108.75,0.0,-16.31794548034668
305.66558718681335,0.0,108.754,0.0,-16.314401626586914
305.6979808807373,0.0,108.762,0.0,-16.31368637084961
305.7302248477936,0.0,108.765,0.0,-16.31305694580078
305.76173186302185,0.0,108.759,0.0,-16.3128719329834
305.7935447692871,0.0,108.766,0.0,-16.31259536743164
305.82761669158936,0.0,108.747,0.0,-16.3118953704834
305.8536012172699,0.0,108.719,0.0,-16.310216903686523
305.8908996582031,0.0,108.676,0.0,-16.30769920349121
305.9181568622589,0.0,108.651,0.0,-16.305299758911133
305.94985723495483,0.0,108.653,0.0,-16.302444458007812
305.9819152355194,0.0,108.657,0.0,-16.300376892089844
306.02231764793396,0.0,108.676,0.0,-16.298643112182617
306.05586433410645,0.0,108.684,0.0,-16.29859161376953
306.0800120830536,0.0,108.641,0.0,-16.298946380615234
306.11521196365356,0.0,108.61,0.0,-16.29507827758789
306.1436514854431,0.0,108.587,0.0,-16.29231834411621
306.175710439682,0.0,108.588,0.0,-16.29041290283203
306.2081756591797,0.0,108.597,0.0,-16.288881301879883
306.240252494812,0.0,108.598,0.0,-16.287681579589844
306.27227759361267,0.0,108.591,0.0,-16.28709602355957
306.3044078350067,0.0,108.565,0.0,-16.28620147705078
306.34127736091614,0.0,108.568,0.0,-16.284225463867188
306.36564016342163,0.0,108.559,0.0,-16.283321380615234
306.3904278278351,0.0,108.574,0.0,-16.28331184387207
306.4228320121765,0.0,108.576,0.0,-16.283445358276367
306.45424604415894,0.0,108.565,0.0,-16.283599853515625
306.48703360557556,0.0,108.562,0.0,-16.283306121826172
306.51919651031494,0.0,108.564,0.0,-16.28335189819336
306.55140471458435,0.0,108.57,0.0,-16.28319549560547
306.5844147205353,0.0,108.573,0.0,-16.283363342285156
306.61553716659546,0.0,108.587,0.0,-16.284496307373047
306.64774894714355,0.0,108.59,0.0,-16.286012649536133
306.6796844005585,0.0,108.599,0.0,-16.28649139404297
306.71273827552795,0.0,108.564,0.0,-16.287254333496094
306.744416475296,0.0,108.554,0.0,-16.28530502319336
306.7834496498108,0.0,108.543,0.0,-16.284650802612305
306.8164117336273,0.0,108.565,0.0,-16.283607482910156
306.84773993492126,0.0,108.564,0.0,-16.28364372253418
306.8809037208557,0.0,108.555,0.0,-16.283605575561523
306.9220464229584,0.0,108.563,0.0,-16.283409118652344
306.95378613471985,0.0,108.551,0.0,-16.283008575439453
306.985032081604,0.0,108.538,0.0,-16.28275489807129
307.0177409648895,0.0,108.522,0.0,-16.281856536865234
307.050256729126,0.0,108.511,0.0,-16.28064727783203
307.08194851875305,0.0,108.485,0.0,-16.279268264770508
307.1133403778076,0.0,108.476,0.0,-16.277130126953125
307.1454610824585,0.0,108.442,0.0,-16.272937774658203
307.1770873069763,0.0,108.424,0.0,-16.270526885986328
307.2099199295044,0.0,108.422,0.0,-16.2679500579834
307.2430303096771,0.0,108.384,0.0,-16.2628173828125
307.2743487358093,0.0,108.402,0.0,-16.260936737060547
307.3065266609192,0.0,108.41,0.0,-16.259843826293945
307.33871054649353,0.0,108.406,0.0,-16.259401321411133
307.37042021751404,0.0,108.408,0.0,-16.258760452270508
307.40270829200745,0.0,108.387,0.0,-16.25778579711914
307.4271674156189,0.0,108.396,0.0,-16.257465362548828
307.45590686798096,0.0,108.36,0.0,-16.257232666015625
307.49432706832886,0.0,108.36,0.0,-16.254453659057617
307.5258071422577,0.0,108.36,0.0,-16.25359344482422
307.5576181411743,0.0,108.36,0.0,-16.25298309326172
307.5909249782562,0.0,108.381,0.0,-16.253171920776367
307.621835231781,0.0,108.376,0.0,-16.253982543945312
307.65370988845825,0.0,108.356,0.0,-16.254146575927734
307.6870756149292,0.0,108.329,0.0,-16.25347137451172
307.71894788742065,0.0,108.307,0.0,-16.249706268310547
307.75081729888916,0.0,108.319,0.0,-16.24796485900879
307.7831223011017,0.0,108.312,0.0,-16.24729347229004
307.8157660961151,0.0,108.311,0.0,-16.245941162109375
307.84583353996277,0.0,108.294,0.0,-16.24481773376465
307.87808561325073,0.0,108.29,0.0,-16.24382781982422
307.9098103046417,0.0,108.273,0.0,-16.242183685302734
307.94363236427307,0.0,108.26,0.0,-16.239891052246094
307.9765655994415,0.0,108.228,0.0,-16.237607955932617
308.00911021232605,0.0,108.23,0.0,-16.235980987548828
308.04044103622437,0.0,108.212,0.0,-16.233016967773438
308.07207322120667,0.0,108.241,0.0,-16.23185157775879
308.1040349006653,0.0,108.259,0.0,-16.232229232788086
308.14400577545166,0.0,108.255,0.0,-16.233949661254883
308.17672419548035,0.0,108.254,0.0,-16.234594345092773
308.21736121177673,0.0,108.249,0.0,-16.235294342041016
308.248797416687,0.0,108.208,0.0,-16.23598861694336
308.281263589859,0.0,108.172,0.0,-16.23432731628418
308.31401228904724,0.0,108.171,0.0,-16.231555938720703
308.3461172580719,0.0,108.17,0.0,-16.22773551940918
308.37733459472656,0.0,108.216,0.0,-16.227792739868164
308.40930914878845,0.0,108.194,0.0,-16.228511810302734
308.4428701400757,0.0,108.187,0.0,-16.227670669555664
308.472820520401,0.0,108.151,0.0,-16.225797653198242
308.50480580329895,0.0,108.108,0.0,-16.222579956054688
308.5376396179199,0.0,108.099,0.0,-16.22005271911621
308.5699939727783,0.0,108.093,0.0,-16.215961456298828
308.60167503356934,0.0,108.107,0.0,-16.215145111083984
308.63245034217834,0.0,108.097,0.0,-16.214574813842773
308.66470170021057,0.0,108.092,0.0,-16.213773727416992
308.6965456008911,0.0,108.081,0.0,-16.21259307861328
308.72856068611145,0.0,108.094,0.0,-16.211740493774414
308.7610011100769,0.0,108.11,0.0,-16.211679458618164
308.79431343078613,0.0,108.093,0.0,-16.21221351623535
308.825651884079,0.0,108.072,0.0,-16.21210289001465
308.8594138622284,0.0,108.071,0.0,-16.211217880249023
308.9001622200012,0.0,108.05,0.0,-16.20974349975586
308.9392902851105,0.0,108.048,0.0,-16.208585739135742
308.96885800361633,0.0,108.011,0.0,-16.205408096313477
309.00108885765076,0.0,108.021,0.0,-16.20414161682129
309.04381370544434,0.0,108.002,0.0,-16.201740264892578
309.07300186157227,0.0,108.001,0.0,-16.200611114501953
309.1046071052551,0.0,107.964,0.0,-16.19911766052246
309.1363892555237,0.0,107.965,0.0,-16.197132110595703
309.1684880256653,0.0,107.99,0.0,-16.195690155029297
309.19982624053955,0.0,107.977,0.0,-16.19519805908203
309.2318913936615,0.0,107.979,0.0,-16.19495391845703
309.2635703086853,0.0,107.962,0.0,-16.19552993774414
309.29625844955444,0.0,107.956,0.0,-16.193662643432617
309.32752680778503,0.0,107.988,0.0,-16.1943302154541
309.3593838214874,0.0,107.988,0.0,-16.194889068603516
309.37527298927307,0.0,107.998,0.0,-16.195358276367188
309.4079144001007,0.0,107.983,0.0,-16.196170806884766
309.43842482566833,0.0,107.954,0.0,-16.196197509765625
309.47137784957886,0.0,107.915,0.0,-16.1927547454834
309.502299785614,0.0,107.931,0.0,-16.190776824951172
309.53475189208984,0.0,107.921,0.0,-16.18995475769043
309.56921577453613,0.0,107.911,0.0,-16.1883544921875
309.6101760864258,0.0,107.891,0.0,-16.18735694885254
309.64338779449463,0.0,107.867,0.0,-16.18360137939453
309.6737377643585,0.0,107.83,0.0,-16.180992126464844
309.7067816257477,0.0,107.842,0.0,-16.178438186645508
309.73855352401733,0.0,107.833,0.0,-16.177024841308594
309.7701642513275,0.0,107.833,0.0,-16.17458724975586
309.8025255203247,0.0,107.847,0.0,-16.174442291259766
309.83437848091125,0.0,107.787,0.0,-16.172584533691406
309.8676567077637,0.0,107.765,0.0,-16.168012619018555
309.89967799186707,0.0,107.759,0.0,-16.165910720825195
309.9312074184418,0.0,107.769,0.0,-16.164775848388672
309.9694068431854,0.0,107.797,0.0,-16.16495132446289
309.9947843551636,0.0,107.773,0.0,-16.16440773010254
310.01937079429626,0.0,107.73,0.0,-16.162242889404297
310.06015968322754,0.0,107.725,0.0,-16.160419464111328
310.0862715244293,0.0,107.72,0.0,-16.159072875976562
310.1260013580322,0.0,107.729,0.0,-16.156404495239258
310.1578984260559,0.0,107.7,0.0,-16.156333923339844
310.1899116039276,0.0,107.698,0.0,-16.15512466430664
310.22252464294434,0.0,107.717,0.0,-16.154287338256836
310.2549328804016,0.0,107.738,0.0,-16.154438018798828
310.29399490356445,0.0,107.718,0.0,-16.155513763427734
310.32615852355957,0.0,107.647,0.0,-16.15443992614746
310.36291098594666,0.0,107.65,0.0,-16.151803970336914
310.3965439796448,0.0,107.65,0.0,-16.148542404174805
310.42866134643555,0.0,107.669,0.0,-16.148357391357422
310.46030163764954,0.0,107.648,0.0,-16.148225784301758
310.49370646476746,0.0,107.654,0.0,-16.146869659423828
310.5241210460663,0.0,107.637,0.0,-16.145875930786133
310.5563271045685,0.0,107.608,0.0,-16.143936157226562
310.58845353126526,0.0,107.599,0.0,-16.143407821655273
310.6097729206085,0.0,107.599,0.0,-16.141748428344727
310.64532685279846,0.0,107.616,0.0,-16.140295028686523
310.6739683151245,0.0,107.613,0.0,-16.140209197998047
310.7056429386139,0.0,107.613,0.0,-16.140066146850586
310.73823642730713,0.0,107.603,0.0,-16.139999389648438
310.7697596549988,0.0,107.573,0.0,-16.13903045654297
310.80212116241455,0.0,107.583,0.0,-16.13764190673828
310.83444118499756,0.0,107.557,0.0,-16.137027740478516
310.8705687522888,0.0,107.504,0.0,-16.132139205932617
310.89875745773315,0.0,107.494,0.0,-16.129167556762695
310.93064188957214,0.0,107.518,0.0,-16.12822914123535
310.9632511138916,0.0,107.523,0.0,-16.127269744873047
311.0030002593994,0.0,107.486,0.0,-16.12582015991211
311.05568408966064,0.0,107.487,0.0,-16.12290382385254
311.0957672595978,0.0,107.488,0.0,-16.121652603149414
311.126268863678,0.0,107.499,0.0,-16.121793746948242
311.15776562690735,0.0,107.49,0.0,-16.121578216552734
311.18941164016724,0.0,107.5,0.0,-16.121713638305664
311.2216980457306,0.0,107.479,0.0,-16.12143898010254
311.2532060146332,0.0,107.471,0.0,-16.120685577392578
311.28608655929565,0.0,107.462,0.0,-16.120141983032227
311.3216977119446,0.0,107.47,0.0,-16.119632720947266
311.3488817214966,0.0,107.473,0.0,-16.119400024414062
311.381263256073,0.0,107.46,0.0,-16.119380950927734
311.4138357639313,0.0,107.453,0.0,-16.118852615356445
311.44564962387085,0.0,107.456,0.0,-16.117820739746094
311.4775221347809,0.0,107.47,0.0,-16.11744499206543
311.5100734233856,0.0,107.45,0.0,-16.11789894104004
311.54769015312195,0.0,107.45,0.0,-16.117107391357422
311.5740828514099,0.0,107.472,0.0,-16.117801666259766
311.60546588897705,0.0,107.449,0.0,-16.117815017700195
311.6378903388977,0.0,107.409,0.0,-16.11742401123047
311.6706109046936,0.0,107.344,0.0,-16.11124038696289
311.7021141052246,0.0,107.363,0.0,-16.108802795410156
311.728232383728,0.0,107.391,0.0,-16.108137130737305
311.7722444534302,0.0,107.428,0.0,-16.109682083129883
311.8002872467041,0.0,107.398,0.0,-16.109235763549805
311.83218574523926,0.0,107.339,0.0,-16.106447219848633
311.86392426490784,0.0,107.358,0.0,-16.104494094848633
311.8958442211151,0.0,107.357,0.0,-16.10301399230957
311.9277787208557,0.0,107.357,0.0,-16.10256004333496
311.96056509017944,0.0,107.371,0.0,-16.10225486755371
311.997239112854,0.0,107.36,0.0,-16.102529525756836
312.02404975891113,0.0,107.363,0.0,-16.103103637695312
312.0576558113098,0.0,107.331,0.0,-16.103076934814453
312.09014415740967,0.0,107.306,0.0,-16.10173988342285
312.1218161582947,0.0,107.284,0.0,-16.097206115722656
312.1542522907257,0.0,107.269,0.0,-16.09465789794922
312.1854364871979,0.0,107.274,0.0,-16.092777252197266
312.22646164894104,0.0,107.251,0.0,-16.08974838256836
312.25794887542725,0.0,107.236,0.0,-16.08771324157715
312.28960514068604,0.0,107.205,0.0,-16.086240768432617
312.32281970977783,0.0,107.222,0.0,-16.082801818847656
312.3546726703644,0.0,107.222,0.0,-16.082048416137695
312.3870656490326,0.0,107.193,0.0,-16.080732345581055
312.4186532497406,0.0,107.209,0.0,-16.07903480529785
312.4595241546631,0.0,107.213,0.0,-16.079015731811523
312.4868993759155,0.0,107.215,0.0,-16.079145431518555
312.5256028175354,0.0,107.19,0.0,-16.078744888305664
312.5586006641388,0.0,107.19,0.0,-16.07803726196289
312.5898382663727,0.0,107.208,0.0,-16.077537536621094
312.62192583084106,0.0,107.183,0.0,-16.077898025512695
312.6533041000366,0.0,107.15,0.0,-16.0772647857666
312.6862874031067,0.0,107.135,0.0,-16.075424194335938
312.721883058548,0.0,107.135,0.0,-16.0718994140625
312.7588560581207,0.0,107.132,0.0,-16.07086181640625
312.7900960445404,0.0,107.122,0.0,-16.06989860534668
312.82291436195374,0.0,107.094,0.0,-16.06679344177246
312.8539879322052,0.0,107.107,0.0,-16.06572723388672
312.8863401412964,0.0,107.098,0.0,-16.065082550048828
312.92253518104553,0.0,107.096,0.0,-16.063594818115234
312.9514446258545,0.0,107.061,0.0,-16.061660766601562
312.9830846786499,0.0,107.033,0.0,-16.05904197692871
313.0157971382141,0.0,107.049,0.0,-16.05661392211914
313.04885268211365,0.0,107.07,0.0,-16.056352615356445
313.0794289112091,0.0,107.094,0.0,-16.0577449798584
313.11115169525146,0.0,107.105,0.0,-16.059337615966797
313.1427743434906,0.0,107.088,0.0,-16.060569763183594
313.1760320663452,0.0,107.067,0.0,-16.060277938842773
313.2107388973236,0.0,107.048,0.0,-16.05983543395996
313.2427113056183,0.0,107.019,0.0,-16.05872344970703
313.2693727016449,0.0,107.024,0.0,-16.057472229003906
313.3007638454437,0.0,107.03,0.0,-16.054641723632812
313.3327898979187,0.0,107.025,0.0,-16.05408477783203
313.3655295372009,0.0,107.03,0.0,-16.053482055664062
313.39767360687256,0.0,107.006,0.0,-16.052120208740234
313.4291331768036,0.0,106.986,0.0,-16.050601959228516
313.4609065055847,0.0,106.988,0.0,-16.049299240112305
313.4939134120941,0.0,106.99,0.0,-16.048418045043945
313.52528858184814,0.0,106.973,0.0,-16.04676055908203
313.55656933784485,0.0,106.93,0.0,-16.045658111572266
313.5888192653656,0.0,106.905,0.0,-16.043338775634766
313.623637676239,0.0,106.888,0.0,-16.037715911865234
313.6529324054718,0.0,106.862,0.0,-16.034500122070312
313.6853537559509,0.0,106.867,0.0,-16.032291412353516
313.7184398174286,0.0,106.897,0.0,-16.0316219329834
313.74974036216736,0.0,106.893,0.0,-16.03125762939453
313.7770049571991,0.0,106.892,0.0,-16.03111457824707
313.80879759788513,0.0,106.88,0.0,-16.031064987182617
313.8407278060913,0.0,106.876,0.0,-16.030580520629883
313.8731052875519,0.0,106.88,0.0,-16.030059814453125
313.9362246990204,0.0,106.847,0.0,-16.029003143310547
313.9600191116333,0.0,106.82,0.0,-16.027847290039062
313.9907286167145,0.0,106.841,0.0,-16.02586555480957
314.02334451675415,0.0,106.844,0.0,-16.024972915649414
314.0547761917114,0.0,106.824,0.0,-16.024375915527344
314.086473941803,0.0,106.788,0.0,-16.023540496826172
314.1226375102997,0.0,106.798,0.0,-16.020263671875
314.1510844230652,0.0,106.769,0.0,-16.01819610595703
314.1819770336151,0.0,106.761,0.0,-16.016525268554688
314.2131178379059,0.0,106.728,0.0,-16.015079498291016
314.2464611530304,0.0,106.768,0.0,-16.012483596801758
314.2779257297516,0.0,106.765,0.0,-16.012304306030273
314.3104465007782,0.0,106.778,0.0,-16.012771606445312
314.35233187675476,0.0,106.716,0.0,-16.010820388793945
314.38426995277405,0.0,106.733,0.0,-16.009883880615234
314.41501235961914,0.0,106.706,0.0,-16.00921058654785
314.44714403152466,0.0,106.705,0.0,-16.00591468811035
314.47960114479065,0.0,106.664,0.0,-16.005123138427734
314.51112389564514,0.0,106.695,0.0,-16.002843856811523
314.54260420799255,0.0,106.701,0.0,-16.002439498901367
314.57487750053406,0.0,106.685,0.0,-16.001815795898438
314.61048436164856,0.0,106.673,0.0,-16.002479553222656
314.6431736946106,0.0,106.673,0.0,-16.001445770263672
314.69254088401794,0.0,106.638,0.0,-15.998136520385742
314.7237024307251,0.0,106.65,0.0,-15.996244430541992
314.75598645210266,0.0,106.653,0.0,-15.996027946472168
314.78784680366516,0.0,106.646,0.0,-15.996456146240234
314.8230414390564,0.0,106.621,0.0,-15.994626998901367
314.85975646972656,0.0,106.614,0.0,-15.993321418762207
314.8914427757263,0.0,106.618,0.0,-15.99235725402832
314.9241774082184,0.0,106.577,0.0,-15.989737510681152
314.95581698417664,0.0,106.578,0.0,-15.988212585449219
314.98785424232483,0.0,106.532,0.0,-15.987085342407227
315.02416157722473,0.0,106.515,0.0,-15.981169700622559
315.0515775680542,0.0,106.493,0.0,-15.979165077209473
315.084103345871,0.0,106.479,0.0,-15.97675895690918
315.11786460876465,0.0,106.498,0.0,-15.974382400512695
315.14952778816223,0.0,106.498,0.0,-15.972708702087402
315.1816358566284,0.0,106.545,0.0,-15.972275733947754
315.21314787864685,0.0,106.548,0.0,-15.973986625671387
315.249888420105,0.0,106.571,0.0,-15.977688789367676
315.2780954837799,0.0,106.528,0.0,-15.977619171142578
315.3113102912903,0.0,106.524,0.0,-15.97722339630127
315.3439311981201,0.0,106.51,0.0,-15.977161407470703
315.3902196884155,0.0,106.51,0.0,-15.975447654724121
315.429562330246,0.0,106.493,0.0,-15.974493980407715
315.4621362686157,0.0,106.487,0.0,-15.973697662353516
315.4934139251709,0.0,106.48,0.0,-15.973072052001953
315.5262863636017,0.0,106.467,0.0,-15.971238136291504
315.557559967041,0.0,106.463,0.0,-15.97026252746582
315.5895924568176,0.0,106.487,0.0,-15.970551490783691
315.62186002731323,0.0,106.477,0.0,-15.972006797790527
315.6540231704712,0.0,106.47,0.0,-15.971570014953613
315.6857442855835,0.0,106.427,0.0,-15.97096061706543
315.71679306030273,0.0,106.427,0.0,-15.968708038330078
315.74877762794495,0.0,106.427,0.0,-15.9656982421875
315.78030157089233,0.0,106.441,0.0,-15.964734077453613
315.813036441803,0.0,106.43,0.0,-15.964613914489746
315.84478759765625,0.0,106.44,0.0,-15.964096069335938
315.87696743011475,0.0,106.443,0.0,-15.964353561401367
315.90795612335205,0.0,106.435,0.0,-15.964542388916016
315.9421670436859,0.0,106.439,0.0,-15.964380264282227
315.97420263290405,0.0,106.433,0.0,-15.964274406433105
316.0078456401825,0.0,106.419,0.0,-15.963574409484863
316.0377871990204,0.0,106.426,0.0,-15.963350296020508
316.06945276260376,0.0,106.401,0.0,-15.96210765838623
316.1117217540741,0.0,106.396,0.0,-15.96054744720459
316.14344358444214,0.0,106.392,0.0,-15.959850311279297
316.1762843132019,0.0,106.361,0.0,-15.957919120788574
316.20800971984863,0.0,106.337,0.0,-15.956435203552246
316.2399699687958,0.0,106.317,0.0,-15.954313278198242
316.27217626571655,0.0,106.31,0.0,-15.95186996459961
316.30383133888245,0.0,106.32,0.0,-15.947999954223633
316.3368182182312,0.0,106.293,0.0,-15.947260856628418
316.3665473461151,0.0,106.306,0.0,-15.945609092712402
316.3995897769928,0.0,106.306,0.0,-15.944464683532715
316.4289479255676,0.0,106.306,0.0,-15.944157600402832
316.4531319141388,0.0,106.306,0.0,-15.943970680236816
316.49088406562805,0.0,106.304,0.0,-15.943790435791016
316.5235266685486,0.0,106.329,0.0,-15.944550514221191
316.55567932128906,0.0,106.342,0.0,-15.945416450500488
316.5867292881012,0.0,106.327,0.0,-15.946664810180664
316.61976408958435,0.0,106.287,0.0,-15.947026252746582
316.6522784233093,0.0,106.245,0.0,-15.94355297088623
316.68415880203247,0.0,106.238,0.0,-15.941246032714844
316.716427564621,0.0,106.273,0.0,-15.939201354980469
316.7487897872925,0.0,106.274,0.0,-15.939155578613281
316.77907705307007,0.0,106.275,0.0,-15.939254760742188
316.80483531951904,0.0,106.266,0.0,-15.93898868560791
316.85139989852905,0.0,106.304,0.0,-15.940306663513184
316.88241815567017,0.0,106.295,0.0,-15.941109657287598
316.9136793613434,0.0,106.246,0.0,-15.941413879394531
316.945440530777,0.0,106.222,0.0,-15.93994426727295
316.9748909473419,0.0,106.238,0.0,-15.936868667602539
317.0062470436096,0.0,106.255,0.0,-15.93687629699707
317.0392596721649,0.0,106.234,0.0,-15.936026573181152
317.07566571235657,0.0,106.23,0.0,-15.935091972351074
317.1035511493683,0.0,106.226,0.0,-15.934391975402832
317.1360282897949,0.0,106.22,0.0,-15.933877944946289
317.1680574417114,0.0,106.212,0.0,-15.933256149291992
317.20026683807373,0.0,106.157,0.0,-15.930374145507812
317.2323682308197,0.0,106.172,0.0,-15.927990913391113
317.2643623352051,0.0,106.148,0.0,-15.926815032958984
317.30329608917236,0.0,106.171,0.0,-15.924503326416016
317.32925844192505,0.0,106.142,0.0,-15.924210548400879
317.3612139225006,0.0,106.103,0.0,-15.922810554504395
317.3928017616272,0.0,106.083,0.0,-15.920135498046875
317.4249835014343,0.0,106.078,0.0,-15.914910316467285
317.4559953212738,0.0,106.063,0.0,-15.912513732910156
317.493448972702,0.0,106.062,0.0,-15.910726547241211
317.5193192958832,0.0,106.069,0.0,-15.909372329711914
317.55960488319397,0.0,106.047,0.0,-15.907306671142578
317.5905158519745,0.0,106.048,0.0,-15.90634822845459
317.6234538555145,0.0,106.056,0.0,-15.905843734741211
317.6553554534912,0.0,106.043,0.0,-15.905082702636719
317.687447309494,0.0,106.051,0.0,-15.905011177062988
317.7196969985962,0.0,106.071,0.0,-15.905013084411621
317.75279808044434,0.0,106.074,0.0,-15.90672779083252
317.784304857254,0.0,106.039,0.0,-15.90744686126709
317.8170657157898,0.0,106.01,0.0,-15.906567573547363
317.8474633693695,0.0,105.99,0.0,-15.904701232910156
317.8804545402527,0.0,105.988,0.0,-15.900589942932129
317.9127240180969,0.0,105.949,0.0,-15.899277687072754
317.9443008899689,0.0,105.954,0.0,-15.896673202514648
317.97812509536743,0.0,105.954,0.0,-15.893624305725098
318.0083246231079,0.0,105.95,0.0,-15.892931938171387
318.04112100601196,0.0,105.971,0.0,-15.892034530639648
318.07293152809143,0.0,105.946,0.0,-15.892279624938965
318.1050410270691,0.0,105.928,0.0,-15.89014720916748
318.1378426551819,0.0,105.932,0.0,-15.8893404006958
318.16941261291504,0.0,105.93,0.0,-15.888348579406738
318.21038913726807,0.0,105.956,0.0,-15.888818740844727
318.2408890724182,0.0,105.935,0.0,-15.888639450073242
318.2809262275696,0.0,105.915,0.0,-15.886825561523438
318.3143904209137,0.0,105.904,0.0,-15.885921478271484
318.345899105072,0.0,105.903,0.0,-15.885223388671875
318.37879848480225,0.0,105.91,0.0,-15.88521957397461
318.4096336364746,0.0,105.903,0.0,-15.88509464263916
318.4422116279602,0.0,105.901,0.0,-15.88473892211914
318.47390818595886,0.0,105.889,0.0,-15.884413719177246
318.50546884536743,0.0,105.909,0.0,-15.883750915527344
318.53877091407776,0.0,105.889,0.0,-15.884079933166504
318.5707609653473,0.0,105.865,0.0,-15.883522033691406
318.6036264896393,0.0,105.865,0.0,-15.8810453414917
318.6351869106293,0.0,105.873,0.0,-15.880043983459473
318.6674680709839,0.0,105.854,0.0,-15.87984848022461
318.7030222415924,0.0,105.85,0.0,-15.87808609008789
318.7311017513275,0.0,105.864,0.0,-15.878053665161133
318.7638461589813,0.0,105.874,0.0,-15.8784818649292
318.79429626464844,0.0,105.848,0.0,-15.87850570678711
318.8300678730011,0.0,105.839,0.0,-15.876893997192383
318.85803961753845,0.0,105.803,0.0,-15.874712944030762
318.88958048820496,0.0,105.806,0.0,-15.873183250427246
318.9267680644989,0.0,105.772,0.0,-15.869209289550781
318.95600295066833,0.0,105.79,0.0,-15.867619514465332
318.99640369415283,0.0,105.771,0.0,-15.867194175720215
319.0283954143524,0.0,105.774,0.0,-15.865498542785645
319.0612506866455,0.0,105.745,0.0,-15.86502742767334
319.0932023525238,0.0,105.743,0.0,-15.86349105834961
319.1290395259857,0.0,105.751,0.0,-15.86170482635498
319.1576211452484,0.0,105.75,0.0,-15.861529350280762
319.18985080718994,0.0,105.748,0.0,-15.861187934875488
319.2218849658966,0.0,105.706,0.0,-15.860884666442871
319.25395464897156,0.0,105.676,0.0,-15.856200218200684
319.28606939315796,0.0,105.702,0.0,-15.854097366333008
319.3191661834717,0.0,105.692,0.0,-15.853660583496094
319.3529472351074,0.0,105.695,0.0,-15.852598190307617
319.3821578025818,0.0,105.686,0.0,-15.851991653442383
319.41571378707886,0.0,105.645,0.0,-15.849851608276367
319.4470167160034,0.0,105.638,0.0,-15.847660064697266
319.4788022041321,0.0,105.643,0.0,-15.84554672241211
319.51040053367615,0.0,105.637,0.0,-15.844758987426758
319.5429992675781,0.0,105.654,0.0,-15.844921112060547
319.57930731773376,0.0,105.657,0.0,-15.845663070678711
319.60709595680237,0.0,105.671,0.0,-15.84589672088623
319.6318361759186,0.0,105.653,0.0,-15.846705436706543
319.6650834083557,0.0,105.652,0.0,-15.846611022949219
319.6976339817047,0.0,105.648,0.0,-15.846528053283691
319.7288568019867,0.0,105.645,0.0,-15.845190048217773
319.7618148326874,0.0,105.61,0.0,-15.845221519470215
319.79371452331543,0.0,105.603,0.0,-15.843805313110352
319.82795572280884,0.0,105.618,0.0,-15.842056274414062
319.85830545425415,0.0,105.618,0.0,-15.841789245605469
319.8893892765045,0.0,105.606,0.0,-15.84178352355957
319.9220643043518,0.0,105.622,0.0,-15.841136932373047
319.95509219169617,0.0,105.611,0.0,-15.841062545776367
319.9863052368164,0.0,105.588,0.0,-15.839909553527832
320.0177948474884,0.0,105.545,0.0,-15.839128494262695
320.0537042617798,0.0,105.514,0.0,-15.833490371704102
320.0820541381836,0.0,105.504,0.0,-15.830657005310059
320.1143112182617,0.0,105.471,0.0,-15.827130317687988
320.14436960220337,0.0,105.503,0.0,-15.824922561645508
320.1845660209656,0.0,105.49,0.0,-15.823097229003906
320.21608328819275,0.0,105.485,0.0,-15.822126388549805
320.24765133857727,0.0,105.47,0.0,-15.821440696716309
320.2794029712677,0.0,105.473,0.0,-15.819051742553711
320.31172943115234,0.0,105.51,0.0,-15.818745613098145
320.35377836227417,0.0,105.46,0.0,-15.82040023803711
320.3905348777771,0.0,105.453,0.0,-15.819403648376465
320.407657623291,0.0,105.43,0.0,-15.818384170532227
320.4457652568817,0.0,105.42,0.0,-15.816676139831543
320.4808714389801,0.0,105.415,0.0,-15.81351375579834
320.5101182460785,0.0,105.399,0.0,-15.811758995056152
320.54226422309875,0.0,105.388,0.0,-15.810205459594727
320.57412600517273,0.0,105.4,0.0,-15.808852195739746
320.60610270500183,0.0,105.419,0.0,-15.808850288391113
320.63886618614197,0.0,105.438,0.0,-15.810075759887695
320.6717290878296,0.0,105.422,0.0,-15.81136417388916
320.70423340797424,0.0,105.395,0.0,-15.81038761138916
320.73606610298157,0.0,105.382,0.0,-15.809065818786621
320.7686011791229,0.0,105.379,0.0,-15.807952880859375
320.7995011806488,0.0,105.392,0.0,-15.807087898254395
320.83235931396484,0.0,105.388,0.0,-15.806595802307129
320.8634834289551,0.0,105.384,0.0,-15.806571960449219
320.89550709724426,0.0,105.375,0.0,-15.806419372558594
320.9310119152069,0.0,105.372,0.0,-15.805500030517578
320.9598252773285,0.0,105.326,0.0,-15.803332328796387
320.9912736415863,0.0,105.283,0.0,-15.801604270935059
321.02351784706116,0.0,105.298,0.0,-15.798501014709473
321.05496406555176,0.0,105.305,0.0,-15.795783996582031
321.0956313610077,0.0,105.295,0.0,-15.795238494873047
321.13041281700134,0.0,105.311,0.0,-15.794261932373047
321.1606831550598,0.0,105.303,0.0,-15.793959617614746
321.1921989917755,0.0,105.346,0.0,-15.795158386230469
321.22651648521423,0.0,105.347,0.0,-15.796545028686523
321.2585699558258,0.0,105.343,0.0,-15.798439025878906
321.2915186882019,0.0,105.339,0.0,-15.798868179321289
321.32276153564453,0.0,105.303,0.0,-15.799384117126465
321.3555817604065,0.0,105.287,0.0,-15.79648208618164
321.38629841804504,0.0,105.255,0.0,-15.795235633850098
321.4174065589905,0.0,105.243,0.0,-15.792949676513672
321.44997692108154,0.0,105.248,0.0,-15.790706634521484
321.4820935726166,0.0,105.207,0.0,-15.787389755249023
321.51435446739197,0.0,105.213,0.0,-15.785011291503906
321.5457227230072,0.0,105.167,0.0,-15.783472061157227
321.5628402233124,0.0,105.157,0.0,-15.780401229858398
321.59358763694763,0.0,105.123,0.0,-15.777663230895996
321.6307473182678,0.0,105.144,0.0,-15.772442817687988
321.658643245697,0.0,105.126,0.0,-15.770418167114258
321.69042205810547,0.0,105.11,0.0,-15.767712593078613
321.72226333618164,0.0,105.106,0.0,-15.766246795654297
321.7549846172333,0.0,105.11,0.0,-15.764337539672852
321.78308939933777,0.0,105.142,0.0,-15.765226364135742
321.8184895515442,0.0,105.123,0.0,-15.766156196594238
321.84787034988403,0.0,105.157,0.0,-15.765974998474121
321.88049840927124,0.0,105.126,0.0,-15.76711368560791
321.9123501777649,0.0,105.111,0.0,-15.76637077331543
321.9442467689514,0.0,105.075,0.0,-15.76432991027832
321.9759874343872,0.0,105.056,0.0,-15.761707305908203
322.00788164138794,0.0,105.034,0.0,-15.75855541229248
322.03967452049255,0.0,105.063,0.0,-15.756781578063965
322.07233238220215,0.0,105.081,0.0,-15.756689071655273
322.1064918041229,0.0,105.068,0.0,-15.757516860961914
322.137291431427,0.0,105.056,0.0,-15.757421493530273
322.16852951049805,0.0,105.016,0.0,-15.757098197937012
322.2007346153259,0.0,105.017,0.0,-15.755212783813477
322.23401522636414,0.0,105.023,0.0,-15.75307846069336
322.2587571144104,0.0,105.023,0.0,-15.752537727355957
322.2912359237671,0.0,105.048,0.0,-15.75258731842041
322.325067281723,0.0,105.023,0.0,-15.753299713134766
322.35562086105347,0.0,105.01,0.0,-15.751976013183594
322.3878335952759,0.0,105.021,0.0,-15.751806259155273
322.41946744918823,0.0,105.031,0.0,-15.75141716003418
322.45228147506714,0.0,105.033,0.0,-15.751864433288574
322.4902889728546,0.0,105.012,0.0,-15.751830101013184
322.53118658065796,0.0,105.002,0.0,-15.750509262084961
322.56116938591003,0.0,104.972,0.0,-15.748824119567871
322.5929231643677,0.0,104.958,0.0,-15.74696159362793
322.6101710796356,0.0,104.959,0.0,-15.745555877685547
322.6430313587189,0.0,104.919,0.0,-15.744548797607422
322.67266178131104,0.0,104.924,0.0,-15.742130279541016
322.7076759338379,0.0,104.889,0.0,-15.73872184753418
322.73754048347473,0.0,104.895,0.0,-15.736506462097168
322.76934909820557,0.0,104.901,0.0,-15.735100746154785
322.8082435131073,0.0,104.922,0.0,-15.734661102294922
322.84117341041565,0.0,104.847,0.0,-15.733467102050781
322.87239241600037,0.0,104.826,0.0,-15.73095703125
322.90511178970337,0.0,104.848,0.0,-15.727035522460938
322.93716168403625,0.0,104.844,0.0,-15.72603988647461
322.9571716785431,0.0,104.905,0.0,-15.727895736694336
322.9864819049835,0.0,104.927,0.0,-15.73031234741211
323.01643800735474,0.0,104.892,0.0,-15.730758666992188
323.0479700565338,0.0,104.843,0.0,-15.73143482208252
323.08048939704895,0.0,104.826,0.0,-15.727566719055176
323.11206912994385,0.0,104.856,0.0,-15.727261543273926
323.1450958251953,0.0,104.823,0.0,-15.725679397583008
323.1766941547394,0.0,104.812,0.0,-15.724495887756348
323.21689772605896,0.0,104.792,0.0,-15.72269058227539
323.24842524528503,0.0,104.799,0.0,-15.721010208129883
323.28148198127747,0.0,104.758,0.0,-15.718558311462402
323.31253385543823,0.0,104.769,0.0,-15.71652889251709
323.3591227531433,0.0,104.783,0.0,-15.715298652648926
323.39236068725586,0.0,104.785,0.0,-15.715215682983398
323.4236307144165,0.0,104.769,0.0,-15.71528434753418
323.4574456214905,0.0,104.744,0.0,-15.713261604309082
323.4875855445862,0.0,104.733,0.0,-15.711722373962402
323.5200152397156,0.0,104.693,0.0,-15.708647727966309
323.55218267440796,0.0,104.697,0.0,-15.706573486328125
323.58390736579895,0.0,104.704,0.0,-15.704484939575195
323.6161608695984,0.0,104.706,0.0,-15.704078674316406
323.6487467288971,0.0,104.691,0.0,-15.703739166259766
323.68221974372864,0.0,104.691,0.0,-15.7024564743042
323.7117671966553,0.0,104.699,0.0,-15.702435493469238
323.743684053421,0.0,104.691,0.0,-15.702133178710938
323.7757031917572,0.0,104.698,0.0,-15.702239036560059
323.809458732605,0.0,104.671,0.0,-15.702083587646484
323.8393998146057,0.0,104.655,0.0,-15.701189041137695
323.87775707244873,0.0,104.606,0.0,-15.699861526489258
323.9268674850464,0.0,104.618,0.0,-15.694883346557617
323.95864391326904,0.0,104.637,0.0,-15.692851066589355
323.99044013023376,0.0,104.621,0.0,-15.69289779663086
324.02302503585815,0.0,104.585,0.0,-15.692312240600586
324.06004071235657,0.0,104.584,0.0,-15.688920974731445
324.0876750946045,0.0,104.607,0.0,-15.688798904418945
324.1193618774414,0.0,104.571,0.0,-15.687789916992188
324.1516764163971,0.0,104.555,0.0,-15.686513900756836
324.18402218818665,0.0,104.532,0.0,-15.68274974822998
324.215425491333,0.0,104.532,0.0,-15.681138038635254
324.24759674072266,0.0,104.519,0.0,-15.67953109741211
324.2807011604309,0.0,104.519,0.0,-15.677273750305176
324.3110399246216,0.0,104.526,0.0,-15.676897048950195
324.34278321266174,0.0,104.528,0.0,-15.676750183105469
324.3750660419464,0.0,104.518,0.0,-15.67627239227295
324.408020734787,0.0,104.49,0.0,-15.674426078796387
324.43974471092224,0.0,104.506,0.0,-15.673460006713867
324.470822095871,0.0,104.522,0.0,-15.673436164855957
324.50322675704956,0.0,104.508,0.0,-15.674139976501465
324.53546595573425,0.0,104.49,0.0,-15.67414379119873
324.5680251121521,0.0,104.497,0.0,-15.673468589782715
324.59554052352905,0.0,104.505,0.0,-15.673277854919434
324.63754296302795,0.0,104.458,0.0,-15.672070503234863
324.6619098186493,0.0,104.458,0.0,-15.670660018920898
324.6938896179199,0.0,104.44,0.0,-15.669143676757812
324.7257981300354,0.0,104.44,0.0,-15.667716026306152
324.75916481018066,0.0,104.45,0.0,-15.666296005249023
324.78979420661926,0.0,104.426,0.0,-15.665054321289062
324.8228249549866,0.0,104.41,0.0,-15.664430618286133
324.8538455963135,0.0,104.409,0.0,-15.663026809692383
324.8871304988861,0.0,104.418,0.0,-15.661529541015625
324.91043066978455,0.0,104.404,0.0,-15.660666465759277
324.9385209083557,0.0,104.423,0.0,-15.660841941833496
324.97044944763184,0.0,104.392,0.0,-15.65971851348877
325.00109601020813,0.0,104.382,0.0,-15.658429145812988
325.03345680236816,0.0,104.359,0.0,-15.655892372131348
325.0657835006714,0.0,104.356,0.0,-15.654680252075195
325.0981228351593,0.0,104.339,0.0,-15.653664588928223
325.1305046081543,0.0,104.354,0.0,-15.652215003967285
325.16327953338623,0.0,104.332,0.0,-15.65106201171875
325.19393706321716,0.0,104.338,0.0,-15.650056838989258
325.2262110710144,0.0,104.297,0.0,-15.649580001831055
325.25977849960327,0.0,104.303,0.0,-15.646259307861328
325.2888534069061,0.0,104.304,0.0,-15.644693374633789
325.32779908180237,0.0,104.287,0.0,-15.644207000732422
325.3516626358032,0.0,104.265,0.0,-15.643171310424805
325.3848738670349,0.0,104.296,0.0,-15.641563415527344
325.41580057144165,0.0,104.303,0.0,-15.641960144042969
325.443240404129,0.0,104.302,0.0,-15.64227294921875
325.47249698638916,0.0,104.281,0.0,-15.642852783203125
325.50949716567993,0.0,104.277,0.0,-15.641501426696777
325.5372951030731,0.0,104.282,0.0,-15.6412353515625
325.5694398880005,0.0,104.282,0.0,-15.641063690185547
325.6027624607086,0.0,104.284,0.0,-15.641175270080566
325.63365960121155,0.0,104.278,0.0,-15.641190528869629
325.6658413410187,0.0,104.295,0.0,-15.640983581542969
325.6973977088928,0.0,104.295,0.0,-15.641562461853027
325.729523897171,0.0,104.292,0.0,-15.642032623291016
325.76090002059937,0.0,104.292,0.0,-15.642924308776855
325.79283928871155,0.0,104.268,0.0,-15.643009185791016
325.82590413093567,0.0,104.262,0.0,-15.642078399658203
325.85699248313904,0.0,104.254,0.0,-15.640056610107422
325.88829469680786,0.0,104.255,0.0,-15.639294624328613
325.9207193851471,0.0,104.248,0.0,-15.638514518737793
325.95172119140625,0.0,104.246,0.0,-15.637848854064941
325.99233865737915,0.0,104.266,0.0,-15.637690544128418
326.01998257637024,0.0,104.243,0.0,-15.63778305053711
326.0603129863739,0.0,104.228,0.0,-15.636068344116211
326.09166264533997,0.0,104.207,0.0,-15.63436222076416
326.123722076416,0.0,104.199,0.0,-15.632816314697266
326.16015577316284,0.0,104.218,0.0,-15.631428718566895
326.187379360199,0.0,104.206,0.0,-15.630851745605469
326.219034910202,0.0,104.205,0.0,-15.630395889282227
326.25156450271606,0.0,104.162,0.0,-15.62826919555664
326.28351163864136,0.0,104.172,0.0,-15.626260757446289
326.3161735534668,0.0,104.176,0.0,-15.625602722167969
326.34805607795715,0.0,104.225,0.0,-15.625300407409668
326.37974190711975,0.0,104.218,0.0,-15.627161979675293
326.4112627506256,0.0,104.199,0.0,-15.628311157226562
326.44291281700134,0.0,104.189,0.0,-15.628477096557617
326.4728617668152,0.0,104.183,0.0,-15.628204345703125
326.50908637046814,0.0,104.2,0.0,-15.628145217895508
326.5383584499359,0.0,104.194,0.0,-15.628124237060547
326.570285320282,0.0,104.206,0.0,-15.628207206726074
326.6028571128845,0.0,104.187,0.0,-15.628788948059082
326.636043548584,0.0,104.156,0.0,-15.626899719238281
326.6659927368164,0.0,104.134,0.0,-15.624788284301758
326.7073698043823,0.0,104.096,0.0,-15.621747016906738
326.74451422691345,0.0,104.068,0.0,-15.61618423461914
326.77362513542175,0.0,104.056,0.0,-15.613982200622559
326.8050081729889,0.0,104.076,0.0,-15.611700057983398
326.83713150024414,0.0,104.095,0.0,-15.611013412475586
326.8688135147095,0.0,104.08,0.0,-15.610579490661621
326.90106654167175,0.0,104.059,0.0,-15.609414100646973
326.933491230011,0.0,104.01,0.0,-15.607139587402344
326.96546244621277,0.0,103.998,0.0,-15.60354232788086
326.99669218063354,0.0,103.989,0.0,-15.601635932922363
327.02692222595215,0.0,103.99,0.0,-15.599846839904785
327.0610046386719,0.0,103.987,0.0,-15.59752368927002
327.09122371673584,0.0,104.029,0.0,-15.597074508666992
327.12352204322815,0.0,104.031,0.0,-15.598261833190918
327.156494140625,0.0,104.007,0.0,-15.599323272705078
327.17213773727417,0.0,103.985,0.0,-15.599185943603516
327.20349311828613,0.0,103.938,0.0,-15.598199844360352
327.2358167171478,0.0,103.942,0.0,-15.59364128112793
327.2689220905304,0.0,103.936,0.0,-15.591999053955078
327.29988527297974,0.0,103.932,0.0,-15.590070724487305
327.3362789154053,0.0,103.922,0.0,-15.588136672973633
327.364061832428,0.0,103.928,0.0,-15.587638854980469
327.40318632125854,0.0,103.898,0.0,-15.58743667602539
327.4426577091217,0.0,103.9,0.0,-15.584939002990723
327.4874246120453,0.0,103.884,0.0,-15.581899642944336
327.5136761665344,0.0,103.9,0.0,-15.581978797912598
327.54669070243835,0.0,103.888,0.0,-15.581591606140137
327.57284569740295,0.0,103.923,0.0,-15.581345558166504
327.60510206222534,0.0,103.905,0.0,-15.582674980163574
327.6368384361267,0.0,103.856,0.0,-15.58167839050293
327.66946291923523,0.0,103.853,0.0,-15.580238342285156
327.702201128006,0.0,103.855,0.0,-15.579039573669434
327.73757672309875,0.0,103.884,0.0,-15.57888126373291
327.76610589027405,0.0,103.884,0.0,-15.5797119140625
327.79920411109924,0.0,103.873,0.0,-15.580094337463379
327.8296744823456,0.0,103.851,0.0,-15.579957962036133
327.8616552352905,0.0,103.825,0.0,-15.577116012573242
327.89341592788696,0.0,103.812,0.0,-15.575178146362305
327.9257712364197,0.0,103.796,0.0,-15.574009895324707
327.96382880210876,0.0,103.836,0.0,-15.572484970092773
327.9890146255493,0.0,103.834,0.0,-15.57267951965332
328.0214626789093,0.0,103.8,0.0,-15.571440696716309
328.05182242393494,0.0,103.803,0.0,-15.571737289428711
328.0832896232605,0.0,103.82,0.0,-15.570911407470703
328.11839628219604,0.0,103.841,0.0,-15.572021484375
328.144300699234,0.0,103.82,0.0,-15.571943283081055
328.18763518333435,0.0,103.807,0.0,-15.57165241241455
328.21565866470337,0.0,103.812,0.0,-15.571183204650879
328.2488670349121,0.0,103.823,0.0,-15.571052551269531
328.28067445755005,0.0,103.817,0.0,-15.571435928344727
328.3128614425659,0.0,103.786,0.0,-15.571565628051758
328.3447759151459,0.0,103.774,0.0,-15.570332527160645
328.3765411376953,0.0,103.774,0.0,-15.568892478942871
328.4136836528778,0.0,103.773,0.0,-15.566936492919922
328.44126534461975,0.0,103.748,0.0,-15.565245628356934
328.47202253341675,0.0,103.706,0.0,-15.563127517700195
328.50358176231384,0.0,103.709,0.0,-15.560599327087402
328.5356652736664,0.0,103.726,0.0,-15.558189392089844
328.56768918037415,0.0,103.751,0.0,-15.558804512023926
328.599600315094,0.0,103.754,0.0,-15.559450149536133
328.6250216960907,0.0,103.747,0.0,-15.559694290161133
328.6654016971588,0.0,103.737,0.0,-15.55966854095459
328.69726729393005,0.0,103.72,0.0,-15.558823585510254
328.7287931442261,0.0,103.728,0.0,-15.558534622192383
328.76106572151184,0.0,103.695,0.0,-15.5577974319458
328.7933712005615,0.0,103.69,0.0,-15.556439399719238
328.8268690109253,0.0,103.658,0.0,-15.555207252502441
328.85380935668945,0.0,103.663,0.0,-15.552942276000977
328.88856768608093,0.0,103.704,0.0,-15.550859451293945
328.9123272895813,0.0,103.704,0.0,-15.551630020141602
328.9424765110016,0.0,103.646,0.0,-15.552138328552246
328.97411155700684,0.0,103.635,0.0,-15.550254821777344
329.00739192962646,0.0,103.618,0.0,-15.548369407653809
329.0392141342163,0.0,103.67,0.0,-15.546813011169434
329.0717890262604,0.0,103.694,0.0,-15.547470092773438
329.1029124259949,0.0,103.693,0.0,-15.54885482788086
329.13764357566833,0.0,103.656,0.0,-15.549206733703613
329.1620717048645,0.0,103.64,0.0,-15.54800796508789
329.2004508972168,0.0,103.587,0.0,-15.544879913330078
329.23335099220276,0.0,103.574,0.0,-15.541860580444336
329.2651364803314,0.0,103.574,0.0,-15.537986755371094
329.296462059021,0.0,103.592,0.0,-15.537507057189941
329.32932782173157,0.0,103.596,0.0,-15.537188529968262
329.3635594844818,0.0,103.545,0.0,-15.536091804504395
329.3927011489868,0.0,103.536,0.0,-15.534261703491211
329.42389369010925,0.0,103.535,0.0,-15.532515525817871
329.45605731010437,0.0,103.578,0.0,-15.531173706054688
329.487996339798,0.0,103.577,0.0,-15.532639503479004
329.51946330070496,0.0,103.519,0.0,-15.53288745880127
329.55543422698975,0.0,103.536,0.0,-15.530977249145508
329.59530806541443,0.0,103.525,0.0,-15.529271125793457
329.6260712146759,0.0,103.522,0.0,-15.52863883972168
329.6625134944916,0.0,103.51,0.0,-15.527009963989258
329.701687335968,0.0,103.503,0.0,-15.526427268981934
329.7345161437988,0.0,103.5,0.0,-15.525598526000977
329.7665226459503,0.0,103.48,0.0,-15.52351188659668
329.79889583587646,0.0,103.463,0.0,-15.52178955078125
329.83051919937134,0.0,103.417,0.0,-15.51903247833252
329.8627886772156,0.0,103.414,0.0,-15.51445198059082
329.89431142807007,0.0,103.395,0.0,-15.512939453125
329.92666602134705,0.0,103.4,0.0,-15.511034965515137
329.9585313796997,0.0,103.413,0.0,-15.509838104248047
329.99133372306824,0.0,103.392,0.0,-15.508256912231445
330.02268719673157,0.0,103.399,0.0,-15.507549285888672
330.05565667152405,0.0,103.37,0.0,-15.50735855102539
330.0875172615051,0.0,103.385,0.0,-15.50605297088623
330.11965703964233,0.0,103.392,0.0,-15.505206108093262
330.15155959129333,0.0,103.364,0.0,-15.505483627319336
330.1844525337219,0.0,103.336,0.0,-15.5045747756958
330.2101287841797,0.0,103.307,0.0,-15.502744674682617
330.2421736717224,0.0,103.303,0.0,-15.498052597045898
330.27603244781494,0.0,103.335,0.0,-15.496397972106934
330.3025555610657,0.0,103.311,0.0,-15.496609687805176
330.34249925613403,0.0,103.287,0.0,-15.494272232055664
330.373330116272,0.0,103.292,0.0,-15.493337631225586
330.40479373931885,0.0,103.289,0.0,-15.492548942565918
330.4406547546387,0.0,103.297,0.0,-15.492294311523438
330.4685962200165,0.0,103.276,0.0,-15.492243766784668
330.49048686027527,0.0,103.276,0.0,-15.491371154785156
330.5163757801056,0.0,103.244,0.0,-15.489777565002441
330.54880928993225,0.0,103.26,0.0,-15.488215446472168
330.5808279514313,0.0,103.25,0.0,-15.487730979919434
330.61305379867554,0.0,103.264,0.0,-15.487051010131836
330.6453456878662,0.0,103.237,0.0,-15.486852645874023
330.677129983902,0.0,103.221,0.0,-15.485904693603516
330.7099492549896,0.0,103.209,0.0,-15.484543800354004
330.7429678440094,0.0,103.219,0.0,-15.482328414916992
330.7757487297058,0.0,103.207,0.0,-15.481497764587402
330.801983833313,0.0,103.207,0.0,-15.480733871459961
330.8335015773773,0.0,103.206,0.0,-15.48094654083252
330.86523938179016,0.0,103.206,0.0,-15.479944229125977
330.8960311412811,0.0,103.228,0.0,-15.4805908203125
330.92798137664795,0.0,103.24,0.0,-15.481632232666016
330.96522331237793,0.0,103.238,0.0,-15.484853744506836
330.99413681030273,0.0,103.21,0.0,-15.484916687011719
331.0260388851166,0.0,103.183,0.0,-15.483802795410156
331.0581760406494,0.0,103.154,0.0,-15.481820106506348
331.09041142463684,0.0,103.169,0.0,-15.477462768554688
331.12139987945557,0.0,103.174,0.0,-15.47640609741211
331.1542422771454,0.0,103.181,0.0,-15.475834846496582
331.1912884712219,0.0,103.188,0.0,-15.475963592529297
331.21827840805054,0.0,103.185,0.0,-15.476056098937988
331.2503626346588,0.0,103.136,0.0,-15.475526809692383
331.2840464115143,0.0,103.121,0.0,-15.47371768951416
331.31699776649475,0.0,103.117,0.0,-15.470039367675781
331.34905195236206,0.0,103.113,0.0,-15.468613624572754
331.3804564476013,0.0,103.117,0.0,-15.468812942504883
331.4153187274933,0.0,103.106,0.0,-15.466803550720215
331.44498467445374,0.0,103.095,0.0,-15.465520858764648
331.47683024406433,0.0,103.088,0.0,-15.464278221130371
331.50950050354004,0.0,103.094,0.0,-15.463656425476074
331.5412800312042,0.0,103.077,0.0,-15.462884902954102
331.57357597351074,0.0,103.046,0.0,-15.461954116821289
331.605352640152,0.0,103.021,0.0,-15.45997428894043
331.6305637359619,0.0,103.021,0.0,-15.457437515258789
331.6652936935425,0.0,103.026,0.0,-15.45431137084961
331.7109007835388,0.0,103.057,0.0,-15.454436302185059
331.7424683570862,0.0,103.028,0.0,-15.454058647155762
331.7741243839264,0.0,103.0,0.0,-15.45300579071045
331.8046691417694,0.0,103.008,0.0,-15.45152473449707
331.84078097343445,0.0,103.027,0.0,-15.451024055480957
331.86825013160706,0.0,103.027,0.0,-15.451271057128906
331.9004862308502,0.0,103.029,0.0,-15.451420783996582
331.9327881336212,0.0,103.03,0.0,-15.451742172241211
331.9653322696686,0.0,103.027,0.0,-15.452226638793945
331.9964601993561,0.0,103.024,0.0,-15.452250480651855
332.02841234207153,0.0,103.021,0.0,-15.452168464660645
332.0612609386444,0.0,103.026,0.0,-15.45208740234375
332.092333316803,0.0,103.029,0.0,-15.452609062194824
332.1246476173401,0.0,103.016,0.0,-15.452322006225586
332.1409797668457,0.0,103.015,0.0,-15.452116966247559
332.17415618896484,0.0,102.981,0.0,-15.451932907104492
332.2054681777954,0.0,102.968,0.0,-15.450379371643066
332.2375371456146,0.0,102.956,0.0,-15.448650360107422
332.2690682411194,0.0,102.935,0.0,-15.44461441040039
332.30128717422485,0.0,102.942,0.0,-15.442892074584961
332.33447217941284,0.0,102.936,0.0,-15.441892623901367
332.3661961555481,0.0,102.94,0.0,-15.440359115600586
332.3921866416931,0.0,102.926,0.0,-15.439388275146484
332.4308035373688,0.0,102.881,0.0,-15.438091278076172
332.46342277526855,0.0,102.875,0.0,-15.433876037597656
332.4951343536377,0.0,102.883,0.0,-15.43275260925293
332.52764439582825,0.0,102.883,0.0,-15.43122386932373
332.55820655822754,0.0,102.861,0.0,-15.430810928344727
332.59090280532837,0.0,102.842,0.0,-15.427959442138672
332.6224296092987,0.0,102.835,0.0,-15.426435470581055
332.6533205509186,0.0,102.848,0.0,-15.425859451293945
332.68642377853394,0.0,102.892,0.0,-15.42614459991455
332.7183165550232,0.0,102.873,0.0,-15.427963256835938
332.75026655197144,0.0,102.864,0.0,-15.428289413452148
332.7816917896271,0.0,102.874,0.0,-15.428199768066406
332.814355134964,0.0,102.813,0.0,-15.428583145141602
332.84641695022583,0.0,102.787,0.0,-15.424619674682617
332.8875596523285,0.0,102.759,0.0,-15.422259330749512
332.91910672187805,0.0,102.772,0.0,-15.417522430419922
332.95181918144226,0.0,102.764,0.0,-15.416285514831543
332.9836564064026,0.0,102.774,0.0,-15.415050506591797
333.0171763896942,0.0,102.745,0.0,-15.413039207458496
333.0564692020416,0.0,102.727,0.0,-15.412078857421875
333.0840890407562,0.0,102.721,0.0,-15.410469055175781
333.11545491218567,0.0,102.729,0.0,-15.408310890197754
333.14733028411865,0.0,102.729,0.0,-15.407814025878906
333.17969250679016,0.0,102.725,0.0,-15.407193183898926
333.2110843658447,0.0,102.732,0.0,-15.40689468383789
333.2439866065979,0.0,102.724,0.0,-15.406814575195312
333.27508640289307,0.0,102.746,0.0,-15.407632827758789
333.3059868812561,0.0,102.735,0.0,-15.407845497131348
333.34001541137695,0.0,102.703,0.0,-15.40764045715332
333.3707480430603,0.0,102.684,0.0,-15.406610488891602
333.4045000076294,0.0,102.699,0.0,-15.405048370361328
333.43610644340515,0.0,102.7,0.0,-15.40450382232666
333.4684784412384,0.0,102.71,0.0,-15.404224395751953
333.5003185272217,0.0,102.695,0.0,-15.40443229675293
333.5321865081787,0.0,102.693,0.0,-15.4039945602417
333.56397128105164,0.0,102.7,0.0,-15.403599739074707
333.59644651412964,0.0,102.673,0.0,-15.4025239944458
333.6274080276489,0.0,102.655,0.0,-15.401620864868164
333.65927243232727,0.0,102.676,0.0,-15.40027904510498
333.69258546829224,0.0,102.689,0.0,-15.400636672973633
333.7228844165802,0.0,102.667,0.0,-15.400114059448242
333.7557649612427,0.0,102.647,0.0,-15.398896217346191
333.7824954986572,0.0,102.577,0.0,-15.395631790161133
333.8327884674072,0.0,102.582,0.0,-15.390426635742188
333.86364793777466,0.0,102.581,0.0,-15.387950897216797
333.8964285850525,0.0,102.55,0.0,-15.384902000427246
333.9357373714447,0.0,102.526,0.0,-15.383391380310059
333.9678120613098,0.0,102.546,0.0,-15.380465507507324
333.9998023509979,0.0,102.57,0.0,-15.379986763000488
334.0317962169647,0.0,102.57,0.0,-15.380688667297363
334.06282329559326,0.0,102.565,0.0,-15.381290435791016
334.09417700767517,0.0,102.552,0.0,-15.381336212158203
334.1259677410126,0.0,102.52,0.0,-15.380462646484375
334.1584436893463,0.0,102.481,0.0,-15.379199981689453
334.1896142959595,0.0,102.503,0.0,-15.376628875732422
334.22197580337524,0.0,102.51,0.0,-15.375171661376953
334.2537019252777,0.0,102.52,0.0,-15.374503135681152
334.28550267219543,0.0,102.513,0.0,-15.374832153320312
334.3189377784729,0.0,102.479,0.0,-15.373456954956055
334.34930062294006,0.0,102.473,0.0,-15.37217903137207
334.38238883018494,0.0,102.459,0.0,-15.371780395507812
334.41350269317627,0.0,102.461,0.0,-15.370382308959961
334.4440951347351,0.0,102.444,0.0,-15.368021965026855
334.47294521331787,0.0,102.408,0.0,-15.365468978881836
334.5054039955139,0.0,102.418,0.0,-15.363546371459961
334.56386947631836,0.0,102.397,0.0,-15.361181259155273
334.5966057777405,0.0,102.386,0.0,-15.358911514282227
334.6279511451721,0.0,102.395,0.0,-15.357839584350586
334.66054701805115,0.0,102.408,0.0,-15.357446670532227
334.69255018234253,0.0,102.425,0.0,-15.358743667602539
334.724267244339,0.0,102.423,0.0,-15.359772682189941
334.75697684288025,0.0,102.415,0.0,-15.360313415527344
334.7892677783966,0.0,102.371,0.0,-15.360429763793945
334.8216919898987,0.0,102.384,0.0,-15.357945442199707
334.8523437976837,0.0,102.389,0.0,-15.357603073120117
334.88403820991516,0.0,102.36,0.0,-15.356446266174316
334.9156708717346,0.0,102.352,0.0,-15.355292320251465
334.947900056839,0.0,102.309,0.0,-15.351408004760742
334.9771018028259,0.0,102.324,0.0,-15.350000381469727
335.0089282989502,0.0,102.363,0.0,-15.35059642791748
335.04517340660095,0.0,102.366,0.0,-15.351627349853516
335.0734980106354,0.0,102.343,0.0,-15.35210132598877
335.1054697036743,0.0,102.325,0.0,-15.351531982421875
335.13768911361694,0.0,102.305,0.0,-15.35036563873291
335.1697816848755,0.0,102.331,0.0,-15.347613334655762
335.21072793006897,0.0,102.318,0.0,-15.347685813903809
335.247186422348,0.0,102.29,0.0,-15.345191955566406
335.2785303592682,0.0,102.252,0.0,-15.344196319580078
335.3109064102173,0.0,102.31,0.0,-15.341869354248047
335.34326577186584,0.0,102.311,0.0,-15.343158721923828
335.3758189678192,0.0,102.311,0.0,-15.343667984008789
335.406946182251,0.0,102.269,0.0,-15.34283447265625
335.43924736976624,0.0,102.23,0.0,-15.341716766357422
335.47117590904236,0.0,102.216,0.0,-15.336785316467285
335.503041267395,0.0,102.223,0.0,-15.335219383239746
335.54273676872253,0.0,102.244,0.0,-15.334393501281738
335.574791431427,0.0,102.271,0.0,-15.335495948791504
335.60805892944336,0.0,102.275,0.0,-15.336593627929688
335.6393530368805,0.0,102.271,0.0,-15.337685585021973
335.67087745666504,0.0,102.272,0.0,-15.33887767791748
335.7025294303894,0.0,102.259,0.0,-15.339184761047363
335.7336792945862,0.0,102.223,0.0,-15.338892936706543
335.76921796798706,0.0,102.192,0.0,-15.334553718566895
335.7964539527893,0.0,102.145,0.0,-15.332134246826172
335.82807421684265,0.0,102.156,0.0,-15.328742027282715
335.85961747169495,0.0,102.166,0.0,-15.326622009277344
335.8957419395447,0.0,102.145,0.0,-15.323714256286621
335.92243099212646,0.0,102.143,0.0,-15.322340965270996
335.95348715782166,0.0,102.125,0.0,-15.320367813110352
335.9942445755005,0.0,102.129,0.0,-15.318365097045898
336.02565813064575,0.0,102.149,0.0,-15.31868839263916
336.0584297180176,0.0,102.152,0.0,-15.31928825378418
336.0903670787811,0.0,102.136,0.0,-15.319635391235352
336.12225890159607,0.0,102.131,0.0,-15.318830490112305
336.15414214134216,0.0,102.117,0.0,-15.317937850952148
336.18581199645996,0.0,102.149,0.0,-15.318127632141113
336.2200245857239,0.0,102.135,0.0,-15.318795204162598
336.2505633831024,0.0,102.13,0.0,-15.318598747253418
336.2822062969208,0.0,102.115,0.0,-15.317845344543457
336.3135714530945,0.0,102.084,0.0,-15.315947532653809
336.3463418483734,0.0,102.068,0.0,-15.312838554382324
336.37815594673157,0.0,102.059,0.0,-15.311172485351562
336.4103784561157,0.0,102.082,0.0,-15.309926986694336
336.444842338562,0.0,102.091,0.0,-15.310349464416504
336.47420597076416,0.0,102.097,0.0,-15.310762405395508
336.5056276321411,0.0,102.1,0.0,-15.311370849609375
336.53711891174316,0.0,102.08,0.0,-15.31199836730957
336.5724792480469,0.0,102.087,0.0,-15.31173324584961
336.6010925769806,0.0,102.07,0.0,-15.311470031738281
336.6258108615875,0.0,102.073,0.0,-15.31091022491455
336.6585958003998,0.0,102.059,0.0,-15.310625076293945
336.69314646720886,0.0,102.072,0.0,-15.30983829498291
336.724258184433,0.0,102.053,0.0,-15.308990478515625
336.75572538375854,0.0,102.046,0.0,-15.308304786682129
336.78774642944336,0.0,102.059,0.0,-15.307588577270508
336.821711063385,0.0,102.098,0.0,-15.309279441833496
336.8524582386017,0.0,102.107,0.0,-15.310972213745117
336.8832976818085,0.0,102.078,0.0,-15.312124252319336
336.9161550998688,0.0,102.057,0.0,-15.311969757080078
336.9477174282074,0.0,102.056,0.0,-15.310162544250488
336.98008823394775,0.0,102.054,0.0,-15.309460639953613
337.01268196105957,0.0,102.053,0.0,-15.308886528015137
337.0466618537903,0.0,102.023,0.0,-15.306063652038574
337.07680225372314,0.0,102.016,0.0,-15.305046081542969
337.10898447036743,0.0,102.02,0.0,-15.303986549377441
337.14244771003723,0.0,102.051,0.0,-15.303360939025879
337.17426681518555,0.0,102.034,0.0,-15.30439567565918
337.2063329219818,0.0,102.035,0.0,-15.304337501525879
337.2382228374481,0.0,102.029,0.0,-15.304352760314941
337.2725775241852,0.0,101.993,0.0,-15.302462577819824
337.3031232357025,0.0,101.983,0.0,-15.301359176635742
337.3464825153351,0.0,101.946,0.0,-15.297316551208496
337.40046429634094,0.0,101.945,0.0,-15.293024063110352
337.43237495422363,0.0,101.977,0.0,-15.292715072631836
337.46473479270935,0.0,101.964,0.0,-15.293191909790039
337.49866461753845,0.0,101.914,0.0,-15.29089069366455
337.5285019874573,0.0,101.903,0.0,-15.288793563842773
337.5607590675354,0.0,101.863,0.0,-15.285999298095703
337.59359097480774,0.0,101.877,0.0,-15.283427238464355
337.62409138679504,0.0,101.887,0.0,-15.281525611877441
337.65690064430237,0.0,101.871,0.0,-15.280482292175293
337.6896975040436,0.0,101.857,0.0,-15.279147148132324
337.7241361141205,0.0,101.83,0.0,-15.276141166687012
337.752845287323,0.0,101.855,0.0,-15.274837493896484
337.7849042415619,0.0,101.863,0.0,-15.274943351745605
337.81710982322693,0.0,101.862,0.0,-15.275421142578125
337.8489999771118,0.0,101.815,0.0,-15.275014877319336
337.88106966018677,0.0,101.817,0.0,-15.273612022399902
337.9141719341278,0.0,101.838,0.0,-15.272659301757812
337.94778776168823,0.0,101.828,0.0,-15.272628784179688
337.97863841056824,0.0,101.842,0.0,-15.273087501525879
338.0083305835724,0.0,101.85,0.0,-15.272768020629883
338.04003143310547,0.0,101.837,0.0,-15.27360725402832
338.08006381988525,0.0,101.82,0.0,-15.273163795471191
338.12638688087463,0.0,101.787,0.0,-15.270639419555664
338.1587233543396,0.0,101.803,0.0,-15.270136833190918
338.1924047470093,0.0,101.86,0.0,-15.271461486816406
338.2244827747345,0.0,101.836,0.0,-15.273609161376953
338.2566432952881,0.0,101.807,0.0,-15.272700309753418
338.2888185977936,0.0,101.76,0.0,-15.270039558410645
338.3213448524475,0.0,101.758,0.0,-15.26540756225586
338.35386395454407,0.0,101.769,0.0,-15.264400482177734
338.3857901096344,0.0,101.786,0.0,-15.264123916625977
338.423020362854,0.0,101.769,0.0,-15.264403343200684
338.44954919815063,0.0,101.727,0.0,-15.263605117797852
338.48161339759827,0.0,101.736,0.0,-15.261885643005371
338.5145511627197,0.0,101.753,0.0,-15.260969161987305
338.54576301574707,0.0,101.745,0.0,-15.260746002197266
338.57815289497375,0.0,101.688,0.0,-15.260028839111328
338.60918140411377,0.0,101.68,0.0,-15.257659912109375
338.6415910720825,0.0,101.677,0.0,-15.255529403686523
338.6746368408203,0.0,101.676,0.0,-15.25246524810791
338.70545053482056,0.0,101.633,0.0,-15.249677658081055
338.73665165901184,0.0,101.626,0.0,-15.246989250183105
338.76974081993103,0.0,101.629,0.0,-15.245265007019043
338.8019812107086,0.0,101.63,0.0,-15.243345260620117
338.84739542007446,0.0,101.613,0.0,-15.241548538208008
338.87872433662415,0.0,101.605,0.0,-15.240495681762695
338.90987157821655,0.0,101.601,0.0,-15.239574432373047
338.9422388076782,0.0,101.601,0.0,-15.238922119140625
338.9743130207062,0.0,101.578,0.0,-15.23747730255127
339.0069189071655,0.0,101.593,0.0,-15.236507415771484
339.0385661125183,0.0,101.61,0.0,-15.236442565917969
339.0700931549072,0.0,101.602,0.0,-15.237427711486816
339.1031081676483,0.0,101.603,0.0,-15.237677574157715
339.13542079925537,0.0,101.582,0.0,-15.23795223236084
339.17280650138855,0.0,101.563,0.0,-15.236063003540039
339.20059037208557,0.0,101.521,0.0,-15.233363151550293
339.22721338272095,0.0,101.523,0.0,-15.231399536132812
339.25476717948914,0.0,101.535,0.0,-15.230430603027344
339.2873303890228,0.0,101.567,0.0,-15.229351043701172
339.3189973831177,0.0,101.537,0.0,-15.230287551879883
339.351256608963,0.0,101.518,0.0,-15.228660583496094
339.38311529159546,0.0,101.528,0.0,-15.228243827819824
339.41458201408386,0.0,101.515,0.0,-15.227039337158203
339.446768283844,0.0,101.538,0.0,-15.22713851928711
339.47834062576294,0.0,101.53,0.0,-15.227649688720703
339.5095193386078,0.0,101.533,0.0,-15.227743148803711
339.5365357398987,0.0,101.521,0.0,-15.227971076965332
339.5743088722229,0.0,101.517,0.0,-15.227380752563477
339.60861802101135,0.0,101.498,0.0,-15.227096557617188
339.64134907722473,0.0,101.532,0.0,-15.226103782653809
339.67339515686035,0.0,101.513,0.0,-15.226545333862305
339.7042329311371,0.0,101.452,0.0,-15.225579261779785
339.7373604774475,0.0,101.434,0.0,-15.223091125488281
339.77562403678894,0.0,101.399,0.0,-15.216951370239258
339.8022062778473,0.0,101.433,0.0,-15.215725898742676
339.8348023891449,0.0,101.466,0.0,-15.21554183959961
339.86663150787354,0.0,101.457,0.0,-15.216120719909668
339.8986518383026,0.0,101.435,0.0,-15.215439796447754
339.93121099472046,0.0,101.432,0.0,-15.214737892150879
339.9641766548157,0.0,101.378,0.0,-15.211965560913086
340.0007472038269,0.0,101.392,0.0,-15.209329605102539
340.02707052230835,0.0,101.389,0.0,-15.208385467529297
340.05862736701965,0.0,101.399,0.0,-15.207704544067383
340.09102392196655,0.0,101.417,0.0,-15.207646369934082
340.1230819225311,0.0,101.418,0.0,-15.20853042602539
340.15498208999634,0.0,101.392,0.0,-15.209211349487305
340.18756771087646,0.0,101.368,0.0,-15.20867919921875
340.21963763237,0.0,101.372,0.0,-15.207290649414062
340.25515484809875,0.0,101.375,0.0,-15.204683303833008
340.293292760849,0.0,101.345,0.0,-15.204597473144531
340.32505989074707,0.0,101.348,0.0,-15.202476501464844
340.3507421016693,0.0,101.344,0.0,-15.201704025268555
340.3825376033783,0.0,101.359,0.0,-15.20219612121582
340.4147033691406,0.0,101.354,0.0,-15.202193260192871
340.4453167915344,0.0,101.352,0.0,-15.202013969421387
340.47749161720276,0.0,101.341,0.0,-15.201242446899414
340.5089395046234,0.0,101.322,0.0,-15.20002555847168
340.5419433116913,0.0,101.324,0.0,-15.1992826461792
340.57389998435974,0.0,101.31,0.0,-15.197615623474121
340.6059617996216,0.0,101.321,0.0,-15.197305679321289
340.6376883983612,0.0,101.292,0.0,-15.195881843566895
340.67003774642944,0.0,101.27,0.0,-15.194185256958008
340.7028193473816,0.0,101.244,0.0,-15.191673278808594
340.7331509590149,0.0,101.249,0.0,-15.189665794372559
340.7646827697754,0.0,101.246,0.0,-15.188368797302246
340.7969825267792,0.0,101.263,0.0,-15.187288284301758
340.84309124946594,0.0,101.241,0.0,-15.186833381652832
340.87717390060425,0.0,101.258,0.0,-15.186178207397461
340.9075336456299,0.0,101.274,0.0,-15.185995101928711
340.94398951530457,0.0,101.26,0.0,-15.186901092529297
340.9773166179657,0.0,101.268,0.0,-15.187532424926758
341.0092191696167,0.0,101.215,0.0,-15.187093734741211
341.04907751083374,0.0,101.189,0.0,-15.183014869689941
341.080810546875,0.0,101.161,0.0,-15.180033683776855
341.1129915714264,0.0,101.155,0.0,-15.17751693725586
341.14428758621216,0.0,101.159,0.0,-15.175073623657227
341.17616629600525,0.0,101.163,0.0,-15.17331314086914
341.2085614204407,0.0,101.157,0.0,-15.172622680664062
341.2402894496918,0.0,101.155,0.0,-15.172060012817383
341.2722623348236,0.0,101.114,0.0,-15.17167854309082
341.30473709106445,0.0,101.103,0.0,-15.169090270996094
341.3385446071625,0.0,101.105,0.0,-15.167352676391602
341.3712155818939,0.0,101.105,0.0,-15.16614818572998
341.4030511379242,0.0,101.122,0.0,-15.16586971282959
341.4359848499298,0.0,101.115,0.0,-15.16588020324707
341.46776938438416,0.0,101.121,0.0,-15.165642738342285
341.4998097419739,0.0,101.07,0.0,-15.163743019104004
341.5322234630585,0.0,101.044,0.0,-15.162607192993164
341.5629503726959,0.0,101.048,0.0,-15.16030502319336
341.5947802066803,0.0,101.043,0.0,-15.158740997314453
341.62701058387756,0.0,101.042,0.0,-15.156330108642578
341.6768419742584,0.0,101.041,0.0,-15.15530014038086
341.7263009548187,0.0,101.069,0.0,-15.156139373779297
341.7574076652527,0.0,101.059,0.0,-15.156343460083008
341.79010677337646,0.0,101.056,0.0,-15.156414985656738
341.82072710990906,0.0,101.057,0.0,-15.1561279296875
341.85375905036926,0.0,101.055,0.0,-15.156570434570312
341.8864312171936,0.0,101.055,0.0,-15.15667724609375
341.9194595813751,0.0,101.034,0.0,-15.15678596496582
341.95150685310364,0.0,101.045,0.0,-15.15522575378418
341.98410725593567,0.0,101.048,0.0,-15.155314445495605
342.0156090259552,0.0,101.04,0.0,-15.155532836914062
342.0519325733185,0.0,101.019,0.0,-15.154414176940918
342.08160519599915,0.0,101.018,0.0,-15.153303146362305
342.1124978065491,0.0,101.035,0.0,-15.152803421020508
342.14471411705017,0.0,101.036,0.0,-15.153155326843262
342.1772394180298,0.0,101.036,0.0,-15.15377426147461
342.2088785171509,0.0,101.044,0.0,-15.15434455871582
342.24077343940735,0.0,100.984,0.0,-15.154296875
342.2783679962158,0.0,100.967,0.0,-15.149981498718262
342.30524945259094,0.0,100.942,0.0,-15.147194862365723
342.3369207382202,0.0,100.919,0.0,-15.14410400390625
342.3687617778778,0.0,100.941,0.0,-15.143054962158203
342.4094731807709,0.0,100.934,0.0,-15.140777587890625
342.4417471885681,0.0,100.947,0.0,-15.140494346618652
342.48307633399963,0.0,100.934,0.0,-15.139432907104492
342.5156693458557,0.0,100.937,0.0,-15.13904094696045
342.5325970649719,0.0,100.928,0.0,-15.138906478881836
342.56416368484497,0.0,100.918,0.0,-15.138463973999023
342.5968074798584,0.0,100.911,0.0,-15.137740135192871
342.6284613609314,0.0,100.831,0.0,-15.134231567382812
342.6602900028229,0.0,100.839,0.0,-15.130931854248047
342.6930356025696,0.0,100.832,0.0,-15.128766059875488
342.72857785224915,0.0,100.89,0.0,-15.127873420715332
342.7564241886139,0.0,100.894,0.0,-15.128887176513672
342.788382768631,0.0,100.87,0.0,-15.129385948181152
342.82722306251526,0.0,100.875,0.0,-15.129205703735352
342.853387594223,0.0,100.847,0.0,-15.1281156539917
342.8857231140137,0.0,100.836,0.0,-15.126847267150879
342.917626619339,0.0,100.794,0.0,-15.1261568069458
342.95858669281006,0.0,100.779,0.0,-15.12112045288086
342.99029779434204,0.0,100.775,0.0,-15.119047164916992
343.0273742675781,0.0,100.792,0.0,-15.116811752319336
343.05442905426025,0.0,100.803,0.0,-15.116599082946777
343.0872976779938,0.0,100.828,0.0,-15.116952896118164
343.12611150741577,0.0,100.835,0.0,-15.119348526000977
343.1594660282135,0.0,100.835,0.0,-15.120553970336914
343.2035036087036,0.0,100.809,0.0,-15.121191024780273
343.2317633628845,0.0,100.778,0.0,-15.121254920959473
343.2638077735901,0.0,100.769,0.0,-15.11972713470459
343.2960112094879,0.0,100.756,0.0,-15.118189811706543
343.3277659416199,0.0,100.722,0.0,-15.113759994506836
343.3589859008789,0.0,100.753,0.0,-15.112909317016602
343.3919086456299,0.0,100.743,0.0,-15.112375259399414
343.4276843070984,0.0,100.718,0.0,-15.109960556030273
343.4551169872284,0.0,100.694,0.0,-15.107738494873047
343.4868276119232,0.0,100.699,0.0,-15.106276512145996
343.52090287208557,0.0,100.674,0.0,-15.105069160461426
343.55208921432495,0.0,100.688,0.0,-15.102507591247559
343.5839035511017,0.0,100.668,0.0,-15.101137161254883
343.61615228652954,0.0,100.672,0.0,-15.100299835205078
343.64748191833496,0.0,100.681,0.0,-15.100546836853027
343.6796853542328,0.0,100.692,0.0,-15.100668907165527
343.71177768707275,0.0,100.671,0.0,-15.100095748901367
343.7441747188568,0.0,100.635,0.0,-15.099695205688477
343.77553057670593,0.0,100.591,0.0,-15.097914695739746
343.8067591190338,0.0,100.622,0.0,-15.093354225158691
343.8434371948242,0.0,100.652,0.0,-15.092602729797363
343.8600573539734,0.0,100.67,0.0,-15.09333610534668
343.89122319221497,0.0,100.64,0.0,-15.094708442687988
343.92964243888855,0.0,100.615,0.0,-15.093420028686523
343.96461033821106,0.0,100.541,0.0,-15.090188026428223
343.9929983615875,0.0,100.565,0.0,-15.087017059326172
344.032502412796,0.0,100.594,0.0,-15.085822105407715
344.06517481803894,0.0,100.582,0.0,-15.086450576782227
344.0968749523163,0.0,100.561,0.0,-15.086061477661133
344.12871646881104,0.0,100.544,0.0,-15.08337688446045
344.1603515148163,0.0,100.524,0.0,-15.081387519836426
344.19364404678345,0.0,100.576,0.0,-15.080906867980957
344.22468304634094,0.0,100.546,0.0,-15.081762313842773
344.25679183006287,0.0,100.563,0.0,-15.081542015075684
344.28900933265686,0.0,100.539,0.0,-15.081838607788086
344.3215444087982,0.0,100.522,0.0,-15.081095695495605
344.3544912338257,0.0,100.498,0.0,-15.07832145690918
344.3856348991394,0.0,100.485,0.0,-15.076764106750488
344.41816449165344,0.0,100.499,0.0,-15.075056076049805
344.4489481449127,0.0,100.543,0.0,-15.07436752319336
344.4804005622864,0.0,100.512,0.0,-15.076824188232422
344.5125970840454,0.0,100.492,0.0,-15.07640266418457
344.5449740886688,0.0,100.449,0.0,-15.07526683807373
344.57919239997864,0.0,100.433,0.0,-15.069929122924805
344.6172585487366,0.0,100.449,0.0,-15.067852973937988
344.64899468421936,0.0,100.475,0.0,-15.067010879516602
344.6806969642639,0.0,100.482,0.0,-15.068227767944336
344.71257996559143,0.0,100.474,0.0,-15.06849479675293
344.74468541145325,0.0,100.425,0.0,-15.068025588989258
344.77968430519104,0.0,100.403,0.0,-15.06417465209961
344.8089282512665,0.0,100.396,0.0,-15.062236785888672
344.84058690071106,0.0,100.386,0.0,-15.060364723205566
344.87244749069214,0.0,100.382,0.0,-15.058841705322266
344.9048945903778,0.0,100.379,0.0,-15.056828498840332
344.9370789527893,0.0,100.367,0.0,-15.05610179901123
344.9700810909271,0.0,100.378,0.0,-15.055089950561523
345.0058319568634,0.0,100.378,0.0,-15.054667472839355
345.0337257385254,0.0,100.373,0.0,-15.053295135498047
345.0840263366699,0.0,100.359,0.0,-15.053607940673828
345.115216255188,0.0,100.397,0.0,-15.053118705749512
345.14742255210876,0.0,100.39,0.0,-15.054376602172852
345.1803388595581,0.0,100.394,0.0,-15.055843353271484
345.21169877052307,0.0,100.363,0.0,-15.055147171020508
345.24358773231506,0.0,100.347,0.0,-15.054464340209961
345.28008460998535,0.0,100.35,0.0,-15.05282974243164
345.3041024208069,0.0,100.364,0.0,-15.052959442138672
345.3326976299286,0.0,100.355,0.0,-15.05270767211914
345.3651490211487,0.0,100.353,0.0,-15.052453994750977
345.3967561721802,0.0,100.313,0.0,-15.050978660583496
345.4282555580139,0.0,100.297,0.0,-15.047686576843262
345.45998215675354,0.0,100.302,0.0,-15.046539306640625
345.4914870262146,0.0,100.303,0.0,-15.045730590820312
345.5238950252533,0.0,100.293,0.0,-15.04468059539795
345.55553913116455,0.0,100.29,0.0,-15.043390274047852
345.5881040096283,0.0,100.289,0.0,-15.042903900146484
345.62007093429565,0.0,100.285,0.0,-15.042523384094238
345.65283966064453,0.0,100.276,0.0,-15.041425704956055
345.6843090057373,0.0,100.246,0.0,-15.039430618286133
345.716614484787,0.0,100.231,0.0,-15.038177490234375
345.74943709373474,0.0,100.213,0.0,-15.036620140075684
345.7812216281891,0.0,100.223,0.0,-15.033687591552734
345.81312918663025,0.0,100.183,0.0,-15.031649589538574
345.84582114219666,0.0,100.197,0.0,-15.02974796295166
345.8773591518402,0.0,100.179,0.0,-15.027582168579102
345.9085509777069,0.0,100.195,0.0,-15.027275085449219
345.9415793418884,0.0,100.219,0.0,-15.028100967407227
345.97994470596313,0.0,100.229,0.0,-15.029531478881836
346.0044448375702,0.0,100.205,0.0,-15.029394149780273
346.0338864326477,0.0,100.183,0.0,-15.028398513793945
346.0667142868042,0.0,100.168,0.0,-15.027032852172852
346.0977907180786,0.0,100.143,0.0,-15.024962425231934
346.12523794174194,0.0,100.117,0.0,-15.022939682006836
346.15829610824585,0.0,100.101,0.0,-15.019664764404297
346.19071912765503,0.0,100.11,0.0,-15.017685890197754
346.22202825546265,0.0,100.114,0.0,-15.01658821105957
346.25404620170593,0.0,100.101,0.0,-15.014991760253906
346.2859454154968,0.0,100.095,0.0,-15.013875007629395
346.31865334510803,0.0,100.087,0.0,-15.01323413848877
346.35091376304626,0.0,100.11,0.0,-15.012457847595215
346.38341212272644,0.0,100.127,0.0,-15.013964653015137
346.41504192352295,0.0,100.122,0.0,-15.015060424804688
346.446711063385,0.0,100.106,0.0,-15.015523910522461
346.4792377948761,0.0,100.106,0.0,-15.015050888061523
346.51158261299133,0.0,100.112,0.0,-15.015182495117188
346.5432825088501,0.0,100.093,0.0,-15.014259338378906
346.57543754577637,0.0,100.085,0.0,-15.013823509216309
346.6079840660095,0.0,100.06,0.0,-15.011651039123535
346.63974833488464,0.0,100.08,0.0,-15.011340141296387
346.6739764213562,0.0,100.086,0.0,-15.011381149291992
346.71960377693176,0.0,100.125,0.0,-15.011513710021973
346.7595536708832,0.0,100.091,0.0,-15.014201164245605
346.7908182144165,0.0,100.061,0.0,-15.01391315460205
346.8230299949646,0.0,100.019,0.0,-15.01244068145752
346.8576319217682,0.0,100.015,0.0,-15.007169723510742
346.88758611679077,0.0,100.016,0.0,-15.00497817993164
346.920037984848,0.0,100.002,0.0,-15.003738403320312
346.95131039619446,0.0,99.999,0.0,-15.002230644226074
346.9835276603699,0.0,99.995,0.0,-14.999890327453613
347.01588773727417,0.0,100.008,0.0,-14.999554634094238
347.0490267276764,0.0,100.012,0.0,-14.99942398071289
347.0814571380615,0.0,99.995,0.0,-14.998943328857422
347.11353516578674,0.0,100.027,0.0,-14.999868392944336
347.1447832584381,0.0,100.02,0.0,-15.000408172607422
347.17588925361633,0.0,100.024,0.0,-15.000771522521973
347.20872259140015,0.0,99.998,0.0,-15.000541687011719
347.2407371997833,0.0,100.004,0.0,-15.00027084350586
347.27368903160095,0.0,100.001,0.0,-14.999956130981445
347.3074436187744,0.0,99.997,0.0,-15.000621795654297
347.33781599998474,0.0,99.985,0.0,-15.000116348266602
347.3691842556,0.0,99.977,0.0,-14.999237060546875
347.40652227401733,0.0,99.976,0.0,-14.996435165405273
347.4463646411896,0.0,99.99,0.0,-14.996072769165039
347.4779806137085,0.0,99.993,0.0,-14.996406555175781
347.51014733314514,0.0,99.974,0.0,-14.997150421142578
347.54251503944397,0.0,99.949,0.0,-14.996630668640137
347.57414960861206,0.0,99.954,0.0,-14.995196342468262
347.60654306411743,0.0,99.947,0.0,-14.993364334106445
347.6379885673523,0.0,99.965,0.0,-14.993408203125
347.6702358722687,0.0,99.961,0.0,-14.992962837219238
347.70487093925476,0.0,99.958,0.0,-14.992887496948242
347.738050699234,0.0,99.96,0.0,-14.992921829223633
347.76809191703796,0.0,99.968,0.0,-14.993304252624512
347.80042791366577,0.0,99.97,0.0,-14.993112564086914
347.8334171772003,0.0,99.955,0.0,-14.993307113647461
347.8652756214142,0.0,99.97,0.0,-14.993117332458496
347.8978431224823,0.0,99.965,0.0,-14.993613243103027
347.92858147621155,0.0,99.955,0.0,-14.993797302246094
347.960412979126,0.0,99.928,0.0,-14.99232292175293
347.9927201271057,0.0,99.937,0.0,-14.9912748336792
348.0234959125519,0.0,99.93,0.0,-14.990857124328613
348.05714654922485,0.0,99.932,0.0,-14.989892959594727
348.0876500606537,0.0,99.906,0.0,-14.988957405090332
348.12737131118774,0.0,99.927,0.0,-14.987832069396973
348.16233587265015,0.0,99.969,0.0,-14.989677429199219
348.19538950920105,0.0,99.938,0.0,-14.989961624145508
348.2265248298645,0.0,99.914,0.0,-14.99002456665039
348.25959849357605,0.0,99.887,0.0,-14.987218856811523
348.2890748977661,0.0,99.882,0.0,-14.985589027404785
348.3216116428375,0.0,99.801,0.0,-14.982879638671875
348.3534393310547,0.0,99.802,0.0,-14.978880882263184
348.38571858406067,0.0,99.806,0.0,-14.973756790161133
348.41786885261536,0.0,99.796,0.0,-14.971758842468262
348.4495539665222,0.0,99.797,0.0,-14.970315933227539
348.4828689098358,0.0,99.809,0.0,-14.968802452087402
348.5145969390869,0.0,99.816,0.0,-14.968717575073242
348.54642939567566,0.0,99.824,0.0,-14.969003677368164
348.57858514785767,0.0,99.827,0.0,-14.969613075256348
348.61005687713623,0.0,99.83,0.0,-14.970419883728027
348.6421318054199,0.0,99.828,0.0,-14.971086502075195
348.67500257492065,0.0,99.804,0.0,-14.971549987792969
348.7088248729706,0.0,99.795,0.0,-14.970098495483398
348.7383933067322,0.0,99.741,0.0,-14.967214584350586
348.7736761569977,0.0,99.715,0.0,-14.964807510375977
348.80646419525146,0.0,99.725,0.0,-14.960480690002441
348.8389000892639,0.0,99.769,0.0,-14.961125373840332
348.87715244293213,0.0,99.781,0.0,-14.961925506591797
348.9100706577301,0.0,99.772,0.0,-14.963207244873047
348.94886660575867,0.0,99.754,0.0,-14.962430953979492
348.98245429992676,0.0,99.749,0.0,-14.961838722229004
349.01295828819275,0.0,99.726,0.0,-14.961589813232422
349.04391169548035,0.0,99.723,0.0,-14.96045970916748
349.07589507102966,0.0,99.695,0.0,-14.959488868713379
349.10712146759033,0.0,99.658,0.0,-14.955406188964844
349.13897728919983,0.0,99.643,0.0,-14.952956199645996
349.170681476593,0.0,99.651,0.0,-14.95047664642334
349.2069504261017,0.0,99.62,0.0,-14.946517944335938
349.23623275756836,0.0,99.63,0.0,-14.94511890411377
349.2674984931946,0.0,99.609,0.0,-14.94363784790039
349.30286931991577,0.0,99.638,0.0,-14.942134857177734
349.33503246307373,0.0,99.634,0.0,-14.942242622375488
349.36570382118225,0.0,99.647,0.0,-14.94283676147461
349.3989119529724,0.0,99.625,0.0,-14.9429292678833
349.4332752227783,0.0,99.625,0.0,-14.942291259765625
349.4627466201782,0.0,99.577,0.0,-14.940122604370117
349.4944384098053,0.0,99.574,0.0,-14.938363075256348
349.52643156051636,0.0,99.565,0.0,-14.937135696411133
349.56091833114624,0.0,99.602,0.0,-14.93632984161377
349.60094451904297,0.0,99.594,0.0,-14.936807632446289
349.64127349853516,0.0,99.573,0.0,-14.936105728149414
349.67436242103577,0.0,99.531,0.0,-14.935540199279785
349.7057399749756,0.0,99.53,0.0,-14.933377265930176
349.7381749153137,0.0,99.524,0.0,-14.929908752441406
349.7698199748993,0.0,99.518,0.0,-14.928863525390625
349.801513671875,0.0,99.519,0.0,-14.92785358428955
349.836128950119,0.0,99.516,0.0,-14.926557540893555
349.8685562610626,0.0,99.493,0.0,-14.925674438476562
349.9016580581665,0.0,99.49,0.0,-14.924535751342773
349.931423664093,0.0,99.506,0.0,-14.923578262329102
349.9638624191284,0.0,99.522,0.0,-14.92426586151123
349.99517726898193,0.0,99.487,0.0,-14.924434661865234
350.0274531841278,0.0,99.474,0.0,-14.923553466796875
350.0589487552643,0.0,99.463,0.0,-14.921019554138184
350.0908782482147,0.0,99.474,0.0,-14.920482635498047
350.12243700027466,0.0,99.49,0.0,-14.92077922821045
350.15438652038574,0.0,99.489,0.0,-14.921551704406738
350.18701457977295,0.0,99.484,0.0,-14.92152214050293
350.2201008796692,0.0,99.45,0.0,-14.92146110534668
350.252566576004,0.0,99.449,0.0,-14.920012474060059
350.29295349121094,0.0,99.428,0.0,-14.917652130126953
350.3176145553589,0.0,99.427,0.0,-14.91623306274414
350.35960268974304,0.0,99.417,0.0,-14.913890838623047
350.4001798629761,0.0,99.403,0.0,-14.91309928894043
350.43220829963684,0.0,99.409,0.0,-14.911112785339355
350.46404933929443,0.0,99.394,0.0,-14.910234451293945
350.4953899383545,0.0,99.425,0.0,-14.909345626831055
350.5275881290436,0.0,99.431,0.0,-14.910003662109375
350.56045961380005,0.0,99.426,0.0,-14.911246299743652
350.59204840660095,0.0,99.424,0.0,-14.911534309387207
350.6248755455017,0.0,99.413,0.0,-14.911531448364258
350.65747809410095,0.0,99.408,0.0,-14.911008834838867
350.6890480518341,0.0,99.405,0.0,-14.910646438598633
350.7216103076935,0.0,99.401,0.0,-14.910219192504883
350.75387239456177,0.0,99.377,0.0,-14.909448623657227
350.7846670150757,0.0,99.371,0.0,-14.907235145568848
350.817343711853,0.0,99.371,0.0,-14.906415939331055
350.8500726222992,0.0,99.369,0.0,-14.905810356140137
350.87790989875793,0.0,99.35,0.0,-14.905287742614746
350.9181938171387,0.0,99.339,0.0,-14.904372215270996
350.94965958595276,0.0,99.353,0.0,-14.903005599975586
350.98510670661926,0.0,99.334,0.0,-14.901458740234375
351.01504921913147,0.0,99.328,0.0,-14.900634765625
351.0349669456482,0.0,99.328,0.0,-14.899779319763184
351.06390261650085,0.0,99.319,0.0,-14.898773193359375
351.09576439857483,0.0,99.283,0.0,-14.897064208984375
351.1274881362915,0.0,99.249,0.0,-14.895234107971191
351.1586892604828,0.0,99.242,0.0,-14.890021324157715
351.19096159935,0.0,99.222,0.0,-14.887370109558105
351.2226769924164,0.0,99.262,0.0,-14.885799407958984
351.2597243785858,0.0,99.265,0.0,-14.886181831359863
351.28636956214905,0.0,99.267,0.0,-14.886533737182617
351.3189694881439,0.0,99.255,0.0,-14.886353492736816
351.35053157806396,0.0,99.249,0.0,-14.88601016998291
351.3831570148468,0.0,99.203,0.0,-14.883049964904785
351.4109649658203,0.0,99.215,0.0,-14.881659507751465
351.45040917396545,0.0,99.194,0.0,-14.881138801574707
351.4847469329834,0.0,99.231,0.0,-14.878705024719238
351.5138075351715,0.0,99.221,0.0,-14.879676818847656
351.54676961898804,0.0,99.221,0.0,-14.880056381225586
351.5784285068512,0.0,99.185,0.0,-14.880391120910645
351.60995411872864,0.0,99.137,0.0,-14.876255989074707
351.64250087738037,0.0,99.068,0.0,-14.872360229492188
351.6737411022186,0.0,99.088,0.0,-14.868181228637695
351.70972776412964,0.0,99.126,0.0,-14.86571979522705
351.7437016963959,0.0,99.144,0.0,-14.866443634033203
351.76795196533203,0.0,99.12,0.0,-14.866059303283691
351.8086926937103,0.0,99.087,0.0,-14.86336898803711
351.83921003341675,0.0,99.089,0.0,-14.862557411193848
351.87381052970886,0.0,99.085,0.0,-14.861820220947266
351.9045708179474,0.0,99.102,0.0,-14.86126708984375
351.9357371330261,0.0,99.096,0.0,-14.861748695373535
351.97384905815125,0.0,99.097,0.0,-14.86191463470459
352.0053336620331,0.0,99.064,0.0,-14.862086296081543
352.03760409355164,0.0,99.074,0.0,-14.861076354980469
352.06961369514465,0.0,99.047,0.0,-14.86058521270752
352.1017737388611,0.0,99.018,0.0,-14.859107971191406
352.1359488964081,0.0,99.023,0.0,-14.855240821838379
352.1655397415161,0.0,99.065,0.0,-14.853882789611816
352.1981053352356,0.0,99.056,0.0,-14.85485553741455
352.2287347316742,0.0,99.056,0.0,-14.855276107788086
352.25987553596497,0.0,99.016,0.0,-14.854279518127441
352.2925660610199,0.0,99.045,0.0,-14.853178024291992
352.32475543022156,0.0,99.009,0.0,-14.853665351867676
352.361289024353,0.0,98.985,0.0,-14.850741386413574
352.3885304927826,0.0,98.976,0.0,-14.848990440368652
352.42439436912537,0.0,99.019,0.0,-14.848770141601562
352.4602379798889,0.0,99.009,0.0,-14.849428176879883
352.4920268058777,0.0,98.998,0.0,-14.849056243896484
352.5236575603485,0.0,99.001,0.0,-14.848926544189453
352.55606412887573,0.0,99.001,0.0,-14.848396301269531
352.58851408958435,0.0,98.972,0.0,-14.848215103149414
352.6208288669586,0.0,98.957,0.0,-14.847179412841797
352.6531460285187,0.0,98.978,0.0,-14.845775604248047
352.684916973114,0.0,99.007,0.0,-14.845205307006836
352.71707797050476,0.0,99.003,0.0,-14.846441268920898
352.749703168869,0.0,98.951,0.0,-14.847254753112793
352.76682901382446,0.0,98.944,0.0,-14.845720291137695
352.79822516441345,0.0,98.93,0.0,-14.844260215759277
352.8295900821686,0.0,98.918,0.0,-14.842567443847656
352.86111402511597,0.0,98.935,0.0,-14.8401517868042
352.89426374435425,0.0,98.919,0.0,-14.83932113647461
352.9251310825348,0.0,98.932,0.0,-14.838420867919922
352.95802569389343,0.0,98.94,0.0,-14.83830738067627
352.9922208786011,0.0,98.921,0.0,-14.838046073913574
353.0251259803772,0.0,98.918,0.0,-14.837780952453613
353.05599331855774,0.0,98.901,0.0,-14.83735466003418
353.08813977241516,0.0,98.912,0.0,-14.836048126220703
353.1285445690155,0.0,98.911,0.0,-14.835811614990234
353.1698684692383,0.0,98.902,0.0,-14.835399627685547
353.20967984199524,0.0,98.868,0.0,-14.834367752075195
353.2420370578766,0.0,98.885,0.0,-14.832843780517578
353.2739279270172,0.0,98.884,0.0,-14.832406997680664
353.3119423389435,0.0,98.882,0.0,-14.831731796264648
353.33852076530457,0.0,98.881,0.0,-14.831636428833008
353.37142038345337,0.0,98.9,0.0,-14.831421852111816
353.40403938293457,0.0,98.914,0.0,-14.832079887390137
353.4371428489685,0.0,98.907,0.0,-14.833789825439453
353.46846890449524,0.0,98.88,0.0,-14.834092140197754
353.50044465065,0.0,98.865,0.0,-14.83337116241455
353.5374901294708,0.0,98.851,0.0,-14.830710411071777
353.5682942867279,0.0,98.842,0.0,-14.829202651977539
353.59982466697693,0.0,98.849,0.0,-14.828227043151855
353.6318919658661,0.0,98.842,0.0,-14.827624320983887
353.6642689704895,0.0,98.848,0.0,-14.826602935791016
353.695974111557,0.0,98.85,0.0,-14.826491355895996
353.7277433872223,0.0,98.806,0.0,-14.824584007263184
353.7614758014679,0.0,98.81,0.0,-14.821975708007812
353.791686296463,0.0,98.794,0.0,-14.821355819702148
353.824337720871,0.0,98.832,0.0,-14.820240020751953
353.84808135032654,0.0,98.814,0.0,-14.82101058959961
353.8778133392334,0.0,98.771,0.0,-14.820884704589844
353.9204730987549,0.0,98.762,0.0,-14.818058967590332
353.9586808681488,0.0,98.749,0.0,-14.814817428588867
353.99153089523315,0.0,98.772,0.0,-14.81463623046875
354.022745847702,0.0,98.761,0.0,-14.814412117004395
354.05269622802734,0.0,98.771,0.0,-14.813817024230957
354.0853486061096,0.0,98.779,0.0,-14.814186096191406
354.1172513961792,0.0,98.783,0.0,-14.814674377441406
354.1488366127014,0.0,98.737,0.0,-14.814115524291992
354.18116188049316,0.0,98.699,0.0,-14.812745094299316
354.2137541770935,0.0,98.681,0.0,-14.807365417480469
354.2459750175476,0.0,98.68,0.0,-14.805237770080566
354.2773115634918,0.0,98.708,0.0,-14.804691314697266
354.3109276294708,0.0,98.703,0.0,-14.804091453552246
354.3428065776825,0.0,98.717,0.0,-14.804451942443848
354.37275791168213,0.0,98.701,0.0,-14.804774284362793
354.4056282043457,0.0,98.705,0.0,-14.804389953613281
354.4373927116394,0.0,98.719,0.0,-14.804719924926758
354.46931314468384,0.0,98.715,0.0,-14.805204391479492
354.5015923976898,0.0,98.712,0.0,-14.805438041687012
354.5354652404785,0.0,98.731,0.0,-14.806397438049316
354.5740005970001,0.0,98.699,0.0,-14.806341171264648
354.6063094139099,0.0,98.645,0.0,-14.805723190307617
354.6399812698364,0.0,98.63,0.0,-14.800273895263672
354.6698944568634,0.0,98.587,0.0,-14.796394348144531
354.7028489112854,0.0,98.589,0.0,-14.793139457702637
354.7373194694519,0.0,98.604,0.0,-14.790124893188477
354.76682329177856,0.0,98.597,0.0,-14.789173126220703
354.7988212108612,0.0,98.603,0.0,-14.788747787475586
354.83097410202026,0.0,98.573,0.0,-14.788349151611328
354.8619327545166,0.0,98.569,0.0,-14.785774230957031
354.8949861526489,0.0,98.562,0.0,-14.78461742401123
354.9259669780731,0.0,98.568,0.0,-14.784029960632324
354.96324825286865,0.0,98.555,0.0,-14.783415794372559
354.99057364463806,0.0,98.531,0.0,-14.78271198272705
355.02290511131287,0.0,98.547,0.0,-14.781208038330078
355.0550775527954,0.0,98.558,0.0,-14.780765533447266
355.08656573295593,0.0,98.545,0.0,-14.780566215515137
355.113826751709,0.0,98.562,0.0,-14.780954360961914
355.15278601646423,0.0,98.554,0.0,-14.781378746032715
355.18700671195984,0.0,98.532,0.0,-14.780537605285645
355.2175316810608,0.0,98.512,0.0,-14.779056549072266
355.25046730041504,0.0,98.479,0.0,-14.776979446411133
355.265944480896,0.0,98.479,0.0,-14.774991035461426
355.30725836753845,0.0,98.538,0.0,-14.774168968200684
355.33204412460327,0.0,98.53,0.0,-14.775383949279785
355.36358094215393,0.0,98.532,0.0,-14.776647567749023
355.3967607021332,0.0,98.526,0.0,-14.776904106140137
355.4272801876068,0.0,98.517,0.0,-14.776750564575195
355.4619896411896,0.0,98.503,0.0,-14.776244163513184
355.4916105270386,0.0,98.506,0.0,-14.775846481323242
355.52329325675964,0.0,98.482,0.0,-14.775562286376953
355.5553584098816,0.0,98.468,0.0,-14.7743558883667
355.5882000923157,0.0,98.454,0.0,-14.771852493286133
355.61972761154175,0.0,98.471,0.0,-14.770390510559082
355.6446678638458,0.0,98.49,0.0,-14.77000617980957
355.676775932312,0.0,98.493,0.0,-14.770540237426758
355.7082133293152,0.0,98.501,0.0,-14.771109580993652
355.7403173446655,0.0,98.501,0.0,-14.773690223693848
355.7718584537506,0.0,98.498,0.0,-14.773945808410645
355.8037545681,0.0,98.477,0.0,-14.774027824401855
355.8379936218262,0.0,98.452,0.0,-14.771552085876465
355.8676950931549,0.0,98.426,0.0,-14.769185066223145
355.9009311199188,0.0,98.404,0.0,-14.76636791229248
355.9331877231598,0.0,98.401,0.0,-14.764301300048828
355.9662401676178,0.0,98.388,0.0,-14.760805130004883
356.002135515213,0.0,98.387,0.0,-14.75944995880127
356.0436315536499,0.0,98.387,0.0,-14.757648468017578
356.0749716758728,0.0,98.387,0.0,-14.757110595703125
356.10639810562134,0.0,98.387,0.0,-14.756742477416992
356.1385691165924,0.0,98.367,0.0,-14.755522727966309
356.1705951690674,0.0,98.352,0.0,-14.75442886352539
356.20175647735596,0.0,98.36,0.0,-14.753374099731445
356.233455657959,0.0,98.376,0.0,-14.752939224243164
356.2653591632843,0.0,98.379,0.0,-14.753782272338867
356.2967619895935,0.0,98.339,0.0,-14.752496719360352
356.3288748264313,0.0,98.319,0.0,-14.750782012939453
356.3626899719238,0.0,98.295,0.0,-14.747385025024414
356.3928906917572,0.0,98.297,0.0,-14.745946884155273
356.4253206253052,0.0,98.293,0.0,-14.744715690612793
356.45640802383423,0.0,98.303,0.0,-14.743561744689941
356.48856472969055,0.0,98.31,0.0,-14.743606567382812
356.5206067562103,0.0,98.32,0.0,-14.744237899780273
356.5524184703827,0.0,98.3,0.0,-14.743927955627441
356.5888993740082,0.0,98.276,0.0,-14.742857933044434
356.6158516407013,0.0,98.268,0.0,-14.741961479187012
356.64805579185486,0.0,98.251,0.0,-14.740968704223633
356.684782743454,0.0,98.253,0.0,-14.739524841308594
356.7114713191986,0.0,98.252,0.0,-14.73676872253418
356.74385380744934,0.0,98.25,0.0,-14.736448287963867
356.7698812484741,0.0,98.241,0.0,-14.736160278320312
356.8028607368469,0.0,98.211,0.0,-14.735601425170898
356.83859491348267,0.0,98.223,0.0,-14.733221054077148
356.8662188053131,0.0,98.25,0.0,-14.732658386230469
356.89853501319885,0.0,98.247,0.0,-14.733441352844238
356.9303538799286,0.0,98.237,0.0,-14.73396110534668
356.9613628387451,0.0,98.228,0.0,-14.733641624450684
356.99285221099854,0.0,98.23,0.0,-14.733495712280273
357.0183026790619,0.0,98.251,0.0,-14.734292030334473
357.05487871170044,0.0,98.228,0.0,-14.734302520751953
357.0963418483734,0.0,98.223,0.0,-14.733570098876953
357.1266541481018,0.0,98.164,0.0,-14.731287002563477
357.1591444015503,0.0,98.162,0.0,-14.72904109954834
357.1914539337158,0.0,98.188,0.0,-14.726995468139648
357.24166774749756,0.0,98.195,0.0,-14.727170944213867
357.2729082107544,0.0,98.192,0.0,-14.727208137512207
357.3050012588501,0.0,98.171,0.0,-14.726384162902832
357.3366584777832,0.0,98.161,0.0,-14.725482940673828
357.3692030906677,0.0,98.131,0.0,-14.724108695983887
357.40890192985535,0.0,98.107,0.0,-14.722431182861328
357.4414930343628,0.0,98.11,0.0,-14.718896865844727
357.47549533843994,0.0,98.126,0.0,-14.717632293701172
357.5070049762726,0.0,98.143,0.0,-14.717370986938477
357.5389940738678,0.0,98.124,0.0,-14.717516899108887
357.57102227211,0.0,98.116,0.0,-14.717320442199707
357.60313510894775,0.0,98.112,0.0,-14.71686840057373
357.63517212867737,0.0,98.11,0.0,-14.716385841369629
357.6678533554077,0.0,98.073,0.0,-14.71411418914795
357.7006013393402,0.0,98.052,0.0,-14.711965560913086
357.7309856414795,0.0,98.05,0.0,-14.710216522216797
357.76340508461,0.0,98.049,0.0,-14.707756042480469
357.79116439819336,0.0,98.046,0.0,-14.706851959228516
357.82257986068726,0.0,97.997,0.0,-14.704773902893066
357.85393619537354,0.0,98.021,0.0,-14.70258903503418
357.8854100704193,0.0,98.039,0.0,-14.7019624710083
357.9176425933838,0.0,98.052,0.0,-14.703144073486328
357.9511115550995,0.0,98.025,0.0,-14.703432083129883
357.9906919002533,0.0,97.981,0.0,-14.700826644897461
358.0273325443268,0.0,97.948,0.0,-14.69781494140625
358.0625545978546,0.0,97.968,0.0,-14.694665908813477
358.09394121170044,0.0,97.999,0.0,-14.695352554321289
358.1287696361542,0.0,98.017,0.0,-14.69669246673584
358.1598081588745,0.0,97.948,0.0,-14.697774887084961
358.19160175323486,0.0,97.952,0.0,-14.695229530334473
358.2181921005249,0.0,97.953,0.0,-14.694022178649902
358.25206422805786,0.0,97.97,0.0,-14.693170547485352
358.2923364639282,0.0,97.96,0.0,-14.694012641906738
358.3249762058258,0.0,97.959,0.0,-14.693572998046875
358.35710763931274,0.0,97.948,0.0,-14.69322395324707
358.39063262939453,0.0,97.947,0.0,-14.691969871520996
358.42177391052246,0.0,97.927,0.0,-14.690984725952148
358.45297718048096,0.0,97.924,0.0,-14.69000244140625
358.48339891433716,0.0,97.909,0.0,-14.6891508102417
358.51523303985596,0.0,97.914,0.0,-14.687172889709473
358.54072165489197,0.0,97.909,0.0,-14.686440467834473
358.57395911216736,0.0,97.931,0.0,-14.686834335327148
358.6050317287445,0.0,97.951,0.0,-14.687973022460938
358.6398162841797,0.0,97.947,0.0,-14.6895170211792
358.66873836517334,0.0,97.932,0.0,-14.689363479614258
358.70118951797485,0.0,97.918,0.0,-14.688673973083496
358.73376274108887,0.0,97.947,0.0,-14.688956260681152
358.7659583091736,0.0,97.923,0.0,-14.689807891845703
358.79753732681274,0.0,97.929,0.0,-14.689288139343262
358.8285057544708,0.0,97.88,0.0,-14.689149856567383
358.86976385116577,0.0,97.867,0.0,-14.685178756713867
358.8950581550598,0.0,97.872,0.0,-14.683415412902832
358.92632031440735,0.0,97.884,0.0,-14.682289123535156
358.9585425853729,0.0,97.882,0.0,-14.681951522827148
358.99040484428406,0.0,97.895,0.0,-14.681971549987793
359.02055954933167,0.0,97.903,0.0,-14.682173728942871
359.05267906188965,0.0,97.898,0.0,-14.682774543762207
359.0849504470825,0.0,97.895,0.0,-14.683050155639648
359.11768341064453,0.0,97.878,0.0,-14.682538986206055
359.14919900894165,0.0,97.846,0.0,-14.68073558807373
359.1815137863159,0.0,97.81,0.0,-14.677974700927734
359.2138111591339,0.0,97.834,0.0,-14.675053596496582
359.24622869491577,0.0,97.821,0.0,-14.6740140914917
359.2783639431,0.0,97.82,0.0,-14.673206329345703
359.3096389770508,0.0,97.815,0.0,-14.672999382019043
359.34281730651855,0.0,97.834,0.0,-14.672574996948242
359.37451791763306,0.0,97.829,0.0,-14.672621726989746
359.4061303138733,0.0,97.814,0.0,-14.672689437866211
359.43942046165466,0.0,97.789,0.0,-14.671368598937988
359.47086215019226,0.0,97.791,0.0,-14.670126914978027
359.50254917144775,0.0,97.781,0.0,-14.669282913208008
359.53354382514954,0.0,97.789,0.0,-14.668242454528809
359.57693910598755,0.0,97.776,0.0,-14.666706085205078
359.60880041122437,0.0,97.781,0.0,-14.666141510009766
359.639689207077,0.0,97.78,0.0,-14.665794372558594
359.6721091270447,0.0,97.77,0.0,-14.665538787841797
359.70468044281006,0.0,97.776,0.0,-14.665120124816895
359.73614716529846,0.0,97.77,0.0,-14.665078163146973
359.76864099502563,0.0,97.793,0.0,-14.665616989135742
359.8016130924225,0.0,97.757,0.0,-14.66474437713623
359.8332898616791,0.0,97.721,0.0,-14.664092063903809
359.8649492263794,0.0,97.714,0.0,-14.660292625427246
359.8922007083893,0.0,97.737,0.0,-14.659893035888672
359.92539858818054,0.0,97.75,0.0,-14.660164833068848
359.9575672149658,0.0,97.763,0.0,-14.660953521728516
359.9918339252472,0.0,97.764,0.0,-14.662627220153809
360.0220031738281,0.0,97.76,0.0,-14.662967681884766
360.05445623397827,0.0,97.753,0.0,-14.663077354431152
360.08638191223145,0.0,97.747,0.0,-14.662880897521973
360.11949944496155,0.0,97.687,0.0,-14.661064147949219
360.15092062950134,0.0,97.703,0.0,-14.658591270446777
360.1827712059021,0.0,97.699,0.0,-14.657371520996094
360.21685242652893,0.0,97.703,0.0,-14.655645370483398
360.25391697883606,0.0,97.71,0.0,-14.655054092407227
360.2915720939636,0.0,97.701,0.0,-14.654693603515625
360.3266570568085,0.0,97.667,0.0,-14.653019905090332
360.35928416252136,0.0,97.635,0.0,-14.651755332946777
360.3758635520935,0.0,97.641,0.0,-14.649467468261719
360.4076132774353,0.0,97.652,0.0,-14.647987365722656
360.4428060054779,0.0,97.684,0.0,-14.648239135742188
360.46976041793823,0.0,97.675,0.0,-14.648591041564941
360.5016875267029,0.0,97.697,0.0,-14.649821281433105
360.5342791080475,0.0,97.647,0.0,-14.650171279907227
360.5665490627289,0.0,97.641,0.0,-14.647859573364258
360.597944021225,0.0,97.651,0.0,-14.64700698852539
360.6308937072754,0.0,97.626,0.0,-14.646795272827148
360.66371393203735,0.0,97.631,0.0,-14.644975662231445
360.6948096752167,0.0,97.608,0.0,-14.6444730758667
360.72682332992554,0.0,97.594,0.0,-14.643149375915527
360.75869274139404,0.0,97.568,0.0,-14.641569137573242
360.7905180454254,0.0,97.554,0.0,-14.636979103088379
360.82294750213623,0.0,97.561,0.0,-14.634649276733398
360.85461497306824,0.0,97.578,0.0,-14.633781433105469
360.88733887672424,0.0,97.588,0.0,-14.633877754211426
360.918771982193,0.0,97.61,0.0,-14.63581657409668
360.9518406391144,0.0,97.582,0.0,-14.635546684265137
360.9746952056885,0.0,97.582,0.0,-14.63558292388916
361.0028266906738,0.0,97.531,0.0,-14.634803771972656
361.0428698062897,0.0,97.527,0.0,-14.631346702575684
361.07471656799316,0.0,97.546,0.0,-14.630958557128906
361.1074752807617,0.0,97.536,0.0,-14.63128662109375
361.14213967323303,0.0,97.542,0.0,-14.630301475524902
361.1711094379425,0.0,97.495,0.0,-14.628154754638672
361.20244455337524,0.0,97.475,0.0,-14.626530647277832
361.2341024875641,0.0,97.469,0.0,-14.624475479125977
361.2671239376068,0.0,97.461,0.0,-14.620500564575195
361.2976984977722,0.0,97.465,0.0,-14.619372367858887
361.3297300338745,0.0,97.47,0.0,-14.61872386932373
361.3618745803833,0.0,97.464,0.0,-14.618488311767578
361.3937313556671,0.0,97.44,0.0,-14.616852760314941
361.42604327201843,0.0,97.401,0.0,-14.614463806152344
361.4578983783722,0.0,97.4,0.0,-14.61250114440918
361.48917984962463,0.0,97.418,0.0,-14.611000061035156
361.5263912677765,0.0,97.418,0.0,-14.610445976257324
361.55776739120483,0.0,97.397,0.0,-14.60954475402832
361.5900230407715,0.0,97.376,0.0,-14.607425689697266
361.62142848968506,0.0,97.395,0.0,-14.60720157623291
361.65386390686035,0.0,97.399,0.0,-14.60724925994873
361.6865634918213,0.0,97.416,0.0,-14.606999397277832
361.7041075229645,0.0,97.416,0.0,-14.607902526855469
361.7426908016205,0.0,97.396,0.0,-14.607828140258789
361.7765865325928,0.0,97.418,0.0,-14.607817649841309
361.8078842163086,0.0,97.398,0.0,-14.608765602111816
361.8431828022003,0.0,97.412,0.0,-14.609238624572754
361.872358083725,0.0,97.401,0.0,-14.609686851501465
361.9037070274353,0.0,97.378,0.0,-14.609589576721191
361.93498826026917,0.0,97.362,0.0,-14.608564376831055
361.97032141685486,0.0,97.339,0.0,-14.605053901672363
361.9993841648102,0.0,97.31,0.0,-14.60222339630127
362.019362449646,0.0,97.31,0.0,-14.60011100769043
362.05054545402527,0.0,97.299,0.0,-14.598055839538574
362.08335542678833,0.0,97.298,0.0,-14.595881462097168
362.117178440094,0.0,97.293,0.0,-14.59387493133545
362.14742159843445,0.0,97.31,0.0,-14.593896865844727
362.1786775588989,0.0,97.309,0.0,-14.59392261505127
362.21086740493774,0.0,97.318,0.0,-14.594409942626953
362.24292063713074,0.0,97.323,0.0,-14.595327377319336
362.27623534202576,0.0,97.342,0.0,-14.596576690673828
362.3081512451172,0.0,97.333,0.0,-14.597192764282227
362.3562231063843,0.0,97.334,0.0,-14.598306655883789
362.38079833984375,0.0,97.304,0.0,-14.598628997802734
362.41617369651794,0.0,97.287,0.0,-14.59615707397461
362.447389125824,0.0,97.262,0.0,-14.594404220581055
362.4780321121216,0.0,97.268,0.0,-14.592650413513184
362.509770154953,0.0,97.257,0.0,-14.591572761535645
362.54362511634827,0.0,97.25,0.0,-14.589066505432129
362.5674867630005,0.0,97.244,0.0,-14.587890625
362.60570645332336,0.0,97.271,0.0,-14.587564468383789
362.63946413993835,0.0,97.284,0.0,-14.587936401367188
362.6704189777374,0.0,97.282,0.0,-14.589421272277832
362.7010705471039,0.0,97.246,0.0,-14.589125633239746
362.7336905002594,0.0,97.222,0.0,-14.588205337524414
362.76935362815857,0.0,97.219,0.0,-14.585097312927246
362.79785680770874,0.0,97.234,0.0,-14.58466625213623
362.82959723472595,0.0,97.223,0.0,-14.583902359008789
362.8619019985199,0.0,97.204,0.0,-14.58346939086914
362.8945083618164,0.0,97.206,0.0,-14.581409454345703
362.9266746044159,0.0,97.229,0.0,-14.581766128540039
362.95889830589294,0.0,97.201,0.0,-14.58089828491211
362.99325704574585,0.0,97.203,0.0,-14.58017349243164
363.0222387313843,0.0,97.204,0.0,-14.57984447479248
363.053879737854,0.0,97.227,0.0,-14.579662322998047
363.092976808548,0.0,97.191,0.0,-14.579689025878906
363.1242048740387,0.0,97.21,0.0,-14.579745292663574
363.1448836326599,0.0,97.215,0.0,-14.579937934875488
363.18231201171875,0.0,97.211,0.0,-14.580318450927734
363.21922612190247,0.0,97.221,0.0,-14.581010818481445
363.2463698387146,0.0,97.219,0.0,-14.581363677978516
363.2788426876068,0.0,97.18,0.0,-14.580471992492676
363.310183763504,0.0,97.122,0.0,-14.579331398010254
363.3425991535187,0.0,97.112,0.0,-14.573074340820312
363.37418150901794,0.0,97.124,0.0,-14.57132625579834
363.4066753387451,0.0,97.114,0.0,-14.570391654968262
363.43921971321106,0.0,97.119,0.0,-14.568912506103516
363.4699606895447,0.0,97.104,0.0,-14.56674575805664
363.5028727054596,0.0,97.083,0.0,-14.564922332763672
363.535037279129,0.0,97.112,0.0,-14.564778327941895
363.5670163631439,0.0,97.099,0.0,-14.563000679016113
363.6093921661377,0.0,97.102,0.0,-14.562889099121094
363.63800716400146,0.0,97.093,0.0,-14.562973022460938
363.6698260307312,0.0,97.089,0.0,-14.563161849975586
363.7021608352661,0.0,97.086,0.0,-14.562755584716797
363.7347528934479,0.0,97.087,0.0,-14.562349319458008
363.77141761779785,0.0,97.064,0.0,-14.561535835266113
363.8095495700836,0.0,97.072,0.0,-14.560577392578125
363.8289670944214,0.0,97.077,0.0,-14.560203552246094
363.86092877388,0.0,97.056,0.0,-14.560155868530273
363.89479804039,0.0,97.058,0.0,-14.558694839477539
363.9267077445984,0.0,97.019,0.0,-14.556771278381348
363.95979404449463,0.0,96.99,0.0,-14.555191040039062
363.9931879043579,0.0,96.977,0.0,-14.55042552947998
364.02349853515625,0.0,96.994,0.0,-14.549362182617188
364.0558195114136,0.0,96.983,0.0,-14.548129081726074
364.08766436576843,0.0,97.01,0.0,-14.547815322875977
364.12073707580566,0.0,97.024,0.0,-14.549080848693848
364.15236496925354,0.0,97.038,0.0,-14.5504150390625
364.18708539009094,0.0,97.012,0.0,-14.551481246948242
364.21815752983093,0.0,96.962,0.0,-14.549484252929688
364.2509460449219,0.0,96.93,0.0,-14.547646522521973
364.2821626663208,0.0,96.94,0.0,-14.544913291931152
364.31473565101624,0.0,96.938,0.0,-14.543256759643555
364.3469305038452,0.0,96.964,0.0,-14.540916442871094
364.3786029815674,0.0,96.966,0.0,-14.541309356689453
364.40995383262634,0.0,96.96,0.0,-14.541742324829102
364.4440858364105,0.0,96.933,0.0,-14.540863037109375
364.4900324344635,0.0,96.908,0.0,-14.539787292480469
364.52690052986145,0.0,96.93,0.0,-14.53740119934082
364.55016684532166,0.0,96.93,0.0,-14.537435531616211
364.5813081264496,0.0,96.893,0.0,-14.53750228881836
364.61364006996155,0.0,96.896,0.0,-14.536036491394043
364.6456079483032,0.0,96.844,0.0,-14.532169342041016
364.6849482059479,0.0,96.851,0.0,-14.530223846435547
364.71731972694397,0.0,96.849,0.0,-14.528810501098633
364.74935579299927,0.0,96.861,0.0,-14.527374267578125
364.78133630752563,0.0,96.869,0.0,-14.527185440063477
364.81263184547424,0.0,96.88,0.0,-14.527424812316895
364.8449590206146,0.0,96.854,0.0,-14.528105735778809
364.8773834705353,0.0,96.838,0.0,-14.527629852294922
364.90962433815,0.0,96.817,0.0,-14.52662467956543
364.94309306144714,0.0,96.814,0.0,-14.52365493774414
364.9728789329529,0.0,96.858,0.0,-14.52282428741455
365.0054569244385,0.0,96.871,0.0,-14.523902893066406
365.0377173423767,0.0,96.873,0.0,-14.525321960449219
365.0707800388336,0.0,96.857,0.0,-14.526823043823242
365.1022288799286,0.0,96.82,0.0,-14.526100158691406
365.13391160964966,0.0,96.802,0.0,-14.524971008300781
365.1697897911072,0.0,96.798,0.0,-14.521976470947266
365.2069525718689,0.0,96.763,0.0,-14.519966125488281
365.24602580070496,0.0,96.741,0.0,-14.51548957824707
365.28066873550415,0.0,96.765,0.0,-14.514644622802734
365.31129121780396,0.0,96.76,0.0,-14.513493537902832
365.346204996109,0.0,96.771,0.0,-14.513102531433105
365.37630248069763,0.0,96.752,0.0,-14.513237953186035
365.40741324424744,0.0,96.767,0.0,-14.51258659362793
365.44074416160583,0.0,96.765,0.0,-14.512750625610352
365.47229385375977,0.0,96.801,0.0,-14.5138521194458
365.5044114589691,0.0,96.811,0.0,-14.5152587890625
365.5359208583832,0.0,96.799,0.0,-14.516789436340332
365.570041179657,0.0,96.767,0.0,-14.516688346862793
365.60072803497314,0.0,96.735,0.0,-14.515704154968262
365.63216495513916,0.0,96.747,0.0,-14.513989448547363
365.66478633880615,0.0,96.75,0.0,-14.513184547424316
365.69658374786377,0.0,96.754,0.0,-14.512530326843262
365.72703528404236,0.0,96.76,0.0,-14.512664794921875
365.7554726600647,0.0,96.74,0.0,-14.511948585510254
365.78759002685547,0.0,96.738,0.0,-14.511665344238281
365.82087326049805,0.0,96.742,0.0,-14.510905265808105
365.8520975112915,0.0,96.727,0.0,-14.510120391845703
365.8836271762848,0.0,96.728,0.0,-14.509575843811035
365.9260342121124,0.0,96.754,0.0,-14.508889198303223
365.95813941955566,0.0,96.758,0.0,-14.509780883789062
365.99734807014465,0.0,96.75,0.0,-14.51101303100586
366.02953338623047,0.0,96.742,0.0,-14.511299133300781
366.0620002746582,0.0,96.747,0.0,-14.51119327545166
366.09419441223145,0.0,96.75,0.0,-14.511567115783691
366.1249084472656,0.0,96.735,0.0,-14.51163101196289
366.1572620868683,0.0,96.734,0.0,-14.51118278503418
366.1886703968048,0.0,96.724,0.0,-14.510799407958984
366.22158217430115,0.0,96.717,0.0,-14.50925350189209
366.26331996917725,0.0,96.708,0.0,-14.508617401123047
366.29592871665955,0.0,96.701,0.0,-14.506818771362305
366.327171087265,0.0,96.711,0.0,-14.506526947021484
366.3594570159912,0.0,96.707,0.0,-14.505941390991211
366.39123463630676,0.0,96.694,0.0,-14.505717277526855
366.423052072525,0.0,96.672,0.0,-14.503569602966309
366.45543932914734,0.0,96.679,0.0,-14.502766609191895
366.4871425628662,0.0,96.671,0.0,-14.50217056274414
366.5208706855774,0.0,96.687,0.0,-14.500869750976562
366.551456451416,0.0,96.67,0.0,-14.501117706298828
366.58376574516296,0.0,96.656,0.0,-14.50062084197998
366.61816811561584,0.0,96.651,0.0,-14.49875545501709
366.6971426010132,0.0,96.68,0.0,-14.499202728271484
366.72557377815247,0.0,96.671,0.0,-14.500046730041504
366.7570984363556,0.0,96.661,0.0,-14.50000286102295
366.7921586036682,0.0,96.668,0.0,-14.499565124511719
366.82465386390686,0.0,96.653,0.0,-14.498896598815918
366.85586404800415,0.0,96.699,0.0,-14.499425888061523
366.8883967399597,0.0,96.696,0.0,-14.500773429870605
366.9226064682007,0.0,96.664,0.0,-14.501075744628906
366.95385551452637,0.0,96.639,0.0,-14.499547958374023
366.98499059677124,0.0,96.6,0.0,-14.496736526489258
367.01679825782776,0.0,96.58,0.0,-14.494451522827148
367.04959511756897,0.0,96.583,0.0,-14.490249633789062
367.0807545185089,0.0,96.567,0.0,-14.48893928527832
367.11332511901855,0.0,96.563,0.0,-14.487293243408203
367.1466529369354,0.0,96.563,0.0,-14.484230995178223
367.17745637893677,0.0,96.591,0.0,-14.483621597290039
367.2092728614807,0.0,96.592,0.0,-14.484375
367.2471067905426,0.0,96.589,0.0,-14.485477447509766
367.2750027179718,0.0,96.545,0.0,-14.48588752746582
367.30624890327454,0.0,96.547,0.0,-14.484344482421875
367.3335518836975,0.0,96.541,0.0,-14.483266830444336
367.3650076389313,0.0,96.532,0.0,-14.482213973999023
367.4046664237976,0.0,96.59,0.0,-14.482508659362793
367.43418741226196,0.0,96.569,0.0,-14.483790397644043
367.45739102363586,0.0,96.567,0.0,-14.483925819396973
367.49851751327515,0.0,96.519,0.0,-14.48200511932373
367.5305733680725,0.0,96.519,0.0,-14.480508804321289
367.5621371269226,0.0,96.517,0.0,-14.479713439941406
367.5939419269562,0.0,96.508,0.0,-14.477581977844238
367.62586283683777,0.0,96.485,0.0,-14.475778579711914
367.6571378707886,0.0,96.485,0.0,-14.474419593811035
367.68907475471497,0.0,96.477,0.0,-14.473407745361328
367.7211139202118,0.0,96.459,0.0,-14.471287727355957
367.7536041736603,0.0,96.471,0.0,-14.470019340515137
367.7858030796051,0.0,96.493,0.0,-14.469587326049805
367.8198103904724,0.0,96.503,0.0,-14.471172332763672
367.859144449234,0.0,96.493,0.0,-14.47198486328125
367.8912925720215,0.0,96.481,0.0,-14.472180366516113
367.9234387874603,0.0,96.433,0.0,-14.469606399536133
367.9554693698883,0.0,96.431,0.0,-14.467266082763672
367.9866428375244,0.0,96.414,0.0,-14.466035842895508
368.01932311058044,0.0,96.433,0.0,-14.4639892578125
368.05083680152893,0.0,96.457,0.0,-14.464714050292969
368.08289194107056,0.0,96.422,0.0,-14.463842391967773
368.12387323379517,0.0,96.38,0.0,-14.460464477539062
368.1522879600525,0.0,96.397,0.0,-14.459620475769043
368.19069719314575,0.0,96.361,0.0,-14.45901107788086
368.2229690551758,0.0,96.368,0.0,-14.455281257629395
368.25584959983826,0.0,96.355,0.0,-14.454575538635254
368.28729152679443,0.0,96.402,0.0,-14.453534126281738
368.3218560218811,0.0,96.408,0.0,-14.455991744995117
368.3509020805359,0.0,96.405,0.0,-14.457408905029297
368.3957734107971,0.0,96.39,0.0,-14.457831382751465
368.4253969192505,0.0,96.381,0.0,-14.457731246948242
368.456946849823,0.0,96.367,0.0,-14.457297325134277
368.48899483680725,0.0,96.336,0.0,-14.45639419555664
368.523357629776,0.0,96.288,0.0,-14.450894355773926
368.5528087615967,0.0,96.287,0.0,-14.448163032531738
368.5852942466736,0.0,96.293,0.0,-14.44580078125
368.6221215724945,0.0,96.32,0.0,-14.444804191589355
368.6492428779602,0.0,96.325,0.0,-14.445247650146484
368.68159890174866,0.0,96.338,0.0,-14.446182250976562
368.7142844200134,0.0,96.31,0.0,-14.44698715209961
368.7458493709564,0.0,96.308,0.0,-14.445940017700195
368.77814388275146,0.0,96.287,0.0,-14.444713592529297
368.81070160865784,0.0,96.264,0.0,-14.442831039428711
368.8465111255646,0.0,96.249,0.0,-14.4396390914917
368.876837015152,0.0,96.248,0.0,-14.438394546508789
368.9092364311218,0.0,96.247,0.0,-14.4374361038208
368.9424877166748,0.0,96.278,0.0,-14.436698913574219
368.97377014160156,0.0,96.228,0.0,-14.436654090881348
369.0063238143921,0.0,96.238,0.0,-14.435425758361816
369.0375974178314,0.0,96.21,0.0,-14.434937477111816
369.0718207359314,0.0,96.234,0.0,-14.433304786682129
369.10184717178345,0.0,96.198,0.0,-14.432792663574219
369.1349124908447,0.0,96.2,0.0,-14.431386947631836
369.16583275794983,0.0,96.184,0.0,-14.430425643920898
369.1979784965515,0.0,96.197,0.0,-14.428581237792969
369.2309329509735,0.0,96.196,0.0,-14.428218841552734
369.26286005973816,0.0,96.172,0.0,-14.427351951599121
369.29760360717773,0.0,96.154,0.0,-14.424854278564453
369.326459646225,0.0,96.14,0.0,-14.423157691955566
369.35878443717957,0.0,96.14,0.0,-14.421893119812012
369.38980507850647,0.0,96.141,0.0,-14.420125007629395
369.42312717437744,0.0,96.141,0.0,-14.419407844543457
369.47332096099854,0.0,96.152,0.0,-14.41900634765625
369.49892592430115,0.0,96.159,0.0,-14.419482231140137
369.531188249588,0.0,96.144,0.0,-14.420186042785645
369.5474088191986,0.0,96.134,0.0,-14.420135498046875
369.5961751937866,0.0,96.139,0.0,-14.4196195602417
369.6299891471863,0.0,96.099,0.0,-14.418571472167969
369.6621022224426,0.0,96.114,0.0,-14.417119026184082
369.69834637641907,0.0,96.104,0.0,-14.415914535522461
369.7259941101074,0.0,96.077,0.0,-14.414238929748535
369.75844717025757,0.0,96.11,0.0,-14.413692474365234
369.7912983894348,0.0,96.108,0.0,-14.413979530334473
369.82281470298767,0.0,96.126,0.0,-14.415074348449707
369.85471272468567,0.0,96.096,0.0,-14.414554595947266
369.88629269599915,0.0,96.047,0.0,-14.412623405456543
369.918653011322,0.0,96.056,0.0,-14.410653114318848
369.95068979263306,0.0,96.036,0.0,-14.407876968383789
369.97380471229553,0.0,96.039,0.0,-14.406755447387695
370.0025565624237,0.0,96.044,0.0,-14.406140327453613
370.03379225730896,0.0,96.045,0.0,-14.405706405639648
370.06605648994446,0.0,96.041,0.0,-14.405454635620117
370.0982165336609,0.0,96.028,0.0,-14.404623031616211
370.13102102279663,0.0,95.991,0.0,-14.404016494750977
370.1628737449646,0.0,95.978,0.0,-14.402029037475586
370.19829273223877,0.0,95.986,0.0,-14.398782730102539
370.22766947746277,0.0,95.978,0.0,-14.396724700927734
370.26124715805054,0.0,95.955,0.0,-14.396021842956543
370.3040544986725,0.0,95.937,0.0,-14.392731666564941
370.34400820732117,0.0,95.974,0.0,-14.392376899719238
370.37571811676025,0.0,95.99,0.0,-14.393677711486816
370.4083116054535,0.0,96.005,0.0,-14.395861625671387
370.4403305053711,0.0,95.958,0.0,-14.396829605102539
370.4736189842224,0.0,95.941,0.0,-14.39401626586914
370.5010862350464,0.0,95.9,0.0,-14.391074180603027
370.53316736221313,0.0,95.904,0.0,-14.389001846313477
370.5649998188019,0.0,95.936,0.0,-14.388534545898438
370.5969500541687,0.0,95.94,0.0,-14.388628005981445
370.6277074813843,0.0,95.937,0.0,-14.388790130615234
370.6613030433655,0.0,95.955,0.0,-14.388825416564941
370.698401927948,0.0,95.956,0.0,-14.39034366607666
370.72364258766174,0.0,95.908,0.0,-14.389859199523926
370.75529766082764,0.0,95.92,0.0,-14.388541221618652
370.7874495983124,0.0,95.906,0.0,-14.388049125671387
370.8208405971527,0.0,95.923,0.0,-14.387116432189941
370.85161447525024,0.0,95.929,0.0,-14.387402534484863
370.8845281600952,0.0,95.893,0.0,-14.386555671691895
370.9162628650665,0.0,95.88,0.0,-14.385503768920898
370.94809436798096,0.0,95.871,0.0,-14.382787704467773
370.9802646636963,0.0,95.861,0.0,-14.381330490112305
371.0142602920532,0.0,95.865,0.0,-14.380657196044922
371.054785490036,0.0,95.83,0.0,-14.37791633605957
371.0863447189331,0.0,95.796,0.0,-14.374978065490723
371.11909675598145,0.0,95.816,0.0,-14.372708320617676
371.14950728416443,0.0,95.815,0.0,-14.37126350402832
371.18201446533203,0.0,95.848,0.0,-14.372220993041992
371.21450448036194,0.0,95.827,0.0,-14.37300968170166
371.2459762096405,0.0,95.798,0.0,-14.372779846191406
371.2785964012146,0.0,95.751,0.0,-14.370052337646484
371.3110342025757,0.0,95.771,0.0,-14.367419242858887
371.34203577041626,0.0,95.776,0.0,-14.366267204284668
371.3750569820404,0.0,95.77,0.0,-14.364860534667969
371.4069113731384,0.0,95.79,0.0,-14.36439323425293
371.43904161453247,0.0,95.798,0.0,-14.364919662475586
371.47296810150146,0.0,95.803,0.0,-14.366560935974121
371.5028829574585,0.0,95.783,0.0,-14.366415023803711
371.5355579853058,0.0,95.72,0.0,-14.364608764648438
371.57516622543335,0.0,95.716,0.0,-14.360414505004883
371.60719656944275,0.0,95.729,0.0,-14.359529495239258
371.63864636421204,0.0,95.723,0.0,-14.358510971069336
371.66988253593445,0.0,95.709,0.0,-14.357892990112305
371.70320415496826,0.0,95.707,0.0,-14.35604190826416
371.7380578517914,0.0,95.72,0.0,-14.355990409851074
371.7790162563324,0.0,95.733,0.0,-14.357100486755371
371.81057262420654,0.0,95.732,0.0,-14.357429504394531
371.84237122535706,0.0,95.705,0.0,-14.35658073425293
371.8746953010559,0.0,95.665,0.0,-14.355243682861328
371.9061644077301,0.0,95.637,0.0,-14.353297233581543
371.9384214878082,0.0,95.65,0.0,-14.3506498336792
371.97252225875854,0.0,95.627,0.0,-14.347135543823242
372.00261402130127,0.0,95.644,0.0,-14.345680236816406
372.03495621681213,0.0,95.655,0.0,-14.345235824584961
372.0680387020111,0.0,95.659,0.0,-14.345404624938965
372.1088593006134,0.0,95.683,0.0,-14.347029685974121
372.14005398750305,0.0,95.673,0.0,-14.34809684753418
372.17272424697876,0.0,95.685,0.0,-14.349397659301758
372.203675031662,0.0,95.666,0.0,-14.349289894104004
372.23611211776733,0.0,95.658,0.0,-14.348889350891113
372.2683274745941,0.0,95.648,0.0,-14.348596572875977
372.30136013031006,0.0,95.642,0.0,-14.347248077392578
372.33281540870667,0.0,95.647,0.0,-14.34692096710205
372.3649582862854,0.0,95.631,0.0,-14.346016883850098
372.396457195282,0.0,95.647,0.0,-14.345337867736816
372.4371120929718,0.0,95.666,0.0,-14.346458435058594
372.47035360336304,0.0,95.63,0.0,-14.345279693603516
372.51104044914246,0.0,95.617,0.0,-14.344134330749512
372.54318714141846,0.0,95.612,0.0,-14.343414306640625
372.5745339393616,0.0,95.666,0.0,-14.344341278076172
372.59935760498047,0.0,95.666,0.0,-14.345695495605469
372.6418514251709,0.0,95.682,0.0,-14.347258567810059
372.6742789745331,0.0,95.676,0.0,-14.349456787109375
372.7060704231262,0.0,95.646,0.0,-14.35020923614502
372.73675060272217,0.0,95.622,0.0,-14.349397659301758
372.769544839859,0.0,95.595,0.0,-14.347755432128906
372.8011326789856,0.0,95.595,0.0,-14.343496322631836
372.83326411247253,0.0,95.589,0.0,-14.341824531555176
372.86548948287964,0.0,95.622,0.0,-14.341728210449219
372.8974208831787,0.0,95.624,0.0,-14.342110633850098
372.9294316768646,0.0,95.628,0.0,-14.3424711227417
372.96184372901917,0.0,95.596,0.0,-14.341421127319336
372.99269104003906,0.0,95.608,0.0,-14.341338157653809
373.02534198760986,0.0,95.608,0.0,-14.340898513793945
373.0573527812958,0.0,95.62,0.0,-14.341277122497559
373.08998942375183,0.0,95.628,0.0,-14.341919898986816
373.1217358112335,0.0,95.606,0.0,-14.341840744018555
373.14360189437866,0.0,95.606,0.0,-14.341788291931152
373.1872007846832,0.0,95.591,0.0,-14.341062545776367
373.2104494571686,0.0,95.619,0.0,-14.340248107910156
373.2425127029419,0.0,95.628,0.0,-14.34080696105957
373.273894071579,0.0,95.579,0.0,-14.34122085571289
373.30567622184753,0.0,95.557,0.0,-14.33990478515625
373.3364734649658,0.0,95.537,0.0,-14.337971687316895
373.36867904663086,0.0,95.537,0.0,-14.335652351379395
373.4015839099884,0.0,95.551,0.0,-14.333124160766602
373.431889295578,0.0,95.564,0.0,-14.332403182983398
373.4640963077545,0.0,95.57,0.0,-14.332590103149414
373.49563217163086,0.0,95.574,0.0,-14.333017349243164
373.5280854701996,0.0,95.571,0.0,-14.333847045898438
373.5590739250183,0.0,95.552,0.0,-14.333640098571777
373.5907061100006,0.0,95.537,0.0,-14.333162307739258
373.62705087661743,0.0,95.531,0.0,-14.33119010925293
373.6542098522186,0.0,95.515,0.0,-14.329773902893066
373.67553520202637,0.0,95.508,0.0,-14.328409194946289
373.717027425766,0.0,95.517,0.0,-14.32746696472168
373.7499666213989,0.0,95.53,0.0,-14.327327728271484
373.7810254096985,0.0,95.508,0.0,-14.326638221740723
373.8142263889313,0.0,95.496,0.0,-14.325628280639648
373.844767332077,0.0,95.456,0.0,-14.323616981506348
373.87854409217834,0.0,95.499,0.0,-14.322015762329102
373.9097993373871,0.0,95.478,0.0,-14.322319030761719
373.94190740585327,0.0,95.473,0.0,-14.32170581817627
373.97460436820984,0.0,95.445,0.0,-14.320246696472168
374.00614976882935,0.0,95.458,0.0,-14.318816184997559
374.0384130477905,0.0,95.472,0.0,-14.318290710449219
374.0702910423279,0.0,95.482,0.0,-14.31850814819336
374.1019997596741,0.0,95.478,0.0,-14.319475173950195
374.1337854862213,0.0,95.442,0.0,-14.31850814819336
374.16644310951233,0.0,95.441,0.0,-14.317532539367676
374.19381880760193,0.0,95.42,0.0,-14.316763877868652
374.23546528816223,0.0,95.409,0.0,-14.313765525817871
374.26685786247253,0.0,95.401,0.0,-14.311802864074707
374.29821491241455,0.0,95.387,0.0,-14.309453964233398
374.3311688899994,0.0,95.386,0.0,-14.30842399597168
374.36279225349426,0.0,95.399,0.0,-14.308218002319336
374.3946168422699,0.0,95.385,0.0,-14.307807922363281
374.4262158870697,0.0,95.409,0.0,-14.307847023010254
374.458616733551,0.0,95.399,0.0,-14.30793571472168
374.4904160499573,0.0,95.384,0.0,-14.30740737915039
374.5219016075134,0.0,95.337,0.0,-14.30703067779541
374.55505633354187,0.0,95.341,0.0,-14.303752899169922
374.59227108955383,0.0,95.33,0.0,-14.302499771118164
374.6173629760742,0.0,95.359,0.0,-14.301109313964844
374.65717673301697,0.0,95.375,0.0,-14.302107810974121
374.69028902053833,0.0,95.378,0.0,-14.302815437316895
374.72206926345825,0.0,95.35,0.0,-14.303519248962402
374.75270771980286,0.0,95.348,0.0,-14.302387237548828
374.78485321998596,0.0,95.326,0.0,-14.301583290100098
374.8170425891876,0.0,95.329,0.0,-14.300482749938965
374.8507444858551,0.0,95.32,0.0,-14.298896789550781
374.8807234764099,0.0,95.343,0.0,-14.299203872680664
374.91387724876404,0.0,95.347,0.0,-14.299470901489258
374.9463782310486,0.0,95.326,0.0,-14.299870491027832
374.97909903526306,0.0,95.315,0.0,-14.298452377319336
375.0103008747101,0.0,95.293,0.0,-14.296879768371582
375.04184913635254,0.0,95.23,0.0,-14.29304313659668
375.07757544517517,0.0,95.204,0.0,-14.286622047424316
375.1063311100006,0.0,95.203,0.0,-14.28415298461914
375.1387619972229,0.0,95.244,0.0,-14.282261848449707
375.17097878456116,0.0,95.264,0.0,-14.282586097717285
375.2029809951782,0.0,95.249,0.0,-14.28359603881836
375.23464250564575,0.0,95.214,0.0,-14.28399658203125
375.27707862854004,0.0,95.19,0.0,-14.281055450439453
375.3152859210968,0.0,95.188,0.0,-14.280235290527344
375.35559606552124,0.0,95.181,0.0,-14.27783489227295
375.38644766807556,0.0,95.215,0.0,-14.277681350708008
375.41860580444336,0.0,95.209,0.0,-14.278324127197266
375.4511559009552,0.0,95.2,0.0,-14.278501510620117
375.48376727104187,0.0,95.185,0.0,-14.27781867980957
375.51493406295776,0.0,95.173,0.0,-14.276360511779785
375.5317964553833,0.0,95.173,0.0,-14.275731086730957
375.5635221004486,0.0,95.196,0.0,-14.27624797821045
375.5958433151245,0.0,95.182,0.0,-14.276137351989746
375.627201795578,0.0,95.187,0.0,-14.276208877563477
375.65891122817993,0.0,95.173,0.0,-14.275777816772461
375.6916320323944,0.0,95.174,0.0,-14.275513648986816
375.72857642173767,0.0,95.161,0.0,-14.274086952209473
375.75565910339355,0.0,95.154,0.0,-14.273736000061035
375.7891192436218,0.0,95.152,0.0,-14.273198127746582
375.8222496509552,0.0,95.162,0.0,-14.272725105285645
375.85185289382935,0.0,95.112,0.0,-14.271634101867676
375.8844201564789,0.0,95.1,0.0,-14.269913673400879
375.916873216629,0.0,95.088,0.0,-14.268108367919922
375.9526557922363,0.0,95.125,0.0,-14.266392707824707
375.9828791618347,0.0,95.101,0.0,-14.266883850097656
376.01708149909973,0.0,95.101,0.0,-14.265954971313477
376.0505704879761,0.0,95.087,0.0,-14.265270233154297
376.082070350647,0.0,95.08,0.0,-14.263089179992676
376.1147038936615,0.0,95.095,0.0,-14.26370620727539
376.1466748714447,0.0,95.081,0.0,-14.263420104980469
376.17913126945496,0.0,95.049,0.0,-14.26072883605957
376.2107765674591,0.0,95.041,0.0,-14.25894832611084
376.24277687072754,0.0,95.062,0.0,-14.258491516113281
376.27540826797485,0.0,95.092,0.0,-14.258179664611816
376.3075039386749,0.0,95.084,0.0,-14.260154724121094
376.3431384563446,0.0,95.086,0.0,-14.260491371154785
376.3842270374298,0.0,95.065,0.0,-14.260283470153809
376.416063785553,0.0,95.042,0.0,-14.259858131408691
376.4533796310425,0.0,95.041,0.0,-14.25757884979248
376.4818286895752,0.0,95.049,0.0,-14.257121086120605
376.51248049736023,0.0,95.061,0.0,-14.256834983825684
376.54365158081055,0.0,95.062,0.0,-14.257143020629883
376.5756974220276,0.0,95.074,0.0,-14.258208274841309
376.6096661090851,0.0,95.066,0.0,-14.258477210998535
376.64029335975647,0.0,95.043,0.0,-14.258195877075195
376.67229437828064,0.0,95.042,0.0,-14.257529258728027
376.71067237854004,0.0,95.031,0.0,-14.256118774414062
376.7353677749634,0.0,95.013,0.0,-14.254709243774414
376.76788854599,0.0,95.017,0.0,-14.254731178283691
376.8088233470917,0.0,95.004,0.0,-14.25263500213623
376.84073781967163,0.0,95.003,0.0,-14.251681327819824
376.8664276599884,0.0,94.946,0.0,-14.248576164245605
376.9066240787506,0.0,94.946,0.0,-14.244163513183594
376.940970659256,0.0,94.958,0.0,-14.242880821228027
376.97402691841125,0.0,94.954,0.0,-14.24244213104248
377.00509786605835,0.0,94.948,0.0,-14.241801261901855
377.03789377212524,0.0,94.941,0.0,-14.241327285766602
377.0692069530487,0.0,94.934,0.0,-14.24070930480957
377.1049120426178,0.0,94.947,0.0,-14.240001678466797
377.1334550380707,0.0,94.96,0.0,-14.240352630615234
377.1652934551239,0.0,94.99,0.0,-14.240913391113281
377.19756746292114,0.0,94.979,0.0,-14.242637634277344
377.23015570640564,0.0,94.953,0.0,-14.243154525756836
377.2628688812256,0.0,94.9,0.0,-14.242499351501465
377.29366993904114,0.0,94.894,0.0,-14.240161895751953
377.3289489746094,0.0,94.894,0.0,-14.236576080322266
377.35714530944824,0.0,94.875,0.0,-14.234614372253418
377.38945174217224,0.0,94.865,0.0,-14.23271369934082
377.4270439147949,0.0,94.841,0.0,-14.22834587097168
377.4587745666504,0.0,94.848,0.0,-14.227294921875
377.49918818473816,0.0,94.853,0.0,-14.22653579711914
377.53263759613037,0.0,94.848,0.0,-14.226242065429688
377.5650403499603,0.0,94.827,0.0,-14.225875854492188
377.596684217453,0.0,94.809,0.0,-14.224756240844727
377.6287236213684,0.0,94.782,0.0,-14.22087574005127
377.65905570983887,0.0,94.8,0.0,-14.219101905822754
377.69272017478943,0.0,94.809,0.0,-14.218584060668945
377.72355937957764,0.0,94.82,0.0,-14.21861743927002
377.75628304481506,0.0,94.824,0.0,-14.219793319702148
377.7878382205963,0.0,94.82,0.0,-14.219696044921875
377.8208737373352,0.0,94.806,0.0,-14.220121383666992
377.853244304657,0.0,94.815,0.0,-14.220133781433105
377.8845760822296,0.0,94.802,0.0,-14.219799995422363
377.91838216781616,0.0,94.817,0.0,-14.219738006591797
377.9420917034149,0.0,94.817,0.0,-14.220178604125977
377.9739992618561,0.0,94.819,0.0,-14.219955444335938
378.0051338672638,0.0,94.783,0.0,-14.21938705444336
378.0370147228241,0.0,94.772,0.0,-14.218564987182617
378.06928610801697,0.0,94.76,0.0,-14.217488288879395
378.1028709411621,0.0,94.797,0.0,-14.216655731201172
378.14264369010925,0.0,94.797,0.0,-14.217138290405273
378.19323110580444,0.0,94.794,0.0,-14.218069076538086
378.2244076728821,0.0,94.768,0.0,-14.218162536621094
378.2577815055847,0.0,94.742,0.0,-14.215302467346191
378.2894241809845,0.0,94.744,0.0,-14.214138984680176
378.32190585136414,0.0,94.757,0.0,-14.213094711303711
378.353905916214,0.0,94.756,0.0,-14.212661743164062
378.38670897483826,0.0,94.723,0.0,-14.211148262023926
378.4177186489105,0.0,94.695,0.0,-14.210087776184082
378.44259762763977,0.0,94.689,0.0,-14.208038330078125
378.4851062297821,0.0,94.706,0.0,-14.20559310913086
378.5164794921875,0.0,94.695,0.0,-14.20467472076416
378.5546462535858,0.0,94.711,0.0,-14.204426765441895
378.58152961730957,0.0,94.689,0.0,-14.203639030456543
378.6128656864166,0.0,94.672,0.0,-14.202352523803711
378.64386200904846,0.0,94.643,0.0,-14.201395034790039
378.6754493713379,0.0,94.643,0.0,-14.19947624206543
378.7071702480316,0.0,94.669,0.0,-14.197417259216309
378.73941922187805,0.0,94.696,0.0,-14.197622299194336
378.77160453796387,0.0,94.69,0.0,-14.198958396911621
378.8035478591919,0.0,94.694,0.0,-14.200610160827637
378.8347661495209,0.0,94.643,0.0,-14.199851036071777
378.8771574497223,0.0,94.647,0.0,-14.197779655456543
378.91878509521484,0.0,94.651,0.0,-14.196479797363281
378.9592306613922,0.0,94.626,0.0,-14.195294380187988
378.9896721839905,0.0,94.611,0.0,-14.193976402282715
379.02240562438965,0.0,94.61,0.0,-14.192864418029785
379.054571390152,0.0,94.622,0.0,-14.19186782836914
379.08632588386536,0.0,94.646,0.0,-14.19281005859375
379.11797308921814,0.0,94.673,0.0,-14.194704055786133
379.1499648094177,0.0,94.687,0.0,-14.196487426757812
379.1826720237732,0.0,94.637,0.0,-14.197388648986816
379.21401858329773,0.0,94.623,0.0,-14.196197509765625
379.24657106399536,0.0,94.604,0.0,-14.19528579711914
379.2776653766632,0.0,94.604,0.0,-14.193794250488281
379.3093340396881,0.0,94.612,0.0,-14.191505432128906
379.3416368961334,0.0,94.603,0.0,-14.191266059875488
379.3733627796173,0.0,94.612,0.0,-14.190726280212402
379.40583848953247,0.0,94.602,0.0,-14.190510749816895
379.43799805641174,0.0,94.588,0.0,-14.190167427062988
379.4706003665924,0.0,94.57,0.0,-14.189334869384766
379.50957465171814,0.0,94.552,0.0,-14.186159133911133
379.53620743751526,0.0,94.548,0.0,-14.18454647064209
379.5693082809448,0.0,94.561,0.0,-14.183416366577148
379.5937831401825,0.0,94.555,0.0,-14.183124542236328
379.64112424850464,0.0,94.563,0.0,-14.182879447937012
379.66430401802063,0.0,94.563,0.0,-14.182897567749023
379.6954274177551,0.0,94.566,0.0,-14.181807518005371
379.7307744026184,0.0,94.551,0.0,-14.181999206542969
379.75943183898926,0.0,94.557,0.0,-14.182080268859863
379.7933225631714,0.0,94.578,0.0,-14.183049201965332
379.82397627830505,0.0,94.541,0.0,-14.182308197021484
379.8558747768402,0.0,94.542,0.0,-14.181305885314941
379.8874809741974,0.0,94.558,0.0,-14.181021690368652
379.9196231365204,0.0,94.53,0.0,-14.181493759155273
379.9543499946594,0.0,94.513,0.0,-14.179393768310547
379.98369789123535,0.0,94.521,0.0,-14.178571701049805
380.01652121543884,0.0,94.57,0.0,-14.17812728881836
380.03361344337463,0.0,94.58,0.0,-14.179864883422852
380.0742390155792,0.0,94.546,0.0,-14.181649208068848
380.10701608657837,0.0,94.522,0.0,-14.180585861206055
380.13849091529846,0.0,94.474,0.0,-14.178414344787598
380.17024278640747,0.0,94.495,0.0,-14.176118850708008
380.2021207809448,0.0,94.513,0.0,-14.175248146057129
380.2351129055023,0.0,94.506,0.0,-14.175172805786133
380.26631593704224,0.0,94.428,0.0,-14.174215316772461
380.305016040802,0.0,94.427,0.0,-14.16861629486084
380.33174896240234,0.0,94.427,0.0,-14.166762351989746
380.3802719116211,0.0,94.427,0.0,-14.164345741271973
380.40869879722595,0.0,94.441,0.0,-14.165070533752441
380.4424657821655,0.0,94.445,0.0,-14.164795875549316
380.4741394519806,0.0,94.422,0.0,-14.16479206085205
380.50546503067017,0.0,94.418,0.0,-14.163015365600586
380.53755497932434,0.0,94.383,0.0,-14.162062644958496
380.57115292549133,0.0,94.378,0.0,-14.16023063659668
380.6053421497345,0.0,94.364,0.0,-14.156879425048828
380.6341555118561,0.0,94.378,0.0,-14.156148910522461
380.6670479774475,0.0,94.379,0.0,-14.15567684173584
380.6991858482361,0.0,94.389,0.0,-14.156326293945312
380.7305190563202,0.0,94.396,0.0,-14.156661033630371
380.7624351978302,0.0,94.402,0.0,-14.157209396362305
380.79409980773926,0.0,94.374,0.0,-14.156490325927734
380.8258936405182,0.0,94.369,0.0,-14.155922889709473
380.85825061798096,0.0,94.339,0.0,-14.154932022094727
380.89056634902954,0.0,94.339,0.0,-14.153382301330566
380.92196893692017,0.0,94.338,0.0,-14.152215957641602
380.95531821250916,0.0,94.353,0.0,-14.149799346923828
380.9872190952301,0.0,94.351,0.0,-14.150142669677734
381.0189559459686,0.0,94.347,0.0,-14.150362014770508
381.0593750476837,0.0,94.329,0.0,-14.151044845581055
381.0922601222992,0.0,94.33,0.0,-14.150228500366211
381.1264684200287,0.0,94.329,0.0,-14.149664878845215
381.17207169532776,0.0,94.296,0.0,-14.147674560546875
381.2052011489868,0.0,94.267,0.0,-14.14413070678711
381.23610281944275,0.0,94.268,0.0,-14.142497062683105
381.26827001571655,0.0,94.29,0.0,-14.141904830932617
381.29980659484863,0.0,94.289,0.0,-14.141783714294434
381.3328800201416,0.0,94.259,0.0,-14.140393257141113
381.3658711910248,0.0,94.248,0.0,-14.138968467712402
381.39679169654846,0.0,94.23,0.0,-14.137150764465332
381.42991042137146,0.0,94.221,0.0,-14.134782791137695
381.4609558582306,0.0,94.19,0.0,-14.133674621582031
381.49289631843567,0.0,94.194,0.0,-14.13156509399414
381.524884223938,0.0,94.198,0.0,-14.130152702331543
381.5567533969879,0.0,94.195,0.0,-14.128538131713867
381.5883755683899,0.0,94.213,0.0,-14.128898620605469
381.6220705509186,0.0,94.201,0.0,-14.12910270690918
381.65443778038025,0.0,94.158,0.0,-14.12680721282959
381.6856942176819,0.0,94.096,0.0,-14.122705459594727
381.71750664711,0.0,94.03,0.0,-14.11773681640625
381.7595009803772,0.0,94.074,0.0,-14.11133098602295
381.79207730293274,0.0,94.107,0.0,-14.11148452758789
381.8164587020874,0.0,94.134,0.0,-14.11281967163086
381.84799361228943,0.0,94.144,0.0,-14.114640235900879
381.8810245990753,0.0,94.129,0.0,-14.116151809692383
381.9119427204132,0.0,94.114,0.0,-14.115826606750488
381.94395446777344,0.0,94.12,0.0,-14.115869522094727
381.98258805274963,0.0,94.139,0.0,-14.116930961608887
382.0081787109375,0.0,94.127,0.0,-14.117629051208496
382.04373002052307,0.0,94.107,0.0,-14.117692947387695
382.07313227653503,0.0,94.106,0.0,-14.116925239562988
382.10555052757263,0.0,94.079,0.0,-14.114730834960938
382.13627529144287,0.0,94.096,0.0,-14.114206314086914
382.16902208328247,0.0,94.12,0.0,-14.113871574401855
382.2022180557251,0.0,94.147,0.0,-14.114648818969727
382.23416447639465,0.0,94.137,0.0,-14.11737060546875
382.26526975631714,0.0,94.079,0.0,-14.116950035095215
382.2818069458008,0.0,94.079,0.0,-14.115375518798828
382.31396770477295,0.0,94.076,0.0,-14.114044189453125
382.3465790748596,0.0,94.085,0.0,-14.11248779296875
382.37821531295776,0.0,94.085,0.0,-14.11223030090332
382.41078209877014,0.0,94.099,0.0,-14.112530708312988
382.4422252178192,0.0,94.102,0.0,-14.113045692443848
382.47093987464905,0.0,94.056,0.0,-14.111530303955078
382.51071786880493,0.0,94.008,0.0,-14.109506607055664
382.54309844970703,0.0,94.056,0.0,-14.106842041015625
382.5749833583832,0.0,94.043,0.0,-14.106826782226562
382.607280254364,0.0,94.02,0.0,-14.106430053710938
382.6402804851532,0.0,94.019,0.0,-14.10508918762207
382.67227053642273,0.0,94.019,0.0,-14.104040145874023
382.70666790008545,0.0,94.03,0.0,-14.103155136108398
382.7362024784088,0.0,94.012,0.0,-14.103188514709473
382.7671797275543,0.0,94.022,0.0,-14.102404594421387
382.7989537715912,0.0,93.999,0.0,-14.102249145507812
382.8310148715973,0.0,94.009,0.0,-14.100823402404785
382.8628215789795,0.0,94.022,0.0,-14.101114273071289
382.8944547176361,0.0,94.008,0.0,-14.10077953338623
382.9261667728424,0.0,93.995,0.0,-14.100546836853027
382.9592740535736,0.0,94.002,0.0,-14.099624633789062
382.98982858657837,0.0,94.013,0.0,-14.09994125366211
383.0214264392853,0.0,94.013,0.0,-14.100208282470703
383.05297660827637,0.0,94.018,0.0,-14.100645065307617
383.08541321754456,0.0,93.995,0.0,-14.101292610168457
383.1175992488861,0.0,93.996,0.0,-14.100564002990723
383.14346075057983,0.0,93.973,0.0,-14.100055694580078
383.1861672401428,0.0,93.944,0.0,-14.09726619720459
383.2181398868561,0.0,93.942,0.0,-14.095372200012207
383.2341902256012,0.0,93.942,0.0,-14.093849182128906
383.27519941329956,0.0,93.93,0.0,-14.092827796936035
383.3072690963745,0.0,93.928,0.0,-14.090319633483887
383.338880777359,0.0,93.916,0.0,-14.088859558105469
383.3707492351532,0.0,93.932,0.0,-14.087896347045898
383.4080092906952,0.0,93.925,0.0,-14.087587356567383
383.4348032474518,0.0,93.91,0.0,-14.086780548095703
383.46659445762634,0.0,93.908,0.0,-14.08611011505127
383.49895310401917,0.0,93.911,0.0,-14.085545539855957
383.53081703186035,0.0,93.934,0.0,-14.086211204528809
383.562673330307,0.0,93.867,0.0,-14.084091186523438
383.59463238716125,0.0,93.863,0.0,-14.082315444946289
383.62721276283264,0.0,93.858,0.0,-14.081399917602539
383.6590075492859,0.0,93.874,0.0,-14.079626083374023
383.69074153900146,0.0,93.851,0.0,-14.079483032226562
383.7239394187927,0.0,93.854,0.0,-14.078446388244629
383.7542815208435,0.0,93.862,0.0,-14.077810287475586
383.7868711948395,0.0,93.895,0.0,-14.078776359558105
383.81899213790894,0.0,93.888,0.0,-14.079898834228516
383.8595473766327,0.0,93.879,0.0,-14.080608367919922
383.8887736797333,0.0,93.847,0.0,-14.079662322998047
383.92777919769287,0.0,93.861,0.0,-14.078655242919922
383.95920038223267,0.0,93.847,0.0,-14.077790260314941
383.9917416572571,0.0,93.853,0.0,-14.077526092529297
384.02314710617065,0.0,93.836,0.0,-14.076630592346191
384.05882954597473,0.0,93.809,0.0,-14.074334144592285
384.0870747566223,0.0,93.813,0.0,-14.073270797729492
384.11931562423706,0.0,93.828,0.0,-14.073108673095703
384.1510446071625,0.0,93.809,0.0,-14.071921348571777
384.1837725639343,0.0,93.782,0.0,-14.070901870727539
384.2155990600586,0.0,93.757,0.0,-14.069470405578613
384.247065782547,0.0,93.794,0.0,-14.067346572875977
384.2753326892853,0.0,93.778,0.0,-14.06729507446289
384.30028772354126,0.0,93.772,0.0,-14.066622734069824
384.3343584537506,0.0,93.728,0.0,-14.065400123596191
384.3654987812042,0.0,93.755,0.0,-14.063169479370117
384.39757657051086,0.0,93.756,0.0,-14.062618255615234
384.4289093017578,0.0,93.732,0.0,-14.062274932861328
384.46062660217285,0.0,93.745,0.0,-14.060676574707031
384.49296975135803,0.0,93.68,0.0,-14.057621002197266
384.52496433258057,0.0,93.683,0.0,-14.055386543273926
384.5586657524109,0.0,93.678,0.0,-14.052481651306152
384.58338594436646,0.0,93.704,0.0,-14.052582740783691
384.6162621974945,0.0,93.681,0.0,-14.051750183105469
384.6490652561188,0.0,93.663,0.0,-14.050655364990234
384.68103885650635,0.0,93.663,0.0,-14.04885196685791
384.7135715484619,0.0,93.669,0.0,-14.04857063293457
384.7455220222473,0.0,93.663,0.0,-14.0484037399292
384.77751111984253,0.0,93.656,0.0,-14.048070907592773
384.8091630935669,0.0,93.609,0.0,-14.046040534973145
384.83367824554443,0.0,93.621,0.0,-14.044109344482422
384.8741075992584,0.0,93.597,0.0,-14.043167114257812
384.9067826271057,0.0,93.577,0.0,-14.039387702941895
384.9390597343445,0.0,93.589,0.0,-14.038873672485352
384.97168803215027,0.0,93.618,0.0,-14.037986755371094
385.00218057632446,0.0,93.595,0.0,-14.038573265075684
385.0346772670746,0.0,93.58,0.0,-14.037174224853516
385.0668315887451,0.0,93.55,0.0,-14.035948753356934
385.09781980514526,0.0,93.567,0.0,-14.034334182739258
385.13008284568787,0.0,93.576,0.0,-14.033849716186523
385.16236090660095,0.0,93.581,0.0,-14.034200668334961
385.1936032772064,0.0,93.578,0.0,-14.034348487854004
385.22537207603455,0.0,93.544,0.0,-14.033913612365723
385.27572441101074,0.0,93.544,0.0,-14.031132698059082
385.30254888534546,0.0,93.535,0.0,-14.03070068359375
385.3340013027191,0.0,93.542,0.0,-14.029842376708984
385.3663921356201,0.0,93.543,0.0,-14.029738426208496
385.3982644081116,0.0,93.53,0.0,-14.029736518859863
385.4299008846283,0.0,93.526,0.0,-14.029223442077637
385.4619290828705,0.0,93.536,0.0,-14.027304649353027
385.49381923675537,0.0,93.56,0.0,-14.027694702148438
385.5252320766449,0.0,93.546,0.0,-14.029036521911621
385.5572144985199,0.0,93.557,0.0,-14.03036880493164
385.58782625198364,0.0,93.535,0.0,-14.030123710632324
385.61950492858887,0.0,93.542,0.0,-14.029949188232422
385.65124249458313,0.0,93.53,0.0,-14.030123710632324
385.6840443611145,0.0,93.512,0.0,-14.028751373291016
385.71524930000305,0.0,93.522,0.0,-14.028400421142578
385.74698877334595,0.0,93.519,0.0,-14.02789306640625
385.77870178222656,0.0,93.518,0.0,-14.027645111083984
385.8113784790039,0.0,93.505,0.0,-14.026731491088867
385.84395027160645,0.0,93.507,0.0,-14.026294708251953
385.8759229183197,0.0,93.51,0.0,-14.025975227355957
385.9094021320343,0.0,93.511,0.0,-14.025853157043457
385.9399917125702,0.0,93.5,0.0,-14.02539348602295
385.97272539138794,0.0,93.493,0.0,-14.024761199951172
386.00942873954773,0.0,93.479,0.0,-14.023733139038086
386.03892040252686,0.0,93.459,0.0,-14.022943496704102
386.0777051448822,0.0,93.452,0.0,-14.021512985229492
386.1101818084717,0.0,93.475,0.0,-14.019140243530273
386.1417865753174,0.0,93.472,0.0,-14.019323348999023
386.17295694351196,0.0,93.481,0.0,-14.019367218017578
386.20524287223816,0.0,93.472,0.0,-14.019805908203125
386.23761773109436,0.0,93.462,0.0,-14.019632339477539
386.2698292732239,0.0,93.457,0.0,-14.019277572631836
386.30242228507996,0.0,93.46,0.0,-14.018813133239746
386.3350262641907,0.0,93.447,0.0,-14.017906188964844
386.36839532852173,0.0,93.455,0.0,-14.017433166503906
386.3917555809021,0.0,93.455,0.0,-14.01738166809082
386.4241416454315,0.0,93.471,0.0,-14.017067909240723
386.4565522670746,0.0,93.475,0.0,-14.017810821533203
386.488657951355,0.0,93.478,0.0,-14.019296646118164
386.5194547176361,0.0,93.494,0.0,-14.020540237426758
386.55215764045715,0.0,93.48,0.0,-14.02112865447998
386.585200548172,0.0,93.468,0.0,-14.0210599899292
386.6168882846832,0.0,93.456,0.0,-14.020313262939453
386.64880299568176,0.0,93.432,0.0,-14.018728256225586
386.68985080718994,0.0,93.433,0.0,-14.016534805297852
386.7203164100647,0.0,93.447,0.0,-14.015880584716797
386.75983715057373,0.0,93.447,0.0,-14.015398025512695
386.79200983047485,0.0,93.434,0.0,-14.015637397766113
386.8242464065552,0.0,93.434,0.0,-14.015292167663574
386.86077404022217,0.0,93.467,0.0,-14.016244888305664
386.88788080215454,0.0,93.441,0.0,-14.01639175415039
386.9117851257324,0.0,93.441,0.0,-14.016219139099121
386.9522662162781,0.0,93.39,0.0,-14.014917373657227
386.98541235923767,0.0,93.396,0.0,-14.01170539855957
387.0173089504242,0.0,93.408,0.0,-14.011263847351074
387.048513174057,0.0,93.429,0.0,-14.01144790649414
387.08516907691956,0.0,93.427,0.0,-14.012344360351562
387.11358070373535,0.0,93.44,0.0,-14.013178825378418
387.1455020904541,0.0,93.43,0.0,-14.013416290283203
387.17713618278503,0.0,93.371,0.0,-14.011886596679688
387.2092664241791,0.0,93.357,0.0,-14.00789737701416
387.24182176589966,0.0,93.355,0.0,-14.006241798400879
387.27333307266235,0.0,93.357,0.0,-14.004989624023438
387.3049876689911,0.0,93.371,0.0,-14.00413703918457
387.33722400665283,0.0,93.355,0.0,-14.002256393432617
387.3696393966675,0.0,93.342,0.0,-14.00204086303711
387.39462447166443,0.0,93.345,0.0,-14.001363754272461
387.4371454715729,0.0,93.359,0.0,-14.001678466796875
387.4627962112427,0.0,93.354,0.0,-14.001897811889648
387.50211668014526,0.0,93.365,0.0,-14.001884460449219
387.5357484817505,0.0,93.357,0.0,-14.002416610717773
387.5677902698517,0.0,93.344,0.0,-14.00168228149414
387.59736132621765,0.0,93.342,0.0,-14.001385688781738
387.62995982170105,0.0,93.332,0.0,-14.001092910766602
387.6606583595276,0.0,93.305,0.0,-13.99886703491211
387.69268894195557,0.0,93.286,0.0,-13.996855735778809
387.7232744693756,0.0,93.259,0.0,-13.994446754455566
387.7549035549164,0.0,93.245,0.0,-13.992365837097168
387.7871472835541,0.0,93.278,0.0,-13.989973068237305
387.8198525905609,0.0,93.313,0.0,-13.991308212280273
387.8518636226654,0.0,93.313,0.0,-13.992969512939453
387.88397097587585,0.0,93.281,0.0,-13.992947578430176
387.9164001941681,0.0,93.237,0.0,-13.990541458129883
387.94794726371765,0.0,93.217,0.0,-13.988709449768066
387.97573804855347,0.0,93.262,0.0,-13.98648738861084
388.00413274765015,0.0,93.244,0.0,-13.986698150634766
388.0365409851074,0.0,93.241,0.0,-13.98659896850586
388.0651206970215,0.0,93.291,0.0,-13.986018180847168
388.1055226325989,0.0,93.258,0.0,-13.987703323364258
388.1379895210266,0.0,93.264,0.0,-13.988009452819824
388.177374124527,0.0,93.236,0.0,-13.98818302154541
388.2120609283447,0.0,93.255,0.0,-13.987188339233398
388.2410321235657,0.0,93.252,0.0,-13.987102508544922
388.2730140686035,0.0,93.218,0.0,-13.985962867736816
388.30507040023804,0.0,93.19,0.0,-13.98476505279541
388.3377900123596,0.0,93.15,0.0,-13.979424476623535
388.36896800994873,0.0,93.143,0.0,-13.976643562316895
388.40048265457153,0.0,93.146,0.0,-13.973698616027832
388.436457157135,0.0,93.16,0.0,-13.972108840942383
388.4645402431488,0.0,93.174,0.0,-13.972497940063477
388.497816324234,0.0,93.166,0.0,-13.972513198852539
388.521470785141,0.0,93.146,0.0,-13.971732139587402
388.5536024570465,0.0,93.108,0.0,-13.969913482666016
388.58495354652405,0.0,93.11,0.0,-13.967041015625
388.6170470714569,0.0,93.103,0.0,-13.966181755065918
388.64866733551025,0.0,93.112,0.0,-13.965276718139648
388.6810884475708,0.0,93.115,0.0,-13.965005874633789
388.7130982875824,0.0,93.141,0.0,-13.965749740600586
388.7451546192169,0.0,93.14,0.0,-13.966730117797852
388.7770857810974,0.0,93.11,0.0,-13.967482566833496
388.8088593482971,0.0,93.089,0.0,-13.966835021972656
388.851854801178,0.0,93.071,0.0,-13.964041709899902
388.89088225364685,0.0,93.094,0.0,-13.962154388427734
388.92294931411743,0.0,93.066,0.0,-13.96220588684082
388.95512318611145,0.0,93.063,0.0,-13.961104393005371
388.9878911972046,0.0,93.036,0.0,-13.958333969116211
389.02041721343994,0.0,93.069,0.0,-13.957253456115723
389.05187821388245,0.0,93.096,0.0,-13.957551956176758
389.08456683158875,0.0,93.096,0.0,-13.960077285766602
389.1162312030792,0.0,93.09,0.0,-13.960718154907227
389.148309469223,0.0,93.076,0.0,-13.960647583007812
389.18019556999207,0.0,93.069,0.0,-13.959309577941895
389.2127056121826,0.0,93.073,0.0,-13.959487915039062
389.24460220336914,0.0,93.081,0.0,-13.959985733032227
389.27625942230225,0.0,93.083,0.0,-13.96038818359375
389.30805230140686,0.0,93.036,0.0,-13.960797309875488
389.33979868888855,0.0,92.988,0.0,-13.957793235778809
389.3722975254059,0.0,93.01,0.0,-13.954842567443848
389.40456557273865,0.0,92.986,0.0,-13.953509330749512
389.438143491745,0.0,93.017,0.0,-13.951116561889648
389.4688138961792,0.0,93.015,0.0,-13.951025009155273
389.5007019042969,0.0,93.032,0.0,-13.950905799865723
389.53934359550476,0.0,92.989,0.0,-13.950291633605957
389.5650544166565,0.0,92.954,0.0,-13.947869300842285
389.60709166526794,0.0,92.898,0.0,-13.944643020629883
389.63915181159973,0.0,92.936,0.0,-13.940229415893555
389.67083716392517,0.0,92.98,0.0,-13.940691947937012
389.70256519317627,0.0,92.987,0.0,-13.941774368286133
389.73566126823425,0.0,92.995,0.0,-13.944239616394043
389.7671022415161,0.0,93.002,0.0,-13.94555950164795
389.7985315322876,0.0,93.0,0.0,-13.946520805358887
389.8298861980438,0.0,92.965,0.0,-13.94694709777832
389.86335706710815,0.0,92.955,0.0,-13.94513988494873
389.8939344882965,0.0,92.939,0.0,-13.943697929382324
389.92589259147644,0.0,92.937,0.0,-13.942519187927246
389.958532333374,0.0,92.924,0.0,-13.941631317138672
389.9897675514221,0.0,92.938,0.0,-13.940328598022461
390.0222523212433,0.0,92.935,0.0,-13.940056800842285
390.0534601211548,0.0,92.964,0.0,-13.93974781036377
390.0879032611847,0.0,92.955,0.0,-13.94117546081543
390.12528562545776,0.0,92.941,0.0,-13.941606521606445
390.1578269004822,0.0,92.922,0.0,-13.941283226013184
390.1906611919403,0.0,92.924,0.0,-13.939550399780273
390.221718788147,0.0,92.928,0.0,-13.938944816589355
390.25511050224304,0.0,92.937,0.0,-13.93874740600586
390.2881534099579,0.0,92.957,0.0,-13.940040588378906
390.3248906135559,0.0,92.921,0.0,-13.94061279296875
390.36463022232056,0.0,92.915,0.0,-13.938940048217773
390.3963439464569,0.0,92.89,0.0,-13.937232971191406
390.42818665504456,0.0,92.892,0.0,-13.936013221740723
390.46112632751465,0.0,92.895,0.0,-13.93575668334961
390.49251103401184,0.0,92.896,0.0,-13.935099601745605
390.52487325668335,0.0,92.879,0.0,-13.934612274169922
390.5558798313141,0.0,92.85,0.0,-13.933544158935547
390.5876805782318,0.0,92.869,0.0,-13.930953025817871
390.6200270652771,0.0,92.861,0.0,-13.930376052856445
390.6440463066101,0.0,92.864,0.0,-13.9296236038208
390.6748468875885,0.0,92.853,0.0,-13.929197311401367
390.7065272331238,0.0,92.832,0.0,-13.928437232971191
390.73879647254944,0.0,92.829,0.0,-13.925792694091797
390.77028632164,0.0,92.781,0.0,-13.923383712768555
390.80231165885925,0.0,92.781,0.0,-13.921056747436523
390.8380250930786,0.0,92.779,0.0,-13.917913436889648
390.8673098087311,0.0,92.77,0.0,-13.916513442993164
390.8990135192871,0.0,92.783,0.0,-13.916282653808594
390.93093609809875,0.0,92.779,0.0,-13.915905952453613
390.95567417144775,0.0,92.787,0.0,-13.915497779846191
390.989066362381,0.0,92.777,0.0,-13.915246963500977
391.02902603149414,0.0,92.752,0.0,-13.914874076843262
391.06240582466125,0.0,92.742,0.0,-13.912493705749512
391.0920732021332,0.0,92.719,0.0,-13.910603523254395
391.1266915798187,0.0,92.759,0.0,-13.910866737365723
391.1571264266968,0.0,92.787,0.0,-13.911115646362305
391.1900098323822,0.0,92.801,0.0,-13.914617538452148
391.2228376865387,0.0,92.783,0.0,-13.91588306427002
391.2547333240509,0.0,92.744,0.0,-13.916123390197754
391.2871353626251,0.0,92.759,0.0,-13.91421890258789
391.3186912536621,0.0,92.717,0.0,-13.912699699401855
391.3504991531372,0.0,92.707,0.0,-13.910957336425781
391.3821988105774,0.0,92.692,0.0,-13.90921401977539
391.41359543800354,0.0,92.703,0.0,-13.906256675720215
391.4462707042694,0.0,92.714,0.0,-13.905681610107422
391.4772608280182,0.0,92.684,0.0,-13.90556812286377
391.51412630081177,0.0,92.673,0.0,-13.90281867980957
391.5416762828827,0.0,92.652,0.0,-13.900863647460938
391.5734875202179,0.0,92.636,0.0,-13.898723602294922
391.60551738739014,0.0,92.649,0.0,-13.897367477416992
391.63709330558777,0.0,92.64,0.0,-13.895792961120605
391.66953587532043,0.0,92.621,0.0,-13.89437198638916
391.692937374115,0.0,92.621,0.0,-13.89332389831543
391.7266960144043,0.0,92.598,0.0,-13.891600608825684
391.76297211647034,0.0,92.63,0.0,-13.891098022460938
391.79198575019836,0.0,92.616,0.0,-13.89138126373291
391.82482409477234,0.0,92.638,0.0,-13.891058921813965
391.8571774959564,0.0,92.604,0.0,-13.891777992248535
391.88942670822144,0.0,92.615,0.0,-13.890971183776855
391.92195200920105,0.0,92.63,0.0,-13.890857696533203
391.9540448188782,0.0,92.567,0.0,-13.891433715820312
391.98793148994446,0.0,92.604,0.0,-13.889172554016113
392.01667189598083,0.0,92.574,0.0,-13.8878755569458
392.0489571094513,0.0,92.581,0.0,-13.886653900146484
392.0795474052429,0.0,92.565,0.0,-13.88629150390625
392.1152069568634,0.0,92.57,0.0,-13.88491439819336
392.14353466033936,0.0,92.556,0.0,-13.884005546569824
392.17556405067444,0.0,92.541,0.0,-13.883296966552734
392.20783495903015,0.0,92.542,0.0,-13.882198333740234
392.2398064136505,0.0,92.529,0.0,-13.880325317382812
392.2707304954529,0.0,92.559,0.0,-13.88077163696289
392.3023359775543,0.0,92.566,0.0,-13.881447792053223
392.33451867103577,0.0,92.598,0.0,-13.88213062286377
392.3756055831909,0.0,92.588,0.0,-13.884357452392578
392.40172576904297,0.0,92.557,0.0,-13.885248184204102
392.4385151863098,0.0,92.519,0.0,-13.883309364318848
392.47311758995056,0.0,92.531,0.0,-13.881574630737305
392.50563406944275,0.0,92.54,0.0,-13.880754470825195
392.5367007255554,0.0,92.534,0.0,-13.880108833312988
392.5685353279114,0.0,92.52,0.0,-13.879140853881836
392.6016311645508,0.0,92.553,0.0,-13.878499031066895
392.6333477497101,0.0,92.539,0.0,-13.879413604736328
392.66476607322693,0.0,92.518,0.0,-13.878799438476562
392.6970238685608,0.0,92.509,0.0,-13.877856254577637
392.7294888496399,0.0,92.49,0.0,-13.876139640808105
392.7591178417206,0.0,92.504,0.0,-13.875045776367188
392.7904670238495,0.0,92.5,0.0,-13.874497413635254
392.8235867023468,0.0,92.496,0.0,-13.874109268188477
392.8545320034027,0.0,92.506,0.0,-13.87425708770752
392.8898162841797,0.0,92.512,0.0,-13.874680519104004
392.9195261001587,0.0,92.504,0.0,-13.875018119812012
392.95108246803284,0.0,92.488,0.0,-13.874960899353027
392.9831585884094,0.0,92.486,0.0,-13.874260902404785
393.0158166885376,0.0,92.476,0.0,-13.873198509216309
393.04924845695496,0.0,92.451,0.0,-13.872446060180664
393.09255623817444,0.0,92.438,0.0,-13.86910343170166
393.12546014785767,0.0,92.436,0.0,-13.867751121520996
393.15697026252747,0.0,92.449,0.0,-13.866653442382812
393.1882610321045,0.0,92.449,0.0,-13.866209030151367
393.22086238861084,0.0,92.468,0.0,-13.866903305053711
393.2521438598633,0.0,92.431,0.0,-13.86679744720459
393.28418588638306,0.0,92.419,0.0,-13.865859985351562
393.32602167129517,0.0,92.414,0.0,-13.862829208374023
393.3576703071594,0.0,92.446,0.0,-13.862162590026855
393.39043712615967,0.0,92.428,0.0,-13.862968444824219
393.4209318161011,0.0,92.426,0.0,-13.862868309020996
393.45368123054504,0.0,92.431,0.0,-13.86302661895752
393.48622584342957,0.0,92.452,0.0,-13.862207412719727
393.5175771713257,0.0,92.448,0.0,-13.864419937133789
393.5503067970276,0.0,92.414,0.0,-13.865023612976074
393.58168959617615,0.0,92.42,0.0,-13.864072799682617
393.61367988586426,0.0,92.41,0.0,-13.863039016723633
393.6454062461853,0.0,92.401,0.0,-13.862409591674805
393.67823219299316,0.0,92.373,0.0,-13.861559867858887
393.70904207229614,0.0,92.367,0.0,-13.85974407196045
393.74145555496216,0.0,92.38,0.0,-13.857416152954102
393.7732312679291,0.0,92.4,0.0,-13.857076644897461
393.8148581981659,0.0,92.4,0.0,-13.857881546020508
393.8573782444,0.0,92.396,0.0,-13.858145713806152
393.8982090950012,0.0,92.376,0.0,-13.85749626159668
393.93120098114014,0.0,92.357,0.0,-13.857063293457031
393.96720027923584,0.0,92.333,0.0,-13.853877067565918
393.993577003479,0.0,92.333,0.0,-13.852397918701172
394.0255801677704,0.0,92.329,0.0,-13.851116180419922
394.05844950675964,0.0,92.339,0.0,-13.850577354431152
394.09005069732666,0.0,92.343,0.0,-13.850772857666016
394.1219069957733,0.0,92.326,0.0,-13.850578308105469
394.15502548217773,0.0,92.298,0.0,-13.849740982055664
394.18630361557007,0.0,92.261,0.0,-13.847946166992188
394.21848726272583,0.0,92.268,0.0,-13.843114852905273
394.25077295303345,0.0,92.286,0.0,-13.8416748046875
394.28240609169006,0.0,92.293,0.0,-13.841364860534668
394.31411385536194,0.0,92.276,0.0,-13.840873718261719
394.3588316440582,0.0,92.259,0.0,-13.84041690826416
394.39111399650574,0.0,92.216,0.0,-13.836905479431152
394.4228322505951,0.0,92.213,0.0,-13.834871292114258
394.45413088798523,0.0,92.211,0.0,-13.833221435546875
394.4902186393738,0.0,92.224,0.0,-13.8317289352417
394.5188059806824,0.0,92.247,0.0,-13.832508087158203
394.55978751182556,0.0,92.258,0.0,-13.83395767211914
394.5848488807678,0.0,92.248,0.0,-13.834784507751465
394.61689019203186,0.0,92.207,0.0,-13.833542823791504
394.6491811275482,0.0,92.175,0.0,-13.831071853637695
394.68168020248413,0.0,92.173,0.0,-13.829195976257324
394.7154414653778,0.0,92.227,0.0,-13.827138900756836
394.7443437576294,0.0,92.244,0.0,-13.828470230102539
394.7751467227936,0.0,92.261,0.0,-13.830254554748535
394.80742597579956,0.0,92.226,0.0,-13.832380294799805
394.83958983421326,0.0,92.189,0.0,-13.83119010925293
394.87515783309937,0.0,92.14,0.0,-13.82732105255127
394.9094865322113,0.0,92.143,0.0,-13.825111389160156
394.9409017562866,0.0,92.162,0.0,-13.82320499420166
394.9709577560425,0.0,92.148,0.0,-13.822548866271973
395.0031313896179,0.0,92.151,0.0,-13.821913719177246
395.03500485420227,0.0,92.161,0.0,-13.821588516235352
395.0670976638794,0.0,92.18,0.0,-13.822789192199707
395.0993711948395,0.0,92.159,0.0,-13.82270622253418
395.1324026584625,0.0,92.14,0.0,-13.823132514953613
395.16753673553467,0.0,92.114,0.0,-13.820457458496094
395.1965308189392,0.0,92.138,0.0,-13.820124626159668
395.229159116745,0.0,92.121,0.0,-13.819182395935059
395.2585995197296,0.0,92.176,0.0,-13.81991195678711
395.29221272468567,0.0,92.125,0.0,-13.820405960083008
395.3249309062958,0.0,92.111,0.0,-13.819080352783203
395.35655450820923,0.0,92.104,0.0,-13.818077087402344
395.39218068122864,0.0,92.091,0.0,-13.814571380615234
395.4179768562317,0.0,92.093,0.0,-13.813835144042969
395.449018239975,0.0,92.082,0.0,-13.813385009765625
395.4811542034149,0.0,92.102,0.0,-13.812609672546387
395.5135877132416,0.0,92.083,0.0,-13.812885284423828
395.5461447238922,0.0,92.071,0.0,-13.81143569946289
395.5785610675812,0.0,92.072,0.0,-13.810983657836914
395.6089599132538,0.0,92.092,0.0,-13.810498237609863
395.6419529914856,0.0,92.1,0.0,-13.811744689941406
395.67471170425415,0.0,92.092,0.0,-13.812013626098633
395.7064960002899,0.0,92.085,0.0,-13.811235427856445
395.7385151386261,0.0,92.079,0.0,-13.811367988586426
395.77056765556335,0.0,92.077,0.0,-13.811074256896973
395.8025941848755,0.0,92.084,0.0,-13.811259269714355
395.8335483074188,0.0,92.061,0.0,-13.811041831970215
395.86631536483765,0.0,92.072,0.0,-13.810206413269043
395.89787912368774,0.0,92.078,0.0,-13.810150146484375
395.92729234695435,0.0,92.072,0.0,-13.810375213623047
395.9699831008911,0.0,92.059,0.0,-13.810822486877441
396.0100817680359,0.0,92.037,0.0,-13.810136795043945
396.0429108142853,0.0,91.98,0.0,-13.805195808410645
396.073308467865,0.0,91.972,0.0,-13.802347183227539
396.10470366477966,0.0,91.966,0.0,-13.800008773803711
396.13706040382385,0.0,91.978,0.0,-13.797988891601562
396.16776061058044,0.0,91.972,0.0,-13.795989990234375
396.1994466781616,0.0,91.975,0.0,-13.795318603515625
396.23142099380493,0.0,91.977,0.0,-13.794931411743164
396.2679648399353,0.0,91.986,0.0,-13.795055389404297
396.29546332359314,0.0,91.989,0.0,-13.795448303222656
396.32724595069885,0.0,91.965,0.0,-13.795202255249023
396.3592803478241,0.0,91.945,0.0,-13.794626235961914
396.39158153533936,0.0,91.941,0.0,-13.79227066040039
396.4246234893799,0.0,91.941,0.0,-13.791454315185547
396.4563202857971,0.0,91.932,0.0,-13.790777206420898
396.48646450042725,0.0,91.942,0.0,-13.789997100830078
396.51865005493164,0.0,91.936,0.0,-13.78952407836914
396.55157256126404,0.0,91.926,0.0,-13.788885116577148
396.5831308364868,0.0,91.888,0.0,-13.788677215576172
396.61488580703735,0.0,91.891,0.0,-13.786703109741211
396.64692759513855,0.0,91.911,0.0,-13.785160064697266
396.6877472400665,0.0,91.918,0.0,-13.78455924987793
396.72091841697693,0.0,91.916,0.0,-13.785252571105957
396.75997376441956,0.0,91.889,0.0,-13.785449028015137
396.7923150062561,0.0,91.894,0.0,-13.784585952758789
396.8241605758667,0.0,91.867,0.0,-13.78409481048584
396.8561735153198,0.0,91.836,0.0,-13.782607078552246
396.88665652275085,0.0,91.859,0.0,-13.780182838439941
396.91795587539673,0.0,91.871,0.0,-13.77917194366455
396.95088362693787,0.0,91.875,0.0,-13.779314041137695
396.9811933040619,0.0,91.889,0.0,-13.779417037963867
397.0069491863251,0.0,91.876,0.0,-13.780115127563477
397.04157614707947,0.0,91.868,0.0,-13.779841423034668
397.07160544395447,0.0,91.869,0.0,-13.779678344726562
397.1028516292572,0.0,91.85,0.0,-13.778397560119629
397.1352777481079,0.0,91.838,0.0,-13.777809143066406
397.16758131980896,0.0,91.847,0.0,-13.776557922363281
397.2003779411316,0.0,91.871,0.0,-13.77734661102295
397.23238706588745,0.0,91.88,0.0,-13.777392387390137
397.2679808139801,0.0,91.877,0.0,-13.779096603393555
397.2971873283386,0.0,91.869,0.0,-13.779300689697266
397.3294048309326,0.0,91.874,0.0,-13.779678344726562
397.361558675766,0.0,91.832,0.0,-13.779600143432617
397.40110540390015,0.0,91.795,0.0,-13.777058601379395
397.4269669055939,0.0,91.795,0.0,-13.774665832519531
397.4593098163605,0.0,91.768,0.0,-13.772834777832031
397.49338698387146,0.0,91.847,0.0,-13.769482612609863
397.5172345638275,0.0,91.832,0.0,-13.77110481262207
397.55468797683716,0.0,91.835,0.0,-13.771761894226074
397.5859215259552,0.0,91.832,0.0,-13.772420883178711
397.6176407337189,0.0,91.772,0.0,-13.770638465881348
397.651340007782,0.0,91.794,0.0,-13.770057678222656
397.6816008090973,0.0,91.822,0.0,-13.769465446472168
397.7176914215088,0.0,91.825,0.0,-13.770929336547852
397.74624824523926,0.0,91.803,0.0,-13.77058219909668
397.7784471511841,0.0,91.734,0.0,-13.769279479980469
397.8096761703491,0.0,91.737,0.0,-13.766441345214844
397.84168553352356,0.0,91.718,0.0,-13.762051582336426
397.8742687702179,0.0,91.746,0.0,-13.76145076751709
397.9062261581421,0.0,91.761,0.0,-13.761909484863281
397.93781447410583,0.0,91.779,0.0,-13.76205062866211
397.9709703922272,0.0,91.768,0.0,-13.763213157653809
398.00190019607544,0.0,91.784,0.0,-13.764114379882812
398.03427243232727,0.0,91.758,0.0,-13.763741493225098
398.06841230392456,0.0,91.74,0.0,-13.762821197509766
398.108660697937,0.0,91.723,0.0,-13.762042999267578
398.13368225097656,0.0,91.748,0.0,-13.760747909545898
398.1689865589142,0.0,91.734,0.0,-13.760310173034668
398.1981375217438,0.0,91.688,0.0,-13.760233879089355
398.2302017211914,0.0,91.688,0.0,-13.75797176361084
398.26091408729553,0.0,91.692,0.0,-13.756246566772461
398.2933843135834,0.0,91.683,0.0,-13.753890991210938
398.3249726295471,0.0,91.659,0.0,-13.75277328491211
398.3570222854614,0.0,91.669,0.0,-13.75114917755127
398.3933892250061,0.0,91.688,0.0,-13.750577926635742
398.4224121570587,0.0,91.678,0.0,-13.750372886657715
398.45307970046997,0.0,91.676,0.0,-13.749958038330078
398.4852566719055,0.0,91.658,0.0,-13.749882698059082
398.5176913738251,0.0,91.67,0.0,-13.749037742614746
398.54967284202576,0.0,91.666,0.0,-13.748851776123047
398.60153245925903,0.0,91.612,0.0,-13.745084762573242
398.63413071632385,0.0,91.592,0.0,-13.742788314819336
398.66901111602783,0.0,91.576,0.0,-13.739762306213379
398.6978075504303,0.0,91.578,0.0,-13.738140106201172
398.72993993759155,0.0,91.555,0.0,-13.737020492553711
398.761825799942,0.0,91.538,0.0,-13.73524284362793
398.7935676574707,0.0,91.552,0.0,-13.732366561889648
398.8200423717499,0.0,91.564,0.0,-13.731690406799316
398.85570430755615,0.0,91.514,0.0,-13.731729507446289
398.8945515155792,0.0,91.499,0.0,-13.727582931518555
398.9267256259918,0.0,91.485,0.0,-13.724985122680664
398.95919489860535,0.0,91.517,0.0,-13.72346019744873
398.9905285835266,0.0,91.524,0.0,-13.723691940307617
399.02131724357605,0.0,91.522,0.0,-13.724620819091797
399.0542802810669,0.0,91.492,0.0,-13.723715782165527
399.0861496925354,0.0,91.466,0.0,-13.722855567932129
399.119193315506,0.0,91.494,0.0,-13.721428871154785
399.1538190841675,0.0,91.534,0.0,-13.723211288452148
399.1863446235657,0.0,91.54,0.0,-13.724254608154297
399.218065738678,0.0,91.515,0.0,-13.725839614868164
399.2501292228699,0.0,91.487,0.0,-13.725950241088867
399.26968908309937,0.0,91.474,0.0,-13.72488021850586
399.29780173301697,0.0,91.47,0.0,-13.723527908325195
399.33011770248413,0.0,91.464,0.0,-13.72233772277832
399.3605182170868,0.0,91.465,0.0,-13.72119140625
399.3946387767792,0.0,91.479,0.0,-13.720365524291992
399.42561411857605,0.0,91.466,0.0,-13.719295501708984
399.4579658508301,0.0,91.469,0.0,-13.719043731689453
399.49001574516296,0.0,91.465,0.0,-13.719005584716797
399.5221552848816,0.0,91.452,0.0,-13.718188285827637
399.55896258354187,0.0,91.429,0.0,-13.717545509338379
399.58796739578247,0.0,91.422,0.0,-13.716278076171875
399.61232900619507,0.0,91.419,0.0,-13.715032577514648
399.6426737308502,0.0,91.446,0.0,-13.714324951171875
399.68566274642944,0.0,91.432,0.0,-13.714334487915039
399.71759152412415,0.0,91.428,0.0,-13.713740348815918
399.75017499923706,0.0,91.418,0.0,-13.713086128234863
399.7822515964508,0.0,91.415,0.0,-13.712481498718262
399.81948494911194,0.0,91.416,0.0,-13.712095260620117
399.8469591140747,0.0,91.401,0.0,-13.711207389831543
399.8803644180298,0.0,91.403,0.0,-13.71054744720459
399.91176199913025,0.0,91.395,0.0,-13.710147857666016
399.9462730884552,0.0,91.412,0.0,-13.709542274475098
399.9762923717499,0.0,91.41,0.0,-13.709830284118652
400.00852227211,0.0,91.405,0.0,-13.709992408752441
400.0448417663574,0.0,91.407,0.0,-13.709985733032227
400.0720043182373,0.0,91.403,0.0,-13.709878921508789
400.10541439056396,0.0,91.358,0.0,-13.709603309631348
400.136283159256,0.0,91.362,0.0,-13.70772647857666
400.16913390159607,0.0,91.361,0.0,-13.70546817779541
400.20025300979614,0.0,91.382,0.0,-13.705607414245605
400.22710490226746,0.0,91.38,0.0,-13.705657958984375
400.2553267478943,0.0,91.358,0.0,-13.7052583694458
400.29667377471924,0.0,91.339,0.0,-13.703158378601074
400.3441529273987,0.0,91.339,0.0,-13.70137882232666
400.3755624294281,0.0,91.339,0.0,-13.700820922851562
400.40753388404846,0.0,91.331,0.0,-13.700084686279297
400.4395968914032,0.0,91.316,0.0,-13.699670791625977
400.47151947021484,0.0,91.303,0.0,-13.698432922363281
400.5041480064392,0.0,91.313,0.0,-13.697183609008789
400.53574562072754,0.0,91.302,0.0,-13.69666862487793
400.56751537323,0.0,91.302,0.0,-13.695841789245605
400.60137486457825,0.0,91.323,0.0,-13.695387840270996
400.632328748703,0.0,91.315,0.0,-13.695831298828125
400.6647346019745,0.0,91.329,0.0,-13.695867538452148
400.69668769836426,0.0,91.333,0.0,-13.697196960449219
400.72542452812195,0.0,91.304,0.0,-13.696949005126953
400.7571816444397,0.0,91.303,0.0,-13.696353912353516
400.7885093688965,0.0,91.29,0.0,-13.695868492126465
400.82208490371704,0.0,91.294,0.0,-13.694450378417969
400.85116028785706,0.0,91.277,0.0,-13.693361282348633
400.8836681842804,0.0,91.273,0.0,-13.692330360412598
400.9159243106842,0.0,91.296,0.0,-13.691598892211914
400.956130027771,0.0,91.303,0.0,-13.69267463684082
401.00028705596924,0.0,91.305,0.0,-13.693961143493652
401.03170132637024,0.0,91.298,0.0,-13.694011688232422
401.06417632102966,0.0,91.29,0.0,-13.694314002990723
401.09647583961487,0.0,91.284,0.0,-13.694165229797363
401.12782311439514,0.0,91.258,0.0,-13.693618774414062
401.15962743759155,0.0,91.232,0.0,-13.69211196899414
401.19506001472473,0.0,91.239,0.0,-13.688443183898926
401.2233543395996,0.0,91.254,0.0,-13.687492370605469
401.25840282440186,0.0,91.259,0.0,-13.687288284301758
401.2894937992096,0.0,91.242,0.0,-13.68736743927002
401.32174825668335,0.0,91.217,0.0,-13.685230255126953
401.35376048088074,0.0,91.241,0.0,-13.68497085571289
401.3861117362976,0.0,91.25,0.0,-13.684925079345703
401.4203610420227,0.0,91.248,0.0,-13.68552017211914
401.45037817955017,0.0,91.243,0.0,-13.685506820678711
401.4821901321411,0.0,91.222,0.0,-13.684465408325195
401.5140292644501,0.0,91.204,0.0,-13.683849334716797
401.54598450660706,0.0,91.194,0.0,-13.681306838989258
401.57683420181274,0.0,91.216,0.0,-13.68122673034668
401.6087279319763,0.0,91.219,0.0,-13.681319236755371
401.64047479629517,0.0,91.199,0.0,-13.681038856506348
401.65655851364136,0.0,91.199,0.0,-13.680845260620117
401.6898036003113,0.0,91.16,0.0,-13.680257797241211
401.7242593765259,0.0,91.14,0.0,-13.67514419555664
401.7558822631836,0.0,91.133,0.0,-13.673455238342285
401.7885513305664,0.0,91.15,0.0,-13.671895980834961
401.82293033599854,0.0,91.16,0.0,-13.671567916870117
401.8529908657074,0.0,91.112,0.0,-13.669939041137695
401.88505244255066,0.0,91.108,0.0,-13.668468475341797
401.9211916923523,0.0,91.11,0.0,-13.666365623474121
401.9501881599426,0.0,91.119,0.0,-13.666139602661133
401.9817547798157,0.0,91.138,0.0,-13.666640281677246
402.0141706466675,0.0,91.156,0.0,-13.667238235473633
402.04721546173096,0.0,91.165,0.0,-13.66987419128418
402.0772337913513,0.0,91.123,0.0,-13.669201850891113
402.11088967323303,0.0,91.102,0.0,-13.668156623840332
402.14635848999023,0.0,91.099,0.0,-13.666067123413086
402.17342019081116,0.0,91.124,0.0,-13.66639518737793
402.2053897380829,0.0,91.13,0.0,-13.666927337646484
402.23771381378174,0.0,91.11,0.0,-13.667362213134766
402.27306485176086,0.0,91.085,0.0,-13.665472984313965
402.30871081352234,0.0,91.057,0.0,-13.664406776428223
402.34076738357544,0.0,91.061,0.0,-13.662429809570312
402.36501836776733,0.0,91.056,0.0,-13.661096572875977
402.39179849624634,0.0,91.039,0.0,-13.65988826751709
402.4249622821808,0.0,91.038,0.0,-13.657190322875977
402.46492743492126,0.0,91.034,0.0,-13.656224250793457
402.49737906455994,0.0,91.038,0.0,-13.65488338470459
402.5301306247711,0.0,91.049,0.0,-13.655194282531738
402.5621564388275,0.0,91.029,0.0,-13.655304908752441
402.59631848335266,0.0,91.007,0.0,-13.653138160705566
402.62581157684326,0.0,90.983,0.0,-13.651046752929688
402.65786695480347,0.0,90.982,0.0,-13.64942741394043
402.69007205963135,0.0,90.971,0.0,-13.647588729858398
402.72262930870056,0.0,90.977,0.0,-13.645750045776367
402.75451827049255,0.0,90.972,0.0,-13.645101547241211
402.7864496707916,0.0,90.984,0.0,-13.645153045654297
402.82196021080017,0.0,91.013,0.0,-13.645936012268066
402.85852098464966,0.0,91.009,0.0,-13.647143363952637
402.89044761657715,0.0,91.03,0.0,-13.647940635681152
402.9236032962799,0.0,91.012,0.0,-13.650873184204102
402.95412707328796,0.0,91.012,0.0,-13.651008605957031
402.9863359928131,0.0,90.976,0.0,-13.651122093200684
403.0222280025482,0.0,90.927,0.0,-13.646560668945312
403.05035972595215,0.0,90.909,0.0,-13.643516540527344
403.0907678604126,0.0,90.929,0.0,-13.641063690185547
403.11830711364746,0.0,90.955,0.0,-13.640044212341309
403.14209604263306,0.0,90.95,0.0,-13.640388488769531
403.1723647117615,0.0,90.943,0.0,-13.640298843383789
403.2046785354614,0.0,90.952,0.0,-13.640565872192383
403.23655915260315,0.0,90.956,0.0,-13.640593528747559
403.2727527618408,0.0,90.956,0.0,-13.641374588012695
403.3004882335663,0.0,90.953,0.0,-13.641545295715332
403.33221912384033,0.0,90.946,0.0,-13.641402244567871
403.37533712387085,0.0,90.901,0.0,-13.63848876953125
403.40747928619385,0.0,90.887,0.0,-13.63662052154541
403.4533212184906,0.0,90.925,0.0,-13.63525676727295
403.4865803718567,0.0,90.961,0.0,-13.635808944702148
403.5213928222656,0.0,90.97,0.0,-13.639699935913086
403.5490882396698,0.0,90.959,0.0,-13.640989303588867
403.5811769962311,0.0,90.939,0.0,-13.641740798950195
403.61469411849976,0.0,90.915,0.0,-13.641485214233398
403.6466634273529,0.0,90.918,0.0,-13.639476776123047
403.6772758960724,0.0,90.916,0.0,-13.639032363891602
403.7096834182739,0.0,90.894,0.0,-13.638445854187012
403.74117708206177,0.0,90.868,0.0,-13.637078285217285
403.77403235435486,0.0,90.884,0.0,-13.633981704711914
403.8227698802948,0.0,90.912,0.0,-13.633583068847656
403.85149455070496,0.0,90.922,0.0,-13.634600639343262
403.88569831848145,0.0,90.878,0.0,-13.633979797363281
403.9181981086731,0.0,90.857,0.0,-13.633096694946289
403.9519636631012,0.0,90.812,0.0,-13.62848949432373
403.9826431274414,0.0,90.816,0.0,-13.62631893157959
404.0149278640747,0.0,90.83,0.0,-13.625265121459961
404.0471143722534,0.0,90.868,0.0,-13.62443733215332
404.0959892272949,0.0,90.861,0.0,-13.626534461975098
404.1271092891693,0.0,90.842,0.0,-13.626920700073242
404.1584780216217,0.0,90.839,0.0,-13.626445770263672
404.1907014846802,0.0,90.843,0.0,-13.62597370147705
404.22244215011597,0.0,90.847,0.0,-13.625855445861816
404.2536971569061,0.0,90.816,0.0,-13.625919342041016
404.2857472896576,0.0,90.806,0.0,-13.624687194824219
404.3178894519806,0.0,90.805,0.0,-13.623333930969238
404.35001707077026,0.0,90.825,0.0,-13.62231159210205
404.3821394443512,0.0,90.85,0.0,-13.623252868652344
404.40881156921387,0.0,90.834,0.0,-13.62417221069336
404.44186329841614,0.0,90.808,0.0,-13.624228477478027
404.47451639175415,0.0,90.796,0.0,-13.621905326843262
404.5059084892273,0.0,90.836,0.0,-13.622608184814453
404.54521012306213,0.0,90.793,0.0,-13.621068000793457
404.5779378414154,0.0,90.772,0.0,-13.619325637817383
404.5987346172333,0.0,90.709,0.0,-13.618001937866211
404.62908148765564,0.0,90.719,0.0,-13.614358901977539
404.66060280799866,0.0,90.706,0.0,-13.611995697021484
404.69297909736633,0.0,90.736,0.0,-13.609665870666504
404.7247772216797,0.0,90.729,0.0,-13.609724998474121
404.7560975551605,0.0,90.706,0.0,-13.60902214050293
404.7878620624542,0.0,90.689,0.0,-13.60755729675293
404.8242404460907,0.0,90.706,0.0,-13.605123519897461
404.8508126735687,0.0,90.733,0.0,-13.605817794799805
404.8827803134918,0.0,90.713,0.0,-13.608542442321777
404.9150128364563,0.0,90.692,0.0,-13.607704162597656
404.94236397743225,0.0,90.681,0.0,-13.606203079223633
404.98619985580444,0.0,90.709,0.0,-13.602620124816895
405.02083706855774,0.0,90.712,0.0,-13.603625297546387
405.0538935661316,0.0,90.671,0.0,-13.602349281311035
405.09110951423645,0.0,90.671,0.0,-13.602279663085938
405.1233880519867,0.0,90.683,0.0,-13.601217269897461
405.15540647506714,0.0,90.711,0.0,-13.601126670837402
405.19164204597473,0.0,90.71,0.0,-13.602263450622559
405.22555112838745,0.0,90.717,0.0,-13.60478401184082
405.2600862979889,0.0,90.696,0.0,-13.60540771484375
405.2907409667969,0.0,90.686,0.0,-13.605016708374023
405.3244369029999,0.0,90.674,0.0,-13.602837562561035
405.3587944507599,0.0,90.677,0.0,-13.602137565612793
405.38458037376404,0.0,90.679,0.0,-13.601738929748535
405.4100410938263,0.0,90.643,0.0,-13.601532936096191
405.4421124458313,0.0,90.623,0.0,-13.599878311157227
405.474440574646,0.0,90.589,0.0,-13.59475326538086
405.5010287761688,0.0,90.589,0.0,-13.592446327209473
405.5352954864502,0.0,90.64,0.0,-13.592887878417969
405.5682315826416,0.0,90.678,0.0,-13.593228340148926
405.6023781299591,0.0,90.685,0.0,-13.596916198730469
405.6334295272827,0.0,90.677,0.0,-13.597986221313477
405.664687871933,0.0,90.678,0.0,-13.599584579467773
405.69722867012024,0.0,90.683,0.0,-13.600737571716309
405.72904324531555,0.0,90.686,0.0,-13.601346969604492
405.76050066947937,0.0,90.681,0.0,-13.601606369018555
405.79238724708557,0.0,90.666,0.0,-13.601300239562988
405.82385873794556,0.0,90.654,0.0,-13.600650787353516
405.85547280311584,0.0,90.649,0.0,-13.59992790222168
405.8872854709625,0.0,90.669,0.0,-13.599161148071289
405.919322013855,0.0,90.642,0.0,-13.599411964416504
405.96031856536865,0.0,90.565,0.0,-13.595620155334473
405.99331545829773,0.0,90.531,0.0,-13.592330932617188
406.02579140663147,0.0,90.535,0.0,-13.585535049438477
406.0487537384033,0.0,90.562,0.0,-13.584512710571289
406.080863237381,0.0,90.571,0.0,-13.583686828613281
406.11238861083984,0.0,90.554,0.0,-13.583561897277832
406.1461088657379,0.0,90.526,0.0,-13.582799911499023
406.1730501651764,0.0,90.527,0.0,-13.579841613769531
406.21943950653076,0.0,90.549,0.0,-13.57977294921875
406.24320912361145,0.0,90.517,0.0,-13.579853057861328
406.2746362686157,0.0,90.517,0.0,-13.577706336975098
406.30860662460327,0.0,90.499,0.0,-13.576292037963867
406.34478640556335,0.0,90.545,0.0,-13.575916290283203
406.3861336708069,0.0,90.52,0.0,-13.576709747314453
406.4176998138428,0.0,90.501,0.0,-13.576071739196777
406.44282054901123,0.0,90.501,0.0,-13.575321197509766
406.4748888015747,0.0,90.484,0.0,-13.571793556213379
406.5094964504242,0.0,90.472,0.0,-13.571420669555664
406.53871393203735,0.0,90.467,0.0,-13.570671081542969
406.5713493824005,0.0,90.457,0.0,-13.569924354553223
406.6023015975952,0.0,90.462,0.0,-13.568441390991211
406.6353814601898,0.0,90.448,0.0,-13.568117141723633
406.6570267677307,0.0,90.431,0.0,-13.567319869995117
406.6916341781616,0.0,90.432,0.0,-13.56602954864502
406.72571182250977,0.0,90.445,0.0,-13.564995765686035
406.7667284011841,0.0,90.415,0.0,-13.564945220947266
406.79824590682983,0.0,90.387,0.0,-13.56157398223877
406.8297095298767,0.0,90.42,0.0,-13.561368942260742
406.86261343955994,0.0,90.451,0.0,-13.561925888061523
406.89485907554626,0.0,90.461,0.0,-13.563026428222656
406.942147731781,0.0,90.441,0.0,-13.56452751159668
406.96627044677734,0.0,90.396,0.0,-13.564701080322266
