Time(s),Setpoint (C),Temperature (C),TotalOutput (%),PIDOutput (%)
0.45682382583618164,0.0,20.868,0.0,-3.400676727294922
0.49320149421691895,0.0,20.861,0.0,-3.367196798324585
0.5147368907928467,0.0,20.845,0.0,-3.3494224548339844
0.546518087387085,0.0,20.842,0.0,-3.332045555114746
0.5777161121368408,0.0,20.868,0.0,-3.3157131671905518
0.6142098903656006,0.0,20.892,0.0,-3.2879722118377686
0.6431498527526855,0.0,20.901,0.0,-3.275897741317749
0.6760509014129639,0.0,20.903,0.0,-3.2644731998443604
0.7045161724090576,0.0,20.892,0.0,-3.252995252609253
0.7376463413238525,0.0,20.89,0.0,-3.232757329940796
0.7723400592803955,0.0,20.885,0.0,-3.2235169410705566
0.79866623878479,0.0,20.888,0.0,-3.2150485515594482
0.8279612064361572,0.0,20.889,0.0,-3.2074313163757324
0.8661484718322754,0.0,20.947,0.0,-3.1955177783966064
0.8909127712249756,0.0,20.906,0.0,-3.1918721199035645
0.9223930835723877,0.0,20.906,0.0,-3.1865286827087402
0.9530923366546631,0.0,20.895,0.0,-3.181668758392334
0.9871323108673096,0.0,20.885,0.0,-3.172010660171509
1.0236835479736328,0.0,20.888,0.0,-3.1681606769561768
1.0534462928771973,0.0,20.889,0.0,-3.1644551753997803
1.0806024074554443,0.0,20.881,0.0,-3.1612043380737305
1.1210899353027344,0.0,20.887,0.0,-3.1553778648376465
1.156252384185791,0.0,20.887,0.0,-3.1540303230285645
1.1932227611541748,0.0,20.902,0.0,-3.1503539085388184
1.2257022857666016,0.0,20.891,0.0,-3.148590087890625
1.256880283355713,0.0,20.879,0.0,-3.146852970123291
1.289076805114746,0.0,20.863,0.0,-3.142714738845825
1.3206992149353027,0.0,20.851,0.0,-3.1403069496154785
1.363285779953003,0.0,20.843,0.0,-3.1345932483673096
1.3926963806152344,0.0,20.842,0.0,-3.133373737335205
1.4245061874389648,0.0,20.859,0.0,-3.132315158843994
1.4557173252105713,0.0,20.864,0.0,-3.1321465969085693
1.487785816192627,0.0,20.899,0.0,-3.1326382160186768
1.5195629596710205,0.0,20.892,0.0,-3.1339168548583984
1.5638511180877686,0.0,20.886,0.0,-3.1347594261169434
1.592242956161499,0.0,20.846,0.0,-3.1342344284057617
1.622079849243164,0.0,20.871,0.0,-3.132735013961792
1.654097557067871,0.0,20.868,0.0,-3.1325888633728027
1.6773784160614014,0.0,20.882,0.0,-3.1323187351226807
1.7103781700134277,0.0,20.907,0.0,-3.1326699256896973
1.7412803173065186,0.0,20.882,0.0,-3.133890151977539
1.77268385887146,0.0,20.895,0.0,-3.134350299835205
1.8018791675567627,0.0,20.897,0.0,-3.134763479232788
1.8293426036834717,0.0,20.904,0.0,-3.135056734085083
1.8631503582000732,0.0,20.897,0.0,-3.1356148719787598
1.892686367034912,0.0,20.891,0.0,-3.1353871822357178
1.9263463020324707,0.0,20.881,0.0,-3.134768486022949
1.960327386856079,0.0,20.859,0.0,-3.133976697921753
1.9907913208007812,0.0,20.882,0.0,-3.1327016353607178
2.0169527530670166,0.0,20.878,0.0,-3.132681131362915
2.052966356277466,0.0,20.883,0.0,-3.132490873336792
2.0935146808624268,0.0,20.883,0.0,-3.1327970027923584
2.12469482421875,0.0,20.903,0.0,-3.132774829864502
2.15651273727417,0.0,20.927,0.0,-3.133591890335083
2.190232038497925,0.0,20.894,0.0,-3.13509202003479
2.219661235809326,0.0,20.866,0.0,-3.1346821784973145
2.2520737648010254,0.0,20.851,0.0,-3.1334726810455322
2.283754825592041,0.0,20.85,0.0,-3.1319005489349365
2.3345320224761963,0.0,20.883,0.0,-3.1308484077453613
2.3740694522857666,0.0,20.87,0.0,-3.131141185760498
2.405796766281128,0.0,20.859,0.0,-3.1309127807617188
2.4401347637176514,0.0,20.878,0.0,-3.1305906772613525
2.469381332397461,0.0,20.881,0.0,-3.1309638023376465
2.51446533203125,0.0,20.89,0.0,-3.132251262664795
2.543490409851074,0.0,20.884,0.0,-3.132378101348877
2.5687248706817627,0.0,20.882,0.0,-3.132389783859253
2.5943610668182373,0.0,20.899,0.0,-3.133110523223877
2.628038167953491,0.0,20.916,0.0,-3.13437819480896
2.6558220386505127,0.0,20.939,0.0,-3.135477304458618
2.6932880878448486,0.0,20.923,0.0,-3.1377665996551514
2.7335827350616455,0.0,20.92,0.0,-3.1378839015960693
2.764599561691284,0.0,20.913,0.0,-3.1382031440734863
2.805872678756714,0.0,20.925,0.0,-3.1380834579467773
2.827554941177368,0.0,20.905,0.0,-3.1384787559509277
2.871605396270752,0.0,20.902,0.0,-3.1364808082580566
2.9042091369628906,0.0,20.882,0.0,-3.1362335681915283
2.940558671951294,0.0,20.898,0.0,-3.1350648403167725
2.9672062397003174,0.0,20.91,0.0,-3.1354663372039795
3.009146213531494,0.0,20.913,0.0,-3.1357760429382324
3.042834997177124,0.0,20.919,0.0,-3.136669635772705
3.074130058288574,0.0,20.913,0.0,-3.136990785598755
3.102909564971924,0.0,20.885,0.0,-3.1370654106140137
3.129145622253418,0.0,20.894,0.0,-3.1359407901763916
3.16001558303833,0.0,20.92,0.0,-3.1354451179504395
3.19132924079895,0.0,20.908,0.0,-3.136195659637451
3.223989486694336,0.0,20.93,0.0,-3.137150764465332
3.2568914890289307,0.0,20.883,0.0,-3.136373519897461
3.287323474884033,0.0,20.865,0.0,-3.1353065967559814
3.3202569484710693,0.0,20.849,0.0,-3.1318349838256836
3.3438076972961426,0.0,20.86,0.0,-3.1308465003967285
3.375206470489502,0.0,20.868,0.0,-3.1304335594177246
3.4073729515075684,0.0,20.902,0.0,-3.1315596103668213
3.4403576850891113,0.0,20.933,0.0,-3.1342740058898926
3.4762167930603027,0.0,20.913,0.0,-3.1358602046966553
3.5073153972625732,0.0,20.902,0.0,-3.136244058609009
3.539238452911377,0.0,20.9,0.0,-3.1359338760375977
3.5679659843444824,0.0,20.899,0.0,-3.135737180709839
3.5961039066314697,0.0,20.91,0.0,-3.1355388164520264
3.62682843208313,0.0,20.893,0.0,-3.1358442306518555
3.6579136848449707,0.0,20.867,0.0,-3.1353631019592285
3.6925368309020996,0.0,20.881,0.0,-3.1333515644073486
3.72462797164917,0.0,20.904,0.0,-3.1318016052246094
3.751584768295288,0.0,20.93,0.0,-3.13271164894104
3.7918472290039062,0.0,20.933,0.0,-3.1360414028167725
3.8207077980041504,0.0,20.942,0.0,-3.1375956535339355
3.851808547973633,0.0,20.943,0.0,-3.138242721557617
3.8837215900421143,0.0,20.925,0.0,-3.1393187046051025
3.9170026779174805,0.0,20.958,0.0,-3.1407980918884277
3.948835849761963,0.0,20.957,0.0,-3.1418349742889404
3.9804553985595703,0.0,20.96,0.0,-3.1427416801452637
4.012323379516602,0.0,20.938,0.0,-3.14320969581604
4.04357385635376,0.0,20.933,0.0,-3.14231014251709
4.076341867446899,0.0,20.932,0.0,-3.141885995864868
4.109666109085083,0.0,20.918,0.0,-3.1414999961853027
4.151850938796997,0.0,20.907,0.0,-3.140944004058838
4.177427053451538,0.0,20.942,0.0,-3.1396896839141846
4.202952861785889,0.0,20.929,0.0,-3.140183448791504
4.236215829849243,0.0,20.938,0.0,-3.1400153636932373
4.267369508743286,0.0,20.918,0.0,-3.1405272483825684
4.30146336555481,0.0,20.921,0.0,-3.139805793762207
4.332915782928467,0.0,20.924,0.0,-3.1393702030181885
4.367480278015137,0.0,20.924,0.0,-3.1389946937561035
4.392869234085083,0.0,20.976,0.0,-3.14105224609375
4.426884889602661,0.0,20.966,0.0,-3.143312454223633
4.452923774719238,0.0,20.922,0.0,-3.1439576148986816
4.484356164932251,0.0,20.899,0.0,-3.1425929069519043
4.534287214279175,0.0,20.902,0.0,-3.1388535499572754
4.567409515380859,0.0,20.912,0.0,-3.13739275932312
4.608211040496826,0.0,20.921,0.0,-3.137347459793091
4.6419453620910645,0.0,20.935,0.0,-3.138122081756592
4.675844192504883,0.0,20.972,0.0,-3.140204429626465
4.705384969711304,0.0,20.98,0.0,-3.142151355743408
4.7428200244903564,0.0,20.96,0.0,-3.143632411956787
4.774662256240845,0.0,20.943,0.0,-3.1432154178619385
4.807306528091431,0.0,20.951,0.0,-3.1432158946990967
4.8475189208984375,0.0,20.897,0.0,-3.1385743618011475
4.879847288131714,0.0,20.913,0.0,-3.1373462677001953
4.913801670074463,0.0,20.963,0.0,-3.136840343475342
4.943418741226196,0.0,20.95,0.0,-3.138810396194458
4.977001905441284,0.0,20.943,0.0,-3.1397957801818848
5.007878065109253,0.0,20.911,0.0,-3.140265464782715
5.04080057144165,0.0,20.923,0.0,-3.1390278339385986
5.070272922515869,0.0,20.911,0.0,-3.1394200325012207
5.101130485534668,0.0,20.94,0.0,-3.1386332511901855
5.133079290390015,0.0,20.891,0.0,-3.139244556427002
5.164370536804199,0.0,20.9,0.0,-3.1368203163146973
5.196916103363037,0.0,20.927,0.0,-3.1373116970062256
5.2289838790893555,0.0,20.942,0.0,-3.136565923690796
5.260478258132935,0.0,20.905,0.0,-3.1377618312835693
5.291951417922974,0.0,20.908,0.0,-3.1367905139923096
5.323872327804565,0.0,20.914,0.0,-3.136779308319092
5.35616397857666,0.0,20.928,0.0,-3.1373653411865234
5.3892152309417725,0.0,20.927,0.0,-3.1376216411590576
5.420303583145142,0.0,20.909,0.0,-3.1379880905151367
5.468610763549805,0.0,20.943,0.0,-3.1376593112945557
5.509151935577393,0.0,20.905,0.0,-3.138695240020752
5.542314052581787,0.0,20.907,0.0,-3.137662410736084
5.565998792648315,0.0,20.907,0.0,-3.137186050415039
5.598182916641235,0.0,20.907,0.0,-3.135728597640991
5.630007028579712,0.0,20.893,0.0,-3.1356992721557617
5.6681859493255615,0.0,20.877,0.0,-3.133969306945801
5.69396710395813,0.0,20.891,0.0,-3.1336965560913086
5.7259557247161865,0.0,20.884,0.0,-3.1339612007141113
5.7504987716674805,0.0,20.907,0.0,-3.133422613143921
5.784336090087891,0.0,20.91,0.0,-3.133984327316284
5.816156625747681,0.0,20.909,0.0,-3.134964942932129
5.849497079849243,0.0,20.937,0.0,-3.136462688446045
5.876539707183838,0.0,20.898,0.0,-3.1367828845977783
5.918644189834595,0.0,20.886,0.0,-3.13529896736145
5.9427571296691895,0.0,20.88,0.0,-3.1343281269073486
5.975653648376465,0.0,20.896,0.0,-3.1342544555664062
6.003312110900879,0.0,20.891,0.0,-3.1339943408966064
6.037451982498169,0.0,20.887,0.0,-3.1335482597351074
6.070788621902466,0.0,20.894,0.0,-3.133401870727539
6.1004273891448975,0.0,20.899,0.0,-3.1337027549743652
6.124252796173096,0.0,20.876,0.0,-3.132976531982422
6.1589696407318115,0.0,20.901,0.0,-3.133471965789795
6.1928606033325195,0.0,20.937,0.0,-3.134882926940918
6.225842475891113,0.0,20.957,0.0,-3.136472225189209
6.250483989715576,0.0,20.946,0.0,-3.138537883758545
6.282169580459595,0.0,20.953,0.0,-3.1396634578704834
6.327774286270142,0.0,20.921,0.0,-3.141178846359253
6.358907699584961,0.0,20.952,0.0,-3.140601634979248
6.393740653991699,0.0,20.934,0.0,-3.141313076019287
6.424009084701538,0.0,20.983,0.0,-3.1418280601501465
6.45555305480957,0.0,20.975,0.0,-3.1436374187469482
6.487731695175171,0.0,20.974,0.0,-3.1446805000305176
6.520089626312256,0.0,20.955,0.0,-3.145169496536255
6.552764654159546,0.0,20.924,0.0,-3.143648624420166
6.584707021713257,0.0,20.927,0.0,-3.1420326232910156
6.61766791343689,0.0,20.947,0.0,-3.1415953636169434
6.650566339492798,0.0,20.958,0.0,-3.1422672271728516
6.68154764175415,0.0,20.944,0.0,-3.1421914100646973
6.71390175819397,0.0,20.925,0.0,-3.1420412063598633
6.74613356590271,0.0,20.935,0.0,-3.14097261428833
6.777138948440552,0.0,20.945,0.0,-3.140791177749634
6.809428453445435,0.0,20.928,0.0,-3.1410698890686035
6.835135459899902,0.0,20.961,0.0,-3.1405701637268066
6.871789932250977,0.0,20.966,0.0,-3.143095016479492
6.910272121429443,0.0,20.973,0.0,-3.143723249435425
6.952279329299927,0.0,20.919,0.0,-3.144320487976074
6.98786735534668,0.0,20.948,0.0,-3.14266300201416
7.025732755661011,0.0,20.927,0.0,-3.142279863357544
7.057497024536133,0.0,20.946,0.0,-3.141406297683716
7.083538055419922,0.0,20.932,0.0,-3.1415281295776367
7.118722915649414,0.0,20.91,0.0,-3.1397316455841064
7.1525702476501465,0.0,20.931,0.0,-3.1397783756256104
7.193896770477295,0.0,20.911,0.0,-3.138723850250244
7.2256128787994385,0.0,20.916,0.0,-3.1382226943969727
7.257181167602539,0.0,20.915,0.0,-3.137803554534912
7.295118570327759,0.0,20.915,0.0,-3.137260675430298
7.321641206741333,0.0,20.891,0.0,-3.136086940765381
7.360092639923096,0.0,20.869,0.0,-3.1342272758483887
7.391383647918701,0.0,20.924,0.0,-3.132849931716919
7.423898696899414,0.0,20.952,0.0,-3.136295795440674
7.455125570297241,0.0,20.956,0.0,-3.138162136077881
7.487720012664795,0.0,20.914,0.0,-3.137343406677246
7.526757717132568,0.0,20.924,0.0,-3.136734962463379
7.557707786560059,0.0,20.922,0.0,-3.1371779441833496
7.579150676727295,0.0,20.91,0.0,-3.137441396713257
7.6097211837768555,0.0,20.916,0.0,-3.1371443271636963
7.650893926620483,0.0,20.915,0.0,-3.137024164199829
7.6842217445373535,0.0,20.936,0.0,-3.1370410919189453
7.710031509399414,0.0,20.93,0.0,-3.137939214706421
7.736636161804199,0.0,20.907,0.0,-3.138383388519287
7.773563861846924,0.0,20.891,0.0,-3.136268377304077
7.805073022842407,0.0,20.882,0.0,-3.1354544162750244
7.837565898895264,0.0,20.873,0.0,-3.1344542503356934
7.869119882583618,0.0,20.9,0.0,-3.133578300476074
7.900637149810791,0.0,20.93,0.0,-3.1350574493408203
7.933009386062622,0.0,20.938,0.0,-3.1363792419433594
7.969624757766724,0.0,20.908,0.0,-3.1372363567352295
7.997604608535767,0.0,20.878,0.0,-3.1357126235961914
8.029969215393066,0.0,20.869,0.0,-3.134157419204712
8.06268572807312,0.0,20.891,0.0,-3.133591413497925
8.094197750091553,0.0,20.901,0.0,-3.1333656311035156
8.125885009765625,0.0,20.905,0.0,-3.1337249279022217
8.15861177444458,0.0,20.907,0.0,-3.1341800689697266
8.19483995437622,0.0,20.927,0.0,-3.135810613632202
8.223027229309082,0.0,20.913,0.0,-3.135512590408325
8.255817651748657,0.0,20.916,0.0,-3.135911703109741
8.287758827209473,0.0,20.909,0.0,-3.136345624923706
8.319872379302979,0.0,20.941,0.0,-3.1377573013305664
8.34564208984375,0.0,20.94,0.0,-3.138770818710327
8.378618717193604,0.0,20.944,0.0,-3.1397130489349365
8.41139554977417,0.0,20.922,0.0,-3.139925241470337
8.451218843460083,0.0,20.923,0.0,-3.1394762992858887
8.483160257339478,0.0,20.941,0.0,-3.1394948959350586
8.51559567451477,0.0,20.964,0.0,-3.140087127685547
8.5466148853302,0.0,20.959,0.0,-3.1423707008361816
8.578317880630493,0.0,20.957,0.0,-3.1429426670074463
8.610778331756592,0.0,20.949,0.0,-3.1430306434631348
8.644988775253296,0.0,20.961,0.0,-3.144317865371704
8.675720691680908,0.0,20.972,0.0,-3.144540548324585
8.706596374511719,0.0,20.956,0.0,-3.1451549530029297
8.739477396011353,0.0,20.92,0.0,-3.1449384689331055
8.771366119384766,0.0,20.884,0.0,-3.1414923667907715
8.803714513778687,0.0,20.901,0.0,-3.139042377471924
8.834335327148438,0.0,20.937,0.0,-3.1378636360168457
8.865826606750488,0.0,20.958,0.0,-3.138472080230713
8.897584199905396,0.0,20.991,0.0,-3.1422770023345947
8.93013334274292,0.0,21.005,0.0,-3.1452555656433105
8.959904193878174,0.0,21.012,0.0,-3.1470422744750977
8.999511003494263,0.0,20.996,0.0,-3.149278163909912
9.031089544296265,0.0,20.979,0.0,-3.149447202682495
9.072645664215088,0.0,20.968,0.0,-3.148322820663452
9.098666906356812,0.0,20.989,0.0,-3.1485915184020996
9.131362438201904,0.0,20.948,0.0,-3.1470580101013184
9.163017272949219,0.0,20.949,0.0,-3.146150588989258
9.195030450820923,0.0,20.908,0.0,-3.1427149772644043
9.226360559463501,0.0,20.933,0.0,-3.141854763031006
9.258494853973389,0.0,20.921,0.0,-3.140693187713623
9.288839101791382,0.0,20.937,0.0,-3.139806032180786
9.32163953781128,0.0,20.919,0.0,-3.1402411460876465
9.353104591369629,0.0,20.921,0.0,-3.1394147872924805
9.385141134262085,0.0,20.906,0.0,-3.1388723850250244
9.420296907424927,0.0,20.9,0.0,-3.1368014812469482
9.448866844177246,0.0,20.914,0.0,-3.1363134384155273
9.47573208808899,0.0,20.897,0.0,-3.1362509727478027
9.509823560714722,0.0,20.91,0.0,-3.1355092525482178
9.540409326553345,0.0,20.884,0.0,-3.1355018615722656
9.572837114334106,0.0,20.876,0.0,-3.1332764625549316
9.605376958847046,0.0,20.886,0.0,-3.1332099437713623
9.63649582862854,0.0,20.919,0.0,-3.1328048706054688
9.668686389923096,0.0,20.924,0.0,-3.1339011192321777
9.700925588607788,0.0,20.947,0.0,-3.136794090270996
9.732440948486328,0.0,20.933,0.0,-3.1375341415405273
9.772578239440918,0.0,20.939,0.0,-3.1389548778533936
9.805938959121704,0.0,20.908,0.0,-3.138239622116089
9.830789566040039,0.0,20.908,0.0,-3.137683868408203
9.861475706100464,0.0,20.935,0.0,-3.136876106262207
9.89339566230774,0.0,20.944,0.0,-3.137765884399414
9.926318883895874,0.0,20.949,0.0,-3.13986873626709
9.958423376083374,0.0,20.942,0.0,-3.1406631469726562
9.99094843864441,0.0,20.945,0.0,-3.140974998474121
10.022701263427734,0.0,20.967,0.0,-3.1430249214172363
10.05611538887024,0.0,20.967,0.0,-3.1438164710998535
10.088003873825073,0.0,20.941,0.0,-3.144411087036133
10.119818687438965,0.0,20.905,0.0,-3.1417274475097656
10.151873111724854,0.0,20.906,0.0,-3.1401443481445312
10.184678554534912,0.0,20.896,0.0,-3.138958692550659
10.215819597244263,0.0,20.918,0.0,-3.1376237869262695
10.248382329940796,0.0,20.89,0.0,-3.136276960372925
10.280462980270386,0.0,20.918,0.0,-3.135366678237915
10.311450242996216,0.0,20.883,0.0,-3.1358110904693604
10.344506978988647,0.0,20.909,0.0,-3.1346988677978516
10.37695026397705,0.0,20.897,0.0,-3.134646415710449
10.408406496047974,0.0,20.897,0.0,-3.133589267730713
10.439875364303589,0.0,20.901,0.0,-3.133627414703369
10.473125219345093,0.0,20.908,0.0,-3.134315252304077
10.51137924194336,0.0,20.909,0.0,-3.1347362995147705
10.546063661575317,0.0,20.891,0.0,-3.1337082386016846
10.573948860168457,0.0,20.914,0.0,-3.134507656097412
10.606704950332642,0.0,20.915,0.0,-3.1351351737976074
10.63784146308899,0.0,20.934,0.0,-3.1356680393218994
10.669721364974976,0.0,20.892,0.0,-3.1371474266052246
10.7017982006073,0.0,20.873,0.0,-3.136258125305176
10.734226942062378,0.0,20.879,0.0,-3.1347708702087402
10.766092538833618,0.0,20.88,0.0,-3.133875608444214
10.798831939697266,0.0,20.916,0.0,-3.1331229209899902
10.829886198043823,0.0,20.901,0.0,-3.1341822147369385
10.86190414428711,0.0,20.916,0.0,-3.1343796253204346
10.895018339157104,0.0,20.919,0.0,-3.1359047889709473
10.926360607147217,0.0,20.895,0.0,-3.1354668140411377
10.958929777145386,0.0,20.911,0.0,-3.1363871097564697
10.990334033966064,0.0,20.909,0.0,-3.1365091800689697
11.022061586380005,0.0,20.934,0.0,-3.1375675201416016
11.05310606956482,0.0,20.922,0.0,-3.137871265411377
11.089901208877563,0.0,20.915,0.0,-3.1380984783172607
11.117377996444702,0.0,20.897,0.0,-3.137972116470337
11.147257804870605,0.0,20.918,0.0,-3.1373214721679688
11.173148393630981,0.0,20.929,0.0,-3.1379425525665283
11.204678535461426,0.0,20.973,0.0,-3.140265464782715
11.234456539154053,0.0,20.958,0.0,-3.1414217948913574
11.275709629058838,0.0,20.94,0.0,-3.142042398452759
11.306681394577026,0.0,20.912,0.0,-3.1419873237609863
11.339412212371826,0.0,20.917,0.0,-3.140752077102661
11.37205696105957,0.0,20.919,0.0,-3.139650821685791
11.4034423828125,0.0,20.938,0.0,-3.139211893081665
11.433656692504883,0.0,20.929,0.0,-3.1396665573120117
11.46652340888977,0.0,20.944,0.0,-3.139636754989624
11.499269962310791,0.0,20.949,0.0,-3.1409525871276855
11.547777891159058,0.0,20.959,0.0,-3.142254590988159
11.579648494720459,0.0,20.949,0.0,-3.1422743797302246
11.617466926574707,0.0,20.966,0.0,-3.1424460411071777
11.648995876312256,0.0,20.977,0.0,-3.1443774700164795
11.680383682250977,0.0,20.983,0.0,-3.1450419425964355
11.712488889694214,0.0,20.974,0.0,-3.145958662033081
11.74495267868042,0.0,20.942,0.0,-3.146270513534546
11.77679967880249,0.0,20.947,0.0,-3.144472122192383
11.807860612869263,0.0,20.917,0.0,-3.1426780223846436
11.839474439620972,0.0,20.928,0.0,-3.1412415504455566
11.873433351516724,0.0,20.948,0.0,-3.1410088539123535
11.897533416748047,0.0,20.954,0.0,-3.141554117202759
11.925983190536499,0.0,20.937,0.0,-3.141263961791992
11.955556392669678,0.0,20.921,0.0,-3.141040563583374
11.993313312530518,0.0,20.938,0.0,-3.140197992324829
12.025703430175781,0.0,20.955,0.0,-3.139899730682373
12.058257102966309,0.0,20.952,0.0,-3.1407601833343506
12.08906888961792,0.0,20.946,0.0,-3.141303777694702
12.12296748161316,0.0,20.941,0.0,-3.140805721282959
12.153313636779785,0.0,20.946,0.0,-3.1408777236938477
12.186631441116333,0.0,20.975,0.0,-3.1411452293395996
12.21618366241455,0.0,20.987,0.0,-3.142570972442627
12.247576475143433,0.0,20.967,0.0,-3.1445674896240234
12.279552459716797,0.0,20.927,0.0,-3.1442296504974365
12.296013832092285,0.0,20.927,0.0,-3.1429078578948975
12.328598499298096,0.0,20.963,0.0,-3.1422150135040283
12.359576940536499,0.0,20.983,0.0,-3.142852783203125
12.39159369468689,0.0,20.966,0.0,-3.14418363571167
12.424632549285889,0.0,20.966,0.0,-3.1447248458862305
12.455361604690552,0.0,20.944,0.0,-3.1439709663391113
12.487439393997192,0.0,20.948,0.0,-3.1428768634796143
12.520026922225952,0.0,20.925,0.0,-3.1415963172912598
12.551995515823364,0.0,20.959,0.0,-3.1421728134155273
12.582534551620483,0.0,20.967,0.0,-3.1429574489593506
12.622410297393799,0.0,20.978,0.0,-3.145369529724121
12.656034708023071,0.0,20.967,0.0,-3.145879030227661
12.68857192993164,0.0,20.981,0.0,-3.1458003520965576
12.720535039901733,0.0,20.973,0.0,-3.1457390785217285
12.752379655838013,0.0,20.973,0.0,-3.1459124088287354
12.78447413444519,0.0,20.965,0.0,-3.146038055419922
12.816710233688354,0.0,20.965,0.0,-3.1457908153533936
12.849025011062622,0.0,20.945,0.0,-3.144592046737671
12.88040542602539,0.0,20.929,0.0,-3.143899440765381
12.91207480430603,0.0,20.944,0.0,-3.1426076889038086
12.944262504577637,0.0,20.94,0.0,-3.142242431640625
12.976375579833984,0.0,20.926,0.0,-3.1408753395080566
13.007704973220825,0.0,20.954,0.0,-3.1410529613494873
13.039873123168945,0.0,20.96,0.0,-3.1414947509765625
13.07277512550354,0.0,20.999,0.0,-3.1442060470581055
13.104093790054321,0.0,21.002,0.0,-3.145963668823242
13.13628101348877,0.0,21.019,0.0,-3.1473581790924072
13.168155670166016,0.0,20.991,0.0,-3.1490960121154785
13.208369970321655,0.0,20.981,0.0,-3.14892315864563
13.240727663040161,0.0,20.993,0.0,-3.148444890975952
13.274311065673828,0.0,20.975,0.0,-3.1482579708099365
13.304946422576904,0.0,20.976,0.0,-3.147888660430908
13.328636884689331,0.0,20.964,0.0,-3.1475930213928223
13.360845804214478,0.0,20.961,0.0,-3.1468522548675537
13.393453121185303,0.0,21.014,0.0,-3.1461477279663086
13.425334930419922,0.0,20.983,0.0,-3.149078607559204
13.457284212112427,0.0,20.981,0.0,-3.148777723312378
13.489187002182007,0.0,20.925,0.0,-3.1484503746032715
13.523967504501343,0.0,20.924,0.0,-3.1437716484069824
13.552484273910522,0.0,20.962,0.0,-3.1433987617492676
13.584513425827026,0.0,20.97,0.0,-3.1434993743896484
13.618870973587036,0.0,20.973,0.0,-3.143923759460449
13.648219108581543,0.0,20.968,0.0,-3.1445415019989014
13.68019986152649,0.0,20.976,0.0,-3.1442461013793945
13.709968566894531,0.0,20.976,0.0,-3.144778251647949
13.737905025482178,0.0,21.003,0.0,-3.1451938152313232
13.773397445678711,0.0,20.995,0.0,-3.147439956665039
13.802353620529175,0.0,20.989,0.0,-3.147792339324951
13.835285186767578,0.0,20.968,0.0,-3.1471755504608154
13.865912437438965,0.0,20.956,0.0,-3.14601993560791
13.897786140441895,0.0,20.979,0.0,-3.1456949710845947
13.930078029632568,0.0,20.949,0.0,-3.1447489261627197
13.961475133895874,0.0,20.972,0.0,-3.1440200805664062
13.992940425872803,0.0,20.974,0.0,-3.144427537918091
14.023021459579468,0.0,20.95,0.0,-3.14414119720459
14.061565399169922,0.0,20.946,0.0,-3.144618511199951
14.093102216720581,0.0,20.946,0.0,-3.1438159942626953
14.125481605529785,0.0,20.923,0.0,-3.143317937850952
14.158811330795288,0.0,20.918,0.0,-3.1418628692626953
14.189298629760742,0.0,20.917,0.0,-3.1405370235443115
14.224500179290771,0.0,20.9,0.0,-3.137972593307495
14.249661922454834,0.0,20.914,0.0,-3.1374130249023438
14.291945934295654,0.0,20.896,0.0,-3.13687801361084
14.323616027832031,0.0,20.908,0.0,-3.135599136352539
14.355445623397827,0.0,20.925,0.0,-3.136138439178467
14.388139963150024,0.0,20.968,0.0,-3.1372509002685547
14.419301986694336,0.0,20.993,0.0,-3.13926362991333
14.45199990272522,0.0,20.996,0.0,-3.144033670425415
14.499163150787354,0.0,20.964,0.0,-3.1452250480651855
14.531733989715576,0.0,20.969,0.0,-3.1454501152038574
14.563849210739136,0.0,20.998,0.0,-3.1468276977539062
14.597020149230957,0.0,21.022,0.0,-3.1499290466308594
14.62768840789795,0.0,21.034,0.0,-3.1512398719787598
14.660024881362915,0.0,21.007,0.0,-3.152729034423828
14.691387414932251,0.0,20.968,0.0,-3.152714490890503
14.73148226737976,0.0,20.961,0.0,-3.1497902870178223
14.759394645690918,0.0,20.968,0.0,-3.1484315395355225
14.789266586303711,0.0,20.97,0.0,-3.1476614475250244
14.81444525718689,0.0,20.968,0.0,-3.147141695022583
14.84590744972229,0.0,20.92,0.0,-3.146650791168213
14.878572702407837,0.0,20.919,0.0,-3.1423587799072266
14.909958600997925,0.0,20.93,0.0,-3.141451120376587
14.94236707687378,0.0,20.967,0.0,-3.1406805515289307
14.974831581115723,0.0,20.988,0.0,-3.143307685852051
15.007441759109497,0.0,20.992,0.0,-3.1447629928588867
15.039626359939575,0.0,21.009,0.0,-3.1466054916381836
15.075831651687622,0.0,21.019,0.0,-3.1496663093566895
15.104358911514282,0.0,20.998,0.0,-3.1499075889587402
15.136691331863403,0.0,20.992,0.0,-3.1500771045684814
15.169013261795044,0.0,20.988,0.0,-3.149939775466919
15.201401710510254,0.0,21.002,0.0,-3.1490345001220703
15.233450651168823,0.0,20.962,0.0,-3.1495134830474854
15.26467251777649,0.0,20.963,0.0,-3.1481943130493164
15.297155618667603,0.0,20.944,0.0,-3.1456453800201416
15.338536977767944,0.0,20.975,0.0,-3.1438093185424805
15.37553882598877,0.0,20.965,0.0,-3.1443238258361816
15.402496576309204,0.0,20.965,0.0,-3.1443276405334473
15.44420337677002,0.0,20.941,0.0,-3.144716739654541
15.4759681224823,0.0,20.932,0.0,-3.142434597015381
15.514079332351685,0.0,20.931,0.0,-3.1420609951019287
15.546206712722778,0.0,20.937,0.0,-3.141197681427002
15.578727006912231,0.0,20.955,0.0,-3.1412599086761475
15.61128544807434,0.0,20.965,0.0,-3.14205265045166
15.641805648803711,0.0,20.948,0.0,-3.142425537109375
15.673930644989014,0.0,20.937,0.0,-3.14167857170105
15.705854177474976,0.0,20.939,0.0,-3.1413209438323975
15.737783908843994,0.0,20.942,0.0,-3.141054153442383
15.76987910270691,0.0,20.954,0.0,-3.140983819961548
15.802661180496216,0.0,20.959,0.0,-3.140967607498169
15.8353431224823,0.0,20.951,0.0,-3.1416573524475098
15.874772787094116,0.0,20.927,0.0,-3.141016960144043
15.907698631286621,0.0,20.949,0.0,-3.1417970657348633
15.939051628112793,0.0,20.938,0.0,-3.141901969909668
15.97095274925232,0.0,20.954,0.0,-3.14152455329895
16.00377655029297,0.0,20.883,0.0,-3.1392273902893066
16.035715341567993,0.0,20.9,0.0,-3.137665271759033
16.06716299057007,0.0,20.911,0.0,-3.1366825103759766
16.100821018218994,0.0,20.958,0.0,-3.13818097114563
16.13241219520569,0.0,20.956,0.0,-3.1394872665405273
16.163060665130615,0.0,20.964,0.0,-3.1408419609069824
16.188207626342773,0.0,20.965,0.0,-3.141934633255005
16.227904796600342,0.0,20.968,0.0,-3.143874168395996
16.259880304336548,0.0,20.981,0.0,-3.1449337005615234
16.290982723236084,0.0,20.956,0.0,-3.144690990447998
16.32512354850769,0.0,20.957,0.0,-3.1443240642547607
16.357041120529175,0.0,20.937,0.0,-3.144227981567383
16.376681566238403,0.0,20.976,0.0,-3.1433053016662598
16.40751576423645,0.0,20.973,0.0,-3.144223928451538
16.440062046051025,0.0,20.968,0.0,-3.1448025703430176
16.47715187072754,0.0,20.992,0.0,-3.146209239959717
16.504292488098145,0.0,20.971,0.0,-3.1460163593292236
16.536498546600342,0.0,20.955,0.0,-3.1460647583007812
16.568954706192017,0.0,20.944,0.0,-3.1454195976257324
16.599815368652344,0.0,20.928,0.0,-3.1430227756500244
16.633315801620483,0.0,20.926,0.0,-3.1422548294067383
16.664490222930908,0.0,20.952,0.0,-3.141244888305664
16.696444272994995,0.0,20.98,0.0,-3.1415627002716064
16.728715419769287,0.0,20.975,0.0,-3.1438913345336914
16.76039147377014,0.0,20.986,0.0,-3.145048141479492
16.790735721588135,0.0,20.98,0.0,-3.1455602645874023
16.817871570587158,0.0,20.999,0.0,-3.1460747718811035
16.845496892929077,0.0,21.003,0.0,-3.147261142730713
16.876996994018555,0.0,20.979,0.0,-3.1481435298919678
16.9153254032135,0.0,20.979,0.0,-3.147979497909546
16.952709436416626,0.0,20.968,0.0,-3.1477177143096924
16.980061531066895,0.0,20.978,0.0,-3.147151231765747
17.01176881790161,0.0,20.976,0.0,-3.1471242904663086
17.044057369232178,0.0,20.971,0.0,-3.14701247215271
17.076387643814087,0.0,20.992,0.0,-3.147352695465088
17.108006477355957,0.0,20.952,0.0,-3.146374225616455
17.126179218292236,0.0,20.952,0.0,-3.1454033851623535
17.156490802764893,0.0,20.924,0.0,-3.143686532974243
17.189077854156494,0.0,20.943,0.0,-3.142153739929199
17.22091031074524,0.0,20.933,0.0,-3.1417770385742188
17.252708911895752,0.0,20.941,0.0,-3.14089035987854
17.285282611846924,0.0,20.961,0.0,-3.140801191329956
17.317240476608276,0.0,20.975,0.0,-3.141544818878174
17.349990844726562,0.0,20.986,0.0,-3.144098997116089
17.38944101333618,0.0,21.015,0.0,-3.146385908126831
17.407270908355713,0.0,20.959,0.0,-3.1457977294921875
17.43993878364563,0.0,20.959,0.0,-3.1453351974487305
17.476591110229492,0.0,20.981,0.0,-3.1463255882263184
17.504645586013794,0.0,20.985,0.0,-3.1468188762664795
17.533952474594116,0.0,20.949,0.0,-3.1471927165985107
17.56848692893982,0.0,20.955,0.0,-3.145961284637451
17.609986305236816,0.0,20.942,0.0,-3.144285202026367
17.64223003387451,0.0,20.94,0.0,-3.1434106826782227
17.676701545715332,0.0,20.95,0.0,-3.1424975395202637
17.704668760299683,0.0,20.957,0.0,-3.1428463459014893
17.73645043373108,0.0,20.972,0.0,-3.1429555416107178
17.768035173416138,0.0,20.964,0.0,-3.1436760425567627
17.80099320411682,0.0,20.965,0.0,-3.1441197395324707
17.830827474594116,0.0,20.958,0.0,-3.1439952850341797
17.862199544906616,0.0,20.976,0.0,-3.143605947494507
17.8939368724823,0.0,20.957,0.0,-3.1443564891815186
17.927278518676758,0.0,20.955,0.0,-3.143887996673584
17.9596004486084,0.0,20.943,0.0,-3.1431899070739746
17.985562324523926,0.0,20.908,0.0,-3.1411826610565186
18.026443004608154,0.0,20.983,0.0,-3.143453598022461
18.054274559020996,0.0,20.993,0.0,-3.14497709274292
18.09378170967102,0.0,20.999,0.0,-3.146153450012207
18.127051830291748,0.0,21.023,0.0,-3.148904323577881
18.158350467681885,0.0,21.024,0.0,-3.1504175662994385
18.19041657447815,0.0,21.023,0.0,-3.1516096591949463
18.223209142684937,0.0,20.977,0.0,-3.1524658203125
18.253188848495483,0.0,20.948,0.0,-3.1489267349243164
18.29121971130371,0.0,20.974,0.0,-3.1481428146362305
18.333279132843018,0.0,20.996,0.0,-3.148196220397949
18.36410617828369,0.0,20.978,0.0,-3.149240016937256
18.396430492401123,0.0,20.959,0.0,-3.148653745651245
18.428563356399536,0.0,20.984,0.0,-3.147467613220215
18.46039915084839,0.0,20.972,0.0,-3.1470186710357666
18.49229645729065,0.0,20.974,0.0,-3.1466710567474365
18.528996467590332,0.0,20.968,0.0,-3.1460952758789062
18.55877447128296,0.0,21.019,0.0,-3.147937059402466
18.578259468078613,0.0,20.999,0.0,-3.1485214233398438
18.627495527267456,0.0,20.977,0.0,-3.148972749710083
18.67546248435974,0.0,20.984,0.0,-3.148380994796753
18.714314937591553,0.0,20.983,0.0,-3.14811110496521
18.73517680168152,0.0,20.986,0.0,-3.1479556560516357
18.779163360595703,0.0,20.941,0.0,-3.146071434020996
18.806188583374023,0.0,20.961,0.0,-3.145705461502075
18.84443235397339,0.0,20.958,0.0,-3.145176887512207
18.87720775604248,0.0,20.978,0.0,-3.1450915336608887
18.908079862594604,0.0,20.974,0.0,-3.145273447036743
18.93844246864319,0.0,20.989,0.0,-3.1455471515655518
18.970686674118042,0.0,21.01,0.0,-3.146268367767334
18.99832820892334,0.0,21.017,0.0,-3.1477112770080566
19.0392324924469,0.0,21.013,0.0,-3.1500344276428223
19.07144331932068,0.0,20.978,0.0,-3.149975538253784
19.105300426483154,0.0,20.953,0.0,-3.1475493907928467
19.136934995651245,0.0,20.929,0.0,-3.1452577114105225
19.167413234710693,0.0,20.916,0.0,-3.142943859100342
19.19866156578064,0.0,20.935,0.0,-3.141166925430298
19.231335401535034,0.0,20.956,0.0,-3.1399104595184326
19.263509511947632,0.0,20.949,0.0,-3.1405673027038574
19.294739723205566,0.0,20.956,0.0,-3.1408028602600098
19.328405618667603,0.0,20.94,0.0,-3.142157793045044
19.359331130981445,0.0,20.94,0.0,-3.1417012214660645
19.391343355178833,0.0,20.918,0.0,-3.1413583755493164
19.424189567565918,0.0,20.913,0.0,-3.140180826187134
19.45569920539856,0.0,20.93,0.0,-3.1389474868774414
19.488219261169434,0.0,20.947,0.0,-3.139119863510132
19.519861459732056,0.0,20.959,0.0,-3.1397316455841064
19.554224967956543,0.0,20.977,0.0,-3.142253875732422
19.585631847381592,0.0,20.98,0.0,-3.143568754196167
19.61718201637268,0.0,20.955,0.0,-3.143240213394165
19.649199962615967,0.0,20.923,0.0,-3.1432766914367676
19.68163800239563,0.0,20.926,0.0,-3.1410651206970215
19.721414804458618,0.0,20.923,0.0,-3.140882730484009
19.755391597747803,0.0,20.931,0.0,-3.139533758163452
19.794791221618652,0.0,20.941,0.0,-3.139427423477173
19.826873302459717,0.0,20.962,0.0,-3.1397175788879395
19.859734058380127,0.0,20.947,0.0,-3.1408984661102295
19.891570568084717,0.0,20.932,0.0,-3.1411869525909424
19.92379856109619,0.0,20.96,0.0,-3.140781879425049
19.95627737045288,0.0,20.964,0.0,-3.1415181159973145
19.988474130630493,0.0,20.963,0.0,-3.1423845291137695
20.020479440689087,0.0,20.914,0.0,-3.1430106163024902
20.052290439605713,0.0,20.904,0.0,-3.1397905349731445
20.093109607696533,0.0,20.868,0.0,-3.1375582218170166
20.126084089279175,0.0,20.911,0.0,-3.1353726387023926
20.156545877456665,0.0,20.905,0.0,-3.1352007389068604
20.188872814178467,0.0,20.946,0.0,-3.136221408843994
20.22074007987976,0.0,20.944,0.0,-3.137615919113159
20.253302335739136,0.0,20.976,0.0,-3.140749454498291
20.285378456115723,0.0,20.934,0.0,-3.1406304836273193
20.317481994628906,0.0,20.924,0.0,-3.1401140689849854
20.34872317314148,0.0,20.9,0.0,-3.1391661167144775
20.381459712982178,0.0,20.937,0.0,-3.1386048793792725
20.413066625595093,0.0,20.945,0.0,-3.1394362449645996
20.44650650024414,0.0,20.933,0.0,-3.1395771503448486
20.470322370529175,0.0,20.933,0.0,-3.139686107635498
20.51175880432129,0.0,20.913,0.0,-3.138993978500366
20.54334807395935,0.0,20.918,0.0,-3.138394355773926
20.574474811553955,0.0,20.89,0.0,-3.13814377784729
20.60581636428833,0.0,20.902,0.0,-3.1362338066101074
20.630280017852783,0.0,20.912,0.0,-3.1362431049346924
20.657233715057373,0.0,20.956,0.0,-3.1365966796875
20.6898512840271,0.0,20.946,0.0,-3.1383910179138184
20.721521377563477,0.0,20.939,0.0,-3.1393632888793945
20.75491213798523,0.0,20.95,0.0,-3.140631675720215
20.7856285572052,0.0,20.948,0.0,-3.141169309616089
20.817842721939087,0.0,20.972,0.0,-3.1422908306121826
20.849908590316772,0.0,20.954,0.0,-3.143441677093506
20.882542610168457,0.0,20.959,0.0,-3.143848419189453
20.914698362350464,0.0,20.976,0.0,-3.1447689533233643
20.94654417037964,0.0,20.983,0.0,-3.1453802585601807
20.97885489463806,0.0,20.987,0.0,-3.147005081176758
21.009845972061157,0.0,20.984,0.0,-3.147470474243164
21.041210174560547,0.0,20.967,0.0,-3.147094249725342
21.07231068611145,0.0,20.939,0.0,-3.145608425140381
21.105403184890747,0.0,20.926,0.0,-3.1427769660949707
21.137605905532837,0.0,20.926,0.0,-3.1416945457458496
21.170428037643433,0.0,20.926,0.0,-3.140859365463257
21.20918035507202,0.0,20.926,0.0,-3.1397311687469482
21.242594957351685,0.0,20.913,0.0,-3.13881778717041
21.282277584075928,0.0,20.931,0.0,-3.1383543014526367
21.314788579940796,0.0,20.943,0.0,-3.1390511989593506
21.3469660282135,0.0,20.916,0.0,-3.1396007537841797
21.379467248916626,0.0,20.92,0.0,-3.138533115386963
21.4112069606781,0.0,20.928,0.0,-3.138258695602417
21.442241668701172,0.0,20.946,0.0,-3.1383917331695557
21.474687576293945,0.0,20.946,0.0,-3.1392595767974854
21.506539821624756,0.0,20.943,0.0,-3.1398766040802
21.538724660873413,0.0,20.926,0.0,-3.1402933597564697
21.571545839309692,0.0,20.932,0.0,-3.1399025917053223
21.604456901550293,0.0,20.944,0.0,-3.1403205394744873
21.636629104614258,0.0,20.947,0.0,-3.1398847103118896
21.661288261413574,0.0,20.921,0.0,-3.140472173690796
21.68801736831665,0.0,20.917,0.0,-3.1398346424102783
21.719131469726562,0.0,20.921,0.0,-3.139173984527588
21.751275300979614,0.0,20.914,0.0,-3.13883376121521
21.78346300125122,0.0,20.927,0.0,-3.1384060382843018
21.815205097198486,0.0,20.94,0.0,-3.139054536819458
21.856567859649658,0.0,20.931,0.0,-3.1398022174835205
21.88786482810974,0.0,20.932,0.0,-3.139803647994995
21.911245346069336,0.0,20.908,0.0,-3.138796806335449
21.942203760147095,0.0,20.943,0.0,-3.1380200386047363
21.97451376914978,0.0,20.958,0.0,-3.1388938426971436
22.0094792842865,0.0,20.973,0.0,-3.1419732570648193
22.038495540618896,0.0,20.933,0.0,-3.14320969581604
22.071251153945923,0.0,20.916,0.0,-3.1424753665924072
22.101833820343018,0.0,20.913,0.0,-3.1411824226379395
22.13565444946289,0.0,20.931,0.0,-3.138542413711548
22.166414976119995,0.0,20.943,0.0,-3.138766050338745
22.194112062454224,0.0,20.938,0.0,-3.139448642730713
22.21946120262146,0.0,20.958,0.0,-3.139770269393921
22.256999015808105,0.0,20.96,0.0,-3.1417860984802246
22.284629344940186,0.0,20.927,0.0,-3.141111135482788
22.3164541721344,0.0,20.927,0.0,-3.1409196853637695
22.34818720817566,0.0,20.935,0.0,-3.140432834625244
22.380481243133545,0.0,20.946,0.0,-3.1408190727233887
22.411820650100708,0.0,20.968,0.0,-3.142073154449463
22.443374395370483,0.0,20.957,0.0,-3.1425766944885254
22.474716901779175,0.0,20.948,0.0,-3.14308500289917
22.508779287338257,0.0,20.967,0.0,-3.143252372741699
22.53039312362671,0.0,20.956,0.0,-3.1438732147216797
22.577245235443115,0.0,20.969,0.0,-3.1438817977905273
22.60564637184143,0.0,20.959,0.0,-3.144413709640503
22.66151762008667,0.0,20.942,0.0,-3.144373893737793
22.693536281585693,0.0,20.95,0.0,-3.1436305046081543
22.731415033340454,0.0,20.958,0.0,-3.1435256004333496
22.783283472061157,0.0,20.963,0.0,-3.1438207626342773
22.814995527267456,0.0,20.939,0.0,-3.1439766883850098
22.84760546684265,0.0,20.949,0.0,-3.1431684494018555
22.878568172454834,0.0,20.944,0.0,-3.142587900161743
22.90967607498169,0.0,20.938,0.0,-3.1420483589172363
22.940717697143555,0.0,20.947,0.0,-3.1420109272003174
22.97303342819214,0.0,20.968,0.0,-3.1426985263824463
23.005931615829468,0.0,20.983,0.0,-3.1445705890655518
23.037607192993164,0.0,20.98,0.0,-3.1453452110290527
23.070842742919922,0.0,21.009,0.0,-3.147153854370117
23.101750135421753,0.0,21.011,0.0,-3.1485400199890137
23.135953664779663,0.0,21.03,0.0,-3.1501805782318115
23.165501832962036,0.0,21.025,0.0,-3.151702404022217
23.197959661483765,0.0,21.042,0.0,-3.152644157409668
23.230276584625244,0.0,21.033,0.0,-3.1547434329986572
23.26158857345581,0.0,21.006,0.0,-3.1548209190368652
23.295154333114624,0.0,20.973,0.0,-3.1541354656219482
23.336832523345947,0.0,20.961,0.0,-3.150162696838379
23.376890659332275,0.0,20.954,0.0,-3.1484975814819336
23.409599781036377,0.0,20.968,0.0,-3.1464250087738037
23.44196653366089,0.0,20.961,0.0,-3.145695447921753
23.473774433135986,0.0,20.971,0.0,-3.145475149154663
23.506894826889038,0.0,20.967,0.0,-3.145179271697998
23.538163423538208,0.0,20.963,0.0,-3.1448514461517334
23.570277214050293,0.0,20.961,0.0,-3.1445236206054688
23.60223937034607,0.0,21.001,0.0,-3.1444060802459717
23.635735273361206,0.0,20.965,0.0,-3.1458263397216797
23.66690993309021,0.0,20.963,0.0,-3.145481586456299
23.698622226715088,0.0,20.95,0.0,-3.145134687423706
23.730998516082764,0.0,21.014,0.0,-3.144209861755371
23.762473583221436,0.0,21.01,0.0,-3.1463124752044678
23.794135093688965,0.0,21.022,0.0,-3.1477742195129395
23.826897859573364,0.0,21.019,0.0,-3.1494052410125732
23.85860586166382,0.0,20.993,0.0,-3.150296926498413
23.90649700164795,0.0,20.972,0.0,-3.149411678314209
23.939067125320435,0.0,20.988,0.0,-3.1483426094055176
23.970823526382446,0.0,20.99,0.0,-3.1483497619628906
24.002304553985596,0.0,21.021,0.0,-3.1484360694885254
24.040935039520264,0.0,21.007,0.0,-3.151271343231201
24.07358741760254,0.0,21.015,0.0,-3.1513893604278564
24.113693714141846,0.0,21.018,0.0,-3.1522367000579834
24.145183563232422,0.0,21.042,0.0,-3.153103828430176
24.17694330215454,0.0,21.006,0.0,-3.1542210578918457
24.209444761276245,0.0,20.989,0.0,-3.152308464050293
24.239581823349,0.0,20.978,0.0,-3.150869846343994
24.272961854934692,0.0,21.04,0.0,-3.1523537635803223
24.30825138092041,0.0,21.048,0.0,-3.154813051223755
24.334259748458862,0.0,21.035,0.0,-3.1557064056396484
24.366800785064697,0.0,21.016,0.0,-3.1558334827423096
24.39843726158142,0.0,21.011,0.0,-3.1551156044006348
24.431140422821045,0.0,21.019,0.0,-3.1540544033050537
24.46247434616089,0.0,21.056,0.0,-3.1539547443389893
24.494954347610474,0.0,21.045,0.0,-3.1552977561950684
24.526926279067993,0.0,21.024,0.0,-3.155864953994751
24.558799743652344,0.0,21.016,0.0,-3.1547088623046875
24.590837478637695,0.0,20.997,0.0,-3.153024673461914
24.622656106948853,0.0,20.998,0.0,-3.1520543098449707
24.65471577644348,0.0,20.998,0.0,-3.1513473987579346
24.68658447265625,0.0,20.991,0.0,-3.150099277496338
24.719063758850098,0.0,21.005,0.0,-3.1501498222351074
24.758947372436523,0.0,20.98,0.0,-3.1488707065582275
24.792202711105347,0.0,20.938,0.0,-3.1464157104492188
24.816177129745483,0.0,20.961,0.0,-3.144533634185791
24.84285068511963,0.0,20.989,0.0,-3.1440680027008057
24.886892795562744,0.0,21.005,0.0,-3.1469295024871826
24.91896152496338,0.0,21.002,0.0,-3.1478357315063477
24.950534105300903,0.0,21.009,0.0,-3.148420810699463
24.98419713973999,0.0,21.002,0.0,-3.1494650840759277
25.014786958694458,0.0,21.05,0.0,-3.1514556407928467
25.04700803756714,0.0,21.061,0.0,-3.1532437801361084
25.0793297290802,0.0,21.054,0.0,-3.155078411102295
25.1110417842865,0.0,21.046,0.0,-3.1566872596740723
25.143574476242065,0.0,21.067,0.0,-3.1578497886657715
25.174681663513184,0.0,21.08,0.0,-3.158808708190918
25.20886993408203,0.0,21.078,0.0,-3.1609325408935547
25.239712953567505,0.0,21.065,0.0,-3.1610231399536133
25.27133083343506,0.0,21.057,0.0,-3.1605589389801025
25.302263498306274,0.0,21.042,0.0,-3.1603405475616455
25.33466386795044,0.0,21.063,0.0,-3.1597423553466797
25.367775440216064,0.0,21.067,0.0,-3.1600663661956787
25.40618634223938,0.0,21.024,0.0,-3.1596438884735107
25.437620401382446,0.0,21.004,0.0,-3.1581358909606934
25.470441818237305,0.0,21.023,0.0,-3.1561193466186523
25.50265073776245,0.0,21.039,0.0,-3.1553549766540527
25.54311752319336,0.0,21.054,0.0,-3.1558008193969727
25.575618267059326,0.0,21.044,0.0,-3.156419515609741
25.60766577720642,0.0,21.038,0.0,-3.1562719345092773
25.64054274559021,0.0,21.056,0.0,-3.156909227371216
25.6725013256073,0.0,21.034,0.0,-3.1573591232299805
25.70927333831787,0.0,21.036,0.0,-3.1564130783081055
25.735886573791504,0.0,20.984,0.0,-3.1539454460144043
25.767594575881958,0.0,20.98,0.0,-3.1517059803009033
25.800622940063477,0.0,20.987,0.0,-3.150155544281006
25.83252191543579,0.0,21.017,0.0,-3.1498677730560303
25.864272832870483,0.0,20.994,0.0,-3.149386167526245
25.896719694137573,0.0,20.995,0.0,-3.149075746536255
25.92339301109314,0.0,20.994,0.0,-3.1495275497436523
25.959600925445557,0.0,21.045,0.0,-3.1510725021362305
25.987952709197998,0.0,21.061,0.0,-3.153219699859619
26.021283388137817,0.0,21.077,0.0,-3.1555562019348145
26.0522563457489,0.0,21.043,0.0,-3.157358169555664
26.084552526474,0.0,21.028,0.0,-3.157177448272705
26.11725878715515,0.0,20.99,0.0,-3.1565141677856445
26.14991784095764,0.0,21.002,0.0,-3.1543941497802734
26.17296004295349,0.0,20.995,0.0,-3.1532537937164307
26.2140634059906,0.0,21.014,0.0,-3.151597499847412
26.242790699005127,0.0,21.003,0.0,-3.151611566543579
26.27867031097412,0.0,20.987,0.0,-3.151169538497925
26.310803413391113,0.0,20.981,0.0,-3.1491470336914062
26.34081530570984,0.0,20.979,0.0,-3.1488780975341797
26.372373342514038,0.0,20.995,0.0,-3.1480979919433594
26.40992259979248,0.0,20.992,0.0,-3.1481404304504395
26.44327735900879,0.0,21.003,0.0,-3.1485846042633057
26.47495675086975,0.0,21.011,0.0,-3.149277687072754
26.506611824035645,0.0,21.017,0.0,-3.1498241424560547
26.538952589035034,0.0,21.014,0.0,-3.150911808013916
26.571635961532593,0.0,21.026,0.0,-3.1517317295074463
26.60267925262451,0.0,21.045,0.0,-3.1526174545288086
26.63504409790039,0.0,21.006,0.0,-3.153149127960205
26.66732382774353,0.0,20.986,0.0,-3.1526033878326416
26.69999122619629,0.0,20.944,0.0,-3.151336669921875
26.73140025138855,0.0,21.013,0.0,-3.1485917568206787
26.763566732406616,0.0,21.024,0.0,-3.14937162399292
26.79643487930298,0.0,21.052,0.0,-3.150458812713623
26.827188968658447,0.0,21.056,0.0,-3.152479887008667
26.859517812728882,0.0,21.036,0.0,-3.154698610305786
26.895565032958984,0.0,21.068,0.0,-3.156240701675415
26.924882173538208,0.0,21.042,0.0,-3.157586097717285
26.960143327713013,0.0,21.056,0.0,-3.1580278873443604
26.99309253692627,0.0,21.032,0.0,-3.1573967933654785
27.025577306747437,0.0,21.03,0.0,-3.156848430633545
27.06098198890686,0.0,21.017,0.0,-3.1554384231567383
27.088874578475952,0.0,21.016,0.0,-3.1546695232391357
27.12173295021057,0.0,20.991,0.0,-3.1530206203460693
27.15397596359253,0.0,21.001,0.0,-3.151956081390381
27.18562889099121,0.0,21.028,0.0,-3.1520209312438965
27.21861505508423,0.0,21.016,0.0,-3.1525485515594482
27.250349283218384,0.0,21.014,0.0,-3.1524577140808105
27.28614568710327,0.0,20.994,0.0,-3.1513965129852295
27.314599752426147,0.0,21.016,0.0,-3.15065598487854
27.346572875976562,0.0,21.059,0.0,-3.1510157585144043
27.378166675567627,0.0,21.079,0.0,-3.153108596801758
27.40998911857605,0.0,21.098,0.0,-3.1582655906677246
27.441792488098145,0.0,21.075,0.0,-3.160461187362671
27.473551511764526,0.0,21.055,0.0,-3.161043882369995
27.501903295516968,0.0,21.041,0.0,-3.160627603530884
27.543150663375854,0.0,21.031,0.0,-3.1585283279418945
27.573917627334595,0.0,21.051,0.0,-3.1579067707061768
27.60624933242798,0.0,21.056,0.0,-3.157960891723633
27.64250898361206,0.0,21.044,0.0,-3.1578786373138428
27.682052612304688,0.0,21.013,0.0,-3.156485080718994
27.714399099349976,0.0,21.038,0.0,-3.1553192138671875
27.747046947479248,0.0,21.051,0.0,-3.1559336185455322
27.779393434524536,0.0,21.064,0.0,-3.156956195831299
27.81095552444458,0.0,21.039,0.0,-3.1573007106781006
27.84303331375122,0.0,21.01,0.0,-3.155733585357666
27.875328063964844,0.0,21.023,0.0,-3.15506649017334
27.906713724136353,0.0,21.033,0.0,-3.154428005218506
27.938648462295532,0.0,21.009,0.0,-3.1541154384613037
27.969739198684692,0.0,21.009,0.0,-3.1532504558563232
28.001308917999268,0.0,21.017,0.0,-3.152589797973633
28.035015106201172,0.0,21.024,0.0,-3.152434825897217
28.067448377609253,0.0,21.015,0.0,-3.152621269226074
28.100050926208496,0.0,21.05,0.0,-3.1523971557617188
28.13217520713806,0.0,21.043,0.0,-3.153702735900879
28.16455316543579,0.0,21.088,0.0,-3.1564974784851074
28.196166276931763,0.0,21.041,0.0,-3.1584744453430176
28.227541208267212,0.0,21.043,0.0,-3.1580185890197754
28.25968098640442,0.0,21.018,0.0,-3.1564583778381348
28.291728019714355,0.0,21.024,0.0,-3.155714750289917
28.316290616989136,0.0,21.033,0.0,-3.155515193939209
28.35301399230957,0.0,21.046,0.0,-3.155653953552246
28.393550634384155,0.0,21.028,0.0,-3.1555333137512207
28.426002264022827,0.0,21.037,0.0,-3.155623435974121
28.461909532546997,0.0,21.063,0.0,-3.156688928604126
28.48848009109497,0.0,21.068,0.0,-3.1577320098876953
28.51884913444519,0.0,21.058,0.0,-3.1581125259399414
28.55299687385559,0.0,21.03,0.0,-3.158397912979126
28.58498191833496,0.0,21.043,0.0,-3.1565968990325928
28.61683225631714,0.0,21.059,0.0,-3.15657639503479
28.64939832687378,0.0,21.065,0.0,-3.157231092453003
28.687199354171753,0.0,21.068,0.0,-3.1586923599243164
28.712420225143433,0.0,21.076,0.0,-3.1595664024353027
28.74437403678894,0.0,21.026,0.0,-3.159728527069092
28.777017831802368,0.0,21.017,0.0,-3.1582465171813965
28.8092942237854,0.0,21.013,0.0,-3.155360698699951
28.840882778167725,0.0,20.989,0.0,-3.1533095836639404
28.87225914001465,0.0,21.015,0.0,-3.152867078781128
28.90361976623535,0.0,20.991,0.0,-3.1524972915649414
28.93601393699646,0.0,20.99,0.0,-3.1502039432525635
28.9662504196167,0.0,20.99,0.0,-3.149439573287964
28.998454093933105,0.0,21.006,0.0,-3.1495423316955566
29.030523777008057,0.0,21.075,0.0,-3.151447057723999
29.07093596458435,0.0,21.081,0.0,-3.155189037322998
29.094095706939697,0.0,21.07,0.0,-3.15718412399292
29.136448621749878,0.0,21.058,0.0,-3.1601674556732178
29.1671199798584,0.0,21.032,0.0,-3.160031318664551
29.199424982070923,0.0,21.028,0.0,-3.1588144302368164
29.231900930404663,0.0,20.997,0.0,-3.1576900482177734
29.263782024383545,0.0,20.98,0.0,-3.1531052589416504
29.295321702957153,0.0,21.029,0.0,-3.15242862701416
29.32752752304077,0.0,21.05,0.0,-3.1527984142303467
29.361387968063354,0.0,21.114,0.0,-3.157585382461548
29.390952825546265,0.0,21.118,0.0,-3.16054105758667
29.424010515213013,0.0,21.066,0.0,-3.16109037399292
29.45556879043579,0.0,21.03,0.0,-3.1610331535339355
29.487069845199585,0.0,21.009,0.0,-3.157341957092285
29.520261764526367,0.0,21.017,0.0,-3.1560349464416504
29.552671670913696,0.0,21.041,0.0,-3.1554439067840576
29.58708643913269,0.0,21.04,0.0,-3.155644416809082
29.61156439781189,0.0,21.065,0.0,-3.1567492485046387
29.6427218914032,0.0,21.099,0.0,-3.1590304374694824
29.675284147262573,0.0,21.094,0.0,-3.1607892513275146
29.706317901611328,0.0,21.105,0.0,-3.1619269847869873
29.743895053863525,0.0,21.075,0.0,-3.163163185119629
29.770790338516235,0.0,21.084,0.0,-3.16290545463562
29.796455144882202,0.0,21.065,0.0,-3.16306471824646
29.827362060546875,0.0,21.053,0.0,-3.16237211227417
29.862039804458618,0.0,21.059,0.0,-3.1607418060302734
29.891348838806152,0.0,21.07,0.0,-3.1603739261627197
29.923670768737793,0.0,21.081,0.0,-3.1604623794555664
29.95597243309021,0.0,21.087,0.0,-3.1609888076782227
29.987149000167847,0.0,21.07,0.0,-3.161428928375244
30.018829345703125,0.0,21.067,0.0,-3.161129951477051
30.050642490386963,0.0,21.061,0.0,-3.1609349250793457
30.086607217788696,0.0,21.076,0.0,-3.1607658863067627
30.115951538085938,0.0,21.053,0.0,-3.1600143909454346
30.144134998321533,0.0,21.033,0.0,-3.1585919857025146
30.177387237548828,0.0,21.006,0.0,-3.1566550731658936
30.20730710029602,0.0,21.011,0.0,-3.154872417449951
30.23997926712036,0.0,21.0,0.0,-3.15238618850708
30.27217721939087,0.0,20.986,0.0,-3.1513783931732178
30.305148363113403,0.0,21.011,0.0,-3.1500372886657715
30.336326360702515,0.0,21.035,0.0,-3.1508541107177734
30.36838459968567,0.0,21.048,0.0,-3.15177321434021
30.40032458305359,0.0,21.015,0.0,-3.153050422668457
30.428074598312378,0.0,21.035,0.0,-3.1526670455932617
30.454137325286865,0.0,21.033,0.0,-3.1532223224639893
30.495895862579346,0.0,21.093,0.0,-3.1556270122528076
30.528133869171143,0.0,21.071,0.0,-3.1579699516296387
30.562769889831543,0.0,21.071,0.0,-3.1595239639282227
30.591898441314697,0.0,21.022,0.0,-3.1579723358154297
30.623358964920044,0.0,21.022,0.0,-3.156467914581299
30.65387225151062,0.0,21.007,0.0,-3.1555943489074707
30.69421148300171,0.0,21.037,0.0,-3.1545448303222656
30.725223541259766,0.0,21.05,0.0,-3.15529465675354
30.757095098495483,0.0,21.096,0.0,-3.156970739364624
30.789413928985596,0.0,21.089,0.0,-3.1604554653167725
30.8216814994812,0.0,21.071,0.0,-3.160728931427002
30.854352235794067,0.0,21.095,0.0,-3.1619300842285156
30.88658905029297,0.0,21.12,0.0,-3.16369366645813
30.918553352355957,0.0,21.106,0.0,-3.165212392807007
30.95081353187561,0.0,21.095,0.0,-3.165773868560791
30.98264789581299,0.0,21.088,0.0,-3.1657185554504395
31.015180110931396,0.0,21.109,0.0,-3.1649670600891113
31.047463178634644,0.0,21.092,0.0,-3.165611743927002
31.078867197036743,0.0,21.078,0.0,-3.165377140045166
31.110981464385986,0.0,21.056,0.0,-3.163038730621338
31.144155025482178,0.0,21.048,0.0,-3.160612106323242
31.177993774414062,0.0,21.05,0.0,-3.159615993499756
31.212986946105957,0.0,21.062,0.0,-3.158918857574463
31.24150848388672,0.0,21.071,0.0,-3.1592931747436523
31.273891925811768,0.0,21.029,0.0,-3.158792018890381
31.305445671081543,0.0,21.024,0.0,-3.157445192337036
31.337623357772827,0.0,20.999,0.0,-3.154207944869995
31.37026572227478,0.0,21.026,0.0,-3.153817653656006
31.403112649917603,0.0,21.044,0.0,-3.154294013977051
31.43300461769104,0.0,21.022,0.0,-3.1543054580688477
31.465423345565796,0.0,20.991,0.0,-3.1521012783050537
31.497614860534668,0.0,21.003,0.0,-3.1508190631866455
31.52959966659546,0.0,21.005,0.0,-3.1503567695617676
31.561309814453125,0.0,21.004,0.0,-3.149902105331421
31.593089818954468,0.0,21.042,0.0,-3.1516149044036865
31.625012159347534,0.0,21.072,0.0,-3.152707815170288
31.65702223777771,0.0,21.079,0.0,-3.1548264026641846
31.690232753753662,0.0,21.064,0.0,-3.157633066177368
31.722930192947388,0.0,21.067,0.0,-3.158675193786621
31.755119562149048,0.0,21.054,0.0,-3.1592187881469727
31.787219047546387,0.0,21.073,0.0,-3.159759521484375
31.81843614578247,0.0,21.063,0.0,-3.1598522663116455
31.864678859710693,0.0,21.065,0.0,-3.159898281097412
31.89950394630432,0.0,21.045,0.0,-3.1591672897338867
31.931091785430908,0.0,21.064,0.0,-3.1588027477264404
31.96288824081421,0.0,21.062,0.0,-3.15924334526062
31.99489116668701,0.0,21.074,0.0,-3.1598501205444336
32.02736806869507,0.0,21.057,0.0,-3.1595983505249023
32.05966377258301,0.0,21.072,0.0,-3.159395933151245
32.09150791168213,0.0,21.085,0.0,-3.1600241661071777
32.123454570770264,0.0,21.089,0.0,-3.1608829498291016
32.15569090843201,0.0,21.076,0.0,-3.1617064476013184
32.18824100494385,0.0,21.096,0.0,-3.1626760959625244
32.219550132751465,0.0,21.086,0.0,-3.163435220718384
32.2527277469635,0.0,21.086,0.0,-3.1635031700134277
32.29192399978638,0.0,21.054,0.0,-3.162209987640381
32.32398009300232,0.0,21.038,0.0,-3.1612961292266846
32.355926275253296,0.0,21.036,0.0,-3.159785509109497
32.38909411430359,0.0,21.061,0.0,-3.1586170196533203
32.42044758796692,0.0,21.046,0.0,-3.1580586433410645
32.45226979255676,0.0,21.077,0.0,-3.158557653427124
32.485172748565674,0.0,21.052,0.0,-3.159327745437622
32.516623735427856,0.0,21.074,0.0,-3.159454822540283
32.54833149909973,0.0,21.117,0.0,-3.161709785461426
32.58914613723755,0.0,21.133,0.0,-3.1653923988342285
32.62032914161682,0.0,21.129,0.0,-3.1667745113372803
32.64389133453369,0.0,21.082,0.0,-3.1658475399017334
32.67491126060486,0.0,21.078,0.0,-3.165109157562256
32.70893859863281,0.0,21.06,0.0,-3.164353370666504
32.738030672073364,0.0,21.07,0.0,-3.1634578704833984
32.77112555503845,0.0,21.06,0.0,-3.1627142429351807
32.80336356163025,0.0,21.071,0.0,-3.161714792251587
32.83932900428772,0.0,21.037,0.0,-3.1597352027893066
32.867618799209595,0.0,21.064,0.0,-3.158702850341797
32.90044164657593,0.0,21.053,0.0,-3.1587963104248047
32.93108773231506,0.0,21.07,0.0,-3.1584177017211914
32.9623327255249,0.0,21.079,0.0,-3.159571647644043
32.99488043785095,0.0,21.08,0.0,-3.1601791381835938
33.026267766952515,0.0,21.121,0.0,-3.162080764770508
33.05871915817261,0.0,21.128,0.0,-3.163844347000122
33.09093165397644,0.0,21.124,0.0,-3.166588068008423
33.12257146835327,0.0,21.107,0.0,-3.1667022705078125
33.155601024627686,0.0,21.109,0.0,-3.1660995483398438
33.18682241439819,0.0,21.127,0.0,-3.166372299194336
33.219712257385254,0.0,21.121,0.0,-3.167792320251465
33.2526068687439,0.0,21.127,0.0,-3.1683878898620605
33.28490209579468,0.0,21.102,0.0,-3.168830156326294
33.3221755027771,0.0,21.076,0.0,-3.1672003269195557
33.353919506073,0.0,21.079,0.0,-3.165722370147705
33.38514733314514,0.0,21.096,0.0,-3.1646976470947266
33.41804099082947,0.0,21.117,0.0,-3.1641764640808105
33.44989371299744,0.0,21.115,0.0,-3.1650969982147217
33.48274326324463,0.0,21.109,0.0,-3.165724754333496
33.5156512260437,0.0,21.102,0.0,-3.16583514213562
33.56407403945923,0.0,21.099,0.0,-3.1655654907226562
33.593987464904785,0.0,21.112,0.0,-3.165942668914795
33.62620568275452,0.0,21.085,0.0,-3.1660215854644775
33.65792798995972,0.0,21.079,0.0,-3.1651551723480225
33.690595865249634,0.0,21.071,0.0,-3.1631827354431152
33.72181248664856,0.0,21.087,0.0,-3.16304874420166
33.7544322013855,0.0,21.083,0.0,-3.1624066829681396
33.79028248786926,0.0,21.078,0.0,-3.1620097160339355
33.81834173202515,0.0,21.053,0.0,-3.1607472896575928
33.843308210372925,0.0,21.037,0.0,-3.1591103076934814
33.88584303855896,0.0,21.056,0.0,-3.158238410949707
33.91878819465637,0.0,21.089,0.0,-3.1578431129455566
33.949951171875,0.0,21.087,0.0,-3.1591243743896484
33.981892347335815,0.0,21.061,0.0,-3.1600475311279297
34.02268385887146,0.0,21.045,0.0,-3.160202980041504
34.05911111831665,0.0,21.061,0.0,-3.1591458320617676
34.097909450531006,0.0,21.045,0.0,-3.1589550971984863
34.13037347793579,0.0,21.067,0.0,-3.1582093238830566
34.16594362258911,0.0,21.069,0.0,-3.15893816947937
34.1944854259491,0.0,21.061,0.0,-3.158897876739502
34.22571086883545,0.0,21.089,0.0,-3.158705711364746
34.25877618789673,0.0,21.109,0.0,-3.1599082946777344
34.29038190841675,0.0,21.137,0.0,-3.16422963142395
34.32211208343506,100.0,21.157,100.0,-0.16702961921691895
34.34476327896118,100.0,21.141,100.0,2.2314960956573486
34.383490800857544,100.0,407.226,100.0,-1.8598767518997192
34.41766905784607,100.0,639.355,100.0,-32.128868103027344
34.448126792907715,100.0,880.419,100.0,-45.703094482421875
34.479917764663696,100.0,975.874,100.0,-56.562477111816406
34.51211428642273,100.0,622.085,100.0,-65.24998474121094
34.543781042099,100.0,452.078,100.0,-76.12681579589844
34.57692837715149,100.0,249.605,100.0,-71.8608169555664
34.608514070510864,100.0,119.626,100.0,-59.90949249267578
34.625014543533325,100.0,78.025,100.0,-45.09878158569336
34.65666890144348,100.0,77.318,100.0,-31.845291137695312
34.691620111465454,100.0,76.366,100.0,-13.632816314697266
34.72670650482178,100.0,74.984,100.0,-7.54167366027832
34.759013652801514,100.0,74.271,100.0,-2.9065825939178467
34.79788064956665,100.0,73.705,100.0,3.2031502723693848
34.82901954650879,100.0,72.24,100.0,5.134449481964111
34.86105751991272,100.0,71.218,100.0,6.527637958526611
34.892672300338745,100.0,70.383,100.0,8.216338157653809
34.92494773864746,100.0,69.711,100.0,8.665851593017578
34.95749068260193,100.0,67.886,100.0,8.951937675476074
34.989444732666016,100.0,67.207,100.0,9.157438278198242
35.02295279502869,100.0,66.612,100.0,9.135625839233398
35.054285287857056,100.0,66.018,100.0,9.062311172485352
35.08620810508728,100.0,64.467,100.0,8.953696250915527
35.11799621582031,100.0,64.05,100.0,8.65867805480957
35.14950656890869,100.0,63.71,100.0,8.507835388183594
35.18169355392456,100.0,63.433,100.0,8.351194381713867
35.2152202129364,100.0,63.22,100.0,8.031999588012695
35.24514698982239,100.0,62.864,100.0,7.874766826629639
35.276204109191895,100.0,62.737,100.0,7.7217488288879395
35.30754017829895,100.0,62.53,100.0,7.573881149291992
35.34219932556152,100.0,62.41,100.0,7.306170463562012
35.37351989746094,100.0,62.275,100.0,7.184703826904297
35.4046368598938,100.0,62.072,100.0,7.071179389953613
35.44381833076477,100.0,61.985,100.0,6.86768102645874
35.47851753234863,100.0,61.925,100.0,6.7749738693237305
35.50568699836731,100.0,61.925,100.0,6.688275337219238
35.54256534576416,100.0,61.846,100.0,6.534107208251953
35.5753128528595,100.0,61.772,100.0,6.467706680297852
35.607436418533325,100.0,61.65,100.0,6.410348892211914
35.63950777053833,100.0,61.585,100.0,6.357615947723389
35.67017912864685,100.0,61.587,100.0,6.261734485626221
35.703736782073975,100.0,61.558,100.0,6.218587398529053
35.73464369773865,100.0,61.564,100.0,6.179606914520264
35.76851534843445,100.0,61.535,100.0,6.110347270965576
35.79897928237915,100.0,61.489,100.0,6.081310749053955
35.83065605163574,100.0,61.421,100.0,6.054895877838135
35.86233401298523,100.0,61.36,100.0,6.033167362213135
35.89547777175903,100.0,61.339,100.0,5.998687744140625
35.927340507507324,100.0,61.329,100.0,5.983301162719727
35.95937776565552,100.0,61.349,100.0,5.968531131744385
35.98504447937012,100.0,61.394,100.0,5.953699111938477
36.0250141620636,100.0,61.446,100.0,5.92158842086792
36.056774616241455,100.0,61.551,100.0,5.905567646026611
36.088610887527466,100.0,61.569,100.0,5.888500690460205
36.12127089500427,100.0,61.565,100.0,5.859897136688232
36.14445662498474,100.0,61.577,100.0,5.8480424880981445
36.176543951034546,100.0,61.594,100.0,5.837101459503174
36.21141767501831,100.0,61.639,100.0,5.825810432434082
36.241092681884766,100.0,61.742,100.0,5.816247463226318
36.27348828315735,100.0,61.8,100.0,5.795212268829346
36.306175231933594,100.0,61.868,100.0,5.783895015716553
36.338371992111206,100.0,61.913,100.0,5.77181339263916
36.37043380737305,100.0,62.013,100.0,5.748897075653076
36.4032838344574,100.0,62.034,100.0,5.7376861572265625
36.43426537513733,100.0,62.14,100.0,5.727940082550049
36.466508626937866,100.0,62.21,100.0,5.715810298919678
36.49970078468323,100.0,62.397,100.0,5.690074920654297
36.54181694984436,100.0,62.48,100.0,5.661037445068359
36.57402539253235,100.0,62.566,100.0,5.646261215209961
36.60584568977356,100.0,62.765,100.0,5.63096809387207
36.638184785842896,100.0,62.883,100.0,5.615026950836182
36.67096948623657,100.0,62.988,100.0,5.580720901489258
36.70367097854614,100.0,63.06,100.0,5.564680099487305
36.73476767539978,100.0,63.142,100.0,5.5492143630981445
36.76696562767029,100.0,63.464,100.0,5.513128280639648
36.798534631729126,100.0,63.584,100.0,5.492125034332275
36.83067846298218,100.0,63.721,100.0,5.470655918121338
36.86468696594238,100.0,63.992,100.0,5.454622268676758
36.898629903793335,100.0,64.085,100.0,5.418425559997559
36.93293213844299,100.0,64.219,100.0,5.400813102722168
36.96522331237793,100.0,64.29,100.0,5.3822340965271
36.99828886985779,100.0,64.583,100.0,5.347139835357666
37.02675175666809,100.0,64.709,100.0,5.327561855316162
37.0516517162323,100.0,64.808,100.0,5.30787467956543
37.08354187011719,100.0,64.95,100.0,5.28925895690918
37.12076711654663,100.0,65.085,100.0,5.249680519104004
37.14745879173279,100.0,65.229,100.0,5.228982448577881
37.180079221725464,100.0,65.494,100.0,5.207136154174805
37.213545083999634,100.0,65.653,100.0,5.186649322509766
37.24738430976868,100.0,65.775,100.0,5.144044876098633
37.276119232177734,100.0,65.847,100.0,5.1257219314575195
37.3087158203125,100.0,66.111,100.0,5.106344223022461
37.345519065856934,100.0,66.231,100.0,5.0685248374938965
37.37268042564392,100.0,66.514,100.0,5.043038845062256
37.404714822769165,100.0,66.64,100.0,5.018996715545654
37.43658232688904,100.0,66.799,100.0,4.994710922241211
37.47139811515808,100.0,67.091,100.0,4.953414440155029
37.5007483959198,100.0,67.236,100.0,4.934789657592773
37.53337788581848,100.0,67.349,100.0,4.915322780609131
37.57505679130554,100.0,67.606,100.0,4.877719879150391
37.60691285133362,100.0,67.76,100.0,4.858723163604736
37.64691352844238,100.0,68.043,100.0,4.818120956420898
37.677112102508545,100.0,68.186,100.0,4.797356605529785
37.71121144294739,100.0,68.33,100.0,4.776326656341553
37.747289180755615,100.0,68.536,100.0,4.731001377105713
37.77288579940796,100.0,68.724,100.0,4.705560684204102
37.805357456207275,100.0,69.023,100.0,4.680704116821289
37.83765888214111,100.0,69.143,100.0,4.656276702880859
37.87038588523865,100.0,69.312,100.0,4.609831809997559
37.90200090408325,100.0,69.45,100.0,4.586896896362305
37.92640519142151,100.0,69.615,100.0,4.563368797302246
37.95468235015869,100.0,69.79,100.0,4.538969993591309
37.99655270576477,100.0,70.138,100.0,4.488034725189209
38.02403163909912,100.0,70.303,100.0,4.462667465209961
38.05601644515991,100.0,70.617,100.0,4.431056976318359
38.07879185676575,100.0,70.82,100.0,4.399303913116455
38.12290978431702,100.0,71.226,100.0,4.337231636047363
38.147921085357666,100.0,71.456,100.0,4.303867816925049
38.176337480545044,100.0,71.641,100.0,4.27940034866333
38.20917582511902,100.0,71.796,100.0,4.254062652587891
38.23909616470337,100.0,71.931,100.0,4.229307174682617
38.27197027206421,100.0,72.319,100.0,4.1815619468688965
38.30372762680054,100.0,72.541,100.0,4.155305862426758
38.34280252456665,100.0,72.693,100.0,4.127017974853516
38.35836577415466,100.0,72.981,100.0,4.100105285644531
38.39123845100403,100.0,73.152,100.0,4.06855583190918
38.422999143600464,100.0,73.368,100.0,4.0073041915893555
38.4543182849884,100.0,73.74,100.0,3.9768521785736084
38.486124753952026,100.0,73.955,100.0,3.9469592571258545
38.5271155834198,100.0,74.167,100.0,3.8850479125976562
38.559485912323,100.0,74.587,100.0,3.8541934490203857
38.59109807014465,100.0,74.778,100.0,3.8223609924316406
38.63007974624634,100.0,74.991,100.0,3.7596869468688965
38.65947246551514,100.0,75.422,100.0,3.7187252044677734
38.690897941589355,100.0,75.89,100.0,3.677341938018799
38.72299337387085,100.0,76.053,100.0,3.6033072471618652
38.75504803657532,100.0,76.329,100.0,3.577719211578369
38.79888987541199,100.0,76.51,100.0,3.5190460681915283
38.82571601867676,100.0,76.988,100.0,3.487334966659546
38.84969401359558,100.0,77.214,100.0,3.455331802368164
38.888484716415405,100.0,77.405,100.0,3.4227304458618164
38.92025113105774,100.0,77.679,100.0,3.3911406993865967
38.93681573867798,100.0,77.939,100.0,3.356853723526001
38.96807050704956,100.0,78.103,100.0,3.3210768699645996
39.00183892250061,100.0,78.326,100.0,3.255079984664917
39.041698932647705,100.0,78.819,100.0,3.2225096225738525
39.074079751968384,100.0,79.078,100.0,3.1502981185913086
39.10620141029358,100.0,79.325,100.0,3.113288640975952
39.13555192947388,100.0,79.826,100.0,3.0764501094818115
39.17925477027893,100.0,80.081,100.0,3.000436544418335
39.21232891082764,100.0,80.544,100.0,2.9656341075897217
39.242530822753906,100.0,80.744,100.0,2.928131103515625
39.274999141693115,100.0,81.255,100.0,2.845371961593628
39.306716442108154,100.0,81.486,100.0,2.8010413646698
39.33760690689087,100.0,81.753,100.0,2.7574336528778076
39.369860887527466,100.0,82.262,100.0,2.72562837600708
39.401851654052734,100.0,82.529,100.0,2.6575558185577393
39.433634996414185,100.0,82.726,100.0,2.6215484142303467
39.465309619903564,100.0,83.058,100.0,2.587333917617798
39.499414682388306,100.0,83.341,100.0,2.5090839862823486
39.52969741821289,100.0,83.767,100.0,2.4697186946868896
39.55218839645386,100.0,84.077,100.0,2.4338574409484863
39.57791566848755,100.0,84.331,100.0,2.3950440883636475
39.61193537712097,100.0,84.594,100.0,2.3563013076782227
39.64263343811035,100.0,84.786,100.0,2.3172454833984375
39.67670917510986,100.0,85.087,100.0,2.242180109024048
39.70813179016113,100.0,85.598,100.0,2.2026240825653076
39.73728847503662,100.0,85.858,100.0,2.164097309112549
39.776901960372925,100.0,86.085,100.0,2.0878663063049316
39.80979251861572,100.0,86.312,100.0,2.0513241291046143
39.84244680404663,100.0,86.88,100.0,2.011488914489746
39.875503063201904,100.0,87.411,100.0,1.9218441247940063
39.90664076805115,100.0,87.692,100.0,1.872987985610962
39.93931436538696,100.0,87.91,100.0,1.8281251192092896
39.974496603012085,100.0,88.548,100.0,1.7445316314697266
40.00287413597107,100.0,88.82,100.0,1.7083567380905151
40.03496265411377,100.0,89.095,100.0,1.6710822582244873
40.07178235054016,100.0,89.693,100.0,1.6328164339065552
40.10746216773987,100.0,90.017,100.0,1.551377773284912
40.139474868774414,100.0,90.335,100.0,1.5578057765960693
40.156090259552,100.0,90.622,100.0,1.6012930870056152
40.18820405006409,100.0,90.896,100.0,1.6743444204330444
40.22578477859497,100.0,91.159,100.0,1.883538842201233
40.25354838371277,100.0,91.689,100.0,2.010232448577881
40.290730714797974,100.0,91.988,100.0,2.1445724964141846
40.32630181312561,100.0,92.274,100.0,2.423461675643921
40.35446000099182,100.0,92.584,100.0,2.563359022140503
40.38704252243042,100.0,93.152,100.0,2.7057900428771973
40.412580728530884,100.0,93.152,100.0,2.842432975769043
40.43840193748474,100.0,93.717,100.0,2.9765164852142334
40.47808384895325,100.0,94.238,100.0,3.22080135345459
40.50965237617493,100.0,94.501,100.0,3.3324477672576904
40.54085445404053,100.0,94.755,100.0,3.4409403800964355
40.567877531051636,100.0,95.307,100.0,3.544081687927246
40.607250452041626,100.0,95.596,100.0,3.7346396446228027
40.64126968383789,100.0,95.851,100.0,3.8339130878448486
40.67269563674927,100.0,96.455,100.0,3.92653489112854
40.70683455467224,100.0,96.766,100.0,4.089161396026611
40.74195671081543,100.0,97.017,100.0,4.15542459487915
40.77760672569275,100.0,97.377,100.0,4.265912055969238
40.805554151535034,100.0,97.951,100.0,4.312216281890869
40.836833477020264,100.0,98.266,100.0,4.347675323486328
40.877646684646606,100.0,98.569,100.0,4.3945441246032715
40.90943884849548,100.0,99.231,100.0,4.404950141906738
40.9417998790741,100.0,99.462,100.0,4.407069206237793
40.97359585762024,100.0,99.824,100.0,4.3930559158325195
41.00520300865173,100.0,100.118,100.0,4.373871803283691
41.0440719127655,100.0,100.68,100.0,4.348330974578857
41.07558345794678,100.0,100.978,100.0,4.276588439941406
41.113768339157104,100.0,101.27,100.0,4.229813098907471
41.155794620513916,100.0,102.156,100.0,4.088066101074219
41.18661379814148,100.0,102.488,100.0,4.006545066833496
41.22863435745239,100.0,103.11,100.0,3.8233377933502197
41.26011347770691,100.0,103.436,100.0,3.7197866439819336
41.28975009918213,100.0,103.734,100.0,3.623605489730835
41.32179808616638,100.0,104.054,100.0,3.5189108848571777
41.353885650634766,100.0,104.535,100.0,3.284132957458496
41.37675428390503,100.0,104.883,100.0,3.1595330238342285
41.410731077194214,100.0,105.115,100.0,3.024193286895752
41.44215202331543,100.0,105.518,100.0,2.884047031402588
41.47831988334656,100.0,105.848,100.0,2.5686089992523193
41.505842208862305,100.0,106.168,100.0,2.398146867752075
41.538917779922485,100.0,106.723,100.0,2.2204718589782715
41.569838523864746,100.0,107.12,100.0,2.0375397205352783
41.60151171684265,100.0,107.483,100.0,1.6373199224472046
41.63329458236694,100.0,107.818,100.0,1.4237916469573975
41.66447925567627,100.0,108.483,100.0,1.2025883197784424
41.69720506668091,100.0,108.797,100.0,0.9724647402763367
41.729071617126465,100.0,109.428,100.0,0.4751201868057251
41.761109828948975,100.0,109.73,100.0,0.21001772582530975
41.79231071472168,100.0,110.321,100.0,-0.009653806686401367
41.830273151397705,100.0,110.566,100.0,-0.3485487103462219
41.87048888206482,100.0,111.32,100.0,-0.4847524166107178
41.89573359489441,100.0,111.32,100.0,-0.6045399308204651
41.928024768829346,100.0,111.948,100.0,-0.7909789681434631
41.95876455307007,100.0,112.234,100.0,-0.8642106056213379
41.990007400512695,100.0,112.516,100.0,-0.9312015175819397
42.022422075271606,100.0,112.785,100.0,-0.9930492043495178
42.05420994758606,100.0,113.388,100.0,-1.1045414209365845
42.08680844306946,100.0,113.687,100.0,-1.1577088832855225
42.11758375167847,100.0,114.02,100.0,-1.209249496459961
42.15315890312195,100.0,114.338,100.0,-1.311985731124878
42.1818163394928,100.0,114.93,100.0,-1.3620367050170898
42.21502208709717,100.0,115.197,100.0,-1.4105050563812256
42.24695158004761,100.0,115.511,100.0,-1.4568877220153809
42.279014348983765,100.0,115.787,100.0,-1.5489858388900757
42.30994200706482,100.0,116.093,100.0,-1.594582200050354
42.34253001213074,100.0,116.384,100.0,-1.6407558917999268
42.378578662872314,100.0,115.672,100.0,-1.6657893657684326
42.40616273880005,100.0,114.965,100.0,-1.6282566785812378
42.43829345703125,100.0,114.29,100.0,-1.5689115524291992
42.47123312950134,100.0,114.526,100.0,-1.5181330442428589
42.50265288352966,100.0,114.752,100.0,-1.4778554439544678
42.54299354553223,100.0,115.146,100.0,-1.4835600852966309
42.57291078567505,100.0,115.738,100.0,-1.5013980865478516
42.594788789749146,100.0,115.738,100.0,-1.5143635272979736
42.6286084651947,100.0,116.572,100.0,-1.5679645538330078
42.65876030921936,100.0,116.943,100.0,-1.6089049577713013
42.69084620475769,100.0,117.189,100.0,-1.6551932096481323
42.72268342971802,100.0,117.579,100.0,-1.7002642154693604
42.754969358444214,100.0,118.164,100.0,-1.8003737926483154
42.78735685348511,100.0,118.481,100.0,-1.8497226238250732
42.81927013397217,100.0,118.741,100.0,-1.8997572660446167
42.85481786727905,100.0,119.185,100.0,-2.0020596981048584
42.88401675224304,100.0,119.427,100.0,-2.052464485168457
42.9157178401947,100.0,120.076,100.0,-2.107811212539673
42.94764280319214,100.0,120.492,100.0,-2.1578879356384277
42.9798059463501,100.0,120.9,100.0,-2.2693071365356445
43.01239204406738,100.0,121.299,100.0,-2.328202247619629
43.04411554336548,100.0,122.037,100.0,-2.3875913619995117
43.0794780254364,100.0,122.349,100.0,-2.5026462078094482
43.10810160636902,100.0,123.028,100.0,-2.5723626613616943
43.157018423080444,100.0,123.692,100.0,-2.6998391151428223
43.18844270706177,100.0,124.014,100.0,-2.7588400840759277
43.22163772583008,100.0,124.339,100.0,-2.8155276775360107
43.25473427772522,100.0,125.085,100.0,-2.901273488998413
43.28288412094116,100.0,125.47,100.0,-2.9491465091705322
43.317564725875854,100.0,125.84,100.0,-2.9997453689575195
43.34933662414551,100.0,126.179,100.0,-3.051819324493408
43.381328105926514,100.0,126.395,100.0,-3.1503195762634277
43.41320824623108,100.0,127.192,100.0,-3.2027947902679443
43.44511580467224,100.0,127.568,100.0,-3.2551651000976562
43.48079967498779,100.0,127.906,100.0,-3.361865997314453
43.509413719177246,100.0,128.209,100.0,-3.412951707839966
43.541651248931885,100.0,128.952,100.0,-3.466171979904175
43.573569536209106,100.0,129.717,100.0,-3.5194737911224365
43.60532593727112,100.0,130.023,100.0,-3.654900550842285
43.63770771026611,100.0,130.241,100.0,-3.71134877204895
43.67003297805786,100.0,130.584,100.0,-3.7665858268737793
43.70634627342224,100.0,131.116,100.0,-3.866485595703125
43.75085997581482,100.0,131.802,100.0,-3.9004018306732178
43.783143281936646,100.0,132.138,100.0,-3.979501247406006
43.81434988975525,100.0,132.49,100.0,-4.022538185119629
43.84661841392517,100.0,132.832,100.0,-4.067959785461426
43.88236904144287,100.0,133.066,100.0,-4.158296585083008
43.90967035293579,100.0,133.803,100.0,-4.2071661949157715
43.94179177284241,100.0,134.178,100.0,-4.2554779052734375
43.97403120994568,100.0,134.538,100.0,-4.306004047393799
44.00266885757446,100.0,134.837,100.0,-4.357599258422852
44.042181968688965,100.0,135.421,100.0,-4.455716133117676
44.07401180267334,100.0,135.739,100.0,-4.502649784088135
44.1063277721405,100.0,136.089,100.0,-4.598191261291504
44.137773752212524,100.0,136.462,100.0,-4.64876651763916
44.169928312301636,100.0,137.523,100.0,-4.701653480529785
44.20127987861633,100.0,137.872,100.0,-4.76812744140625
44.23396635055542,100.0,138.153,100.0,-4.889670372009277
44.265355587005615,100.0,138.48,100.0,-4.945614814758301
44.297921895980835,100.0,139.059,100.0,-4.9982099533081055
44.33243489265442,100.0,139.261,100.0,-5.092803001403809
44.360851526260376,100.0,139.576,100.0,-5.1244401931762695
44.393847942352295,100.0,139.849,100.0,-5.159427642822266
44.42624807357788,100.0,140.128,100.0,-5.195315837860107
44.45903038978577,100.0,140.7,100.0,-5.271081447601318
44.49051880836487,100.0,141.134,100.0,-5.309781074523926
44.521926403045654,100.0,141.463,100.0,-5.355469226837158
44.5580952167511,100.0,141.821,100.0,-5.450839042663574
44.58666253089905,100.0,142.567,100.0,-5.502397537231445
44.61870884895325,100.0,142.964,100.0,-5.554739952087402
44.65054273605347,100.0,143.351,100.0,-5.609397888183594
44.67512655258179,100.0,143.661,100.0,-5.66539192199707
44.71863150596619,100.0,144.209,100.0,-5.771815299987793
44.75801610946655,100.0,144.615,100.0,-5.870468616485596
44.78961753845215,100.0,144.969,100.0,-5.922302722930908
44.82129740715027,100.0,146.188,100.0,-5.993986129760742
44.85691523551941,100.0,146.664,100.0,-6.1349029541015625
44.88482666015625,100.0,147.035,100.0,-6.2027130126953125
44.91710090637207,100.0,147.389,100.0,-6.267148017883301
44.948725938797,100.0,147.725,100.0,-6.328160762786865
44.98355507850647,100.0,148.342,100.0,-6.439333915710449
45.01369285583496,100.0,148.672,100.0,-6.478329658508301
45.043851375579834,100.0,149.051,100.0,-6.519412040710449
45.07607650756836,100.0,149.43,100.0,-6.5642290115356445
45.10762906074524,100.0,150.263,100.0,-6.664095878601074
45.13898015022278,100.0,150.622,100.0,-6.71858024597168
45.15554666519165,100.0,150.622,100.0,-6.772987365722656
45.1887891292572,100.0,151.295,100.0,-6.826118469238281
45.220688819885254,100.0,151.585,100.0,-6.878796577453613
45.257648229599,100.0,151.899,100.0,-6.978033065795898
45.283037424087524,100.0,152.196,100.0,-7.025706768035889
45.315245628356934,100.0,152.47,100.0,-7.071302890777588
45.34786510467529,100.0,153.209,100.0,-7.1164045333862305
45.388736724853516,100.0,153.891,100.0,-7.23203182220459
45.41848397254944,100.0,154.314,100.0,-7.297353744506836
45.443469524383545,100.0,154.687,100.0,-7.360728740692139
45.47461676597595,100.0,155.355,100.0,-7.419824600219727
45.507784843444824,100.0,155.761,100.0,-7.536742210388184
45.53983974456787,100.0,156.006,100.0,-7.589728355407715
45.57162570953369,100.0,156.525,100.0,-7.627793788909912
45.60379886627197,100.0,157.382,100.0,-7.676153182983398
45.63632893562317,100.0,157.892,100.0,-7.784106731414795
45.668686628341675,100.0,158.355,100.0,-7.8459391593933105
45.700380086898804,100.0,158.78,100.0,-7.910342693328857
45.73597049713135,100.0,159.081,100.0,-8.034912109375
45.7650933265686,100.0,159.868,100.0,-8.096351623535156
45.81154656410217,100.0,160.238,100.0,-8.214326858520508
45.84381318092346,100.0,160.973,100.0,-8.271872520446777
45.87632703781128,100.0,161.29,100.0,-8.328947067260742
45.90964865684509,100.0,161.702,100.0,-8.439777374267578
45.94046235084534,100.0,162.299,100.0,-8.505455017089844
45.972137689590454,100.0,163.012,100.0,-8.569183349609375
46.00543165206909,100.0,163.35,100.0,-8.629398345947266
46.037524461746216,100.0,163.705,100.0,-8.743532180786133
46.06899356842041,100.0,164.1,100.0,-8.800699234008789
46.110148191452026,100.0,164.802,100.0,-8.913606643676758
46.15223813056946,100.0,165.155,100.0,-8.96732234954834
46.183300733566284,100.0,165.713,100.0,-9.043898582458496
46.21596312522888,100.0,166.015,100.0,-9.082508087158203
46.248361587524414,100.0,166.28,100.0,-9.122171401977539
46.26561689376831,100.0,166.636,100.0,-9.161149978637695
46.29674935340881,100.0,167.025,100.0,-9.203474044799805
46.32810878753662,100.0,167.365,100.0,-9.249815940856934
46.360302448272705,100.0,167.958,100.0,-9.342960357666016
46.39232301712036,100.0,168.262,100.0,-9.388803482055664
46.42513966560364,100.0,168.505,100.0,-9.434370040893555
46.45772743225098,100.0,168.724,100.0,-9.516853332519531
46.48880696296692,100.0,169.106,100.0,-9.560995101928711
46.51947259902954,100.0,169.735,100.0,-9.604578018188477
46.5519073009491,100.0,170.052,100.0,-9.650139808654785
46.58450174331665,100.0,170.585,100.0,-9.751592636108398
46.61583614349365,100.0,170.996,100.0,-9.809186935424805
46.6483268737793,100.0,171.421,100.0,-9.854130744934082
46.679975509643555,100.0,171.674,100.0,-9.901168823242188
46.71198320388794,100.0,172.167,100.0,-9.998086929321289
46.74432301521301,100.0,172.882,100.0,-10.066126823425293
46.77750086784363,100.0,173.36,100.0,-10.136175155639648
46.81020998954773,100.0,174.254,100.0,-10.23961067199707
46.84174036979675,100.0,174.642,100.0,-10.299736976623535
46.884902238845825,100.0,174.996,100.0,-10.418291091918945
46.91368532180786,100.0,175.682,100.0,-10.471189498901367
46.946351051330566,100.0,176.0,100.0,-10.527631759643555
46.97829508781433,100.0,176.377,100.0,-10.581811904907227
47.01153802871704,100.0,176.729,100.0,-10.691102981567383
47.0419385433197,100.0,177.34,100.0,-10.744559288024902
47.074491024017334,100.0,177.737,100.0,-10.794474601745605
47.10918927192688,100.0,178.05,100.0,-10.897754669189453
47.13886785507202,100.0,178.362,100.0,-10.947351455688477
47.171207904815674,100.0,179.423,100.0,-11.012375831604004
47.203747510910034,100.0,179.794,100.0,-11.074908256530762
47.23595929145813,100.0,180.082,100.0,-11.192389488220215
47.26863217353821,100.0,180.435,100.0,-11.247922897338867
47.29983592033386,100.0,180.727,100.0,-11.300209999084473
47.33422064781189,100.0,181.32,100.0,-11.39736270904541
47.364309310913086,100.0,181.613,100.0,-11.444267272949219
47.39573574066162,100.0,181.906,100.0,-11.489957809448242
47.42834496498108,100.0,182.277,100.0,-11.522465705871582
47.46240568161011,100.0,182.962,100.0,-11.602170944213867
47.491785526275635,100.0,183.34,100.0,-11.64544677734375
47.52410054206848,100.0,183.701,100.0,-11.692146301269531
47.55434608459473,100.0,184.026,100.0,-11.740800857543945
47.587377309799194,100.0,184.751,100.0,-11.84147834777832
47.61910629272461,100.0,185.048,100.0,-11.892524719238281
47.651211738586426,100.0,185.353,100.0,-11.94184684753418
47.68735647201538,100.0,185.632,100.0,-12.03661823272705
47.71528387069702,100.0,185.985,100.0,-12.08474349975586
47.747920751571655,100.0,186.62,100.0,-12.128376007080078
47.7851185798645,100.0,186.959,100.0,-12.226515769958496
47.812033891677856,100.0,187.287,100.0,-12.27586555480957
47.84417009353638,100.0,188.002,100.0,-12.341462135314941
47.8762092590332,100.0,188.645,100.0,-12.403999328613281
47.91161513328552,100.0,188.95,100.0,-12.517352104187012
47.939841985702515,100.0,189.307,100.0,-12.572216987609863
47.971312522888184,100.0,189.671,100.0,-12.627176284790039
48.002482414245605,100.0,190.452,100.0,-12.684831619262695
48.03516626358032,100.0,190.769,100.0,-12.795833587646484
48.06722450256348,100.0,190.982,100.0,-12.835036277770996
48.09963941574097,100.0,191.191,100.0,-12.871501922607422
48.131383657455444,100.0,191.447,100.0,-12.90573787689209
48.16315507888794,100.0,192.253,100.0,-12.981027603149414
48.19527292251587,100.0,192.583,100.0,-13.027177810668945
48.227421283721924,100.0,192.914,100.0,-13.074165344238281
48.26034331321716,100.0,193.217,100.0,-13.168909072875977
48.3021125793457,100.0,194.043,100.0,-13.21475601196289
48.331982374191284,100.0,194.336,100.0,-13.27035140991211
48.36475324630737,100.0,194.834,100.0,-13.382220268249512
48.39649939537048,100.0,195.511,100.0,-13.43961238861084
48.42824101448059,100.0,195.878,100.0,-13.49551010131836
48.46071457862854,100.0,196.475,100.0,-13.617143630981445
48.49251413345337,100.0,196.475,100.0,-13.665197372436523
48.52481460571289,100.0,197.468,100.0,-13.727745056152344
48.55619168281555,100.0,197.76,100.0,-13.78691577911377
48.58851480484009,100.0,197.968,100.0,-13.890763282775879
48.62078928947449,100.0,198.268,100.0,-13.938146591186523
48.652215003967285,100.0,198.648,100.0,-13.987955093383789
48.68353509902954,100.0,199.382,100.0,-14.037294387817383
48.71695375442505,100.0,199.725,100.0,-14.114530563354492
48.749492168426514,100.0,200.11,100.0,-14.158607482910156
48.78087830543518,100.0,200.438,100.0,-14.206202507019043
48.81318140029907,100.0,201.102,100.0,-14.297266960144043
48.84464693069458,100.0,201.502,100.0,-14.347195625305176
48.87681746482849,100.0,201.905,100.0,-14.39999771118164
48.90875315666199,100.0,202.318,100.0,-14.455129623413086
48.94213080406189,100.0,202.625,100.0,-14.567036628723145
48.99313020706177,100.0,203.213,100.0,-14.668813705444336
49.03247928619385,100.0,204.021,100.0,-14.729801177978516
49.06575536727905,100.0,204.327,100.0,-14.83415412902832
49.097198724746704,100.0,204.518,100.0,-14.879037857055664
49.12930774688721,100.0,205.116,100.0,-14.924074172973633
49.16107749938965,100.0,205.454,100.0,-15.013931274414062
49.193074464797974,100.0,205.852,100.0,-15.063312530517578
49.22505712509155,100.0,206.144,100.0,-15.111111640930176
49.25682997703552,100.0,206.808,100.0,-15.15874195098877
49.29033017158508,100.0,207.083,100.0,-15.242573738098145
49.32095384597778,100.0,207.36,100.0,-15.27863883972168
49.353854179382324,100.0,207.635,100.0,-15.315603256225586
49.38630652427673,100.0,207.894,100.0,-15.390727996826172
49.41856670379639,100.0,208.485,100.0,-15.429544448852539
49.45042967796326,100.0,208.784,100.0,-15.469708442687988
49.48164248466492,100.0,209.062,100.0,-15.510937690734863
49.51515984535217,100.0,209.381,100.0,-15.595001220703125
49.5631046295166,100.0,209.822,100.0,-15.675477027893066
49.59446096420288,100.0,209.918,100.0,-15.705911636352539
49.62609314918518,100.0,210.443,100.0,-15.738072395324707
49.65866804122925,100.0,210.774,100.0,-15.771821975708008
49.69099426269531,100.0,211.027,100.0,-15.847248077392578
49.722496509552,100.0,211.328,100.0,-15.886824607849121
49.76510262489319,100.0,211.967,100.0,-15.971983909606934
49.79840278625488,100.0,212.3,100.0,-16.017589569091797
49.82981204986572,100.0,212.863,100.0,-16.074296951293945
49.86153864860535,100.0,214.156,100.0,-16.19463539123535
49.89328694343567,100.0,214.791,100.0,-16.258586883544922
49.9257595539093,100.0,215.219,100.0,-16.33228874206543
49.95838475227356,100.0,215.559,100.0,-16.40475082397461
49.98963284492493,100.0,216.224,100.0,-16.53632164001465
50.02164173126221,100.0,216.525,100.0,-16.59668731689453
50.05435061454773,100.0,216.82,100.0,-16.653223037719727
50.08651924133301,100.0,217.026,100.0,-16.75356101989746
50.11835503578186,100.0,217.41,100.0,-16.803255081176758
50.15027093887329,100.0,218.027,100.0,-16.852163314819336
50.18248152732849,100.0,218.326,100.0,-16.89984703063965
50.21493887901306,100.0,218.629,100.0,-16.992578506469727
50.247445583343506,100.0,219.128,100.0,-17.046430587768555
50.27919363975525,100.0,219.774,100.0,-17.099924087524414
50.3124577999115,100.0,220.029,100.0,-17.19866943359375
50.342493295669556,100.0,220.342,100.0,-17.245859146118164
50.374558210372925,100.0,220.521,100.0,-17.28714942932129
50.390079975128174,100.0,220.875,100.0,-17.331256866455078
50.423917293548584,100.0,221.215,100.0,-17.362707138061523
50.475515604019165,100.0,221.861,100.0,-17.43638801574707
50.50730752944946,100.0,222.139,100.0,-17.47772979736328
50.5392689704895,100.0,222.691,100.0,-17.55862045288086
50.57154941558838,100.0,222.962,100.0,-17.59971809387207
50.60429096221924,100.0,223.237,100.0,-17.640460968017578
50.63974356651306,100.0,223.552,100.0,-17.7233943939209
50.66766595840454,100.0,224.163,100.0,-17.766693115234375
50.69860076904297,100.0,224.481,100.0,-17.810495376586914
50.730313539505005,100.0,224.779,100.0,-17.8553524017334
50.76354193687439,100.0,225.071,100.0,-17.944759368896484
50.79470920562744,100.0,225.686,100.0,-18.002683639526367
50.827194929122925,100.0,226.285,100.0,-18.058273315429688
50.85871887207031,100.0,226.538,100.0,-18.110794067382812
50.89068937301636,100.0,226.848,100.0,-18.207809448242188
50.92327117919922,100.0,227.089,100.0,-18.25274658203125
50.955113649368286,100.0,227.36,100.0,-18.296384811401367
50.9866988658905,100.0,227.932,100.0,-18.340078353881836
51.01893711090088,100.0,228.259,100.0,-18.427446365356445
51.04950451850891,100.0,228.534,100.0,-18.459375381469727
51.08201861381531,100.0,228.812,100.0,-18.493194580078125
51.12217998504639,100.0,229.29,100.0,-18.563980102539062
51.15321660041809,100.0,229.542,100.0,-18.59882354736328
51.19261860847473,100.0,230.131,100.0,-18.67102813720703
51.22455644607544,100.0,230.408,100.0,-18.71019172668457
51.25830292701721,100.0,230.645,100.0,-18.74990463256836
51.29113698005676,100.0,231.027,100.0,-18.831966400146484
51.32055974006653,100.0,231.536,100.0,-18.873991012573242
51.352431297302246,100.0,231.793,100.0,-18.91516876220703
51.388904333114624,100.0,232.038,100.0,-18.994972229003906
51.416526794433594,100.0,232.602,100.0,-19.04690933227539
51.448678731918335,100.0,232.771,100.0,-19.091960906982422
51.48116183280945,100.0,233.233,100.0,-19.136198043823242
51.51279091835022,100.0,233.495,100.0,-19.21541404724121
51.544822454452515,100.0,233.677,100.0,-19.25135612487793
51.57606887817383,100.0,234.039,100.0,-19.292133331298828
51.607688426971436,100.0,234.626,100.0,-19.333890914916992
51.639753341674805,100.0,234.838,100.0,-19.40670394897461
51.688684940338135,100.0,235.417,100.0,-19.47201919555664
51.72005343437195,100.0,235.612,100.0,-19.50755500793457
51.75239634513855,100.0,235.935,100.0,-19.541120529174805
51.784979820251465,100.0,236.219,100.0,-19.57855987548828
51.81695771217346,100.0,236.696,100.0,-19.656320571899414
51.85712814331055,100.0,237.019,100.0,-19.693401336669922
51.89026856422424,100.0,237.327,100.0,-19.7755126953125
51.928165674209595,100.0,237.917,100.0,-19.819053649902344
51.96009922027588,100.0,238.14,100.0,-19.86222267150879
51.99136805534363,100.0,238.368,100.0,-19.941761016845703
52.02410531044006,100.0,238.803,100.0,-19.987995147705078
52.05487060546875,100.0,239.079,100.0,-20.02208709716797
52.08724904060364,100.0,239.168,100.0,-20.057449340820312
52.119651794433594,100.0,239.445,100.0,-20.11838722229004
52.15186047554016,100.0,239.794,100.0,-20.15571403503418
52.183769941329956,100.0,240.312,100.0,-20.19329833984375
52.215863943099976,100.0,240.661,100.0,-20.273387908935547
52.24845480918884,100.0,240.861,100.0,-20.303869247436523
52.27969431877136,100.0,241.0,100.0,-20.333812713623047
52.29739952087402,100.0,241.158,100.0,-20.360809326171875
52.32792067527771,100.0,241.247,100.0,-20.3863582611084
52.36035442352295,100.0,241.471,100.0,-20.407928466796875
52.392266511917114,100.0,241.909,100.0,-20.453401565551758
52.423661947250366,100.0,242.224,100.0,-20.482078552246094
52.45700979232788,100.0,242.505,100.0,-20.51572608947754
52.491706132888794,100.0,242.759,100.0,-20.588603973388672
52.52069568634033,100.0,243.013,100.0,-20.625965118408203
52.552512884140015,100.0,243.275,100.0,-20.657318115234375
52.577492237091064,100.0,243.355,100.0,-20.686542510986328
52.61032724380493,100.0,243.538,100.0,-20.710731506347656
52.64259719848633,100.0,244.18,100.0,-20.779666900634766
52.67412257194519,100.0,244.634,100.0,-20.831266403198242
52.706143379211426,100.0,245.332,100.0,-20.882064819335938
52.74199557304382,100.0,245.694,100.0,-20.991228103637695
52.770140171051025,100.0,245.855,100.0,-21.03860855102539
52.80284786224365,100.0,246.076,100.0,-21.08248519897461
52.834335803985596,100.0,246.456,100.0,-21.12143898010254
52.86823749542236,100.0,246.655,100.0,-21.19316864013672
52.89850473403931,100.0,246.889,100.0,-21.218032836914062
52.92965769767761,100.0,247.056,100.0,-21.245058059692383
52.96121072769165,100.0,247.052,100.0,-21.27098846435547
52.993303298950195,100.0,247.377,100.0,-21.301252365112305
53.02534627914429,100.0,247.657,100.0,-21.32227897644043
53.057392597198486,100.0,248.056,100.0,-21.348554611206055
53.093143701553345,100.0,248.698,100.0,-21.43650245666504
53.12204718589783,100.0,249.214,100.0,-21.49062156677246
53.153186321258545,100.0,249.469,100.0,-21.537111282348633
53.18593096733093,100.0,249.471,100.0,-21.581884384155273
53.21861386299133,100.0,249.586,100.0,-21.642911911010742
53.258575201034546,100.0,248.286,100.0,-21.626636505126953
53.28406000137329,100.0,247.727,100.0,-21.59386444091797
53.32443165779114,100.0,247.449,100.0,-21.491525650024414
53.3561007976532,100.0,247.481,100.0,-21.450706481933594
53.39215850830078,100.0,247.529,100.0,-21.396512985229492
53.4194176197052,100.0,247.702,100.0,-21.385690689086914
53.450379610061646,100.0,248.052,100.0,-21.391681671142578
53.483110427856445,100.0,248.206,100.0,-21.402475357055664
53.51508903503418,100.0,248.774,100.0,-21.451759338378906
53.54782700538635,100.0,249.003,100.0,-21.4716796875
53.57937002182007,100.0,249.124,100.0,-21.4962215423584
53.61160945892334,100.0,249.343,100.0,-21.51974868774414
53.64285969734192,100.0,249.76,100.0,-21.57529067993164
53.67438077926636,100.0,249.997,100.0,-21.605674743652344
53.70753264427185,100.0,250.215,100.0,-21.638362884521484
53.74004340171814,100.0,250.451,100.0,-21.706972122192383
53.77313780784607,100.0,250.872,100.0,-21.744285583496094
53.80562615394592,100.0,251.131,100.0,-21.778581619262695
53.836971044540405,100.0,251.366,100.0,-21.814882278442383
53.868595123291016,100.0,251.6,100.0,-21.888748168945312
53.899845123291016,100.0,251.885,100.0,-21.928125381469727
53.931888580322266,100.0,252.786,100.0,-21.985637664794922
53.95631957054138,100.0,253.024,100.0,-22.03815269470215
53.99433922767639,100.0,253.203,100.0,-22.13111686706543
54.02969765663147,100.0,253.338,100.0,-22.169055938720703
54.06144189834595,100.0,253.737,100.0,-22.20791244506836
54.09370255470276,100.0,253.89,100.0,-22.272659301757812
54.12520098686218,100.0,254.084,100.0,-22.302947998046875
54.15702748298645,100.0,254.253,100.0,-22.331735610961914
54.18921136856079,100.0,254.728,100.0,-22.361974716186523
54.221208333969116,100.0,254.873,100.0,-22.408977508544922
54.25283718109131,100.0,255.071,100.0,-22.432998657226562
54.28517270088196,100.0,255.271,100.0,-22.458255767822266
54.317811250686646,100.0,255.729,100.0,-22.51140785217285
54.349509716033936,100.0,256.011,100.0,-22.541749954223633
54.382121324539185,100.0,256.26,100.0,-22.575475692749023
54.41458702087402,100.0,256.517,100.0,-22.610429763793945
54.447006702423096,100.0,256.723,100.0,-22.681699752807617
54.47844886779785,100.0,257.084,100.0,-22.71476173400879
54.51078534126282,100.0,257.276,100.0,-22.74622917175293
54.543357372283936,100.0,257.473,100.0,-22.807350158691406
54.57508945465088,100.0,257.872,100.0,-22.84593963623047
54.60641860961914,100.0,258.222,100.0,-22.880538940429688
54.63893675804138,100.0,258.417,100.0,-22.913875579833984
54.66430306434631,100.0,258.619,100.0,-22.946147918701172
54.69403672218323,100.0,258.818,100.0,-23.00908851623535
54.72677540779114,100.0,259.04,100.0,-23.04084014892578
54.76005959510803,100.0,259.435,100.0,-23.07209587097168
54.78972029685974,100.0,259.646,100.0,-23.102760314941406
54.82126712799072,100.0,259.792,100.0,-23.161964416503906
54.85411810874939,100.0,259.987,100.0,-23.190372467041016
54.88591694831848,100.0,260.198,100.0,-23.210670471191406
54.91951036453247,100.0,260.64,100.0,-23.25728988647461
54.950175285339355,100.0,260.884,100.0,-23.285003662109375
54.98312425613403,100.0,261.084,100.0,-23.31511116027832
55.01485848426819,100.0,261.3,100.0,-23.345230102539062
55.046661376953125,100.0,261.765,100.0,-23.40654754638672
55.07902765274048,100.0,262.056,100.0,-23.439823150634766
55.110143184661865,100.0,262.345,100.0,-23.476194381713867
55.14508008956909,100.0,262.596,100.0,-23.553659439086914
55.172832012176514,100.0,262.885,100.0,-23.594141006469727
55.204532623291016,100.0,263.791,100.0,-23.642776489257812
55.23619842529297,100.0,264.589,100.0,-23.697669982910156
55.26799941062927,100.0,264.779,100.0,-23.83521270751953
55.30262613296509,100.0,264.979,100.0,-23.890581130981445
55.33262491226196,100.0,265.405,100.0,-23.939908981323242
55.373730421066284,100.0,265.581,100.0,-24.02526092529297
55.39996528625488,100.0,265.745,100.0,-24.06098175048828
55.427351236343384,100.0,265.923,100.0,-24.09388542175293
55.46630096435547,100.0,266.275,100.0,-24.124258041381836
55.49787187576294,100.0,266.494,100.0,-24.182849884033203
55.529601097106934,100.0,266.682,100.0,-24.2115421295166
55.561079263687134,100.0,266.906,100.0,-24.231708526611328
55.58810472488403,100.0,267.104,100.0,-24.254735946655273
55.62040185928345,100.0,267.516,100.0,-24.303359985351562
55.65206050872803,100.0,267.703,100.0,-24.330158233642578
55.68414258956909,100.0,267.895,100.0,-24.3569393157959
55.71667194366455,100.0,268.093,100.0,-24.383947372436523
55.748831272125244,100.0,268.435,100.0,-24.437633514404297
55.780192852020264,100.0,268.639,100.0,-24.46385955810547
55.81286334991455,100.0,268.815,100.0,-24.491029739379883
55.845091342926025,100.0,269.097,100.0,-24.548646926879883
55.87632966041565,100.0,269.262,100.0,-24.577817916870117
55.908177852630615,100.0,269.674,100.0,-24.6070556640625
55.940643310546875,100.0,269.94,100.0,-24.637027740478516
55.97237682342529,100.0,270.125,100.0,-24.701196670532227
56.00470733642578,100.0,270.331,100.0,-24.732534408569336
56.03687834739685,100.0,270.629,100.0,-24.762351989746094
56.071715354919434,100.0,270.832,100.0,-24.81662368774414
56.094836950302124,100.0,271.003,100.0,-24.843503952026367
56.13408327102661,100.0,271.196,100.0,-24.870790481567383
56.16515922546387,100.0,271.605,100.0,-24.898784637451172
56.197545528411865,100.0,271.833,100.0,-24.941497802734375
56.230231285095215,100.0,272.049,100.0,-24.967058181762695
56.26209378242493,100.0,272.296,100.0,-24.99437713623047
56.29614758491516,100.0,272.48,100.0,-25.053787231445312
56.32523512840271,100.0,272.833,100.0,-25.08207893371582
56.35796904563904,100.0,272.966,100.0,-25.11020851135254
56.37486815452576,100.0,273.152,100.0,-25.136035919189453
56.40692400932312,100.0,273.315,100.0,-25.16231346130371
56.43921113014221,100.0,273.477,100.0,-25.187976837158203
56.47310018539429,100.0,273.902,100.0,-25.24894905090332
56.50381875038147,100.0,274.104,100.0,-25.28363800048828
56.53589487075806,100.0,274.495,100.0,-25.31763458251953
56.567800760269165,100.0,274.676,100.0,-25.350112915039062
56.60006356239319,100.0,274.892,100.0,-25.41286277770996
56.63218283653259,100.0,275.098,100.0,-25.444372177124023
56.664652585983276,100.0,275.457,100.0,-25.475343704223633
56.69820523262024,100.0,275.599,100.0,-25.53158950805664
56.72904062271118,100.0,275.783,100.0,-25.558609008789062
56.76047897338867,100.0,275.941,100.0,-25.577932357788086
56.80410194396973,100.0,276.337,100.0,-25.619831085205078
56.842286825180054,100.0,276.446,100.0,-25.64398956298828
56.87372851371765,100.0,276.805,100.0,-25.68874740600586
56.90661954879761,100.0,276.957,100.0,-25.712594985961914
56.939319372177124,100.0,277.175,100.0,-25.735998153686523
56.971370458602905,100.0,277.352,100.0,-25.78787612915039
57.00345325469971,100.0,277.678,100.0,-25.81264877319336
57.03604173660278,100.0,277.84,100.0,-25.83805274963379
57.06788444519043,100.0,277.992,100.0,-25.863109588623047
57.10022330284119,100.0,278.407,100.0,-25.922374725341797
57.1317503452301,100.0,278.871,100.0,-25.957073211669922
57.164042472839355,100.0,279.091,100.0,-25.992847442626953
57.19759654998779,100.0,279.237,100.0,-26.06034278869629
57.22777009010315,100.0,279.427,100.0,-26.09158706665039
57.25959515571594,100.0,279.711,100.0,-26.119850158691406
57.29100036621094,100.0,279.894,100.0,-26.146472930908203
57.323647260665894,100.0,280.026,100.0,-26.197935104370117
57.354987382888794,100.0,280.191,100.0,-26.222469329833984
57.3880512714386,100.0,280.348,100.0,-26.246538162231445
57.422863245010376,100.0,280.687,100.0,-26.294143676757812
57.452025175094604,100.0,280.881,100.0,-26.311809539794922
57.48327827453613,100.0,281.066,100.0,-26.332195281982422
57.50303506851196,100.0,281.27,100.0,-26.354328155517578
57.548823595047,100.0,281.435,100.0,-26.40299415588379
57.576178789138794,100.0,281.777,100.0,-26.427148818969727
57.608494997024536,100.0,281.946,100.0,-26.452152252197266
57.62459444999695,100.0,282.098,100.0,-26.47723388671875
57.656333446502686,100.0,282.241,100.0,-26.501657485961914
57.689133167266846,100.0,282.376,100.0,-26.525197982788086
57.72042751312256,100.0,282.773,100.0,-26.5477294921875
57.753150939941406,100.0,282.99,100.0,-26.613574981689453
57.784849882125854,100.0,283.334,100.0,-26.645898818969727
57.81772232055664,100.0,283.483,100.0,-26.67583656311035
57.84958362579346,100.0,283.635,100.0,-26.730422973632812
57.88091826438904,100.0,283.811,100.0,-26.75695037841797
57.91364502906799,100.0,284.13,100.0,-26.78376007080078
57.945069551467896,100.0,284.293,100.0,-26.808732986450195
57.97725582122803,100.0,284.456,100.0,-26.85802459716797
58.0090274810791,100.0,284.622,100.0,-26.882572174072266
58.042386054992676,100.0,285.025,100.0,-26.908973693847656
58.07384943962097,100.0,285.201,100.0,-26.955636978149414
58.10615944862366,100.0,285.398,100.0,-26.97676658630371
58.13839411735535,100.0,285.584,100.0,-27.000011444091797
58.16590452194214,100.0,285.758,100.0,-27.024446487426758
58.1920702457428,100.0,285.922,100.0,-27.049299240112305
58.2253475189209,100.0,286.09,100.0,-27.098922729492188
58.251567363739014,100.0,286.243,100.0,-27.12322998046875
58.28215956687927,100.0,286.593,100.0,-27.148075103759766
58.31462788581848,100.0,286.748,100.0,-27.173259735107422
58.346941232681274,100.0,287.049,100.0,-27.197904586791992
58.37909746170044,100.0,287.236,100.0,-27.25824546813965
58.41036033630371,100.0,287.565,100.0,-27.28829574584961
58.44244408607483,100.0,287.73,100.0,-27.31574249267578
58.47555923461914,100.0,287.878,100.0,-27.368019104003906
58.506856203079224,100.0,288.021,100.0,-27.39236068725586
58.53918671607971,100.0,288.409,100.0,-27.418359756469727
58.57166385650635,100.0,288.573,100.0,-27.444807052612305
58.60411524772644,100.0,288.719,100.0,-27.495567321777344
58.63623380661011,100.0,288.867,100.0,-27.519580841064453
58.668676137924194,100.0,289.144,100.0,-27.543071746826172
58.70071887969971,100.0,289.307,100.0,-27.58779525756836
58.73259925842285,100.0,289.457,100.0,-27.610218048095703
58.764976263046265,100.0,289.615,100.0,-27.626220703125
58.79750967025757,100.0,289.875,100.0,-27.6439151763916
58.82829308509827,100.0,289.996,100.0,-27.680301666259766
58.868576765060425,100.0,290.113,100.0,-27.697948455810547
58.900453329086304,100.0,290.396,100.0,-27.733335494995117
58.93946576118469,100.0,290.554,100.0,-27.75215721130371
58.97509407997131,100.0,290.712,100.0,-27.79314422607422
59.00313353538513,100.0,290.996,100.0,-27.814123153686523
59.035051345825195,100.0,291.101,100.0,-27.835201263427734
59.06668019294739,100.0,291.182,100.0,-27.854764938354492
59.101301431655884,100.0,291.239,100.0,-27.886856079101562
59.131592750549316,100.0,291.34,100.0,-27.901355743408203
59.16345834732056,100.0,291.564,100.0,-27.916061401367188
59.2006356716156,100.0,291.752,100.0,-27.949745178222656
59.22758102416992,100.0,291.871,100.0,-27.96805191040039
59.25848913192749,100.0,292.02,100.0,-27.9874324798584
59.28946328163147,100.0,292.229,100.0,-28.006935119628906
59.32179927825928,100.0,292.385,100.0,-28.024219512939453
59.35463500022888,100.0,292.522,100.0,-28.062442779541016
59.38611960411072,100.0,292.699,100.0,-28.083810806274414
59.41869759559631,100.0,292.876,100.0,-28.099308013916016
59.4511079788208,100.0,293.185,100.0,-28.13695526123047
59.48287081718445,100.0,293.345,100.0,-28.15776252746582
59.51502251625061,100.0,293.528,100.0,-28.17955207824707
59.54713487625122,100.0,293.725,100.0,-28.203062057495117
59.588133096694946,100.0,294.035,100.0,-28.25399398803711
59.625986099243164,100.0,294.179,100.0,-28.302825927734375
59.65476608276367,100.0,294.712,100.0,-28.328147888183594
59.67893123626709,100.0,294.712,100.0,-28.36117935180664
59.71012997627258,100.0,294.865,100.0,-28.389511108398438
59.74242067337036,100.0,294.906,100.0,-28.412704467773438
59.77719449996948,100.0,295.015,100.0,-28.448810577392578
59.80656576156616,100.0,295.16,100.0,-28.467370986938477
59.83788728713989,100.0,295.473,100.0,-28.486392974853516
59.86990737915039,100.0,295.646,100.0,-28.50725555419922
59.90226697921753,100.0,295.834,100.0,-28.553462982177734
59.934179067611694,100.0,296.043,100.0,-28.57961082458496
59.96724891662598,100.0,296.195,100.0,-28.60504913330078
60.0027072429657,100.0,296.448,100.0,-28.651594161987305
60.0460467338562,100.0,297.168,100.0,-28.680217742919922
60.0781946182251,100.0,297.589,100.0,-28.73388671875
60.11028027534485,100.0,297.984,100.0,-28.775650024414062
60.14189147949219,100.0,298.229,100.0,-28.82325553894043
60.173736333847046,100.0,298.353,100.0,-28.868995666503906
60.20502233505249,100.0,298.614,100.0,-28.942028045654297
60.23827314376831,100.0,298.854,100.0,-28.97254180908203
60.26941514015198,100.0,298.973,100.0,-29.004674911499023
60.30936884880066,100.0,299.23,100.0,-29.058706283569336
60.33516812324524,100.0,299.37,100.0,-29.082435607910156
60.36161708831787,100.0,299.37,100.0,-29.105133056640625
60.40293908119202,100.0,299.62,100.0,-29.147075653076172
60.435133934020996,100.0,299.739,100.0,-29.16615867614746
60.46745944023132,100.0,299.965,100.0,-29.183305740356445
60.50280427932739,100.0,300.114,100.0,-29.219287872314453
60.54689335823059,100.0,300.465,100.0,-29.23889923095703
60.57955622673035,100.0,300.61,100.0,-29.282546997070312
60.611727237701416,100.0,300.749,100.0,-29.30390739440918
60.64360332489014,100.0,300.866,100.0,-29.31914710998535
60.67878079414368,100.0,301.123,100.0,-29.350467681884766
60.707618951797485,100.0,301.211,100.0,-29.3671817779541
60.73980903625488,100.0,301.257,100.0,-29.382627487182617
60.77231526374817,100.0,301.321,100.0,-29.39535140991211
60.80548691749573,100.0,301.753,100.0,-29.42183494567871
60.83635497093201,100.0,302.097,100.0,-29.44322967529297
60.868810176849365,100.0,302.615,100.0,-29.473159790039062
60.90499019622803,100.0,302.795,100.0,-29.55729103088379
60.933043241500854,100.0,302.911,100.0,-29.59211540222168
60.96479368209839,100.0,303.19,100.0,-29.623355865478516
60.99663996696472,100.0,303.351,100.0,-29.65233612060547
61.02890706062317,100.0,303.554,100.0,-29.708887100219727
61.07944321632385,100.0,303.877,100.0,-29.764162063598633
61.11147856712341,100.0,304.025,100.0,-29.789520263671875
61.1429488658905,100.0,304.206,100.0,-29.811994552612305
61.178213119506836,100.0,304.345,100.0,-29.850833892822266
61.207621574401855,100.0,304.479,100.0,-29.87018585205078
61.24014115333557,100.0,304.664,100.0,-29.89161491394043
61.27241015434265,100.0,304.878,100.0,-29.90689468383789
61.305351972579956,100.0,305.153,100.0,-29.946212768554688
61.33789420127869,100.0,305.296,100.0,-29.965909957885742
61.368173360824585,100.0,305.424,100.0,-29.985929489135742
61.40377712249756,100.0,305.579,100.0,-30.02608871459961
61.43120527267456,100.0,305.879,100.0,-30.04722785949707
61.4637176990509,100.0,306.007,100.0,-30.068525314331055
61.495487689971924,100.0,306.239,100.0,-30.089191436767578
61.527852296829224,100.0,306.351,100.0,-30.136245727539062
61.55987477302551,100.0,306.689,100.0,-30.159231185913086
61.590014696121216,100.0,306.829,100.0,-30.183258056640625
61.62261486053467,100.0,306.955,100.0,-30.206527709960938
61.65396690368652,100.0,307.067,100.0,-30.24921417236328
61.68563461303711,100.0,307.202,100.0,-30.26961898803711
61.71712279319763,100.0,307.464,100.0,-30.28891944885254
61.75790476799011,100.0,307.609,100.0,-30.32940101623535
61.78544878959656,100.0,307.711,100.0,-30.348323822021484
61.830212354660034,100.0,307.986,100.0,-30.387643814086914
61.85701584815979,100.0,308.134,100.0,-30.407703399658203
61.88973522186279,100.0,308.284,100.0,-30.42838478088379
61.90524959564209,100.0,308.451,100.0,-30.443252563476562
61.93687915802002,100.0,308.56,100.0,-30.460651397705078
61.96876931190491,100.0,308.641,100.0,-30.477584838867188
62.00043964385986,100.0,308.761,100.0,-30.493000030517578
62.03257203102112,100.0,309.018,100.0,-30.526140213012695
62.06484365463257,100.0,309.169,100.0,-30.543224334716797
62.0977725982666,100.0,309.473,100.0,-30.561748504638672
62.128501653671265,100.0,309.595,100.0,-30.612064361572266
62.160199880599976,100.0,309.842,100.0,-30.63504981994629
62.19214367866516,100.0,309.989,100.0,-30.656831741333008
62.22375822067261,100.0,310.113,100.0,-30.678768157958984
62.25670409202576,100.0,310.247,100.0,-30.72069549560547
62.28829336166382,100.0,310.363,100.0,-30.740591049194336
62.321414947509766,100.0,310.549,100.0,-30.758243560791016
62.35346817970276,100.0,310.64,100.0,-30.791168212890625
62.38511681556702,100.0,310.739,100.0,-30.806568145751953
62.41608810424805,100.0,310.879,100.0,-30.82330894470215
62.44018077850342,100.0,310.982,100.0,-30.83955192565918
62.47168803215027,100.0,311.119,100.0,-30.85109519958496
62.512441635131836,100.0,311.385,100.0,-30.880294799804688
62.54402494430542,100.0,311.539,100.0,-30.896583557128906
62.57632923126221,100.0,311.683,100.0,-30.914695739746094
62.608147382736206,100.0,311.964,100.0,-30.954204559326172
62.639747619628906,100.0,312.086,100.0,-30.974233627319336
62.67174983024597,100.0,312.32,100.0,-30.99387550354004
62.70600891113281,100.0,312.449,100.0,-31.040939331054688
62.73531365394592,100.0,312.671,100.0,-31.062562942504883
62.76790165901184,100.0,312.762,100.0,-31.0827579498291
62.80123424530029,100.0,312.849,100.0,-31.101171493530273
62.831746339797974,100.0,312.974,100.0,-31.13530921936035
62.86472487449646,100.0,313.095,100.0,-31.15273094177246
62.89633870124817,100.0,313.434,100.0,-31.172338485717773
62.93096089363098,100.0,313.588,100.0,-31.215476989746094
62.960981130599976,100.0,313.716,100.0,-31.236759185791016
62.9910352230072,100.0,313.797,100.0,-31.255586624145508
63.023680448532104,100.0,314.0,100.0,-31.27381706237793
63.05606770515442,100.0,314.116,100.0,-31.302749633789062
63.08891248703003,100.0,314.25,100.0,-31.31592559814453
63.12045454978943,100.0,314.338,100.0,-31.330760955810547
63.158546924591064,100.0,314.614,100.0,-31.360584259033203
63.1933171749115,100.0,314.736,100.0,-31.377727508544922
63.232545137405396,100.0,314.956,100.0,-31.41277313232422
63.26448392868042,100.0,315.177,100.0,-31.429645538330078
63.297988176345825,100.0,315.317,100.0,-31.45103645324707
63.329086780548096,100.0,315.456,100.0,-31.494016647338867
63.3611536026001,100.0,315.627,100.0,-31.516855239868164
63.39314842224121,100.0,315.899,100.0,-31.539329528808594
63.42479181289673,100.0,316.021,100.0,-31.561342239379883
63.456873416900635,100.0,316.114,100.0,-31.601699829101562
63.48930025100708,100.0,316.25,100.0,-31.621253967285156
63.52022385597229,100.0,316.473,100.0,-31.640094757080078
63.55223536491394,100.0,316.583,100.0,-31.658260345458984
63.5842969417572,100.0,316.648,100.0,-31.69126319885254
63.61642622947693,100.0,316.74,100.0,-31.70599365234375
63.648741245269775,100.0,316.938,100.0,-31.721012115478516
63.6808340549469,100.0,317.054,100.0,-31.745458602905273
63.71246862411499,100.0,317.158,100.0,-31.757213592529297
63.745277643203735,100.0,317.267,100.0,-31.769750595092773
63.77601623535156,100.0,317.425,100.0,-31.783126831054688
63.808716773986816,100.0,317.735,100.0,-31.81688690185547
63.83959364891052,100.0,317.887,100.0,-31.836597442626953
63.86300802230835,100.0,318.002,100.0,-31.85733413696289
63.89183950424194,100.0,318.087,100.0,-31.877302169799805
63.9356472492218,100.0,318.398,100.0,-31.91204071044922
63.95797610282898,100.0,318.398,100.0,-31.93347930908203
63.98953342437744,100.0,318.653,100.0,-31.95479965209961
64.02213907241821,100.0,318.74,100.0,-31.975385665893555
64.05729627609253,100.0,318.876,100.0,-32.01314926147461
64.08598613739014,100.0,319.02,100.0,-32.03303909301758
64.11828088760376,100.0,319.259,100.0,-32.052955627441406
64.15003418922424,100.0,319.359,100.0,-32.0719108581543
64.18276810646057,100.0,319.44,100.0,-32.10603713989258
64.21436405181885,100.0,319.546,100.0,-32.12207794189453
64.24620985984802,100.0,319.674,100.0,-32.138893127441406
64.28265953063965,100.0,319.915,100.0,-32.173179626464844
64.31325221061707,100.0,320.043,100.0,-32.19103240966797
64.34351110458374,100.0,320.152,100.0,-32.203887939453125
64.37583470344543,100.0,320.235,100.0,-32.217464447021484
64.40768718719482,100.0,320.467,100.0,-32.244415283203125
64.43918490409851,100.0,320.591,100.0,-32.259300231933594
64.47162699699402,100.0,320.746,100.0,-32.27513122558594
64.50897693634033,100.0,320.854,100.0,-32.31047058105469
64.53554725646973,100.0,321.205,100.0,-32.33388137817383
64.56824612617493,100.0,321.304,100.0,-32.35503387451172
64.60864543914795,100.0,321.381,100.0,-32.3920783996582
64.66338896751404,100.0,321.546,100.0,-32.42213439941406
64.69510269165039,100.0,321.821,100.0,-32.4387092590332
64.72624516487122,100.0,321.951,100.0,-32.45640563964844
64.75871992111206,100.0,322.119,100.0,-32.49485778808594
64.79048585891724,100.0,322.237,100.0,-32.5145263671875
64.82389903068542,100.0,322.496,100.0,-32.53367233276367
64.85521674156189,100.0,322.593,100.0,-32.55353546142578
64.8864996433258,100.0,322.677,100.0,-32.58888626098633
64.9188277721405,100.0,322.787,100.0,-32.605594635009766
64.95046901702881,100.0,322.858,100.0,-32.6175651550293
64.983238697052,100.0,323.061,100.0,-32.64098358154297
65.0151731967926,100.0,323.193,100.0,-32.6536979675293
65.04731822013855,100.0,323.345,100.0,-32.66819763183594
65.08061146736145,100.0,323.438,100.0,-32.68492889404297
65.11236357688904,100.0,323.704,100.0,-32.71723175048828
65.14436483383179,100.0,323.799,100.0,-32.735328674316406
65.17661786079407,100.0,323.895,100.0,-32.752445220947266
65.20831251144409,100.0,324.01,100.0,-32.78546905517578
65.24056649208069,100.0,324.254,100.0,-32.80199432373047
65.27232623100281,100.0,324.35,100.0,-32.819610595703125
65.30494904518127,100.0,324.441,100.0,-32.836387634277344
65.3292396068573,100.0,324.528,100.0,-32.85230255126953
65.36086320877075,100.0,324.586,100.0,-32.88060760498047
65.39391469955444,100.0,324.701,100.0,-32.894798278808594
65.42648124694824,100.0,324.949,100.0,-32.90974426269531
65.4588508605957,100.0,325.09,100.0,-32.94369888305664
65.4904556274414,100.0,325.208,100.0,-32.961463928222656
65.52275919914246,100.0,325.309,100.0,-32.97858428955078
65.55418276786804,100.0,325.465,100.0,-32.99468994140625
65.58608818054199,100.0,325.547,100.0,-33.01719665527344
65.61929702758789,100.0,325.686,100.0,-33.02824401855469
65.65021538734436,100.0,325.793,100.0,-33.041805267333984
65.68392419815063,100.0,325.935,100.0,-33.07209396362305
65.7141363620758,100.0,326.142,100.0,-33.08896255493164
65.74597001075745,100.0,326.408,100.0,-33.10468292236328
65.77712941169739,100.0,326.557,100.0,-33.127197265625
65.80942726135254,100.0,326.689,100.0,-33.17238998413086
65.84186005592346,100.0,326.921,100.0,-33.19404220581055
65.87266993522644,100.0,327.008,100.0,-33.214378356933594
65.90927219390869,100.0,327.113,100.0,-33.25060272216797
65.93672299385071,100.0,327.199,100.0,-33.267024993896484
65.98524904251099,100.0,327.413,100.0,-33.299564361572266
66.02526879310608,100.0,327.628,100.0,-33.315303802490234
66.04850459098816,100.0,327.734,100.0,-33.331390380859375
66.0846254825592,100.0,327.854,100.0,-33.363861083984375
66.11481475830078,100.0,327.935,100.0,-33.379112243652344
66.14679598808289,100.0,327.993,100.0,-33.3924446105957
66.17919754981995,100.0,328.16,100.0,-33.40509796142578
66.2105176448822,100.0,328.255,100.0,-33.423824310302734
66.24257254600525,100.0,328.377,100.0,-33.43457794189453
66.27392768859863,100.0,328.479,100.0,-33.44721221923828
66.30519556999207,100.0,328.571,100.0,-33.460472106933594
66.33949446678162,100.0,328.897,100.0,-33.49311447143555
66.37053918838501,100.0,329.011,100.0,-33.51116943359375
66.40331554412842,100.0,329.109,100.0,-33.529109954833984
66.43519282341003,100.0,329.21,100.0,-33.56298828125
66.46699237823486,100.0,329.408,100.0,-33.579654693603516
66.49987840652466,100.0,329.515,100.0,-33.5954475402832
66.53515577316284,100.0,329.608,100.0,-33.62666702270508
66.5641736984253,100.0,329.733,100.0,-33.642948150634766
66.59646034240723,100.0,329.939,100.0,-33.66045379638672
66.6285400390625,100.0,330.055,100.0,-33.67605209350586
66.66106510162354,100.0,330.146,100.0,-33.70756149291992
66.69201993942261,100.0,330.202,100.0,-33.72099304199219
66.72582173347473,100.0,330.351,100.0,-33.73680114746094
66.75327682495117,100.0,330.589,100.0,-33.75343704223633
66.79405903816223,100.0,330.747,100.0,-33.7823486328125
66.8251211643219,100.0,330.862,100.0,-33.79753112792969
66.85724139213562,100.0,331.084,100.0,-33.81327438354492
66.88895678520203,100.0,331.155,100.0,-33.84504318237305
66.92091703414917,100.0,331.237,100.0,-33.859840393066406
66.95341634750366,100.0,331.349,100.0,-33.873897552490234
66.9855809211731,100.0,331.535,100.0,-33.907047271728516
67.01607728004456,100.0,331.748,100.0,-33.92515563964844
67.04868841171265,100.0,331.885,100.0,-33.942562103271484
67.08117365837097,100.0,332.005,100.0,-33.960933685302734
67.1134250164032,100.0,332.105,100.0,-33.99688720703125
67.1448438167572,100.0,332.232,100.0,-34.012332916259766
67.17696857452393,100.0,332.274,100.0,-34.0260124206543
67.21082949638367,100.0,332.325,100.0,-34.04766845703125
67.2386519908905,100.0,332.378,100.0,-34.05693054199219
67.27133822441101,100.0,332.472,100.0,-34.067237854003906
67.30331707000732,100.0,332.72,100.0,-34.0787467956543
67.33737993240356,100.0,332.87,100.0,-34.109493255615234
67.36764478683472,100.0,332.979,100.0,-34.12608337402344
67.40063834190369,100.0,333.113,100.0,-34.14376449584961
67.42674088478088,100.0,333.177,100.0,-34.15665054321289
67.45450568199158,100.0,333.259,100.0,-34.168514251708984
67.49646210670471,100.0,333.414,100.0,-34.192222595214844
67.52780175209045,100.0,333.526,100.0,-34.20366668701172
67.56060242652893,100.0,333.628,100.0,-34.22991943359375
67.59246730804443,100.0,333.904,100.0,-34.24356460571289
67.62483668327332,100.0,333.994,100.0,-34.260982513427734
67.65661859512329,100.0,334.076,100.0,-34.27748489379883
67.68888759613037,100.0,334.174,100.0,-34.30823516845703
67.72065353393555,100.0,334.302,100.0,-34.32144546508789
67.75225305557251,100.0,334.42,100.0,-34.334129333496094
67.78448390960693,100.0,334.486,100.0,-34.3609733581543
67.81476593017578,100.0,334.589,100.0,-34.37447738647461
67.84784507751465,100.0,334.709,100.0,-34.38920974731445
67.87878751754761,100.0,334.875,100.0,-34.402915954589844
67.91109132766724,100.0,335.019,100.0,-34.43260955810547
67.94222617149353,100.0,335.086,100.0,-34.446990966796875
67.97430181503296,100.0,335.176,100.0,-34.46113586425781
68.00652837753296,100.0,335.333,100.0,-34.476444244384766
68.03865480422974,100.0,335.427,100.0,-34.496803283691406
68.07179498672485,100.0,335.526,100.0,-34.5071907043457
68.10348558425903,100.0,335.593,100.0,-34.51865768432617
68.12732362747192,100.0,335.727,100.0,-34.529624938964844
68.16206336021423,100.0,335.844,100.0,-34.5576057434082
68.18842935562134,100.0,336.095,100.0,-34.575523376464844
68.22554445266724,100.0,336.174,100.0,-34.591854095458984
68.25731873512268,100.0,336.288,100.0,-34.6070671081543
68.2895359992981,100.0,336.378,100.0,-34.63814926147461
68.32116174697876,100.0,336.494,100.0,-34.65126037597656
68.3538088798523,100.0,336.566,100.0,-34.6634635925293
68.38626456260681,100.0,336.668,100.0,-34.687782287597656
68.41885137557983,100.0,336.793,100.0,-34.702049255371094
68.45018243789673,100.0,337.034,100.0,-34.716888427734375
68.48193883895874,100.0,337.131,100.0,-34.73321533203125
68.5142514705658,100.0,337.221,100.0,-34.76454162597656
68.5625057220459,100.0,337.37,100.0,-34.793025970458984
68.59399032592773,100.0,337.449,100.0,-34.805755615234375
68.6258339881897,100.0,337.535,100.0,-34.81484603881836
68.66208958625793,100.0,337.768,100.0,-34.83646011352539
68.68878889083862,100.0,337.866,100.0,-34.84980392456055
68.72118759155273,100.0,337.969,100.0,-34.863525390625
68.75360751152039,100.0,338.054,100.0,-34.877750396728516
68.78540515899658,100.0,338.104,100.0,-34.90370178222656
68.81685447692871,100.0,338.354,100.0,-34.91981887817383
68.86147379875183,100.0,338.475,100.0,-34.95036697387695
68.88685321807861,100.0,338.55,100.0,-34.964988708496094
68.91223216056824,100.0,338.629,100.0,-34.97887420654297
68.94698762893677,100.0,338.767,100.0,-34.99134826660156
68.98038959503174,100.0,338.854,100.0,-35.003578186035156
69.01131272315979,100.0,338.948,100.0,-35.02875900268555
69.0428683757782,100.0,339.086,100.0,-35.043731689453125
69.07492637634277,100.0,339.312,100.0,-35.05945587158203
69.11157011985779,100.0,339.423,100.0,-35.09184265136719
69.13902592658997,100.0,339.514,100.0,-35.10755157470703
69.18782234191895,100.0,339.699,100.0,-35.13798141479492
69.2193808555603,100.0,339.76,100.0,-35.151283264160156
69.25203847885132,100.0,339.831,100.0,-35.163787841796875
69.28817653656006,100.0,339.961,100.0,-35.18196105957031
69.31600737571716,100.0,340.078,100.0,-35.19074630737305
69.34827923774719,100.0,340.167,100.0,-35.201744079589844
69.38049530982971,100.0,340.259,100.0,-35.213294982910156
69.41276025772095,100.0,340.481,100.0,-35.23945617675781
69.44380521774292,100.0,340.655,100.0,-35.25358581542969
69.47631788253784,100.0,340.731,100.0,-35.2711296081543
69.51336884498596,100.0,340.774,100.0,-35.30070114135742
69.5404143333435,100.0,340.813,100.0,-35.31206512451172
69.56865525245667,100.0,340.96,100.0,-35.3240852355957
69.59447431564331,100.0,341.065,100.0,-35.334896087646484
69.64501523971558,100.0,341.135,100.0,-35.35853958129883
69.67709970474243,100.0,341.308,100.0,-35.3697395324707
69.70950245857239,100.0,341.416,100.0,-35.39541244506836
69.74088406562805,100.0,341.544,100.0,-35.41044616699219
69.77348065376282,100.0,341.663,100.0,-35.42638397216797
69.80514287948608,100.0,341.918,100.0,-35.44389343261719
69.83887100219727,100.0,342.036,100.0,-35.4744873046875
69.87027382850647,100.0,342.137,100.0,-35.48870849609375
69.9010899066925,100.0,342.219,100.0,-35.503211975097656
69.93400287628174,100.0,342.269,100.0,-35.51713943481445
69.96670293807983,100.0,342.441,100.0,-35.54145431518555
69.99823713302612,100.0,342.51,100.0,-35.55384063720703
70.02977132797241,100.0,342.695,100.0,-35.56559371948242
70.06238412857056,100.0,342.787,100.0,-35.59736251831055
70.09399652481079,100.0,342.968,100.0,-35.612876892089844
70.12612795829773,100.0,343.035,100.0,-35.62758255004883
70.15830159187317,100.0,343.127,100.0,-35.641029357910156
70.1915066242218,100.0,343.223,100.0,-35.66830062866211
70.22289967536926,100.0,343.429,100.0,-35.68193054199219
70.25498485565186,100.0,343.546,100.0,-35.696651458740234
70.28699803352356,100.0,343.625,100.0,-35.72681427001953
70.33868837356567,100.0,343.842,100.0,-35.757286071777344
70.37639212608337,100.0,343.887,100.0,-35.770423889160156
70.40980458259583,100.0,344.023,100.0,-35.79523849487305
70.4403624534607,100.0,344.033,100.0,-35.803646087646484
70.47238397598267,100.0,344.098,100.0,-35.809417724609375
70.5034601688385,100.0,344.166,100.0,-35.81591033935547
70.53672361373901,100.0,344.428,100.0,-35.832969665527344
70.56827354431152,100.0,344.531,100.0,-35.84600830078125
70.6006121635437,100.0,344.593,100.0,-35.85977554321289
70.63300728797913,100.0,344.677,100.0,-35.872379302978516
70.6646044254303,100.0,344.799,100.0,-35.89925003051758
70.69646739959717,100.0,344.988,100.0,-35.91447448730469
70.72866725921631,100.0,345.089,100.0,-35.92864990234375
70.76115250587463,100.0,345.191,100.0,-35.943180084228516
70.7935197353363,100.0,345.261,100.0,-35.97175216674805
70.8255865573883,100.0,345.422,100.0,-35.985416412353516
70.85861945152283,100.0,345.514,100.0,-35.99831008911133
70.89023232460022,100.0,345.633,100.0,-36.02591323852539
70.92178416252136,100.0,345.744,100.0,-36.04105758666992
70.9543149471283,100.0,345.855,100.0,-36.056724548339844
70.98407483100891,100.0,346.05,100.0,-36.07241439819336
71.02567172050476,100.0,346.112,100.0,-36.1014404296875
71.05832052230835,100.0,346.166,100.0,-36.11131286621094
71.07799339294434,100.0,346.223,100.0,-36.12049102783203
71.11505675315857,100.0,346.42,100.0,-36.138938903808594
71.14546966552734,100.0,346.536,100.0,-36.15044021606445
71.17835736274719,100.0,346.646,100.0,-36.163536071777344
71.20985674858093,100.0,346.697,100.0,-36.177616119384766
71.2408492565155,100.0,346.929,100.0,-36.20494079589844
71.2739565372467,100.0,347.041,100.0,-36.2194938659668
71.30577111244202,100.0,347.125,100.0,-36.234764099121094
71.34036302566528,100.0,347.21,100.0,-36.26359939575195
71.36966872215271,100.0,347.3,100.0,-36.277645111083984
71.40168905258179,100.0,347.47,100.0,-36.290653228759766
71.43345904350281,100.0,347.573,100.0,-36.304283142089844
71.4654893875122,100.0,347.635,100.0,-36.331275939941406
71.49764609336853,100.0,347.742,100.0,-36.34498596191406
71.52993941307068,100.0,347.927,100.0,-36.35890579223633
71.56539106369019,100.0,348.039,100.0,-36.38734817504883
71.59241127967834,100.0,348.12,100.0,-36.40135955810547
71.62428331375122,100.0,348.184,100.0,-36.414161682128906
71.65613007545471,100.0,348.265,100.0,-36.42673873901367
71.6880898475647,100.0,348.481,100.0,-36.446205139160156
71.72634196281433,100.0,348.594,100.0,-36.458465576171875
71.75145483016968,100.0,348.67,100.0,-36.472007751464844
71.79250478744507,100.0,348.807,100.0,-36.497100830078125
71.82374668121338,100.0,348.861,100.0,-36.50876235961914
71.85713577270508,100.0,348.955,100.0,-36.51936721801758
71.88862729072571,100.0,349.148,100.0,-36.547142028808594
71.9209885597229,100.0,349.32,100.0,-36.56302261352539
71.96904373168945,100.0,349.457,100.0,-36.591041564941406
72.00132894515991,100.0,349.532,100.0,-36.603912353515625
72.03142356872559,100.0,349.616,100.0,-36.61631393432617
72.06424140930176,100.0,349.694,100.0,-36.64091110229492
72.0948588848114,100.0,349.736,100.0,-36.65140151977539
72.1272885799408,100.0,349.912,100.0,-36.663028717041016
72.15939521789551,100.0,349.987,100.0,-36.674530029296875
72.19114184379578,100.0,350.107,100.0,-36.699058532714844
72.22335600852966,100.0,350.201,100.0,-36.7125129699707
72.25534009933472,100.0,350.276,100.0,-36.72539520263672
72.28953266143799,100.0,350.405,100.0,-36.748817443847656
72.31952095031738,100.0,350.44,100.0,-36.756866455078125
72.35184741020203,100.0,350.523,100.0,-36.76390075683594
72.38418865203857,100.0,350.653,100.0,-36.77219009399414
72.41615796089172,100.0,350.829,100.0,-36.79562759399414
72.4574670791626,100.0,350.93,100.0,-36.807716369628906
72.49766063690186,100.0,351.038,100.0,-36.8323974609375
72.52886891365051,100.0,351.171,100.0,-36.843055725097656
72.56531500816345,100.0,351.336,100.0,-36.872779846191406
72.5939781665802,100.0,351.471,100.0,-36.88936996459961
72.62526726722717,100.0,351.532,100.0,-36.90276336669922
72.65760326385498,100.0,351.601,100.0,-36.915016174316406
72.68937277793884,100.0,351.673,100.0,-36.93814468383789
72.72217893600464,100.0,351.774,100.0,-36.95055389404297
72.75304913520813,100.0,351.908,100.0,-36.96335220336914
72.78941321372986,100.0,351.986,100.0,-36.98548126220703
72.81740975379944,100.0,352.069,100.0,-36.996917724609375
72.85022211074829,100.0,352.142,100.0,-37.0081787109375
72.88211464881897,100.0,352.354,100.0,-37.02161407470703
72.91432595252991,100.0,352.437,100.0,-37.04798889160156
72.94637537002563,100.0,352.537,100.0,-37.06166076660156
72.97765231132507,100.0,352.57,100.0,-37.072959899902344
73.01461553573608,100.0,352.718,100.0,-37.08970260620117
73.04182052612305,100.0,352.766,100.0,-37.098915100097656
73.07394766807556,100.0,352.869,100.0,-37.1074333190918
73.10497975349426,100.0,352.94,100.0,-37.117733001708984
73.13805747032166,100.0,353.018,100.0,-37.13874816894531
73.16941952705383,100.0,353.252,100.0,-37.1537971496582
73.19552636146545,100.0,353.336,100.0,-37.167266845703125
73.22910928726196,100.0,353.425,100.0,-37.18059539794922
73.26076555252075,100.0,353.491,100.0,-37.19401931762695
73.29277014732361,100.0,353.608,100.0,-37.22050476074219
73.32506608963013,100.0,353.703,100.0,-37.23465347290039
73.3571708202362,100.0,353.781,100.0,-37.24625015258789
73.39179682731628,100.0,353.856,100.0,-37.26700973510742
73.4217221736908,100.0,353.933,100.0,-37.2776985168457
73.45345258712769,100.0,354.042,100.0,-37.28990936279297
73.48542642593384,100.0,354.165,100.0,-37.30174255371094
73.5171971321106,100.0,354.248,100.0,-37.32001495361328
73.54979705810547,100.0,354.361,100.0,-37.32876968383789
73.58154392242432,100.0,354.437,100.0,-37.33967971801758
73.61708450317383,100.0,354.557,100.0,-37.363677978515625
73.64564275741577,100.0,354.691,100.0,-37.37625503540039
73.6774492263794,100.0,354.827,100.0,-37.38785171508789
73.71013855934143,100.0,354.879,100.0,-37.401920318603516
73.74089431762695,100.0,354.963,100.0,-37.42689895629883
73.77306151390076,100.0,355.104,100.0,-37.440162658691406
73.8062584400177,100.0,355.164,100.0,-37.451515197753906
73.84306740760803,100.0,355.25,100.0,-37.47341537475586
73.87666583061218,100.0,355.335,100.0,-37.48504638671875
73.92283987998962,100.0,355.503,100.0,-37.50924301147461
73.96136021614075,100.0,355.634,100.0,-37.520538330078125
73.99258184432983,100.0,355.74,100.0,-37.54388427734375
74.02478098869324,100.0,355.767,100.0,-37.55393600463867
74.05650067329407,100.0,355.798,100.0,-37.5623893737793
74.0916154384613,100.0,355.892,100.0,-37.57890319824219
74.11972713470459,100.0,355.955,100.0,-37.583839416503906
74.15208792686462,100.0,356.033,100.0,-37.58972930908203
74.18408703804016,100.0,356.095,100.0,-37.597007751464844
74.21529841423035,100.0,356.266,100.0,-37.61298370361328
74.24747395515442,100.0,356.331,100.0,-37.623191833496094
74.27937054634094,100.0,356.385,100.0,-37.63330078125
74.3123688697815,100.0,356.523,100.0,-37.64286422729492
74.34349393844604,100.0,356.661,100.0,-37.67060470581055
74.37551164627075,100.0,356.823,100.0,-37.68621063232422
74.40788078308105,100.0,356.872,100.0,-37.70003128051758
74.4406144618988,100.0,356.942,100.0,-37.72396469116211
74.47300791740417,100.0,356.979,100.0,-37.73402786254883
74.50325775146484,100.0,357.154,100.0,-37.74530029296875
74.53499984741211,100.0,357.226,100.0,-37.75670623779297
74.56728625297546,100.0,357.306,100.0,-37.77943420410156
74.60720372200012,100.0,357.421,100.0,-37.78922653198242
74.64213538169861,100.0,357.527,100.0,-37.811363220214844
74.68133735656738,100.0,357.581,100.0,-37.82219696044922
74.71360492706299,100.0,357.732,100.0,-37.829986572265625
74.74563026428223,100.0,357.785,100.0,-37.84772491455078
74.77735257148743,100.0,357.901,100.0,-37.85658645629883
74.81049489974976,100.0,357.994,100.0,-37.86775207519531
74.84323692321777,100.0,358.085,100.0,-37.89063262939453
74.87380361557007,100.0,358.104,100.0,-37.90013122558594
74.9062488079071,100.0,358.158,100.0,-37.907711029052734
74.93826174736023,100.0,358.234,100.0,-37.915287017822266
74.96997261047363,100.0,358.33,100.0,-37.933868408203125
75.0016827583313,100.0,358.498,100.0,-37.94419479370117
75.03333020210266,100.0,358.631,100.0,-37.95563507080078
75.06682705879211,100.0,358.723,100.0,-37.98359298706055
75.09712958335876,100.0,358.867,100.0,-37.99995803833008
75.12959456443787,100.0,358.954,100.0,-38.01371383666992
75.16127157211304,100.0,358.994,100.0,-38.02573013305664
75.19411087036133,100.0,359.022,100.0,-38.04469299316406
75.22511315345764,100.0,359.066,100.0,-38.05259323120117
75.25544762611389,100.0,359.097,100.0,-38.059425354003906
75.29181957244873,100.0,359.214,100.0,-38.073856353759766
75.32003855705261,100.0,359.328,100.0,-38.083900451660156
75.35991358757019,100.0,359.395,100.0,-38.091129302978516
75.40010690689087,100.0,359.584,100.0,-38.10784149169922
75.43124079704285,100.0,359.622,100.0,-38.11882019042969
75.46353793144226,100.0,359.724,100.0,-38.12839126586914
75.49486517906189,100.0,359.854,100.0,-38.15065002441406
75.52700901031494,100.0,359.964,100.0,-38.16118240356445
75.55923771858215,100.0,360.068,100.0,-38.17341232299805
75.59198546409607,100.0,360.101,100.0,-38.197818756103516
75.62313795089722,100.0,360.158,100.0,-38.20682907104492
75.65541625022888,100.0,360.241,100.0,-38.21467208862305
75.68714618682861,100.0,360.316,100.0,-38.22367477416992
75.71837091445923,100.0,360.405,100.0,-38.243858337402344
75.75028705596924,100.0,360.485,100.0,-38.2548828125
75.78144025802612,100.0,360.672,100.0,-38.26652526855469
75.81427121162415,100.0,360.728,100.0,-38.27918243408203
75.84608173370361,100.0,360.823,100.0,-38.30316925048828
75.87805080413818,100.0,360.856,100.0,-38.31357955932617
75.91023111343384,100.0,360.971,100.0,-38.32589340209961
75.94529390335083,100.0,361.146,100.0,-38.34864044189453
75.97375750541687,100.0,361.169,100.0,-38.3586311340332
76.00638604164124,100.0,361.252,100.0,-38.36674499511719
76.04087162017822,100.0,361.359,100.0,-38.375938415527344
76.07521677017212,100.0,361.462,100.0,-38.39311218261719
76.10381174087524,100.0,361.481,100.0,-38.40348434448242
76.12714910507202,100.0,361.59,100.0,-38.41175842285156
76.15920758247375,100.0,361.626,100.0,-38.42219161987305
76.19443655014038,100.0,361.682,100.0,-38.440040588378906
76.22344517707825,100.0,361.833,100.0,-38.45009994506836
76.25528335571289,100.0,361.892,100.0,-38.45990753173828
76.28734278678894,100.0,361.95,100.0,-38.46944046020508
76.31942582130432,100.0,362.031,100.0,-38.488765716552734
76.35255599021912,100.0,362.187,100.0,-38.49974822998047
76.3833794593811,100.0,362.264,100.0,-38.510528564453125
76.41808581352234,100.0,362.34,100.0,-38.53276062011719
76.44723010063171,100.0,362.354,100.0,-38.54146194458008
76.47975587844849,100.0,362.443,100.0,-38.5513916015625
76.51134657859802,100.0,362.524,100.0,-38.56063461303711
76.5441472530365,100.0,362.671,100.0,-38.58031463623047
76.57607650756836,100.0,362.794,100.0,-38.59404754638672
76.60795021057129,100.0,362.983,100.0,-38.61206817626953
76.64500951766968,100.0,363.148,100.0,-38.639530181884766
76.67262434959412,100.0,363.195,100.0,-38.652435302734375
76.70400738716125,100.0,363.246,100.0,-38.66379165649414
76.73673701286316,100.0,363.319,100.0,-38.674110412597656
76.77651071548462,100.0,363.436,100.0,-38.69471740722656
76.81130123138428,100.0,363.553,100.0,-38.70420837402344
76.84383893013,100.0,363.675,100.0,-38.72943115234375
76.87517857551575,100.0,363.785,100.0,-38.741920471191406
76.90667176246643,100.0,363.844,100.0,-38.752994537353516
76.938969373703,100.0,363.902,100.0,-38.763431549072266
76.97076225280762,100.0,363.984,100.0,-38.783851623535156
77.00411057472229,100.0,364.072,100.0,-38.795082092285156
77.0346930027008,100.0,364.216,100.0,-38.80644989013672
77.06991291046143,100.0,364.267,100.0,-38.827449798583984
77.0994918346405,100.0,364.29,100.0,-38.83557891845703
77.13093781471252,100.0,364.379,100.0,-38.84502410888672
77.16306614875793,100.0,364.46,100.0,-38.852928161621094
77.19540357589722,100.0,364.468,100.0,-38.866153717041016
77.22723650932312,100.0,364.519,100.0,-38.87016296386719
77.25852131843567,100.0,364.602,100.0,-38.87488555908203
77.29462790489197,100.0,364.663,100.0,-38.88873291015625
77.32216191291809,100.0,364.805,100.0,-38.89744186401367
77.35528326034546,100.0,364.855,100.0,-38.90605545043945
77.38729357719421,100.0,364.947,100.0,-38.91434097290039
77.41922688484192,100.0,365.039,100.0,-38.93510818481445
77.44369530677795,100.0,365.201,100.0,-38.94991683959961
77.47616744041443,100.0,365.271,100.0,-38.96381378173828
77.50330853462219,100.0,365.377,100.0,-38.97568893432617
77.54430985450745,100.0,365.441,100.0,-38.99818801879883
77.57397627830505,100.0,365.499,100.0,-39.00861358642578
77.60646629333496,100.0,365.577,100.0,-39.01941680908203
77.63840508460999,100.0,365.644,100.0,-39.02873992919922
77.6711163520813,100.0,365.697,100.0,-39.04456329345703
77.70294642448425,100.0,365.75,100.0,-39.052337646484375
77.73523426055908,100.0,365.867,100.0,-39.057830810546875
77.76968741416931,100.0,366.038,100.0,-39.07540512084961
77.80021905899048,100.0,366.091,100.0,-39.08626174926758
77.83113598823547,100.0,366.121,100.0,-39.09638595581055
77.86342549324036,100.0,366.199,100.0,-39.10497283935547
77.89539837837219,100.0,366.335,100.0,-39.124107360839844
77.92612218856812,100.0,366.456,100.0,-39.13389205932617
77.95847225189209,100.0,366.493,100.0,-39.14603805541992
77.99589681625366,100.0,366.54,100.0,-39.16600799560547
78.02275156974792,100.0,366.606,100.0,-39.175636291503906
78.05401229858398,100.0,366.69,100.0,-39.1842041015625
78.08583545684814,100.0,366.718,100.0,-39.192203521728516
78.11843490600586,100.0,366.738,100.0,-39.20469665527344
78.15954780578613,100.0,366.844,100.0,-39.21058654785156
78.1919481754303,100.0,366.953,100.0,-39.226253509521484
78.23128032684326,100.0,367.045,100.0,-39.236732482910156
78.26298785209656,100.0,367.245,100.0,-39.24843978881836
78.29532384872437,100.0,367.285,100.0,-39.272518157958984
78.32806634902954,100.0,367.377,100.0,-39.284523010253906
78.3609504699707,100.0,367.438,100.0,-39.293296813964844
78.39071393013,100.0,367.622,100.0,-39.30213165283203
78.42293405532837,100.0,367.678,100.0,-39.32294464111328
78.45485758781433,100.0,367.734,100.0,-39.3336181640625
78.48721504211426,100.0,367.776,100.0,-39.34370803833008
78.51970505714417,100.0,367.807,100.0,-39.360538482666016
78.55208206176758,100.0,367.954,100.0,-39.36940383911133
78.5836398601532,100.0,368.015,100.0,-39.37856674194336
78.6157021522522,100.0,368.132,100.0,-39.3877067565918
78.64759540557861,100.0,368.176,100.0,-39.409400939941406
78.67980217933655,100.0,368.29,100.0,-39.419395446777344
78.71208810806274,100.0,368.366,100.0,-39.42879104614258
78.74487447738647,100.0,368.416,100.0,-39.4480094909668
78.77642631530762,100.0,368.483,100.0,-39.457481384277344
78.8085446357727,100.0,368.634,100.0,-39.46849060058594
78.84056210517883,100.0,368.711,100.0,-39.47863006591797
78.87503004074097,100.0,368.767,100.0,-39.49917984008789
78.92988014221191,100.0,368.799,100.0,-39.514076232910156
78.96230626106262,100.0,368.93,100.0,-39.52064895629883
78.99499130249023,100.0,368.953,100.0,-39.53468704223633
79.02676486968994,100.0,369.031,100.0,-39.53914260864258
79.0589234828949,100.0,369.123,100.0,-39.54539489746094
79.09147524833679,100.0,369.178,100.0,-39.55363845825195
79.1237428188324,100.0,369.292,100.0,-39.57119369506836
79.15537524223328,100.0,369.331,100.0,-39.5793342590332
79.17165732383728,100.0,369.39,100.0,-39.586814880371094
79.20369267463684,100.0,369.424,100.0,-39.594627380371094
79.23571419715881,100.0,369.585,100.0,-39.60165023803711
79.26900959014893,100.0,369.638,100.0,-39.613399505615234
79.30003070831299,100.0,369.725,100.0,-39.635860443115234
79.3318018913269,100.0,369.811,100.0,-39.64654541015625
79.364173412323,100.0,369.872,100.0,-39.655757904052734
79.39680671691895,100.0,369.906,100.0,-39.67302703857422
79.42548418045044,100.0,369.942,100.0,-39.680294036865234
79.4571430683136,100.0,369.976,100.0,-39.686866760253906
79.48985576629639,100.0,370.071,100.0,-39.69383239746094
79.52197289466858,100.0,370.129,100.0,-39.70745849609375
79.5540132522583,100.0,370.199,100.0,-39.71541213989258
79.58220744132996,100.0,370.246,100.0,-39.72309112548828
79.6239104270935,100.0,370.338,100.0,-39.7350959777832
79.68031692504883,100.0,370.405,100.0,-39.74677276611328
79.71282196044922,100.0,370.428,100.0,-39.751888275146484
79.74536180496216,100.0,370.55,100.0,-39.76312255859375
79.77775406837463,100.0,370.606,100.0,-39.769439697265625
79.80923104286194,100.0,370.687,100.0,-39.77629089355469
79.84159874916077,100.0,370.707,100.0,-39.784610748291016
79.87510919570923,100.0,370.841,100.0,-39.8000602722168
79.90504431724548,100.0,370.913,100.0,-39.80830764770508
79.93717908859253,100.0,370.957,100.0,-39.817317962646484
79.96968460083008,100.0,370.996,100.0,-39.83348846435547
80.00031471252441,100.0,371.004,100.0,-39.839412689208984
80.03297543525696,100.0,371.06,100.0,-39.844688415527344
80.0647714138031,100.0,371.105,100.0,-39.849632263183594
80.09724950790405,100.0,371.125,100.0,-39.85954666137695
80.12895226478577,100.0,371.15,100.0,-39.863773345947266
80.16096568107605,100.0,371.228,100.0,-39.86903762817383
80.1928973197937,100.0,371.309,100.0,-39.873680114746094
80.22493505477905,100.0,371.354,100.0,-39.88701629638672
80.2566282749176,100.0,371.423,100.0,-39.894737243652344
80.28898453712463,100.0,371.521,100.0,-39.90036392211914
80.32204413414001,100.0,371.61,100.0,-39.91567611694336
80.34731960296631,100.0,371.61,100.0,-39.923362731933594
80.38270616531372,100.0,371.661,100.0,-39.93012619018555
80.41439938545227,100.0,371.742,100.0,-39.93596649169922
80.44585800170898,100.0,371.829,100.0,-39.95074462890625
80.47857594490051,100.0,371.9,100.0,-39.9578971862793
80.51031994819641,100.0,371.942,100.0,-39.96604919433594
80.54791307449341,100.0,371.983,100.0,-39.9810676574707
80.57489705085754,100.0,369.283,100.0,-39.928184509277344
80.60617780685425,100.0,367.973,100.0,-39.83183670043945
80.63848423957825,100.0,366.637,100.0,-39.70235061645508
80.67049884796143,100.0,366.743,100.0,-39.43159484863281
80.70200562477112,100.0,366.733,100.0,-39.34365463256836
80.7341980934143,100.0,366.795,100.0,-39.27853012084961
80.76625227928162,100.0,366.856,100.0,-39.231475830078125
80.79818201065063,100.0,366.958,100.0,-39.181209564208984
80.83070135116577,100.0,367.061,100.0,-39.17323303222656
80.86482310295105,100.0,367.192,100.0,-39.171714782714844
80.89505577087402,100.0,367.281,100.0,-39.18278503417969
80.92647743225098,100.0,367.328,100.0,-39.1903076171875
80.9589102268219,100.0,367.437,100.0,-39.19942855834961
80.99115657806396,100.0,367.493,100.0,-39.212257385253906
81.02493858337402,100.0,367.637,100.0,-39.2404899597168
81.05734276771545,100.0,367.651,100.0,-39.2552604675293
81.08308744430542,100.0,367.742,100.0,-39.267982482910156
81.12207508087158,100.0,367.754,100.0,-39.29429626464844
81.1542546749115,100.0,367.877,100.0,-39.30601501464844
81.18548703193665,100.0,367.899,100.0,-39.31861877441406
81.22357559204102,100.0,367.966,100.0,-39.341060638427734
81.24928689002991,100.0,368.047,100.0,-39.35350799560547
81.28177165985107,100.0,368.092,100.0,-39.3651237487793
81.31369543075562,100.0,368.217,100.0,-39.37751007080078
81.34664011001587,100.0,368.256,100.0,-39.39943313598633
81.37866568565369,100.0,368.318,100.0,-39.410037994384766
81.41115427017212,100.0,368.362,100.0,-39.41811752319336
81.44259285926819,100.0,368.451,100.0,-39.42606735229492
81.47507381439209,100.0,368.498,100.0,-39.44259262084961
81.50686240196228,100.0,368.54,100.0,-39.45014572143555
81.53905415534973,100.0,368.568,100.0,-39.4575309753418
81.57039952278137,100.0,368.643,100.0,-39.46418380737305
81.60251045227051,100.0,368.699,100.0,-39.47964096069336
81.63549613952637,100.0,368.766,100.0,-39.486026763916016
81.66667938232422,100.0,368.808,100.0,-39.49350357055664
81.69922685623169,100.0,368.841,100.0,-39.50749206542969
81.72525715827942,100.0,368.886,100.0,-39.514286041259766
81.76541090011597,100.0,368.975,100.0,-39.5210075378418
81.79930663108826,100.0,369.009,100.0,-39.53430938720703
81.83102369308472,100.0,369.092,100.0,-39.542457580566406
81.86415815353394,100.0,369.184,100.0,-39.55079650878906
81.89989686012268,100.0,369.229,100.0,-39.56589889526367
81.92732429504395,100.0,369.26,100.0,-39.572635650634766
81.95999050140381,100.0,369.318,100.0,-39.57994079589844
81.99138569831848,100.0,369.36,100.0,-39.58525085449219
82.02455496788025,100.0,369.527,100.0,-39.59870147705078
82.05726432800293,100.0,369.577,100.0,-39.607513427734375
82.08664917945862,100.0,369.621,100.0,-39.61608123779297
82.12473511695862,100.0,369.655,100.0,-39.63154220581055
82.1507306098938,100.0,369.783,100.0,-39.63849639892578
82.18312430381775,100.0,369.839,100.0,-39.64724349975586
82.21489906311035,100.0,369.903,100.0,-39.65599060058594
82.2469253540039,100.0,369.925,100.0,-39.67262268066406
82.27910828590393,100.0,369.964,100.0,-39.67971420288086
82.311763048172,100.0,370.053,100.0,-39.68573760986328
82.34360861778259,100.0,370.081,100.0,-39.69282531738281
82.37644529342651,100.0,370.168,100.0,-39.707218170166016
82.40731477737427,100.0,370.209,100.0,-39.714839935302734
82.44812870025635,100.0,370.301,100.0,-39.72919464111328
82.4828040599823,100.0,370.335,100.0,-39.7359733581543
82.51645731925964,100.0,370.419,100.0,-39.744354248046875
82.54760241508484,100.0,370.528,100.0,-39.75570297241211
82.57958483695984,100.0,370.553,100.0,-39.76304244995117
82.61126518249512,100.0,370.587,100.0,-39.76939010620117
82.64874529838562,100.0,370.665,100.0,-39.782867431640625
82.67553520202637,100.0,370.787,100.0,-39.78982162475586
82.70762324333191,100.0,370.846,100.0,-39.79843521118164
82.739994764328,100.0,370.893,100.0,-39.80720138549805
82.77162861824036,100.0,370.882,100.0,-39.82120132446289
82.80431246757507,100.0,370.916,100.0,-39.82596206665039
82.83586859703064,100.0,370.963,100.0,-39.82989501953125
82.86831092834473,100.0,371.036,100.0,-39.83454132080078
82.90038728713989,100.0,371.061,100.0,-39.84641647338867
82.93249583244324,100.0,371.141,100.0,-39.853736877441406
82.96446371078491,100.0,371.283,100.0,-39.861270904541016
82.99595236778259,100.0,371.35,100.0,-39.880062103271484
83.02805089950562,100.0,371.429,100.0,-39.89041519165039
83.06020641326904,100.0,371.492,100.0,-39.90068817138672
83.091961145401,100.0,371.607,100.0,-39.90987777709961
83.12450981140137,100.0,371.646,100.0,-39.928653717041016
83.15742135047913,100.0,371.707,100.0,-39.937660217285156
83.18715596199036,100.0,371.772,100.0,-39.94420623779297
83.22097301483154,100.0,371.889,100.0,-39.951576232910156
83.25962710380554,100.0,371.909,100.0,-39.9677848815918
83.29204225540161,100.0,371.956,100.0,-39.97431564331055
83.32454419136047,100.0,371.998,100.0,-39.98583221435547
83.35628986358643,100.0,372.076,100.0,-39.99078369140625
83.38999152183533,100.0,372.176,100.0,-39.997493743896484
83.42055988311768,100.0,372.201,100.0,-40.006492614746094
83.45399308204651,100.0,372.237,100.0,-40.02112579345703
83.48504662513733,100.0,372.338,100.0,-40.029937744140625
83.517254114151,100.0,372.416,100.0,-40.03681564331055
83.54937791824341,100.0,372.458,100.0,-40.05271911621094
83.58136224746704,100.0,372.488,100.0,-40.059539794921875
83.61421847343445,100.0,372.589,100.0,-40.06689453125
83.64607214927673,100.0,372.636,100.0,-40.07394790649414
83.67784690856934,100.0,372.642,100.0,-40.08627700805664
83.71003985404968,100.0,372.681,100.0,-40.09162139892578
83.74167370796204,100.0,372.656,100.0,-40.09503936767578
83.77442526817322,100.0,372.697,100.0,-40.099159240722656
83.80563044548035,100.0,372.731,100.0,-40.10223388671875
83.83897113800049,100.0,372.809,100.0,-40.10429000854492
83.87718200683594,100.0,372.904,100.0,-40.113582611083984
83.91946697235107,100.0,372.97,100.0,-40.119422912597656
83.94441223144531,100.0,373.009,100.0,-40.12641906738281
83.97520112991333,100.0,373.071,100.0,-40.140682220458984
84.0076379776001,100.0,373.113,100.0,-40.14651870727539
84.04000043869019,100.0,373.154,100.0,-40.15214920043945
84.07176756858826,100.0,373.213,100.0,-40.15791320800781
84.10432147979736,100.0,373.255,100.0,-40.17111587524414
84.13639307022095,100.0,373.338,100.0,-40.177860260009766
84.16915082931519,100.0,373.4,100.0,-40.18426513671875
84.20068621635437,100.0,373.45,100.0,-40.198875427246094
84.23272180557251,100.0,373.492,100.0,-40.20601272583008
84.26441955566406,100.0,373.578,100.0,-40.212039947509766
84.29642224311829,100.0,373.606,100.0,-40.219139099121094
84.32821488380432,100.0,373.64,100.0,-40.23145294189453
84.36024856567383,100.0,373.653,100.0,-40.236289978027344
84.39221858978271,100.0,373.637,100.0,-40.23970031738281
84.4256112575531,100.0,373.723,100.0,-40.244606018066406
84.45685887336731,100.0,373.801,100.0,-40.248138427734375
84.48948168754578,100.0,373.84,100.0,-40.25385665893555
84.52145719528198,100.0,373.857,100.0,-40.25962829589844
84.55303192138672,100.0,373.921,100.0,-40.27035903930664
84.59376549720764,100.0,374.037,100.0,-40.27492904663086
84.64328479766846,100.0,374.058,100.0,-40.28978729248047
84.67593026161194,100.0,374.055,100.0,-40.29830551147461
84.70664930343628,100.0,374.105,100.0,-40.30279541015625
84.73793458938599,100.0,374.15,100.0,-40.306358337402344
84.7700297832489,100.0,374.206,100.0,-40.310340881347656
84.80275535583496,100.0,374.215,100.0,-40.31958770751953
84.8344464302063,100.0,374.304,100.0,-40.32621765136719
84.86608457565308,100.0,374.424,100.0,-40.3340950012207
84.90142011642456,100.0,374.527,100.0,-40.352012634277344
84.93048167228699,100.0,374.577,100.0,-40.36160659790039
84.96174502372742,100.0,374.638,100.0,-40.37126922607422
84.99421787261963,100.0,374.715,100.0,-40.3784065246582
85.02619099617004,100.0,374.768,100.0,-40.394737243652344
85.05755829811096,100.0,374.774,100.0,-40.400970458984375
85.08983182907104,100.0,374.805,100.0,-40.40568542480469
85.12684750556946,100.0,374.828,100.0,-40.414459228515625
85.15378308296204,100.0,374.964,100.0,-40.419918060302734
85.1861252784729,100.0,375.025,100.0,-40.42695617675781
85.2183895111084,100.0,375.137,100.0,-40.434627532958984
85.25039935112,100.0,375.165,100.0,-40.453731536865234
85.28207468986511,100.0,375.204,100.0,-40.46135711669922
85.32800960540771,100.0,375.235,100.0,-40.47292709350586
85.35953855514526,100.0,375.282,100.0,-40.47826385498047
85.40024614334106,100.0,375.33,100.0,-40.487667083740234
85.4316177368164,100.0,375.372,100.0,-40.49298858642578
85.4626796245575,100.0,375.455,100.0,-40.49815368652344
85.4940676689148,100.0,375.584,100.0,-40.50392150878906
85.52697253227234,100.0,375.963,100.0,-40.53643035888672
85.55773138999939,100.0,376.345,100.0,-40.569854736328125
85.59033036231995,100.0,376.685,100.0,-40.609519958496094
85.62626361846924,100.0,377.067,100.0,-40.6856575012207
85.65279698371887,100.0,377.114,100.0,-40.71308135986328
85.6843113899231,100.0,377.214,100.0,-40.73543167114258
85.71552014350891,100.0,377.262,100.0,-40.756046295166016
85.74782705307007,100.0,377.295,100.0,-40.77312088012695
85.77934765815735,100.0,377.435,100.0,-40.79840087890625
85.81088614463806,100.0,377.502,100.0,-40.81047821044922
85.84232902526855,100.0,377.566,100.0,-40.82177734375
85.87420797348022,100.0,377.625,100.0,-40.83236312866211
85.89195322990417,100.0,377.7,100.0,-40.842201232910156
85.922447681427,100.0,377.753,100.0,-40.8521614074707
85.95462489128113,100.0,377.761,100.0,-40.867950439453125
85.98644542694092,100.0,377.814,100.0,-40.873069763183594
86.01907992362976,100.0,377.804,100.0,-40.87782669067383
86.05370950698853,100.0,377.826,100.0,-40.882694244384766
86.08649826049805,100.0,377.859,100.0,-40.88523864746094
86.1247067451477,100.0,377.862,100.0,-40.88629913330078
86.15579652786255,100.0,377.828,100.0,-40.88568878173828
86.19137954711914,100.0,377.814,100.0,-40.88359069824219
86.22756505012512,100.0,377.82,100.0,-40.879356384277344
86.25545835494995,100.0,377.848,100.0,-40.877777099609375
86.28683114051819,100.0,377.879,100.0,-40.877410888671875
86.32702898979187,100.0,377.998,100.0,-40.88074493408203
86.37559795379639,100.0,378.045,100.0,-40.89033508300781
86.40819573402405,100.0,378.122,100.0,-40.89683532714844
86.43695783615112,100.0,378.169,100.0,-40.90206527709961
86.46931314468384,100.0,378.241,100.0,-40.90782165527344
86.50941872596741,100.0,378.305,100.0,-40.92151641845703
86.54295825958252,100.0,378.31,100.0,-40.927764892578125
86.57485771179199,100.0,378.324,100.0,-40.932525634765625
86.60618042945862,100.0,378.324,100.0,-40.93931579589844
86.63834190368652,100.0,378.266,100.0,-40.94095993041992
86.67907071113586,100.0,378.117,100.0,-40.93238067626953
86.70920181274414,100.0,378.103,100.0,-40.92585754394531
86.74067306518555,100.0,378.23,100.0,-40.92597579956055
86.77389669418335,100.0,378.611,100.0,-40.93079376220703
86.8003933429718,100.0,378.737,100.0,-40.93437957763672
86.8373076915741,100.0,378.773,100.0,-40.96388244628906
86.86187362670898,100.0,378.809,100.0,-40.97736358642578
86.89175701141357,100.0,378.864,100.0,-40.989044189453125
86.92853164672852,100.0,378.903,100.0,-41.00998306274414
86.95723414421082,100.0,378.993,100.0,-41.01889419555664
86.98390412330627,100.0,379.021,100.0,-41.02763366699219
87.02733135223389,100.0,379.131,100.0,-41.045352935791016
87.05922055244446,100.0,378.911,100.0,-41.0476188659668
87.09116959571838,100.0,378.746,100.0,-41.04498291015625
87.12352156639099,100.0,378.537,100.0,-41.03567886352539
87.15553283691406,100.0,378.517,100.0,-41.00578308105469
87.18581748008728,100.0,378.481,100.0,-40.99429702758789
87.22740483283997,100.0,378.52,100.0,-40.978721618652344
87.25585412979126,100.0,378.526,100.0,-40.97441101074219
87.28874135017395,100.0,378.556,100.0,-40.972347259521484
87.31331634521484,100.0,378.622,100.0,-40.973548889160156
87.35719347000122,100.0,378.754,100.0,-40.981414794921875
87.3892502784729,100.0,378.817,100.0,-40.98878860473633
87.42054796218872,100.0,378.87,100.0,-40.995513916015625
87.43976831436157,100.0,378.87,100.0,-41.0018424987793
87.4700357913971,100.0,378.881,100.0,-41.00666427612305
87.50887489318848,100.0,378.928,100.0,-41.014427185058594
87.54131603240967,100.0,379.005,100.0,-41.01853942871094
87.57220768928528,100.0,379.071,100.0,-41.02483367919922
87.60524272918701,100.0,379.305,100.0,-41.042423248291016
87.63724374771118,100.0,379.536,100.0,-41.05546951293945
87.66925239562988,100.0,379.691,100.0,-41.0750617980957
87.69984984397888,100.0,379.76,100.0,-41.096473693847656
87.72500038146973,100.0,379.82,100.0,-41.11561965942383
87.7565405368805,100.0,379.867,100.0,-41.14727783203125
87.79518461227417,100.0,379.994,100.0,-41.160179138183594
87.8294243812561,100.0,380.058,100.0,-41.18522262573242
87.88131785392761,100.0,380.206,100.0,-41.20894241333008
87.91323447227478,100.0,380.253,100.0,-41.21967697143555
87.93916463851929,100.0,380.32,100.0,-41.23027420043945
87.96964120864868,100.0,380.384,100.0,-41.240638732910156
88.00111532211304,100.0,380.479,100.0,-41.25849914550781
88.03402757644653,100.0,380.515,100.0,-41.26640701293945
88.06557083129883,100.0,380.54,100.0,-41.2730598449707
88.09773182868958,100.0,380.618,100.0,-41.2776985168457
88.12947583198547,100.0,380.694,100.0,-41.29042053222656
88.16148710250854,100.0,380.755,100.0,-41.296165466308594
88.19411253929138,100.0,380.766,100.0,-41.302711486816406
88.2355387210846,100.0,380.855,100.0,-41.31199645996094
88.2670087814331,100.0,380.911,100.0,-41.317848205566406
88.30774521827698,100.0,381.145,100.0,-41.33558654785156
88.33429765701294,100.0,381.246,100.0,-41.347042083740234
88.3735990524292,100.0,381.332,100.0,-41.359718322753906
88.40513062477112,100.0,381.405,100.0,-41.38533401489258
88.45969486236572,100.0,381.516,100.0,-41.408241271972656
88.4888687133789,100.0,381.566,100.0,-41.418128967285156
88.53103590011597,100.0,381.667,100.0,-41.43635940551758
88.55421495437622,100.0,381.709,100.0,-41.44437789916992
88.59204506874084,100.0,381.72,100.0,-41.45054244995117
88.61693096160889,100.0,381.745,100.0,-41.45587158203125
88.65101432800293,100.0,381.868,100.0,-41.463134765625
88.68494892120361,100.0,381.982,100.0,-41.479347229003906
88.7173981666565,100.0,382.065,100.0,-41.4897346496582
88.75763654708862,100.0,382.205,100.0,-41.50458526611328
88.78617405891418,100.0,382.255,100.0,-41.51374816894531
88.81841921806335,100.0,382.291,100.0,-41.52247619628906
88.85748243331909,100.0,382.341,100.0,-41.537750244140625
88.89097809791565,100.0,382.456,100.0,-41.54328155517578
88.92223310470581,100.0,382.497,100.0,-41.55194091796875
88.95545434951782,100.0,382.567,100.0,-41.56858825683594
88.99134469032288,100.0,382.662,100.0,-41.577327728271484
89.02391529083252,100.0,382.712,100.0,-41.58515548706055
89.05648469924927,100.0,382.737,100.0,-41.59943771362305
89.0812075138092,100.0,382.782,100.0,-41.60597610473633
89.11093091964722,100.0,382.841,100.0,-41.61307907104492
89.1404619216919,100.0,382.877,100.0,-41.619659423828125
89.17171430587769,100.0,383.072,100.0,-41.6280632019043
89.20520091056824,100.0,383.17,100.0,-41.650428771972656
89.23481392860413,100.0,383.289,100.0,-41.66413879394531
89.2667965888977,100.0,383.365,100.0,-41.67747497558594
89.29949164390564,100.0,383.49,100.0,-41.6888313293457
89.33128714561462,100.0,383.551,100.0,-41.71223449707031
89.36362147331238,100.0,383.638,100.0,-41.72052001953125
89.39271306991577,100.0,383.721,100.0,-41.730072021484375
89.43457078933716,100.0,383.8,100.0,-41.74925994873047
89.4795753955841,100.0,383.864,100.0,-41.76477813720703
89.5094666481018,100.0,383.88,100.0,-41.771270751953125
89.53241109848022,100.0,383.741,100.0,-41.7764778137207
89.57630801200867,100.0,383.471,100.0,-41.774192810058594
89.60889887809753,100.0,383.03,100.0,-41.73994064331055
89.64240956306458,100.0,382.952,100.0,-41.7149543762207
89.68107533454895,100.0,383.016,100.0,-41.67715835571289
89.70863723754883,100.0,383.089,100.0,-41.668609619140625
89.7433168888092,100.0,383.192,100.0,-41.66636657714844
89.77361106872559,100.0,383.256,100.0,-41.664695739746094
89.80305910110474,100.0,383.29,100.0,-41.66615295410156
89.83660912513733,100.0,383.315,100.0,-41.6718864440918
89.870121717453,100.0,383.398,100.0,-41.67735290527344
89.90667223930359,100.0,383.485,100.0,-41.68934631347656
89.93197298049927,100.0,383.568,100.0,-41.69844055175781
89.95808696746826,100.0,383.644,100.0,-41.7086067199707
89.99273109436035,100.0,383.75,100.0,-41.7208251953125
90.02602815628052,100.0,383.78,100.0,-41.73014831542969
90.05805373191833,100.0,383.794,100.0,-41.743743896484375
90.08339381217957,100.0,383.797,100.0,-41.74919509887695
90.11088538169861,100.0,383.867,100.0,-41.753334045410156
90.13990783691406,100.0,383.914,100.0,-41.75926971435547
90.17790508270264,100.0,384.084,100.0,-41.765628814697266
90.20320534706116,100.0,384.112,100.0,-41.777462005615234
90.24285364151001,100.0,384.182,100.0,-41.79719924926758
90.27577209472656,100.0,384.238,100.0,-41.805213928222656
90.30883598327637,100.0,384.374,100.0,-41.82526779174805
90.34097695350647,100.0,384.508,100.0,-41.83629608154297
90.35986304283142,100.0,384.508,100.0,-41.84788131713867
90.39330840110779,100.0,384.542,100.0,-41.85707092285156
90.43568992614746,100.0,384.566,100.0,-41.87112808227539
90.47071933746338,100.0,384.737,100.0,-41.87824249267578
90.506844997406,100.0,384.778,100.0,-41.897010803222656
90.54408550262451,100.0,384.843,100.0,-41.9062614440918
90.58342170715332,100.0,384.927,100.0,-41.922996520996094
90.6169958114624,100.0,384.912,100.0,-41.928680419921875
90.6531834602356,100.0,384.923,100.0,-41.93204116821289
90.68666291236877,100.0,384.912,100.0,-41.93669128417969
90.72230505943298,100.0,384.974,100.0,-41.937110900878906
90.75258207321167,100.0,385.082,100.0,-41.93970489501953
90.7930634021759,100.0,385.922,100.0,-41.97478485107422
90.82598805427551,100.0,386.115,100.0,-42.007659912109375
90.85263085365295,100.0,386.173,100.0,-42.040740966796875
90.87615156173706,100.0,386.236,100.0,-42.06821823120117
90.91418480873108,100.0,386.38,100.0,-42.112430572509766
90.94046926498413,100.0,386.393,100.0,-42.13035202026367
90.97593188285828,100.0,386.402,100.0,-42.14402770996094
91.00254678726196,100.0,386.407,100.0,-42.15424346923828
91.04127264022827,100.0,386.435,100.0,-42.167789459228516
91.07356905937195,100.0,386.504,100.0,-42.17292404174805
91.1002848148346,100.0,386.521,100.0,-42.178077697753906
91.13089394569397,100.0,386.515,100.0,-42.18444061279297
91.15636992454529,100.0,386.526,100.0,-42.186100006103516
91.18995308876038,100.0,386.493,100.0,-42.18545913696289
91.22188973426819,100.0,386.501,100.0,-42.184791564941406
91.25813150405884,100.0,386.504,100.0,-42.182037353515625
91.29262232780457,100.0,386.532,100.0,-42.18098831176758
91.3237612247467,100.0,386.532,100.0,-42.180992126464844
91.35704016685486,100.0,386.554,100.0,-42.18102264404297
91.38935708999634,100.0,386.623,100.0,-42.182403564453125
91.42010235786438,100.0,386.634,100.0,-42.184715270996094
91.45135188102722,100.0,386.647,100.0,-42.18670654296875
91.48411059379578,100.0,386.669,100.0,-42.19065856933594
91.51444864273071,100.0,386.725,100.0,-42.192527770996094
91.54594707489014,100.0,386.777,100.0,-42.195648193359375
91.5786337852478,100.0,386.868,100.0,-42.20003128051758
91.61054158210754,100.0,386.901,100.0,-42.2136116027832
91.6427550315857,100.0,386.97,100.0,-42.221370697021484
91.67475366592407,100.0,387.0,100.0,-42.22784423828125
91.70863127708435,100.0,387.011,100.0,-42.23746109008789
91.73934483528137,100.0,387.025,100.0,-42.241127014160156
91.76990365982056,100.0,387.089,100.0,-42.246402740478516
91.80290651321411,100.0,387.133,100.0,-42.251487731933594
91.83202457427979,100.0,387.179,100.0,-42.2607421875
91.8783667087555,100.0,387.262,100.0,-42.26434326171875
91.91259479522705,100.0,387.342,100.0,-42.272987365722656
91.94480967521667,100.0,387.477,100.0,-42.2799186706543
91.98334050178528,100.0,387.549,100.0,-42.301795959472656
92.00848937034607,100.0,387.628,100.0,-42.31285858154297
92.04072332382202,100.0,387.612,100.0,-42.321651458740234
92.071702003479,100.0,387.629,100.0,-42.32745361328125
92.10552263259888,100.0,387.62,100.0,-42.335384368896484
92.13661122322083,100.0,387.667,100.0,-42.33940505981445
92.16915535926819,100.0,387.67,100.0,-42.34266662597656
92.20143675804138,100.0,387.695,100.0,-42.34455108642578
92.23227548599243,100.0,387.678,100.0,-42.347496032714844
92.26477980613708,100.0,387.753,100.0,-42.35094451904297
92.29544734954834,100.0,387.844,100.0,-42.354618072509766
92.3116102218628,100.0,387.844,100.0,-42.359771728515625
92.34412503242493,100.0,387.907,100.0,-42.36615753173828
92.37497091293335,100.0,387.919,100.0,-42.371559143066406
92.40837049484253,100.0,387.85,100.0,-42.37499237060547
92.43899583816528,100.0,387.805,100.0,-42.372642517089844
92.4718325138092,100.0,387.764,100.0,-42.37060546875
92.50329422950745,100.0,387.858,100.0,-42.36711502075195
92.54343509674072,100.0,387.924,100.0,-42.36663055419922
92.57647585868835,100.0,387.954,100.0,-42.37030029296875
92.60879278182983,100.0,387.941,100.0,-42.37663650512695
92.64054346084595,100.0,387.927,100.0,-42.378326416015625
92.67276620864868,100.0,387.918,100.0,-42.378902435302734
92.70484972000122,100.0,387.952,100.0,-42.37883758544922
92.73656749725342,100.0,387.998,100.0,-42.38240432739258
92.7687201499939,100.0,388.018,100.0,-42.38454055786133
92.80068516731262,100.0,388.046,100.0,-42.38691329956055
92.83485245704651,100.0,388.037,100.0,-42.391544342041016
92.8651762008667,100.0,388.073,100.0,-42.39427947998047
92.89801287651062,100.0,388.104,100.0,-42.397239685058594
92.9293053150177,100.0,388.168,100.0,-42.399742126464844
92.96118927001953,100.0,388.21,100.0,-42.409358978271484
92.99251246452332,100.0,388.254,100.0,-42.41502380371094
93.02544593811035,100.0,388.341,100.0,-42.42089080810547
93.06041812896729,100.0,388.388,100.0,-42.43403625488281
93.08954119682312,100.0,388.427,100.0,-42.440711975097656
93.1207823753357,100.0,388.45,100.0,-42.44664001464844
93.15364718437195,100.0,388.461,100.0,-42.451019287109375
93.18529176712036,100.0,388.511,100.0,-42.457923889160156
93.22536849975586,100.0,388.559,100.0,-42.461669921875
93.25123262405396,100.0,388.578,100.0,-42.46637725830078
93.28482580184937,100.0,388.611,100.0,-42.47425079345703
93.3142147064209,100.0,388.739,100.0,-42.477657318115234
93.34659767150879,100.0,388.753,100.0,-42.48545837402344
93.37846088409424,100.0,388.829,100.0,-42.49186706542969
93.40984845161438,100.0,388.89,100.0,-42.50822830200195
93.44125437736511,100.0,388.965,100.0,-42.51484298706055
93.47392582893372,100.0,389.03,100.0,-42.52250671386719
93.50549387931824,100.0,389.046,100.0,-42.53089141845703
93.5375406742096,100.0,389.272,100.0,-42.55228042602539
93.57079792022705,100.0,389.325,100.0,-42.56508255004883
93.60153222084045,100.0,389.35,100.0,-42.57497787475586
93.63424396514893,100.0,389.197,100.0,-42.582977294921875
93.66536092758179,100.0,389.191,100.0,-42.58210372924805
93.69751715660095,100.0,389.191,100.0,-42.58109664916992
93.73077154159546,100.0,389.208,100.0,-42.579803466796875
93.76239132881165,100.0,389.225,100.0,-42.57963562011719
93.79425573348999,100.0,389.23,100.0,-42.57975387573242
93.82646799087524,100.0,389.275,100.0,-42.581520080566406
93.85867881774902,100.0,389.289,100.0,-42.5833740234375
93.9072675704956,100.0,389.401,100.0,-42.58683776855469
93.93959164619446,100.0,389.509,100.0,-42.591346740722656
93.97282719612122,100.0,389.551,100.0,-42.59919738769531
94.01213002204895,100.0,389.534,100.0,-42.61268615722656
94.04307079315186,100.0,389.582,100.0,-42.616153717041016
94.07552003860474,100.0,389.618,100.0,-42.620635986328125
94.10804080963135,100.0,389.685,100.0,-42.631683349609375
94.13978958129883,100.0,389.721,100.0,-42.63783264160156
94.1881217956543,100.0,389.774,100.0,-42.64866256713867
94.22049403190613,100.0,389.852,100.0,-42.65340805053711
94.2541172504425,100.0,389.927,100.0,-42.6591911315918
94.28512620925903,100.0,389.994,100.0,-42.674835205078125
94.31664514541626,100.0,390.045,100.0,-42.68310546875
94.3489158153534,100.0,390.042,100.0,-42.6890983581543
94.38110876083374,100.0,390.059,100.0,-42.69357681274414
94.41301250457764,100.0,390.092,100.0,-42.70136260986328
94.44577813148499,100.0,390.148,100.0,-42.706546783447266
94.47794938087463,100.0,390.178,100.0,-42.71028518676758
94.50838899612427,100.0,390.243,100.0,-42.714168548583984
94.54036474227905,100.0,390.262,100.0,-42.72233963012695
94.57289814949036,100.0,390.692,100.0,-42.726234436035156
94.60457301139832,100.0,391.076,100.0,-42.74705123901367
94.63670921325684,100.0,391.377,100.0,-42.815956115722656
94.66889834403992,100.0,391.545,100.0,-42.85041427612305
94.69454598426819,100.0,391.545,100.0,-42.87720489501953
94.72738742828369,100.0,391.642,100.0,-42.89748764038086
94.75965070724487,100.0,391.717,100.0,-42.933372497558594
94.7916612625122,100.0,391.792,100.0,-42.948951721191406
94.82365417480469,100.0,391.91,100.0,-42.965213775634766
94.85607528686523,100.0,391.991,100.0,-42.97880554199219
94.88817882537842,100.0,392.068,100.0,-43.00149917602539
94.91941833496094,100.0,392.109,100.0,-43.01122283935547
94.9521062374115,100.0,392.134,100.0,-43.01801681518555
94.96965980529785,100.0,392.217,100.0,-43.023616790771484
95.00126791000366,100.0,392.25,100.0,-43.03076171875
95.03265261650085,100.0,392.222,100.0,-43.037017822265625
95.06492185592651,100.0,392.261,100.0,-43.0422477722168
95.09742593765259,100.0,392.278,100.0,-43.0445556640625
95.12904143333435,100.0,392.33,100.0,-43.04651641845703
95.16141271591187,100.0,392.305,100.0,-43.05064010620117
95.18934845924377,100.0,392.343,100.0,-43.052207946777344
95.21843123435974,100.0,392.304,100.0,-43.053287506103516
95.25012040138245,100.0,392.304,100.0,-43.05208206176758
95.28236269950867,100.0,392.315,100.0,-43.050777435302734
95.31756448745728,100.0,392.327,100.0,-43.04939270019531
95.36153721809387,100.0,392.454,100.0,-43.055206298828125
95.3868179321289,100.0,392.451,100.0,-43.05788803100586
95.43956756591797,100.0,392.564,100.0,-43.066749572753906
95.47172904014587,100.0,392.574,100.0,-43.07122802734375
95.51826357841492,100.0,392.711,100.0,-43.08515930175781
95.56236505508423,100.0,392.794,100.0,-43.09819793701172
95.59031891822815,100.0,392.852,100.0,-43.103485107421875
95.61156630516052,100.0,392.879,100.0,-43.10973358154297
95.6453583240509,100.0,392.946,100.0,-43.115421295166016
95.68632292747498,100.0,392.997,100.0,-43.12888717651367
95.71228504180908,100.0,393.028,100.0,-43.13432312011719
95.74231672286987,100.0,393.011,100.0,-43.1395378112793
95.77493524551392,100.0,393.018,100.0,-43.14256286621094
95.80664420127869,100.0,393.035,100.0,-43.1449089050293
95.83820080757141,100.0,393.038,100.0,-43.14875793457031
95.86198449134827,100.0,393.068,100.0,-43.151004791259766
95.89569878578186,100.0,393.101,100.0,-43.152748107910156
95.92663431167603,100.0,393.093,100.0,-43.15499496459961
95.95541334152222,100.0,393.093,100.0,-43.15617370605469
95.98913955688477,100.0,393.128,100.0,-43.15867614746094
96.02087259292603,100.0,393.153,100.0,-43.16093063354492
96.0617368221283,100.0,393.22,100.0,-43.16829299926758
96.09129285812378,100.0,393.223,100.0,-43.17074203491211
96.11885404586792,100.0,393.203,100.0,-43.17161560058594
96.15250992774963,100.0,393.137,100.0,-43.16933822631836
96.18634629249573,100.0,393.069,100.0,-43.16170120239258
96.21419215202332,100.0,393.0,100.0,-43.15840148925781
96.24423146247864,100.0,392.983,100.0,-43.152862548828125
96.26509761810303,100.0,392.969,100.0,-43.14779281616211
96.31234622001648,100.0,393.016,100.0,-43.14053726196289
96.34010219573975,100.0,393.005,100.0,-43.13957595825195
96.37284016609192,100.0,393.041,100.0,-43.13836669921875
96.40592527389526,100.0,393.082,100.0,-43.138946533203125
96.43944549560547,100.0,393.11,100.0,-43.143985748291016
96.46969866752625,100.0,393.203,100.0,-43.148624420166016
96.51284766197205,100.0,393.212,100.0,-43.15789031982422
96.54129242897034,100.0,393.247,100.0,-43.162574768066406
96.57141757011414,100.0,393.269,100.0,-43.166969299316406
96.61001133918762,100.0,393.316,100.0,-43.170372009277344
96.64199113845825,100.0,393.344,100.0,-43.1794548034668
96.67330813407898,100.0,393.377,100.0,-43.18426513671875
96.70585942268372,100.0,393.424,100.0,-43.18959045410156
96.7377564907074,100.0,393.451,100.0,-43.19810485839844
96.76992011070251,100.0,393.44,100.0,-43.200801849365234
96.80830025672913,100.0,393.484,100.0,-43.20274353027344
96.84177088737488,100.0,393.498,100.0,-43.20730209350586
96.86644339561462,100.0,393.553,100.0,-43.209774017333984
96.89153170585632,100.0,393.603,100.0,-43.2138557434082
96.9250750541687,100.0,393.647,100.0,-43.21896743774414
96.95736312866211,100.0,393.694,100.0,-43.22461700439453
96.9982008934021,100.0,393.694,100.0,-43.23565673828125
97.03188014030457,100.0,393.686,100.0,-43.23898696899414
97.06603503227234,100.0,394.208,100.0,-43.252864837646484
97.09864377975464,100.0,394.507,100.0,-43.2733154296875
97.12576007843018,100.0,394.816,100.0,-43.30144500732422
97.16837644577026,100.0,394.872,100.0,-43.364418029785156
97.19999313354492,100.0,395.061,100.0,-43.39137268066406
97.23206567764282,100.0,395.139,100.0,-43.414207458496094
97.26381087303162,100.0,395.239,100.0,-43.45375442504883
97.29661726951599,100.0,395.24,100.0,-43.46798324584961
97.32722306251526,100.0,395.304,100.0,-43.4809684753418
97.35831665992737,100.0,395.276,100.0,-43.49030303955078
97.39211344718933,100.0,395.279,100.0,-43.499229431152344
97.42369341850281,100.0,395.246,100.0,-43.49996566772461
97.45479607582092,100.0,395.254,100.0,-43.500850677490234
97.48739624023438,100.0,395.262,100.0,-43.499820709228516
97.5264413356781,100.0,395.304,100.0,-43.500667572021484
97.5583827495575,100.0,395.357,100.0,-43.500614166259766
97.5929205417633,100.0,395.385,100.0,-43.50187683105469
97.62515950202942,100.0,395.387,100.0,-43.50402069091797
97.65261650085449,100.0,395.415,100.0,-43.50541687011719
97.6920850276947,100.0,395.46,100.0,-43.50981903076172
97.72472405433655,100.0,395.463,100.0,-43.512027740478516
97.75831699371338,100.0,395.471,100.0,-43.513572692871094
97.78973126411438,100.0,395.516,100.0,-43.51743698120117
97.82172846794128,100.0,395.572,100.0,-43.52000045776367
97.85399961471558,100.0,395.594,100.0,-43.52330017089844
97.89276170730591,100.0,395.594,100.0,-43.5288200378418
97.92398881912231,100.0,395.625,100.0,-43.531402587890625
97.96725416183472,100.0,395.656,100.0,-43.536102294921875
98.01744675636292,100.0,395.734,100.0,-43.54445266723633
98.05238819122314,100.0,395.762,100.0,-43.547874450683594
98.0901391506195,100.0,395.728,100.0,-43.55162048339844
98.11381220817566,100.0,395.743,100.0,-43.552608489990234
98.143230676651,100.0,395.737,100.0,-43.55293655395508
98.17628622055054,100.0,395.698,100.0,-43.5513801574707
98.21036434173584,100.0,395.625,100.0,-43.54905319213867
98.23509359359741,100.0,395.622,100.0,-43.545013427734375
98.26848363876343,100.0,395.642,100.0,-43.539039611816406
98.30398917198181,100.0,395.692,100.0,-43.53769302368164
98.33924150466919,100.0,395.778,100.0,-43.543006896972656
98.36905169487,100.0,395.932,100.0,-43.5505256652832
98.40010905265808,100.0,396.117,100.0,-43.55847930908203
98.4260802268982,100.0,396.186,100.0,-43.572296142578125
98.45607781410217,100.0,396.236,100.0,-43.58573913574219
98.48877716064453,100.0,396.277,100.0,-43.60908126831055
98.52547574043274,100.0,396.363,100.0,-43.61899948120117
98.55761742591858,100.0,396.377,100.0,-43.62837219238281
98.59173512458801,100.0,396.41,100.0,-43.642852783203125
98.62393832206726,100.0,396.429,100.0,-43.649627685546875
98.65926241874695,100.0,396.492,100.0,-43.65363693237305
98.69043302536011,100.0,396.52,100.0,-43.664146423339844
98.7223756313324,100.0,396.528,100.0,-43.66810607910156
98.75942492485046,100.0,396.575,100.0,-43.6729736328125
98.79106020927429,100.0,396.591,100.0,-43.679290771484375
98.8261148929596,100.0,396.627,100.0,-43.68281936645508
98.85866451263428,100.0,396.688,100.0,-43.68645477294922
98.89157557487488,100.0,396.691,100.0,-43.693294525146484
98.92853307723999,100.0,396.749,100.0,-43.69771957397461
98.96713066101074,100.0,396.743,100.0,-43.70322036743164
99.01525282859802,100.0,396.787,100.0,-43.70706558227539
99.05674719810486,100.0,396.834,100.0,-43.70877456665039
99.0886390209198,100.0,396.875,100.0,-43.71495819091797
99.12040328979492,100.0,396.881,100.0,-43.71794891357422
99.14146900177002,100.0,396.881,100.0,-43.720314025878906
99.17581033706665,100.0,396.999,100.0,-43.72509765625
99.20870089530945,100.0,397.101,100.0,-43.730403900146484
99.2343578338623,100.0,397.168,100.0,-43.738590240478516
99.2741265296936,100.0,397.22,100.0,-43.75579071044922
99.29942226409912,100.0,397.248,100.0,-43.76252746582031
99.34143114089966,100.0,397.305,100.0,-43.77552032470703
99.36586356163025,100.0,397.319,100.0,-43.781150817871094
99.39970254898071,100.0,397.351,100.0,-43.78657531738281
99.43511772155762,100.0,397.377,100.0,-43.790958404541016
99.46556997299194,100.0,397.41,100.0,-43.79871368408203
99.49130249023438,100.0,397.465,100.0,-43.803855895996094
99.52274632453918,100.0,397.471,100.0,-43.807823181152344
99.55438780784607,100.0,397.509,100.0,-43.812225341796875
99.5863835811615,100.0,397.562,100.0,-43.817466735839844
99.61874008178711,100.0,397.617,100.0,-43.82646942138672
99.65707635879517,100.0,397.608,100.0,-43.82976531982422
99.69098806381226,100.0,397.636,100.0,-43.8352165222168
99.72374033927917,100.0,397.63,100.0,-43.83695983886719
99.74962067604065,100.0,397.643,100.0,-43.837825775146484
99.78323817253113,100.0,397.655,100.0,-43.83882141113281
99.8239598274231,100.0,397.682,100.0,-43.841312408447266
99.84886455535889,100.0,397.71,100.0,-43.842559814453125
99.8819899559021,100.0,397.793,100.0,-43.844520568847656
99.91560125350952,100.0,397.837,100.0,-43.85476303100586
99.94104290008545,100.0,397.887,100.0,-43.86048889160156
99.9735746383667,100.0,397.917,100.0,-43.86510467529297
100.00915455818176,100.0,397.942,100.0,-43.86973571777344
100.04062294960022,100.0,397.994,100.0,-43.87958526611328
100.07377433776855,100.0,398.136,100.0,-43.88591384887695
100.10159587860107,100.0,398.17,100.0,-43.89420700073242
100.12764549255371,100.0,398.186,100.0,-43.901824951171875
100.16781425476074,100.0,398.186,100.0,-43.912784576416016
100.20879650115967,100.0,398.161,100.0,-43.91565704345703
100.2417356967926,100.0,398.172,100.0,-43.918331146240234
100.2724289894104,100.0,398.171,100.0,-43.919063568115234
100.30504536628723,100.0,398.215,100.0,-43.91974639892578
100.34220004081726,100.0,398.299,100.0,-43.92634582519531
100.37460923194885,100.0,398.361,100.0,-43.932437896728516
100.40831184387207,100.0,398.465,100.0,-43.93896484375
100.44266176223755,100.0,398.493,100.0,-43.952674865722656
100.48274540901184,100.0,398.518,100.0,-43.958534240722656
100.51084113121033,100.0,398.567,100.0,-43.96282958984375
100.54911518096924,100.0,398.598,100.0,-43.97063446044922
100.59276986122131,100.0,398.626,100.0,-43.978057861328125
100.62419152259827,100.0,398.645,100.0,-43.981285095214844
100.65587162971497,100.0,398.627,100.0,-43.98434829711914
100.6877088546753,100.0,398.646,100.0,-43.985740661621094
100.74013495445251,100.0,398.637,100.0,-43.98908996582031
100.77005505561829,100.0,398.635,100.0,-43.988304138183594
100.80667901039124,100.0,398.646,100.0,-43.988155364990234
100.84132313728333,100.0,398.685,100.0,-43.98998260498047
100.87048244476318,100.0,398.702,100.0,-43.9918212890625
100.90284037590027,100.0,398.842,100.0,-43.99605178833008
100.93516540527344,100.0,398.895,100.0,-44.00212097167969
100.96804428100586,100.0,398.979,100.0,-44.01749801635742
100.99887180328369,100.0,398.992,100.0,-44.02451705932617
101.01822018623352,100.0,399.023,100.0,-44.03105163574219
101.05532145500183,100.0,399.144,100.0,-44.03883361816406
101.09127354621887,100.0,399.215,100.0,-44.0556640625
101.11675977706909,100.0,399.243,100.0,-44.0634651184082
101.1417601108551,100.0,399.299,100.0,-44.07158660888672
101.1746437549591,100.0,399.324,100.0,-44.07863998413086
101.21770429611206,100.0,399.383,100.0,-44.091060638427734
101.24300050735474,100.0,399.442,100.0,-44.095306396484375
101.27637386322021,100.0,399.478,100.0,-44.10077667236328
101.30526185035706,100.0,399.551,100.0,-44.10622787475586
101.34151840209961,100.0,399.604,100.0,-44.120567321777344
101.37021160125732,100.0,399.631,100.0,-44.126747131347656
101.40307760238647,100.0,399.643,100.0,-44.13155746459961
101.43481802940369,100.0,399.682,100.0,-44.13547897338867
101.46727705001831,100.0,399.715,100.0,-44.144325256347656
101.49867224693298,100.0,399.767,100.0,-44.148799896240234
101.53142619132996,100.0,399.773,100.0,-44.15285873413086
101.56657934188843,100.0,399.79,100.0,-44.158817291259766
101.59464526176453,100.0,399.775,100.0,-44.160118103027344
101.62846636772156,100.0,399.753,100.0,-44.16019821166992
101.66670227050781,100.0,399.728,100.0,-44.15816879272461
101.69906210899353,100.0,399.728,100.0,-44.1567268371582
101.73144292831421,100.0,399.716,100.0,-44.155555725097656
101.76789593696594,100.0,399.742,100.0,-44.15348815917969
101.80863976478577,100.0,399.992,100.0,-44.15681076049805
101.83480095863342,100.0,400.117,100.0,-44.166015625
101.86870503425598,100.0,400.202,100.0,-44.19108581542969
101.90232944488525,100.0,400.199,100.0,-44.20081329345703
101.92616510391235,100.0,400.199,100.0,-44.20797348022461
101.95995044708252,100.0,400.235,100.0,-44.2132568359375
102.00025510787964,100.0,400.453,100.0,-44.22570037841797
102.04343032836914,100.0,400.745,100.0,-44.25506591796875
102.07363867759705,100.0,400.748,100.0,-44.27122497558594
102.10470700263977,100.0,400.75,100.0,-44.28348922729492
102.12769794464111,100.0,400.756,100.0,-44.29267120361328
102.15933012962341,100.0,400.753,100.0,-44.29962158203125
102.19377565383911,100.0,400.753,100.0,-44.30781555175781
102.22415113449097,100.0,400.767,100.0,-44.31061553955078
102.25928330421448,100.0,400.817,100.0,-44.31324768066406
102.28952431678772,100.0,400.87,100.0,-44.316192626953125
102.32569646835327,100.0,400.887,100.0,-44.32395935058594
102.35719060897827,100.0,400.914,100.0,-44.3268928527832
102.39376521110535,100.0,400.919,100.0,-44.33147430419922
102.42425179481506,100.0,400.93,100.0,-44.333160400390625
102.45556354522705,100.0,400.908,100.0,-44.33327102661133
102.49243187904358,100.0,400.922,100.0,-44.33354949951172
102.5249195098877,100.0,400.941,100.0,-44.33344268798828
102.54861307144165,100.0,400.98,100.0,-44.333953857421875
102.5903160572052,100.0,401.08,100.0,-44.33880615234375
102.6249930858612,100.0,401.135,100.0,-44.343387603759766
102.6681969165802,100.0,401.16,100.0,-44.35430908203125
102.69383835792542,100.0,401.148,100.0,-44.35767364501953
102.72358870506287,100.0,401.17,100.0,-44.35927963256836
102.75585770606995,100.0,401.187,100.0,-44.3620491027832
102.78794479370117,100.0,401.218,100.0,-44.364715576171875
102.81274771690369,100.0,401.248,100.0,-44.367897033691406
102.86949253082275,100.0,401.358,100.0,-44.381744384765625
102.89825797080994,100.0,401.375,100.0,-44.38692855834961
102.92698454856873,100.0,401.452,100.0,-44.39304733276367
102.95957398414612,100.0,401.483,100.0,-44.39849853515625
102.9941349029541,100.0,401.571,100.0,-44.411380767822266
103.02419185638428,100.0,401.612,100.0,-44.418739318847656
103.05777764320374,100.0,401.73,100.0,-44.42704391479492
103.088045835495,100.0,401.741,100.0,-44.4353141784668
103.12090945243835,100.0,401.76,100.0,-44.44752502441406
103.14331293106079,100.0,401.768,100.0,-44.45193099975586
103.17557263374329,100.0,401.807,100.0,-44.45669937133789
103.20452642440796,100.0,401.857,100.0,-44.46221160888672
103.24534106254578,100.0,401.898,100.0,-44.47072982788086
103.2761664390564,100.0,401.917,100.0,-44.47396469116211
103.30833315849304,100.0,401.93,100.0,-44.47700119018555
103.3348081111908,100.0,401.927,100.0,-44.47963333129883
103.36360478401184,100.0,401.944,100.0,-44.481292724609375
103.3976993560791,100.0,402.016,100.0,-44.48476028442383
103.43418288230896,100.0,402.027,100.0,-44.488304138183594
103.46768808364868,100.0,402.05,100.0,-44.494354248046875
103.49310398101807,100.0,402.063,100.0,-44.49706268310547
103.52461647987366,100.0,402.125,100.0,-44.499080657958984
103.55947637557983,100.0,402.136,100.0,-44.5029182434082
103.58396434783936,100.0,402.196,100.0,-44.50615310668945
103.62677001953125,100.0,402.232,100.0,-44.51602554321289
103.67095613479614,100.0,402.279,100.0,-44.52432632446289
103.69879627227783,100.0,402.295,100.0,-44.52838134765625
103.73123383522034,100.0,402.329,100.0,-44.53274154663086
103.7582335472107,100.0,402.424,100.0,-44.53863525390625
103.79521107673645,100.0,402.449,100.0,-44.549400329589844
103.82458519935608,100.0,402.48,100.0,-44.554473876953125
103.85340571403503,100.0,402.506,100.0,-44.559261322021484
103.88587856292725,100.0,402.54,100.0,-44.56415939331055
103.92689895629883,100.0,402.618,100.0,-44.57373046875
103.95874428749084,100.0,402.637,100.0,-44.577919006347656
103.99540448188782,100.0,402.692,100.0,-44.5859375
104.02762222290039,100.0,402.793,100.0,-44.58976745605469
104.05889821052551,100.0,402.821,100.0,-44.596736907958984
104.08376026153564,100.0,402.838,100.0,-44.60306930541992
104.116544008255,100.0,402.861,100.0,-44.608436584472656
104.14209985733032,100.0,402.878,100.0,-44.61330032348633
104.18302130699158,100.0,402.941,100.0,-44.6220588684082
104.20807576179504,100.0,402.952,100.0,-44.62644958496094
104.24495124816895,100.0,402.957,100.0,-44.6328125
104.2737295627594,100.0,402.968,100.0,-44.635162353515625
104.3002233505249,100.0,402.985,100.0,-44.6374626159668
104.3422110080719,100.0,403.039,100.0,-44.63914489746094
104.37671303749084,100.0,403.067,100.0,-44.64582824707031
104.40787386894226,100.0,403.095,100.0,-44.64842224121094
104.4402506351471,100.0,403.092,100.0,-44.651275634765625
104.47340488433838,100.0,403.086,100.0,-44.65415954589844
104.51928901672363,100.0,403.142,100.0,-44.65874481201172
104.54736399650574,100.0,403.189,100.0,-44.662269592285156
104.58207297325134,100.0,403.262,100.0,-44.667884826660156
104.61551475524902,100.0,403.349,100.0,-44.67205047607422
104.64212250709534,100.0,403.39,100.0,-44.68252182006836
104.68266081809998,100.0,403.381,100.0,-44.68817138671875
104.71994996070862,100.0,403.426,100.0,-44.696197509765625
104.75414323806763,100.0,403.468,100.0,-44.69964599609375
104.78527998924255,100.0,403.53,100.0,-44.7038688659668
104.81801748275757,100.0,403.589,100.0,-44.70953369140625
104.85081839561462,100.0,403.663,100.0,-44.72223663330078
104.8764283657074,100.0,403.657,100.0,-44.72866439819336
104.91591215133667,100.0,403.663,100.0,-44.733150482177734
104.94932746887207,100.0,403.713,100.0,-44.741188049316406
104.97358751296997,100.0,403.733,100.0,-44.74531555175781
105.00298833847046,100.0,403.8,100.0,-44.749786376953125
105.04141306877136,100.0,403.824,100.0,-44.754310607910156
105.07531332969666,100.0,403.872,100.0,-44.76366424560547
105.10741376876831,100.0,403.92,100.0,-44.76911926269531
105.14126706123352,100.0,403.928,100.0,-44.773353576660156
105.17793607711792,100.0,403.908,100.0,-44.77824783325195
105.20393586158752,100.0,403.911,100.0,-44.77932357788086
105.2359893321991,100.0,403.999,100.0,-44.78254318237305
105.2736463546753,100.0,404.048,100.0,-44.790367126464844
105.30374503135681,100.0,404.077,100.0,-44.794822692871094
105.33441090583801,100.0,404.078,100.0,-44.79805374145508
105.37659978866577,100.0,404.081,100.0,-44.801273345947266
105.4127790927887,100.0,404.078,100.0,-44.80259704589844
105.45266962051392,100.0,404.117,100.0,-44.804141998291016
105.48524522781372,100.0,404.171,100.0,-44.8057975769043
105.52233171463013,100.0,404.308,100.0,-44.814117431640625
105.5526430606842,100.0,404.35,100.0,-44.821048736572266
105.59167003631592,100.0,404.38,100.0,-44.82799530029297
105.62397837638855,100.0,404.382,100.0,-44.83930969238281
105.64677000045776,100.0,404.407,100.0,-44.84391784667969
105.67233276367188,100.0,404.443,100.0,-44.848777770996094
105.70435762405396,100.0,404.487,100.0,-44.85337829589844
105.74258613586426,100.0,404.509,100.0,-44.857513427734375
105.77524375915527,100.0,404.551,100.0,-44.86598587036133
105.80509448051453,100.0,404.573,100.0,-44.87022018432617
105.83276104927063,100.0,404.638,100.0,-44.87541961669922
105.86232805252075,100.0,404.629,100.0,-44.87980651855469
105.90562558174133,100.0,404.643,100.0,-44.88512420654297
105.95039987564087,100.0,404.679,100.0,-44.88976287841797
105.97027611732483,100.0,404.715,100.0,-44.89305877685547
106.0081844329834,100.0,404.742,100.0,-44.896541595458984
106.03983855247498,100.0,404.805,100.0,-44.90029525756836
106.0766875743866,100.0,404.859,100.0,-44.906288146972656
106.10879898071289,100.0,404.881,100.0,-44.91089630126953
106.13753938674927,100.0,404.901,100.0,-44.915191650390625
106.17705798149109,100.0,404.936,100.0,-44.92328643798828
106.20635533332825,100.0,404.991,100.0,-44.92648696899414
106.24001002311707,100.0,404.988,100.0,-44.931068420410156
106.2733063697815,100.0,405.088,100.0,-44.93880081176758
106.29716658592224,100.0,405.088,100.0,-44.94406509399414
106.35103464126587,100.0,405.146,100.0,-44.951759338378906
106.37726497650146,100.0,405.157,100.0,-44.95589828491211
106.42639446258545,100.0,405.185,100.0,-44.962989807128906
106.45939946174622,100.0,405.242,100.0,-44.967445373535156
106.49220037460327,100.0,405.275,100.0,-44.971229553222656
106.52296733856201,100.0,405.311,100.0,-44.97981262207031
106.56124877929688,100.0,405.336,100.0,-44.98352813720703
106.59607934951782,100.0,405.353,100.0,-44.98979568481445
106.63536930084229,100.0,405.353,100.0,-44.99192428588867
106.66147112846375,100.0,405.364,100.0,-44.993831634521484
106.68749523162842,100.0,405.364,100.0,-44.995113372802734
106.72298860549927,100.0,405.335,100.0,-44.99449157714844
106.75831007957458,100.0,405.313,100.0,-44.99388122558594
106.78937983512878,100.0,405.325,100.0,-44.992340087890625
106.81678318977356,100.0,405.336,100.0,-44.99151611328125
106.85755586624146,100.0,405.444,100.0,-44.992271423339844
106.88295912742615,100.0,405.48,100.0,-44.996131896972656
106.90805172920227,100.0,405.378,100.0,-45.00052261352539
106.93846344947815,100.0,405.29,100.0,-44.99952697753906
106.97572469711304,100.0,405.229,100.0,-44.987823486328125
107.01493740081787,100.0,405.248,100.0,-44.983177185058594
107.05995440483093,100.0,405.292,100.0,-44.97944259643555
107.09051156044006,100.0,405.287,100.0,-44.97927474975586
107.12701630592346,100.0,405.272,100.0,-44.978023529052734
107.16243553161621,100.0,405.334,100.0,-44.97828674316406
107.20020008087158,100.0,405.376,100.0,-44.98330307006836
107.23362517356873,100.0,405.425,100.0,-44.98780822753906
107.27189779281616,100.0,405.46,100.0,-44.99571228027344
107.31087136268616,100.0,405.515,100.0,-45.00105285644531
107.3487377166748,100.0,405.576,100.0,-45.011287689208984
107.37594985961914,100.0,405.579,100.0,-45.015533447265625
107.40972828865051,100.0,405.601,100.0,-45.01963806152344
107.44236087799072,100.0,405.673,100.0,-45.02269744873047
107.49809956550598,100.0,405.731,100.0,-45.036556243896484
107.5224301815033,100.0,405.758,100.0,-45.041847229003906
107.55942678451538,100.0,405.783,100.0,-45.04591369628906
107.59059071540833,100.0,405.794,100.0,-45.04981994628906
107.61243987083435,100.0,405.831,100.0,-45.053138732910156
107.64248895645142,100.0,405.889,100.0,-45.05709457397461
107.6761085987091,100.0,405.985,100.0,-45.069602966308594
107.70647168159485,100.0,406.011,100.0,-45.075767517089844
107.73511600494385,100.0,405.99,100.0,-45.0814323425293
107.77360343933105,100.0,405.799,100.0,-45.07904052734375
107.80101227760315,100.0,405.599,100.0,-45.06605529785156
107.84229254722595,100.0,405.145,100.0,-45.046470642089844
107.86727571487427,100.0,405.082,100.0,-45.02159881591797
107.90011954307556,100.0,405.064,100.0,-44.9821891784668
107.92353558540344,100.0,405.056,100.0,-44.96845626831055
107.95815587043762,100.0,405.086,100.0,-44.959320068359375
107.98720335960388,100.0,405.139,100.0,-44.95389175415039
108.01644587516785,100.0,405.175,100.0,-44.9507942199707
108.06063771247864,100.0,405.2,100.0,-44.950984954833984
108.08629584312439,100.0,405.203,100.0,-44.951969146728516
108.11538815498352,100.0,405.208,100.0,-44.953147888183594
108.14944791793823,100.0,405.187,100.0,-44.95515060424805
108.18985629081726,100.0,405.223,100.0,-44.95524597167969
108.22201657295227,100.0,405.242,100.0,-44.95924377441406
108.26087713241577,100.0,405.303,100.0,-44.961822509765625
108.29176664352417,100.0,405.381,100.0,-44.96575927734375
108.3214054107666,100.0,405.425,100.0,-44.979000091552734
108.3498649597168,100.0,405.477,100.0,-44.98649978637695
108.37501311302185,100.0,405.483,100.0,-44.99254608154297
108.41118502616882,100.0,405.496,100.0,-44.99752426147461
108.44842195510864,100.0,405.5,100.0,-45.004737854003906
108.47774124145508,100.0,405.555,100.0,-45.00945281982422
108.50471448898315,100.0,405.569,100.0,-45.01360321044922
108.53761076927185,100.0,405.652,100.0,-45.018272399902344
108.57172775268555,100.0,405.685,100.0,-45.02919006347656
108.60975003242493,100.0,405.739,100.0,-45.03443145751953
108.64278554916382,100.0,405.756,100.0,-45.03947448730469
108.67248177528381,100.0,405.761,100.0,-45.047447204589844
108.71846151351929,100.0,405.83,100.0,-45.051387786865234
108.75284910202026,100.0,405.86,100.0,-45.06026840209961
108.78510546684265,100.0,405.863,100.0,-45.06369400024414
108.82581996917725,100.0,405.849,100.0,-45.06664276123047
108.85865306854248,100.0,405.879,100.0,-45.06752014160156
108.88646173477173,100.0,405.924,100.0,-45.06930160522461
108.9112069606781,100.0,405.993,100.0,-45.072418212890625
108.94382905960083,100.0,406.032,100.0,-45.07757568359375
108.99224042892456,100.0,406.099,100.0,-45.089210510253906
109.0169095993042,100.0,406.13,100.0,-45.094520568847656
109.04929232597351,100.0,406.118,100.0,-45.103092193603516
109.08834481239319,100.0,406.118,100.0,-45.10489273071289
109.11799502372742,100.0,406.135,100.0,-45.106685638427734
109.14196515083313,100.0,406.155,100.0,-45.108604431152344
109.19303154945374,100.0,406.202,100.0,-45.11466979980469
109.22589898109436,100.0,406.217,100.0,-45.119384765625
109.25507736206055,100.0,406.203,100.0,-45.120418548583984
109.29196214675903,100.0,406.256,100.0,-45.12248611450195
109.31724143028259,100.0,406.258,100.0,-45.12472152709961
109.35107517242432,100.0,406.275,100.0,-45.128231048583984
109.39170122146606,100.0,406.243,100.0,-45.12854766845703
109.4423155784607,100.0,406.254,100.0,-45.12794494628906
109.48456144332886,100.0,406.316,100.0,-45.128475189208984
109.52549481391907,100.0,406.474,100.0,-45.13702392578125
109.5503830909729,100.0,406.51,100.0,-45.14385223388672
109.58300352096558,100.0,406.49,100.0,-45.150516510009766
109.61588740348816,100.0,406.528,100.0,-45.15468978881836
109.65071678161621,100.0,406.712,100.0,-45.1655387878418
109.67459630966187,100.0,406.712,100.0,-45.17514419555664
109.71667194366455,100.0,406.885,100.0,-45.18604278564453
109.7420585155487,100.0,406.944,100.0,-45.1978645324707
109.76773762702942,100.0,406.952,100.0,-45.20924377441406
109.80210733413696,100.0,406.988,100.0,-45.2261962890625
109.84184503555298,100.0,406.986,100.0,-45.23130798339844
109.86697149276733,100.0,407.0,100.0,-45.235713958740234
109.89213037490845,100.0,406.986,100.0,-45.239410400390625
109.9248297214508,100.0,406.98,100.0,-45.24238204956055
109.95825719833374,100.0,406.946,100.0,-45.241455078125
109.99100661277771,100.0,406.438,100.0,-45.22969436645508
110.02522850036621,100.0,406.246,100.0,-45.18631362915039
110.05045366287231,100.0,406.16,100.0,-45.164459228515625
110.08570122718811,100.0,406.486,100.0,-45.161293029785156
110.12349152565002,100.0,407.128,100.0,-45.18213653564453
110.15151739120483,100.0,407.34,100.0,-45.20211410522461
110.17576432228088,100.0,407.369,100.0,-45.22643280029297
110.20873522758484,100.0,407.372,100.0,-45.24634552001953
110.24955224990845,100.0,407.456,100.0,-45.27422332763672
110.28215336799622,100.0,407.525,100.0,-45.2862434387207
110.31844115257263,100.0,407.608,100.0,-45.298133850097656
110.35293936729431,100.0,407.718,100.0,-45.323665618896484
110.38790464401245,100.0,407.743,100.0,-45.3341178894043
110.4133517742157,100.0,407.769,100.0,-45.342857360839844
110.43848204612732,100.0,407.811,100.0,-45.35030746459961
110.49046325683594,100.0,407.957,100.0,-45.365726470947266
110.52480816841125,100.0,407.982,100.0,-45.382240295410156
110.56105613708496,100.0,408.045,100.0,-45.38835144042969
110.58641266822815,100.0,408.074,100.0,-45.39464569091797
110.62278318405151,100.0,408.146,100.0,-45.4073486328125
110.65370464324951,100.0,408.152,100.0,-45.41263961791992
110.69435214996338,100.0,408.146,100.0,-45.41563034057617
110.72470140457153,100.0,408.146,100.0,-45.419525146484375
110.75676441192627,100.0,408.179,100.0,-45.420345306396484
110.78922629356384,100.0,408.22,100.0,-45.42204284667969
110.82002329826355,100.0,408.289,100.0,-45.424774169921875
110.84968519210815,100.0,408.532,100.0,-45.4354248046875
110.88416051864624,100.0,408.545,100.0,-45.44737243652344
110.91057324409485,100.0,408.598,100.0,-45.45686340332031
110.9418203830719,100.0,408.631,100.0,-45.46611022949219
110.97764492034912,100.0,408.617,100.0,-45.479740142822266
111.00379538536072,100.0,408.669,100.0,-45.48577880859375
111.03293299674988,100.0,408.694,100.0,-45.4893913269043
111.07202100753784,100.0,408.761,100.0,-45.49361801147461
111.10207009315491,100.0,408.765,100.0,-45.50367736816406
111.13246870040894,100.0,408.84,100.0,-45.50983810424805
111.16410064697266,100.0,408.873,100.0,-45.51466751098633
111.20014500617981,100.0,408.918,100.0,-45.52410888671875
111.22858357429504,100.0,408.942,100.0,-45.5286865234375
111.26060843467712,100.0,408.941,100.0,-45.53188705444336
111.2914206981659,100.0,408.974,100.0,-45.5340690612793
111.32420563697815,100.0,408.994,100.0,-45.53958511352539
111.35603141784668,100.0,409.058,100.0,-45.54411697387695
111.40165996551514,100.0,409.133,100.0,-45.55497741699219
111.43652200698853,100.0,409.163,100.0,-45.558387756347656
111.46727299690247,100.0,409.179,100.0,-45.56203079223633
111.50765895843506,100.0,409.268,100.0,-45.568565368652344
111.53246808052063,100.0,409.285,100.0,-45.57356262207031
111.57203459739685,100.0,409.284,100.0,-45.57789993286133
111.60441255569458,100.0,409.288,100.0,-45.58298110961914
111.6358790397644,100.0,409.352,100.0,-45.5845947265625
111.66754531860352,100.0,409.385,100.0,-45.588314056396484
111.70845127105713,100.0,409.484,100.0,-45.59699249267578
111.73965835571289,100.0,409.493,100.0,-45.6027946472168
111.77244520187378,100.0,409.529,100.0,-45.60743713378906
111.8046338558197,100.0,409.52,100.0,-45.615482330322266
111.83625388145447,100.0,409.507,100.0,-45.616695404052734
111.86903762817383,100.0,409.466,100.0,-45.61787796020508
111.9089744091034,100.0,409.483,100.0,-45.61660385131836
111.94032430648804,100.0,409.461,100.0,-45.616390228271484
111.97311353683472,100.0,409.486,100.0,-45.61497116088867
112.00546860694885,100.0,409.503,100.0,-45.615203857421875
112.037118434906,100.0,409.522,100.0,-45.616207122802734
112.06862330436707,100.0,409.564,100.0,-45.61686325073242
112.1098198890686,100.0,409.649,100.0,-45.62380599975586
112.16064739227295,100.0,409.853,100.0,-45.6337890625
112.19164848327637,100.0,409.95,100.0,-45.64375686645508
112.22313022613525,100.0,409.98,100.0,-45.6553840637207
112.25528454780579,100.0,410.064,100.0,-45.67382049560547
112.28724431991577,100.0,410.081,100.0,-45.68279266357422
112.31909728050232,100.0,410.137,100.0,-45.69019317626953
112.35112714767456,100.0,410.145,100.0,-45.704105377197266
112.38397121429443,100.0,410.204,100.0,-45.70984649658203
112.41636776924133,100.0,410.26,100.0,-45.715179443359375
112.44802618026733,100.0,410.324,100.0,-45.721370697021484
112.48029470443726,100.0,410.315,100.0,-45.733455657958984
112.51249265670776,100.0,410.326,100.0,-45.73786926269531
112.5440559387207,100.0,410.311,100.0,-45.74053192138672
112.5760133266449,100.0,410.348,100.0,-45.74385070800781
112.60794925689697,100.0,410.384,100.0,-45.74678421020508
112.64088702201843,100.0,410.419,100.0,-45.750274658203125
112.67224192619324,100.0,410.461,100.0,-45.754032135009766
112.70489311218262,100.0,410.498,100.0,-45.75934600830078
112.73686909675598,100.0,410.537,100.0,-45.76236343383789
112.76870822906494,100.0,410.584,100.0,-45.766109466552734
112.80156445503235,100.0,410.618,100.0,-45.774940490722656
112.84217882156372,100.0,410.626,100.0,-45.77857971191406
112.86814641952515,100.0,410.67,100.0,-45.78150939941406
112.89094305038452,100.0,410.683,100.0,-45.78540802001953
112.92333269119263,100.0,410.7,100.0,-45.788753509521484
112.9560034275055,100.0,410.711,100.0,-45.79448699951172
112.9875762462616,100.0,410.772,100.0,-45.797752380371094
113.01973557472229,100.0,410.826,100.0,-45.80120849609375
113.05170512199402,100.0,410.859,100.0,-45.81079864501953
113.08413171768188,100.0,410.879,100.0,-45.815185546875
113.11572527885437,100.0,410.939,100.0,-45.82046890258789
113.14789175987244,100.0,410.984,100.0,-45.824764251708984
113.18050193786621,100.0,411.017,100.0,-45.83478927612305
113.21249485015869,100.0,411.029,100.0,-45.83896255493164
113.24275612831116,100.0,411.08,100.0,-45.84410858154297
113.27468824386597,100.0,411.066,100.0,-45.84761047363281
113.30669331550598,100.0,411.077,100.0,-45.8511962890625
113.33932900428772,100.0,411.052,100.0,-45.852561950683594
113.37071442604065,100.0,411.066,100.0,-45.85236740112305
113.40417146682739,100.0,411.081,100.0,-45.85242462158203
113.43374705314636,100.0,411.078,100.0,-45.85295486450195
113.46601748466492,100.0,411.069,100.0,-45.853084564208984
113.49876236915588,100.0,411.089,100.0,-45.852664947509766
113.52672791481018,100.0,411.085,100.0,-45.853057861328125
113.55959844589233,100.0,411.641,100.0,-45.858699798583984
113.5841133594513,100.0,411.641,100.0,-45.88054656982422
113.61608600616455,100.0,412.427,100.0,-45.91293716430664
113.64172410964966,100.0,412.74,100.0,-45.955078125
113.67800879478455,100.0,412.769,100.0,-46.036216735839844
113.71757054328918,100.0,412.835,100.0,-46.06359100341797
113.73777341842651,100.0,412.835,100.0,-46.086483001708984
113.77500414848328,100.0,412.843,100.0,-46.10355758666992
113.80012345314026,100.0,412.861,100.0,-46.1161994934082
113.83437895774841,100.0,412.833,100.0,-46.13155746459961
113.86298537254333,100.0,412.799,100.0,-46.133724212646484
113.89131021499634,100.0,412.81,100.0,-46.13515853881836
113.92735528945923,100.0,412.819,100.0,-46.135013580322266
113.95850014686584,100.0,412.81,100.0,-46.13469696044922
113.9884626865387,100.0,412.838,100.0,-46.133541107177734
114.02161455154419,100.0,412.857,100.0,-46.133338928222656
114.06067180633545,100.0,412.862,100.0,-46.134395599365234
114.0859911441803,100.0,412.885,100.0,-46.133750915527344
114.11716890335083,100.0,412.888,100.0,-46.13385772705078
114.14271879196167,100.0,412.954,100.0,-46.13372802734375
114.17802119255066,100.0,412.993,100.0,-46.13925552368164
114.20806097984314,100.0,413.081,100.0,-46.14335632324219
114.24978804588318,100.0,413.069,100.0,-46.148014068603516
114.27497577667236,100.0,413.099,100.0,-46.15083694458008
114.30491852760315,100.0,413.127,100.0,-46.157386779785156
114.33648920059204,100.0,413.143,100.0,-46.15961456298828
114.37891936302185,100.0,413.141,100.0,-46.16332244873047
114.42509484291077,100.0,413.174,100.0,-46.16395568847656
114.4617908000946,100.0,413.208,100.0,-46.16856384277344
114.49379825592041,100.0,413.207,100.0,-46.170074462890625
114.51953268051147,100.0,413.207,100.0,-46.17138671875
114.55930519104004,100.0,413.212,100.0,-46.17299270629883
114.58377933502197,100.0,413.281,100.0,-46.17622756958008
114.61894798278809,100.0,413.334,100.0,-46.178565979003906
114.64321208000183,100.0,413.395,100.0,-46.18243408203125
114.67464232444763,100.0,413.439,100.0,-46.18783187866211
114.71332883834839,100.0,413.468,100.0,-46.19866943359375
114.73590326309204,100.0,413.49,100.0,-46.202919006347656
114.76952314376831,100.0,413.474,100.0,-46.206947326660156
114.79866170883179,100.0,413.493,100.0,-46.20919418334961
114.83046412467957,100.0,413.506,100.0,-46.21371841430664
114.85935091972351,100.0,413.558,100.0,-46.217403411865234
114.89207983016968,100.0,413.628,100.0,-46.22301483154297
114.92577934265137,100.0,413.605,100.0,-46.2271728515625
114.95888185501099,100.0,413.614,100.0,-46.23101806640625
114.99702906608582,100.0,413.655,100.0,-46.233516693115234
115.02937388420105,100.0,413.705,100.0,-46.23930358886719
115.05372285842896,100.0,413.701,100.0,-46.241756439208984
115.08605241775513,100.0,413.72,100.0,-46.24427795410156
115.11909437179565,100.0,413.761,100.0,-46.24702835083008
115.14919376373291,100.0,413.773,100.0,-46.2497444152832
115.17477798461914,100.0,413.766,100.0,-46.2521858215332
115.22207689285278,100.0,413.758,100.0,-46.25423049926758
115.25781106948853,100.0,413.771,100.0,-46.25507736206055
115.28944158554077,100.0,413.754,100.0,-46.25547790527344
115.31851172447205,100.0,413.751,100.0,-46.254947662353516
115.3436439037323,100.0,413.815,100.0,-46.254295349121094
115.37617921829224,100.0,413.838,100.0,-46.256370544433594
115.41389322280884,100.0,413.838,100.0,-46.26287841796875
115.4404547214508,100.0,413.825,100.0,-46.26366424560547
115.47229504585266,100.0,413.836,100.0,-46.26361846923828
115.50622725486755,100.0,413.847,100.0,-46.26455307006836
115.54447793960571,100.0,413.885,100.0,-46.26586151123047
115.56333112716675,100.0,413.953,100.0,-46.267459869384766
115.59352612495422,100.0,413.995,100.0,-46.27146530151367
115.62769889831543,100.0,414.008,100.0,-46.280364990234375
115.65998721122742,100.0,414.031,100.0,-46.28441619873047
115.69249057769775,100.0,414.024,100.0,-46.28688430786133
115.73085737228394,100.0,414.039,100.0,-46.29100036621094
115.75561761856079,100.0,414.041,100.0,-46.292572021484375
115.79390716552734,100.0,414.054,100.0,-46.29328918457031
115.82618427276611,100.0,414.096,100.0,-46.294654846191406
115.85321044921875,100.0,414.116,100.0,-46.3001823425293
115.89233207702637,100.0,414.157,100.0,-46.30397033691406
115.9215681552887,100.0,414.193,100.0,-46.306785583496094
115.9671413898468,100.0,414.3,100.0,-46.31411361694336
115.98519086837769,100.0,414.355,100.0,-46.320255279541016
116.01837158203125,100.0,414.363,100.0,-46.327171325683594
116.05083727836609,100.0,414.373,100.0,-46.33270263671875
116.08275246620178,100.0,414.345,100.0,-46.33866882324219
116.12295627593994,100.0,414.367,100.0,-46.34031677246094
116.14461278915405,100.0,414.398,100.0,-46.34235382080078
116.17543768882751,100.0,414.431,100.0,-46.34506607055664
116.20722436904907,100.0,414.426,100.0,-46.350589752197266
116.24260926246643,100.0,414.392,100.0,-46.35133361816406
116.27654981613159,100.0,414.373,100.0,-46.35112762451172
116.3027081489563,100.0,414.339,100.0,-46.35002517700195
116.33031392097473,100.0,414.341,100.0,-46.34572219848633
116.36671996116638,100.0,414.342,100.0,-46.34415817260742
116.40072774887085,100.0,414.398,100.0,-46.34291076660156
116.4333348274231,100.0,414.408,100.0,-46.34558868408203
116.45694470405579,100.0,414.38,100.0,-46.345401763916016
116.48770761489868,100.0,414.347,100.0,-46.34380340576172
116.51779317855835,100.0,414.342,100.0,-46.34230041503906
116.55082559585571,100.0,414.358,100.0,-46.34151077270508
116.58291935920715,100.0,414.407,100.0,-46.340576171875
116.61595344543457,100.0,414.432,100.0,-46.34238052368164
116.6460657119751,100.0,414.495,100.0,-46.34479522705078
116.6812686920166,100.0,414.601,100.0,-46.35713577270508
116.7126362323761,100.0,414.833,100.0,-46.371131896972656
116.74006772041321,100.0,414.901,100.0,-46.38361358642578
116.7725396156311,100.0,414.897,100.0,-46.395973205566406
116.80526781082153,100.0,414.921,100.0,-46.41310119628906
116.83279919624329,100.0,414.998,100.0,-46.4222297668457
116.87135744094849,100.0,415.085,100.0,-46.42988204956055
116.8951895236969,100.0,415.097,100.0,-46.4383544921875
116.93055629730225,100.0,415.072,100.0,-46.44905090332031
116.95993399620056,100.0,415.08,100.0,-46.45213317871094
116.98588681221008,100.0,415.105,100.0,-46.455291748046875
117.01739525794983,100.0,415.185,100.0,-46.45931625366211
117.05193567276001,100.0,415.223,100.0,-46.463680267333984
117.08431935310364,100.0,415.207,100.0,-46.47110366821289
117.11073756217957,100.0,415.206,100.0,-46.47290802001953
117.14229321479797,100.0,415.229,100.0,-46.47502136230469
117.17521619796753,100.0,415.296,100.0,-46.47713851928711
117.22042441368103,100.0,415.304,100.0,-46.483482360839844
117.2540774345398,100.0,415.32,100.0,-46.48779296875
117.29042077064514,100.0,415.302,100.0,-46.489044189453125
117.31533598899841,100.0,415.344,100.0,-46.48905944824219
117.35111570358276,100.0,415.352,100.0,-46.49065399169922
117.37543153762817,100.0,415.344,100.0,-46.49205017089844
117.41875052452087,100.0,415.34,100.0,-46.49345779418945
117.45062565803528,100.0,415.368,100.0,-46.49323654174805
117.48331427574158,100.0,415.389,100.0,-46.49530792236328
117.5443217754364,100.0,415.422,100.0,-46.498504638671875
117.57518815994263,100.0,415.413,100.0,-46.49993896484375
117.60087299346924,100.0,415.43,100.0,-46.50055694580078
117.62558031082153,100.0,415.439,100.0,-46.50163650512695
117.66700839996338,100.0,415.466,100.0,-46.50462341308594
117.69303488731384,100.0,415.521,100.0,-46.508453369140625
117.73681116104126,100.0,415.552,100.0,-46.51441192626953
117.77032399177551,100.0,415.539,100.0,-46.517578125
117.80924105644226,100.0,415.593,100.0,-46.52155303955078
117.84559988975525,100.0,415.606,100.0,-46.524261474609375
117.87930369377136,100.0,415.669,100.0,-46.52644729614258
117.90987277030945,100.0,415.671,100.0,-46.533424377441406
117.95924186706543,100.0,415.744,100.0,-46.53813934326172
117.99216103553772,100.0,415.785,100.0,-46.54213333129883
118.02442908287048,100.0,415.784,100.0,-46.54681396484375
118.05645966529846,100.0,415.784,100.0,-46.55276870727539
118.0869038105011,100.0,415.793,100.0,-46.5545654296875
118.11907315254211,100.0,415.809,100.0,-46.556190490722656
118.14361238479614,100.0,415.811,100.0,-46.5579833984375
118.18788146972656,100.0,415.81,100.0,-46.560176849365234
118.2200698852539,100.0,415.848,100.0,-46.561973571777344
118.25750136375427,100.0,415.865,100.0,-46.565406799316406
118.2901918888092,100.0,415.888,100.0,-46.56767272949219
118.32598447799683,100.0,415.886,100.0,-46.568634033203125
118.35925364494324,100.0,415.885,100.0,-46.57063674926758
118.39176201820374,100.0,415.893,100.0,-46.57147216796875
118.44140863418579,100.0,415.937,100.0,-46.57480239868164
118.47474932670593,100.0,415.983,100.0,-46.577667236328125
118.50105786323547,100.0,415.983,100.0,-46.58028793334961
118.53387808799744,100.0,415.972,100.0,-46.58405303955078
118.56798100471497,100.0,415.952,100.0,-46.58444595336914
118.59778046607971,100.0,415.936,100.0,-46.58381271362305
118.62549710273743,100.0,415.927,100.0,-46.582557678222656
118.65854120254517,100.0,415.959,100.0,-46.580780029296875
118.69375681877136,100.0,415.953,100.0,-46.580955505371094
118.71876645088196,100.0,415.979,100.0,-46.580780029296875
118.74926018714905,100.0,415.951,100.0,-46.58168029785156
118.78770017623901,100.0,415.94,100.0,-46.580101013183594
118.81297445297241,100.0,415.934,100.0,-46.57937240600586
118.85353469848633,100.0,415.942,100.0,-46.578521728515625
118.87637591362,100.0,415.948,100.0,-46.57816696166992
118.91004848480225,100.0,415.944,100.0,-46.5778923034668
118.94776678085327,100.0,415.911,100.0,-46.57676696777344
118.9762794971466,100.0,415.917,100.0,-46.57542037963867
119.00097107887268,100.0,415.916,100.0,-46.57461929321289
119.03709197044373,100.0,415.942,100.0,-46.57452392578125
119.07179522514343,100.0,415.953,100.0,-46.57542419433594
119.09786701202393,100.0,416.048,100.0,-46.5769157409668
119.12832808494568,100.0,416.008,100.0,-46.58124923706055
119.17429518699646,100.0,415.881,100.0,-46.578819274902344
119.20910811424255,100.0,415.729,100.0,-46.5661735534668
119.2432382106781,100.0,415.768,100.0,-46.55950164794922
119.2687497138977,100.0,416.045,100.0,-46.5560188293457
119.30132937431335,100.0,416.22,100.0,-46.56502151489258
119.33768153190613,100.0,416.431,100.0,-46.5991325378418
119.36993932723999,100.0,416.436,100.0,-46.61455535888672
119.39106965065002,100.0,416.434,100.0,-46.626564025878906
119.43489623069763,100.0,416.458,100.0,-46.64229202270508
119.45679211616516,100.0,416.458,100.0,-46.648353576660156
119.50007009506226,100.0,416.698,100.0,-46.65491485595703
119.53114485740662,100.0,416.765,100.0,-46.680213928222656
119.5706205368042,100.0,416.935,100.0,-46.692100524902344
119.59916019439697,100.0,416.915,100.0,-46.70560073852539
119.62520051002502,100.0,416.927,100.0,-46.71487045288086
119.66235756874084,100.0,416.908,100.0,-46.7266845703125
119.7012231349945,100.0,416.831,100.0,-46.72682189941406
119.72773098945618,100.0,416.817,100.0,-46.72633743286133
119.75403881072998,100.0,416.82,100.0,-46.72505569458008
119.79140782356262,100.0,416.884,100.0,-46.72543716430664
119.83334565162659,100.0,416.957,100.0,-46.73103713989258
119.86002945899963,100.0,417.008,100.0,-46.735450744628906
119.9026255607605,100.0,417.019,100.0,-46.7386360168457
119.93292546272278,100.0,417.016,100.0,-46.74310302734375
119.95877718925476,100.0,417.01,100.0,-46.744224548339844
119.985591173172,100.0,417.022,100.0,-46.74463653564453
120.03575372695923,100.0,417.095,100.0,-46.74767303466797
120.06390976905823,100.0,417.094,100.0,-46.750328063964844
120.10984945297241,100.0,417.128,100.0,-46.754852294921875
120.13820219039917,100.0,417.279,100.0,-46.76024627685547
120.18794965744019,100.0,417.31,100.0,-46.773536682128906
120.22612595558167,100.0,417.282,100.0,-46.77911376953125
120.25900554656982,100.0,417.278,100.0,-46.78253173828125
120.28405857086182,100.0,417.326,100.0,-46.78534698486328
120.3172516822815,100.0,417.348,100.0,-46.78755187988281
120.35905694961548,100.0,417.306,100.0,-46.789573669433594
120.38878417015076,100.0,417.324,100.0,-46.78999328613281
120.42274403572083,100.0,417.332,100.0,-46.7899055480957
120.4564220905304,100.0,417.383,100.0,-46.792579650878906
120.49208927154541,100.0,417.348,100.0,-46.792747497558594
120.52629470825195,100.0,417.404,100.0,-46.794097900390625
120.5530333518982,100.0,417.446,100.0,-46.79602813720703
120.58404016494751,100.0,417.497,100.0,-46.80010986328125
120.62576150894165,100.0,417.505,100.0,-46.804229736328125
120.66807103157043,100.0,417.476,100.0,-46.80942153930664
120.70232152938843,100.0,417.473,100.0,-46.8101692199707
120.73581647872925,100.0,417.518,100.0,-46.81215286254883
120.77262091636658,100.0,417.576,100.0,-46.81369400024414
120.80329704284668,100.0,417.604,100.0,-46.81721115112305
120.83372402191162,100.0,417.594,100.0,-46.823387145996094
120.86659359931946,100.0,417.552,100.0,-46.82511520385742
120.89198899269104,100.0,417.493,100.0,-46.82456970214844
120.9341287612915,100.0,417.508,100.0,-46.81975173950195
120.9604001045227,100.0,417.488,100.0,-46.81743621826172
120.9865894317627,100.0,417.531,100.0,-46.8173828125
121.01942586898804,100.0,417.55,100.0,-46.818077087402344
121.05958318710327,100.0,417.603,100.0,-46.82146072387695
121.09126400947571,100.0,417.596,100.0,-46.822994232177734
121.11848020553589,100.0,417.599,100.0,-46.82424545288086
121.1439483165741,100.0,417.608,100.0,-46.82552719116211
121.17430591583252,100.0,417.606,100.0,-46.82637405395508
121.20955157279968,100.0,417.623,100.0,-46.827884674072266
121.240642786026,100.0,417.625,100.0,-46.82881164550781
121.26674771308899,100.0,417.635,100.0,-46.829891204833984
121.30111122131348,100.0,417.633,100.0,-46.830665588378906
121.33778309822083,100.0,417.663,100.0,-46.83268356323242
121.36286854743958,100.0,417.681,100.0,-46.83383560180664
121.39103388786316,100.0,417.633,100.0,-46.83542251586914
121.4351224899292,100.0,417.634,100.0,-46.83386993408203
121.45973610877991,100.0,417.645,100.0,-46.833316802978516
121.48565077781677,100.0,417.696,100.0,-46.833309173583984
121.5252754688263,100.0,417.718,100.0,-46.83540344238281
121.55908155441284,100.0,417.737,100.0,-46.840599060058594
121.5905773639679,100.0,417.776,100.0,-46.84342575073242
121.61653780937195,100.0,417.786,100.0,-46.84638977050781
121.6426432132721,100.0,417.783,100.0,-46.849037170410156
121.67580723762512,100.0,417.8,100.0,-46.850887298583984
121.7037501335144,100.0,417.769,100.0,-46.85295867919922
121.74257707595825,100.0,417.733,100.0,-46.85176086425781
121.77287244796753,100.0,417.647,100.0,-46.85026168823242
121.80817031860352,100.0,417.639,100.0,-46.84191131591797
121.84091687202454,100.0,417.695,100.0,-46.84125900268555
121.86507439613342,100.0,417.723,100.0,-46.8419189453125
121.90209698677063,100.0,417.767,100.0,-46.84426498413086
121.93453049659729,100.0,417.779,100.0,-46.84846878051758
121.96031713485718,100.0,417.799,100.0,-46.849761962890625
121.99269080162048,100.0,417.832,100.0,-46.8515625
122.02628135681152,100.0,417.868,100.0,-46.854305267333984
122.05271816253662,100.0,418.223,100.0,-46.85789489746094
122.09302353858948,100.0,418.625,100.0,-46.89705276489258
122.12351751327515,100.0,418.677,100.0,-46.92243957519531
122.14807152748108,100.0,418.674,100.0,-46.94402313232422
122.17370843887329,100.0,418.717,100.0,-46.96027374267578
122.21461868286133,100.0,418.741,100.0,-46.985748291015625
122.24096941947937,100.0,418.849,100.0,-46.99596405029297
122.27446484565735,100.0,418.884,100.0,-47.00621032714844
122.30810809135437,100.0,418.908,100.0,-47.02267837524414
122.34234356880188,100.0,418.949,100.0,-47.029762268066406
122.36073589324951,100.0,418.96,100.0,-47.03527069091797
122.41020321846008,100.0,419.103,100.0,-47.04966735839844
122.4394109249115,100.0,419.137,100.0,-47.05683517456055
122.46808075904846,100.0,419.17,100.0,-47.06334686279297
122.50824737548828,100.0,419.203,100.0,-47.07249450683594
122.53317832946777,100.0,419.214,100.0,-47.07609939575195
122.5712468624115,100.0,419.228,100.0,-47.07909393310547
122.59949135780334,100.0,419.234,100.0,-47.081295013427734
122.63657188415527,100.0,419.21,100.0,-47.08214569091797
122.66863083839417,100.0,419.22,100.0,-47.08165740966797
122.70343971252441,100.0,419.251,100.0,-47.08141326904297
122.73505568504333,100.0,419.368,100.0,-47.08595657348633
122.7751247882843,100.0,419.374,100.0,-47.0902099609375
122.80290484428406,100.0,419.376,100.0,-47.0935173034668
122.83636713027954,100.0,419.412,100.0,-47.09907531738281
122.86108088493347,100.0,419.436,100.0,-47.102294921875
122.89116263389587,100.0,419.5,100.0,-47.10725402832031
122.92380261421204,100.0,419.528,100.0,-47.1120491027832
122.95850110054016,100.0,419.559,100.0,-47.12067794799805
122.99901676177979,100.0,419.575,100.0,-47.12306594848633
123.04107022285461,100.0,419.568,100.0,-47.12621307373047
123.07174229621887,100.0,419.591,100.0,-47.12708282470703
123.11131262779236,100.0,419.621,100.0,-47.130733489990234
123.17598700523376,100.0,419.622,100.0,-47.13475036621094
123.21321177482605,100.0,419.687,100.0,-47.13737869262695
123.23945140838623,100.0,419.745,100.0,-47.1395149230957
123.27340912818909,100.0,419.787,100.0,-47.14345169067383
123.31199645996094,100.0,419.832,100.0,-47.1534423828125
123.34210515022278,100.0,419.854,100.0,-47.15824508666992
123.36080312728882,100.0,419.854,100.0,-47.161869049072266
123.39279460906982,100.0,419.86,100.0,-47.16474533081055
123.42765665054321,100.0,419.842,100.0,-47.16641616821289
123.4541642665863,100.0,419.875,100.0,-47.16716003417969
123.49265646934509,100.0,419.913,100.0,-47.17177963256836
123.52541089057922,100.0,420.019,100.0,-47.174983978271484
123.55076026916504,100.0,420.019,100.0,-47.18058395385742
123.5805766582489,100.0,420.018,100.0,-47.184879302978516
123.61859059333801,100.0,420.0,100.0,-47.19013214111328
123.64918923377991,100.0,420.0,100.0,-47.19083023071289
123.68406105041504,100.0,420.048,100.0,-47.1933708190918
123.71978449821472,100.0,420.073,100.0,-47.19526672363281
123.76171469688416,100.0,420.052,100.0,-47.19778823852539
123.79127836227417,100.0,420.109,100.0,-47.19965362548828
123.81697750091553,100.0,420.117,100.0,-47.20176315307617
123.85971474647522,100.0,420.167,100.0,-47.206993103027344
123.893479347229,100.0,420.193,100.0,-47.209659576416016
123.93577480316162,100.0,420.193,100.0,-47.21459197998047
123.96370339393616,100.0,420.279,100.0,-47.21968078613281
124.00067830085754,100.0,420.472,100.0,-47.22696304321289
124.0358214378357,100.0,420.572,100.0,-47.248897552490234
124.06740307807922,100.0,420.574,100.0,-47.2579345703125
124.09713101387024,100.0,420.607,100.0,-47.266082763671875
124.129563331604,100.0,420.649,100.0,-47.272056579589844
124.16036677360535,100.0,420.645,100.0,-47.28265380859375
124.20151877403259,100.0,420.648,100.0,-47.28578186035156
124.24362993240356,100.0,420.632,100.0,-47.28929901123047
124.2675838470459,100.0,420.641,100.0,-47.289634704589844
124.30873942375183,100.0,420.675,100.0,-47.29004669189453
124.34221816062927,100.0,420.828,100.0,-47.297542572021484
124.3678629398346,100.0,420.839,100.0,-47.30341720581055
124.40316605567932,100.0,420.84,100.0,-47.30821990966797
124.43743634223938,100.0,420.893,100.0,-47.3165168762207
124.4629967212677,100.0,420.992,100.0,-47.324134826660156
124.50012135505676,100.0,421.098,100.0,-47.334259033203125
124.53360223770142,100.0,421.3,100.0,-47.346092224121094
124.5760715007782,100.0,421.405,100.0,-47.37348556518555
124.60036897659302,100.0,421.495,100.0,-47.38797378540039
124.62443900108337,100.0,421.616,100.0,-47.40390396118164
124.65813064575195,100.0,421.714,100.0,-47.41583251953125
124.69127798080444,100.0,421.82,100.0,-47.437034606933594
124.72176575660706,100.0,421.975,100.0,-47.4487419128418
124.75901532173157,100.0,422.031,100.0,-47.46385955810547
124.78552794456482,100.0,421.997,100.0,-47.48601531982422
124.82268166542053,100.0,421.728,100.0,-47.488502502441406
124.85142803192139,100.0,421.469,100.0,-47.482303619384766
124.89208269119263,100.0,420.858,100.0,-47.43985366821289
124.92672514915466,100.0,420.64,100.0,-47.4070930480957
124.97026133537292,100.0,420.442,100.0,-47.339454650878906
125.00046181678772,100.0,420.459,100.0,-47.31199645996094
125.04224514961243,100.0,420.529,100.0,-47.279296875
125.06821346282959,100.0,420.62,100.0,-47.27386474609375
125.1007182598114,100.0,420.718,100.0,-47.27322006225586
125.13822841644287,100.0,420.784,100.0,-47.27769088745117
125.16344165802002,100.0,420.865,100.0,-47.28424835205078
125.18856930732727,100.0,420.965,100.0,-47.29376983642578
125.23548746109009,100.0,421.091,100.0,-47.30541229248047
125.27223300933838,100.0,421.193,100.0,-47.323890686035156
125.30097842216492,100.0,421.319,100.0,-47.334503173828125
125.33962440490723,100.0,421.537,100.0,-47.363643646240234
125.36350655555725,100.0,421.511,100.0,-47.37959289550781
125.40355658531189,100.0,421.444,100.0,-47.39069366455078
125.42283987998962,100.0,421.375,100.0,-47.39628601074219
125.46274375915527,100.0,421.295,100.0,-47.394901275634766
125.48850798606873,100.0,421.271,100.0,-47.391693115234375
125.52517771720886,100.0,421.462,100.0,-47.392921447753906
125.55097365379333,100.0,421.595,100.0,-47.39788055419922
125.58992743492126,100.0,421.713,100.0,-47.41912078857422
125.61260676383972,100.0,421.715,100.0,-47.42827224731445
125.64172577857971,100.0,421.704,100.0,-47.434669494628906
125.68406414985657,100.0,421.617,100.0,-47.43766403198242
125.71652030944824,100.0,421.579,100.0,-47.436119079589844
125.74328637123108,100.0,421.565,100.0,-47.43401336669922
125.77532029151917,100.0,421.548,100.0,-47.43149185180664
125.80094408988953,100.0,421.548,100.0,-47.42938232421875
125.83883166313171,100.0,421.65,100.0,-47.43199157714844
125.86664652824402,100.0,421.703,100.0,-47.435890197753906
125.90011525154114,100.0,421.738,100.0,-47.440250396728516
125.9334626197815,100.0,421.751,100.0,-47.4434928894043
125.95899057388306,100.0,421.751,100.0,-47.445865631103516
125.99151849746704,100.0,421.735,100.0,-47.45008087158203
126.02477717399597,100.0,421.717,100.0,-47.45042419433594
126.05301117897034,100.0,421.695,100.0,-47.44980239868164
126.08772301673889,100.0,421.707,100.0,-47.44750213623047
126.11690902709961,100.0,421.651,100.0,-47.444664001464844
126.14276671409607,100.0,421.606,100.0,-47.442169189453125
126.19115471839905,100.0,421.728,100.0,-47.440364837646484
126.22019219398499,100.0,421.909,100.0,-47.44952392578125
126.2533323764801,100.0,422.414,100.0,-47.466880798339844
126.28884172439575,100.0,422.514,100.0,-47.51380920410156
126.32513737678528,100.0,422.599,100.0,-47.53428268432617
126.35944318771362,100.0,422.521,100.0,-47.55021667480469
126.40379285812378,100.0,422.342,100.0,-47.56072998046875
126.43627548217773,100.0,422.286,100.0,-47.554508209228516
126.46454977989197,100.0,422.263,100.0,-47.549949645996094
126.48917937278748,100.0,422.269,100.0,-47.54640197753906
126.51923394203186,100.0,422.246,100.0,-47.543418884277344
126.55254292488098,100.0,422.241,100.0,-47.539939880371094
126.58626317977905,100.0,422.281,100.0,-47.5368537902832
126.62079048156738,100.0,422.33,100.0,-47.5339241027832
126.64560985565186,100.0,422.487,100.0,-47.535526275634766
126.67332243919373,100.0,422.616,100.0,-47.543251037597656
126.71000027656555,100.0,422.801,100.0,-47.55451583862305
126.74239468574524,100.0,423.089,100.0,-47.588645935058594
126.77523136138916,100.0,423.143,100.0,-47.60889434814453
126.80823183059692,100.0,423.065,100.0,-47.62651824951172
126.83386516571045,100.0,423.007,100.0,-47.63652420043945
126.87579417228699,100.0,422.696,100.0,-47.63643264770508
126.90909266471863,100.0,422.634,100.0,-47.627586364746094
126.95221543312073,100.0,422.515,100.0,-47.60506820678711
126.98423624038696,100.0,422.626,100.0,-47.59710693359375
127.01621890068054,100.0,422.612,100.0,-47.589813232421875
127.05795884132385,100.0,422.634,100.0,-47.58789825439453
127.09235954284668,100.0,422.367,100.0,-47.58024215698242
127.12445211410522,100.0,422.309,100.0,-47.56913757324219
127.1569766998291,100.0,422.45,100.0,-47.5581169128418
127.19765329360962,100.0,421.2,100.0,-47.53655242919922
127.22071957588196,100.0,420.384,100.0,-47.48657989501953
127.2535035610199,100.0,419.638,100.0,-47.413909912109375
127.28564476966858,100.0,419.865,100.0,-47.326839447021484
127.32671737670898,100.0,419.973,100.0,-47.22826385498047
127.35370826721191,100.0,420.052,100.0,-47.200050354003906
127.390949010849,100.0,420.073,100.0,-47.17122268676758
127.4238669872284,100.0,420.19,100.0,-47.167335510253906
127.46428751945496,100.0,420.185,100.0,-47.1664924621582
127.48960423469543,100.0,420.191,100.0,-47.1677131652832
127.51558947563171,100.0,420.212,100.0,-47.170387268066406
127.56262159347534,100.0,420.214,100.0,-47.176483154296875
127.60487651824951,100.0,420.201,100.0,-47.1788444519043
127.62734293937683,100.0,420.165,100.0,-47.18125915527344
127.65767168998718,100.0,420.154,100.0,-47.182159423828125
127.70268487930298,100.0,420.187,100.0,-47.18462371826172
127.72657632827759,100.0,420.216,100.0,-47.18705749511719
127.75891613960266,100.0,420.216,100.0,-47.19053649902344
127.78435730934143,100.0,420.224,100.0,-47.193572998046875
127.82431840896606,100.0,420.23,100.0,-47.19902801513672
127.85816955566406,100.0,420.27,100.0,-47.20155334472656
127.88401556015015,100.0,420.253,100.0,-47.20539855957031
127.90864419937134,100.0,420.239,100.0,-47.20785140991211
127.94881439208984,100.0,420.219,100.0,-47.21060562133789
127.98203039169312,100.0,420.246,100.0,-47.21088790893555
128.0015516281128,100.0,420.275,100.0,-47.21235656738281
128.03026175498962,100.0,420.286,100.0,-47.214813232421875
128.06674647331238,100.0,420.302,100.0,-47.219905853271484
128.1008801460266,100.0,420.305,100.0,-47.22213363647461
128.13352704048157,100.0,420.305,100.0,-47.2244873046875
128.17364168167114,100.0,420.327,100.0,-47.227684020996094
128.20956444740295,100.0,420.357,100.0,-47.2301139831543
128.25108408927917,100.0,420.393,100.0,-47.235565185546875
128.28270316123962,100.0,420.412,100.0,-47.23884963989258
128.30220890045166,100.0,420.411,100.0,-47.24136734008789
128.3345971107483,100.0,420.442,100.0,-47.24323654174805
128.37560367584229,100.0,420.448,100.0,-47.248077392578125
128.40885591506958,100.0,420.45,100.0,-47.24984359741211
128.44056725502014,100.0,420.442,100.0,-47.251930236816406
128.4739592075348,100.0,420.492,100.0,-47.253326416015625
128.50553059577942,100.0,420.514,100.0,-47.25552749633789
128.54132771492004,100.0,420.58,100.0,-47.262786865234375
128.573002576828,100.0,420.583,100.0,-47.267181396484375
128.600168466568,100.0,420.555,100.0,-47.26978302001953
128.63554644584656,100.0,420.523,100.0,-47.27052307128906
128.67329907417297,100.0,420.506,100.0,-47.2681884765625
128.70593428611755,100.0,420.588,100.0,-47.26878356933594
128.74256873130798,100.0,420.598,100.0,-47.272735595703125
128.77179169654846,100.0,420.629,100.0,-47.27545166015625
128.80450868606567,100.0,420.647,100.0,-47.27823257446289
128.8406262397766,100.0,420.706,100.0,-47.284854888916016
128.87608432769775,100.0,420.724,100.0,-47.288482666015625
128.9256408214569,100.0,420.774,100.0,-47.29526138305664
128.95971584320068,100.0,420.79,100.0,-47.298309326171875
128.9916250705719,100.0,420.834,100.0,-47.304752349853516
129.0246434211731,100.0,420.894,100.0,-47.30781936645508
129.05596208572388,100.0,420.938,100.0,-47.312583923339844
129.0874936580658,100.0,420.957,100.0,-47.31798553466797
129.1140809059143,100.0,420.981,100.0,-47.322818756103516
129.1590712070465,100.0,421.033,100.0,-47.33190155029297
129.2005512714386,100.0,421.062,100.0,-47.34028625488281
129.2259395122528,100.0,421.115,100.0,-47.34366226196289
129.2580554485321,100.0,421.125,100.0,-47.34832000732422
129.28214311599731,100.0,421.218,100.0,-47.35216522216797
129.32273840904236,100.0,421.237,100.0,-47.364654541015625
129.35197639465332,100.0,421.266,100.0,-47.370147705078125
129.37677812576294,100.0,421.299,100.0,-47.375579833984375
129.42302298545837,100.0,421.333,100.0,-47.3834114074707
129.45795369148254,100.0,421.341,100.0,-47.386962890625
129.49174618721008,100.0,421.374,100.0,-47.392879486083984
129.52407789230347,100.0,421.413,100.0,-47.39503479003906
129.55727982521057,100.0,421.419,100.0,-47.39813995361328
129.58864760398865,100.0,421.43,100.0,-47.400596618652344
129.62186813354492,100.0,421.482,100.0,-47.405845642089844
129.6519832611084,100.0,421.471,100.0,-47.408634185791016
129.6847484111786,100.0,421.51,100.0,-47.4101448059082
129.71840381622314,100.0,421.52,100.0,-47.4150505065918
129.74849247932434,100.0,421.62,100.0,-47.41840744018555
129.77469539642334,100.0,421.622,100.0,-47.42326736450195
129.8065550327301,100.0,421.636,100.0,-47.426937103271484
129.8319056034088,100.0,421.631,100.0,-47.4301872253418
129.8669662475586,100.0,421.599,100.0,-47.432437896728516
129.89507508277893,100.0,421.633,100.0,-47.433799743652344
129.93240594863892,100.0,421.663,100.0,-47.43418884277344
129.95738744735718,100.0,421.702,100.0,-47.43610763549805
129.99289083480835,100.0,421.7,100.0,-47.441162109375
130.01820135116577,100.0,421.746,100.0,-47.444557189941406
130.0558466911316,100.0,421.753,100.0,-47.44733428955078
130.0805163383484,100.0,421.787,100.0,-47.450767517089844
130.10924410820007,100.0,421.749,100.0,-47.453277587890625
130.15902304649353,100.0,421.692,100.0,-47.451725006103516
130.19220280647278,100.0,421.655,100.0,-47.446311950683594
130.23562669754028,100.0,421.647,100.0,-47.4442138671875
130.26820755004883,100.0,421.641,100.0,-47.4393196105957
130.3001527786255,100.0,421.645,100.0,-47.43744659423828
130.3350794315338,100.0,421.687,100.0,-47.4361686706543
130.3610303401947,100.0,421.725,100.0,-47.436920166015625
130.40762329101562,100.0,421.759,100.0,-47.44129180908203
130.4421203136444,100.0,421.784,100.0,-47.446773529052734
130.47517204284668,100.0,421.794,100.0,-47.449432373046875
130.50482177734375,100.0,421.886,100.0,-47.45243835449219
130.5337996482849,100.0,421.854,100.0,-47.457557678222656
130.5798008441925,100.0,421.922,100.0,-47.46311569213867
130.62520146369934,100.0,421.876,100.0,-47.468116760253906
130.6614649295807,100.0,421.916,100.0,-47.470462799072266
130.69183111190796,100.0,421.904,100.0,-47.472984313964844
130.72611904144287,100.0,421.965,100.0,-47.476036071777344
130.75976061820984,100.0,422.016,100.0,-47.480438232421875
130.79345202445984,100.0,422.129,100.0,-47.4899787902832
130.82703471183777,100.0,422.126,100.0,-47.495628356933594
130.8611376285553,100.0,422.165,100.0,-47.499732971191406
130.89286923408508,100.0,422.189,100.0,-47.508872985839844
130.92465329170227,100.0,422.248,100.0,-47.51313781738281
130.9600431919098,100.0,422.293,100.0,-47.517784118652344
130.99741792678833,100.0,422.304,100.0,-47.52649688720703
131.02495288848877,100.0,422.316,100.0,-47.52994918823242
131.06015419960022,100.0,422.337,100.0,-47.53294372558594
131.08501267433167,100.0,422.371,100.0,-47.53596496582031
131.1092221736908,100.0,422.393,100.0,-47.53955078125
131.14290022850037,100.0,422.382,100.0,-47.5451545715332
131.17642617225647,100.0,422.382,100.0,-47.54658889770508
131.2089385986328,100.0,422.442,100.0,-47.54727554321289
131.23543190956116,100.0,422.626,100.0,-47.550418853759766
131.2698073387146,100.0,422.767,100.0,-47.57389831542969
131.30305910110474,100.0,422.944,100.0,-47.591552734375
131.32805919647217,100.0,423.01,100.0,-47.60772705078125
131.36820483207703,100.0,423.055,100.0,-47.631439208984375
131.4008481502533,100.0,423.032,100.0,-47.639488220214844
131.42503428459167,100.0,423.007,100.0,-47.64438247680664
131.4560408592224,100.0,423.009,100.0,-47.64675521850586
131.49518632888794,100.0,423.049,100.0,-47.65089416503906
131.51982402801514,100.0,423.098,100.0,-47.65462112426758
131.5576868057251,100.0,423.18,100.0,-47.65925598144531
131.59299564361572,100.0,423.213,100.0,-47.66863250732422
131.62105083465576,100.0,423.241,100.0,-47.67314910888672
131.65425372123718,100.0,423.258,100.0,-47.676143646240234
131.6790738105774,100.0,423.303,100.0,-47.67910385131836
131.70322036743164,100.0,423.303,100.0,-47.683006286621094
131.73636174201965,100.0,423.342,100.0,-47.68575668334961
131.77564120292664,100.0,423.347,100.0,-47.69192886352539
131.80788826942444,100.0,423.371,100.0,-47.694541931152344
131.8400480747223,100.0,423.377,100.0,-47.696533203125
131.8725974559784,100.0,423.381,100.0,-47.69924545288086
131.90451169013977,100.0,423.37,100.0,-47.699462890625
131.93665742874146,100.0,423.372,100.0,-47.69964599609375
131.9702332019806,100.0,423.381,100.0,-47.699546813964844
132.00167274475098,100.0,423.418,100.0,-47.70099639892578
132.03591418266296,100.0,423.438,100.0,-47.70196533203125
132.0622854232788,100.0,423.463,100.0,-47.70341110229492
132.09647631645203,100.0,423.48,100.0,-47.708213806152344
132.12777638435364,100.0,423.48,100.0,-47.709598541259766
132.1582863330841,100.0,423.542,100.0,-47.710533142089844
132.1948549747467,100.0,423.545,100.0,-47.71620559692383
132.21948528289795,100.0,423.59,100.0,-47.718955993652344
132.256334066391,100.0,423.597,100.0,-47.72187805175781
132.2894480228424,100.0,423.654,100.0,-47.72429656982422
132.31855082511902,100.0,423.691,100.0,-47.73305130004883
132.35594272613525,100.0,423.726,100.0,-47.737449645996094
132.38139986991882,100.0,423.744,100.0,-47.7411994934082
132.4142518043518,100.0,423.76,100.0,-47.74470138549805
132.43924283981323,100.0,423.798,100.0,-47.7479248046875
132.47318410873413,100.0,423.783,100.0,-47.754112243652344
132.5006284713745,100.0,423.81,100.0,-47.75682067871094
132.53879499435425,100.0,423.859,100.0,-47.759681701660156
132.57168412208557,100.0,423.888,100.0,-47.766395568847656
132.60344243049622,100.0,423.913,100.0,-47.77001190185547
132.62645864486694,100.0,423.927,100.0,-47.77323913574219
132.6703701019287,100.0,423.98,100.0,-47.77817153930664
132.70187497138977,100.0,423.996,100.0,-47.78128433227539
132.7356116771698,100.0,424.03,100.0,-47.78420639038086
132.7760181427002,100.0,424.074,100.0,-47.79143524169922
132.80848288536072,100.0,424.102,100.0,-47.79484939575195
132.8358154296875,100.0,424.094,100.0,-47.79850387573242
132.86609387397766,100.0,424.104,100.0,-47.80082321166992
132.8955147266388,100.0,424.124,100.0,-47.80513381958008
132.923166513443,100.0,424.121,100.0,-47.80659484863281
132.95911955833435,100.0,424.165,100.0,-47.808746337890625
133.00178694725037,100.0,424.23,100.0,-47.81356430053711
133.03164505958557,100.0,424.255,100.0,-47.81709289550781
133.07304525375366,100.0,424.266,100.0,-47.82384490966797
133.097811460495,100.0,424.269,100.0,-47.826229095458984
133.12542343139648,100.0,424.275,100.0,-47.82817077636719
133.15884852409363,100.0,424.333,100.0,-47.8305778503418
133.195330619812,100.0,424.355,100.0,-47.83684158325195
133.22441840171814,100.0,424.377,100.0,-47.84007263183594
133.2557454109192,100.0,424.363,100.0,-47.841835021972656
133.2897710800171,100.0,424.341,100.0,-47.84220504760742
133.31481170654297,100.0,424.355,100.0,-47.842262268066406
133.34679698944092,100.0,424.372,100.0,-47.84302520751953
133.38503789901733,100.0,424.386,100.0,-47.84382629394531
133.42103695869446,100.0,424.366,100.0,-47.844818115234375
133.4533441066742,100.0,424.372,100.0,-47.84400939941406
133.48661351203918,100.0,424.4,100.0,-47.844173431396484
133.52104687690735,100.0,424.446,100.0,-47.847225189208984
133.5563554763794,100.0,424.439,100.0,-47.849525451660156
133.5853452682495,100.0,424.44,100.0,-47.850929260253906
133.62593340873718,100.0,424.453,100.0,-47.852989196777344
133.6582796573639,100.0,424.486,100.0,-47.85394287109375
133.69103813171387,100.0,424.507,100.0,-47.855987548828125
133.72218775749207,100.0,424.552,100.0,-47.862030029296875
133.75111865997314,100.0,424.543,100.0,-47.86438751220703
133.7826566696167,100.0,424.588,100.0,-47.86658477783203
133.82282996177673,100.0,424.608,100.0,-47.87270736694336
133.84734082221985,100.0,424.676,100.0,-47.87784957885742
133.8837022781372,100.0,424.685,100.0,-47.8820915222168
133.90870189666748,100.0,424.71,100.0,-47.88629913330078
133.94035720825195,100.0,424.776,100.0,-47.89160919189453
133.97370433807373,100.0,424.812,100.0,-47.89908981323242
134.0076904296875,100.0,424.881,100.0,-47.903167724609375
134.03929710388184,100.0,424.911,100.0,-47.9090690612793
134.07226657867432,100.0,424.983,100.0,-47.921958923339844
134.09527444839478,100.0,424.96,100.0,-47.92639923095703
134.12623071670532,100.0,424.978,100.0,-47.929561614990234
134.1731789112091,100.0,425.077,100.0,-47.93678283691406
134.2145493030548,100.0,425.103,100.0,-47.94200897216797
134.235258102417,100.0,425.147,100.0,-47.94694519042969
134.27151536941528,100.0,425.213,100.0,-47.959197998046875
134.31031894683838,100.0,425.374,100.0,-47.96763610839844
134.32761788368225,100.0,425.435,100.0,-47.977294921875
134.3617913722992,100.0,425.45,100.0,-47.98707962036133
134.39726853370667,100.0,425.476,100.0,-48.001953125
134.43404984474182,100.0,425.487,100.0,-48.00782775878906
134.4667522907257,100.0,425.497,100.0,-48.01174545288086
134.48453307151794,100.0,425.503,100.0,-48.0149040222168
134.52095699310303,100.0,425.496,100.0,-48.018611907958984
134.55452966690063,100.0,425.517,100.0,-48.02023696899414
134.58297061920166,100.0,425.508,100.0,-48.020870208740234
134.62408804893494,100.0,425.5,100.0,-48.021183013916016
134.64995312690735,100.0,425.505,100.0,-48.020599365234375
134.67725920677185,100.0,425.534,100.0,-48.020172119140625
134.70728397369385,100.0,425.529,100.0,-48.0208854675293
134.7508773803711,100.0,425.597,100.0,-48.022274017333984
134.77662014961243,100.0,425.631,100.0,-48.02470016479492
134.80412602424622,100.0,425.691,100.0,-48.02786636352539
134.8387005329132,100.0,425.718,100.0,-48.032691955566406
134.86826276779175,100.0,425.732,100.0,-48.03741455078125
134.90949082374573,100.0,425.751,100.0,-48.0461311340332
134.94169330596924,100.0,425.767,100.0,-48.048709869384766
134.97247743606567,100.0,425.772,100.0,-48.053192138671875
135.0036268234253,100.0,425.772,100.0,-48.054603576660156
135.04222917556763,100.0,425.76,100.0,-48.05549621582031
135.0710666179657,100.0,425.768,100.0,-48.05575942993164
135.10547947883606,100.0,425.822,100.0,-48.05807113647461
135.12613940238953,100.0,425.881,100.0,-48.06221008300781
135.15987873077393,100.0,425.996,100.0,-48.0671272277832
135.20812487602234,100.0,425.95,100.0,-48.07683181762695
135.23477864265442,100.0,425.957,100.0,-48.07933807373047
135.27087140083313,100.0,425.965,100.0,-48.083770751953125
135.3087079524994,100.0,425.985,100.0,-48.085411071777344
135.33374643325806,100.0,425.99,100.0,-48.08653259277344
135.3596739768982,100.0,425.961,100.0,-48.08746337890625
135.4019079208374,100.0,426.037,100.0,-48.08641815185547
135.43457746505737,100.0,426.087,100.0,-48.08897018432617
135.45645928382874,100.0,426.114,100.0,-48.09292984008789
135.49098682403564,100.0,426.132,100.0,-48.09701156616211
135.52550411224365,100.0,426.157,100.0,-48.104984283447266
135.55683064460754,100.0,426.166,100.0,-48.107749938964844
135.58238124847412,100.0,426.191,100.0,-48.11012649536133
135.62315106391907,100.0,426.202,100.0,-48.11532211303711
135.67262721061707,100.0,426.26,100.0,-48.12135314941406
135.69693613052368,100.0,426.277,100.0,-48.124610900878906
135.72666716575623,100.0,426.279,100.0,-48.1270751953125
135.75889801979065,100.0,426.306,100.0,-48.129966735839844
135.79406881332397,100.0,426.302,100.0,-48.13117980957031
135.82040119171143,100.0,426.307,100.0,-48.133934020996094
135.85216903686523,100.0,426.349,100.0,-48.13652801513672
135.89821434020996,100.0,426.38,100.0,-48.14225387573242
135.92478466033936,100.0,426.408,100.0,-48.14386749267578
135.95626068115234,100.0,426.391,100.0,-48.14616012573242
135.98967027664185,100.0,426.387,100.0,-48.14708709716797
136.0254213809967,100.0,426.453,100.0,-48.14873123168945
136.05331134796143,100.0,426.528,100.0,-48.15132141113281
136.08706665039062,100.0,426.561,100.0,-48.1563606262207
136.10993123054504,100.0,426.566,100.0,-48.161521911621094
136.15112328529358,100.0,426.558,100.0,-48.16814041137695
136.1763596534729,100.0,426.575,100.0,-48.17009735107422
136.2089650630951,100.0,426.605,100.0,-48.172183990478516
136.24307870864868,100.0,426.646,100.0,-48.17491912841797
136.2688934803009,100.0,426.642,100.0,-48.178619384765625
136.3027458190918,100.0,426.695,100.0,-48.18523406982422
136.3350248336792,100.0,426.776,100.0,-48.19142150878906
136.3674671649933,100.0,426.813,100.0,-48.19626235961914
136.39960718154907,100.0,426.813,100.0,-48.205196380615234
136.43187761306763,100.0,426.806,100.0,-48.20766830444336
136.4658064842224,100.0,426.912,100.0,-48.21162796020508
136.48505783081055,100.0,426.912,100.0,-48.21674346923828
136.52647638320923,100.0,426.994,100.0,-48.22493362426758
136.55137276649475,100.0,427.027,100.0,-48.22992706298828
136.58556056022644,100.0,427.027,100.0,-48.2349853515625
136.61140155792236,100.0,427.042,100.0,-48.23870086669922
136.65436434745789,100.0,427.082,100.0,-48.24553680419922
136.6842827796936,100.0,427.118,100.0,-48.24857711791992
136.70870280265808,100.0,427.135,100.0,-48.25224304199219
136.73786759376526,100.0,427.171,100.0,-48.25559997558594
136.76853895187378,100.0,427.214,100.0,-48.2595100402832
136.8066475391388,100.0,427.279,100.0,-48.269554138183594
136.8340449333191,100.0,427.276,100.0,-48.27424621582031
136.85909223556519,100.0,427.305,100.0,-48.27754211425781
136.9075756072998,100.0,427.292,100.0,-48.28310775756836
136.95958495140076,100.0,427.368,100.0,-48.28998947143555
136.98524045944214,100.0,427.387,100.0,-48.29337692260742
137.0257124900818,100.0,427.436,100.0,-48.300899505615234
137.05774211883545,100.0,427.483,100.0,-48.305259704589844
137.08891940116882,100.0,427.524,100.0,-48.308433532714844
137.12094688415527,100.0,427.596,100.0,-48.31241226196289
137.15025901794434,100.0,427.607,100.0,-48.321224212646484
137.17594981193542,100.0,427.612,100.0,-48.3251953125
137.207937002182,100.0,427.609,100.0,-48.32827377319336
137.23922061920166,100.0,427.623,100.0,-48.33032989501953
137.27486491203308,100.0,427.616,100.0,-48.33335494995117
137.29793453216553,100.0,427.625,100.0,-48.33435821533203
137.33648562431335,100.0,427.695,100.0,-48.336727142333984
137.37066316604614,100.0,427.701,100.0,-48.33956527709961
137.39067387580872,100.0,427.739,100.0,-48.34184646606445
137.43572187423706,100.0,427.721,100.0,-48.34685134887695
137.45930695533752,100.0,427.737,100.0,-48.34783935546875
137.49141550064087,100.0,427.739,100.0,-48.34912109375
137.52427530288696,100.0,427.754,100.0,-48.35124969482422
137.5587236881256,100.0,427.746,100.0,-48.351707458496094
137.59291005134583,100.0,427.779,100.0,-48.35344696044922
137.62251210212708,100.0,427.807,100.0,-48.3564453125
137.65398693084717,100.0,427.835,100.0,-48.358978271484375
137.68749713897705,100.0,427.821,100.0,-48.3602294921875
137.71242117881775,100.0,427.838,100.0,-48.361080169677734
137.75386142730713,100.0,427.874,100.0,-48.36510467529297
137.78612184524536,100.0,427.924,100.0,-48.36675262451172
137.82495021820068,100.0,428.034,100.0,-48.373897552490234
137.85773420333862,100.0,428.036,100.0,-48.37993621826172
137.88654136657715,100.0,428.071,100.0,-48.384559631347656
137.9132959842682,100.0,428.07,100.0,-48.38947296142578
137.94474363327026,100.0,428.076,100.0,-48.39308166503906
137.97479224205017,100.0,428.114,100.0,-48.39965057373047
138.0052661895752,100.0,428.139,100.0,-48.40267562866211
138.04316210746765,100.0,428.119,100.0,-48.40557098388672
138.07692575454712,100.0,428.129,100.0,-48.408042907714844
138.10638308525085,100.0,428.157,100.0,-48.4100227355957
138.13194918632507,100.0,428.175,100.0,-48.412166595458984
138.16524028778076,100.0,428.1,100.0,-48.41448211669922
138.19898438453674,100.0,427.892,100.0,-48.40154266357422
138.23374438285828,100.0,427.785,100.0,-48.38872528076172
138.26037526130676,100.0,427.659,100.0,-48.373477935791016
138.28646302223206,100.0,427.688,100.0,-48.362918853759766
138.31694197654724,100.0,427.718,100.0,-48.355987548828125
138.35854363441467,100.0,427.738,100.0,-48.346900939941406
138.38519310951233,100.0,427.737,100.0,-48.34484100341797
138.40980315208435,100.0,427.754,100.0,-48.343326568603516
138.44973754882812,100.0,427.75,100.0,-48.34266662597656
138.47433638572693,100.0,427.761,100.0,-48.342987060546875
138.50935745239258,100.0,427.791,100.0,-48.34408950805664
138.53499722480774,100.0,427.834,100.0,-48.34553527832031
138.57214856147766,100.0,427.863,100.0,-48.35213851928711
138.604638338089,100.0,427.919,100.0,-48.35589599609375
138.62580227851868,100.0,427.919,100.0,-48.360260009765625
138.6743586063385,100.0,427.946,100.0,-48.36709976196289
138.70748710632324,100.0,427.951,100.0,-48.37025451660156
138.7492938041687,100.0,428.007,100.0,-48.3783073425293
138.77392315864563,100.0,428.013,100.0,-48.38140869140625
138.80665946006775,100.0,428.024,100.0,-48.38420486450195
138.84115529060364,100.0,427.981,100.0,-48.384490966796875
138.86755633354187,100.0,427.997,100.0,-48.38531494140625
138.89201831817627,100.0,428.039,100.0,-48.38764953613281
138.9346981048584,100.0,428.101,100.0,-48.3907470703125
138.96709728240967,100.0,428.103,100.0,-48.39424133300781
138.99260449409485,100.0,428.083,100.0,-48.396949768066406
139.02243185043335,100.0,428.149,100.0,-48.4017219543457
139.0581760406494,100.0,428.171,100.0,-48.404544830322266
139.0865204334259,100.0,428.195,100.0,-48.40742874145508
139.10917806625366,100.0,428.19,100.0,-48.41057205200195
139.1529984474182,100.0,428.229,100.0,-48.415863037109375
139.18650913238525,100.0,428.259,100.0,-48.418922424316406
139.2103521823883,100.0,428.285,100.0,-48.421722412109375
139.2404980659485,100.0,428.319,100.0,-48.42486572265625
139.27433252334595,100.0,428.327,100.0,-48.43171310424805
139.30165696144104,100.0,428.334,100.0,-48.43428421020508
139.3421733379364,100.0,428.288,100.0,-48.435176849365234
139.3748424053192,100.0,428.288,100.0,-48.434349060058594
139.4011833667755,100.0,428.281,100.0,-48.433616638183594
139.43041133880615,100.0,428.281,100.0,-48.432952880859375
139.46766757965088,100.0,428.296,100.0,-48.431888580322266
139.49522590637207,100.0,428.324,100.0,-48.43207550048828
139.52596044540405,100.0,428.382,100.0,-48.43666076660156
139.55985403060913,100.0,428.419,100.0,-48.44071960449219
139.58202171325684,100.0,428.458,100.0,-48.44377517700195
139.62567281723022,100.0,428.472,100.0,-48.45178985595703
139.65826845169067,100.0,428.522,100.0,-48.45427322387695
139.69237446784973,100.0,428.581,100.0,-48.45818328857422
139.72570991516113,100.0,428.946,100.0,-48.471519470214844
139.7526078224182,100.0,429.247,100.0,-48.48894500732422
139.78305101394653,100.0,429.539,100.0,-48.51488494873047
139.82605409622192,100.0,429.777,100.0,-48.5814094543457
139.8842270374298,100.0,429.85,100.0,-48.63125991821289
139.90746355056763,100.0,429.863,100.0,-48.648109436035156
139.9578332901001,100.0,429.88,100.0,-48.671173095703125
139.98664784431458,100.0,429.876,100.0,-48.67902755737305
140.02789163589478,100.0,429.867,100.0,-48.68623352050781
140.0524616241455,100.0,429.921,100.0,-48.68993377685547
140.08392667770386,100.0,429.956,100.0,-48.6937255859375
140.1104416847229,100.0,430.0,100.0,-48.69799041748047
140.1434280872345,100.0,430.019,100.0,-48.701969146728516
140.17478919029236,100.0,430.022,100.0,-48.70558547973633
140.20794367790222,100.0,430.049,100.0,-48.707366943359375
140.23545217514038,100.0,430.047,100.0,-48.708255767822266
140.27669882774353,100.0,430.086,100.0,-48.709293365478516
140.30092215538025,100.0,430.124,100.0,-48.71031951904297
140.34241676330566,100.0,430.181,100.0,-48.71240234375
140.36884021759033,100.0,430.188,100.0,-48.71611022949219
140.40103793144226,100.0,430.311,100.0,-48.7249641418457
140.4288034439087,100.0,430.311,100.0,-48.73044967651367
140.4550497531891,100.0,430.351,100.0,-48.73533630371094
140.48509311676025,100.0,430.368,100.0,-48.739593505859375
140.51879239082336,100.0,430.379,100.0,-48.74332809448242
140.54748129844666,100.0,430.385,100.0,-48.74640655517578
140.5833010673523,100.0,430.352,100.0,-48.749263763427734
140.6168110370636,100.0,430.353,100.0,-48.749107360839844
140.64858746528625,100.0,430.368,100.0,-48.748985290527344
140.68255829811096,100.0,430.423,100.0,-48.751243591308594
140.70936679840088,100.0,430.448,100.0,-48.75385665893555
140.7363564968109,100.0,430.43,100.0,-48.75494384765625
140.77623343467712,100.0,430.531,100.0,-48.761268615722656
140.83243012428284,100.0,430.622,100.0,-48.77022171020508
140.8601324558258,100.0,430.63,100.0,-48.775142669677734
140.89105129241943,100.0,430.592,100.0,-48.77716827392578
140.926908493042,100.0,430.647,100.0,-48.78175354003906
140.967022895813,100.0,430.684,100.0,-48.785274505615234
140.98561072349548,100.0,430.68,100.0,-48.78816223144531
141.03296422958374,100.0,430.697,100.0,-48.79201889038086
141.06827330589294,100.0,430.714,100.0,-48.79341506958008
141.095764875412,100.0,430.745,100.0,-48.79505157470703
141.1327521800995,100.0,430.797,100.0,-48.79993438720703
141.15752124786377,100.0,430.837,100.0,-48.803123474121094
141.1919813156128,100.0,430.848,100.0,-48.80712127685547
141.21836495399475,100.0,430.887,100.0,-48.81052017211914
141.2515950202942,100.0,430.873,100.0,-48.81707000732422
141.2837872505188,100.0,430.876,100.0,-48.81891632080078
141.32295036315918,100.0,430.857,100.0,-48.81964111328125
141.35436415672302,100.0,430.882,100.0,-48.82083511352539
141.3774185180664,100.0,430.893,100.0,-48.82196044921875
141.40871453285217,100.0,430.953,100.0,-48.825218200683594
141.45882725715637,100.0,430.99,100.0,-48.830955505371094
141.4852843284607,100.0,431.021,100.0,-48.83464431762695
141.5262987613678,100.0,431.058,100.0,-48.839576721191406
141.55983591079712,100.0,431.064,100.0,-48.84245681762695
141.5938265323639,100.0,431.074,100.0,-48.84480285644531
141.62842655181885,100.0,431.065,100.0,-48.84800338745117
141.65840816497803,100.0,431.12,100.0,-48.84986114501953
141.6895215511322,100.0,431.148,100.0,-48.85234832763672
141.721364736557,100.0,431.184,100.0,-48.855316162109375
141.7512812614441,100.0,431.19,100.0,-48.86196517944336
141.79188346862793,100.0,431.228,100.0,-48.863956451416016
141.82884812355042,100.0,431.217,100.0,-48.86897659301758
141.8871545791626,100.0,431.246,100.0,-48.87320327758789
141.92172694206238,100.0,431.274,100.0,-48.87428283691406
141.9601218700409,100.0,431.314,100.0,-48.87955093383789
141.98453736305237,100.0,431.349,100.0,-48.88334655761719
142.01623797416687,100.0,431.391,100.0,-48.887916564941406
142.06035017967224,100.0,431.43,100.0,-48.896995544433594
142.08342909812927,100.0,431.433,100.0,-48.89979934692383
142.11784267425537,100.0,431.433,100.0,-48.90181350708008
142.14971780776978,100.0,431.474,100.0,-48.903221130371094
142.18256282806396,100.0,431.483,100.0,-48.90672302246094
142.21565628051758,100.0,431.506,100.0,-48.90868377685547
142.25506711006165,100.0,431.549,100.0,-48.91405487060547
142.2878167629242,100.0,431.523,100.0,-48.916717529296875
142.32855010032654,100.0,431.563,100.0,-48.91973876953125
142.36497902870178,100.0,431.633,100.0,-48.9215087890625
142.40018153190613,100.0,431.714,100.0,-48.92548370361328
142.42354488372803,100.0,431.761,100.0,-48.931827545166016
142.45478868484497,100.0,431.777,100.0,-48.94429016113281
142.48654913902283,100.0,431.825,100.0,-48.94939041137695
142.52838015556335,100.0,431.853,100.0,-48.95914840698242
142.55659246444702,100.0,431.911,100.0,-48.965118408203125
142.58906626701355,100.0,431.905,100.0,-48.9705924987793
142.6207902431488,100.0,431.928,100.0,-48.97332000732422
142.65893721580505,100.0,431.914,100.0,-48.97761917114258
142.69102835655212,100.0,431.906,100.0,-48.97819519042969
142.72402715682983,100.0,431.963,100.0,-48.98055648803711
142.75480890274048,100.0,431.993,100.0,-48.98508834838867
142.7872428894043,100.0,432.027,100.0,-48.98834991455078
142.81920790672302,100.0,432.026,100.0,-48.99070358276367
142.85185027122498,100.0,432.011,100.0,-48.993228912353516
142.892098903656,100.0,432.038,100.0,-48.99332046508789
142.93249464035034,100.0,432.116,100.0,-48.99644470214844
142.9572048187256,100.0,432.114,100.0,-48.99979782104492
142.9899115562439,100.0,432.133,100.0,-49.002174377441406
143.02123093605042,100.0,432.163,100.0,-49.004676818847656
143.0592360496521,100.0,432.201,100.0,-49.01038360595703
143.09829092025757,100.0,432.241,100.0,-49.01346969604492
143.1320517063141,100.0,432.248,100.0,-49.02058410644531
143.15797543525696,100.0,432.26,100.0,-49.023406982421875
143.18983674049377,100.0,432.25,100.0,-49.02519226074219
143.22159671783447,100.0,432.255,100.0,-49.02626037597656
143.25403428077698,100.0,432.286,100.0,-49.02901840209961
143.28504395484924,100.0,432.31,100.0,-49.03133773803711
143.3250970840454,100.0,432.383,100.0,-49.034767150878906
143.35675263404846,100.0,432.396,100.0,-49.04195785522461
143.38219475746155,100.0,432.413,100.0,-49.045135498046875
143.40880632400513,100.0,432.426,100.0,-49.047454833984375
143.4554398059845,100.0,432.457,100.0,-49.052303314208984
143.50047254562378,100.0,432.479,100.0,-49.05442428588867
143.5330672264099,100.0,432.489,100.0,-49.0584602355957
143.57132387161255,100.0,432.495,100.0,-49.06011962890625
143.60765409469604,100.0,432.536,100.0,-49.06352996826172
143.63569259643555,100.0,432.551,100.0,-49.06562805175781
143.66277885437012,100.0,432.546,100.0,-49.06775665283203
143.68842911720276,100.0,432.529,100.0,-49.069068908691406
143.72932386398315,100.0,432.524,100.0,-49.06906509399414
143.76152443885803,100.0,432.519,100.0,-49.06809997558594
143.79178857803345,100.0,432.544,100.0,-49.06776428222656
143.8158881664276,100.0,432.591,100.0,-49.06846237182617
143.86485266685486,100.0,432.599,100.0,-49.073028564453125
143.89616680145264,100.0,432.636,100.0,-49.075347900390625
143.93018651008606,100.0,432.648,100.0,-49.08020782470703
143.96062016487122,100.0,432.652,100.0,-49.08209991455078
143.9869544506073,100.0,432.668,100.0,-49.08414077758789
144.0249147415161,100.0,432.633,100.0,-49.08524703979492
144.05815148353577,100.0,432.625,100.0,-49.084232330322266
144.08979296684265,100.0,432.647,100.0,-49.08362579345703
144.11675262451172,100.0,432.68,100.0,-49.084007263183594
144.1469259262085,100.0,432.719,100.0,-49.08562088012695
144.18668246269226,100.0,432.844,100.0,-49.09307098388672
144.21321654319763,100.0,432.863,100.0,-49.099300384521484
144.238219499588,100.0,432.905,100.0,-49.10482406616211
144.27056884765625,100.0,432.917,100.0,-49.110748291015625
144.30255460739136,100.0,432.877,100.0,-49.117733001708984
144.33370399475098,100.0,432.884,100.0,-49.11949157714844
144.36601090431213,100.0,432.877,100.0,-49.12067413330078
144.39762020111084,100.0,432.937,100.0,-49.12116241455078
144.43014764785767,100.0,432.959,100.0,-49.12687683105469
144.46102619171143,100.0,433.001,100.0,-49.13079071044922
144.49107694625854,100.0,433.0,100.0,-49.13402557373047
144.52763295173645,100.0,432.996,100.0,-49.13724899291992
144.5571689605713,100.0,433.017,100.0,-49.13895797729492
144.58902192115784,100.0,433.042,100.0,-49.141204833984375
144.6205587387085,100.0,433.054,100.0,-49.14260482788086
144.65223050117493,100.0,433.044,100.0,-49.1442756652832
144.68109488487244,100.0,433.062,100.0,-49.1462516784668
144.7097191810608,100.0,433.083,100.0,-49.1470832824707
144.75010204315186,100.0,433.151,100.0,-49.148502349853516
144.79006814956665,100.0,433.146,100.0,-49.15431213378906
144.82213640213013,100.0,433.198,100.0,-49.15642166137695
144.84313368797302,100.0,433.165,100.0,-49.160125732421875
144.88636422157288,100.0,433.2,100.0,-49.16368865966797
144.92174124717712,100.0,433.172,100.0,-49.16548538208008
144.9416868686676,100.0,433.222,100.0,-49.165584564208984
144.97572565078735,100.0,433.243,100.0,-49.16765594482422
145.0064570903778,100.0,433.241,100.0,-49.17167663574219
145.0376913547516,100.0,433.241,100.0,-49.17225646972656
145.06967329978943,100.0,433.283,100.0,-49.17319107055664
145.1074676513672,100.0,433.321,100.0,-49.178924560546875
145.13253593444824,100.0,433.367,100.0,-49.18334197998047
145.15816855430603,100.0,433.352,100.0,-49.18601989746094
145.20700192451477,100.0,433.341,100.0,-49.18910217285156
145.23986983299255,100.0,433.37,100.0,-49.190467834472656
145.27223467826843,100.0,433.34,100.0,-49.191829681396484
145.30576014518738,100.0,433.368,100.0,-49.192352294921875
145.34286642074585,100.0,433.393,100.0,-49.19395065307617
145.37200689315796,100.0,433.488,100.0,-49.19643783569336
145.40452241897583,100.0,433.478,100.0,-49.20384979248047
145.43655157089233,100.0,433.503,100.0,-49.20706558227539
145.46093320846558,100.0,433.53,100.0,-49.210575103759766
145.48937892913818,100.0,433.54,100.0,-49.213592529296875
145.52058362960815,100.0,433.594,100.0,-49.218074798583984
145.54694318771362,100.0,433.588,100.0,-49.221160888671875
145.58976435661316,100.0,433.598,100.0,-49.224609375
145.6145784854889,100.0,433.344,100.0,-49.22624206542969
145.6420032978058,100.0,433.163,100.0,-49.21670913696289
145.6733636856079,100.0,432.702,100.0,-49.201637268066406
145.7148244380951,100.0,432.779,100.0,-49.149410247802734
145.74004936218262,100.0,432.773,100.0,-49.13360595703125
145.7727015018463,100.0,432.747,100.0,-49.12133026123047
145.80410861968994,100.0,432.75,100.0,-49.110984802246094
145.8356544971466,100.0,432.832,100.0,-49.10045623779297
145.86740255355835,100.0,432.873,100.0,-49.09923553466797
145.89215111732483,100.0,432.889,100.0,-49.100284576416016
145.9253339767456,100.0,432.929,100.0,-49.10201644897461
145.96570301055908,100.0,432.913,100.0,-49.10616683959961
145.9980046749115,100.0,432.931,100.0,-49.108177185058594
146.03039264678955,100.0,432.918,100.0,-49.11215591430664
146.06285214424133,100.0,433.001,100.0,-49.11692810058594
146.09358978271484,100.0,432.979,100.0,-49.11996841430664
146.12526273727417,100.0,432.979,100.0,-49.122230529785156
146.15760326385498,100.0,432.986,100.0,-49.12579345703125
146.18869638442993,100.0,433.014,100.0,-49.128360748291016
146.21984124183655,100.0,433.035,100.0,-49.131256103515625
146.26434135437012,100.0,433.049,100.0,-49.13604736328125
146.29248976707458,100.0,433.061,100.0,-49.13831329345703
146.31986165046692,100.0,433.067,100.0,-49.14030456542969
146.35862255096436,100.0,433.071,100.0,-49.1441535949707
146.38369393348694,100.0,433.075,100.0,-49.14491653442383
146.4323582649231,100.0,433.121,100.0,-49.14692306518555
146.45973253250122,100.0,433.143,100.0,-49.14905548095703
146.49215006828308,100.0,433.156,100.0,-49.151588439941406
146.5169858932495,100.0,433.182,100.0,-49.15404510498047
146.55947875976562,100.0,433.282,100.0,-49.16105270385742
146.59876537322998,100.0,433.333,100.0,-49.166481018066406
146.63638353347778,100.0,433.346,100.0,-49.17802810668945
146.66437363624573,100.0,433.353,100.0,-49.182003021240234
146.69648838043213,100.0,433.358,100.0,-49.18524932861328
146.72380590438843,100.0,433.375,100.0,-49.18784713745117
146.7528898715973,100.0,433.413,100.0,-49.19043731689453
146.78687024116516,100.0,433.436,100.0,-49.197425842285156
146.82558465003967,100.0,433.476,100.0,-49.201141357421875
146.8585934638977,100.0,433.482,100.0,-49.207069396972656
146.891375541687,100.0,433.48,100.0,-49.20888900756836
146.92223596572876,100.0,433.454,100.0,-49.20906066894531
146.95497035980225,100.0,433.505,100.0,-49.210487365722656
146.98705554008484,100.0,433.536,100.0,-49.212799072265625
147.02538776397705,100.0,433.594,100.0,-49.21501541137695
147.05837178230286,100.0,433.743,100.0,-49.22494125366211
147.09119701385498,100.0,433.746,100.0,-49.23272705078125
147.12265276908875,100.0,433.759,100.0,-49.23872375488281
147.15465545654297,100.0,433.763,100.0,-49.243743896484375
147.18757700920105,100.0,433.766,100.0,-49.24846649169922
147.21947574615479,100.0,433.755,100.0,-49.25104522705078
147.25178956985474,100.0,433.803,100.0,-49.252410888671875
147.28411507606506,100.0,433.832,100.0,-49.25862503051758
147.31676959991455,100.0,433.848,100.0,-49.259971618652344
147.35757851600647,100.0,433.881,100.0,-49.26582336425781
147.38502168655396,100.0,433.887,100.0,-49.2684326171875
147.42595887184143,100.0,433.932,100.0,-49.27193069458008
147.4575216770172,100.0,433.949,100.0,-49.277462005615234
147.4896059036255,100.0,433.961,100.0,-49.2799186706543
147.5210976600647,100.0,433.968,100.0,-49.281959533691406
147.55246782302856,100.0,434.017,100.0,-49.284515380859375
147.5840609073639,100.0,434.021,100.0,-49.288536071777344
147.61541771888733,100.0,434.071,100.0,-49.290252685546875
147.64855551719666,100.0,434.089,100.0,-49.293540954589844
147.68025994300842,100.0,434.107,100.0,-49.29669952392578
147.71228551864624,100.0,434.178,100.0,-49.302764892578125
147.74448156356812,100.0,434.159,100.0,-49.307132720947266
147.7765338420868,100.0,434.204,100.0,-49.30956268310547
147.8083131313324,100.0,434.198,100.0,-49.31557846069336
147.84000968933105,100.0,434.198,100.0,-49.31711196899414
147.87317204475403,100.0,434.191,100.0,-49.31831359863281
147.89977765083313,100.0,434.185,100.0,-49.31880569458008
147.93960642814636,100.0,434.201,100.0,-49.3193359375
147.9725377559662,100.0,434.251,100.0,-49.32030487060547
148.0092751979828,100.0,434.263,100.0,-49.3243522644043
148.03447318077087,100.0,434.286,100.0,-49.326744079589844
148.07406330108643,100.0,434.385,100.0,-49.3305778503418
148.0993311405182,100.0,434.449,100.0,-49.335487365722656
148.1478054523468,100.0,434.469,100.0,-49.34746551513672
148.1798129081726,100.0,434.487,100.0,-49.351707458496094
148.21208906173706,100.0,434.507,100.0,-49.35918426513672
148.2444770336151,100.0,434.495,100.0,-49.36183547973633
148.27659916877747,100.0,434.512,100.0,-49.363216400146484
148.30799531936646,100.0,434.562,100.0,-49.365604400634766
148.3390667438507,100.0,434.6,100.0,-49.36848449707031
148.3719265460968,100.0,434.665,100.0,-49.372161865234375
148.40387535095215,100.0,434.714,100.0,-49.377586364746094
148.42998600006104,100.0,434.746,100.0,-49.383689880371094
148.4706048965454,100.0,434.803,100.0,-49.395774841308594
148.50295639038086,100.0,434.81,100.0,-49.400962829589844
148.53414940834045,100.0,434.846,100.0,-49.40956497192383
148.56628894805908,100.0,434.848,100.0,-49.41246032714844
148.59804964065552,100.0,434.864,100.0,-49.41495895385742
148.63071751594543,100.0,434.867,100.0,-49.4173698425293
148.66298985481262,100.0,434.887,100.0,-49.42121505737305
148.6943919658661,100.0,434.947,100.0,-49.425132751464844
148.72597336769104,100.0,434.996,100.0,-49.4290771484375
148.7580955028534,100.0,435.032,100.0,-49.43721008300781
148.79342651367188,100.0,435.006,100.0,-49.43925857543945
148.82441353797913,100.0,435.064,100.0,-49.443092346191406
148.8497657775879,100.0,435.083,100.0,-49.44667053222656
148.88093495368958,100.0,435.137,100.0,-49.4515380859375
148.91267251968384,100.0,435.143,100.0,-49.45492935180664
148.94444012641907,100.0,435.153,100.0,-49.45762634277344
148.98387670516968,100.0,435.143,100.0,-49.4612922668457
149.03212666511536,100.0,435.159,100.0,-49.462032318115234
149.06429028511047,100.0,435.172,100.0,-49.46405792236328
149.09611010551453,100.0,435.17,100.0,-49.464935302734375
149.12853074073792,100.0,435.222,100.0,-49.46539306640625
149.1606891155243,100.0,435.256,100.0,-49.47096633911133
149.1923062801361,100.0,435.29,100.0,-49.47416687011719
149.22464776039124,100.0,435.267,100.0,-49.477054595947266
149.25572299957275,100.0,435.286,100.0,-49.47819137573242
149.28854489326477,100.0,435.317,100.0,-49.48210525512695
149.31976556777954,100.0,435.356,100.0,-49.48532485961914
149.3517279624939,100.0,435.351,100.0,-49.487815856933594
149.38644003868103,100.0,435.342,100.0,-49.49011993408203
149.41497421264648,100.0,435.347,100.0,-49.49076843261719
149.44702172279358,100.0,435.381,100.0,-49.49258041381836
149.47939467430115,100.0,435.432,100.0,-49.494285583496094
149.50133728981018,100.0,435.432,100.0,-49.497215270996094
149.5422716140747,100.0,435.501,100.0,-49.503753662109375
149.56633377075195,100.0,435.537,100.0,-49.507083892822266
149.59834909439087,100.0,435.566,100.0,-49.51104736328125
149.63490438461304,100.0,435.562,100.0,-49.51811218261719
149.66291546821594,100.0,435.627,100.0,-49.521522521972656
149.69475531578064,100.0,435.633,100.0,-49.525447845458984
149.7271511554718,100.0,435.666,100.0,-49.52859115600586
149.75829792022705,100.0,435.646,100.0,-49.53410720825195
149.7906186580658,100.0,435.657,100.0,-49.53584289550781
149.82372403144836,100.0,435.73,100.0,-49.53704071044922
149.86104559898376,100.0,435.764,100.0,-49.54515838623047
149.8878571987152,100.0,435.793,100.0,-49.54952621459961
149.9205298423767,100.0,435.837,100.0,-49.55376052856445
149.95274949073792,100.0,435.833,100.0,-49.557716369628906
149.98394465446472,100.0,435.838,100.0,-49.56260299682617
150.02826189994812,100.0,435.846,100.0,-49.56515884399414
150.06046724319458,100.0,435.916,100.0,-49.56990432739258
150.091632604599,100.0,435.941,100.0,-49.5736198425293
150.12424206733704,100.0,435.936,100.0,-49.57612609863281
150.15963339805603,100.0,436.004,100.0,-49.583187103271484
150.18940234184265,100.0,436.022,100.0,-49.586666107177734
150.2229654788971,100.0,436.052,100.0,-49.589195251464844
150.25231552124023,100.0,436.076,100.0,-49.59225082397461
150.28933811187744,100.0,436.12,100.0,-49.5987548828125
150.32445621490479,100.0,436.123,100.0,-49.602020263671875
150.36007046699524,100.0,436.114,100.0,-49.60588836669922
150.38949918746948,100.0,436.142,100.0,-49.60797882080078
150.42091941833496,100.0,436.159,100.0,-49.609439849853516
150.4516634941101,100.0,436.152,100.0,-49.61113739013672
150.4839584827423,100.0,436.142,100.0,-49.61213302612305
150.5156626701355,100.0,436.15,100.0,-49.612430572509766
150.55254197120667,100.0,436.184,100.0,-49.61316680908203
150.5849208831787,100.0,436.195,100.0,-49.61573791503906
150.617445230484,100.0,436.19,100.0,-49.61643981933594
150.64934659004211,100.0,436.229,100.0,-49.61700439453125
150.68142700195312,100.0,436.204,100.0,-49.61885452270508
150.71448707580566,100.0,436.262,100.0,-49.62169647216797
150.74584102630615,100.0,436.269,100.0,-49.623878479003906
150.7763683795929,100.0,436.301,100.0,-49.62547302246094
150.8102970123291,100.0,436.444,100.0,-49.632083892822266
150.84132480621338,100.0,436.422,100.0,-49.63887405395508
150.87351179122925,100.0,436.416,100.0,-49.64308547973633
150.90527963638306,100.0,436.434,100.0,-49.64596176147461
150.929265499115,100.0,436.398,100.0,-49.64881134033203
150.9625861644745,100.0,436.398,100.0,-49.64966583251953
150.99679160118103,100.0,436.398,100.0,-49.649776458740234
151.02894496917725,100.0,436.511,100.0,-49.64974594116211
151.06166791915894,100.0,436.54,100.0,-49.65903854370117
151.10764622688293,100.0,436.563,100.0,-49.66203308105469
151.139550447464,100.0,436.572,100.0,-49.66877746582031
151.17256999015808,100.0,436.655,100.0,-49.67157745361328
151.20351815223694,100.0,436.655,100.0,-49.67654800415039
151.2366554737091,100.0,436.711,100.0,-49.68532180786133
151.267884016037,100.0,436.757,100.0,-49.69102096557617
151.30137014389038,100.0,436.794,100.0,-49.69682693481445
151.33238315582275,100.0,436.854,100.0,-49.702735900878906
151.3660807609558,100.0,436.878,100.0,-49.71196746826172
151.39693546295166,100.0,436.938,100.0,-49.7158088684082
151.42947459220886,100.0,437.028,100.0,-49.721107482910156
151.46152591705322,100.0,437.187,100.0,-49.74026870727539
151.49233293533325,100.0,437.189,100.0,-49.74984359741211
151.5238742828369,100.0,437.18,100.0,-49.757080078125
151.55541563034058,100.0,437.185,100.0,-49.76202392578125
151.58938479423523,100.0,437.153,100.0,-49.767086029052734
151.6164572238922,100.0,437.189,100.0,-49.768211364746094
151.64139890670776,100.0,437.189,100.0,-49.76996994018555
151.673926115036,100.0,437.28,100.0,-49.77260208129883
151.71634316444397,100.0,437.282,100.0,-49.77976989746094
151.74675869941711,100.0,437.301,100.0,-49.7828369140625
151.7789273262024,100.0,437.348,100.0,-49.78486251831055
151.81288886070251,100.0,437.425,100.0,-49.79379653930664
151.84294867515564,100.0,437.433,100.0,-49.79825973510742
151.85861086845398,100.0,437.443,100.0,-49.801918029785156
151.89148211479187,100.0,437.471,100.0,-49.80570983886719
151.92356634140015,100.0,437.48,100.0,-49.80881118774414
151.9549994468689,100.0,437.615,100.0,-49.81414794921875
151.98736214637756,100.0,437.615,100.0,-49.823402404785156
152.02071046829224,100.0,437.642,100.0,-49.82731246948242
152.05227494239807,100.0,437.613,100.0,-49.83125305175781
152.08504247665405,100.0,437.643,100.0,-49.83515930175781
152.1171898841858,100.0,437.671,100.0,-49.83711242675781
152.15194582939148,100.0,437.691,100.0,-49.83921813964844
152.1863923072815,100.0,437.727,100.0,-49.844581604003906
152.21595549583435,100.0,437.777,100.0,-49.8469123840332
152.24846625328064,100.0,437.821,100.0,-49.85050582885742
152.279767036438,100.0,437.871,100.0,-49.854957580566406
152.3128514289856,100.0,437.887,100.0,-49.86494827270508
152.34533286094666,100.0,437.911,100.0,-49.86913299560547
152.37708449363708,100.0,437.892,100.0,-49.87238311767578
152.4116189479828,100.0,437.908,100.0,-49.87555694580078
152.4415442943573,100.0,437.923,100.0,-49.877288818359375
152.473858833313,100.0,437.959,100.0,-49.87995910644531
152.5059208869934,100.0,438.029,100.0,-49.88298797607422
152.53846526145935,100.0,438.044,100.0,-49.890499114990234
152.57077813148499,100.0,438.087,100.0,-49.89486312866211
152.60135507583618,100.0,438.135,100.0,-49.90007400512695
152.63719964027405,100.0,438.192,100.0,-49.907047271728516
152.662615776062,100.0,438.205,100.0,-49.911338806152344
152.6887810230255,100.0,438.223,100.0,-49.915016174316406
152.72100281715393,100.0,438.217,100.0,-49.918426513671875
152.75310015678406,100.0,438.26,100.0,-49.920623779296875
152.78531455993652,100.0,438.283,100.0,-49.92728805541992
152.81666731834412,100.0,438.283,100.0,-49.92981719970703
152.84857296943665,100.0,438.28,100.0,-49.93146896362305
152.88116312026978,100.0,438.314,100.0,-49.93244171142578
152.91261529922485,100.0,438.353,100.0,-49.9374885559082
152.9435112476349,100.0,438.361,100.0,-49.94001007080078
152.97530817985535,100.0,438.38,100.0,-49.94251251220703
153.0088758468628,100.0,438.355,100.0,-49.944374084472656
153.04163432121277,100.0,438.374,100.0,-49.94544219970703
153.06646251678467,100.0,438.393,100.0,-49.946746826171875
153.09904408454895,100.0,438.426,100.0,-49.949005126953125
153.13117861747742,100.0,438.464,100.0,-49.951210021972656
153.1632764339447,100.0,438.481,100.0,-49.956382751464844
153.19269800186157,100.0,438.502,100.0,-49.95913314819336
153.22572445869446,100.0,438.538,100.0,-49.96112823486328
153.25721549987793,100.0,438.557,100.0,-49.96405029296875
153.28960824012756,100.0,438.636,100.0,-49.9715461730957
153.32239818572998,100.0,438.673,100.0,-49.97582244873047
153.35391068458557,100.0,438.66,100.0,-49.98054122924805
153.38568806648254,100.0,438.662,100.0,-49.983489990234375
153.41765093803406,100.0,438.69,100.0,-49.988311767578125
153.45105934143066,100.0,438.699,100.0,-49.990299224853516
153.48263263702393,100.0,438.707,100.0,-49.9920654296875
153.51528453826904,100.0,438.739,100.0,-49.996028900146484
153.56360149383545,100.0,438.831,100.0,-50.00423049926758
153.59540820121765,100.0,438.86,100.0,-50.008880615234375
153.6268813610077,100.0,438.835,100.0,-50.012203216552734
153.6600821018219,100.0,438.847,100.0,-50.01368713378906
153.6923246383667,100.0,438.886,100.0,-50.01782989501953
153.7243890762329,100.0,438.877,100.0,-50.01934814453125
153.75431489944458,100.0,438.913,100.0,-50.02092742919922
153.79867458343506,100.0,438.922,100.0,-50.02479553222656
153.8295180797577,100.0,438.939,100.0,-50.02678298950195
153.8608090877533,100.0,439.019,100.0,-50.0281867980957
153.89298224449158,100.0,439.049,100.0,-50.03447723388672
153.92509984970093,100.0,439.113,100.0,-50.038368225097656
153.95678901672363,100.0,439.107,100.0,-50.04393005371094
153.98963356018066,100.0,439.19,100.0,-50.052677154541016
154.02120685577393,100.0,439.226,100.0,-50.05777359008789
154.05321764945984,100.0,439.264,100.0,-50.06306076049805
154.0843470096588,100.0,439.281,100.0,-50.068572998046875
154.1160590648651,100.0,439.281,100.0,-50.0768928527832
154.14834427833557,100.0,439.308,100.0,-50.07900619506836
154.1812822818756,100.0,439.309,100.0,-50.082008361816406
154.21388506889343,100.0,439.328,100.0,-50.08648681640625
154.2458939552307,100.0,439.344,100.0,-50.08876419067383
154.2770390510559,100.0,439.35,100.0,-50.090599060058594
154.3017816543579,100.0,439.361,100.0,-50.092315673828125
154.33322286605835,100.0,439.417,100.0,-50.095245361328125
154.36527371406555,100.0,439.419,100.0,-50.099945068359375
154.39702820777893,100.0,439.408,100.0,-50.10087966918945
154.4289526939392,100.0,439.407,100.0,-50.1014518737793
154.4550633430481,100.0,439.398,100.0,-50.101707458496094
154.49451279640198,100.0,439.458,100.0,-50.10295867919922
154.52830457687378,100.0,439.492,100.0,-50.104637145996094
154.56007647514343,100.0,439.509,100.0,-50.10724639892578
154.59226965904236,100.0,439.561,100.0,-50.11395263671875
154.624187707901,100.0,439.609,100.0,-50.11741638183594
154.6570918560028,100.0,439.645,100.0,-50.121559143066406
154.6890368461609,100.0,439.687,100.0,-50.131317138671875
154.7205080986023,100.0,439.726,100.0,-50.136802673339844
154.7521150112152,100.0,439.762,100.0,-50.14181137084961
154.78447818756104,100.0,439.787,100.0,-50.14610290527344
154.81655502319336,100.0,439.824,100.0,-50.15492248535156
154.84853053092957,100.0,439.844,100.0,-50.159156799316406
154.88062000274658,100.0,439.888,100.0,-50.16434860229492
154.91407895088196,100.0,439.918,100.0,-50.171749114990234
154.94422888755798,100.0,439.912,100.0,-50.17427062988281
154.97612190246582,100.0,439.912,100.0,-50.176025390625
155.00708293914795,100.0,439.946,100.0,-50.17719650268555
155.03975558280945,100.0,440.019,100.0,-50.18290328979492
155.07195520401,100.0,440.044,100.0,-50.18648910522461
155.10396265983582,100.0,440.026,100.0,-50.19013977050781
155.14123153686523,100.0,440.038,100.0,-50.19382858276367
155.17574834823608,100.0,440.054,100.0,-50.19467544555664
155.20977878570557,100.0,440.062,100.0,-50.196224212646484
155.2399127483368,100.0,440.054,100.0,-50.198184967041016
155.2726149559021,100.0,440.089,100.0,-50.199462890625
155.30591416358948,100.0,440.142,100.0,-50.20082092285156
155.34154057502747,100.0,440.205,100.0,-50.20891571044922
155.370774269104,100.0,440.246,100.0,-50.21432876586914
155.40286779403687,100.0,440.276,100.0,-50.21883010864258
155.435608625412,100.0,440.272,100.0,-50.22295379638672
155.46711826324463,100.0,440.281,100.0,-50.22825241088867
155.49844551086426,100.0,440.303,100.0,-50.23089599609375
155.5307559967041,100.0,440.306,100.0,-50.232913970947266
155.5477011203766,100.0,440.33,100.0,-50.234317779541016
155.57860469818115,100.0,440.338,100.0,-50.23625946044922
155.6145899295807,0.0,440.328,0.0,-53.401771545410156
155.64514303207397,0.0,439.737,0.0,-55.932334899902344
155.6759307384491,0.0,438.421,0.0,-57.93217086791992
155.70811414718628,0.0,437.092,0.0,-59.47736358642578
155.74079489707947,0.0,435.694,0.0,-61.55055618286133
155.77219128608704,0.0,434.943,0.0,-62.236427307128906
155.80548882484436,0.0,434.932,0.0,-62.79035568237305
155.84056949615479,0.0,434.993,0.0,-63.60246276855469
155.87819695472717,0.0,434.998,0.0,-63.89794921875
155.90298438072205,0.0,434.998,0.0,-64.13796997070312
155.9225664138794,0.0,434.996,0.0,-64.33293151855469
155.9566707611084,0.0,434.941,0.0,-64.49008178710938
155.9954478740692,0.0,434.895,0.0,-64.7198715209961
156.02650547027588,0.0,434.875,0.0,-64.80298614501953
156.05826663970947,0.0,434.849,0.0,-64.87139892578125
156.090589761734,0.0,434.761,0.0,-64.96998596191406
156.12270975112915,0.0,434.708,0.0,-65.00502014160156
156.15389895439148,0.0,434.646,0.0,-65.03219604492188
156.18633651733398,0.0,434.576,0.0,-65.05264282226562
156.21889233589172,0.0,434.463,0.0,-65.07801818847656
156.25048661231995,0.0,434.377,0.0,-65.08522033691406
156.28222393989563,0.0,434.313,0.0,-65.08848571777344
156.31569528579712,0.0,434.257,0.0,-65.08904266357422
156.34723091125488,0.0,434.134,0.0,-65.08679962158203
156.37515425682068,0.0,434.064,0.0,-65.083740234375
156.4193470478058,0.0,433.984,0.0,-65.07340240478516
156.4501016139984,0.0,433.894,0.0,-65.06584167480469
156.48263359069824,0.0,433.716,0.0,-65.0567626953125
156.51700019836426,0.0,433.605,0.0,-65.03553009033203
156.54879808425903,0.0,433.518,0.0,-65.02371215820312
156.5866928100586,0.0,433.283,0.0,-65.01016235351562
156.61062455177307,0.0,433.175,0.0,-64.99565124511719
156.64318370819092,0.0,433.061,0.0,-64.97317504882812
156.6743631362915,0.0,432.972,0.0,-64.9598388671875
156.7165207862854,0.0,432.829,0.0,-64.93085479736328
156.74216485023499,0.0,432.682,0.0,-64.91946411132812
156.77138376235962,0.0,432.59,0.0,-64.90519714355469
156.79837203025818,0.0,432.477,0.0,-64.89099884033203
156.8316810131073,0.0,432.362,0.0,-64.87598419189453
156.86711621284485,0.0,432.205,0.0,-64.84220886230469
156.9086925983429,0.0,431.947,0.0,-64.82378387451172
156.94215965270996,0.0,431.815,0.0,-64.78509521484375
156.97293376922607,0.0,431.557,0.0,-64.7660903930664
157.00480341911316,0.0,431.44,0.0,-64.74602508544922
157.0373089313507,0.0,431.303,0.0,-64.7264175415039
157.06879687309265,0.0,431.159,0.0,-64.68561553955078
157.10122919082642,0.0,431.028,0.0,-64.66495513916016
157.13329577445984,0.0,430.818,0.0,-64.64415740966797
157.16729378700256,0.0,430.71,0.0,-64.60810089111328
157.19786310195923,0.0,430.606,0.0,-64.59091186523438
157.23019647598267,0.0,430.505,0.0,-64.57428741455078
157.2626142501831,0.0,430.189,0.0,-64.55546569824219
157.28673124313354,0.0,430.035,0.0,-64.54182434082031
157.32097792625427,0.0,429.758,0.0,-64.50786590576172
157.36166381835938,0.0,429.644,0.0,-64.48326110839844
157.39273142814636,0.0,429.5,0.0,-64.43756103515625
157.42562341690063,0.0,429.149,0.0,-64.42088317871094
157.47500038146973,0.0,428.852,0.0,-64.36779022216797
157.50647640228271,0.0,428.733,0.0,-64.34268951416016
157.53383088111877,0.0,428.587,0.0,-64.31932067871094
157.57009530067444,0.0,428.44,0.0,-64.27318572998047
157.5980725288391,0.0,428.041,0.0,-64.24850463867188
157.63158512115479,0.0,427.914,0.0,-64.22173309326172
157.66775584220886,0.0,427.787,0.0,-64.17335510253906
157.7065188884735,0.0,427.579,0.0,-64.1523208618164
157.73489141464233,0.0,427.414,0.0,-64.13249969482422
157.76918983459473,0.0,427.237,0.0,-64.0887680053711
157.80131816864014,0.0,427.052,0.0,-64.06464385986328
157.84353113174438,0.0,426.765,0.0,-64.01722717285156
157.8671817779541,0.0,426.662,0.0,-63.99642562866211
157.89213013648987,0.0,426.517,0.0,-63.97541427612305
157.92266273498535,0.0,426.389,0.0,-63.960330963134766
157.95439982414246,0.0,426.2,0.0,-63.94444274902344
157.98641896247864,0.0,425.81,0.0,-63.92534255981445
158.02611112594604,0.0,425.443,0.0,-63.86518096923828
158.04982686042786,0.0,425.289,0.0,-63.83565139770508
158.09295392036438,0.0,425.11,0.0,-63.779502868652344
158.12244582176208,0.0,424.807,0.0,-63.751705169677734
158.1441993713379,0.0,424.807,0.0,-63.72608947753906
158.18697810173035,0.0,424.49,0.0,-63.700531005859375
158.2080581188202,0.0,424.349,0.0,-63.67573928833008
158.24136519432068,0.0,424.147,0.0,-63.62630081176758
158.27223920822144,0.0,423.989,0.0,-63.60113525390625
158.30576705932617,0.0,423.654,0.0,-63.57636642456055
158.3363471031189,0.0,423.506,0.0,-63.551029205322266
158.36677241325378,0.0,423.319,0.0,-63.50099563598633
158.3915238380432,0.0,423.107,0.0,-63.473655700683594
158.42438220977783,0.0,422.918,0.0,-63.445884704589844
158.4739031791687,0.0,422.591,0.0,-63.391822814941406
158.50608253479004,0.0,422.464,0.0,-63.36751937866211
158.5379867553711,0.0,421.982,0.0,-63.350059509277344
158.57208895683289,0.0,421.795,0.0,-63.304935455322266
158.60314893722534,0.0,421.604,0.0,-63.277469635009766
158.63589811325073,0.0,421.422,0.0,-63.24951171875
158.65985202789307,0.0,421.228,0.0,-63.2215576171875
158.69199442863464,0.0,421.036,0.0,-63.16440963745117
158.72520089149475,0.0,420.637,0.0,-63.13465118408203
158.75665426254272,0.0,420.466,0.0,-63.10515213012695
158.79364705085754,0.0,420.284,0.0,-63.048160552978516
158.82051610946655,0.0,420.143,0.0,-63.021697998046875
158.84495544433594,0.0,420.0,0.0,-62.99663162231445
158.8852183818817,0.0,419.645,0.0,-62.97100830078125
158.91722178459167,0.0,419.481,0.0,-62.919986724853516
158.94960689544678,0.0,419.254,0.0,-62.892250061035156
158.9804015159607,0.0,419.033,0.0,-62.8629150390625
159.01185202598572,0.0,418.614,0.0,-62.832984924316406
159.0516438484192,0.0,418.429,0.0,-62.77225112915039
159.0846071243286,0.0,418.285,0.0,-62.744415283203125
159.11654019355774,0.0,417.945,0.0,-62.70290756225586
159.1484169960022,0.0,417.778,0.0,-62.680816650390625
159.1807553768158,0.0,417.451,0.0,-62.65811538696289
159.21240782737732,0.0,417.284,0.0,-62.62820816040039
159.24491667747498,0.0,416.887,0.0,-62.57063674926758
159.27666091918945,0.0,416.653,0.0,-62.54106521606445
159.30911779403687,0.0,416.433,0.0,-62.50978469848633
159.34052634239197,0.0,416.286,0.0,-62.477787017822266
159.3731939792633,0.0,416.128,0.0,-62.42035675048828
159.40489673614502,0.0,415.796,0.0,-62.393192291259766
159.44375205039978,0.0,415.581,0.0,-62.33869171142578
159.4741678237915,0.0,415.385,0.0,-62.310245513916016
159.5139479637146,0.0,414.967,0.0,-62.281272888183594
159.53601908683777,0.0,414.771,0.0,-62.25122833251953
159.57258677482605,0.0,414.561,0.0,-62.19071960449219
159.59603595733643,0.0,414.377,0.0,-62.160888671875
159.62728881835938,0.0,414.214,0.0,-62.132476806640625
159.66974258422852,0.0,413.822,0.0,-62.07425308227539
159.69995522499084,0.0,413.665,0.0,-62.046958923339844
159.73247122764587,0.0,413.463,0.0,-62.01887893676758
159.76307106018066,0.0,413.086,0.0,-61.99153518676758
159.79505586624146,0.0,412.655,0.0,-61.949501037597656
159.85835981369019,0.0,412.238,0.0,-61.880638122558594
159.8899164199829,0.0,412.076,0.0,-61.847740173339844
159.9060664176941,0.0,411.881,0.0,-61.81700897216797
159.94354629516602,0.0,411.729,0.0,-61.75820541381836
159.9729940891266,0.0,411.339,0.0,-61.730194091796875
160.0042200088501,0.0,411.141,0.0,-61.701290130615234
160.03536224365234,0.0,410.981,0.0,-61.67215347290039
160.06698608398438,0.0,410.752,0.0,-61.61492156982422
160.10714054107666,0.0,410.307,0.0,-61.58518981933594
160.13113045692444,0.0,410.062,0.0,-61.55348587036133
160.1580455303192,0.0,409.879,0.0,-61.52022171020508
160.19385838508606,0.0,409.673,0.0,-61.4566535949707
160.22613382339478,0.0,409.542,0.0,-61.42820358276367
160.25364232063293,0.0,409.402,0.0,-61.40190124511719
160.28505444526672,0.0,409.006,0.0,-61.374732971191406
160.32191920280457,0.0,408.797,0.0,-61.318424224853516
160.34982323646545,0.0,408.557,0.0,-61.28775405883789
160.3814172744751,0.0,408.352,0.0,-61.256980895996094
160.41442155838013,0.0,407.952,0.0,-61.22734832763672
160.44521379470825,0.0,407.773,0.0,-61.174400329589844
160.47696256637573,0.0,407.403,0.0,-61.15126419067383
160.50925374031067,0.0,407.247,0.0,-61.119361877441406
160.54113340377808,0.0,407.015,0.0,-61.089664459228516
160.57308554649353,0.0,406.555,0.0,-61.027015686035156
160.6057481765747,0.0,406.305,0.0,-60.99380874633789
160.63750767707825,0.0,406.097,0.0,-60.959190368652344
160.668931722641,0.0,405.853,0.0,-60.89037322998047
160.70177388191223,0.0,405.512,0.0,-60.8588752746582
160.72569012641907,0.0,405.324,0.0,-60.82794952392578
160.7577350139618,0.0,405.179,0.0,-60.797767639160156
160.78938579559326,0.0,404.948,0.0,-60.769962310791016
160.82003116607666,0.0,404.75,0.0,-60.71080780029297
160.8576512336731,0.0,404.282,0.0,-60.680477142333984
160.8751721382141,0.0,404.282,0.0,-60.648048400878906
160.90879702568054,0.0,404.132,0.0,-60.6182861328125
160.94343066215515,0.0,403.721,0.0,-60.55842590332031
160.9758644104004,0.0,403.509,0.0,-60.52766418457031
161.0099995136261,0.0,403.24,0.0,-60.49419021606445
161.04545617103577,0.0,402.697,0.0,-60.443878173828125
161.07608485221863,0.0,402.513,0.0,-60.41143035888672
161.09513902664185,0.0,402.333,0.0,-60.38020324707031
161.13874340057373,0.0,402.107,0.0,-60.350093841552734
161.15622854232788,0.0,401.925,0.0,-60.31892395019531
161.18793988227844,0.0,401.733,0.0,-60.288780212402344
161.22338151931763,0.0,401.526,0.0,-60.22890853881836
161.2529571056366,0.0,401.16,0.0,-60.2003059387207
161.28431868553162,0.0,400.975,0.0,-60.171348571777344
161.31577801704407,0.0,400.768,0.0,-60.142784118652344
161.34832096099854,0.0,400.536,0.0,-60.08286666870117
161.37713265419006,0.0,400.138,0.0,-60.05271530151367
161.40751004219055,0.0,399.92,0.0,-60.02225112915039
161.43925595283508,0.0,399.655,0.0,-59.99113464355469
161.4713761806488,0.0,399.432,0.0,-59.923797607421875
161.5017466545105,0.0,399.24,0.0,-59.89126205444336
161.54526686668396,0.0,398.894,0.0,-59.83001708984375
161.60805106163025,0.0,398.444,0.0,-59.76931381225586
161.63924431800842,0.0,398.034,0.0,-59.73822021484375
161.65577602386475,0.0,398.034,0.0,-59.70690155029297
161.70544624328613,0.0,397.643,0.0,-59.64511489868164
161.73665165901184,0.0,397.448,0.0,-59.62338638305664
161.77045559883118,0.0,396.878,0.0,-59.566993713378906
161.80197072029114,0.0,396.679,0.0,-59.53564453125
161.8317358493805,0.0,396.443,0.0,-59.504638671875
161.86404037475586,0.0,396.252,0.0,-59.472347259521484
161.897381067276,0.0,396.057,0.0,-59.41011047363281
161.92787909507751,0.0,395.639,0.0,-59.37913131713867
161.9595489501953,0.0,395.414,0.0,-59.34797668457031
161.99030375480652,0.0,395.196,0.0,-59.31605529785156
162.02286529541016,0.0,395.006,0.0,-59.25257110595703
162.04903078079224,0.0,394.839,0.0,-59.2230110168457
162.08831071853638,0.0,394.393,0.0,-59.19288635253906
162.11238408088684,0.0,394.17,0.0,-59.16139221191406
162.15471649169922,0.0,393.961,0.0,-59.097347259521484
162.18749809265137,0.0,393.592,0.0,-59.06700897216797
162.2122654914856,0.0,393.393,0.0,-59.03696060180664
162.23521256446838,0.0,393.393,0.0,-59.00700759887695
162.26827883720398,0.0,392.986,0.0,-58.97649383544922
162.29895758628845,0.0,392.779,0.0,-58.91611099243164
162.3431088924408,0.0,392.413,0.0,-58.886329650878906
162.3744399547577,0.0,392.003,0.0,-58.84259796142578
162.40525269508362,0.0,391.822,0.0,-58.80968475341797
162.43705701828003,0.0,391.624,0.0,-58.778202056884766
162.45378351211548,0.0,391.398,0.0,-58.74712371826172
162.48598957061768,0.0,391.203,0.0,-58.715187072753906
162.51757717132568,0.0,390.944,0.0,-58.68389129638672
162.550598859787,0.0,390.726,0.0,-58.61697769165039
162.58153820037842,0.0,390.344,0.0,-58.585269927978516
162.61422657966614,0.0,390.171,0.0,-58.55381393432617
162.64831566810608,0.0,389.948,0.0,-58.49296188354492
162.67621183395386,0.0,389.731,0.0,-58.461585998535156
162.7081277370453,0.0,389.319,0.0,-58.43169403076172
162.7433385848999,0.0,389.11,0.0,-58.400177001953125
162.7732503414154,0.0,388.867,0.0,-58.335723876953125
162.80577659606934,0.0,388.644,0.0,-58.302528381347656
162.832781791687,0.0,388.457,0.0,-58.270660400390625
162.87418341636658,0.0,388.131,0.0,-58.212337493896484
162.90596413612366,0.0,387.95,0.0,-58.18458557128906
162.9312617778778,0.0,387.749,0.0,-58.15631866455078
162.9552686214447,0.0,387.534,0.0,-58.136085510253906
162.99126863479614,0.0,387.096,0.0,-58.113014221191406
163.0178039073944,0.0,386.904,0.0,-58.07835388183594
163.0573706626892,0.0,386.46,0.0,-58.01161193847656
163.0897090435028,0.0,386.272,0.0,-57.97798156738281
163.12189602851868,0.0,386.077,0.0,-57.914161682128906
163.15447330474854,0.0,385.716,0.0,-57.884056091308594
163.18528628349304,0.0,385.529,0.0,-57.85459518432617
163.21721291542053,0.0,385.306,0.0,-57.825584411621094
163.24857640266418,0.0,385.066,0.0,-57.76361083984375
163.28203177452087,0.0,384.612,0.0,-57.73199462890625
163.32498621940613,0.0,384.408,0.0,-57.66612243652344
163.34912490844727,0.0,384.249,0.0,-57.63584899902344
163.37601971626282,0.0,384.043,0.0,-57.60543441772461
163.41744589805603,0.0,383.664,0.0,-57.576290130615234
163.45014452934265,0.0,383.427,0.0,-57.515567779541016
163.48602080345154,0.0,383.02,0.0,-57.48465347290039
163.52398133277893,0.0,382.822,0.0,-57.423133850097656
163.5577528476715,0.0,382.627,0.0,-57.392921447753906
163.58398461341858,0.0,382.407,0.0,-57.3619499206543
163.61634278297424,0.0,382.002,0.0,-57.33085632324219
163.65063977241516,0.0,381.816,0.0,-57.270347595214844
163.67710614204407,0.0,381.64,0.0,-57.241493225097656
163.71803092956543,0.0,381.072,0.0,-57.220802307128906
163.74990510940552,0.0,380.84,0.0,-57.16054916381836
163.77707314491272,0.0,380.623,0.0,-57.12940216064453
163.80903220176697,0.0,380.367,0.0,-57.09779739379883
163.82784414291382,0.0,380.118,0.0,-57.064205169677734
163.87407398223877,0.0,379.944,0.0,-56.996761322021484
163.9245321750641,0.0,379.64,0.0,-56.93806076049805
163.96582317352295,0.0,379.273,0.0,-56.91136169433594
164.00019717216492,0.0,379.097,0.0,-56.8568000793457
164.0346097946167,0.0,378.637,0.0,-56.827186584472656
164.06338357925415,0.0,378.428,0.0,-56.79684829711914
164.10812497138977,0.0,377.998,0.0,-56.73322296142578
164.13679456710815,0.0,377.839,0.0,-56.7021369934082
164.15788197517395,0.0,377.839,0.0,-56.67302703857422
164.20091676712036,0.0,377.441,0.0,-56.61442565917969
164.24149322509766,0.0,376.975,0.0,-56.584190368652344
164.27434515953064,0.0,376.794,0.0,-56.52103042602539
164.30842638015747,0.0,376.568,0.0,-56.489234924316406
164.3333225250244,0.0,376.348,0.0,-56.4570198059082
164.36711883544922,0.0,375.91,0.0,-56.42436599731445
164.40107488632202,0.0,375.735,0.0,-56.36810302734375
164.43477320671082,0.0,375.323,0.0,-56.344120025634766
164.45931720733643,0.0,375.105,0.0,-56.309871673583984
164.48440766334534,0.0,374.874,0.0,-56.27582931518555
164.51664113998413,0.0,374.687,0.0,-56.241416931152344
164.54939889907837,0.0,374.289,0.0,-56.17744064331055
164.59285163879395,0.0,374.105,0.0,-56.14568328857422
164.61040902137756,0.0,373.87,0.0,-56.11504364013672
164.64405632019043,0.0,373.658,0.0,-56.0831298828125
164.67540001869202,0.0,373.461,0.0,-56.01988983154297
164.70931816101074,0.0,373.09,0.0,-55.9888916015625
164.73904013633728,0.0,372.87,0.0,-55.959434509277344
164.7685031890869,0.0,372.666,0.0,-55.92906951904297
164.80234169960022,0.0,372.479,0.0,-55.86894989013672
164.8349688053131,0.0,372.028,0.0,-55.83744812011719
164.85904264450073,0.0,372.028,0.0,-55.80595397949219
164.9053156375885,0.0,371.599,0.0,-55.74236297607422
164.93890833854675,0.0,371.256,0.0,-55.71241760253906
164.97316312789917,0.0,371.08,0.0,-55.65528106689453
165.0164613723755,0.0,370.651,0.0,-55.626956939697266
165.05351424217224,0.0,370.436,0.0,-55.566162109375
165.08595395088196,0.0,370.207,0.0,-55.54405212402344
165.1166729927063,0.0,369.827,0.0,-55.518943786621094
165.15205311775208,0.0,369.486,0.0,-55.45308303833008
165.17931532859802,0.0,369.269,0.0,-55.423072814941406
165.21663331985474,0.0,369.063,0.0,-55.39234924316406
165.24132990837097,0.0,368.855,0.0,-55.36153793334961
165.27519178390503,0.0,368.624,0.0,-55.29853820800781
165.30533647537231,0.0,368.267,0.0,-55.268314361572266
165.34156012535095,0.0,368.063,0.0,-55.23862075805664
165.3749737739563,0.0,367.881,0.0,-55.17953109741211
165.4423806667328,0.0,367.219,0.0,-55.1171989440918
165.47406697273254,0.0,367.018,0.0,-55.054691314697266
165.50796008110046,0.0,366.84,0.0,-55.0247802734375
165.53843641281128,0.0,366.445,0.0,-54.99457550048828
165.57574772834778,0.0,366.242,0.0,-54.935115814208984
165.6034710407257,0.0,366.025,0.0,-54.9045524597168
165.6248173713684,0.0,365.83,0.0,-54.87434005737305
165.66826152801514,0.0,365.428,0.0,-54.844276428222656
165.7097988128662,0.0,365.211,0.0,-54.783241271972656
165.73743891716003,0.0,365.025,0.0,-54.761009216308594
165.77719974517822,0.0,364.447,0.0,-54.70293426513672
165.81161427497864,0.0,364.257,0.0,-54.67156219482422
165.84130764007568,0.0,364.092,0.0,-54.640907287597656
165.86598086357117,0.0,363.922,0.0,-54.61185836791992
165.89172196388245,0.0,363.698,0.0,-54.58384323120117
165.92141604423523,0.0,363.483,0.0,-54.55435562133789
165.9678075313568,0.0,363.038,0.0,-54.49292755126953
166.00294280052185,0.0,362.854,0.0,-54.4303092956543
166.04120206832886,0.0,362.524,0.0,-54.40097427368164
166.0692479610443,0.0,362.332,0.0,-54.3731689453125
166.09945511817932,0.0,362.117,0.0,-54.34519577026367
166.1419768333435,0.0,361.704,0.0,-54.286895751953125
166.17565369606018,0.0,361.498,0.0,-54.226539611816406
166.22743248939514,0.0,361.031,0.0,-54.16276550292969
166.2653365135193,0.0,360.83,0.0,-54.13048553466797
166.30245542526245,0.0,360.447,0.0,-54.067962646484375
166.3412778377533,0.0,360.28,0.0,-54.038902282714844
166.376403093338,0.0,359.928,0.0,-53.98995590209961
166.40795922279358,0.0,359.582,0.0,-53.96860122680664
166.43876385688782,0.0,359.396,0.0,-53.93910217285156
166.4771580696106,0.0,359.173,0.0,-53.87969970703125
166.5112862586975,0.0,358.742,0.0,-53.84788513183594
166.54375958442688,0.0,358.542,0.0,-53.81664276123047
166.57771062850952,0.0,358.388,0.0,-53.75676727294922
166.60184335708618,0.0,358.234,0.0,-53.72953796386719
166.6302125453949,0.0,357.797,0.0,-53.70093536376953
166.6610553264618,0.0,357.613,0.0,-53.67113494873047
166.6940996646881,0.0,357.437,0.0,-53.64191818237305
166.72658443450928,0.0,357.283,0.0,-53.58659744262695
166.75902390480042,0.0,357.074,0.0,-53.55857849121094
166.7856125831604,0.0,356.846,0.0,-53.52887725830078
166.8128306865692,0.0,356.429,0.0,-53.49775314331055
166.84380054473877,0.0,356.264,0.0,-53.46742248535156
166.8865134716034,0.0,356.107,0.0,-53.41126251220703
166.9198338985443,0.0,355.774,0.0,-53.385345458984375
166.95435237884521,0.0,355.612,0.0,-53.33371353149414
166.98523616790771,0.0,355.398,0.0,-53.306541442871094
167.0158805847168,0.0,355.174,0.0,-53.27762985229492
167.05843424797058,0.0,354.592,0.0,-53.22422790527344
167.08450889587402,0.0,354.414,0.0,-53.19403839111328
167.11130928993225,0.0,354.255,0.0,-53.16472244262695
167.15218806266785,0.0,353.847,0.0,-53.107295989990234
167.18285965919495,0.0,353.648,0.0,-53.078365325927734
167.20938062667847,0.0,353.47,0.0,-53.04915237426758
167.2416751384735,0.0,353.297,0.0,-53.020606994628906
167.27642798423767,0.0,353.072,0.0,-52.96334457397461
167.30862188339233,0.0,352.657,0.0,-52.93411636352539
167.33592915534973,0.0,352.459,0.0,-52.903587341308594
167.36743593215942,0.0,352.277,0.0,-52.873191833496094
167.40212655067444,0.0,352.074,0.0,-52.81368637084961
167.43599390983582,0.0,351.915,0.0,-52.785438537597656
167.4699788093567,0.0,351.569,0.0,-52.75833511352539
167.5022838115692,0.0,351.409,0.0,-52.70500183105469
167.53273844718933,0.0,351.183,0.0,-52.676780700683594
167.57858729362488,0.0,350.759,0.0,-52.617610931396484
167.60824871063232,0.0,350.539,0.0,-52.58672332763672
167.63310360908508,0.0,350.391,0.0,-52.55815124511719
167.6589014530182,0.0,350.198,0.0,-52.52947998046875
167.6936595439911,0.0,349.82,0.0,-52.508846282958984
167.7262032032013,0.0,349.444,0.0,-52.4492073059082
167.7564196586609,0.0,349.291,0.0,-52.419639587402344
167.78526306152344,0.0,349.101,0.0,-52.39186477661133
167.82811069488525,0.0,348.873,0.0,-52.33426284790039
167.8579912185669,0.0,348.459,0.0,-52.30460739135742
167.88295674324036,0.0,348.264,0.0,-52.2740364074707
167.9085671901703,0.0,348.085,0.0,-52.243736267089844
167.94562888145447,0.0,347.898,0.0,-52.21432113647461
167.97761154174805,0.0,347.735,0.0,-52.15747833251953
168.0003719329834,0.0,347.576,0.0,-52.13085174560547
168.04109859466553,0.0,347.231,0.0,-52.10385513305664
168.0646584033966,0.0,347.063,0.0,-52.07795333862305
168.10507798194885,0.0,346.829,0.0,-52.02428436279297
168.12935519218445,0.0,346.66,0.0,-51.99695587158203
168.15643000602722,0.0,346.433,0.0,-51.96778869628906
168.1892671585083,0.0,346.193,0.0,-51.93665313720703
168.2266402244568,0.0,345.814,0.0,-51.87654113769531
168.25510382652283,0.0,345.637,0.0,-51.84728240966797
168.28736448287964,0.0,345.498,0.0,-51.82034683227539
168.32181000709534,0.0,345.164,0.0,-51.79365158081055
168.3541214466095,0.0,344.768,0.0,-51.75458908081055
168.3868043422699,0.0,344.573,0.0,-51.7240104675293
168.42146754264832,0.0,344.37,0.0,-51.69363021850586
168.45891284942627,0.0,344.021,0.0,-51.633453369140625
168.49194169044495,0.0,343.823,0.0,-51.60485076904297
168.53032517433167,0.0,343.639,0.0,-51.54729461669922
168.55638980865479,0.0,343.331,0.0,-51.51994323730469
168.58248090744019,0.0,343.172,0.0,-51.49407196044922
168.62443375587463,0.0,343.008,0.0,-51.4688835144043
168.6503005027771,0.0,342.82,0.0,-51.44399642944336
168.67628455162048,0.0,342.605,0.0,-51.39091110229492
168.72120547294617,0.0,342.198,0.0,-51.36389923095703
168.75472450256348,0.0,341.967,0.0,-51.30378723144531
168.7875919342041,0.0,341.753,0.0,-51.27240753173828
168.82820439338684,0.0,341.377,0.0,-51.21031188964844
168.8699176311493,0.0,341.067,0.0,-51.18206787109375
168.8951394557953,0.0,340.903,0.0,-51.155479431152344
168.9271011352539,0.0,340.702,0.0,-51.10254669189453
168.9559497833252,0.0,340.531,0.0,-51.07598114013672
168.99211978912354,0.0,340.342,0.0,-51.05692672729492
169.02904891967773,0.0,339.955,0.0,-51.00452423095703
169.08035516738892,0.0,339.383,0.0,-50.94161605834961
169.12401676177979,0.0,339.218,0.0,-50.912086486816406
169.15610814094543,0.0,339.062,0.0,-50.85687255859375
169.18861651420593,0.0,338.749,0.0,-50.8311882019043
169.22036743164062,0.0,338.583,0.0,-50.80600357055664
169.25884890556335,0.0,338.376,0.0,-50.754478454589844
169.28972554206848,0.0,338.002,0.0,-50.728431701660156
169.3262243270874,0.0,337.773,0.0,-50.70100784301758
169.35306072235107,0.0,337.583,0.0,-50.64238357543945
169.38458514213562,0.0,337.35,0.0,-50.611446380615234
169.41061329841614,0.0,337.202,0.0,-50.58277893066406
169.44122552871704,0.0,337.057,0.0,-50.555999755859375
169.47270584106445,0.0,336.739,0.0,-50.530216217041016
169.50736689567566,0.0,336.567,0.0,-50.479652404785156
169.53554773330688,0.0,336.396,0.0,-50.45436477661133
169.5753149986267,0.0,335.879,0.0,-50.436256408691406
169.6078519821167,0.0,335.69,0.0,-50.384178161621094
169.6586937904358,0.0,335.259,0.0,-50.32765579223633
169.70543885231018,0.0,335.1,0.0,-50.26910400390625
169.7347433567047,0.0,334.794,0.0,-50.242122650146484
169.77469730377197,0.0,334.673,0.0,-50.21623229980469
169.80776357650757,0.0,334.508,0.0,-50.16876220703125
169.8388159275055,0.0,334.099,0.0,-50.14287185668945
169.87042713165283,0.0,333.903,0.0,-50.115989685058594
169.89136791229248,0.0,333.709,0.0,-50.08837890625
169.92372179031372,0.0,333.528,0.0,-50.06029510498047
169.95738291740417,0.0,333.339,0.0,-50.00430679321289
169.989816904068,0.0,333.17,0.0,-49.97691345214844
170.02069544792175,0.0,332.878,0.0,-49.95036697387695
170.05228328704834,0.0,332.715,0.0,-49.901397705078125
170.084490776062,0.0,332.511,0.0,-49.87537384033203
170.12466287612915,0.0,332.159,0.0,-49.849143981933594
170.15721035003662,0.0,331.998,0.0,-49.797447204589844
170.1889419555664,0.0,331.869,0.0,-49.7736701965332
170.22019219398499,0.0,331.501,0.0,-49.756683349609375
170.2524540424347,0.0,331.133,0.0,-49.72947692871094
170.29192447662354,0.0,330.942,0.0,-49.675106048583984
170.31556272506714,0.0,330.745,0.0,-49.64702224731445
170.34905004501343,0.0,330.549,0.0,-49.618412017822266
170.39189505577087,0.0,330.2,0.0,-49.56064987182617
170.42376613616943,0.0,330.055,0.0,-49.53294372558594
170.4542248249054,0.0,329.876,0.0,-49.48056411743164
170.48610377311707,0.0,329.558,0.0,-49.455196380615234
170.52690768241882,0.0,329.363,0.0,-49.43010330200195
170.55876755714417,0.0,329.209,0.0,-49.37861251831055
170.59022569656372,0.0,328.833,0.0,-49.35301208496094
170.62172937393188,0.0,328.66,0.0,-49.32625961303711
170.65349698066711,0.0,328.468,0.0,-49.29970932006836
170.68456530570984,0.0,328.342,0.0,-49.247596740722656
170.70994544029236,0.0,328.175,0.0,-49.222721099853516
170.74007868766785,0.0,328.016,0.0,-49.198204040527344
170.7725157737732,0.0,327.657,0.0,-49.17491912841797
170.80630326271057,0.0,327.519,0.0,-49.12442398071289
170.83686923980713,0.0,327.373,0.0,-49.10071563720703
170.86108326911926,0.0,327.229,0.0,-49.077701568603516
170.89078950881958,0.0,327.086,0.0,-49.055259704589844
170.93441224098206,0.0,326.536,0.0,-49.01342010498047
170.9669075012207,0.0,326.371,0.0,-48.9864387512207
170.99306654930115,0.0,326.194,0.0,-48.959964752197266
171.03220868110657,0.0,326.058,0.0,-48.908447265625
171.09216594696045,0.0,325.599,0.0,-48.86122131347656
171.12420535087585,0.0,325.449,0.0,-48.83736038208008
171.15020108222961,0.0,325.307,0.0,-48.813934326171875
171.18015670776367,0.0,325.164,0.0,-48.76887512207031
171.2092399597168,0.0,324.995,0.0,-48.74584197998047
171.23684740066528,0.0,324.636,0.0,-48.722900390625
171.26572275161743,0.0,324.433,0.0,-48.69779968261719
171.30673122406006,0.0,324.27,0.0,-48.644996643066406
171.3500051498413,0.0,323.933,0.0,-48.61897659301758
171.37599515914917,0.0,323.773,0.0,-48.59311294555664
171.40831398963928,0.0,323.586,0.0,-48.54153060913086
171.44028687477112,0.0,323.395,0.0,-48.51458740234375
171.47383189201355,0.0,323.072,0.0,-48.48777770996094
171.50754022598267,0.0,322.933,0.0,-48.437782287597656
171.5409290790558,0.0,322.79,0.0,-48.41429901123047
171.5657925605774,0.0,322.634,0.0,-48.390926361083984
171.60833644866943,0.0,322.131,0.0,-48.34784698486328
171.6324062347412,0.0,321.981,0.0,-48.322357177734375
171.66502594947815,0.0,321.831,0.0,-48.29765319824219
171.69217610359192,0.0,321.7,0.0,-48.27355194091797
171.72478818893433,0.0,321.497,0.0,-48.25072479248047
171.75142550468445,0.0,321.333,0.0,-48.22584915161133
171.78224277496338,0.0,321.177,0.0,-48.17658233642578
171.8183171749115,0.0,320.836,0.0,-48.151466369628906
171.85059547424316,0.0,320.666,0.0,-48.12654495239258
171.88363552093506,0.0,320.488,0.0,-48.07585525512695
171.92486238479614,0.0,320.152,0.0,-48.04940414428711
171.9600818157196,0.0,319.984,0.0,-47.99885559082031
171.99063992500305,0.0,319.817,0.0,-47.97361755371094
172.02319979667664,0.0,319.55,0.0,-47.95013427734375
172.05538034439087,0.0,319.399,0.0,-47.90475082397461
172.08547711372375,0.0,319.248,0.0,-47.882225036621094
172.11093950271606,0.0,319.093,0.0,-47.859596252441406
172.1436641216278,0.0,318.934,0.0,-47.83671188354492
172.1838574409485,0.0,318.606,0.0,-47.78970718383789
172.21749210357666,0.0,318.406,0.0,-47.76434326171875
172.251291513443,0.0,317.909,0.0,-47.74601364135742
172.28380584716797,0.0,317.801,0.0,-47.69221115112305
172.32038760185242,0.0,317.647,0.0,-47.66865921020508
172.34455251693726,0.0,317.509,0.0,-47.645263671875
172.38406538963318,0.0,317.202,0.0,-47.5999870300293
172.41641640663147,0.0,317.056,0.0,-47.57730484008789
172.44132208824158,0.0,316.894,0.0,-47.55490493774414
172.47091674804688,0.0,316.717,0.0,-47.53204345703125
172.50485515594482,0.0,316.537,0.0,-47.5081901550293
172.5359823703766,0.0,316.396,0.0,-47.45964813232422
172.56275606155396,0.0,316.082,0.0,-47.43553924560547
172.60078144073486,0.0,315.915,0.0,-47.411949157714844
172.64155745506287,0.0,315.597,0.0,-47.36357116699219
172.67425441741943,0.0,315.466,0.0,-47.3397216796875
172.7084560394287,0.0,315.302,0.0,-47.293888092041016
172.73653197288513,0.0,315.163,0.0,-47.27140426635742
172.76828527450562,0.0,314.976,0.0,-47.24742889404297
172.8014371395111,0.0,314.646,0.0,-47.22199630737305
172.83280992507935,0.0,314.475,0.0,-47.17332077026367
172.87523794174194,0.0,314.221,0.0,-47.144927978515625
172.92294025421143,0.0,313.873,0.0,-47.10184860229492
172.95382809638977,0.0,313.691,0.0,-47.07887268066406
172.99399304389954,0.0,313.361,0.0,-47.03009796142578
173.02693819999695,0.0,313.192,0.0,-47.00568771362305
173.05189967155457,0.0,313.07,0.0,-46.980979919433594
173.0837595462799,0.0,312.928,0.0,-46.935585021972656
173.12390804290771,0.0,312.676,0.0,-46.91395568847656
173.15221524238586,0.0,312.525,0.0,-46.893455505371094
173.1821346282959,0.0,312.38,0.0,-46.851470947265625
173.21511960029602,0.0,312.07,0.0,-46.83038330078125
173.24747848510742,0.0,311.903,0.0,-46.808326721191406
173.27646803855896,0.0,311.738,0.0,-46.78548049926758
173.30244827270508,0.0,311.564,0.0,-46.76210403442383
173.33399605751038,0.0,311.412,0.0,-46.714088439941406
173.3741934299469,0.0,311.123,0.0,-46.69044876098633
173.39215350151062,0.0,311.123,0.0,-46.66768264770508
173.42458748817444,0.0,310.853,0.0,-46.647151947021484
173.46613144874573,0.0,310.727,0.0,-46.60435485839844
173.5103828907013,0.0,310.218,0.0,-46.55140686035156
173.53855848312378,0.0,310.035,0.0,-46.52952575683594
173.5709102153778,0.0,309.909,0.0,-46.50614929199219
173.60287737846375,0.0,309.729,0.0,-46.4840087890625
173.63288140296936,0.0,309.57,0.0,-46.43696212768555
173.67354679107666,0.0,309.215,0.0,-46.41272735595703
173.7059462070465,0.0,309.107,0.0,-46.36475372314453
173.73736929893494,0.0,308.95,0.0,-46.3417854309082
173.76960158348083,0.0,308.72,0.0,-46.32228088378906
173.80162477493286,0.0,308.549,0.0,-46.301753997802734
173.84181594848633,0.0,308.354,0.0,-46.25605773925781
173.8727526664734,0.0,308.078,0.0,-46.231346130371094
173.9088761806488,0.0,307.966,0.0,-46.1888313293457
173.94121193885803,0.0,307.877,0.0,-46.17045593261719
173.98786425590515,0.0,307.565,0.0,-46.13163757324219
174.00855898857117,0.0,307.436,0.0,-46.11126708984375
174.0341830253601,0.0,307.217,0.0,-46.087486267089844
174.06901812553406,0.0,307.044,0.0,-46.06300354003906
174.10189771652222,0.0,306.805,0.0,-46.0400390625
174.14216876029968,0.0,306.675,0.0,-46.00326919555664
174.173930644989,0.0,306.372,0.0,-45.98709487915039
174.2187774181366,0.0,306.089,0.0,-45.93926239013672
174.23645448684692,0.0,305.941,0.0,-45.91642379760742
174.26927590370178,0.0,305.84,0.0,-45.89370346069336
174.30391597747803,0.0,305.651,0.0,-45.873050689697266
174.34279704093933,0.0,305.398,0.0,-45.827659606933594
174.36512780189514,0.0,305.191,0.0,-45.80690002441406
174.39085960388184,0.0,305.052,0.0,-45.78331756591797
174.429514169693,0.0,304.908,0.0,-45.760406494140625
174.46030354499817,0.0,304.782,0.0,-45.716224670410156
174.4981026649475,0.0,304.513,0.0,-45.695701599121094
174.5198016166687,0.0,304.387,0.0,-45.67470169067383
174.55320382118225,0.0,304.256,0.0,-45.654335021972656
174.5864703655243,0.0,304.147,0.0,-45.61528778076172
174.61302971839905,0.0,303.954,0.0,-45.593666076660156
174.64127802848816,0.0,303.83,0.0,-45.572879791259766
174.67449736595154,0.0,303.436,0.0,-45.54732131958008
174.7098844051361,0.0,303.311,0.0,-45.499717712402344
174.73949575424194,0.0,303.149,0.0,-45.47624969482422
174.7669484615326,0.0,302.992,0.0,-45.45268249511719
174.80477833747864,0.0,302.586,0.0,-45.435638427734375
174.8329360485077,0.0,302.455,0.0,-45.39421844482422
174.86611890792847,0.0,302.354,0.0,-45.3713493347168
174.8911635875702,0.0,302.189,0.0,-45.350582122802734
174.93432688713074,0.0,301.921,0.0,-45.30680847167969
174.95974588394165,0.0,301.921,0.0,-45.28595733642578
174.99194169044495,0.0,301.685,0.0,-45.265193939208984
175.01508116722107,0.0,301.522,0.0,-45.24617385864258
175.05491542816162,0.0,301.384,0.0,-45.22576904296875
175.08644604682922,0.0,301.231,0.0,-45.18423843383789
175.12432384490967,0.0,300.902,0.0,-45.1640625
175.14804077148438,0.0,300.773,0.0,-45.14077377319336
175.17501950263977,0.0,300.581,0.0,-45.11848068237305
175.20914316177368,0.0,300.446,0.0,-45.07109832763672
175.2415156364441,0.0,300.329,0.0,-45.04938888549805
175.27524328231812,0.0,300.085,0.0,-45.02842330932617
175.3113648891449,0.0,299.961,0.0,-44.98895263671875
175.34176397323608,0.0,299.806,0.0,-44.968505859375
175.36419534683228,0.0,299.671,0.0,-44.94816207885742
175.39529728889465,0.0,299.532,0.0,-44.927730560302734
175.4260778427124,0.0,299.265,0.0,-44.908233642578125
175.4657473564148,0.0,299.13,0.0,-44.86762619018555
175.49142384529114,0.0,298.989,0.0,-44.847145080566406
175.52412343025208,0.0,298.811,0.0,-44.8249626159668
175.55194187164307,0.0,298.548,0.0,-44.80892562866211
175.58538699150085,0.0,298.28,0.0,-44.76294708251953
175.6177110671997,0.0,298.164,0.0,-44.74199676513672
175.6515817642212,0.0,298.064,0.0,-44.72203826904297
175.68638801574707,0.0,297.757,0.0,-44.683040618896484
175.7221441268921,0.0,297.558,0.0,-44.662681579589844
175.75070524215698,0.0,297.455,0.0,-44.63968276977539
175.7869713306427,0.0,297.321,0.0,-44.59792709350586
175.81691312789917,0.0,297.057,0.0,-44.577693939208984
175.86060905456543,0.0,296.912,0.0,-44.536659240722656
175.88571405410767,0.0,296.779,0.0,-44.51617431640625
175.9154543876648,0.0,296.674,0.0,-44.49702835083008
175.94175004959106,0.0,296.499,0.0,-44.47597122192383
175.97381281852722,0.0,296.143,0.0,-44.453857421875
176.0119125843048,0.0,296.029,0.0,-44.4076042175293
176.036776304245,0.0,295.919,0.0,-44.386905670166016
176.06642723083496,0.0,295.786,0.0,-44.366432189941406
176.10115313529968,0.0,295.715,0.0,-44.34873962402344
176.14098978042603,0.0,295.385,0.0,-44.307952880859375
176.16425013542175,0.0,295.287,0.0,-44.2929801940918
176.1905620098114,0.0,295.031,0.0,-44.27838134765625
176.22492456436157,0.0,294.905,0.0,-44.257415771484375
176.25076985359192,0.0,294.739,0.0,-44.23697280883789
176.28625178337097,0.0,294.381,0.0,-44.191558837890625
176.3157160282135,0.0,294.231,0.0,-44.16725540161133
176.34877133369446,0.0,294.106,0.0,-44.14325714111328
176.38333344459534,0.0,294.004,0.0,-44.12055206298828
176.4158866405487,0.0,293.813,0.0,-44.08135986328125
176.45110964775085,0.0,293.657,0.0,-44.06373596191406
176.46977305412292,0.0,293.502,0.0,-44.04465866088867
176.5057008266449,0.0,293.327,0.0,-44.024497985839844
176.53570318222046,0.0,293.167,0.0,-43.98012161254883
176.57814741134644,0.0,292.952,0.0,-43.95964431762695
176.59486317634583,0.0,292.952,0.0,-43.94004440307617
176.63839292526245,0.0,292.752,0.0,-43.90446472167969
176.66991543769836,0.0,292.596,0.0,-43.885704040527344
176.69519472122192,0.0,292.469,0.0,-43.8669319152832
176.73811674118042,0.0,292.198,0.0,-43.82904052734375
176.78471279144287,0.0,291.94,0.0,-43.810306549072266
176.81726908683777,0.0,291.801,0.0,-43.77068328857422
176.84494471549988,0.0,291.53,0.0,-43.74493408203125
176.8818874359131,0.0,291.28,0.0,-43.7260856628418
176.91284918785095,0.0,291.171,0.0,-43.68917465209961
176.93955445289612,0.0,291.029,0.0,-43.67108917236328
176.9691572189331,0.0,290.905,0.0,-43.652198791503906
177.00238132476807,0.0,290.799,0.0,-43.6334342956543
177.0311918258667,0.0,290.689,0.0,-43.61552047729492
177.07593941688538,0.0,290.464,0.0,-43.58073043823242
177.09456634521484,0.0,290.294,0.0,-43.56379699707031
177.1330122947693,0.0,290.122,0.0,-43.544586181640625
177.16873383522034,0.0,289.877,0.0,-43.502410888671875
177.1880407333374,0.0,289.877,0.0,-43.482662200927734
177.22306966781616,0.0,289.648,0.0,-43.46354675292969
177.25833344459534,0.0,289.524,0.0,-43.44505310058594
177.28914070129395,0.0,289.378,0.0,-43.40718078613281
177.31873297691345,0.0,289.239,0.0,-43.387367248535156
177.36813306808472,0.0,288.963,0.0,-43.34788131713867
177.39241433143616,0.0,288.839,0.0,-43.327796936035156
177.43062496185303,0.0,288.617,0.0,-43.3089714050293
177.46288394927979,0.0,288.538,0.0,-43.27383804321289
177.48831868171692,0.0,288.395,0.0,-43.256011962890625
177.5214216709137,0.0,288.088,0.0,-43.230342864990234
177.5521423816681,0.0,287.925,0.0,-43.21152114868164
177.58022093772888,0.0,287.782,0.0,-43.191158294677734
177.61299347877502,0.0,287.557,0.0,-43.150428771972656
177.6548891067505,0.0,287.427,0.0,-43.13158416748047
177.6880190372467,0.0,287.188,0.0,-43.09320068359375
177.72124195098877,0.0,287.084,0.0,-43.07495880126953
177.76329469680786,0.0,286.985,0.0,-43.04091262817383
177.81783437728882,0.0,286.582,0.0,-43.00331115722656
177.84506106376648,0.0,286.441,0.0,-42.98512268066406
177.88736414909363,0.0,286.343,0.0,-42.94837188720703
177.91961932182312,0.0,286.19,0.0,-42.9292106628418
177.94903659820557,0.0,285.843,0.0,-42.90884780883789
177.9696958065033,0.0,285.843,0.0,-42.88609313964844
178.0031566619873,0.0,285.608,0.0,-42.86384582519531
178.03286147117615,0.0,285.444,0.0,-42.843475341796875
178.06552076339722,0.0,285.342,0.0,-42.80194091796875
178.10773539543152,0.0,285.107,0.0,-42.78165054321289
178.13716530799866,0.0,285.012,0.0,-42.74575424194336
178.16584873199463,0.0,284.887,0.0,-42.72816467285156
178.19854164123535,0.0,284.621,0.0,-42.71559524536133
178.24108815193176,0.0,284.38,0.0,-42.675994873046875
178.27222323417664,0.0,284.259,0.0,-42.65699768066406
178.3086540699005,0.0,284.159,0.0,-42.638240814208984
178.33873891830444,0.0,284.043,0.0,-42.603004455566406
178.36966228485107,0.0,283.785,0.0,-42.58531951904297
178.40197730064392,0.0,283.635,0.0,-42.566932678222656
178.42772483825684,0.0,283.488,0.0,-42.54740905761719
178.46252465248108,0.0,283.343,0.0,-42.50637435913086
178.4910683631897,0.0,283.212,0.0,-42.4858283996582
178.52190923690796,0.0,283.115,0.0,-42.466880798339844
178.54817581176758,0.0,282.892,0.0,-42.44892120361328
178.5890588760376,0.0,282.808,0.0,-42.414634704589844
178.62594962120056,0.0,282.714,0.0,-42.39903259277344
178.65703177452087,0.0,282.5,0.0,-42.38241958618164
178.69839644432068,0.0,282.33,0.0,-42.34910583496094
178.722975730896,0.0,282.177,0.0,-42.32972717285156
178.75567936897278,0.0,282.042,0.0,-42.31003952026367
178.7893352508545,0.0,281.7,0.0,-42.26968002319336
178.81312036514282,0.0,281.557,0.0,-42.25220489501953
178.85808730125427,0.0,281.434,0.0,-42.23366928100586
178.8874123096466,0.0,281.285,0.0,-42.1955680847168
178.93900656700134,0.0,281.096,0.0,-42.159908294677734
178.97121262550354,0.0,280.872,0.0,-42.14250183105469
179.00438618659973,0.0,280.76,0.0,-42.1259880065918
179.04626965522766,0.0,280.52,0.0,-42.092708587646484
179.07173466682434,0.0,280.396,0.0,-42.07561111450195
179.10459923744202,0.0,280.225,0.0,-42.05813980102539
179.1295657157898,0.0,280.11,0.0,-42.03840637207031
179.15802693367004,0.0,279.995,0.0,-42.0192756652832
179.19129705429077,0.0,279.9,0.0,-41.9831657409668
179.22437977790833,0.0,279.794,0.0,-41.9661865234375
179.25362825393677,0.0,279.528,0.0,-41.94944381713867
179.28432750701904,0.0,279.372,0.0,-41.93086242675781
179.31784629821777,0.0,279.264,0.0,-41.89189147949219
179.34926629066467,0.0,279.128,0.0,-41.87245178222656
179.3915798664093,0.0,278.773,0.0,-41.842002868652344
179.4265275001526,0.0,278.634,0.0,-41.821868896484375
179.4586923122406,0.0,278.547,0.0,-41.80141830444336
179.49416160583496,0.0,278.317,0.0,-41.76352310180664
179.52142477035522,0.0,278.212,0.0,-41.74589157104492
179.56390285491943,0.0,278.14,0.0,-41.713565826416016
179.6000018119812,0.0,277.856,0.0,-41.69748306274414
179.64405846595764,0.0,277.598,0.0,-41.663326263427734
179.67717123031616,0.0,277.5,0.0,-41.64396667480469
179.7193956375122,0.0,277.387,0.0,-41.608009338378906
179.75877141952515,0.0,277.142,0.0,-41.59001159667969
179.78397274017334,0.0,277.016,0.0,-41.57192611694336
179.82612919807434,0.0,276.909,0.0,-41.535884857177734
179.85230422019958,0.0,276.659,0.0,-41.51650619506836
179.8823561668396,0.0,276.557,0.0,-41.49861526489258
179.92396998405457,0.0,276.413,0.0,-41.46308898925781
179.94248723983765,0.0,276.333,0.0,-41.44648361206055
179.9737639427185,0.0,276.233,0.0,-41.43040084838867
180.0074906349182,0.0,276.105,0.0,-41.413536071777344
180.03091144561768,0.0,275.854,0.0,-41.39091491699219
180.06905007362366,0.0,275.584,0.0,-41.35544204711914
180.09921216964722,0.0,275.504,0.0,-41.33751678466797
180.14888978004456,0.0,275.312,0.0,-41.30509567260742
180.1763575077057,0.0,275.213,0.0,-41.29001998901367
180.20866751670837,0.0,275.046,0.0,-41.275142669677734
180.23693013191223,0.0,274.885,0.0,-41.25755310058594
180.26776146888733,0.0,274.57,0.0,-41.21696472167969
180.30808877944946,0.0,274.462,0.0,-41.19537353515625
180.33467817306519,0.0,274.352,0.0,-41.17509460449219
180.36594438552856,0.0,274.296,0.0,-41.13942337036133
180.39301013946533,0.0,274.168,0.0,-41.12239074707031
180.42454552650452,0.0,273.959,0.0,-41.105648040771484
180.4572479724884,0.0,273.853,0.0,-41.08941650390625
180.5086545944214,0.0,273.65,0.0,-41.059051513671875
180.54148530960083,0.0,273.529,0.0,-41.02687072753906
180.5665159225464,0.0,273.394,0.0,-41.009464263916016
180.60125136375427,0.0,273.256,0.0,-40.991127014160156
180.63038897514343,0.0,273.17,0.0,-40.97425842285156
180.66588068008423,0.0,272.906,0.0,-40.93883514404297
180.6906406879425,0.0,272.789,0.0,-40.920589447021484
180.7355501651764,0.0,272.357,0.0,-40.90740966796875
180.7758469581604,0.0,272.245,0.0,-40.8646240234375
180.80080890655518,0.0,272.152,0.0,-40.84406280517578
180.83451008796692,0.0,272.059,0.0,-40.82521057128906
180.86558961868286,0.0,271.912,0.0,-40.79378128051758
180.8910210132599,0.0,271.912,0.0,-40.779109954833984
180.92505168914795,0.0,271.689,0.0,-40.76487731933594
180.96963381767273,0.0,271.44,0.0,-40.733219146728516
181.0013873577118,0.0,271.325,0.0,-40.71614074707031
181.034343957901,0.0,271.24,0.0,-40.699012756347656
181.06874060630798,0.0,271.133,0.0,-40.66721725463867
181.10948157310486,0.0,270.921,0.0,-40.650794982910156
181.12932300567627,0.0,270.753,0.0,-40.635128021240234
181.16605591773987,0.0,270.624,0.0,-40.59819793701172
181.1992268562317,0.0,270.513,0.0,-40.580013275146484
181.22611021995544,0.0,270.399,0.0,-40.562076568603516
181.25934720039368,0.0,270.189,0.0,-40.5434455871582
181.28291654586792,0.0,270.029,0.0,-40.52680587768555
181.3269500732422,0.0,269.987,0.0,-40.492855072021484
181.35319232940674,0.0,269.821,0.0,-40.481956481933594
181.379314661026,0.0,269.717,0.0,-40.467464447021484
181.4257950782776,0.0,269.45,0.0,-40.4371337890625
181.45484614372253,0.0,269.351,0.0,-40.41986083984375
181.499502658844,0.0,269.177,0.0,-40.387996673583984
181.52449941635132,0.0,269.018,0.0,-40.373023986816406
181.55038571357727,0.0,268.892,0.0,-40.35563659667969
181.57978510856628,0.0,268.784,0.0,-40.3377685546875
181.6122784614563,0.0,268.694,0.0,-40.32028579711914
181.6493194103241,0.0,268.46,0.0,-40.286888122558594
181.67542624473572,0.0,268.341,0.0,-40.26997375488281
181.71833109855652,0.0,268.199,0.0,-40.23440170288086
181.75305485725403,0.0,267.972,0.0,-40.21616744995117
181.787987947464,0.0,267.86,0.0,-40.198341369628906
181.8166105747223,0.0,267.812,0.0,-40.166038513183594
181.85547733306885,0.0,267.726,0.0,-40.151947021484375
181.88343954086304,0.0,267.557,0.0,-40.138877868652344
181.9189109802246,0.0,267.305,0.0,-40.10564422607422
181.95178747177124,0.0,267.201,0.0,-40.091064453125
181.97614240646362,0.0,267.053,0.0,-40.076297760009766
182.00095796585083,0.0,266.925,0.0,-40.05952453613281
182.03434038162231,0.0,266.826,0.0,-40.04204177856445
182.07508730888367,0.0,266.603,0.0,-40.0079345703125
182.10205030441284,0.0,266.508,0.0,-39.991233825683594
182.14407181739807,0.0,266.384,0.0,-39.958473205566406
182.18420910835266,0.0,266.111,0.0,-39.940826416015625
182.21828770637512,0.0,266.01,0.0,-39.904396057128906
182.2492024898529,0.0,265.733,0.0,-39.88599395751953
182.26614999771118,0.0,265.733,0.0,-39.86656951904297
182.3083951473236,0.0,265.572,0.0,-39.848167419433594
182.33303475379944,0.0,265.492,0.0,-39.83237075805664
182.3690905570984,0.0,265.39,0.0,-39.80298614501953
182.39356398582458,0.0,265.297,0.0,-39.788597106933594
182.42400908470154,0.0,265.193,0.0,-39.77398681640625
182.45768523216248,0.0,265.079,0.0,-39.75878143310547
182.48561310768127,0.0,264.882,0.0,-39.74436569213867
182.5247266292572,0.0,264.629,0.0,-39.71857833862305
182.54864192008972,0.0,264.574,0.0,-39.70048141479492
182.58298540115356,0.0,264.445,0.0,-39.685020446777344
182.61782145500183,0.0,264.224,0.0,-39.65239715576172
182.6439995765686,0.0,264.108,0.0,-39.635677337646484
182.685373544693,0.0,264.005,0.0,-39.61872482299805
182.71246814727783,0.0,263.831,0.0,-39.60214614868164
182.7368836402893,0.0,263.727,0.0,-39.5828742980957
182.77478742599487,0.0,263.528,0.0,-39.54560470581055
182.80814814567566,0.0,263.449,0.0,-39.52904510498047
182.83428025245667,0.0,263.362,0.0,-39.5138053894043
182.86835837364197,0.0,263.255,0.0,-39.484378814697266
182.899231672287,0.0,263.201,0.0,-39.47148132324219
182.93336653709412,0.0,262.936,0.0,-39.45552444458008
182.9555323123932,0.0,262.81,0.0,-39.43975830078125
182.9845004081726,0.0,262.672,0.0,-39.423126220703125
183.0265598297119,0.0,262.559,0.0,-39.387672424316406
183.05826568603516,0.0,262.322,0.0,-39.36913299560547
183.07817816734314,0.0,262.322,0.0,-39.35146713256836
183.1183021068573,0.0,262.134,0.0,-39.31945037841797
183.14318180084229,0.0,262.058,0.0,-39.304595947265625
183.17466378211975,0.0,261.85,0.0,-39.28525161743164
183.20408725738525,0.0,261.662,0.0,-39.27116775512695
183.24975538253784,0.0,261.399,0.0,-39.2347412109375
183.26974487304688,0.0,261.311,0.0,-39.21580505371094
183.3019859790802,0.0,261.243,0.0,-39.19835662841797
183.34341645240784,0.0,261.161,0.0,-39.16840362548828
183.3677110671997,0.0,261.072,0.0,-39.15434265136719
183.39221858978271,0.0,260.98,0.0,-39.14048385620117
183.42716813087463,0.0,260.786,0.0,-39.12517547607422
183.4577751159668,0.0,260.622,0.0,-39.11151123046875
183.49517846107483,0.0,260.538,0.0,-39.07940673828125
183.52542781829834,0.0,260.337,0.0,-39.0643196105957
183.5513138771057,0.0,260.273,0.0,-39.04901123046875
183.59442973136902,0.0,260.143,0.0,-39.02013397216797
183.62642431259155,0.0,260.028,0.0,-39.004390716552734
183.65867471694946,0.0,259.794,0.0,-38.988346099853516
183.69194650650024,0.0,259.679,0.0,-38.95475387573242
183.72872948646545,0.0,259.595,0.0,-38.93899917602539
183.75676345825195,0.0,259.457,0.0,-38.92186737060547
183.781592130661,0.0,259.341,0.0,-38.90459442138672
183.81810855865479,0.0,259.121,0.0,-38.87104797363281
183.85239791870117,0.0,259.032,0.0,-38.854881286621094
183.88583397865295,0.0,258.843,0.0,-38.83530807495117
183.91933417320251,0.0,258.691,0.0,-38.807762145996094
183.94955277442932,0.0,258.559,0.0,-38.795082092285156
183.98278045654297,0.0,258.418,0.0,-38.78057861328125
184.0188853740692,0.0,258.289,0.0,-38.747100830078125
184.05907678604126,0.0,258.068,0.0,-38.729740142822266
184.0836055278778,0.0,257.994,0.0,-38.71279525756836
184.1232452392578,0.0,257.801,0.0,-38.6832160949707
184.15562963485718,0.0,257.755,0.0,-38.668155670166016
184.20798110961914,0.0,257.543,0.0,-38.641998291015625
184.2442648410797,0.0,257.455,0.0,-38.61421585083008
184.27511310577393,0.0,257.333,0.0,-38.599281311035156
184.29943442344666,0.0,257.252,0.0,-38.585140228271484
184.34134554862976,0.0,257.001,0.0,-38.57001495361328
184.364360332489,0.0,256.888,0.0,-38.55358123779297
184.39190316200256,0.0,256.802,0.0,-38.521263122558594
184.42543745040894,0.0,256.72,0.0,-38.50651931762695
184.4575686454773,0.0,256.632,0.0,-38.49223709106445
184.4949610233307,0.0,256.412,0.0,-38.462677001953125
184.52165961265564,0.0,256.182,0.0,-38.441864013671875
184.55406641960144,0.0,256.097,0.0,-38.42658615112305
184.58770895004272,0.0,255.972,0.0,-38.41203308105469
184.6184253692627,0.0,255.8,0.0,-38.38072967529297
184.6459939479828,0.0,255.72,0.0,-38.3665771484375
184.67344284057617,0.0,255.647,0.0,-38.35309600830078
184.70604181289673,0.0,255.594,0.0,-38.340423583984375
184.7363085746765,0.0,255.489,0.0,-38.329200744628906
184.7750542163849,0.0,255.283,0.0,-38.30512619018555
184.80855464935303,0.0,255.139,0.0,-38.291202545166016
184.83910965919495,0.0,255.025,0.0,-38.27515411376953
184.85996270179749,0.0,254.922,0.0,-38.25872802734375
184.9078404903412,0.0,254.743,0.0,-38.226280212402344
184.93800830841064,0.0,254.647,0.0,-38.2114372253418
184.98286485671997,0.0,254.471,0.0,-38.182350158691406
185.01123476028442,0.0,254.368,0.0,-38.168418884277344
185.04068875312805,0.0,254.277,0.0,-38.15410614013672
185.065753698349,0.0,254.172,0.0,-38.13999938964844
185.0990788936615,0.0,254.106,0.0,-38.11223602294922
185.13961124420166,0.0,253.812,0.0,-38.09720230102539
185.1570942401886,0.0,253.812,0.0,-38.07958984375
185.18880772590637,0.0,253.602,0.0,-38.06184005737305
185.2227063179016,0.0,253.528,0.0,-38.035797119140625
185.25517868995667,0.0,253.435,0.0,-38.02334213256836
185.29006934165955,0.0,253.354,0.0,-38.01058578491211
185.3219723701477,0.0,253.195,0.0,-37.98579406738281
185.34559226036072,0.0,253.086,0.0,-37.97377014160156
185.37922549247742,0.0,252.986,0.0,-37.96064376831055
185.4103639125824,0.0,252.897,0.0,-37.94703674316406
185.4533452987671,0.0,252.661,0.0,-37.920284271240234
185.49465084075928,0.0,252.57,0.0,-37.889041900634766
185.52434849739075,0.0,252.413,0.0,-37.875057220458984
185.55014038085938,0.0,252.32,0.0,-37.86125564575195
185.5846300125122,0.0,252.237,0.0,-37.84742736816406
185.62352967262268,0.0,252.159,0.0,-37.82107925415039
185.6458740234375,0.0,252.101,0.0,-37.80940246582031
185.6721796989441,0.0,252.032,0.0,-37.79821014404297
185.70491456985474,0.0,251.952,0.0,-37.78692626953125
185.74022793769836,0.0,251.785,0.0,-37.776485443115234
185.77350282669067,0.0,251.688,0.0,-37.75193405151367
185.80682373046875,0.0,251.629,0.0,-37.74040222167969
185.83513927459717,0.0,251.424,0.0,-37.72945022583008
185.87100195884705,0.0,251.368,0.0,-37.70355987548828
185.903870344162,0.0,251.252,0.0,-37.68991470336914
185.93797421455383,0.0,251.083,0.0,-37.672950744628906
185.95303964614868,0.0,250.998,0.0,-37.660526275634766
185.98870968818665,0.0,250.876,0.0,-37.648048400878906
186.02246594429016,0.0,250.753,0.0,-37.62076950073242
186.05501556396484,0.0,250.632,0.0,-37.60911560058594
186.08322644233704,0.0,250.557,0.0,-37.59572219848633
186.1239149570465,0.0,250.362,0.0,-37.56920623779297
186.17368984222412,0.0,250.214,0.0,-37.542640686035156
186.20824885368347,0.0,250.154,0.0,-37.530250549316406
186.25028157234192,0.0,250.095,0.0,-37.50823974609375
186.3042504787445,0.0,249.861,0.0,-37.4874267578125
186.3302400112152,0.0,249.785,0.0,-37.47614669799805
186.3715581893921,0.0,249.674,0.0,-37.452186584472656
186.43328213691711,0.0,249.502,0.0,-37.42676544189453
186.46007132530212,0.0,249.295,0.0,-37.41270446777344
186.49130964279175,0.0,249.233,0.0,-37.3985481262207
186.52513670921326,0.0,249.146,0.0,-37.37272262573242
186.5473780632019,0.0,249.088,0.0,-37.3609504699707
186.59202408790588,0.0,248.899,0.0,-37.35096740722656
186.62485122680664,0.0,248.8,0.0,-37.32780075073242
186.64990305900574,0.0,248.72,0.0,-37.31678009033203
186.6774628162384,0.0,248.618,0.0,-37.30554962158203
186.71103978157043,0.0,248.555,0.0,-37.29323196411133
186.7474536895752,0.0,248.453,0.0,-37.2691535949707
186.7713761329651,0.0,248.346,0.0,-37.25559997558594
186.8013060092926,0.0,248.195,0.0,-37.241146087646484
186.83482885360718,0.0,248.087,0.0,-37.228904724121094
186.86764669418335,0.0,248.028,0.0,-37.21556091308594
186.90178179740906,0.0,247.907,0.0,-37.19252014160156
186.93350052833557,0.0,247.852,0.0,-37.18185043334961
186.95410442352295,0.0,247.764,0.0,-37.17194366455078
186.9972095489502,0.0,247.664,0.0,-37.149383544921875
187.05513191223145,0.0,247.511,0.0,-37.12601089477539
187.0807285308838,0.0,247.45,0.0,-37.11507034301758
187.1260974407196,0.0,247.3,0.0,-37.09353256225586
187.15918016433716,0.0,247.203,0.0,-37.08146286010742
187.1909637451172,0.0,247.034,0.0,-37.069393157958984
187.2258014678955,0.0,246.945,0.0,-37.044212341308594
187.25803565979004,0.0,246.882,0.0,-37.0323486328125
187.29087829589844,0.0,246.714,0.0,-37.0238037109375
187.31812572479248,0.0,246.56,0.0,-37.010765075683594
187.3515181541443,0.0,246.527,0.0,-36.986297607421875
187.38721370697021,0.0,246.392,0.0,-36.97578430175781
187.41189312934875,0.0,246.299,0.0,-36.96261215209961
187.447660446167,0.0,246.193,0.0,-36.934913635253906
187.4761233329773,0.0,246.042,0.0,-36.922027587890625
187.50713896751404,0.0,245.956,0.0,-36.90888595581055
187.5348198413849,0.0,245.895,0.0,-36.89575958251953
187.5648477077484,0.0,245.807,0.0,-36.88370132446289
187.60846328735352,0.0,245.702,0.0,-36.86053466796875
187.62821125984192,0.0,245.603,0.0,-36.85031509399414
187.6585133075714,0.0,245.524,0.0,-36.83890151977539
187.68990063667297,0.0,245.415,0.0,-36.827396392822266
187.72408938407898,0.0,245.331,0.0,-36.80174255371094
187.75681495666504,0.0,245.288,0.0,-36.79066848754883
187.78173232078552,0.0,245.2,0.0,-36.779048919677734
187.81385135650635,0.0,245.058,0.0,-36.768768310546875
187.8491175174713,0.0,244.968,0.0,-36.74549865722656
187.8747432231903,0.0,244.843,0.0,-36.731658935546875
187.90778017044067,0.0,244.76,0.0,-36.71810531616211
187.94778275489807,0.0,244.64,0.0,-36.69444274902344
187.9741666316986,0.0,244.587,0.0,-36.68398666381836
188.00670433044434,0.0,244.415,0.0,-36.66931915283203
188.03197169303894,0.0,244.328,0.0,-36.65496063232422
188.06594061851501,0.0,244.237,0.0,-36.644508361816406
188.09934735298157,0.0,244.162,0.0,-36.622047424316406
188.13863968849182,0.0,243.96,0.0,-36.60953140258789
188.1655237674713,0.0,243.893,0.0,-36.59650421142578
188.19729804992676,0.0,243.786,0.0,-36.57094955444336
188.22216868400574,0.0,243.743,0.0,-36.55949783325195
188.2563235759735,0.0,243.574,0.0,-36.548561096191406
188.28320598602295,0.0,243.544,0.0,-36.53638458251953
188.32329893112183,0.0,243.431,0.0,-36.514488220214844
188.3518009185791,0.0,243.332,0.0,-36.501792907714844
188.3810932636261,0.0,243.278,0.0,-36.4903450012207
188.40800094604492,0.0,243.213,0.0,-36.47939682006836
188.44087624549866,0.0,243.079,0.0,-36.469173431396484
188.47514009475708,0.0,243.014,0.0,-36.448429107666016
188.5092055797577,0.0,242.944,0.0,-36.438194274902344
188.542471408844,0.0,242.727,0.0,-36.42598342895508
188.56797122955322,0.0,242.618,0.0,-36.4129524230957
188.60799622535706,0.0,242.562,0.0,-36.386329650878906
188.64176487922668,0.0,242.434,0.0,-36.371856689453125
188.69063138961792,0.0,242.252,0.0,-36.351341247558594
188.71963214874268,0.0,242.174,0.0,-36.33906555175781
188.75312566757202,0.0,241.966,0.0,-36.31417465209961
188.79159784317017,0.0,241.933,0.0,-36.30020523071289
188.82442021369934,0.0,241.821,0.0,-36.27566146850586
188.89220070838928,0.0,241.528,0.0,-36.24749755859375
188.92632007598877,0.0,241.478,0.0,-36.22119903564453
188.95613646507263,0.0,241.352,0.0,-36.20909118652344
188.98942875862122,0.0,241.255,0.0,-36.1983757019043
189.0166392326355,0.0,241.207,0.0,-36.186676025390625
189.0573980808258,0.0,241.126,0.0,-36.165470123291016
189.08169388771057,0.0,241.015,0.0,-36.15310287475586
189.11641669273376,0.0,240.835,0.0,-36.1413688659668
189.14191031455994,0.0,240.768,0.0,-36.12818908691406
189.17635941505432,0.0,240.692,0.0,-36.10372543334961
189.2088656425476,0.0,240.601,0.0,-36.091190338134766
189.24079823493958,0.0,240.456,0.0,-36.08130645751953
189.26637244224548,0.0,240.456,0.0,-36.069053649902344
189.29837322235107,0.0,240.294,0.0,-36.04365921020508
189.33345460891724,0.0,240.238,0.0,-36.03506851196289
189.35897517204285,0.0,240.173,0.0,-36.026710510253906
189.39117240905762,0.0,240.088,0.0,-36.01814651489258
189.4251000881195,0.0,239.895,0.0,-35.997310638427734
189.45618557929993,0.0,239.813,0.0,-35.98555374145508
189.5058400630951,0.0,239.585,0.0,-35.96015930175781
189.53642463684082,0.0,239.497,0.0,-35.94561767578125
189.57084321975708,0.0,239.458,0.0,-35.93129348754883
189.6040744781494,0.0,239.328,0.0,-35.908775329589844
189.6359579563141,0.0,239.272,0.0,-35.89760208129883
189.67554903030396,0.0,239.176,0.0,-35.875816345214844
189.70807600021362,0.0,239.068,0.0,-35.86424255371094
189.7403302192688,0.0,238.986,0.0,-35.854740142822266
189.77282214164734,0.0,238.923,0.0,-35.84456253051758
189.7999610900879,0.0,238.839,0.0,-35.82406997680664
189.83304476737976,0.0,238.772,0.0,-35.81367111206055
189.87050247192383,0.0,238.625,0.0,-35.80341339111328
189.90044379234314,0.0,238.577,0.0,-35.78302001953125
189.9272334575653,0.0,238.443,0.0,-35.77048110961914
189.9596393108368,0.0,238.354,0.0,-35.757633209228516
189.99124193191528,0.0,238.152,0.0,-35.73981475830078
190.0208215713501,0.0,237.948,0.0,-35.72664260864258
190.04874467849731,0.0,237.879,0.0,-35.69879913330078
190.08150815963745,0.0,237.775,0.0,-35.68535614013672
190.12715363502502,0.0,237.671,0.0,-35.656612396240234
190.17648220062256,0.0,237.491,0.0,-35.62771224975586
190.20838904380798,0.0,237.295,0.0,-35.61328125
190.24064183235168,0.0,237.213,0.0,-35.598690032958984
190.27307748794556,0.0,237.126,0.0,-35.570838928222656
190.2979531288147,0.0,237.056,0.0,-35.55791473388672
190.33279466629028,0.0,236.926,0.0,-35.545806884765625
190.36828422546387,0.0,236.869,0.0,-35.53449249267578
190.3912491798401,0.0,236.8,0.0,-35.52404022216797
190.43727016448975,0.0,236.635,0.0,-35.50263214111328
190.45780038833618,0.0,236.635,0.0,-35.491600036621094
190.49682021141052,0.0,236.52,0.0,-35.480369567871094
190.53176593780518,0.0,236.453,0.0,-35.46136474609375
190.56307864189148,0.0,236.372,0.0,-35.45124816894531
190.61024165153503,0.0,236.176,0.0,-35.42825698852539
190.6434781551361,0.0,235.999,0.0,-35.411861419677734
190.67271041870117,0.0,235.849,0.0,-35.396080017089844
190.70525360107422,0.0,235.764,0.0,-35.37368392944336
190.7380175590515,0.0,235.725,0.0,-35.36238098144531
190.76754212379456,0.0,235.68,0.0,-35.3526496887207
190.80862712860107,0.0,235.605,0.0,-35.33637619018555
190.83545660972595,0.0,235.501,0.0,-35.32939147949219
190.86260986328125,0.0,235.414,0.0,-35.320220947265625
190.898619890213,0.0,235.327,0.0,-35.310062408447266
190.93745517730713,0.0,235.16,0.0,-35.28681564331055
190.95778465270996,0.0,235.041,0.0,-35.275306701660156
191.0025396347046,0.0,234.95,0.0,-35.24848175048828
191.03335905075073,0.0,234.838,0.0,-35.23581314086914
191.07699823379517,0.0,234.786,0.0,-35.214595794677734
191.10153460502625,0.0,234.697,0.0,-35.2036247253418
191.12663006782532,0.0,234.667,0.0,-35.19448471069336
191.16719436645508,0.0,234.522,0.0,-35.186378479003906
191.19224882125854,0.0,234.47,0.0,-35.176246643066406
191.2284197807312,0.0,234.368,0.0,-35.15580368041992
191.25264811515808,0.0,234.279,0.0,-35.14786911010742
191.28390216827393,0.0,234.097,0.0,-35.13856506347656
191.31808471679688,0.0,234.032,0.0,-35.124290466308594
191.35744047164917,0.0,233.893,0.0,-35.100440979003906
191.38176846504211,0.0,233.832,0.0,-35.08796691894531
191.4071910381317,0.0,233.73,0.0,-35.07634353637695
191.44380021095276,0.0,233.624,0.0,-35.06365966796875
191.48391580581665,0.0,233.503,0.0,-35.0386848449707
191.5169234275818,0.0,233.438,0.0,-35.02680587768555
191.55167603492737,0.0,233.387,0.0,-35.00521469116211
191.5841565132141,0.0,233.215,0.0,-34.99329376220703
191.60916686058044,0.0,233.15,0.0,-34.982032775878906
191.6416072845459,0.0,233.1,0.0,-34.97119903564453
191.67862915992737,0.0,232.996,0.0,-34.949920654296875
191.7027506828308,0.0,232.942,0.0,-34.939430236816406
191.75331354141235,0.0,232.751,0.0,-34.91543197631836
191.7768270969391,0.0,232.671,0.0,-34.903175354003906
191.80787920951843,0.0,232.579,0.0,-34.89043426513672
191.84104585647583,0.0,232.431,0.0,-34.878082275390625
191.8759958744049,0.0,232.423,0.0,-34.856998443603516
191.90759205818176,0.0,232.316,0.0,-34.846126556396484
191.9417061805725,0.0,232.219,0.0,-34.834251403808594
191.98118042945862,0.0,232.106,0.0,-34.81525421142578
192.00857877731323,0.0,232.069,0.0,-34.80744171142578
192.03564262390137,0.0,231.962,0.0,-34.80043029785156
192.06860208511353,0.0,231.85,0.0,-34.79108810424805
192.1030604839325,0.0,231.675,0.0,-34.767845153808594
192.12688159942627,0.0,231.675,0.0,-34.75552749633789
192.17745089530945,0.0,231.596,0.0,-34.73567199707031
192.21620917320251,0.0,231.37,0.0,-34.72442626953125
192.24468517303467,0.0,231.258,0.0,-34.711429595947266
192.2743124961853,0.0,231.178,0.0,-34.69725036621094
192.3011372089386,0.0,231.148,0.0,-34.67222213745117
192.33631420135498,0.0,231.037,0.0,-34.66220474243164
192.36193776130676,0.0,230.962,0.0,-34.65228271484375
192.39238667488098,0.0,230.857,0.0,-34.64205551147461
192.4313714504242,0.0,230.767,0.0,-34.618064880371094
192.45703887939453,0.0,230.662,0.0,-34.60477066040039
192.48649835586548,0.0,230.622,0.0,-34.59341049194336
192.52033591270447,0.0,230.459,0.0,-34.581363677978516
192.55220484733582,0.0,230.391,0.0,-34.558380126953125
192.5844373703003,0.0,230.246,0.0,-34.544166564941406
192.61297154426575,0.0,230.194,0.0,-34.5316047668457
192.66382956504822,0.0,230.121,0.0,-34.51445770263672
192.70787048339844,0.0,229.987,0.0,-34.49885559082031
192.75097393989563,0.0,229.799,0.0,-34.48122024536133
192.78585815429688,0.0,229.729,0.0,-34.470481872558594
192.81320071220398,0.0,229.667,0.0,-34.45979690551758
192.86350417137146,0.0,229.528,0.0,-34.43914794921875
192.87780261039734,0.0,229.528,0.0,-34.428810119628906
192.90830421447754,0.0,229.346,0.0,-34.41826629638672
192.94245052337646,0.0,229.268,0.0,-34.40613555908203
192.99164700508118,0.0,229.166,0.0,-34.38269805908203
193.02540588378906,0.0,229.118,0.0,-34.36365509033203
193.05983209609985,0.0,229.022,0.0,-34.3531379699707
193.08623027801514,0.0,228.954,0.0,-34.342716217041016
193.11464095115662,0.0,228.87,0.0,-34.331687927246094
193.14117693901062,0.0,228.779,0.0,-34.31990432739258
193.1769983768463,0.0,228.642,0.0,-34.29716491699219
193.20985651016235,0.0,228.52,0.0,-34.2840461730957
193.24054670333862,0.0,228.384,0.0,-34.26876449584961
193.27249312400818,0.0,228.269,0.0,-34.2545166015625
193.2987995147705,0.0,228.195,0.0,-34.24230194091797
193.34215426445007,0.0,228.078,0.0,-34.22413635253906
193.37042379379272,0.0,228.035,0.0,-34.212608337402344
193.39239621162415,0.0,227.983,0.0,-34.202484130859375
193.42416667938232,0.0,227.942,0.0,-34.19306564331055
193.45363879203796,0.0,227.942,0.0,-34.17872619628906
193.4890079498291,0.0,227.746,0.0,-34.17042922973633
193.5229148864746,0.0,227.673,0.0,-34.16061782836914
193.54932403564453,0.0,227.569,0.0,-34.150516510009766
193.59144163131714,0.0,227.471,0.0,-34.128257751464844
193.62400317192078,0.0,227.365,0.0,-34.11865997314453
193.64448285102844,0.0,227.308,0.0,-34.10733413696289
193.68287539482117,0.0,227.263,0.0,-34.08720397949219
193.70798754692078,0.0,227.12,0.0,-34.07438278198242
193.74153661727905,0.0,227.009,0.0,-34.06283950805664
193.78028655052185,0.0,226.918,0.0,-34.04035949707031
193.80367946624756,0.0,226.886,0.0,-34.030582427978516
193.83396816253662,0.0,226.858,0.0,-34.02241134643555
193.86556363105774,0.0,226.782,0.0,-34.013465881347656
193.89986944198608,0.0,226.589,0.0,-34.0021858215332
193.926007270813,0.0,226.466,0.0,-33.99082946777344
193.97013759613037,0.0,226.384,0.0,-33.97162628173828
194.00958251953125,0.0,226.174,0.0,-33.94670867919922
194.0414752960205,0.0,226.134,0.0,-33.93327331542969
194.07454919815063,0.0,226.053,0.0,-33.92177963256836
194.10390448570251,0.0,225.992,0.0,-33.89903259277344
194.12981295585632,0.0,225.887,0.0,-33.88667297363281
194.1668689250946,0.0,225.775,0.0,-33.87446594238281
194.19122314453125,0.0,225.762,0.0,-33.86415100097656
194.22239875793457,0.0,225.702,0.0,-33.85621643066406
194.25504350662231,0.0,225.639,0.0,-33.83983612060547
194.2891731262207,0.0,225.47,0.0,-33.833045959472656
194.3206808567047,0.0,225.388,0.0,-33.82217788696289
194.35747623443604,0.0,225.331,0.0,-33.800289154052734
194.37706303596497,0.0,225.239,0.0,-33.78879165649414
194.4189510345459,0.0,225.129,0.0,-33.7775993347168
194.44293689727783,0.0,225.129,0.0,-33.767738342285156
194.46937942504883,0.0,225.037,0.0,-33.756805419921875
194.50394296646118,0.0,224.934,0.0,-33.736961364746094
194.53788256645203,0.0,224.817,0.0,-33.725440979003906
194.5653281211853,0.0,224.742,0.0,-33.71393585205078
194.60857272148132,0.0,224.591,0.0,-33.69532775878906
194.66929173469543,0.0,224.446,0.0,-33.67591857910156
194.70881128311157,0.0,224.295,0.0,-33.65592575073242
194.7355556488037,0.0,224.207,0.0,-33.645286560058594
194.7699580192566,0.0,224.117,0.0,-33.6339111328125
194.80504250526428,0.0,224.053,0.0,-33.610450744628906
194.8308618068695,0.0,223.998,0.0,-33.599857330322266
194.8723075389862,0.0,223.885,0.0,-33.589752197265625
194.90642046928406,0.0,223.781,0.0,-33.56905746459961
194.94027709960938,0.0,223.64,0.0,-33.55887222290039
194.97501587867737,0.0,223.577,0.0,-33.547733306884766
194.999933719635,0.0,223.538,0.0,-33.53703308105469
195.03216218948364,0.0,223.48,0.0,-33.51857376098633
195.08240008354187,0.0,223.382,0.0,-33.501747131347656
195.1238133907318,0.0,223.232,0.0,-33.493106842041016
195.15830898284912,0.0,223.156,0.0,-33.47359085083008
195.19084858894348,0.0,223.086,0.0,-33.46343994140625
195.22224974632263,0.0,222.934,0.0,-33.453556060791016
195.25816702842712,0.0,222.813,0.0,-33.429622650146484
195.283282995224,0.0,222.746,0.0,-33.42010498046875
195.32595133781433,0.0,222.643,0.0,-33.41047668457031
195.35825634002686,0.0,222.485,0.0,-33.38656997680664
195.39245462417603,0.0,222.425,0.0,-33.37521743774414
195.42358827590942,0.0,222.379,0.0,-33.36447525024414
195.45607829093933,0.0,222.346,0.0,-33.34648132324219
195.48727416992188,0.0,222.197,0.0,-33.338375091552734
195.5247642993927,0.0,222.119,0.0,-33.32862091064453
195.5579788684845,0.0,222.01,0.0,-33.30635070800781
195.5893270969391,0.0,221.872,0.0,-33.29409408569336
195.61368322372437,0.0,221.791,0.0,-33.28289794921875
195.6466257572174,0.0,221.721,0.0,-33.271392822265625
195.67235660552979,0.0,221.644,0.0,-33.26011657714844
195.71438717842102,0.0,221.565,0.0,-33.237159729003906
195.74634766578674,0.0,221.451,0.0,-33.22639083862305
195.7817826271057,0.0,221.431,0.0,-33.208126068115234
195.80709671974182,0.0,221.354,0.0,-33.19917678833008
195.8323712348938,0.0,221.31,0.0,-33.19096374511719
195.86777067184448,0.0,221.288,0.0,-33.18423843383789
195.90828609466553,0.0,221.078,0.0,-33.163818359375
195.94391703605652,0.0,220.986,0.0,-33.156028747558594
195.97627091407776,0.0,220.944,0.0,-33.14666748046875
196.00097036361694,0.0,220.849,0.0,-33.13819122314453
196.04128241539001,0.0,220.737,0.0,-33.1192512512207
196.06718015670776,0.0,220.662,0.0,-33.1098518371582
196.10853004455566,0.0,220.542,0.0,-33.090789794921875
196.14070844650269,0.0,220.474,0.0,-33.08119583129883
196.15894222259521,0.0,220.408,0.0,-33.07143783569336
196.1885416507721,0.0,220.305,0.0,-33.0616340637207
196.22098517417908,0.0,220.241,0.0,-33.05024337768555
196.2574815750122,0.0,220.208,0.0,-33.0299072265625
196.28202176094055,0.0,220.153,0.0,-33.02088928222656
196.31449127197266,0.0,220.097,0.0,-33.0138053894043
196.3546552658081,0.0,220.016,0.0,-33.00712203979492
196.38706374168396,0.0,219.939,0.0,-32.99008560180664
196.41804194450378,0.0,219.794,0.0,-32.98112106323242
196.457909822464,0.0,219.717,0.0,-32.96063232421875
196.49028134346008,0.0,219.66,0.0,-32.95063018798828
196.52291178703308,0.0,219.458,0.0,-32.938232421875
196.55632853507996,0.0,219.342,0.0,-32.911895751953125
196.5867784023285,0.0,219.311,0.0,-32.90034484863281
196.61917567253113,0.0,219.263,0.0,-32.89195251464844
196.65223026275635,0.0,219.195,0.0,-32.88398742675781
196.68365144729614,0.0,219.063,0.0,-32.86687469482422
196.7083466053009,0.0,219.008,0.0,-32.85778045654297
196.74096059799194,0.0,218.953,0.0,-32.84895324707031
196.7737331390381,0.0,218.903,0.0,-32.840335845947266
196.8074915409088,0.0,218.846,0.0,-32.82381820678711
196.8386034965515,0.0,218.762,0.0,-32.817169189453125
196.87042617797852,0.0,218.666,0.0,-32.80975341796875
196.90156507492065,0.0,218.565,0.0,-32.800472259521484
196.92701411247253,0.0,218.473,0.0,-32.78953552246094
196.95812559127808,0.0,218.389,0.0,-32.76551818847656
196.99074840545654,0.0,218.348,0.0,-32.7548828125
197.01668190956116,0.0,218.348,0.0,-32.74717330932617
197.04643058776855,0.0,218.217,0.0,-32.73789978027344
197.08813381195068,0.0,218.141,0.0,-32.72041702270508
197.1195571422577,0.0,218.068,0.0,-32.71078872680664
197.1528503894806,0.0,217.899,0.0,-32.70136260986328
197.18481469154358,0.0,217.853,0.0,-32.68164825439453
197.22482204437256,0.0,217.799,0.0,-32.673797607421875
197.25781679153442,0.0,217.669,0.0,-32.65745162963867
197.29245972633362,0.0,217.575,0.0,-32.64884567260742
197.32111930847168,0.0,217.499,0.0,-32.63873291015625
197.35236048698425,0.0,217.456,0.0,-32.628211975097656
197.384215593338,0.0,217.319,0.0,-32.60909652709961
197.4163203239441,0.0,217.269,0.0,-32.599220275878906
197.44715785980225,0.0,217.176,0.0,-32.58998107910156
197.47474932670593,0.0,217.115,0.0,-32.57943344116211
197.5055637359619,0.0,217.024,0.0,-32.5692138671875
197.53790974617004,0.0,216.927,0.0,-32.54576110839844
197.5695459842682,0.0,216.84,0.0,-32.534339904785156
197.6018030643463,0.0,216.786,0.0,-32.52485656738281
197.64216494560242,0.0,216.723,0.0,-32.506649017333984
197.67413067817688,0.0,216.598,0.0,-32.497711181640625
197.70951318740845,0.0,216.555,0.0,-32.48003005981445
197.7420961856842,0.0,216.507,0.0,-32.47200393676758
197.7759485244751,0.0,216.305,0.0,-32.46046829223633
197.8073329925537,0.0,216.219,0.0,-32.441375732421875
197.83908033370972,0.0,216.164,0.0,-32.43206787109375
197.87071228027344,0.0,216.086,0.0,-32.423072814941406
197.90314745903015,0.0,216.009,0.0,-32.413352966308594
197.9356129169464,0.0,215.899,0.0,-32.39301300048828
197.967787027359,0.0,215.792,0.0,-32.3837890625
197.99985098838806,0.0,215.75,0.0,-32.37267303466797
198.0329372882843,0.0,215.691,0.0,-32.35325622558594
198.0625536441803,0.0,215.647,0.0,-32.34452438354492
198.09322452545166,0.0,215.559,0.0,-32.33707046508789
198.13994097709656,0.0,215.486,0.0,-32.32079315185547
198.1582772731781,0.0,215.431,0.0,-32.3123779296875
198.19574975967407,0.0,215.258,0.0,-32.30195236206055
198.22372388839722,0.0,215.197,0.0,-32.29153060913086
198.25489330291748,0.0,215.089,0.0,-32.281410217285156
198.2871389389038,0.0,215.031,0.0,-32.258445739746094
198.31995058059692,0.0,214.871,0.0,-32.24365997314453
198.3519458770752,0.0,214.85,0.0,-32.231868743896484
198.3836829662323,0.0,214.725,0.0,-32.21397018432617
198.4238133430481,0.0,214.661,0.0,-32.205284118652344
198.45637941360474,0.0,214.624,0.0,-32.196407318115234
198.48880577087402,0.0,214.557,0.0,-32.18151092529297
198.5215027332306,0.0,214.53,0.0,-32.17522048950195
198.55273985862732,0.0,214.442,0.0,-32.16972351074219
198.58498096466064,0.0,214.398,0.0,-32.15513229370117
198.6172239780426,0.0,214.276,0.0,-32.14680862426758
198.65965723991394,0.0,214.206,0.0,-32.13047790527344
198.69131565093994,0.0,214.118,0.0,-32.12065887451172
198.72193431854248,0.0,213.982,0.0,-32.11122131347656
198.75402903556824,0.0,213.91,0.0,-32.100990295410156
198.78665375709534,0.0,213.851,0.0,-32.08042907714844
198.8196563720703,0.0,213.752,0.0,-32.068946838378906
198.85838651657104,0.0,213.613,0.0,-32.045326232910156
198.89105319976807,0.0,213.547,0.0,-32.03469467163086
198.9228048324585,0.0,213.477,0.0,-32.024051666259766
198.96085619926453,0.0,213.352,0.0,-32.00740432739258
198.99204325675964,0.0,213.24,0.0,-31.999242782592773
199.02117109298706,0.0,213.179,0.0,-31.988733291625977
199.05322670936584,0.0,213.117,0.0,-31.97854995727539
199.08575344085693,0.0,213.045,0.0,-31.95882225036621
199.1242916584015,0.0,212.97,0.0,-31.951324462890625
199.14793276786804,0.0,212.916,0.0,-31.942886352539062
199.1734185218811,0.0,212.815,0.0,-31.934595108032227
199.2054967880249,0.0,212.736,0.0,-31.9244384765625
199.24425435066223,0.0,212.604,0.0,-31.90294647216797
199.27612686157227,0.0,212.526,0.0,-31.89261245727539
199.30861926078796,0.0,212.458,0.0,-31.87119483947754
199.3421401977539,0.0,212.384,0.0,-31.860363006591797
199.3733172416687,0.0,212.259,0.0,-31.849863052368164
199.405038356781,0.0,212.214,0.0,-31.839664459228516
199.43714261054993,0.0,212.175,0.0,-31.822153091430664
199.47034335136414,0.0,212.136,0.0,-31.814647674560547
199.50146794319153,0.0,212.073,0.0,-31.80671501159668
199.5338671207428,0.0,211.955,0.0,-31.792482376098633
199.5655117034912,0.0,211.889,0.0,-31.786128997802734
199.5985038280487,0.0,211.864,0.0,-31.77892303466797
199.6257038116455,0.0,211.785,0.0,-31.77277374267578
199.66076803207397,0.0,211.724,0.0,-31.75717544555664
199.69193816184998,0.0,211.592,0.0,-31.749353408813477
199.72171711921692,0.0,211.542,0.0,-31.740312576293945
199.75348567962646,0.0,211.468,0.0,-31.731674194335938
199.79327583312988,0.0,211.346,0.0,-31.7127628326416
199.8225495815277,0.0,211.287,0.0,-31.70350456237793
199.8624939918518,0.0,211.227,0.0,-31.685176849365234
199.89104866981506,0.0,211.174,0.0,-31.676340103149414
199.92259120941162,0.0,211.106,0.0,-31.667118072509766
199.95496201515198,0.0,210.969,0.0,-31.656757354736328
199.98733735084534,0.0,210.838,0.0,-31.63471031188965
200.02062249183655,0.0,210.794,0.0,-31.62371826171875
200.05220866203308,0.0,210.724,0.0,-31.61277198791504
200.08762383460999,0.0,210.593,0.0,-31.595834732055664
200.11570835113525,0.0,210.529,0.0,-31.587207794189453
200.14127397537231,0.0,210.468,0.0,-31.57834243774414
200.17437314987183,0.0,210.419,0.0,-31.569419860839844
200.20813059806824,0.0,210.362,0.0,-31.56095314025879
200.23879885673523,0.0,210.224,0.0,-31.54435157775879
200.27016949653625,0.0,210.206,0.0,-31.53483772277832
200.3028483390808,0.0,210.136,0.0,-31.52720832824707
200.33811116218567,0.0,210.109,0.0,-31.51172637939453
200.37481880187988,0.0,209.944,0.0,-31.503080368041992
200.41133332252502,0.0,209.878,0.0,-31.483871459960938
200.4393904209137,0.0,209.809,0.0,-31.47396469116211
200.47168064117432,0.0,209.74,0.0,-31.46564483642578
200.503520488739,0.0,209.678,0.0,-31.457923889160156
200.5427577495575,0.0,209.62,0.0,-31.441591262817383
200.5750641822815,0.0,209.545,0.0,-31.432544708251953
200.61475896835327,0.0,209.326,0.0,-31.410968780517578
200.65549540519714,0.0,209.155,0.0,-31.397502899169922
200.6882622241974,0.0,209.071,0.0,-31.376798629760742
200.71965408325195,0.0,209.049,0.0,-31.365434646606445
200.75160479545593,0.0,209.027,0.0,-31.35623550415039
200.78746008872986,0.0,208.907,0.0,-31.34075355529785
200.81600689888,0.0,208.889,0.0,-31.33270835876465
200.8481469154358,0.0,208.879,0.0,-31.32622528076172
200.8802137374878,0.0,208.821,0.0,-31.32128143310547
200.91275334358215,0.0,208.794,0.0,-31.310352325439453
200.94442629814148,0.0,208.656,0.0,-31.30426025390625
200.97486448287964,0.0,208.573,0.0,-31.296756744384766
201.0068838596344,0.0,208.501,0.0,-31.287899017333984
201.0381362438202,0.0,208.429,0.0,-31.268573760986328
201.07010889053345,0.0,208.344,0.0,-31.257802963256836
201.10215663909912,0.0,208.207,0.0,-31.247278213500977
201.13396286964417,0.0,208.143,0.0,-31.236492156982422
201.1750214099884,0.0,208.116,0.0,-31.21709632873535
201.20685696601868,0.0,207.931,0.0,-31.205705642700195
201.23869585990906,0.0,207.881,0.0,-31.184490203857422
201.27930068969727,0.0,207.848,0.0,-31.177127838134766
201.31786108016968,0.0,207.789,0.0,-31.16379165649414
201.34938168525696,0.0,207.715,0.0,-31.158710479736328
201.38178324699402,0.0,207.677,0.0,-31.152137756347656
201.4137670993805,0.0,207.539,0.0,-31.139904022216797
201.446786403656,0.0,207.475,0.0,-31.13153839111328
201.47801899909973,0.0,207.396,0.0,-31.122814178466797
201.51301860809326,0.0,207.327,0.0,-31.1032772064209
201.54088878631592,0.0,207.292,0.0,-31.094589233398438
201.5716676712036,0.0,207.176,0.0,-31.085126876831055
201.60304999351501,0.0,207.112,0.0,-31.076580047607422
201.6349561214447,0.0,207.073,0.0,-31.059711456298828
201.6618766784668,0.0,207.016,0.0,-31.051563262939453
201.6920509338379,0.0,206.931,0.0,-31.042146682739258
201.7236406803131,0.0,206.904,0.0,-31.034181594848633
201.7550823688507,0.0,206.761,0.0,-31.024778366088867
201.7872016429901,0.0,206.682,0.0,-31.005733489990234
201.81947922706604,0.0,206.633,0.0,-30.99646759033203
201.85145711898804,0.0,206.571,0.0,-30.98976707458496
201.8839681148529,0.0,206.441,0.0,-30.982444763183594
201.90816688537598,0.0,206.441,0.0,-30.975261688232422
201.94111609458923,0.0,206.241,0.0,-30.9569091796875
201.9718623161316,0.0,206.183,0.0,-30.94498062133789
202.00870966911316,0.0,206.176,0.0,-30.933780670166016
202.03329062461853,0.0,206.172,0.0,-30.925296783447266
202.06628894805908,0.0,206.039,0.0,-30.913665771484375
202.10610055923462,0.0,205.96,0.0,-30.905385971069336
202.1401834487915,0.0,205.854,0.0,-30.884950637817383
202.16914343833923,0.0,205.792,0.0,-30.874168395996094
202.21254706382751,0.0,205.717,0.0,-30.85617446899414
202.24403643608093,0.0,205.672,0.0,-30.848291397094727
202.2699544429779,0.0,205.691,0.0,-30.843463897705078
202.29939079284668,0.0,205.657,0.0,-30.83876609802246
202.33264064788818,0.0,205.547,0.0,-30.833518981933594
202.36375832557678,0.0,205.483,0.0,-30.82028579711914
202.39538073539734,0.0,205.428,0.0,-30.812946319580078
202.42653894424438,0.0,205.253,0.0,-30.80034065246582
202.46265769004822,0.0,205.114,0.0,-30.776199340820312
202.4915075302124,0.0,205.081,0.0,-30.766021728515625
202.52403855323792,0.0,205.05,0.0,-30.758615493774414
202.55546069145203,0.0,204.983,0.0,-30.752052307128906
202.58886098861694,0.0,204.824,0.0,-30.736011505126953
202.6197292804718,0.0,204.758,0.0,-30.726444244384766
202.65207743644714,0.0,204.716,0.0,-30.716726303100586
202.68870854377747,0.0,204.63,0.0,-30.69793128967285
202.73754715919495,0.0,204.541,0.0,-30.68050765991211
202.7878336906433,0.0,204.482,0.0,-30.666889190673828
202.8198425769806,0.0,204.393,0.0,-30.66033935546875
202.8509063720703,0.0,204.309,0.0,-30.65395736694336
202.8831648826599,0.0,204.268,0.0,-30.64593505859375
202.91564416885376,0.0,204.206,0.0,-30.630481719970703
202.947674036026,0.0,204.123,0.0,-30.621273040771484
202.98026132583618,0.0,204.01,0.0,-30.612905502319336
203.0119285583496,0.0,203.933,0.0,-30.593976974487305
203.04412245750427,0.0,203.81,0.0,-30.581653594970703
203.07601737976074,0.0,203.759,0.0,-30.570436477661133
203.10745239257812,0.0,203.618,0.0,-30.559247970581055
203.13903164863586,0.0,203.617,0.0,-30.542285919189453
203.1722161769867,0.0,203.552,0.0,-30.535926818847656
203.20523810386658,0.0,203.516,0.0,-30.528749465942383
203.2409017086029,0.0,203.41,0.0,-30.515071868896484
203.27448868751526,0.0,203.376,0.0,-30.508031845092773
203.30738854408264,0.0,203.345,0.0,-30.501604080200195
203.33894848823547,0.0,203.334,0.0,-30.491228103637695
203.37074637413025,0.0,203.249,0.0,-30.48586654663086
203.4030225276947,0.0,203.167,0.0,-30.48082733154297
203.44196271896362,0.0,203.066,0.0,-30.464672088623047
203.47276520729065,0.0,202.886,0.0,-30.454917907714844
203.52358222007751,0.0,202.828,0.0,-30.43421173095703
203.554940700531,0.0,202.782,0.0,-30.425636291503906
203.58891248703003,0.0,202.743,0.0,-30.410003662109375
203.61919975280762,0.0,202.652,0.0,-30.40081024169922
203.65149879455566,0.0,202.636,0.0,-30.39345932006836
203.68342232704163,0.0,202.533,0.0,-30.386274337768555
203.70981526374817,0.0,202.476,0.0,-30.378751754760742
203.74206018447876,0.0,202.319,0.0,-30.35877799987793
203.7751705646515,0.0,202.26,0.0,-30.347305297851562
203.806578874588,0.0,202.219,0.0,-30.33888053894043
203.84072923660278,0.0,202.151,0.0,-30.32417869567871
203.87075328826904,0.0,202.116,0.0,-30.317766189575195
203.90300273895264,0.0,202.067,0.0,-30.311777114868164
203.9355080127716,0.0,202.041,0.0,-30.305519104003906
203.96784925460815,0.0,201.871,0.0,-30.292264938354492
203.9929187297821,0.0,201.838,0.0,-30.283451080322266
204.0238652229309,0.0,201.745,0.0,-30.275663375854492
204.05587482452393,0.0,201.675,0.0,-30.26615333557129
204.0884509086609,0.0,201.633,0.0,-30.247303009033203
204.12055897712708,0.0,201.536,0.0,-30.236722946166992
204.14450073242188,0.0,201.506,0.0,-30.227718353271484
204.1751217842102,0.0,201.449,0.0,-30.21880531311035
204.20877051353455,0.0,201.351,0.0,-30.20941925048828
204.24184250831604,0.0,201.272,0.0,-30.19239044189453
204.27469420433044,0.0,201.234,0.0,-30.184253692626953
204.3049132823944,0.0,201.134,0.0,-30.176481246948242
204.33860611915588,0.0,201.069,0.0,-30.16031265258789
204.37061715126038,0.0,201.049,0.0,-30.15346908569336
204.40186858177185,0.0,201.008,0.0,-30.14862060546875
204.4338128566742,0.0,200.946,0.0,-30.14358139038086
204.4651129245758,0.0,200.796,0.0,-30.12981414794922
204.49626302719116,0.0,200.755,0.0,-30.12137794494629
204.52815675735474,0.0,200.696,0.0,-30.113542556762695
204.56001996994019,0.0,200.661,0.0,-30.105417251586914
204.5918321609497,0.0,200.537,0.0,-30.089914321899414
204.6242790222168,0.0,200.495,0.0,-30.081707000732422
204.65717601776123,0.0,200.423,0.0,-30.074012756347656
204.69047570228577,0.0,200.373,0.0,-30.05714988708496
204.7193284034729,0.0,200.304,0.0,-30.048250198364258
204.75901985168457,0.0,200.181,0.0,-30.03847312927246
204.79198551177979,0.0,200.121,0.0,-30.020458221435547
204.82211756706238,0.0,200.086,0.0,-30.01243782043457
204.85535335540771,0.0,199.988,0.0,-30.00495147705078
204.8764672279358,0.0,199.988,0.0,-29.997203826904297
204.9078550338745,0.0,199.929,0.0,-29.99034309387207
204.94896125793457,0.0,199.893,0.0,-29.978527069091797
204.9814305305481,0.0,199.793,0.0,-29.974485397338867
205.01232719421387,0.0,199.66,0.0,-29.967567443847656
205.0450301170349,0.0,199.607,0.0,-29.951351165771484
205.077241897583,0.0,199.555,0.0,-29.943056106567383
205.1090316772461,0.0,199.466,0.0,-29.934860229492188
205.14061498641968,0.0,199.404,0.0,-29.915517807006836
205.17266845703125,0.0,199.268,0.0,-29.905054092407227
205.20372867584229,0.0,199.238,0.0,-29.895078659057617
205.2361192703247,0.0,199.181,0.0,-29.886539459228516
205.2693259716034,0.0,199.106,0.0,-29.868650436401367
205.30537128448486,0.0,199.012,0.0,-29.86028289794922
205.34160804748535,0.0,198.954,0.0,-29.843435287475586
205.3691108226776,0.0,198.922,0.0,-29.835987091064453
205.40117383003235,0.0,198.861,0.0,-29.828109741210938
205.44172167778015,0.0,198.765,0.0,-29.812580108642578
205.47467184066772,0.0,198.725,0.0,-29.80561637878418
205.5060863494873,0.0,198.626,0.0,-29.7965087890625
205.5432481765747,0.0,198.494,0.0,-29.77747344970703
205.57661962509155,0.0,198.45,0.0,-29.77051544189453
205.60849976539612,0.0,198.4,0.0,-29.763729095458984
205.63415789604187,0.0,198.37,0.0,-29.756820678710938
205.665442943573,0.0,198.28,0.0,-29.745464324951172
205.70672392845154,0.0,198.205,0.0,-29.738929748535156
205.73911094665527,0.0,198.132,0.0,-29.722454071044922
205.7746913433075,0.0,197.965,0.0,-29.712202072143555
205.80705213546753,0.0,197.912,0.0,-29.701623916625977
205.84207892417908,0.0,197.845,0.0,-29.681550979614258
205.87061595916748,0.0,197.784,0.0,-29.6716251373291
205.90187335014343,0.0,197.747,0.0,-29.66381072998047
205.93458771705627,0.0,197.697,0.0,-29.657251358032227
205.96783185005188,0.0,197.659,0.0,-29.644168853759766
205.99938797950745,0.0,197.581,0.0,-29.636409759521484
206.03185319900513,0.0,197.492,0.0,-29.62718391418457
206.06157183647156,0.0,197.443,0.0,-29.62039566040039
206.09146213531494,0.0,197.421,0.0,-29.607704162597656
206.12267565727234,0.0,197.316,0.0,-29.599214553833008
206.1548719406128,0.0,197.232,0.0,-29.593067169189453
206.18805503845215,0.0,197.141,0.0,-29.5851993560791
206.21982312202454,0.0,197.02,0.0,-29.56470489501953
206.2515127658844,0.0,196.948,0.0,-29.555614471435547
206.29310727119446,0.0,196.902,0.0,-29.537059783935547
206.3245108127594,0.0,196.8,0.0,-29.529163360595703
206.35510993003845,0.0,196.775,0.0,-29.520645141601562
206.38581323623657,0.0,196.734,0.0,-29.51344871520996
206.41763401031494,0.0,196.697,0.0,-29.50018882751465
206.45086288452148,0.0,196.609,0.0,-29.4941463470459
206.48293542861938,0.0,196.563,0.0,-29.487712860107422
206.51865482330322,0.0,196.489,0.0,-29.47350311279297
206.54740619659424,0.0,196.425,0.0,-29.465255737304688
206.57931184768677,0.0,196.385,0.0,-29.457609176635742
206.61125779151917,0.0,196.338,0.0,-29.450889587402344
206.65807366371155,0.0,196.277,0.0,-29.43889808654785
206.6930763721466,0.0,196.162,0.0,-29.425350189208984
206.72209692001343,0.0,196.104,0.0,-29.4197940826416
206.75347208976746,0.0,196.042,0.0,-29.4134464263916
206.7892189025879,0.0,196.002,0.0,-29.40631675720215
206.8209364414215,0.0,195.862,0.0,-29.391084671020508
206.8524887561798,0.0,195.812,0.0,-29.382606506347656
206.88494229316711,0.0,195.746,0.0,-29.37433624267578
206.91027116775513,0.0,195.707,0.0,-29.365558624267578
206.94380497932434,0.0,195.661,0.0,-29.349782943725586
206.97256684303284,0.0,195.611,0.0,-29.34209632873535
207.00492453575134,0.0,195.555,0.0,-29.334957122802734
207.0415222644806,0.0,195.515,0.0,-29.323253631591797
207.08203220367432,0.0,195.438,0.0,-29.317625045776367
207.11412262916565,0.0,195.357,0.0,-29.311935424804688
207.14367580413818,0.0,195.325,0.0,-29.297807693481445
207.17618250846863,0.0,195.271,0.0,-29.290729522705078
207.2061426639557,0.0,195.244,0.0,-29.284500122070312
207.23837900161743,0.0,195.071,0.0,-29.275142669677734
207.26882100105286,0.0,194.981,0.0,-29.255413055419922
207.29892206192017,0.0,194.871,0.0,-29.247676849365234
207.3417251110077,0.0,194.776,0.0,-29.22903060913086
207.37376236915588,0.0,194.727,0.0,-29.21988868713379
207.40594267845154,0.0,194.655,0.0,-29.211177825927734
207.4380555152893,0.0,194.555,0.0,-29.201839447021484
207.46952509880066,0.0,194.515,0.0,-29.18109893798828
207.50260949134827,0.0,194.45,0.0,-29.171022415161133
207.5341281890869,0.0,194.425,0.0,-29.16393280029297
207.57551264762878,0.0,194.4,0.0,-29.152536392211914
207.60717129707336,0.0,194.321,0.0,-29.14747428894043
207.6366753578186,0.0,194.292,0.0,-29.142051696777344
207.66927433013916,0.0,194.236,0.0,-29.13123321533203
207.70144414901733,0.0,194.194,0.0,-29.125364303588867
207.72576904296875,0.0,194.061,0.0,-29.115629196166992
207.75913739204407,0.0,194.002,0.0,-29.10601806640625
207.7917263507843,0.0,193.939,0.0,-29.091888427734375
207.82015585899353,0.0,193.881,0.0,-29.086214065551758
207.8586506843567,0.0,193.836,0.0,-29.079784393310547
207.89472889900208,0.0,193.785,0.0,-29.066553115844727
207.9238862991333,0.0,193.646,0.0,-29.057762145996094
207.9552435874939,0.0,193.569,0.0,-29.049461364746094
207.98752570152283,0.0,193.52,0.0,-29.040199279785156
208.01940870285034,0.0,193.472,0.0,-29.022939682006836
208.05166149139404,0.0,193.365,0.0,-29.01358985900879
208.08362245559692,0.0,193.346,0.0,-29.005512237548828
208.11901378631592,0.0,193.321,0.0,-28.993120193481445
208.15751886367798,0.0,193.238,0.0,-28.987770080566406
208.18707537651062,0.0,193.171,0.0,-28.981849670410156
208.20383143424988,0.0,193.171,0.0,-28.974849700927734
208.24280190467834,0.0,193.054,0.0,-28.958757400512695
208.27364492416382,0.0,192.906,0.0,-28.947036743164062
208.30599403381348,0.0,192.876,0.0,-28.937114715576172
208.3443260192871,0.0,192.759,0.0,-28.919828414916992
208.37047791481018,0.0,192.714,0.0,-28.912424087524414
208.40749335289001,0.0,192.647,0.0,-28.90523338317871
208.43848705291748,0.0,192.603,0.0,-28.897279739379883
208.4748330116272,0.0,192.496,0.0,-28.88199234008789
208.5043125152588,0.0,192.449,0.0,-28.874223709106445
208.5368046760559,0.0,192.376,0.0,-28.86665916442871
208.56941294670105,0.0,192.334,0.0,-28.85024642944336
208.6007604598999,0.0,192.253,0.0,-28.84278106689453
208.64117574691772,0.0,192.209,0.0,-28.835786819458008
208.67332649230957,0.0,192.158,0.0,-28.821929931640625
208.70394158363342,0.0,192.116,0.0,-28.815149307250977
208.73570132255554,0.0,192.06,0.0,-28.809009552001953
208.77026844024658,0.0,192.016,0.0,-28.797990798950195
208.79964065551758,0.0,191.961,0.0,-28.791719436645508
208.8329427242279,0.0,191.809,0.0,-28.780872344970703
208.86384415626526,0.0,191.715,0.0,-28.771484375
208.89639616012573,0.0,191.673,0.0,-28.75518035888672
208.9254207611084,0.0,191.638,0.0,-28.748504638671875
208.95699214935303,0.0,191.527,0.0,-28.742277145385742
208.98904967308044,0.0,191.487,0.0,-28.733200073242188
209.0209345817566,0.0,191.367,0.0,-28.716331481933594
209.05269408226013,0.0,191.341,0.0,-28.707632064819336
209.08496570587158,0.0,191.269,0.0,-28.700225830078125
209.11697697639465,0.0,191.231,0.0,-28.69188690185547
209.1437406539917,0.0,191.152,0.0,-28.675453186035156
209.183002948761,0.0,191.071,0.0,-28.66704559326172
209.22489881515503,0.0,191.051,0.0,-28.653385162353516
209.25702738761902,0.0,191.028,0.0,-28.648967742919922
209.29206585884094,0.0,190.978,0.0,-28.645034790039062
209.32354736328125,0.0,190.908,0.0,-28.634056091308594
209.35470914840698,0.0,190.843,0.0,-28.62688446044922
209.3868613243103,0.0,190.654,0.0,-28.62032699584961
209.42185425758362,0.0,190.608,0.0,-28.598827362060547
209.45164823532104,0.0,190.529,0.0,-28.58797836303711
209.48413109779358,0.0,190.522,0.0,-28.579994201660156
209.5162649154663,0.0,190.448,0.0,-28.57394027709961
209.5483283996582,0.0,190.365,0.0,-28.560165405273438
209.58087182044983,0.0,190.28,0.0,-28.553232192993164
209.61220264434814,0.0,190.21,0.0,-28.544700622558594
209.6572265625,0.0,190.07,0.0,-28.525880813598633
209.69043588638306,0.0,190.034,0.0,-28.51595115661621
209.72021102905273,0.0,190.02,0.0,-28.50023651123047
209.7536370754242,0.0,189.955,0.0,-28.49382209777832
209.7869634628296,0.0,189.909,0.0,-28.488021850585938
209.8188018798828,0.0,189.869,0.0,-28.476104736328125
209.8515625,0.0,189.831,0.0,-28.470335006713867
209.89590692520142,0.0,189.781,0.0,-28.46059799194336
209.92451643943787,0.0,189.673,0.0,-28.45286750793457
209.95735478401184,0.0,189.612,0.0,-28.4447021484375
209.98882150650024,0.0,189.477,0.0,-28.43557357788086
210.02123045921326,0.0,189.436,0.0,-28.419729232788086
210.05323386192322,0.0,189.346,0.0,-28.413230895996094
210.08545923233032,0.0,189.279,0.0,-28.404813766479492
210.12310481071472,0.0,189.244,0.0,-28.387901306152344
210.17434930801392,0.0,189.162,0.0,-28.37306785583496
210.20562624931335,0.0,189.119,0.0,-28.368019104003906
210.2382574081421,0.0,189.072,0.0,-28.36270523071289
210.2744381427765,0.0,188.944,0.0,-28.350627899169922
210.30181074142456,0.0,188.863,0.0,-28.343048095703125
210.33435440063477,0.0,188.803,0.0,-28.33415985107422
210.36586928367615,0.0,188.737,0.0,-28.32514762878418
210.39785623550415,0.0,188.674,0.0,-28.306304931640625
210.42988634109497,0.0,188.655,0.0,-28.298572540283203
210.46206831932068,0.0,188.557,0.0,-28.291278839111328
210.4932734966278,0.0,188.516,0.0,-28.283649444580078
210.52551865577698,0.0,188.398,0.0,-28.266300201416016
210.55779552459717,0.0,188.371,0.0,-28.257740020751953
210.588472366333,0.0,188.308,0.0,-28.24888801574707
210.62192940711975,0.0,188.172,0.0,-28.234466552734375
210.65200543403625,0.0,188.135,0.0,-28.22643280029297
210.67652988433838,0.0,188.084,0.0,-28.219079971313477
210.7219114303589,0.0,188.023,0.0,-28.20429229736328
210.75793766975403,0.0,187.941,0.0,-28.198497772216797
210.7870647907257,0.0,187.906,0.0,-28.19097900390625
210.81616353988647,0.0,187.871,0.0,-28.184101104736328
210.8481903076172,0.0,187.787,0.0,-28.169649124145508
210.87937593460083,0.0,187.741,0.0,-28.162799835205078
210.91121339797974,0.0,187.705,0.0,-28.156978607177734
210.94307708740234,0.0,187.686,0.0,-28.15135955810547
210.97512555122375,0.0,187.633,0.0,-28.14107894897461
211.0079481601715,0.0,187.608,0.0,-28.13612937927246
211.03893184661865,0.0,187.495,0.0,-28.130821228027344
211.07137775421143,0.0,187.365,0.0,-28.113933563232422
211.10342526435852,0.0,187.323,0.0,-28.104612350463867
211.13483476638794,0.0,187.284,0.0,-28.096139907836914
211.1753203868866,0.0,187.19,0.0,-28.082674026489258
211.2096004486084,0.0,187.125,0.0,-28.076374053955078
211.2409689426422,0.0,187.096,0.0,-28.06915283203125
211.27226281166077,0.0,187.008,0.0,-28.05544662475586
211.3023223876953,0.0,186.96,0.0,-28.049182891845703
211.3283474445343,0.0,186.898,0.0,-28.04269790649414
211.37415623664856,0.0,186.862,0.0,-28.028709411621094
211.39916515350342,0.0,186.806,0.0,-28.021514892578125
211.4402735233307,0.0,186.745,0.0,-28.01619529724121
211.47255396842957,0.0,186.716,0.0,-28.004383087158203
211.5051600933075,0.0,186.617,0.0,-27.998876571655273
211.5370807647705,0.0,186.606,0.0,-27.992328643798828
211.5686752796173,0.0,186.554,0.0,-27.987157821655273
211.60093474388123,0.0,186.51,0.0,-27.97531509399414
211.62658309936523,0.0,186.468,0.0,-27.969247817993164
211.65925693511963,0.0,186.369,0.0,-27.960739135742188
211.6907525062561,0.0,186.303,0.0,-27.95173454284668
211.72360372543335,0.0,186.166,0.0,-27.9384822845459
211.7543933391571,0.0,186.128,0.0,-27.929841995239258
211.7853319644928,0.0,186.101,0.0,-27.921924591064453
211.81760931015015,0.0,186.051,0.0,-27.915037155151367
211.85042881965637,0.0,185.973,0.0,-27.90264129638672
211.89029002189636,0.0,185.91,0.0,-27.895854949951172
211.924391746521,0.0,185.845,0.0,-27.880138397216797
211.9541473388672,0.0,185.731,0.0,-27.87035369873047
211.98682236671448,0.0,185.699,0.0,-27.862199783325195
212.01752400398254,0.0,185.688,0.0,-27.854934692382812
212.0582411289215,0.0,185.652,0.0,-27.843706130981445
212.09168410301208,0.0,185.523,0.0,-27.837074279785156
212.13810539245605,0.0,185.437,0.0,-27.82147789001465
212.17330622673035,0.0,185.375,0.0,-27.807249069213867
212.2037341594696,0.0,185.345,0.0,-27.80059814453125
212.2365915775299,0.0,185.305,0.0,-27.794151306152344
212.26763105392456,0.0,185.2,0.0,-27.78765296936035
212.30073976516724,0.0,185.137,0.0,-27.777252197265625
212.3330273628235,0.0,185.05,0.0,-27.770523071289062
212.36506628990173,0.0,185.026,0.0,-27.762025833129883
212.39868998527527,0.0,184.996,0.0,-27.748334884643555
212.42994022369385,0.0,184.911,0.0,-27.74146842956543
212.4607264995575,0.0,184.832,0.0,-27.735179901123047
212.492671251297,0.0,184.771,0.0,-27.727365493774414
212.5249490737915,0.0,184.727,0.0,-27.71127700805664
212.5569407939911,0.0,184.63,0.0,-27.703439712524414
212.5884449481964,0.0,184.582,0.0,-27.695823669433594
212.62398099899292,0.0,184.556,0.0,-27.68177032470703
212.65367937088013,0.0,184.512,0.0,-27.67525291442871
212.67749309539795,0.0,184.471,0.0,-27.66887092590332
212.70940232276917,0.0,184.412,0.0,-27.661832809448242
212.7385172843933,0.0,184.337,0.0,-27.6547908782959
212.77394032478333,0.0,184.295,0.0,-27.642322540283203
212.80509424209595,0.0,184.256,0.0,-27.636245727539062
212.82976627349854,0.0,184.215,0.0,-27.630191802978516
212.88032984733582,0.0,184.1,0.0,-27.617090225219727
212.91138339042664,0.0,184.06,0.0,-27.611631393432617
212.94297075271606,0.0,183.995,0.0,-27.606090545654297
212.97488474845886,0.0,183.929,0.0,-27.592988967895508
213.00677275657654,0.0,183.866,0.0,-27.587228775024414
213.03823947906494,0.0,183.844,0.0,-27.58047866821289
213.07592821121216,0.0,183.823,0.0,-27.569664001464844
213.1032211780548,0.0,183.726,0.0,-27.564027786254883
213.13460206985474,0.0,183.668,0.0,-27.558034896850586
213.17665004730225,0.0,183.587,0.0,-27.543033599853516
213.2091040611267,0.0,183.478,0.0,-27.535003662109375
213.23993849754333,0.0,183.432,0.0,-27.526538848876953
213.27559304237366,0.0,183.4,0.0,-27.51114845275879
213.302983045578,0.0,183.341,0.0,-27.50341796875
213.334725856781,0.0,183.296,0.0,-27.49591827392578
213.37527322769165,0.0,183.193,0.0,-27.479286193847656
213.406804561615,0.0,183.176,0.0,-27.47334098815918
213.43887948989868,0.0,183.159,0.0,-27.46912384033203
213.46998858451843,0.0,183.114,0.0,-27.465517044067383
213.5084400177002,0.0,182.992,0.0,-27.454845428466797
213.54044771194458,0.0,182.917,0.0,-27.44851303100586
213.5794780254364,0.0,182.84,0.0,-27.433143615722656
213.61882638931274,0.0,182.84,0.0,-27.426387786865234
213.65108513832092,0.0,182.79,0.0,-27.415998458862305
213.69055342674255,0.0,182.74,0.0,-27.41207504272461
213.72658157348633,0.0,182.696,0.0,-27.402055740356445
213.75502705574036,0.0,182.595,0.0,-27.395862579345703
213.78925395011902,0.0,182.519,0.0,-27.389633178710938
213.82376885414124,0.0,182.457,0.0,-27.373733520507812
213.85364151000977,0.0,182.407,0.0,-27.365612030029297
213.8850450515747,0.0,182.278,0.0,-27.356525421142578
213.9162619113922,0.0,182.201,0.0,-27.34758186340332
213.95105695724487,0.0,182.155,0.0,-27.328655242919922
213.98158884048462,0.0,182.104,0.0,-27.319828033447266
214.0124921798706,0.0,182.08,0.0,-27.312381744384766
214.04226398468018,0.0,181.978,0.0,-27.305374145507812
214.07435584068298,0.0,181.916,0.0,-27.289548873901367
214.1072015762329,0.0,181.893,0.0,-27.282672882080078
214.13812828063965,0.0,181.813,0.0,-27.277748107910156
214.17149448394775,0.0,181.822,0.0,-27.270967483520508
214.20360255241394,0.0,181.753,0.0,-27.261667251586914
214.22745633125305,0.0,181.731,0.0,-27.25713348388672
214.25674629211426,0.0,181.674,0.0,-27.253063201904297
214.2845504283905,0.0,181.663,0.0,-27.24786949157715
214.31791424751282,0.0,181.575,0.0,-27.24373435974121
214.35036301612854,0.0,181.529,0.0,-27.23050308227539
214.3809051513672,0.0,181.398,0.0,-27.222736358642578
214.4132697582245,0.0,181.351,0.0,-27.21450424194336
214.4454469680786,0.0,181.294,0.0,-27.20650863647461
214.47690320014954,0.0,181.261,0.0,-27.190887451171875
214.508647441864,0.0,181.177,0.0,-27.182003021240234
214.54098677635193,0.0,181.1,0.0,-27.17390251159668
214.57206988334656,0.0,181.036,0.0,-27.166370391845703
214.60478138923645,0.0,181.026,0.0,-27.15189552307129
214.63669753074646,0.0,180.996,0.0,-27.146114349365234
214.66807508468628,0.0,180.903,0.0,-27.139286041259766
214.692462682724,0.0,180.903,0.0,-27.133201599121094
214.72543692588806,0.0,180.796,0.0,-27.12178611755371
214.75634574890137,0.0,180.749,0.0,-27.116275787353516
214.7908809185028,0.0,180.7,0.0,-27.110397338867188
214.82184386253357,0.0,180.669,0.0,-27.104145050048828
214.85427069664001,0.0,180.557,0.0,-27.091920852661133
214.88649368286133,0.0,180.475,0.0,-27.084896087646484
214.92609214782715,0.0,180.423,0.0,-27.06794548034668
214.95698952674866,0.0,180.381,0.0,-27.060989379882812
214.98989033699036,0.0,180.371,0.0,-27.055009841918945
215.02120065689087,0.0,180.315,0.0,-27.05032730102539
215.05360627174377,0.0,180.254,0.0,-27.038156509399414
215.08623695373535,0.0,180.118,0.0,-27.030412673950195
215.1178503036499,0.0,180.099,0.0,-27.02208709716797
215.15883016586304,0.0,180.057,0.0,-27.008481979370117
215.19139885902405,0.0,179.964,0.0,-27.00275993347168
215.22222542762756,0.0,179.867,0.0,-26.995670318603516
215.25422883033752,0.0,179.84,0.0,-26.97858428955078
215.2835693359375,0.0,179.819,0.0,-26.972854614257812
215.31536293029785,0.0,179.803,0.0,-26.967910766601562
215.35235619544983,0.0,179.754,0.0,-26.959674835205078
215.37876057624817,0.0,179.706,0.0,-26.9560489654541
215.41186666488647,0.0,179.586,0.0,-26.95156478881836
215.4409465789795,0.0,179.51,0.0,-26.943384170532227
215.4728651046753,0.0,179.433,0.0,-26.934192657470703
215.50534510612488,0.0,179.367,0.0,-26.914531707763672
215.53747296333313,0.0,179.31,0.0,-26.90692138671875
215.56880903244019,0.0,179.269,0.0,-26.89901351928711
215.6020975112915,0.0,179.226,0.0,-26.884340286254883
215.6314995288849,0.0,179.16,0.0,-26.876373291015625
215.65792679786682,0.0,179.118,0.0,-26.868824005126953
215.69209933280945,0.0,178.968,0.0,-26.859209060668945
215.74233627319336,0.0,178.881,0.0,-26.84149932861328
215.7668538093567,0.0,178.802,0.0,-26.83346176147461
215.8081567287445,0.0,178.761,0.0,-26.815956115722656
215.83994913101196,0.0,178.714,0.0,-26.80791473388672
215.87730622291565,0.0,178.651,0.0,-26.796939849853516
215.90317964553833,0.0,178.604,0.0,-26.791786193847656
215.93580174446106,0.0,178.614,0.0,-26.78622055053711
215.9692997932434,0.0,178.566,0.0,-26.7827205657959
216.00457286834717,0.0,178.549,0.0,-26.774658203125
216.03248286247253,0.0,178.462,0.0,-26.771509170532227
216.06521844863892,0.0,178.421,0.0,-26.766389846801758
216.09632873535156,0.0,178.368,0.0,-26.76103973388672
216.126620054245,0.0,178.327,0.0,-26.748943328857422
216.15670204162598,0.0,178.285,0.0,-26.742815017700195
216.18820929527283,0.0,178.172,0.0,-26.736555099487305
216.22128295898438,0.0,178.093,0.0,-26.729141235351562
216.25234174728394,0.0,178.021,0.0,-26.710988998413086
216.28876376152039,0.0,177.966,0.0,-26.702529907226562
216.3204004764557,0.0,177.934,0.0,-26.695545196533203
216.35839819908142,0.0,177.938,0.0,-26.684749603271484
216.39011764526367,0.0,177.897,0.0,-26.679969787597656
216.41686844825745,0.0,177.809,0.0,-26.672927856445312
216.4487898349762,0.0,177.691,0.0,-26.66782569885254
216.48164319992065,0.0,177.614,0.0,-26.64975929260254
216.51377272605896,0.0,177.572,0.0,-26.642759323120117
216.5457100868225,0.0,177.522,0.0,-26.635942459106445
216.57702469825745,0.0,177.426,0.0,-26.620933532714844
216.60909724235535,0.0,177.375,0.0,-26.61402130126953
216.64126467704773,0.0,177.358,0.0,-26.60689926147461
216.67376136779785,0.0,177.323,0.0,-26.601045608520508
216.7050838470459,0.0,177.272,0.0,-26.589277267456055
216.73695063591003,0.0,177.128,0.0,-26.58245277404785
216.76947379112244,0.0,177.086,0.0,-26.57392120361328
216.80225658416748,0.0,177.015,0.0,-26.557119369506836
216.83526921272278,0.0,176.973,0.0,-26.548919677734375
216.87476253509521,0.0,176.85,0.0,-26.541444778442383
216.90784978866577,0.0,176.76,0.0,-26.521997451782227
216.94119429588318,0.0,176.713,0.0,-26.512378692626953
216.9701795578003,0.0,176.601,0.0,-26.502910614013672
217.0081353187561,0.0,176.573,0.0,-26.485876083374023
217.0416100025177,0.0,176.509,0.0,-26.480222702026367
217.07401299476624,0.0,176.497,0.0,-26.47357940673828
217.10824298858643,0.0,176.429,0.0,-26.463695526123047
217.13277626037598,0.0,176.402,0.0,-26.45864486694336
217.16678953170776,0.0,176.349,0.0,-26.453989028930664
217.20809364318848,0.0,176.23,0.0,-26.442419052124023
217.24037742614746,0.0,176.168,0.0,-26.435321807861328
217.2743730545044,0.0,176.106,0.0,-26.427593231201172
217.30686259269714,0.0,176.068,0.0,-26.41179656982422
217.33809900283813,0.0,176.005,0.0,-26.404333114624023
217.37168097496033,0.0,175.989,0.0,-26.39826202392578
217.40369749069214,0.0,175.936,0.0,-26.38755226135254
217.43420505523682,0.0,175.898,0.0,-26.38189697265625
217.46650338172913,0.0,175.843,0.0,-26.375572204589844
217.49907541275024,0.0,175.614,0.0,-26.366710662841797
217.53188228607178,0.0,175.563,0.0,-26.344038009643555
217.56353425979614,0.0,175.544,0.0,-26.33521270751953
217.6085147857666,0.0,175.431,0.0,-26.31752586364746
217.64099740982056,0.0,175.371,0.0,-26.31117820739746
217.67217755317688,0.0,175.313,0.0,-26.304157257080078
217.7049651145935,0.0,175.269,0.0,-26.29015350341797
217.7372236251831,0.0,175.208,0.0,-26.284822463989258
217.77486610412598,0.0,175.181,0.0,-26.278533935546875
217.80557799339294,0.0,175.139,0.0,-26.267208099365234
217.8409411907196,0.0,175.032,0.0,-26.25913429260254
217.87353253364563,0.0,174.947,0.0,-26.252803802490234
217.90563559532166,0.0,174.887,0.0,-26.2363224029541
217.93850779533386,0.0,174.843,0.0,-26.228364944458008
217.96918511390686,0.0,174.748,0.0,-26.220287322998047
218.00094413757324,0.0,174.693,0.0,-26.212751388549805
218.0335292816162,0.0,174.646,0.0,-26.197429656982422
218.0650737285614,0.0,174.571,0.0,-26.188817977905273
218.09725213050842,0.0,174.413,0.0,-26.180328369140625
218.14003443717957,0.0,174.395,0.0,-26.161230087280273
218.1741669178009,0.0,174.305,0.0,-26.152406692504883
218.20479464530945,0.0,174.266,0.0,-26.140335083007812
218.23617553710938,0.0,174.184,0.0,-26.134723663330078
218.26712679862976,0.0,174.185,0.0,-26.127344131469727
218.3053126335144,0.0,174.137,0.0,-26.116384506225586
218.34161138534546,0.0,174.109,0.0,-26.111234664916992
218.37446641921997,0.0,174.054,0.0,-26.107589721679688
218.4051868915558,0.0,174.025,0.0,-26.098291397094727
218.43601202964783,0.0,173.939,0.0,-26.09345245361328
218.46863412857056,0.0,173.893,0.0,-26.088123321533203
218.50687742233276,0.0,173.816,0.0,-26.075092315673828
218.5412633419037,0.0,173.754,0.0,-26.067169189453125
218.573712348938,0.0,173.702,0.0,-26.0609188079834
218.60372281074524,0.0,173.653,0.0,-26.048192977905273
218.63501381874084,0.0,173.55,0.0,-26.039169311523438
218.6676754951477,0.0,173.489,0.0,-26.029977798461914
218.7080521583557,0.0,173.404,0.0,-26.01628875732422
218.7411024570465,0.0,173.343,0.0,-26.009801864624023
218.7668652534485,0.0,173.301,0.0,-26.002586364746094
218.79912519454956,0.0,173.253,0.0,-25.995603561401367
218.83193969726562,0.0,173.143,0.0,-25.981531143188477
218.864844083786,0.0,173.134,0.0,-25.973777770996094
218.8954565525055,0.0,173.087,0.0,-25.967771530151367
218.9278428554535,0.0,173.07,0.0,-25.956336975097656
218.9591703414917,0.0,173.037,0.0,-25.95130157470703
218.9928002357483,0.0,172.969,0.0,-25.9460391998291
219.02376246452332,0.0,172.892,0.0,-25.941184997558594
219.05513978004456,0.0,172.867,0.0,-25.928691864013672
219.08700823783875,0.0,172.774,0.0,-25.92060089111328
219.1199107170105,0.0,172.669,0.0,-25.911998748779297
219.15197730064392,0.0,172.598,0.0,-25.903972625732422
219.1827847957611,0.0,172.554,0.0,-25.886825561523438
219.2102813720703,0.0,172.499,0.0,-25.878456115722656
219.24089121818542,0.0,172.433,0.0,-25.872356414794922
219.27103352546692,0.0,172.412,0.0,-25.86524200439453
219.3120083808899,0.0,172.283,0.0,-25.85281753540039
219.35245871543884,0.0,172.231,0.0,-25.84494972229004
219.38569474220276,0.0,172.113,0.0,-25.828041076660156
219.41667413711548,0.0,172.109,0.0,-25.81977081298828
219.44866299629211,0.0,172.041,0.0,-25.81359100341797
219.4808530807495,0.0,172.019,0.0,-25.800193786621094
219.5088129043579,0.0,171.961,0.0,-25.793386459350586
219.54062008857727,0.0,171.923,0.0,-25.78761863708496
219.57224774360657,0.0,171.894,0.0,-25.782817840576172
219.6050193309784,0.0,171.87,0.0,-25.77408218383789
219.63639545440674,0.0,171.801,0.0,-25.768308639526367
219.67458963394165,0.0,171.7,0.0,-25.762128829956055
219.70797491073608,0.0,171.623,0.0,-25.747501373291016
219.73822784423828,0.0,171.593,0.0,-25.740394592285156
219.78798866271973,0.0,171.496,0.0,-25.7296085357666
219.82117819786072,0.0,171.456,0.0,-25.723529815673828
219.85306406021118,0.0,171.369,0.0,-25.710725784301758
219.88567352294922,0.0,171.362,0.0,-25.70461654663086
219.91730403900146,0.0,171.344,0.0,-25.699939727783203
219.95814609527588,0.0,171.302,0.0,-25.691347122192383
219.98996257781982,0.0,171.201,0.0,-25.686298370361328
220.0243501663208,0.0,171.135,0.0,-25.68031883239746
220.05747246742249,0.0,171.115,0.0,-25.667240142822266
220.089129447937,0.0,170.955,0.0,-25.659814834594727
220.12084078788757,0.0,170.931,0.0,-25.650785446166992
220.15670490264893,0.0,170.874,0.0,-25.63514518737793
220.18580293655396,0.0,170.866,0.0,-25.628982543945312
220.22498226165771,0.0,170.802,0.0,-25.624103546142578
220.25859546661377,0.0,170.706,0.0,-25.61037826538086
220.28862524032593,0.0,170.677,0.0,-25.60326385498047
220.32057976722717,0.0,170.619,0.0,-25.595670700073242
220.35193371772766,0.0,170.524,0.0,-25.59014892578125
220.3835530281067,0.0,170.46,0.0,-25.577959060668945
220.41484904289246,0.0,170.404,0.0,-25.570812225341797
220.44600367546082,0.0,170.331,0.0,-25.563278198242188
220.4796061515808,0.0,170.267,0.0,-25.545795440673828
220.50848627090454,0.0,170.193,0.0,-25.536724090576172
220.53920602798462,0.0,170.181,0.0,-25.529491424560547
220.57097029685974,0.0,170.135,0.0,-25.52376937866211
220.60713982582092,0.0,170.111,0.0,-25.51251983642578
220.63557124137878,0.0,170.056,0.0,-25.506502151489258
220.66766214370728,0.0,169.932,0.0,-25.49951934814453
220.69350743293762,0.0,169.894,0.0,-25.49195671081543
220.7252881526947,0.0,169.824,0.0,-25.484872817993164
220.77037262916565,0.0,169.78,0.0,-25.469106674194336
220.79969120025635,0.0,169.708,0.0,-25.460111618041992
220.8314995765686,0.0,169.68,0.0,-25.44831085205078
220.86585545539856,0.0,169.673,0.0,-25.444061279296875
220.89694380760193,0.0,169.633,0.0,-25.441139221191406
220.9293315410614,0.0,169.524,0.0,-25.437549591064453
220.96088647842407,0.0,169.472,0.0,-25.427040100097656
220.99259901046753,0.0,169.418,0.0,-25.420886993408203
221.02446913719177,0.0,169.406,0.0,-25.414186477661133
221.05741810798645,0.0,169.357,0.0,-25.4029541015625
221.0865502357483,0.0,169.289,0.0,-25.396595001220703
221.1180911064148,0.0,169.21,0.0,-25.39128875732422
221.15003037452698,0.0,169.159,0.0,-25.384193420410156
221.19103026390076,0.0,169.148,0.0,-25.37110710144043
221.2223470211029,0.0,169.041,0.0,-25.364572525024414
221.25747919082642,0.0,169.009,0.0,-25.35146141052246
221.28817486763,0.0,168.945,0.0,-25.3442440032959
221.31988883018494,0.0,168.917,0.0,-25.33782196044922
221.35265064239502,0.0,168.813,0.0,-25.330631256103516
221.38476967811584,0.0,168.783,0.0,-25.318511962890625
221.40867948532104,0.0,168.755,0.0,-25.313655853271484
221.44115352630615,0.0,168.679,0.0,-25.309057235717773
221.4738199710846,0.0,168.643,0.0,-25.30263900756836
221.5142378807068,0.0,168.567,0.0,-25.289920806884766
221.54626488685608,0.0,168.534,0.0,-25.28411865234375
221.5782699584961,0.0,168.538,0.0,-25.278573989868164
221.6093044281006,0.0,168.48,0.0,-25.269733428955078
221.65663409233093,0.0,168.421,0.0,-25.2601318359375
221.68743634223938,0.0,168.328,0.0,-25.25497055053711
221.72017288208008,0.0,168.271,0.0,-25.249267578125
221.7524847984314,0.0,168.191,0.0,-25.242767333984375
221.79097700119019,0.0,168.102,0.0,-25.225006103515625
221.821692943573,0.0,168.003,0.0,-25.216249465942383
221.85437417030334,0.0,167.976,0.0,-25.20724868774414
221.8863868713379,0.0,167.947,0.0,-25.192638397216797
221.9187879562378,0.0,167.902,0.0,-25.18579864501953
221.95037007331848,0.0,167.821,0.0,-25.178470611572266
221.9741816520691,0.0,167.779,0.0,-25.172151565551758
222.0074384212494,0.0,167.741,0.0,-25.15974998474121
222.03865790367126,0.0,167.715,0.0,-25.15428924560547
222.0710527896881,0.0,167.674,0.0,-25.15041732788086
222.1032269001007,0.0,167.643,0.0,-25.14604377746582
222.12923574447632,0.0,167.576,0.0,-25.141693115234375
222.15976786613464,0.0,167.496,0.0,-25.129880905151367
222.19227290153503,0.0,167.469,0.0,-25.123994827270508
222.2240025997162,0.0,167.461,0.0,-25.11863136291504
222.25716257095337,0.0,167.428,0.0,-25.110179901123047
222.28940272331238,0.0,167.333,0.0,-25.10565948486328
222.32147932052612,0.0,167.305,0.0,-25.099990844726562
222.35329675674438,0.0,167.234,0.0,-25.0947322845459
222.38524794578552,0.0,167.198,0.0,-25.081558227539062
222.41815781593323,0.0,167.154,0.0,-25.075044631958008
222.4500663280487,0.0,167.094,0.0,-25.068218231201172
222.481862783432,0.0,167.02,0.0,-25.062829971313477
222.5137710571289,0.0,166.909,0.0,-25.046138763427734
222.54560828208923,0.0,166.849,0.0,-25.036418914794922
222.57718181610107,0.0,166.813,0.0,-25.028398513793945
222.61032700538635,0.0,166.78,0.0,-25.017690658569336
222.64035749435425,0.0,166.711,0.0,-25.012897491455078
222.67267751693726,0.0,166.657,0.0,-25.00663185119629
222.70366311073303,0.0,166.593,0.0,-24.999853134155273
222.73655557632446,0.0,166.548,0.0,-24.985633850097656
222.76987886428833,0.0,166.506,0.0,-24.98005485534668
222.8021376132965,0.0,166.49,0.0,-24.97431755065918
222.8422269821167,0.0,166.397,0.0,-24.96324920654297
222.8744285106659,0.0,166.372,0.0,-24.957744598388672
222.89838242530823,0.0,166.355,0.0,-24.952768325805664
222.93784499168396,0.0,166.344,0.0,-24.945114135742188
222.96989369392395,0.0,166.314,0.0,-24.942363739013672
223.0015823841095,0.0,166.252,0.0,-24.939699172973633
223.0341386795044,0.0,166.224,0.0,-24.931047439575195
223.06614065170288,0.0,166.149,0.0,-24.924869537353516
223.09905171394348,0.0,166.002,0.0,-24.91856575012207
223.12712788581848,0.0,165.975,0.0,-24.90960693359375
223.15597558021545,0.0,165.932,0.0,-24.901838302612305
223.18889617919922,0.0,165.901,0.0,-24.887523651123047
223.22099542617798,0.0,165.889,0.0,-24.882076263427734
223.25292539596558,0.0,165.866,0.0,-24.878177642822266
223.2910454273224,0.0,165.773,0.0,-24.869245529174805
223.31770420074463,0.0,165.706,0.0,-24.864299774169922
223.34971475601196,0.0,165.663,0.0,-24.857955932617188
223.38143587112427,0.0,165.626,0.0,-24.851543426513672
223.41324758529663,0.0,165.55,0.0,-24.838855743408203
223.44488668441772,0.0,165.503,0.0,-24.832935333251953
223.47730088233948,0.0,165.479,0.0,-24.826690673828125
223.51050758361816,0.0,165.418,0.0,-24.814632415771484
223.54110503196716,0.0,165.364,0.0,-24.80762481689453
223.57172060012817,0.0,165.281,0.0,-24.800586700439453
223.603187084198,0.0,165.274,0.0,-24.793909072875977
223.63412165641785,0.0,165.255,0.0,-24.784320831298828
223.6905460357666,0.0,165.232,0.0,-24.778024673461914
223.72207832336426,0.0,165.205,0.0,-24.77483367919922
223.7542006969452,0.0,165.127,0.0,-24.770891189575195
223.79477977752686,0.0,165.059,0.0,-24.763580322265625
223.81942677497864,0.0,165.015,0.0,-24.758651733398438
223.85149669647217,0.0,164.952,0.0,-24.753257751464844
223.884295463562,0.0,164.894,0.0,-24.740657806396484
223.9151256084442,0.0,164.865,0.0,-24.735076904296875
223.94748044013977,0.0,164.848,0.0,-24.729820251464844
223.9801676273346,0.0,164.774,0.0,-24.725322723388672
224.01142764091492,0.0,164.722,0.0,-24.71222686767578
224.0430018901825,0.0,164.6,0.0,-24.70415496826172
224.0743851661682,0.0,164.583,0.0,-24.696189880371094
224.10536861419678,0.0,164.533,0.0,-24.689617156982422
224.13726568222046,0.0,164.494,0.0,-24.676097869873047
224.1693503856659,0.0,164.445,0.0,-24.66921615600586
224.2020218372345,0.0,164.358,0.0,-24.66160774230957
224.24142932891846,0.0,164.329,0.0,-24.64899444580078
224.2749538421631,0.0,164.238,0.0,-24.640857696533203
224.3066372871399,0.0,164.163,0.0,-24.63489532470703
224.3403775691986,0.0,164.149,0.0,-24.6220645904541
224.36772871017456,0.0,164.122,0.0,-24.617631912231445
224.39740443229675,0.0,164.078,0.0,-24.613399505615234
224.4301302433014,0.0,164.036,0.0,-24.60860252380371
224.4613072872162,0.0,163.97,0.0,-24.59813690185547
224.49271202087402,0.0,163.917,0.0,-24.59320831298828
224.52500176429749,0.0,163.895,0.0,-24.587478637695312
224.55704307556152,0.0,163.851,0.0,-24.58243179321289
224.58946299552917,0.0,163.813,0.0,-24.571483612060547
224.62098026275635,0.0,163.755,0.0,-24.566818237304688
224.65258502960205,0.0,163.702,0.0,-24.56178855895996
224.69479393959045,0.0,163.66,0.0,-24.550004959106445
224.72473978996277,0.0,163.55,0.0,-24.543548583984375
224.75710105895996,0.0,163.517,0.0,-24.536378860473633
224.79069018363953,0.0,163.451,0.0,-24.522167205810547
224.82074427604675,0.0,163.395,0.0,-24.514265060424805
224.85280060768127,0.0,163.288,0.0,-24.505367279052734
224.88632535934448,0.0,163.247,0.0,-24.489910125732422
224.91713738441467,0.0,163.203,0.0,-24.482589721679688
224.9414758682251,0.0,163.174,0.0,-24.477277755737305
224.98204493522644,0.0,163.146,0.0,-24.47229766845703
225.01135802268982,0.0,163.08,0.0,-24.462940216064453
225.04125094413757,0.0,163.063,0.0,-24.458271026611328
225.076580286026,0.0,163.033,0.0,-24.454269409179688
225.11290001869202,0.0,162.969,0.0,-24.446578979492188
225.14804124832153,0.0,162.944,0.0,-24.442209243774414
225.17588067054749,0.0,162.93,0.0,-24.43807601928711
225.2188527584076,0.0,162.895,0.0,-24.431241989135742
225.23478174209595,0.0,162.895,0.0,-24.428390502929688
225.27295994758606,0.0,162.797,0.0,-24.424522399902344
225.30528688430786,0.0,162.745,0.0,-24.41960906982422
225.34027695655823,0.0,162.688,0.0,-24.407333374023438
225.36544632911682,0.0,162.641,0.0,-24.400558471679688
225.39206385612488,0.0,162.605,0.0,-24.394079208374023
225.44042801856995,0.0,162.536,0.0,-24.38222885131836
225.47095680236816,0.0,162.474,0.0,-24.3752498626709
225.5096297264099,0.0,162.453,0.0,-24.365211486816406
225.54022407531738,0.0,162.468,0.0,-24.36208152770996
225.57171177864075,0.0,162.427,0.0,-24.36057472229004
225.60278987884521,0.0,162.36,0.0,-24.357961654663086
225.6411292552948,0.0,162.257,0.0,-24.3486385345459
225.67476439476013,0.0,162.264,0.0,-24.342365264892578
225.70583534240723,0.0,162.243,0.0,-24.33806610107422
225.74806332588196,0.0,162.175,0.0,-24.329559326171875
225.77250719070435,0.0,162.112,0.0,-24.325197219848633
225.79944777488708,0.0,162.064,0.0,-24.31943130493164
225.84094643592834,0.0,161.993,0.0,-24.305681228637695
225.86862874031067,0.0,161.904,0.0,-24.298696517944336
225.89983081817627,0.0,161.894,0.0,-24.291259765625
225.93260145187378,0.0,161.882,0.0,-24.28537368774414
225.9655258655548,0.0,161.838,0.0,-24.275358200073242
225.99350905418396,0.0,161.811,0.0,-24.27045440673828
226.02123737335205,0.0,161.773,0.0,-24.265352249145508
226.06244158744812,0.0,161.69,0.0,-24.25503921508789
226.08718514442444,0.0,161.659,0.0,-24.24949073791504
226.11880207061768,0.0,161.604,0.0,-24.243173599243164
226.15767097473145,0.0,161.437,0.0,-24.235088348388672
226.18954634666443,0.0,161.403,0.0,-24.21714210510254
226.2277626991272,0.0,161.36,0.0,-24.2091121673584
226.25810527801514,0.0,161.364,0.0,-24.203227996826172
226.29084730148315,0.0,161.33,0.0,-24.19610595703125
226.323002576828,0.0,161.318,0.0,-24.192880630493164
226.35458660125732,0.0,161.262,0.0,-24.190187454223633
226.38782954216003,0.0,161.171,0.0,-24.180988311767578
226.42415571212769,0.0,161.133,0.0,-24.17568016052246
226.45650792121887,0.0,161.06,0.0,-24.17026138305664
226.49166655540466,0.0,160.967,0.0,-24.156335830688477
226.52118396759033,0.0,160.919,0.0,-24.149192810058594
226.55263209342957,0.0,160.906,0.0,-24.141952514648438
226.58150815963745,0.0,160.861,0.0,-24.136110305786133
226.6216185092926,0.0,160.798,0.0,-24.12497329711914
226.6403136253357,0.0,160.798,0.0,-24.119367599487305
226.68118453025818,0.0,160.737,0.0,-24.114330291748047
226.71374320983887,0.0,160.714,0.0,-24.104541778564453
226.74359965324402,0.0,160.677,0.0,-24.09969711303711
226.7747027873993,0.0,160.67,0.0,-24.095951080322266
226.80709314346313,0.0,160.628,0.0,-24.092548370361328
226.8394181728363,0.0,160.584,0.0,-24.085098266601562
226.87146306037903,0.0,160.549,0.0,-24.08070182800293
226.90350985527039,0.0,160.49,0.0,-24.07756996154785
226.93846154212952,0.0,160.418,0.0,-24.06817626953125
226.98994183540344,0.0,160.316,0.0,-24.057022094726562
227.022155046463,0.0,160.268,0.0,-24.050771713256836
227.05406665802002,0.0,160.242,0.0,-24.044187545776367
227.08671021461487,0.0,160.269,0.0,-24.035112380981445
227.1575334072113,0.0,160.175,0.0,-24.029096603393555
227.1898708343506,0.0,160.076,0.0,-24.017688751220703
227.22343254089355,0.0,160.007,0.0,-24.01071548461914
227.25668859481812,0.0,159.998,0.0,-24.004369735717773
227.29085612297058,0.0,159.979,0.0,-23.994958877563477
227.32480788230896,0.0,159.926,0.0,-23.98960304260254
227.35625338554382,0.0,159.804,0.0,-23.984346389770508
227.3896553516388,0.0,159.788,0.0,-23.970600128173828
227.4202527999878,0.0,159.691,0.0,-23.96200180053711
227.452210187912,0.0,159.656,0.0,-23.954174041748047
227.4845473766327,0.0,159.616,0.0,-23.94766616821289
227.51588416099548,0.0,159.619,0.0,-23.938671112060547
227.54788756370544,0.0,159.609,0.0,-23.93579864501953
227.58009266853333,0.0,159.558,0.0,-23.93345069885254
227.61404538154602,0.0,159.48,0.0,-23.926368713378906
227.64364385604858,0.0,159.442,0.0,-23.921567916870117
227.67613220214844,0.0,159.392,0.0,-23.916522979736328
227.7070927619934,0.0,159.371,0.0,-23.91078758239746
227.73915672302246,0.0,159.319,0.0,-23.899911880493164
227.77079057693481,0.0,159.262,0.0,-23.89471435546875
227.8020634651184,0.0,159.19,0.0,-23.889537811279297
227.83406496047974,0.0,159.146,0.0,-23.882783889770508
227.87459087371826,0.0,159.028,0.0,-23.86798858642578
227.9065592288971,0.0,159.019,0.0,-23.860158920288086
227.94086527824402,0.0,159.005,0.0,-23.848995208740234
227.97333931922913,0.0,158.999,0.0,-23.84515953063965
228.00229048728943,0.0,158.952,0.0,-23.842195510864258
228.03809905052185,0.0,158.942,0.0,-23.835533142089844
228.0696120262146,0.0,158.903,0.0,-23.83186149597168
228.10199427604675,0.0,158.817,0.0,-23.8256778717041
228.13846921920776,0.0,158.765,0.0,-23.814559936523438
228.1658275127411,0.0,158.753,0.0,-23.810928344726562
228.19770455360413,0.0,158.678,0.0,-23.807884216308594
228.2293393611908,0.0,158.661,0.0,-23.80264663696289
228.25989055633545,0.0,158.576,0.0,-23.798141479492188
228.29361701011658,0.0,158.539,0.0,-23.785476684570312
228.32560420036316,0.0,158.515,0.0,-23.780532836914062
228.35756707191467,0.0,158.497,0.0,-23.775972366333008
228.37973260879517,0.0,158.479,0.0,-23.771957397460938
228.41310453414917,0.0,158.433,0.0,-23.763914108276367
228.44492435455322,0.0,158.393,0.0,-23.759723663330078
228.47028231620789,0.0,158.338,0.0,-23.756067276000977
228.50749731063843,0.0,158.306,0.0,-23.751182556152344
228.5401406288147,0.0,158.239,0.0,-23.73998260498047
228.57365775108337,0.0,158.201,0.0,-23.733749389648438
228.60535335540771,0.0,158.113,0.0,-23.727928161621094
228.64085865020752,0.0,158.111,0.0,-23.71628189086914
228.6628541946411,0.0,158.048,0.0,-23.71006202697754
228.69108963012695,0.0,158.004,0.0,-23.703678131103516
228.7217037677765,0.0,157.98,0.0,-23.698013305664062
228.75129580497742,0.0,157.943,0.0,-23.692359924316406
228.78962898254395,0.0,157.884,0.0,-23.682525634765625
228.81720805168152,0.0,157.859,0.0,-23.677701950073242
228.85034227371216,0.0,157.806,0.0,-23.672027587890625
228.8815643787384,0.0,157.755,0.0,-23.6657772064209
228.90979266166687,0.0,157.664,0.0,-23.66122817993164
228.94391918182373,0.0,157.627,0.0,-23.65142822265625
228.97008848190308,0.0,157.615,0.0,-23.64559555053711
229.0015585422516,0.0,157.59,0.0,-23.64086151123047
229.0337884426117,0.0,157.571,0.0,-23.636430740356445
229.0727837085724,0.0,157.512,0.0,-23.628446578979492
229.1080892086029,0.0,157.464,0.0,-23.62437629699707
229.13729333877563,0.0,157.441,0.0,-23.619478225708008
229.16887712478638,0.0,157.366,0.0,-23.610179901123047
229.20067930221558,0.0,157.364,0.0,-23.60517120361328
229.24188613891602,0.0,157.336,0.0,-23.597702026367188
229.27308130264282,0.0,157.298,0.0,-23.59499740600586
229.30729985237122,0.0,157.238,0.0,-23.59160041809082
229.3410096168518,0.0,157.196,0.0,-23.58138656616211
229.3682415485382,0.0,157.158,0.0,-23.575925827026367
229.4008800983429,0.0,157.111,0.0,-23.569974899291992
229.4261224269867,0.0,157.093,0.0,-23.564868927001953
229.45713758468628,0.0,157.039,0.0,-23.560670852661133
229.4913444519043,0.0,156.963,0.0,-23.549297332763672
229.5208535194397,0.0,156.909,0.0,-23.54216766357422
229.55239748954773,0.0,156.842,0.0,-23.534103393554688
229.58477592468262,0.0,156.813,0.0,-23.52814292907715
229.62104749679565,0.0,156.756,0.0,-23.516572952270508
229.64292359352112,0.0,156.715,0.0,-23.511823654174805
229.67683935165405,0.0,156.673,0.0,-23.5067138671875
229.71663188934326,0.0,156.633,0.0,-23.497238159179688
229.74270009994507,0.0,156.598,0.0,-23.49283790588379
229.7807912826538,0.0,156.557,0.0,-23.488243103027344
229.79712748527527,0.0,156.496,0.0,-23.483240127563477
229.83987522125244,0.0,156.462,0.0,-23.47117042541504
229.87166905403137,0.0,156.443,0.0,-23.46607780456543
229.9041907787323,0.0,156.371,0.0,-23.46036148071289
229.9356083869934,0.0,156.309,0.0,-23.45525360107422
229.966952085495,0.0,156.288,0.0,-23.443531036376953
229.99054479599,0.0,156.28,0.0,-23.43926429748535
230.0246081352234,0.0,156.246,0.0,-23.434818267822266
230.05735182762146,0.0,156.216,0.0,-23.43220329284668
230.08651208877563,0.0,156.19,0.0,-23.42864990234375
230.11909890174866,0.0,156.117,0.0,-23.41950035095215
230.15162634849548,0.0,156.079,0.0,-23.413854598999023
230.18381929397583,0.0,156.021,0.0,-23.40731430053711
230.21609592437744,0.0,155.94,0.0,-23.396644592285156
230.24956846237183,0.0,155.925,0.0,-23.391407012939453
230.2798993587494,0.0,155.873,0.0,-23.38699722290039
230.30781292915344,0.0,155.835,0.0,-23.38167381286621
230.34204268455505,0.0,155.789,0.0,-23.370359420776367
230.37282943725586,0.0,155.775,0.0,-23.365880966186523
230.40489530563354,0.0,155.754,0.0,-23.362316131591797
230.4366099834442,0.0,155.717,0.0,-23.358943939208984
230.46897888183594,0.0,155.645,0.0,-23.349266052246094
230.50016808509827,0.0,155.533,0.0,-23.34282875061035
230.5402433872223,0.0,155.495,0.0,-23.328746795654297
230.57257652282715,0.0,155.484,0.0,-23.32323455810547
230.60547304153442,0.0,155.467,0.0,-23.31942367553711
230.64181685447693,0.0,155.447,0.0,-23.312557220458984
230.6717767715454,0.0,155.393,0.0,-23.307992935180664
230.72329759597778,0.0,155.283,0.0,-23.296287536621094
230.75174856185913,0.0,155.275,0.0,-23.291248321533203
230.78456687927246,0.0,155.218,0.0,-23.285520553588867
230.81718587875366,0.0,155.17,0.0,-23.27789306640625
230.84889960289001,0.0,155.141,0.0,-23.2736873626709
230.88179302215576,0.0,155.116,0.0,-23.26947784423828
230.9128441810608,0.0,155.073,0.0,-23.265432357788086
230.94016003608704,0.0,155.057,0.0,-23.256967544555664
230.97299814224243,0.0,155.059,0.0,-23.254039764404297
231.00672101974487,0.0,155.02,0.0,-23.252105712890625
231.0439088344574,0.0,154.977,0.0,-23.245397567749023
231.06971168518066,0.0,154.861,0.0,-23.24091148376465
231.10159063339233,0.0,154.821,0.0,-23.234561920166016
231.13552236557007,0.0,154.792,0.0,-23.228200912475586
231.16723346710205,0.0,154.789,0.0,-23.217857360839844
231.1985502243042,0.0,154.766,0.0,-23.214080810546875
231.23207354545593,0.0,154.735,0.0,-23.21102523803711
231.26865649223328,0.0,154.664,0.0,-23.202211380004883
231.2954740524292,0.0,154.64,0.0,-23.197269439697266
231.32754611968994,0.0,154.576,0.0,-23.190998077392578
231.35885214805603,0.0,154.553,0.0,-23.18475341796875
231.39303493499756,0.0,154.477,0.0,-23.174880981445312
231.42390823364258,0.0,154.441,0.0,-23.169010162353516
231.45484232902527,0.0,154.377,0.0,-23.162036895751953
231.4868128299713,0.0,154.337,0.0,-23.155982971191406
231.51955342292786,0.0,154.295,0.0,-23.14708709716797
231.55867290496826,0.0,154.269,0.0,-23.142709732055664
231.5908374786377,0.0,154.217,0.0,-23.13849639892578
231.61718225479126,0.0,154.167,0.0,-23.13018798828125
231.6429386138916,0.0,154.149,0.0,-23.125307083129883
231.6736981868744,0.0,154.108,0.0,-23.12103271484375
231.70555758476257,0.0,154.081,0.0,-23.11625862121582
231.73710584640503,0.0,154.057,0.0,-23.11168670654297
231.7695381641388,0.0,154.052,0.0,-23.1041202545166
231.80117321014404,0.0,154.022,0.0,-23.10087013244629
231.833265542984,0.0,153.987,0.0,-23.098304748535156
231.86617422103882,0.0,153.935,0.0,-23.090648651123047
231.89979791641235,0.0,153.921,0.0,-23.086856842041016
231.92897081375122,0.0,153.875,0.0,-23.08222007751465
231.9570722579956,0.0,153.835,0.0,-23.07785415649414
231.99261331558228,0.0,153.808,0.0,-23.070175170898438
232.02352952957153,0.0,153.794,0.0,-23.066829681396484
232.05564260482788,0.0,153.78,0.0,-23.063879013061523
232.08748054504395,0.0,153.694,0.0,-23.05921173095703
232.1138517856598,0.0,153.63,0.0,-23.054813385009766
232.15574169158936,0.0,153.601,0.0,-23.046703338623047
232.18399500846863,0.0,153.594,0.0,-23.041893005371094
232.20811796188354,0.0,153.564,0.0,-23.038101196289062
232.24425721168518,0.0,153.527,0.0,-23.02972984313965
232.2714717388153,0.0,153.444,0.0,-23.02406883239746
232.30373859405518,0.0,153.419,0.0,-23.018909454345703
232.33568501472473,0.0,153.419,0.0,-23.014097213745117
232.36731839179993,0.0,153.437,0.0,-23.008893966674805
232.39920115470886,0.0,153.362,0.0,-23.00657844543457
232.43142867088318,0.0,153.314,0.0,-23.003070831298828
232.45763993263245,0.0,153.231,0.0,-22.998554229736328
232.49068808555603,0.0,153.198,0.0,-22.991788864135742
232.5223355293274,0.0,153.14,0.0,-22.97823143005371
232.55440044403076,0.0,153.077,0.0,-22.97121238708496
232.58632898330688,0.0,153.006,0.0,-22.965106964111328
232.62012839317322,0.0,152.994,0.0,-22.951656341552734
232.65764498710632,0.0,152.952,0.0,-22.94552230834961
232.68801641464233,0.0,152.92,0.0,-22.940168380737305
232.71983432769775,0.0,152.913,0.0,-22.932476043701172
232.75204372406006,0.0,152.882,0.0,-22.92884063720703
232.78344130516052,0.0,152.846,0.0,-22.926292419433594
232.8222634792328,0.0,152.753,0.0,-22.918720245361328
232.84895706176758,0.0,152.741,0.0,-22.913799285888672
232.90603709220886,0.0,152.648,0.0,-22.904190063476562
232.93720269203186,0.0,152.625,0.0,-22.898889541625977
232.95436882972717,0.0,152.591,0.0,-22.894075393676758
232.98559522628784,0.0,152.562,0.0,-22.889171600341797
233.0176510810852,0.0,152.558,0.0,-22.88081932067871
233.05070805549622,0.0,152.453,0.0,-22.876314163208008
233.0944321155548,0.0,152.417,0.0,-22.864992141723633
233.12579560279846,0.0,152.381,0.0,-22.859363555908203
233.15689945220947,0.0,152.33,0.0,-22.853923797607422
233.18973422050476,0.0,152.337,0.0,-22.849178314208984
233.22120308876038,0.0,152.321,0.0,-22.84323501586914
233.2527277469635,0.0,152.284,0.0,-22.839744567871094
233.28443264961243,0.0,152.251,0.0,-22.83590316772461
233.3196897506714,0.0,152.141,0.0,-22.82554054260254
233.34457850456238,0.0,152.107,0.0,-22.819589614868164
233.3948142528534,0.0,152.031,0.0,-22.80817413330078
233.42567563056946,0.0,151.961,0.0,-22.80372428894043
233.45465230941772,0.0,151.901,0.0,-22.79759979248047
233.48668718338013,0.0,151.859,0.0,-22.790603637695312
233.52409672737122,0.0,151.817,0.0,-22.777023315429688
233.5566005706787,0.0,151.816,0.0,-22.771976470947266
233.59440183639526,0.0,151.804,0.0,-22.76525115966797
233.62357211112976,0.0,151.797,0.0,-22.762861251831055
233.6580512523651,0.0,151.738,0.0,-22.76068687438965
233.68922448158264,0.0,151.7,0.0,-22.757366180419922
233.72105479240417,0.0,151.672,0.0,-22.749479293823242
233.75259017944336,0.0,151.647,0.0,-22.7455997467041
233.7957844734192,0.0,151.658,0.0,-22.741294860839844
233.82506680488586,0.0,151.629,0.0,-22.739208221435547
233.85764336585999,0.0,151.604,0.0,-22.73675537109375
233.8898229598999,0.0,151.51,0.0,-22.73406219482422
233.91665601730347,0.0,151.406,0.0,-22.72924041748047
233.93865394592285,0.0,151.386,0.0,-22.72134780883789
233.97207188606262,0.0,151.337,0.0,-22.70757484436035
234.000732421875,0.0,151.301,0.0,-22.70236587524414
234.03772377967834,0.0,151.273,0.0,-22.69706916809082
234.07238817214966,0.0,151.236,0.0,-22.68663215637207
234.09471583366394,0.0,151.234,0.0,-22.682910919189453
234.13700032234192,0.0,151.243,0.0,-22.680198669433594
234.16832494735718,0.0,151.244,0.0,-22.677852630615234
234.20804858207703,0.0,151.198,0.0,-22.67584991455078
234.24576377868652,0.0,151.164,0.0,-22.671581268310547
234.27593636512756,0.0,151.134,0.0,-22.66854476928711
234.299213886261,0.0,151.104,0.0,-22.665128707885742
234.3339512348175,0.0,151.023,0.0,-22.660999298095703
234.36432337760925,0.0,151.011,0.0,-22.65627670288086
234.40406250953674,0.0,150.967,0.0,-22.647602081298828
234.42862343788147,0.0,150.904,0.0,-22.641511917114258
234.45839309692383,0.0,150.828,0.0,-22.635961532592773
234.48764848709106,0.0,150.801,0.0,-22.629741668701172
234.52029085159302,0.0,150.793,0.0,-22.619483947753906
234.55313777923584,0.0,150.726,0.0,-22.613393783569336
234.5857298374176,0.0,150.714,0.0,-22.608415603637695
234.61741423606873,0.0,150.653,0.0,-22.60300064086914
234.64307379722595,0.0,150.63,0.0,-22.595489501953125
234.6727740764618,0.0,150.583,0.0,-22.592004776000977
234.70456910133362,0.0,150.605,0.0,-22.587574005126953
234.73612999916077,0.0,150.57,0.0,-22.585304260253906
234.76853585243225,0.0,150.543,0.0,-22.582307815551758
234.80073833465576,0.0,150.478,0.0,-22.576261520385742
234.8395380973816,0.0,150.467,0.0,-22.572113037109375
234.87358832359314,0.0,150.427,0.0,-22.564512252807617
234.90429830551147,0.0,150.39,0.0,-22.559967041015625
234.93624806404114,0.0,150.307,0.0,-22.55477523803711
234.97185897827148,0.0,150.253,0.0,-22.543163299560547
235.02289533615112,0.0,150.199,0.0,-22.531999588012695
235.0553114414215,0.0,150.172,0.0,-22.527021408081055
235.08701086044312,0.0,150.066,0.0,-22.521732330322266
235.12203526496887,0.0,150.016,0.0,-22.50814437866211
235.1528468132019,0.0,149.986,0.0,-22.501752853393555
235.1855206489563,0.0,149.985,0.0,-22.49703025817871
235.21783447265625,0.0,150.01,0.0,-22.49385643005371
235.25004649162292,0.0,150.002,0.0,-22.491060256958008
235.28061056137085,0.0,149.933,0.0,-22.490501403808594
235.31445288658142,0.0,149.886,0.0,-22.487396240234375
235.3475682735443,0.0,149.831,0.0,-22.477928161621094
235.37745690345764,0.0,149.758,0.0,-22.473031997680664
235.40862035751343,0.0,149.728,0.0,-22.467409133911133
235.43993520736694,0.0,149.694,0.0,-22.462026596069336
235.47204208374023,0.0,149.643,0.0,-22.45061492919922
235.5073001384735,0.0,149.61,0.0,-22.445629119873047
235.54055190086365,0.0,149.605,0.0,-22.44117546081543
235.57297897338867,0.0,149.603,0.0,-22.435287475585938
235.60802721977234,0.0,149.561,0.0,-22.4332275390625
235.64046239852905,0.0,149.545,0.0,-22.430477142333984
235.66673398017883,0.0,149.541,0.0,-22.427898406982422
235.69081282615662,0.0,149.521,0.0,-22.42595100402832
235.72773265838623,0.0,149.497,0.0,-22.42135238647461
235.7552843093872,0.0,149.462,0.0,-22.418174743652344
235.78708386421204,0.0,149.443,0.0,-22.415111541748047
235.82295513153076,0.0,149.326,0.0,-22.407344818115234
235.85120916366577,0.0,149.287,0.0,-22.40239715576172
235.8825843334198,0.0,149.221,0.0,-22.397127151489258
235.92352628707886,0.0,149.217,0.0,-22.384998321533203
235.95695447921753,0.0,149.171,0.0,-22.38135528564453
235.9866976737976,0.0,149.157,0.0,-22.3768253326416
236.0237579345703,0.0,149.113,0.0,-22.368328094482422
236.05612683296204,0.0,149.053,0.0,-22.3629150390625
236.08791375160217,0.0,149.017,0.0,-22.358488082885742
236.1253821849823,0.0,148.987,0.0,-22.349103927612305
236.15133428573608,0.0,148.954,0.0,-22.344331741333008
236.18366599082947,0.0,148.904,0.0,-22.339611053466797
236.20874214172363,0.0,148.862,0.0,-22.335351943969727
236.23994278907776,0.0,148.848,0.0,-22.330528259277344
236.27328729629517,0.0,148.822,0.0,-22.322423934936523
236.30552101135254,0.0,148.797,0.0,-22.318496704101562
236.33809781074524,0.0,148.699,0.0,-22.314388275146484
236.3643229007721,0.0,148.655,0.0,-22.30862808227539
236.4116005897522,0.0,148.635,0.0,-22.297260284423828
236.4396777153015,0.0,148.57,0.0,-22.29155731201172
236.47357273101807,0.0,148.56,0.0,-22.282440185546875
236.50433111190796,0.0,148.553,0.0,-22.279245376586914
236.53601098060608,0.0,148.547,0.0,-22.27676773071289
236.57218861579895,0.0,148.487,0.0,-22.27271842956543
236.60727429389954,0.0,148.475,0.0,-22.269886016845703
236.6400911808014,0.0,148.454,0.0,-22.267406463623047
236.67502760887146,0.0,148.435,0.0,-22.26263999938965
236.70345497131348,0.0,148.421,0.0,-22.26073455810547
236.73600935935974,0.0,148.4,0.0,-22.258865356445312
236.76784825325012,0.0,148.381,0.0,-22.256723403930664
236.80742001533508,0.0,148.295,0.0,-22.250850677490234
236.83889150619507,0.0,148.265,0.0,-22.246644973754883
236.87088680267334,0.0,148.244,0.0,-22.23825454711914
236.9028697013855,0.0,148.214,0.0,-22.23404312133789
236.94030666351318,0.0,148.194,0.0,-22.230133056640625
236.9738495349884,0.0,148.108,0.0,-22.2216796875
237.00801825523376,0.0,148.096,0.0,-22.21702003479004
237.03228092193604,0.0,148.043,0.0,-22.211387634277344
237.06984543800354,0.0,147.97,0.0,-22.2048397064209
237.11016845703125,0.0,147.916,0.0,-22.1929931640625
237.1437885761261,0.0,147.894,0.0,-22.18803596496582
237.19367170333862,0.0,147.831,0.0,-22.178035736083984
237.22404861450195,0.0,147.796,0.0,-22.17086410522461
237.2557134628296,0.0,147.743,0.0,-22.167346954345703
237.2835922241211,0.0,147.725,0.0,-22.162628173828125
237.32381057739258,0.0,147.642,0.0,-22.153732299804688
237.3560152053833,0.0,147.637,0.0,-22.14854621887207
237.4000062942505,0.0,147.601,0.0,-22.140193939208984
237.43646621704102,0.0,147.561,0.0,-22.136756896972656
237.46796774864197,0.0,147.535,0.0,-22.132944107055664
237.50024914741516,0.0,147.49,0.0,-22.12451934814453
237.52358317375183,0.0,147.441,0.0,-22.11911964416504
237.55690693855286,0.0,147.389,0.0,-22.114919662475586
237.58864045143127,0.0,147.397,0.0,-22.109973907470703
237.6247272491455,0.0,147.384,0.0,-22.103878021240234
237.65340542793274,0.0,147.358,0.0,-22.100820541381836
237.68538117408752,0.0,147.356,0.0,-22.098590850830078
237.72525191307068,0.0,147.326,0.0,-22.09447479248047
237.75672221183777,0.0,147.309,0.0,-22.092334747314453
237.78844952583313,0.0,147.232,0.0,-22.0876407623291
237.82063746452332,0.0,147.184,0.0,-22.083574295043945
237.85214805603027,0.0,147.161,0.0,-22.077157974243164
237.8765151500702,0.0,147.14,0.0,-22.073701858520508
237.9094753265381,0.0,147.097,0.0,-22.070341110229492
237.94146394729614,0.0,147.097,0.0,-22.06612777709961
237.9827606678009,0.0,147.021,0.0,-22.059206008911133
238.00829887390137,0.0,146.993,0.0,-22.05490493774414
238.03930950164795,0.0,146.97,0.0,-22.05059814453125
238.07670736312866,0.0,146.949,0.0,-22.04264259338379
238.1034209728241,0.0,146.883,0.0,-22.038644790649414
238.1353302001953,0.0,146.811,0.0,-22.034198760986328
238.16725754737854,0.0,146.785,0.0,-22.027938842773438
238.19821572303772,0.0,146.771,0.0,-22.017417907714844
238.23033928871155,0.0,146.755,0.0,-22.013256072998047
238.26514148712158,0.0,146.706,0.0,-22.009082794189453
238.29010152816772,0.0,146.684,0.0,-22.00519561767578
238.32599139213562,0.0,146.659,0.0,-21.997791290283203
238.35271644592285,0.0,146.632,0.0,-21.994016647338867
238.3855049610138,0.0,146.614,0.0,-21.990558624267578
238.41755771636963,0.0,146.552,0.0,-21.986461639404297
238.44867610931396,0.0,146.489,0.0,-21.977079391479492
238.48068761825562,0.0,146.477,0.0,-21.972566604614258
238.5135064125061,0.0,146.422,0.0,-21.966989517211914
238.5447952747345,0.0,146.357,0.0,-21.96289825439453
238.57679915428162,0.0,146.305,0.0,-21.954504013061523
238.61365866661072,0.0,146.279,0.0,-21.949007034301758
238.64791893959045,0.0,146.278,0.0,-21.943891525268555
238.6790714263916,0.0,146.253,0.0,-21.9367733001709
238.71142387390137,0.0,146.255,0.0,-21.934032440185547
238.7432942390442,0.0,146.205,0.0,-21.932220458984375
238.77577018737793,0.0,146.18,0.0,-21.925559997558594
238.80780863761902,0.0,146.102,0.0,-21.92139434814453
238.83170223236084,0.0,146.097,0.0,-21.916868209838867
238.86252641677856,0.0,146.074,0.0,-21.913368225097656
238.89434218406677,0.0,146.064,0.0,-21.9099063873291
238.92548871040344,0.0,146.054,0.0,-21.904571533203125
238.95891332626343,0.0,146.007,0.0,-21.90090560913086
238.9888734817505,0.0,145.965,0.0,-21.898269653320312
239.0252239704132,0.0,145.944,0.0,-21.89118766784668
239.05307388305664,0.0,145.871,0.0,-21.88562774658203
239.08502221107483,0.0,145.873,0.0,-21.881608963012695
239.11755919456482,0.0,145.821,0.0,-21.87651824951172
239.14917874336243,0.0,145.762,0.0,-21.866758346557617
239.18111515045166,0.0,145.732,0.0,-21.863183975219727
239.2131838798523,0.0,145.705,0.0,-21.859373092651367
239.24508619308472,0.0,145.672,0.0,-21.855504989624023
239.28756427764893,0.0,145.573,0.0,-21.846267700195312
239.32673287391663,0.0,145.543,0.0,-21.835691452026367
239.35250782966614,0.0,145.543,0.0,-21.831466674804688
239.38373732566833,0.0,145.527,0.0,-21.828636169433594
239.41556191444397,0.0,145.477,0.0,-21.825786590576172
239.45172929763794,0.0,145.425,0.0,-21.816572189331055
239.48029708862305,0.0,145.364,0.0,-21.81026268005371
239.5134437084198,0.0,145.323,0.0,-21.804302215576172
239.54450345039368,0.0,145.326,0.0,-21.79950523376465
239.57607316970825,0.0,145.323,0.0,-21.79367446899414
239.60844469070435,0.0,145.298,0.0,-21.79093360900879
239.63992190361023,0.0,145.237,0.0,-21.787353515625
239.67152547836304,0.0,145.184,0.0,-21.783924102783203
239.70410585403442,0.0,145.165,0.0,-21.77507209777832
239.7360053062439,0.0,145.161,0.0,-21.771881103515625
239.76737332344055,0.0,145.175,0.0,-21.770217895507812
239.800306558609,0.0,145.135,0.0,-21.766048431396484
239.83337831497192,0.0,145.079,0.0,-21.764633178710938
239.8775975704193,0.0,145.038,0.0,-21.758535385131836
239.9043731689453,0.0,145.012,0.0,-21.75530242919922
239.93657040596008,0.0,144.993,0.0,-21.75189208984375
239.96992659568787,0.0,144.937,0.0,-21.74863624572754
239.98446702957153,0.0,144.923,0.0,-21.743946075439453
240.02529287338257,0.0,144.901,0.0,-21.73605728149414
240.05767846107483,0.0,144.845,0.0,-21.731582641601562
240.08888244628906,0.0,144.789,0.0,-21.727642059326172
240.12097144126892,0.0,144.746,0.0,-21.722434997558594
240.15365266799927,0.0,144.715,0.0,-21.711341857910156
240.18456745147705,0.0,144.673,0.0,-21.705188751220703
240.2163586616516,0.0,144.659,0.0,-21.70102310180664
240.2485489845276,0.0,144.654,0.0,-21.69743537902832
240.28171944618225,0.0,144.654,0.0,-21.692747116088867
240.31353759765625,0.0,144.593,0.0,-21.68890953063965
240.34521460533142,0.0,144.536,0.0,-21.68539047241211
240.38789534568787,0.0,144.529,0.0,-21.677934646606445
240.41875052452087,0.0,144.413,0.0,-21.67310905456543
240.45045852661133,0.0,144.382,0.0,-21.66152000427246
240.48255896568298,0.0,144.361,0.0,-21.6573543548584
240.51465153694153,0.0,144.3,0.0,-21.653472900390625
240.5472993850708,0.0,144.279,0.0,-21.648128509521484
240.56304478645325,0.0,144.24,0.0,-21.643335342407227
240.59596848487854,0.0,144.224,0.0,-21.63821792602539
240.62711548805237,0.0,144.222,0.0,-21.63056182861328
240.6598608493805,0.0,144.212,0.0,-21.628061294555664
240.69225788116455,0.0,144.179,0.0,-21.626142501831055
240.73451352119446,0.0,144.153,0.0,-21.62055206298828
240.75878643989563,0.0,144.115,0.0,-21.61688995361328
240.7898666858673,0.0,144.03,0.0,-21.611278533935547
240.82222700119019,0.0,144.002,0.0,-21.606555938720703
240.85417652130127,0.0,143.959,0.0,-21.596778869628906
240.88670372962952,0.0,143.976,0.0,-21.593717575073242
240.91862154006958,0.0,143.933,0.0,-21.590560913085938
240.95086097717285,0.0,143.912,0.0,-21.58452033996582
240.98255038261414,0.0,143.888,0.0,-21.581388473510742
241.01424145698547,0.0,143.851,0.0,-21.577617645263672
241.04704689979553,0.0,143.787,0.0,-21.574901580810547
241.0785312652588,0.0,143.749,0.0,-21.56748390197754
241.11023569107056,0.0,143.718,0.0,-21.563379287719727
241.14270663261414,0.0,143.694,0.0,-21.559101104736328
241.17485904693604,0.0,143.664,0.0,-21.55498504638672
241.20630812644958,0.0,143.63,0.0,-21.54657554626465
241.2381570339203,0.0,143.612,0.0,-21.54322052001953
241.27031183242798,0.0,143.579,0.0,-21.540075302124023
241.30289888381958,0.0,143.558,0.0,-21.532983779907227
241.3337607383728,0.0,143.551,0.0,-21.530200958251953
241.3669078350067,0.0,143.483,0.0,-21.52715301513672
241.40746760368347,0.0,143.485,0.0,-21.520469665527344
241.44145560264587,0.0,143.376,0.0,-21.516050338745117
241.48278713226318,0.0,143.371,0.0,-21.5065975189209
241.51381874084473,0.0,143.289,0.0,-21.50016212463379
241.5460398197174,0.0,143.208,0.0,-21.494468688964844
241.57843255996704,0.0,143.213,0.0,-21.483081817626953
241.6104552745819,0.0,143.189,0.0,-21.479660034179688
241.6410837173462,0.0,143.172,0.0,-21.476234436035156
241.67376136779785,0.0,143.133,0.0,-21.47309684753418
241.70487141609192,0.0,143.081,0.0,-21.465492248535156
241.73764944076538,0.0,143.067,0.0,-21.461624145507812
241.76836848258972,0.0,143.017,0.0,-21.458263397216797
241.80278277397156,0.0,143.001,0.0,-21.449853897094727
241.83301043510437,0.0,142.97,0.0,-21.44556427001953
241.86527466773987,0.0,142.963,0.0,-21.442630767822266
241.89710354804993,0.0,142.944,0.0,-21.44028091430664
241.92926597595215,0.0,142.944,0.0,-21.43621826171875
241.96274495124817,0.0,142.916,0.0,-21.43425178527832
242.00273156166077,0.0,142.932,0.0,-21.432220458984375
242.03460478782654,0.0,142.925,0.0,-21.431787490844727
242.06653904914856,0.0,142.886,0.0,-21.430648803710938
242.09848833084106,0.0,142.794,0.0,-21.429250717163086
242.14046716690063,0.0,142.779,0.0,-21.42026138305664
242.17021203041077,0.0,142.749,0.0,-21.41717529296875
242.20991611480713,0.0,142.749,0.0,-21.411151885986328
242.24202132225037,0.0,142.699,0.0,-21.409347534179688
242.2740728855133,0.0,142.638,0.0,-21.406009674072266
242.30871510505676,0.0,142.63,0.0,-21.396987915039062
242.33885049819946,0.0,142.61,0.0,-21.393949508666992
242.36992621421814,0.0,142.584,0.0,-21.39101219177246
242.4055359363556,0.0,142.552,0.0,-21.384164810180664
242.43357133865356,0.0,142.477,0.0,-21.378360748291016
242.4671881198883,0.0,142.381,0.0,-21.371862411499023
242.49086952209473,0.0,142.381,0.0,-21.36517333984375
242.51898884773254,0.0,142.331,0.0,-21.358556747436523
242.55096459388733,0.0,142.274,0.0,-21.353187561035156
242.58316254615784,0.0,142.26,0.0,-21.341596603393555
242.6153209209442,0.0,142.226,0.0,-21.33633041381836
242.64789247512817,0.0,142.221,0.0,-21.332489013671875
242.6807165145874,0.0,142.182,0.0,-21.327030181884766
242.7116401195526,0.0,142.174,0.0,-21.324134826660156
242.74398732185364,0.0,142.134,0.0,-21.32177734375
242.7755081653595,0.0,142.092,0.0,-21.3184871673584
242.80708718299866,0.0,142.044,0.0,-21.31092071533203
242.8402190208435,0.0,142.056,0.0,-21.30693244934082
242.87014293670654,0.0,142.009,0.0,-21.30455780029297
242.8948163986206,0.0,141.976,0.0,-21.300952911376953
242.9290647506714,0.0,141.937,0.0,-21.29246711730957
242.95871114730835,0.0,141.907,0.0,-21.287921905517578
242.99080610275269,0.0,141.881,0.0,-21.2839412689209
243.02296113967896,0.0,141.87,0.0,-21.280649185180664
243.0527355670929,0.0,141.854,0.0,-21.27520751953125
243.08455610275269,0.0,141.823,0.0,-21.272066116333008
243.11774039268494,0.0,141.8,0.0,-21.26886558532715
243.1484899520874,0.0,141.754,0.0,-21.26494598388672
243.1811683177948,0.0,141.71,0.0,-21.25773811340332
243.21159672737122,0.0,141.693,0.0,-21.254779815673828
243.24377870559692,0.0,141.659,0.0,-21.251970291137695
243.2746295928955,0.0,141.64,0.0,-21.248559951782227
243.30762791633606,0.0,141.607,0.0,-21.24298667907715
243.34021377563477,0.0,141.591,0.0,-21.239988327026367
243.3720781803131,0.0,141.565,0.0,-21.237178802490234
243.4036283493042,0.0,141.51,0.0,-21.22957420349121
243.43580889701843,0.0,141.456,0.0,-21.225461959838867
243.46989154815674,0.0,141.452,0.0,-21.22099494934082
243.5006456375122,0.0,141.407,0.0,-21.217559814453125
243.5379319190979,0.0,141.319,0.0,-21.206998825073242
243.57451915740967,0.0,141.257,0.0,-21.201725006103516
243.60491251945496,0.0,141.248,0.0,-21.19007110595703
243.6336064338684,0.0,141.261,0.0,-21.186832427978516
243.66549229621887,0.0,141.22,0.0,-21.18282699584961
243.69711685180664,0.0,141.183,0.0,-21.179651260375977
243.72938513755798,0.0,141.131,0.0,-21.17147445678711
243.76190423965454,0.0,141.12,0.0,-21.167606353759766
243.79436254501343,0.0,141.061,0.0,-21.162353515625
243.82466077804565,0.0,141.025,0.0,-21.15678596496582
243.8571698665619,0.0,140.994,0.0,-21.14997673034668
243.89014053344727,0.0,140.997,0.0,-21.146787643432617
243.92043018341064,0.0,140.971,0.0,-21.144664764404297
243.95310926437378,0.0,140.915,0.0,-21.138042449951172
244.006822347641,0.0,140.904,0.0,-21.13222885131836
244.03395438194275,0.0,140.841,0.0,-21.128755569458008
244.06629347801208,0.0,140.804,0.0,-21.125385284423828
244.10264611244202,0.0,140.778,0.0,-21.12141990661621
244.1336624622345,0.0,140.765,0.0,-21.11404037475586
244.1652512550354,0.0,140.713,0.0,-21.10991668701172
244.19695854187012,0.0,140.692,0.0,-21.106420516967773
244.23100686073303,0.0,140.681,0.0,-21.100147247314453
244.2693271636963,0.0,140.674,0.0,-21.098024368286133
244.30571007728577,0.0,140.676,0.0,-21.095346450805664
244.34125638008118,0.0,140.609,0.0,-21.091922760009766
244.37407851219177,0.0,140.56,0.0,-21.08738899230957
244.4056305885315,0.0,140.491,0.0,-21.078161239624023
244.4378707408905,0.0,140.465,0.0,-21.074390411376953
244.45690059661865,0.0,140.437,0.0,-21.070568084716797
244.4855101108551,0.0,140.409,0.0,-21.06662368774414
244.51798796653748,0.0,140.388,0.0,-21.06258773803711
244.55041217803955,0.0,140.34,0.0,-21.058774948120117
244.58242011070251,0.0,140.31,0.0,-21.04970932006836
244.6182780265808,0.0,140.246,0.0,-21.046123504638672
244.65081787109375,0.0,140.23,0.0,-21.040863037109375
244.68228340148926,0.0,140.189,0.0,-21.03129768371582
244.7149908542633,0.0,140.174,0.0,-21.02741050720215
244.745703458786,0.0,140.154,0.0,-21.024194717407227
244.77749156951904,0.0,140.152,0.0,-21.02107810974121
244.81036829948425,0.0,140.119,0.0,-21.015838623046875
244.84095287322998,0.0,140.109,0.0,-21.01333236694336
244.87427711486816,0.0,140.093,0.0,-21.011001586914062
244.90725421905518,0.0,140.07,0.0,-21.0072078704834
244.93713665008545,0.0,140.038,0.0,-21.004423141479492
244.9804446697235,0.0,139.971,0.0,-20.997135162353516
245.0083668231964,0.0,139.924,0.0,-20.992366790771484
245.03283834457397,0.0,139.924,0.0,-20.988859176635742
245.06416988372803,0.0,139.912,0.0,-20.986328125
245.09664011001587,0.0,139.876,0.0,-20.984046936035156
245.13223576545715,0.0,139.864,0.0,-20.978221893310547
245.16950607299805,0.0,139.783,0.0,-20.973766326904297
245.20636653900146,0.0,139.777,0.0,-20.96632957458496
245.23375844955444,0.0,139.715,0.0,-20.96308708190918
245.26569962501526,0.0,139.718,0.0,-20.95903778076172
245.29730796813965,0.0,139.713,0.0,-20.956212997436523
245.32959008216858,0.0,139.687,0.0,-20.951370239257812
245.36175918579102,0.0,139.666,0.0,-20.948631286621094
245.39343357086182,0.0,139.593,0.0,-20.945255279541016
245.42475700378418,0.0,139.555,0.0,-20.941177368164062
245.4567675590515,0.0,139.531,0.0,-20.932233810424805
245.48962783813477,0.0,139.504,0.0,-20.927902221679688
245.52161049842834,0.0,139.451,0.0,-20.92423439025879
245.55393862724304,0.0,139.466,0.0,-20.917301177978516
245.5852770805359,0.0,139.447,0.0,-20.914710998535156
245.61763215065002,0.0,139.407,0.0,-20.911212921142578
245.6518590450287,0.0,139.365,0.0,-20.90869140625
245.67577695846558,0.0,139.365,0.0,-20.905872344970703
245.70582389831543,0.0,139.351,0.0,-20.90035629272461
245.73628163337708,0.0,139.333,0.0,-20.89865493774414
245.77369904518127,0.0,139.318,0.0,-20.896753311157227
245.80890417099,0.0,139.325,0.0,-20.893779754638672
245.83816409111023,0.0,139.278,0.0,-20.89216423034668
245.8705222606659,0.0,139.249,0.0,-20.890056610107422
245.90151810646057,0.0,139.191,0.0,-20.887353897094727
245.9328362941742,0.0,139.152,0.0,-20.87809181213379
245.96578216552734,0.0,139.027,0.0,-20.87128257751465
245.99783205986023,0.0,138.979,0.0,-20.864126205444336
246.03303599357605,0.0,138.933,0.0,-20.84931755065918
246.06118392944336,0.0,138.931,0.0,-20.843692779541016
246.09338808059692,0.0,138.909,0.0,-20.838638305664062
246.12659072875977,0.0,138.898,0.0,-20.834701538085938
246.15908026695251,0.0,138.898,0.0,-20.829547882080078
246.19103121757507,0.0,138.877,0.0,-20.827241897583008
246.234069108963,0.0,138.819,0.0,-20.821504592895508
246.26616740226746,0.0,138.769,0.0,-20.819198608398438
246.2988669872284,0.0,138.701,0.0,-20.815513610839844
246.33335089683533,0.0,138.598,0.0,-20.80400276184082
246.36229801177979,0.0,138.6,0.0,-20.797176361083984
246.3933253288269,0.0,138.588,0.0,-20.79219627380371
246.42712712287903,0.0,138.579,0.0,-20.788061141967773
246.4585084915161,0.0,138.589,0.0,-20.782758712768555
246.490624666214,0.0,138.553,0.0,-20.780418395996094
246.52326917648315,0.0,138.545,0.0,-20.77835464477539
246.55843782424927,0.0,138.531,0.0,-20.774892807006836
246.58688640594482,0.0,138.504,0.0,-20.772607803344727
246.61886405944824,0.0,138.476,0.0,-20.76955223083496
246.65130925178528,0.0,138.476,0.0,-20.767662048339844
246.6832196712494,0.0,138.442,0.0,-20.764123916625977
246.71618151664734,0.0,138.44,0.0,-20.762462615966797
246.74252486228943,0.0,138.399,0.0,-20.759614944458008
246.77188372612,0.0,138.352,0.0,-20.755596160888672
246.80375838279724,0.0,138.363,0.0,-20.752687454223633
246.83595275878906,0.0,138.387,0.0,-20.750892639160156
246.8681755065918,0.0,138.347,0.0,-20.750946044921875
246.8992486000061,0.0,138.284,0.0,-20.749446868896484
246.93486618995667,0.0,138.202,0.0,-20.740922927856445
246.9650914669037,0.0,138.173,0.0,-20.736011505126953
246.99547028541565,0.0,138.168,0.0,-20.731142044067383
247.02728056907654,0.0,138.138,0.0,-20.72732162475586
247.05911445617676,0.0,138.119,0.0,-20.71950340270996
247.09152388572693,0.0,138.117,0.0,-20.717262268066406
247.1160306930542,0.0,138.083,0.0,-20.71510887145996
247.14788150787354,0.0,138.077,0.0,-20.71217918395996
247.1839621067047,0.0,138.046,0.0,-20.70686149597168
247.21221590042114,0.0,138.01,0.0,-20.703216552734375
247.24509596824646,0.0,137.974,0.0,-20.700054168701172
247.27502703666687,0.0,137.908,0.0,-20.696762084960938
247.29904341697693,0.0,137.884,0.0,-20.691606521606445
247.33196806907654,0.0,137.84,0.0,-20.681371688842773
247.36395239830017,0.0,137.822,0.0,-20.67661476135254
247.39696335792542,0.0,137.805,0.0,-20.672409057617188
247.42868733406067,0.0,137.777,0.0,-20.66918182373047
247.4592468738556,0.0,137.747,0.0,-20.663501739501953
247.49259114265442,0.0,137.68,0.0,-20.66059684753418
247.52318453788757,0.0,137.659,0.0,-20.65572166442871
247.55547857284546,0.0,137.631,0.0,-20.651254653930664
247.5876886844635,0.0,137.643,0.0,-20.642650604248047
247.61979150772095,0.0,137.609,0.0,-20.64105224609375
247.65073323249817,0.0,137.565,0.0,-20.63858413696289
247.68488931655884,0.0,137.555,0.0,-20.632017135620117
247.7148995399475,0.0,137.509,0.0,-20.629213333129883
247.74769973754883,0.0,137.478,0.0,-20.625967025756836
247.7883288860321,0.0,137.452,0.0,-20.61861801147461
247.82409405708313,0.0,137.404,0.0,-20.614538192749023
247.85995078086853,0.0,137.399,0.0,-20.60812759399414
247.88733291625977,0.0,137.359,0.0,-20.604459762573242
247.920086145401,0.0,137.355,0.0,-20.601806640625
247.95219039916992,0.0,137.34,0.0,-20.599769592285156
247.98397135734558,0.0,137.386,0.0,-20.598281860351562
248.0150911808014,0.0,137.364,0.0,-20.597938537597656
248.0466878414154,0.0,137.3,0.0,-20.595136642456055
248.07846689224243,0.0,137.229,0.0,-20.589548110961914
248.11051487922668,0.0,137.222,0.0,-20.583059310913086
248.14274835586548,0.0,137.177,0.0,-20.58097267150879
248.1745800971985,0.0,137.15,0.0,-20.577627182006836
248.20605492591858,0.0,137.067,0.0,-20.57406234741211
248.23758673667908,0.0,137.055,0.0,-20.562347412109375
248.2701940536499,0.0,137.033,0.0,-20.558757781982422
248.30197858810425,0.0,137.014,0.0,-20.555238723754883
248.3417227268219,0.0,136.927,0.0,-20.54845428466797
248.3847312927246,0.0,136.903,0.0,-20.53860855102539
248.41280794143677,0.0,136.901,0.0,-20.535036087036133
248.44534063339233,0.0,136.862,0.0,-20.531879425048828
248.4770793914795,0.0,136.859,0.0,-20.528579711914062
248.51243686676025,0.0,136.835,0.0,-20.523347854614258
248.54248452186584,0.0,136.833,0.0,-20.521326065063477
248.57277870178223,0.0,136.772,0.0,-20.519271850585938
248.60944986343384,0.0,136.727,0.0,-20.51169776916504
248.63780403137207,0.0,136.66,0.0,-20.505756378173828
248.6694974899292,0.0,136.641,0.0,-20.500545501708984
248.70139002799988,0.0,136.639,0.0,-20.4968318939209
248.7368140220642,0.0,136.634,0.0,-20.49169158935547
248.7658407688141,0.0,136.59,0.0,-20.488292694091797
248.79771184921265,0.0,136.551,0.0,-20.48584747314453
248.8296627998352,0.0,136.528,0.0,-20.482501983642578
248.8744490146637,0.0,136.441,0.0,-20.474143981933594
248.9054343700409,0.0,136.392,0.0,-20.46938133239746
248.9382700920105,0.0,136.358,0.0,-20.45859718322754
248.96975946426392,0.0,136.326,0.0,-20.45446014404297
249.00156474113464,0.0,136.337,0.0,-20.450122833251953
249.03654050827026,0.0,136.337,0.0,-20.44556427001953
249.06609082221985,0.0,136.34,0.0,-20.444440841674805
249.09713172912598,0.0,136.33,0.0,-20.444351196289062
249.12816858291626,0.0,136.325,0.0,-20.443456649780273
249.16077280044556,0.0,136.309,0.0,-20.44164276123047
249.19262671470642,0.0,136.261,0.0,-20.438945770263672
249.240864276886,0.0,136.224,0.0,-20.434423446655273
249.2679476737976,0.0,136.191,0.0,-20.430858612060547
249.3066279888153,0.0,136.155,0.0,-20.42745018005371
249.33906292915344,0.0,136.15,0.0,-20.422475814819336
249.3734495639801,0.0,136.106,0.0,-20.420490264892578
249.40645503997803,0.0,136.066,0.0,-20.417253494262695
249.43877696990967,0.0,135.968,0.0,-20.408645629882812
249.47087240219116,0.0,135.944,0.0,-20.402748107910156
249.5026695728302,0.0,135.926,0.0,-20.397342681884766
249.5360517501831,0.0,135.93,0.0,-20.38924789428711
249.56696605682373,0.0,135.915,0.0,-20.38622283935547
249.59848928451538,0.0,135.905,0.0,-20.384443283081055
249.63113260269165,0.0,135.872,0.0,-20.3824462890625
249.66413259506226,0.0,135.854,0.0,-20.376968383789062
249.6968936920166,0.0,135.825,0.0,-20.373815536499023
249.72675132751465,0.0,135.777,0.0,-20.36965560913086
249.75883293151855,0.0,135.754,0.0,-20.36648178100586
249.79125833511353,0.0,135.737,0.0,-20.36017608642578
249.8233015537262,0.0,135.693,0.0,-20.35613441467285
249.8558542728424,0.0,135.624,0.0,-20.352046966552734
249.88810920715332,0.0,135.61,0.0,-20.345165252685547
249.91355848312378,0.0,135.612,0.0,-20.34174156188965
249.9421865940094,0.0,135.612,0.0,-20.33935546875
249.9737470149994,0.0,135.586,0.0,-20.337684631347656
250.02314710617065,0.0,135.52,0.0,-20.33245849609375
250.0552272796631,0.0,135.484,0.0,-20.328990936279297
250.08763980865479,0.0,135.482,0.0,-20.321929931640625
250.1196653842926,0.0,135.454,0.0,-20.318620681762695
250.15112948417664,0.0,135.439,0.0,-20.31618881225586
250.18654203414917,0.0,135.394,0.0,-20.31031036376953
250.2153458595276,0.0,135.392,0.0,-20.30765724182129
250.24829196929932,0.0,135.349,0.0,-20.30396270751953
250.27948212623596,0.0,135.275,0.0,-20.300556182861328
250.31086945533752,0.0,135.248,0.0,-20.290973663330078
250.34230041503906,0.0,135.24,0.0,-20.287160873413086
250.37376022338867,0.0,135.236,0.0,-20.284225463867188
250.40629076957703,0.0,135.177,0.0,-20.2811279296875
250.4397828578949,0.0,135.16,0.0,-20.274770736694336
250.4737846851349,0.0,135.144,0.0,-20.272167205810547
250.50637292861938,0.0,135.134,0.0,-20.269657135009766
250.5390660762787,0.0,135.087,0.0,-20.265277862548828
250.57190108299255,0.0,135.042,0.0,-20.2624454498291
250.60293698310852,0.0,134.995,0.0,-20.258527755737305
250.6369161605835,0.0,134.983,0.0,-20.24961280822754
250.67477202415466,0.0,134.952,0.0,-20.24566650390625
250.715514421463,0.0,134.919,0.0,-20.23876953125
250.74736738204956,0.0,134.838,0.0,-20.23508644104004
250.7798011302948,0.0,134.787,0.0,-20.230026245117188
250.81377410888672,0.0,134.77,0.0,-20.21908950805664
250.84360933303833,0.0,134.761,0.0,-20.21499252319336
250.87498092651367,0.0,134.756,0.0,-20.211816787719727
250.89147090911865,0.0,134.747,0.0,-20.209184646606445
250.92277789115906,0.0,134.745,0.0,-20.207263946533203
250.9546332359314,0.0,134.673,0.0,-20.203784942626953
250.99231481552124,0.0,134.665,0.0,-20.19771385192871
251.02297377586365,0.0,134.634,0.0,-20.19578742980957
251.0562617778778,0.0,134.656,0.0,-20.193178176879883
251.08754086494446,0.0,134.595,0.0,-20.19042205810547
251.11968851089478,0.0,134.59,0.0,-20.187904357910156
251.14999270439148,0.0,134.564,0.0,-20.185909271240234
251.1825830936432,0.0,134.581,0.0,-20.183433532714844
251.21390008926392,0.0,134.531,0.0,-20.179630279541016
251.24622654914856,0.0,134.439,0.0,-20.176177978515625
251.27726030349731,0.0,134.417,0.0,-20.171262741088867
251.31353664398193,0.0,134.399,0.0,-20.162559509277344
251.34235620498657,0.0,134.373,0.0,-20.15843963623047
251.37316226959229,0.0,134.263,0.0,-20.153072357177734
251.4046139717102,0.0,134.245,0.0,-20.146827697753906
251.44884729385376,0.0,134.24,0.0,-20.137239456176758
251.47895503044128,0.0,134.269,0.0,-20.134912490844727
251.50779128074646,0.0,134.24,0.0,-20.133813858032227
251.5386278629303,0.0,134.219,0.0,-20.12978172302246
251.56947016716003,0.0,134.155,0.0,-20.125606536865234
251.60171747207642,0.0,134.146,0.0,-20.122173309326172
251.6337378025055,0.0,134.091,0.0,-20.11818504333496
251.66616082191467,0.0,134.096,0.0,-20.111801147460938
251.69788718223572,0.0,134.066,0.0,-20.11011505126953
251.72946405410767,0.0,134.052,0.0,-20.107728958129883
251.76493668556213,0.0,134.032,0.0,-20.103839874267578
251.79336857795715,0.0,134.008,0.0,-20.10194969177246
251.82534003257751,0.0,134.004,0.0,-20.09963607788086
251.8570683002472,0.0,133.969,0.0,-20.097835540771484
251.8900167942047,0.0,133.967,0.0,-20.09309196472168
251.92123985290527,0.0,133.941,0.0,-20.090953826904297
251.95347547531128,0.0,133.92,0.0,-20.089067459106445
251.98909044265747,0.0,133.922,0.0,-20.08539390563965
252.03818225860596,0.0,133.822,0.0,-20.077470779418945
252.06381273269653,0.0,133.802,0.0,-20.073501586914062
252.10382986068726,0.0,133.804,0.0,-20.07007598876953
252.1285102367401,0.0,133.801,0.0,-20.068164825439453
252.16512846946716,0.0,133.779,0.0,-20.064815521240234
252.19329619407654,0.0,133.728,0.0,-20.06134605407715
252.22567701339722,0.0,133.702,0.0,-20.057714462280273
252.2568919658661,0.0,133.686,0.0,-20.05542755126953
252.28990125656128,0.0,133.677,0.0,-20.050457000732422
252.32108545303345,0.0,133.639,0.0,-20.04722785949707
252.35314440727234,0.0,133.63,0.0,-20.044876098632812
252.3902623653412,0.0,133.632,0.0,-20.04213523864746
252.4183750152588,0.0,133.618,0.0,-20.04106903076172
252.44924402236938,0.0,133.564,0.0,-20.0397891998291
252.48098587989807,0.0,133.523,0.0,-20.036659240722656
252.51447176933289,0.0,133.473,0.0,-20.027565002441406
252.54500484466553,0.0,133.433,0.0,-20.022014617919922
252.57353401184082,0.0,133.427,0.0,-20.017955780029297
252.60372614860535,0.0,133.407,0.0,-20.014720916748047
252.63946413993835,0.0,133.392,0.0,-20.008607864379883
252.66898393630981,0.0,133.351,0.0,-20.004779815673828
252.70064496994019,0.0,133.304,0.0,-20.000301361083984
252.73307347297668,0.0,133.274,0.0,-19.9967098236084
252.76465702056885,0.0,133.274,0.0,-19.990020751953125
252.80512309074402,0.0,133.238,0.0,-19.98750877380371
252.8405785560608,0.0,133.196,0.0,-19.980979919433594
252.8786313533783,0.0,133.172,0.0,-19.977243423461914
252.90861415863037,0.0,133.106,0.0,-19.97225570678711
252.9413959980011,0.0,133.074,0.0,-19.963668823242188
252.97288393974304,0.0,133.049,0.0,-19.96044921875
253.00603008270264,0.0,133.035,0.0,-19.957094192504883
253.0366072654724,0.0,133.0,0.0,-19.9540958404541
253.0686638355255,0.0,132.993,0.0,-19.948402404785156
253.09884595870972,0.0,132.979,0.0,-19.94615364074707
253.139506816864,0.0,132.958,0.0,-19.941627502441406
253.1711621284485,0.0,132.91,0.0,-19.939456939697266
253.20457458496094,0.0,132.901,0.0,-19.936429977416992
253.23525309562683,0.0,132.904,0.0,-19.933874130249023
253.26803183555603,0.0,132.877,0.0,-19.92990493774414
253.29987835884094,0.0,132.878,0.0,-19.92837905883789
253.33190441131592,0.0,132.844,0.0,-19.927309036254883
253.36525297164917,0.0,132.835,0.0,-19.923328399658203
253.3970432281494,0.0,132.819,0.0,-19.921348571777344
253.42896509170532,0.0,132.774,0.0,-19.919071197509766
253.45976400375366,0.0,132.712,0.0,-19.91643524169922
253.49217891693115,0.0,132.686,0.0,-19.907487869262695
253.52570295333862,0.0,132.665,0.0,-19.903316497802734
253.5581338405609,0.0,132.65,0.0,-19.89936065673828
253.5909457206726,0.0,132.626,0.0,-19.893808364868164
253.6230809688568,0.0,132.619,0.0,-19.891427993774414
253.65004706382751,0.0,132.577,0.0,-19.887977600097656
253.68149781227112,0.0,132.555,0.0,-19.885465621948242
253.71345043182373,0.0,132.479,0.0,-19.879047393798828
253.74583053588867,0.0,132.452,0.0,-19.874910354614258
253.77886247634888,0.0,132.421,0.0,-19.87073516845703
253.81068968772888,0.0,132.421,0.0,-19.866369247436523
253.84283995628357,0.0,132.399,0.0,-19.860431671142578
253.87544417381287,0.0,132.36,0.0,-19.857986450195312
253.90639758110046,0.0,132.342,0.0,-19.854625701904297
253.93875288963318,0.0,132.318,0.0,-19.84813117980957
253.9713921546936,0.0,132.274,0.0,-19.84536361694336
254.0036597251892,0.0,132.262,0.0,-19.841920852661133
254.03443455696106,0.0,132.229,0.0,-19.83892250061035
254.0659351348877,0.0,132.201,0.0,-19.831642150878906
254.09813618659973,0.0,132.182,0.0,-19.8281192779541
254.12991070747375,0.0,132.125,0.0,-19.824264526367188
254.15761065483093,0.0,132.125,0.0,-19.82036590576172
254.18954300880432,0.0,132.099,0.0,-19.81441307067871
254.22173190116882,0.0,132.095,0.0,-19.812013626098633
254.2521047592163,0.0,132.028,0.0,-19.80751609802246
254.29189610481262,0.0,131.946,0.0,-19.800792694091797
254.32354855537415,0.0,131.964,0.0,-19.79592514038086
254.35591316223145,0.0,131.982,0.0,-19.7930965423584
254.38868403434753,0.0,131.957,0.0,-19.790760040283203
254.4219925403595,0.0,131.933,0.0,-19.789331436157227
254.45356154441833,0.0,131.917,0.0,-19.78738021850586
254.4863522052765,0.0,131.914,0.0,-19.785354614257812
254.5190191268921,0.0,131.915,0.0,-19.782814025878906
254.5500419139862,0.0,131.886,0.0,-19.781803131103516
254.58210372924805,0.0,131.87,0.0,-19.780317306518555
254.61402010917664,0.0,131.863,0.0,-19.77715492248535
254.64611220359802,0.0,131.87,0.0,-19.77643394470215
254.6777503490448,0.0,131.845,0.0,-19.77553367614746
254.70405197143555,0.0,131.828,0.0,-19.774364471435547
254.74058651924133,0.0,131.799,0.0,-19.770578384399414
254.76858258247375,0.0,131.785,0.0,-19.76833724975586
254.80099654197693,0.0,131.728,0.0,-19.764318466186523
254.8330066204071,0.0,131.684,0.0,-19.75947380065918
254.86520648002625,0.0,131.64,0.0,-19.751537322998047
254.89688086509705,0.0,131.646,0.0,-19.748130798339844
254.94225120544434,0.0,131.639,0.0,-19.74399757385254
254.96809887886047,0.0,131.636,0.0,-19.74317741394043
255.0084912776947,0.0,131.597,0.0,-19.742046356201172
255.03876209259033,0.0,131.566,0.0,-19.739662170410156
255.07090640068054,0.0,131.485,0.0,-19.732078552246094
255.10208988189697,0.0,131.456,0.0,-19.727632522583008
255.13461685180664,0.0,131.439,0.0,-19.723115921020508
255.16731667518616,0.0,131.41,0.0,-19.71485137939453
255.19914412498474,0.0,131.392,0.0,-19.711000442504883
255.232825756073,0.0,131.37,0.0,-19.707679748535156
255.2646143436432,0.0,131.35,0.0,-19.70485496520996
255.29695081710815,0.0,131.335,0.0,-19.699316024780273
255.32815527915955,0.0,131.33,0.0,-19.697195053100586
255.36003613471985,0.0,131.311,0.0,-19.69478988647461
255.3926820755005,0.0,131.272,0.0,-19.69214630126953
255.42371821403503,0.0,131.274,0.0,-19.689830780029297
255.456298828125,0.0,131.289,0.0,-19.68826675415039
255.4889693260193,0.0,131.263,0.0,-19.687828063964844
255.52022981643677,0.0,131.232,0.0,-19.685653686523438
255.5525450706482,0.0,131.189,0.0,-19.683795928955078
255.58361220359802,0.0,131.145,0.0,-19.680675506591797
255.6170699596405,0.0,131.106,0.0,-19.671817779541016
255.642258644104,0.0,131.061,0.0,-19.666414260864258
255.67576003074646,0.0,131.014,0.0,-19.660907745361328
255.70894312858582,0.0,131.024,0.0,-19.656299591064453
255.74051809310913,0.0,131.034,0.0,-19.65159797668457
255.78995013237,0.0,130.959,0.0,-19.64549446105957
255.82136392593384,0.0,130.891,0.0,-19.6400203704834
255.85388255119324,0.0,130.851,0.0,-19.634273529052734
255.88603925704956,0.0,130.862,0.0,-19.629919052124023
255.9177234172821,0.0,130.849,0.0,-19.6248722076416
255.9498007297516,0.0,130.82,0.0,-19.623188018798828
255.98121738433838,0.0,130.828,0.0,-19.620840072631836
256.0152292251587,0.0,130.794,0.0,-19.61754608154297
256.0454144477844,0.0,130.796,0.0,-19.615875244140625
256.07769203186035,0.0,130.748,0.0,-19.614822387695312
256.1098415851593,0.0,130.75,0.0,-19.612138748168945
256.14197278022766,0.0,130.705,0.0,-19.60711669921875
256.1734154224396,0.0,130.718,0.0,-19.604299545288086
256.20609426498413,0.0,130.72,0.0,-19.603313446044922
256.2380282878876,0.0,130.735,0.0,-19.60277557373047
256.27064967155457,0.0,130.698,0.0,-19.601961135864258
256.30660223960876,0.0,130.597,0.0,-19.598827362060547
256.34354281425476,0.0,130.574,0.0,-19.590543746948242
256.37265133857727,0.0,130.566,0.0,-19.587175369262695
256.4026539325714,0.0,130.584,0.0,-19.585460662841797
256.4348771572113,0.0,130.519,0.0,-19.582042694091797
256.47484159469604,0.0,130.485,0.0,-19.575410842895508
256.5090448856354,0.0,130.492,0.0,-19.572750091552734
256.54347801208496,0.0,130.456,0.0,-19.569427490234375
256.57165241241455,0.0,130.462,0.0,-19.567323684692383
256.6050865650177,0.0,130.431,0.0,-19.566083908081055
256.63626766204834,0.0,130.424,0.0,-19.563953399658203
256.6682291030884,0.0,130.391,0.0,-19.55947494506836
256.69989800453186,0.0,130.34,0.0,-19.555946350097656
256.73209142684937,0.0,130.318,0.0,-19.552799224853516
256.76827120780945,0.0,130.328,0.0,-19.547632217407227
256.7962291240692,0.0,130.323,0.0,-19.546056747436523
256.8190200328827,0.0,130.341,0.0,-19.545726776123047
256.8513627052307,0.0,130.333,0.0,-19.54526138305664
256.8830964565277,0.0,130.266,0.0,-19.543508529663086
256.9162337779999,0.0,130.196,0.0,-19.536170959472656
256.94779348373413,0.0,130.138,0.0,-19.530149459838867
256.97931575775146,0.0,130.107,0.0,-19.524322509765625
257.01338362693787,0.0,130.121,0.0,-19.520172119140625
257.04458260536194,0.0,130.116,0.0,-19.515369415283203
257.08430910110474,0.0,130.08,0.0,-19.51236915588379
257.11776876449585,0.0,130.013,0.0,-19.50745964050293
257.1416130065918,0.0,129.984,0.0,-19.50389289855957
257.17284965515137,0.0,129.975,0.0,-19.50006675720215
257.205317735672,0.0,129.944,0.0,-19.496885299682617
257.23775243759155,0.0,129.916,0.0,-19.4932804107666
257.26938700675964,0.0,129.859,0.0,-19.48602294921875
257.30079340934753,0.0,129.861,0.0,-19.481794357299805
257.33292388916016,0.0,129.866,0.0,-19.478775024414062
257.37400460243225,0.0,129.839,0.0,-19.475093841552734
257.40498638153076,0.0,129.837,0.0,-19.47316551208496
257.4373457431793,0.0,129.823,0.0,-19.47174644470215
257.47053241729736,0.0,129.79,0.0,-19.467788696289062
257.50218772888184,0.0,129.788,0.0,-19.465972900390625
257.53408885002136,0.0,129.725,0.0,-19.46336555480957
257.56626534461975,0.0,129.721,0.0,-19.460187911987305
257.5993015766144,0.0,129.709,0.0,-19.45541763305664
257.6307842731476,0.0,129.68,0.0,-19.452573776245117
257.6620304584503,0.0,129.629,0.0,-19.449968338012695
257.69540190696716,0.0,129.603,0.0,-19.442867279052734
257.72662448883057,0.0,129.576,0.0,-19.440202713012695
257.75885248184204,0.0,129.559,0.0,-19.437156677246094
257.7929060459137,0.0,129.524,0.0,-19.431114196777344
257.8246421813965,0.0,129.51,0.0,-19.428388595581055
257.85721945762634,0.0,129.473,0.0,-19.42584228515625
257.88970851898193,0.0,129.455,0.0,-19.422468185424805
257.92249584198,0.0,129.431,0.0,-19.415908813476562
257.95287442207336,0.0,129.427,0.0,-19.413057327270508
257.98459482192993,0.0,129.443,0.0,-19.411258697509766
258.0180160999298,0.0,129.43,0.0,-19.40985107421875
258.04816699028015,0.0,129.409,0.0,-19.408456802368164
258.0804853439331,0.0,129.354,0.0,-19.405916213989258
258.1124234199524,0.0,129.355,0.0,-19.40336799621582
258.1445107460022,0.0,129.321,0.0,-19.398880004882812
258.1766588687897,0.0,129.277,0.0,-19.395082473754883
258.20885252952576,0.0,129.219,0.0,-19.389841079711914
258.2407433986664,0.0,129.176,0.0,-19.383913040161133
258.2730886936188,0.0,129.155,0.0,-19.3765811920166
258.30533742904663,0.0,129.153,0.0,-19.373458862304688
258.3375897407532,0.0,129.13,0.0,-19.371122360229492
258.37040185928345,0.0,129.078,0.0,-19.36513900756836
258.40325379371643,0.0,129.014,0.0,-19.362018585205078
258.4358992576599,0.0,128.976,0.0,-19.357078552246094
258.4678084850311,0.0,128.975,0.0,-19.34789276123047
258.5085265636444,0.0,128.973,0.0,-19.344818115234375
258.53393745422363,0.0,128.964,0.0,-19.342744827270508
258.5743203163147,0.0,128.933,0.0,-19.338407516479492
258.6048741340637,0.0,128.909,0.0,-19.336196899414062
258.63671946525574,0.0,128.869,0.0,-19.334062576293945
258.6689658164978,0.0,128.838,0.0,-19.327295303344727
258.69994163513184,0.0,128.82,0.0,-19.32391929626465
258.7314429283142,0.0,128.801,0.0,-19.3206729888916
258.76374673843384,0.0,128.766,0.0,-19.318113327026367
258.7962238788605,0.0,128.749,0.0,-19.312105178833008
258.82724952697754,0.0,128.709,0.0,-19.308319091796875
258.8587911128998,0.0,128.716,0.0,-19.30584716796875
258.89539551734924,0.0,128.686,0.0,-19.301647186279297
258.9222946166992,0.0,128.655,0.0,-19.299907684326172
258.96848607063293,0.0,128.607,0.0,-19.29525375366211
259.00231647491455,0.0,128.603,0.0,-19.292095184326172
259.03291392326355,0.0,128.586,0.0,-19.28963279724121
259.064989566803,0.0,128.576,0.0,-19.28716278076172
259.09630393981934,0.0,128.574,0.0,-19.28335189819336
259.1285436153412,0.0,128.542,0.0,-19.281269073486328
259.16032457351685,0.0,128.504,0.0,-19.2794189453125
259.19151520729065,0.0,128.487,0.0,-19.276527404785156
259.2213807106018,0.0,128.464,0.0,-19.270709991455078
259.25709223747253,0.0,128.467,0.0,-19.268733978271484
259.28982067108154,0.0,128.46,0.0,-19.26725959777832
259.3316009044647,0.0,128.454,0.0,-19.264833450317383
259.3624403476715,0.0,128.411,0.0,-19.263500213623047
259.39452743530273,0.0,128.384,0.0,-19.258710861206055
259.42679047584534,0.0,128.257,0.0,-19.251441955566406
259.4571924209595,0.0,128.257,0.0,-19.245948791503906
259.49859404563904,0.0,128.234,0.0,-19.23735809326172
259.53067994117737,0.0,128.24,0.0,-19.234548568725586
259.5627336502075,0.0,128.248,0.0,-19.2327880859375
259.5958776473999,0.0,128.185,0.0,-19.228755950927734
259.6268091201782,0.0,128.139,0.0,-19.225954055786133
259.65862107276917,0.0,128.147,0.0,-19.22250747680664
259.6899290084839,0.0,128.152,0.0,-19.22032928466797
259.722195148468,0.0,128.133,0.0,-19.217330932617188
259.7540030479431,0.0,128.08,0.0,-19.215547561645508
259.7869243621826,0.0,128.028,0.0,-19.212711334228516
259.82015228271484,0.0,127.994,0.0,-19.20390510559082
259.85077691078186,0.0,127.951,0.0,-19.198715209960938
259.88345313072205,0.0,127.94,0.0,-19.194185256958008
259.9160113334656,0.0,127.932,0.0,-19.191055297851562
259.9563615322113,0.0,127.947,0.0,-19.187255859375
259.990097284317,0.0,127.872,0.0,-19.18391990661621
260.0384268760681,0.0,127.84,0.0,-19.178741455078125
260.0706629753113,0.0,127.828,0.0,-19.17335319519043
260.10232853889465,0.0,127.815,0.0,-19.17151641845703
260.1343529224396,0.0,127.806,0.0,-19.169700622558594
260.1660816669464,0.0,127.767,0.0,-19.168066024780273
260.1977415084839,0.0,127.743,0.0,-19.163108825683594
260.2297513484955,0.0,127.724,0.0,-19.160749435424805
260.2613308429718,0.0,127.708,0.0,-19.158267974853516
260.29346084594727,0.0,127.666,0.0,-19.15581512451172
260.3252851963043,0.0,127.624,0.0,-19.147947311401367
260.35718154907227,0.0,127.582,0.0,-19.14309310913086
260.38901710510254,0.0,127.538,0.0,-19.139366149902344
260.4222011566162,0.0,127.546,0.0,-19.131752014160156
260.45385456085205,0.0,127.528,0.0,-19.12881088256836
260.4847424030304,0.0,127.509,0.0,-19.12628173828125
260.5202283859253,0.0,127.501,0.0,-19.122257232666016
260.54929876327515,0.0,127.482,0.0,-19.120182037353516
260.58153200149536,0.0,127.458,0.0,-19.117721557617188
260.61329674720764,0.0,127.466,0.0,-19.11630630493164
260.6470489501953,0.0,127.486,0.0,-19.114694595336914
260.6846740245819,0.0,127.462,0.0,-19.1152286529541
260.71064734458923,0.0,127.449,0.0,-19.11475944519043
260.74973797798157,0.0,127.373,0.0,-19.11245346069336
260.7833466529846,0.0,127.356,0.0,-19.109207153320312
260.81443095207214,0.0,127.337,0.0,-19.106090545654297
260.8467662334442,0.0,127.352,0.0,-19.101348876953125
260.87734055519104,0.0,127.338,0.0,-19.099267959594727
260.9096450805664,0.0,127.346,0.0,-19.09811019897461
260.94609785079956,0.0,127.294,0.0,-19.095243453979492
260.97510862350464,0.0,127.256,0.0,-19.091882705688477
261.0080544948578,0.0,127.128,0.0,-19.087251663208008
261.03834533691406,0.0,127.132,0.0,-19.08055305480957
261.07365822792053,0.0,127.147,0.0,-19.072668075561523
261.10542368888855,0.0,127.174,0.0,-19.07162857055664
261.1373734474182,0.0,127.132,0.0,-19.069961547851562
261.1711165904999,0.0,127.103,0.0,-19.065502166748047
261.20068287849426,0.0,127.064,0.0,-19.06202507019043
261.2335593700409,0.0,127.044,0.0,-19.058631896972656
261.2642877101898,0.0,127.001,0.0,-19.05585479736328
261.29657435417175,0.0,126.97,0.0,-19.049760818481445
261.32893538475037,0.0,126.944,0.0,-19.046611785888672
261.360347032547,0.0,126.937,0.0,-19.043230056762695
261.3965859413147,0.0,126.925,0.0,-19.037979125976562
261.43446254730225,0.0,126.925,0.0,-19.035362243652344
261.459041595459,0.0,126.91,0.0,-19.034324645996094
261.4900109767914,0.0,126.896,0.0,-19.033037185668945
261.52230739593506,0.0,126.888,0.0,-19.030269622802734
261.5549259185791,0.0,126.81,0.0,-19.02782440185547
261.58561658859253,0.0,126.777,0.0,-19.024337768554688
261.62175250053406,0.0,126.76,0.0,-19.016748428344727
261.6502013206482,0.0,126.749,0.0,-19.013612747192383
261.6819660663605,0.0,126.71,0.0,-19.010406494140625
261.71388268470764,0.0,126.691,0.0,-19.007356643676758
261.7456429004669,0.0,126.689,0.0,-19.0020809173584
261.7783408164978,0.0,126.686,0.0,-19.000349044799805
261.81001567840576,0.0,126.662,0.0,-18.998146057128906
261.84170937538147,0.0,126.585,0.0,-18.995363235473633
261.8737106323242,0.0,126.592,0.0,-18.988658905029297
261.90448331832886,0.0,126.567,0.0,-18.985685348510742
261.9364447593689,0.0,126.573,0.0,-18.983530044555664
261.96855449676514,0.0,126.512,0.0,-18.982261657714844
262.00218415260315,0.0,126.495,0.0,-18.977632522583008
262.0328514575958,0.0,126.46,0.0,-18.97484016418457
262.06437945365906,0.0,126.435,0.0,-18.97134780883789
262.10633277893066,0.0,126.425,0.0,-18.96466827392578
262.1443667411804,0.0,126.425,0.0,-18.962440490722656
262.1756262779236,0.0,126.425,0.0,-18.959781646728516
262.20753049850464,0.0,126.403,0.0,-18.95908546447754
262.240110874176,0.0,126.359,0.0,-18.957754135131836
262.27323961257935,0.0,126.361,0.0,-18.953079223632812
262.3037474155426,0.0,126.332,0.0,-18.9500789642334
262.3360228538513,0.0,126.306,0.0,-18.94830322265625
262.3681523799896,0.0,126.291,0.0,-18.94596290588379
262.4009437561035,0.0,126.282,0.0,-18.941600799560547
262.4325575828552,0.0,126.254,0.0,-18.938966751098633
262.4646921157837,0.0,126.256,0.0,-18.93705177307129
262.49956941604614,0.0,126.223,0.0,-18.933528900146484
262.5298252105713,0.0,126.206,0.0,-18.93119239807129
262.5631513595581,0.0,126.129,0.0,-18.928455352783203
262.595011472702,0.0,126.144,0.0,-18.924274444580078
262.62672996520996,0.0,126.089,0.0,-18.91769790649414
262.67213892936707,0.0,126.073,0.0,-18.913286209106445
262.7032766342163,0.0,126.061,0.0,-18.910846710205078
262.73635840415955,0.0,126.059,0.0,-18.908588409423828
262.77304697036743,0.0,126.036,0.0,-18.904741287231445
262.8004050254822,0.0,126.032,0.0,-18.903038024902344
262.841197013855,0.0,126.009,0.0,-18.90184783935547
262.8734269142151,0.0,125.952,0.0,-18.896446228027344
262.89897441864014,0.0,125.944,0.0,-18.893417358398438
262.9293246269226,0.0,125.91,0.0,-18.88905906677246
262.96186351776123,0.0,125.903,0.0,-18.886531829833984
262.9927170276642,0.0,125.868,0.0,-18.884418487548828
263.0245158672333,0.0,125.87,0.0,-18.87936782836914
263.05725026130676,0.0,125.808,0.0,-18.875289916992188
263.0892698764801,0.0,125.756,0.0,-18.871809005737305
263.122926235199,0.0,125.729,0.0,-18.863243103027344
263.1533555984497,0.0,125.691,0.0,-18.858478546142578
263.19012331962585,0.0,125.666,0.0,-18.85390281677246
263.223797082901,0.0,125.636,0.0,-18.846630096435547
263.25308322906494,0.0,125.614,0.0,-18.84398078918457
263.2858474254608,0.0,125.59,0.0,-18.84117889404297
263.3169832229614,0.0,125.574,0.0,-18.838172912597656
263.3486454486847,0.0,125.526,0.0,-18.832563400268555
263.38133811950684,0.0,125.511,0.0,-18.82931900024414
263.41349172592163,0.0,125.455,0.0,-18.826345443725586
263.44986391067505,0.0,125.46,0.0,-18.81876564025879
263.4772448539734,0.0,125.435,0.0,-18.815998077392578
263.50997376441956,0.0,125.454,0.0,-18.813522338867188
263.54206109046936,0.0,125.418,0.0,-18.812572479248047
263.57267117500305,0.0,125.392,0.0,-18.80793571472168
263.6072461605072,0.0,125.38,0.0,-18.805614471435547
263.6376051902771,0.0,125.354,0.0,-18.802879333496094
263.6736800670624,0.0,125.342,0.0,-18.799039840698242
263.69871163368225,0.0,125.335,0.0,-18.797441482543945
263.7234206199646,0.0,125.319,0.0,-18.795673370361328
263.75438046455383,0.0,125.312,0.0,-18.794151306152344
263.786283493042,0.0,125.295,0.0,-18.792394638061523
263.8183562755585,0.0,125.26,0.0,-18.7904109954834
263.84986639022827,0.0,125.241,0.0,-18.785980224609375
263.8834366798401,0.0,125.224,0.0,-18.784320831298828
263.91531109809875,0.0,125.196,0.0,-18.782447814941406
263.94906520843506,0.0,125.185,0.0,-18.777801513671875
263.98016691207886,0.0,125.17,0.0,-18.776138305664062
264.0133764743805,0.0,125.175,0.0,-18.774343490600586
264.0452928543091,0.0,125.154,0.0,-18.773283004760742
264.0767071247101,0.0,125.102,0.0,-18.770959854125977
264.10896492004395,0.0,125.083,0.0,-18.767940521240234
264.1403501033783,0.0,125.078,0.0,-18.764915466308594
264.17416524887085,0.0,125.027,0.0,-18.758563995361328
264.204913854599,0.0,125.028,0.0,-18.755699157714844
264.2368960380554,0.0,124.958,0.0,-18.752513885498047
264.2672965526581,0.0,124.967,0.0,-18.748329162597656
264.3076627254486,0.0,124.974,0.0,-18.743921279907227
264.33943152427673,0.0,124.978,0.0,-18.742586135864258
264.37435841560364,0.0,124.987,0.0,-18.742082595825195
264.40463614463806,0.0,124.973,0.0,-18.741661071777344
264.4369819164276,0.0,124.947,0.0,-18.7403507232666
264.4684648513794,0.0,124.832,0.0,-18.735998153686523
264.50171637535095,0.0,124.836,0.0,-18.728944778442383
264.53373312950134,0.0,124.836,0.0,-18.726299285888672
264.56453371047974,0.0,124.819,0.0,-18.724376678466797
264.60001158714294,0.0,124.832,0.0,-18.721359252929688
264.62880420684814,0.0,124.788,0.0,-18.719282150268555
264.66124296188354,0.0,124.772,0.0,-18.71741485595703
264.69322061538696,0.0,124.751,0.0,-18.71541404724121
264.72572779655457,0.0,124.74,0.0,-18.710960388183594
264.75774931907654,0.0,124.712,0.0,-18.708749771118164
264.7837550640106,0.0,124.665,0.0,-18.70665168762207
264.8146185874939,0.0,124.633,0.0,-18.703170776367188
264.8491299152374,0.0,124.596,0.0,-18.69478988647461
264.87789392471313,0.0,124.594,0.0,-18.69138526916504
264.90915060043335,0.0,124.583,0.0,-18.688426971435547
264.9418103694916,0.0,124.577,0.0,-18.686277389526367
264.9837975502014,0.0,124.544,0.0,-18.68187713623047
265.00797843933105,0.0,124.513,0.0,-18.678680419921875
265.0375599861145,0.0,124.457,0.0,-18.67634391784668
265.0752384662628,0.0,124.45,0.0,-18.669057846069336
265.1024658679962,0.0,124.4,0.0,-18.665081024169922
265.13434314727783,0.0,124.401,0.0,-18.66164779663086
265.16473269462585,0.0,124.384,0.0,-18.6591854095459
265.1981871128082,0.0,124.382,0.0,-18.65487289428711
265.22923469543457,0.0,124.38,0.0,-18.65351104736328
265.2601532936096,0.0,124.349,0.0,-18.652599334716797
265.29138112068176,0.0,124.31,0.0,-18.65073013305664
265.3171031475067,0.0,124.275,0.0,-18.647777557373047
265.3491270542145,0.0,124.249,0.0,-18.640399932861328
265.38165044784546,0.0,124.25,0.0,-18.637676239013672
265.4139940738678,0.0,124.247,0.0,-18.63558578491211
265.44519090652466,0.0,124.27,0.0,-18.634109497070312
265.47754311561584,0.0,124.251,0.0,-18.63337516784668
265.51088285446167,0.0,124.245,0.0,-18.632705688476562
265.5418848991394,0.0,124.214,0.0,-18.632095336914062
265.5736405849457,0.0,124.171,0.0,-18.630643844604492
265.6060359477997,0.0,124.146,0.0,-18.62469482421875
265.639445066452,0.0,124.107,0.0,-18.62238883972168
265.667738199234,0.0,124.106,0.0,-18.619081497192383
265.70829725265503,0.0,124.097,0.0,-18.614501953125
265.73958349227905,0.0,124.08,0.0,-18.6129150390625
265.7747793197632,0.0,124.051,0.0,-18.608577728271484
265.80302810668945,0.0,124.015,0.0,-18.605239868164062
265.83197808265686,0.0,123.986,0.0,-18.602020263671875
265.8646910190582,0.0,123.984,0.0,-18.59918975830078
265.8966920375824,0.0,123.951,0.0,-18.597042083740234
265.9286644458771,0.0,123.915,0.0,-18.590478897094727
265.9611551761627,0.0,123.855,0.0,-18.586530685424805
265.99239134788513,0.0,123.872,0.0,-18.582351684570312
266.02430486679077,0.0,123.875,0.0,-18.579975128173828
266.0561182498932,0.0,123.856,0.0,-18.576536178588867
266.0885000228882,0.0,123.834,0.0,-18.574302673339844
266.12008595466614,0.0,123.753,0.0,-18.570863723754883
266.15224146842957,0.0,123.73,0.0,-18.562807083129883
266.1836152076721,0.0,123.699,0.0,-18.558574676513672
266.21556210517883,0.0,123.689,0.0,-18.55503273010254
266.2469689846039,0.0,123.689,0.0,-18.55245018005371
266.2786605358124,0.0,123.665,0.0,-18.549659729003906
266.3106212615967,0.0,123.641,0.0,-18.547740936279297
266.33654499053955,0.0,123.624,0.0,-18.545391082763672
266.3687279224396,0.0,123.608,0.0,-18.543001174926758
266.39467883110046,0.0,123.605,0.0,-18.540620803833008
266.4271845817566,0.0,123.576,0.0,-18.536296844482422
266.45839762687683,0.0,123.563,0.0,-18.534460067749023
266.49054527282715,0.0,123.524,0.0,-18.532669067382812
266.52304339408875,0.0,123.536,0.0,-18.5297794342041
266.55548667907715,0.0,123.485,0.0,-18.52492904663086
266.58692812919617,0.0,123.455,0.0,-18.52220916748047
266.6190586090088,0.0,123.45,0.0,-18.51931381225586
266.65226793289185,0.0,123.437,0.0,-18.514795303344727
266.6823043823242,0.0,123.409,0.0,-18.512046813964844
266.7147173881531,0.0,123.397,0.0,-18.509552001953125
266.7466857433319,0.0,123.365,0.0,-18.506200790405273
266.7782208919525,0.0,123.358,0.0,-18.502351760864258
266.81032729148865,0.0,123.325,0.0,-18.500951766967773
266.8424687385559,0.0,123.3,0.0,-18.498613357543945
266.87725949287415,0.0,123.248,0.0,-18.492431640625
266.9019215106964,0.0,123.25,0.0,-18.489177703857422
266.9343991279602,0.0,123.246,0.0,-18.486879348754883
266.96655106544495,0.0,123.219,0.0,-18.485069274902344
266.9978778362274,0.0,123.225,0.0,-18.482667922973633
267.0393669605255,0.0,123.221,0.0,-18.479934692382812
267.0667746067047,0.0,123.22,0.0,-18.479167938232422
267.1072664260864,0.0,123.211,0.0,-18.47799301147461
267.13922572135925,0.0,123.188,0.0,-18.47658348083496
267.17117834091187,0.0,123.173,0.0,-18.47563934326172
267.20296454429626,0.0,123.174,0.0,-18.473548889160156
267.2340943813324,0.0,123.18,0.0,-18.473251342773438
267.2661817073822,0.0,123.131,0.0,-18.472524642944336
267.2977514266968,0.0,123.124,0.0,-18.470579147338867
267.3300576210022,0.0,123.084,0.0,-18.4659481048584
267.3608226776123,0.0,123.074,0.0,-18.463359832763672
267.39323830604553,0.0,123.055,0.0,-18.461450576782227
267.43236660957336,0.0,123.021,0.0,-18.45793342590332
267.47141766548157,0.0,123.018,0.0,-18.45531463623047
267.5043878555298,0.0,122.977,0.0,-18.451099395751953
267.5347571372986,0.0,122.984,0.0,-18.448476791381836
267.566730260849,0.0,122.967,0.0,-18.44684410095215
267.6015465259552,0.0,122.911,0.0,-18.441268920898438
267.6312701702118,0.0,122.893,0.0,-18.43775749206543
267.66331005096436,0.0,122.852,0.0,-18.434228897094727
267.6957688331604,0.0,122.859,0.0,-18.430818557739258
267.72878313064575,0.0,122.852,0.0,-18.426708221435547
267.76035833358765,0.0,122.847,0.0,-18.425159454345703
267.78256368637085,0.0,122.818,0.0,-18.42286491394043
267.8274898529053,0.0,122.788,0.0,-18.418270111083984
267.858567237854,0.0,122.762,0.0,-18.415544509887695
267.8906478881836,0.0,122.759,0.0,-18.41343116760254
267.9235608577728,0.0,122.724,0.0,-18.41090965270996
267.9546811580658,0.0,122.703,0.0,-18.40696907043457
267.98582577705383,0.0,122.7,0.0,-18.404932022094727
268.0181963443756,0.0,122.689,0.0,-18.403350830078125
268.0524995326996,0.0,122.665,0.0,-18.399677276611328
268.0816674232483,0.0,122.636,0.0,-18.397363662719727
268.11381578445435,0.0,122.586,0.0,-18.3952693939209
268.1464161872864,0.0,122.563,0.0,-18.391664505004883
268.1785924434662,0.0,122.549,0.0,-18.384750366210938
268.20968294143677,0.0,122.505,0.0,-18.3815860748291
268.24166893959045,0.0,122.513,0.0,-18.378177642822266
268.27783846855164,0.0,122.498,0.0,-18.37384033203125
268.30648374557495,0.0,122.479,0.0,-18.371496200561523
268.33809304237366,0.0,122.467,0.0,-18.369312286376953
268.3710334300995,0.0,122.402,0.0,-18.365779876708984
268.4033944606781,0.0,122.396,0.0,-18.359716415405273
268.4356498718262,0.0,122.389,0.0,-18.357465744018555
268.4605522155762,0.0,122.41,0.0,-18.35674476623535
268.4906253814697,0.0,122.386,0.0,-18.35531234741211
268.5168101787567,0.0,122.355,0.0,-18.353031158447266
268.5570092201233,0.0,122.285,0.0,-18.348613739013672
268.5893723964691,0.0,122.251,0.0,-18.345285415649414
268.6209044456482,0.0,122.229,0.0,-18.341411590576172
268.6544313430786,0.0,122.215,0.0,-18.334030151367188
268.68487071990967,0.0,122.236,0.0,-18.33160400390625
268.7166771888733,0.0,122.202,0.0,-18.330751419067383
268.7492165565491,0.0,122.184,0.0,-18.32880401611328
268.78294348716736,0.0,122.173,0.0,-18.32469940185547
268.81480145454407,0.0,122.137,0.0,-18.32225227355957
268.846529006958,0.0,122.138,0.0,-18.320026397705078
268.87911462783813,0.0,122.111,0.0,-18.316272735595703
268.9107630252838,0.0,122.085,0.0,-18.3135986328125
268.9422390460968,0.0,122.051,0.0,-18.310943603515625
268.97771310806274,0.0,122.07,0.0,-18.307188034057617
269.00704622268677,0.0,122.051,0.0,-18.305652618408203
269.0339548587799,0.0,122.046,0.0,-18.304378509521484
269.0661175251007,0.0,122.043,0.0,-18.30338478088379
269.09689712524414,0.0,121.966,0.0,-18.300504684448242
269.12998270988464,0.0,121.941,0.0,-18.295085906982422
269.1697578430176,0.0,121.936,0.0,-18.292377471923828
269.20358300209045,0.0,121.883,0.0,-18.288373947143555
269.22789001464844,0.0,121.871,0.0,-18.285112380981445
269.25908637046814,0.0,121.856,0.0,-18.28220558166504
269.2924108505249,0.0,121.858,0.0,-18.27945327758789
269.32358145713806,0.0,121.851,0.0,-18.27753448486328
269.3549566268921,0.0,121.832,0.0,-18.273929595947266
269.38699674606323,0.0,121.821,0.0,-18.27283477783203
269.4194242954254,0.0,121.807,0.0,-18.271350860595703
269.4516861438751,0.0,121.783,0.0,-18.269731521606445
269.4839081764221,0.0,121.712,0.0,-18.263051986694336
269.51606464385986,0.0,121.713,0.0,-18.259708404541016
269.53749227523804,0.0,121.679,0.0,-18.255817413330078
269.56916999816895,0.0,121.701,0.0,-18.253860473632812
269.6051709651947,0.0,121.695,0.0,-18.251184463500977
269.632559299469,0.0,121.642,0.0,-18.248180389404297
269.66424560546875,0.0,121.642,0.0,-18.24597930908203
269.6963493824005,0.0,121.612,0.0,-18.244400024414062
269.7291650772095,0.0,121.587,0.0,-18.239879608154297
269.76115798950195,0.0,121.574,0.0,-18.23773956298828
269.7936074733734,0.0,121.526,0.0,-18.235658645629883
269.8251552581787,0.0,121.516,0.0,-18.232152938842773
269.8565185070038,0.0,121.475,0.0,-18.226146697998047
269.88244915008545,0.0,121.491,0.0,-18.223031997680664
269.9228231906891,0.0,121.48,0.0,-18.221424102783203
269.9542989730835,0.0,121.482,0.0,-18.21884536743164
269.9872512817383,0.0,121.455,0.0,-18.218524932861328
270.0193419456482,0.0,121.445,0.0,-18.2169246673584
270.0559356212616,0.0,121.412,0.0,-18.212907791137695
270.09042477607727,0.0,121.362,0.0,-18.209007263183594
270.12257623672485,0.0,121.302,0.0,-18.20560073852539
270.1541175842285,0.0,121.272,0.0,-18.196434020996094
270.1852993965149,0.0,121.252,0.0,-18.192142486572266
270.21730637550354,0.0,121.208,0.0,-18.187116622924805
270.24964237213135,0.0,121.221,0.0,-18.183380126953125
270.2812294960022,0.0,121.231,0.0,-18.179851531982422
270.31317234039307,0.0,121.205,0.0,-18.179189682006836
270.3450367450714,0.0,121.168,0.0,-18.177730560302734
270.3759534358978,0.0,121.129,0.0,-18.175186157226562
270.4078347682953,0.0,121.062,0.0,-18.16669464111328
270.4403786659241,0.0,121.071,0.0,-18.16261863708496
270.47193574905396,0.0,121.065,0.0,-18.159996032714844
270.50565242767334,0.0,121.048,0.0,-18.15566062927246
270.5376663208008,0.0,120.98,0.0,-18.153806686401367
270.5736701488495,0.0,120.978,0.0,-18.14995765686035
270.60505771636963,0.0,120.991,0.0,-18.145483016967773
270.6384770870209,0.0,120.989,0.0,-18.14434051513672
270.67005801200867,0.0,120.976,0.0,-18.143386840820312
270.7069900035858,0.0,120.96,0.0,-18.14118194580078
270.7340352535248,0.0,120.954,0.0,-18.140073776245117
270.7671649456024,0.0,120.931,0.0,-18.138370513916016
270.79866647720337,0.0,120.877,0.0,-18.134902954101562
270.8303062915802,0.0,120.88,0.0,-18.129552841186523
270.86247849464417,0.0,120.885,0.0,-18.128570556640625
270.8936960697174,0.0,120.871,0.0,-18.128141403198242
270.92602157592773,0.0,120.878,0.0,-18.127336502075195
270.95719838142395,0.0,120.818,0.0,-18.12541389465332
270.99001455307007,0.0,120.829,0.0,-18.123313903808594
271.0214593410492,0.0,120.815,0.0,-18.122251510620117
271.05530285835266,0.0,120.824,0.0,-18.12040138244629
271.0856544971466,0.0,120.82,0.0,-18.119909286499023
271.1127886772156,0.0,120.802,0.0,-18.11957550048828
271.1565372943878,0.0,120.769,0.0,-18.11669158935547
271.18550753593445,0.0,120.728,0.0,-18.113508224487305
271.2183165550232,0.0,120.651,0.0,-18.10970115661621
271.25031661987305,0.0,120.651,0.0,-18.105043411254883
271.29057335853577,0.0,120.649,0.0,-18.09885597229004
271.32508516311646,0.0,120.648,0.0,-18.096179962158203
271.36240220069885,0.0,120.64,0.0,-18.093685150146484
271.3944454193115,0.0,120.616,0.0,-18.09185028076172
271.4317307472229,0.0,120.588,0.0,-18.090377807617188
271.4578778743744,0.0,120.596,0.0,-18.08843421936035
271.490193605423,0.0,120.59,0.0,-18.087366104125977
271.52164220809937,0.0,120.587,0.0,-18.08638572692871
271.55496644973755,0.0,120.579,0.0,-18.084739685058594
271.5852520465851,0.0,120.542,0.0,-18.08357810974121
271.6170611381531,0.0,120.525,0.0,-18.081798553466797
271.6416540145874,0.0,120.508,0.0,-18.07979393005371
271.6735055446625,0.0,120.481,0.0,-18.07761573791504
271.70538353919983,0.0,120.445,0.0,-18.071352005004883
271.7380094528198,0.0,120.404,0.0,-18.068424224853516
271.7697811126709,0.0,120.401,0.0,-18.06483268737793
271.80191135406494,0.0,120.389,0.0,-18.062036514282227
271.8338072299957,0.0,120.38,0.0,-18.057241439819336
271.86597061157227,0.0,120.398,0.0,-18.056379318237305
271.89806938171387,0.0,120.396,0.0,-18.05582618713379
271.93055486679077,0.0,120.374,0.0,-18.054283142089844
271.9624948501587,0.0,120.313,0.0,-18.050939559936523
271.9991056919098,0.0,120.284,0.0,-18.047739028930664
272.036714553833,0.0,120.309,0.0,-18.042749404907227
272.07611870765686,0.0,120.252,0.0,-18.042272567749023
272.1087341308594,0.0,120.171,0.0,-18.035863876342773
272.14044523239136,0.0,120.119,0.0,-18.031475067138672
272.1732385158539,0.0,120.119,0.0,-18.026016235351562
272.2063481807709,0.0,120.104,0.0,-18.018264770507812
272.23739671707153,0.0,120.081,0.0,-18.015031814575195
272.26916122436523,0.0,120.057,0.0,-18.01225471496582
272.30108189582825,0.0,120.046,0.0,-18.009246826171875
272.3330295085907,0.0,120.041,0.0,-18.004499435424805
272.36469864845276,0.0,119.992,0.0,-18.002260208129883
272.39795303344727,0.0,119.995,0.0,-17.999370574951172
272.4295120239258,0.0,119.958,0.0,-17.997404098510742
272.4617507457733,0.0,119.956,0.0,-17.992259979248047
272.49334716796875,0.0,119.979,0.0,-17.991657257080078
272.52533435821533,0.0,119.953,0.0,-17.989940643310547
272.5574941635132,0.0,119.935,0.0,-17.98771095275879
272.58789896965027,0.0,119.928,0.0,-17.986513137817383
272.61980843544006,0.0,119.921,0.0,-17.985408782958984
272.6512632369995,0.0,119.831,0.0,-17.98194122314453
272.68317222595215,0.0,119.805,0.0,-17.97645378112793
272.72401189804077,0.0,119.799,0.0,-17.973224639892578
272.7631530761719,0.0,119.819,0.0,-17.968692779541016
272.79630994796753,0.0,119.801,0.0,-17.968183517456055
272.83274817466736,0.0,119.803,0.0,-17.9665584564209
272.86013746261597,0.0,119.759,0.0,-17.96582794189453
272.8927788734436,0.0,119.77,0.0,-17.963897705078125
272.92492175102234,0.0,119.752,0.0,-17.962968826293945
272.9582750797272,0.0,119.737,0.0,-17.96000099182129
272.9889841079712,0.0,119.704,0.0,-17.957477569580078
273.0208628177643,0.0,119.678,0.0,-17.955413818359375
273.05729627609253,0.0,119.659,0.0,-17.95049476623535
273.0845673084259,0.0,119.643,0.0,-17.94796371459961
273.1167209148407,0.0,119.623,0.0,-17.945270538330078
273.1478455066681,0.0,119.619,0.0,-17.942790985107422
273.1807441711426,0.0,119.621,0.0,-17.940372467041016
273.2122995853424,0.0,119.626,0.0,-17.939956665039062
273.2406556606293,0.0,119.587,0.0,-17.938098907470703
273.2826159000397,0.0,119.51,0.0,-17.934688568115234
273.3129367828369,0.0,119.522,0.0,-17.93108367919922
273.3454341888428,0.0,119.506,0.0,-17.92889976501465
273.3774485588074,0.0,119.491,0.0,-17.92664337158203
273.4091429710388,0.0,119.476,0.0,-17.921972274780273
273.45954632759094,0.0,119.471,0.0,-17.918987274169922
273.48587369918823,0.0,119.478,0.0,-17.918588638305664
273.5253918170929,0.0,119.443,0.0,-17.918128967285156
273.5589368343353,0.0,119.408,0.0,-17.913684844970703
273.5897641181946,0.0,119.334,0.0,-17.910127639770508
273.6229450702667,0.0,119.335,0.0,-17.90592384338379
273.65405678749084,0.0,119.301,0.0,-17.902822494506836
273.6869595050812,0.0,119.296,0.0,-17.896148681640625
273.7182080745697,0.0,119.294,0.0,-17.893898010253906
273.7502157688141,0.0,119.24,0.0,-17.891315460205078
273.7838935852051,0.0,119.231,0.0,-17.885433197021484
273.8148353099823,0.0,119.21,0.0,-17.882587432861328
273.8475182056427,0.0,119.195,0.0,-17.879886627197266
273.8796989917755,0.0,119.139,0.0,-17.876712799072266
273.91188073158264,0.0,119.105,0.0,-17.871597290039062
273.94482469558716,0.0,119.114,0.0,-17.868141174316406
273.97681760787964,0.0,119.085,0.0,-17.865982055664062
274.00872898101807,0.0,119.079,0.0,-17.861661911010742
274.0409789085388,0.0,119.057,0.0,-17.85991096496582
274.0731146335602,0.0,119.028,0.0,-17.857765197753906
274.10565185546875,0.0,119.007,0.0,-17.852142333984375
274.13781356811523,0.0,118.976,0.0,-17.8487491607666
274.16965222358704,0.0,118.994,0.0,-17.846174240112305
274.20124554634094,0.0,119.024,0.0,-17.84515953063965
274.2332241535187,0.0,119.024,0.0,-17.84636116027832
274.2587802410126,0.0,119.0,0.0,-17.84592628479004
274.2904591560364,0.0,118.977,0.0,-17.844728469848633
274.3168296813965,0.0,118.941,0.0,-17.842390060424805
274.3482687473297,0.0,118.954,0.0,-17.840303421020508
274.3850407600403,0.0,118.964,0.0,-17.839778900146484
274.41302514076233,0.0,118.935,0.0,-17.838703155517578
274.44519686698914,0.0,118.841,0.0,-17.834012985229492
274.47697043418884,0.0,118.807,0.0,-17.83047866821289
274.50907158851624,0.0,118.767,0.0,-17.821752548217773
274.5418121814728,0.0,118.791,0.0,-17.818218231201172
274.57317662239075,0.0,118.795,0.0,-17.816619873046875
274.6108064651489,0.0,118.797,0.0,-17.81515121459961
274.6373703479767,0.0,118.754,0.0,-17.814022064208984
274.6682345867157,0.0,118.757,0.0,-17.812294006347656
274.6992266178131,0.0,118.737,0.0,-17.81119155883789
274.7317969799042,0.0,118.739,0.0,-17.809606552124023
274.76376366615295,0.0,118.739,0.0,-17.807865142822266
274.7955141067505,0.0,118.743,0.0,-17.80678939819336
274.8257477283478,0.0,118.728,0.0,-17.806848526000977
274.85016322135925,0.0,118.711,0.0,-17.806354522705078
274.89140129089355,0.0,118.709,0.0,-17.80455207824707
274.9324357509613,0.0,118.666,0.0,-17.80297088623047
274.95817375183105,0.0,118.667,0.0,-17.799720764160156
274.9848861694336,0.0,118.608,0.0,-17.79875373840332
275.0160639286041,0.0,118.621,0.0,-17.79560661315918
275.0485520362854,0.0,118.611,0.0,-17.793798446655273
275.0882840156555,0.0,118.597,0.0,-17.79005241394043
275.1207480430603,0.0,118.57,0.0,-17.78874969482422
275.1547226905823,0.0,118.563,0.0,-17.786693572998047
275.18633365631104,0.0,118.552,0.0,-17.784053802490234
275.2200837135315,0.0,118.532,0.0,-17.782564163208008
275.2570893764496,0.0,118.506,0.0,-17.778175354003906
275.28517413139343,0.0,118.47,0.0,-17.774831771850586
275.3229420185089,0.0,118.463,0.0,-17.772001266479492
275.3527421951294,0.0,118.482,0.0,-17.76995086669922
275.38359904289246,0.0,118.465,0.0,-17.76811408996582
275.4140303134918,0.0,118.463,0.0,-17.767236709594727
275.44294786453247,0.0,118.441,0.0,-17.765724182128906
275.4697935581207,0.0,118.406,0.0,-17.763174057006836
275.51034283638,0.0,118.385,0.0,-17.75895118713379
275.5377571582794,0.0,118.34,0.0,-17.755441665649414
275.5717089176178,0.0,118.329,0.0,-17.752365112304688
275.60639810562134,0.0,118.283,0.0,-17.74807357788086
275.6381051540375,0.0,118.269,0.0,-17.742061614990234
275.66832160949707,0.0,118.258,0.0,-17.739948272705078
275.6904413700104,0.0,118.225,0.0,-17.737972259521484
275.7211549282074,0.0,118.192,0.0,-17.735179901123047
275.75415229797363,0.0,118.194,0.0,-17.731754302978516
275.7855534553528,0.0,118.196,0.0,-17.727928161621094
275.8175127506256,0.0,118.197,0.0,-17.726688385009766
275.8576157093048,0.0,118.199,0.0,-17.72589111328125
275.89077711105347,0.0,118.154,0.0,-17.72433853149414
275.9212636947632,0.0,118.111,0.0,-17.722599029541016
275.9537949562073,0.0,118.094,0.0,-17.71955108642578
275.98696303367615,0.0,118.07,0.0,-17.713390350341797
276.02508783340454,0.0,118.058,0.0,-17.710529327392578
276.05946135520935,0.0,118.007,0.0,-17.704788208007812
276.0872609615326,0.0,118.015,0.0,-17.702425003051758
276.11839747428894,0.0,118.014,0.0,-17.7006778717041
276.15102458000183,0.0,118.044,0.0,-17.700456619262695
276.1910753250122,0.0,118.022,0.0,-17.699989318847656
276.22170877456665,0.0,117.983,0.0,-17.697940826416016
276.253121137619,0.0,117.938,0.0,-17.694564819335938
276.28553009033203,0.0,117.908,0.0,-17.688966751098633
276.3164391517639,0.0,117.869,0.0,-17.68668556213379
276.3564076423645,0.0,117.854,0.0,-17.683395385742188
276.3930096626282,0.0,117.824,0.0,-17.677919387817383
276.4289047718048,0.0,117.805,0.0,-17.675079345703125
276.46887469291687,0.0,117.809,0.0,-17.670194625854492
276.5009534358978,0.0,117.803,0.0,-17.668846130371094
276.5327525138855,0.0,117.797,0.0,-17.667675018310547
276.5652310848236,0.0,117.765,0.0,-17.664600372314453
276.59657621383667,0.0,117.738,0.0,-17.662004470825195
276.6285448074341,0.0,117.697,0.0,-17.66010856628418
276.66176986694336,0.0,117.697,0.0,-17.65477180480957
276.69241547584534,0.0,117.679,0.0,-17.652381896972656
276.72510719299316,0.0,117.663,0.0,-17.649433135986328
276.7528324127197,0.0,117.647,0.0,-17.647817611694336
276.7873101234436,0.0,117.65,0.0,-17.64486312866211
276.81875705718994,0.0,117.657,0.0,-17.644380569458008
276.85090255737305,0.0,117.65,0.0,-17.643821716308594
276.8884632587433,0.0,117.607,0.0,-17.643709182739258
276.91174936294556,0.0,117.59,0.0,-17.641788482666016
276.94166588783264,0.0,117.546,0.0,-17.639677047729492
276.9738483428955,0.0,117.569,0.0,-17.63628578186035
277.00617694854736,0.0,117.585,0.0,-17.634721755981445
277.0461411476135,0.0,117.576,0.0,-17.633527755737305
277.069406747818,0.0,117.534,0.0,-17.633161544799805
277.1033914089203,0.0,117.523,0.0,-17.631196975708008
277.13767290115356,0.0,117.505,0.0,-17.627159118652344
277.1663887500763,0.0,117.478,0.0,-17.625507354736328
277.19836711883545,0.0,117.468,0.0,-17.623266220092773
277.2304766178131,0.0,117.436,0.0,-17.621200561523438
277.2619581222534,0.0,117.403,0.0,-17.61485481262207
277.2950177192688,0.0,117.406,0.0,-17.612375259399414
277.3268029689789,0.0,117.39,0.0,-17.61039161682129
277.36200881004333,0.0,117.427,0.0,-17.60862159729004
277.4107859134674,0.0,117.348,0.0,-17.6049861907959
277.44096183776855,0.0,117.351,0.0,-17.6030330657959
277.4741415977478,0.0,117.288,0.0,-17.59897232055664
277.5061559677124,0.0,117.231,0.0,-17.595640182495117
277.5401966571808,0.0,117.224,0.0,-17.589271545410156
277.5725336074829,0.0,117.209,0.0,-17.586078643798828
277.6039741039276,0.0,117.211,0.0,-17.583099365234375
277.63681292533875,0.0,117.195,0.0,-17.579174041748047
277.668710231781,0.0,117.188,0.0,-17.577545166015625
277.70094442367554,0.0,117.178,0.0,-17.576112747192383
277.73541831970215,0.0,117.162,0.0,-17.573057174682617
277.77501010894775,0.0,117.148,0.0,-17.571685791015625
277.80609583854675,0.0,117.11,0.0,-17.570358276367188
277.83778953552246,0.0,117.109,0.0,-17.565963745117188
277.87286472320557,0.0,117.075,0.0,-17.564197540283203
277.893581867218,0.0,117.075,0.0,-17.561931610107422
277.93389081954956,0.0,117.009,0.0,-17.55974006652832
277.9582495689392,0.0,116.998,0.0,-17.555927276611328
277.9901168346405,0.0,116.962,0.0,-17.548683166503906
278.02332186698914,0.0,116.945,0.0,-17.545042037963867
278.0502679347992,0.0,116.921,0.0,-17.541345596313477
278.0885090827942,0.0,116.917,0.0,-17.53609275817871
278.1203215122223,0.0,116.917,0.0,-17.534664154052734
278.15352177619934,0.0,116.897,0.0,-17.533693313598633
278.18242502212524,0.0,116.893,0.0,-17.5322322845459
278.20614099502563,0.0,116.892,0.0,-17.53105926513672
278.2356586456299,0.0,116.892,0.0,-17.529367446899414
278.26854968070984,0.0,116.849,0.0,-17.52914810180664
278.30560874938965,0.0,116.84,0.0,-17.52727699279785
278.3393189907074,0.0,116.812,0.0,-17.523143768310547
278.3661456108093,0.0,116.762,0.0,-17.519746780395508
278.4009072780609,0.0,116.769,0.0,-17.516761779785156
278.4237174987793,0.0,116.754,0.0,-17.51485824584961
278.4705274105072,0.0,116.746,0.0,-17.511396408081055
278.50371861457825,0.0,116.689,0.0,-17.510074615478516
278.53747057914734,0.0,116.68,0.0,-17.503936767578125
278.5769007205963,0.0,116.642,0.0,-17.500938415527344
278.5995149612427,0.0,116.654,0.0,-17.498062133789062
278.6262562274933,0.0,116.641,0.0,-17.4964599609375
278.67047452926636,0.0,116.627,0.0,-17.493032455444336
278.69787669181824,0.0,116.603,0.0,-17.49077606201172
278.7315728664398,0.0,116.606,0.0,-17.489566802978516
278.75533843040466,0.0,116.603,0.0,-17.488449096679688
278.79135942459106,0.0,116.596,0.0,-17.486696243286133
278.8207311630249,0.0,116.572,0.0,-17.486122131347656
278.85638403892517,0.0,116.561,0.0,-17.48476791381836
278.8820743560791,0.0,116.549,0.0,-17.48335075378418
278.91415548324585,0.0,116.554,0.0,-17.480558395385742
278.94036960601807,0.0,116.545,0.0,-17.480072021484375
278.9760248661041,0.0,116.546,0.0,-17.47940444946289
279.01726484298706,0.0,116.501,0.0,-17.478286743164062
279.0573320388794,0.0,116.486,0.0,-17.47641372680664
279.08420991897583,0.0,116.459,0.0,-17.474411010742188
279.1153964996338,0.0,116.433,0.0,-17.46877670288086
279.15671038627625,0.0,116.414,0.0,-17.46580696105957
279.1911096572876,0.0,116.392,0.0,-17.460914611816406
279.2200644016266,0.0,116.394,0.0,-17.459083557128906
279.2564902305603,0.0,116.331,0.0,-17.456127166748047
279.2915005683899,0.0,116.331,0.0,-17.4505672454834
279.3237135410309,0.0,116.312,0.0,-17.448047637939453
279.34785509109497,0.0,116.31,0.0,-17.446125030517578
279.39002776145935,0.0,116.247,0.0,-17.440977096557617
279.4150016307831,0.0,116.242,0.0,-17.43834114074707
279.4438285827637,0.0,116.243,0.0,-17.436206817626953
279.4885559082031,0.0,116.23,0.0,-17.433128356933594
279.52415323257446,0.0,116.171,0.0,-17.43025016784668
279.5588366985321,0.0,116.159,0.0,-17.42742347717285
279.58817195892334,0.0,116.152,0.0,-17.422679901123047
279.62695384025574,0.0,116.175,0.0,-17.421499252319336
279.659108877182,0.0,116.162,0.0,-17.421289443969727
279.68953013420105,0.0,116.155,0.0,-17.420040130615234
279.7216696739197,0.0,116.142,0.0,-17.41908836364746
279.75315284729004,0.0,116.122,0.0,-17.418027877807617
279.7927134037018,0.0,116.109,0.0,-17.415536880493164
279.82723236083984,0.0,116.061,0.0,-17.414207458496094
279.84547209739685,0.0,116.061,0.0,-17.41162872314453
279.8768038749695,0.0,116.034,0.0,-17.408588409423828
279.90732169151306,0.0,116.045,0.0,-17.406288146972656
279.9573185443878,0.0,116.033,0.0,-17.403074264526367
279.98867988586426,0.0,115.946,0.0,-17.401811599731445
280.0323476791382,0.0,115.942,0.0,-17.397863388061523
280.067186832428,0.0,115.95,0.0,-17.392620086669922
280.0958788394928,0.0,115.939,0.0,-17.391212463378906
280.1398968696594,0.0,115.933,0.0,-17.38819694519043
280.1645255088806,0.0,115.933,0.0,-17.38737678527832
280.19028210639954,0.0,115.86,0.0,-17.385032653808594
280.22369718551636,0.0,115.827,0.0,-17.38205337524414
280.2573411464691,0.0,115.803,0.0,-17.378461837768555
280.2842559814453,0.0,115.812,0.0,-17.374780654907227
280.31547808647156,0.0,115.806,0.0,-17.37045669555664
280.36526107788086,0.0,115.732,0.0,-17.364160537719727
280.39948296546936,0.0,115.703,0.0,-17.360551834106445
280.4248118400574,0.0,115.703,0.0,-17.357421875
280.45815682411194,0.0,115.68,0.0,-17.355045318603516
280.49069905281067,0.0,115.662,0.0,-17.349824905395508
280.5247142314911,0.0,115.605,0.0,-17.34552574157715
280.558066368103,0.0,115.584,0.0,-17.342378616333008
280.5907373428345,0.0,115.569,0.0,-17.336177825927734
280.61532282829285,0.0,115.578,0.0,-17.334394454956055
280.6452441215515,0.0,115.55,0.0,-17.331979751586914
280.6813759803772,0.0,115.48,0.0,-17.33025360107422
280.70692682266235,0.0,115.455,0.0,-17.326114654541016
280.7395179271698,0.0,115.431,0.0,-17.318126678466797
280.77314043045044,0.0,115.42,0.0,-17.31511116027832
280.80009627342224,0.0,115.419,0.0,-17.312469482421875
280.84026861190796,0.0,115.406,0.0,-17.308517456054688
280.8671221733093,0.0,115.412,0.0,-17.30722999572754
280.89919686317444,0.0,115.407,0.0,-17.306629180908203
280.9420828819275,0.0,115.403,0.0,-17.304790496826172
280.97535610198975,0.0,115.386,0.0,-17.304750442504883
281.0155301094055,0.0,115.394,0.0,-17.304079055786133
281.0490584373474,0.0,115.393,0.0,-17.30507469177246
281.078955411911,0.0,115.398,0.0,-17.304969787597656
281.12496876716614,0.0,115.419,0.0,-17.306983947753906
281.1493504047394,0.0,115.419,0.0,-17.30777359008789
281.1767303943634,0.0,115.407,0.0,-17.30848503112793
281.2071361541748,0.0,115.379,0.0,-17.308542251586914
281.24217343330383,0.0,115.379,0.0,-17.306663513183594
281.27575945854187,0.0,115.369,0.0,-17.305675506591797
281.30879187583923,0.0,115.344,0.0,-17.30449676513672
281.34941267967224,0.0,115.336,0.0,-17.301631927490234
281.3833785057068,0.0,115.308,0.0,-17.299415588378906
281.40874695777893,0.0,115.25,0.0,-17.29775619506836
281.44370889663696,0.0,115.232,0.0,-17.29027557373047
281.47330260276794,0.0,115.231,0.0,-17.287689208984375
281.50616216659546,0.0,115.213,0.0,-17.285728454589844
281.54131388664246,0.0,115.157,0.0,-17.28121566772461
281.5738525390625,0.0,115.135,0.0,-17.277870178222656
281.60703897476196,0.0,115.126,0.0,-17.274450302124023
281.63970947265625,0.0,115.114,0.0,-17.26886558532715
281.67244577407837,0.0,115.105,0.0,-17.26708221435547
281.7086992263794,0.0,115.103,0.0,-17.2652645111084
281.75162267684937,0.0,115.056,0.0,-17.26258087158203
281.783732175827,0.0,115.043,0.0,-17.260040283203125
281.81633138656616,0.0,115.029,0.0,-17.255287170410156
281.85065841674805,0.0,114.997,0.0,-17.252235412597656
281.88316321372986,0.0,114.99,0.0,-17.249984741210938
281.9165470600128,0.0,114.983,0.0,-17.24639129638672
281.9467988014221,0.0,114.971,0.0,-17.244707107543945
281.97846126556396,0.0,114.968,0.0,-17.24338722229004
282.01122856140137,0.0,114.92,0.0,-17.242137908935547
282.05005979537964,0.0,114.907,0.0,-17.239028930664062
282.0832242965698,0.0,114.907,0.0,-17.236845016479492
282.122109413147,0.0,114.887,0.0,-17.23332977294922
282.1506609916687,0.0,114.852,0.0,-17.23189926147461
282.18209862709045,0.0,114.819,0.0,-17.22942352294922
282.2060339450836,0.0,114.809,0.0,-17.226221084594727
282.2367916107178,0.0,114.791,0.0,-17.22342872619629
282.2678542137146,0.0,114.793,0.0,-17.218936920166016
282.29757857322693,0.0,114.786,0.0,-17.217453002929688
282.34633803367615,0.0,114.768,0.0,-17.214441299438477
282.38244700431824,0.0,114.753,0.0,-17.213247299194336
282.4087724685669,0.0,114.732,0.0,-17.2117977142334
282.4414186477661,0.0,114.709,0.0,-17.207555770874023
282.47376441955566,0.0,114.686,0.0,-17.20488166809082
282.50224137306213,0.0,114.683,0.0,-17.202791213989258
282.5331485271454,0.0,114.675,0.0,-17.200942993164062
282.56545519828796,0.0,114.665,0.0,-17.198278427124023
282.60194849967957,0.0,114.615,0.0,-17.195241928100586
282.6331753730774,0.0,114.58,0.0,-17.19240951538086
282.6581962108612,0.0,114.561,0.0,-17.189441680908203
282.69661378860474,0.0,114.573,0.0,-17.184768676757812
282.73355650901794,0.0,114.533,0.0,-17.181896209716797
282.7695770263672,0.0,114.457,0.0,-17.177013397216797
282.8012840747833,0.0,114.481,0.0,-17.173057556152344
282.8315098285675,0.0,114.513,0.0,-17.171127319335938
282.8672983646393,0.0,114.526,0.0,-17.171241760253906
282.897164106369,0.0,114.502,0.0,-17.171964645385742
282.9319784641266,0.0,114.441,0.0,-17.171615600585938
282.9603838920593,0.0,114.439,0.0,-17.16887664794922
282.9994902610779,0.0,114.389,0.0,-17.164052963256836
283.0247883796692,0.0,114.416,0.0,-17.1611270904541
283.05578660964966,0.0,114.375,0.0,-17.160099029541016
283.08557653427124,0.0,114.375,0.0,-17.157684326171875
283.1164734363556,0.0,114.376,0.0,-17.154691696166992
283.1472749710083,0.0,114.373,0.0,-17.153718948364258
283.1724646091461,0.0,114.392,0.0,-17.153860092163086
283.2130534648895,0.0,114.362,0.0,-17.153682708740234
283.238650560379,0.0,114.344,0.0,-17.152748107910156
283.27502846717834,0.0,114.327,0.0,-17.149635314941406
283.3041286468506,0.0,114.314,0.0,-17.147884368896484
283.3426446914673,0.0,114.322,0.0,-17.145971298217773
283.36614990234375,0.0,114.321,0.0,-17.145544052124023
283.3997826576233,0.0,114.288,0.0,-17.143901824951172
283.4256753921509,0.0,114.286,0.0,-17.142621994018555
283.4732084274292,0.0,114.258,0.0,-17.13934326171875
283.50716948509216,0.0,114.277,0.0,-17.138940811157227
283.53241324424744,0.0,114.23,0.0,-17.138704299926758
283.57300877571106,0.0,114.196,0.0,-17.13465118408203
283.6054997444153,0.0,114.195,0.0,-17.13219451904297
283.6392889022827,0.0,114.183,0.0,-17.130329132080078
283.6651699542999,0.0,114.149,0.0,-17.12693214416504
283.6980998516083,0.0,114.158,0.0,-17.12456512451172
283.7340633869171,0.0,114.15,0.0,-17.12319564819336
283.7577977180481,0.0,114.123,0.0,-17.121883392333984
283.78522658348083,0.0,114.147,0.0,-17.11981773376465
283.8274483680725,0.0,114.075,0.0,-17.116607666015625
283.853963136673,0.0,114.04,0.0,-17.113967895507812
283.87828636169434,0.0,114.001,0.0,-17.110544204711914
283.90731263160706,0.0,114.007,0.0,-17.10634994506836
283.9575791358948,0.0,114.009,0.0,-17.101707458496094
283.98635172843933,0.0,114.003,0.0,-17.10016632080078
284.0182204246521,0.0,114.009,0.0,-17.098148345947266
284.04942059516907,0.0,114.014,0.0,-17.09793472290039
284.0819652080536,0.0,113.997,0.0,-17.097023010253906
284.11330461502075,0.0,113.933,0.0,-17.096534729003906
284.14524960517883,0.0,113.919,0.0,-17.090749740600586
284.17368721961975,0.0,113.916,0.0,-17.088546752929688
284.2058937549591,0.0,113.888,0.0,-17.08576202392578
284.24865198135376,0.0,113.874,0.0,-17.082210540771484
284.27288341522217,0.0,113.862,0.0,-17.08006477355957
284.30525279045105,0.0,113.805,0.0,-17.07850456237793
284.33718967437744,0.0,113.809,0.0,-17.075002670288086
284.36731457710266,0.0,113.784,0.0,-17.0699462890625
284.3947160243988,0.0,113.771,0.0,-17.06781768798828
284.42605471611023,0.0,113.761,0.0,-17.06573486328125
284.46233010292053,0.0,113.761,0.0,-17.063814163208008
284.4872214794159,0.0,113.766,0.0,-17.062437057495117
284.5174000263214,0.0,113.758,0.0,-17.060880661010742
284.54842805862427,0.0,113.698,0.0,-17.05955696105957
284.58954763412476,0.0,113.678,0.0,-17.056907653808594
284.62144351005554,0.0,113.663,0.0,-17.051427841186523
284.65274357795715,0.0,113.646,0.0,-17.04857063293457
284.67888736724854,0.0,113.622,0.0,-17.0466365814209
284.7094359397888,0.0,113.599,0.0,-17.044240951538086
284.74323892593384,0.0,113.58,0.0,-17.03874969482422
284.7730128765106,0.0,113.554,0.0,-17.035619735717773
284.79804039001465,0.0,113.544,0.0,-17.032896041870117
284.8417327404022,0.0,113.568,0.0,-17.030433654785156
284.8731572628021,0.0,113.546,0.0,-17.02932357788086
284.9017345905304,0.0,113.549,0.0,-17.028703689575195
284.9442002773285,0.0,113.512,0.0,-17.027620315551758
284.971316576004,0.0,113.496,0.0,-17.026134490966797
285.0069010257721,0.0,113.492,0.0,-17.02440643310547
285.0484688282013,0.0,113.435,0.0,-17.020483016967773
285.09002661705017,0.0,113.403,0.0,-17.017751693725586
285.11934518814087,0.0,113.384,0.0,-17.01109504699707
285.1479573249817,0.0,113.398,0.0,-17.009197235107422
285.18002939224243,0.0,113.416,0.0,-17.00788116455078
285.20413398742676,0.0,113.436,0.0,-17.00772476196289
285.2391769886017,0.0,113.412,0.0,-17.008544921875
285.27328276634216,0.0,113.416,0.0,-17.008302688598633
285.304988861084,0.0,113.335,0.0,-17.006900787353516
285.3376009464264,0.0,113.321,0.0,-17.004003524780273
285.36886763572693,0.0,113.29,0.0,-16.997909545898438
285.40067315101624,0.0,113.287,0.0,-16.995288848876953
285.43274903297424,0.0,113.297,0.0,-16.9935245513916
285.46431493759155,0.0,113.304,0.0,-16.992507934570312
285.49241876602173,0.0,113.312,0.0,-16.992231369018555
285.53222727775574,0.0,113.304,0.0,-16.99207305908203
285.5581204891205,0.0,113.283,0.0,-16.991147994995117
285.59584617614746,0.0,113.278,0.0,-16.989843368530273
285.62197279930115,0.0,113.284,0.0,-16.98968505859375
285.6560118198395,0.0,113.287,0.0,-16.989755630493164
285.68124318122864,0.0,113.267,0.0,-16.989871978759766
285.70626044273376,0.0,113.238,0.0,-16.989179611206055
285.7409019470215,0.0,113.241,0.0,-16.98748016357422
285.7731263637543,0.0,113.227,0.0,-16.984603881835938
285.8043420314789,0.0,113.225,0.0,-16.98365020751953
285.8370690345764,0.0,113.212,0.0,-16.982887268066406
285.8642587661743,0.0,113.206,0.0,-16.981809616088867
285.90361428260803,0.0,113.153,0.0,-16.9793701171875
285.9382953643799,0.0,113.132,0.0,-16.976783752441406
285.9888837337494,0.0,113.13,0.0,-16.97193145751953
286.0202257633209,0.0,113.144,0.0,-16.969636917114258
286.05321645736694,0.0,113.126,0.0,-16.969938278198242
286.08457112312317,0.0,113.08,0.0,-16.968769073486328
286.11685514450073,0.0,113.051,0.0,-16.965999603271484
286.15059995651245,0.0,113.013,0.0,-16.958641052246094
286.1817331314087,0.0,113.004,0.0,-16.954864501953125
286.2153124809265,0.0,112.987,0.0,-16.95237159729004
286.24692153930664,0.0,112.994,0.0,-16.94825553894043
286.28445053100586,0.0,112.986,0.0,-16.947769165039062
286.3238625526428,0.0,112.998,0.0,-16.9461612701416
286.35548520088196,0.0,112.946,0.0,-16.94378662109375
286.38299226760864,0.0,112.902,0.0,-16.9401912689209
286.4140319824219,0.0,112.853,0.0,-16.93683433532715
286.44620537757874,0.0,112.873,0.0,-16.93112564086914
286.4782385826111,0.0,112.861,0.0,-16.929590225219727
286.51017117500305,0.0,112.859,0.0,-16.928007125854492
286.5458941459656,0.0,112.858,0.0,-16.925941467285156
286.5735547542572,0.0,112.813,0.0,-16.923442840576172
286.60581851005554,0.0,112.796,0.0,-16.92165184020996
286.63844203948975,0.0,112.774,0.0,-16.919654846191406
286.6654510498047,0.0,112.793,0.0,-16.917287826538086
286.69085144996643,0.0,112.78,0.0,-16.916357040405273
286.7229690551758,0.0,112.759,0.0,-16.913509368896484
286.7559869289398,0.0,112.702,0.0,-16.911842346191406
286.787291765213,0.0,112.699,0.0,-16.90871810913086
286.8201103210449,0.0,112.675,0.0,-16.90347671508789
286.8519501686096,0.0,112.661,0.0,-16.90083122253418
286.8854110240936,0.0,112.653,0.0,-16.89914321899414
286.9158318042755,0.0,112.66,0.0,-16.89735984802246
286.9479682445526,0.0,112.661,0.0,-16.895771026611328
286.98003458976746,0.0,112.647,0.0,-16.894811630249023
287.0115282535553,0.0,112.603,0.0,-16.892316818237305
287.0449254512787,0.0,112.581,0.0,-16.888498306274414
287.0690722465515,0.0,112.56,0.0,-16.886798858642578
287.10946130752563,0.0,112.523,0.0,-16.884702682495117
287.1417577266693,0.0,112.518,0.0,-16.881624221801758
287.17302942276,0.0,112.5,0.0,-16.87752342224121
287.2056231498718,0.0,112.485,0.0,-16.875415802001953
287.2371301651001,0.0,112.486,0.0,-16.873260498046875
287.26980423927307,0.0,112.464,0.0,-16.8697452545166
287.3021967411041,0.0,112.438,0.0,-16.86788558959961
287.3321032524109,0.0,112.392,0.0,-16.86587905883789
287.36450123786926,0.0,112.363,0.0,-16.862499237060547
287.39685106277466,0.0,112.355,0.0,-16.855669021606445
287.4278025627136,0.0,112.351,0.0,-16.85321807861328
287.4592332839966,0.0,112.357,0.0,-16.850936889648438
287.4917850494385,0.0,112.345,0.0,-16.85004997253418
287.5248456001282,0.0,112.347,0.0,-16.848342895507812
287.55617666244507,0.0,112.334,0.0,-16.847415924072266
287.587908744812,0.0,112.318,0.0,-16.846466064453125
287.62321615219116,0.0,112.287,0.0,-16.843538284301758
287.6525342464447,0.0,112.257,0.0,-16.842119216918945
287.68444323539734,0.0,112.242,0.0,-16.83985710144043
287.7163498401642,0.0,112.251,0.0,-16.83757209777832
287.7410776615143,0.0,112.244,0.0,-16.836278915405273
287.77296328544617,0.0,112.266,0.0,-16.834585189819336
287.8059046268463,0.0,112.244,0.0,-16.834880828857422
287.8469135761261,0.0,112.25,0.0,-16.834129333496094
287.87624168395996,0.0,112.222,0.0,-16.834178924560547
287.90844106674194,0.0,112.227,0.0,-16.833026885986328
287.94043350219727,0.0,112.228,0.0,-16.832412719726562
287.97333097457886,0.0,112.201,0.0,-16.830690383911133
288.0046932697296,0.0,112.203,0.0,-16.830039978027344
288.0359184741974,0.0,112.177,0.0,-16.829345703125
288.07233333587646,0.0,112.16,0.0,-16.82590675354004
288.10039377212524,0.0,112.146,0.0,-16.823936462402344
288.1325349807739,0.0,112.136,0.0,-16.82205581665039
288.1644711494446,0.0,112.141,0.0,-16.820711135864258
288.19658303260803,0.0,112.141,0.0,-16.819355010986328
288.2282943725586,0.0,112.123,0.0,-16.8182373046875
288.2541000843048,0.0,112.132,0.0,-16.817813873291016
288.2862448692322,0.0,112.111,0.0,-16.816667556762695
288.32359051704407,0.0,112.05,0.0,-16.81355094909668
288.35000133514404,0.0,112.01,0.0,-16.81099510192871
288.38194584846497,0.0,111.994,0.0,-16.807405471801758
288.4143524169922,0.0,112.001,0.0,-16.804031372070312
288.4561812877655,0.0,111.994,0.0,-16.80048942565918
288.49980092048645,0.0,111.974,0.0,-16.797571182250977
288.52356719970703,0.0,111.974,0.0,-16.796010971069336
288.5554938316345,0.0,111.957,0.0,-16.79438591003418
288.58873200416565,0.0,111.935,0.0,-16.793004989624023
288.62138080596924,0.0,111.907,0.0,-16.788532257080078
288.65323519706726,0.0,111.896,0.0,-16.78617286682129
288.6848421096802,0.0,111.871,0.0,-16.783306121826172
288.7164785861969,0.0,111.893,0.0,-16.781265258789062
288.74897146224976,0.0,111.877,0.0,-16.779701232910156
288.78149485588074,0.0,111.867,0.0,-16.778593063354492
288.8136281967163,0.0,111.833,0.0,-16.77702522277832
288.8457362651825,0.0,111.806,0.0,-16.775270462036133
288.87836813926697,0.0,111.779,0.0,-16.769960403442383
288.90940618515015,0.0,111.759,0.0,-16.7669677734375
288.9409918785095,0.0,111.739,0.0,-16.763826370239258
288.9731698036194,0.0,111.72,0.0,-16.7591552734375
289.0055265426636,0.0,111.693,0.0,-16.75738525390625
289.03694772720337,0.0,111.685,0.0,-16.754989624023438
289.069149017334,0.0,111.688,0.0,-16.752906799316406
289.10086822509766,0.0,111.665,0.0,-16.75112533569336
289.1325342655182,0.0,111.636,0.0,-16.749393463134766
289.16559052467346,0.0,111.614,0.0,-16.746936798095703
289.1902141571045,0.0,111.619,0.0,-16.744213104248047
289.2300715446472,0.0,111.637,0.0,-16.74134635925293
289.2608230113983,0.0,111.618,0.0,-16.741165161132812
289.29321551322937,0.0,111.634,0.0,-16.740324020385742
289.3224914073944,0.0,111.603,0.0,-16.73931312561035
289.3541214466095,0.0,111.585,0.0,-16.737852096557617
289.38694524765015,0.0,111.56,0.0,-16.73672103881836
289.4179480075836,0.0,111.554,0.0,-16.73487663269043
289.45025968551636,0.0,111.531,0.0,-16.731159210205078
289.4825792312622,0.0,111.494,0.0,-16.72888946533203
289.514288187027,0.0,111.48,0.0,-16.72637939453125
289.5464448928833,0.0,111.459,0.0,-16.72393798828125
289.5785686969757,0.0,111.473,0.0,-16.719871520996094
289.61049342155457,0.0,111.475,0.0,-16.718305587768555
289.6422715187073,0.0,111.474,0.0,-16.71786117553711
289.67446994781494,0.0,111.437,0.0,-16.715871810913086
289.70649099349976,0.0,111.442,0.0,-16.714855194091797
289.738089799881,0.0,111.427,0.0,-16.71352195739746
289.77016377449036,0.0,111.424,0.0,-16.71169090270996
289.8024125099182,0.0,111.4,0.0,-16.709739685058594
289.8319044113159,0.0,111.373,0.0,-16.708755493164062
289.8744785785675,0.0,111.373,0.0,-16.70602798461914
289.91357684135437,0.0,111.348,0.0,-16.70498275756836
289.94840574264526,0.0,111.349,0.0,-16.701936721801758
289.9779677391052,0.0,111.307,0.0,-16.700407028198242
290.0109598636627,0.0,111.318,0.0,-16.698165893554688
290.0424807071686,0.0,111.259,0.0,-16.696971893310547
290.0738425254822,0.0,111.228,0.0,-16.689857482910156
290.1057138442993,0.0,111.205,0.0,-16.686552047729492
290.1380639076233,0.0,111.176,0.0,-16.683589935302734
290.17429208755493,0.0,111.175,0.0,-16.677610397338867
290.2017161846161,0.0,111.152,0.0,-16.674766540527344
290.2341957092285,0.0,111.142,0.0,-16.672258377075195
290.26678371429443,0.0,111.145,0.0,-16.671525955200195
290.29842615127563,0.0,111.153,0.0,-16.669452667236328
290.33105850219727,0.0,111.146,0.0,-16.668758392333984
290.37388849258423,0.0,111.133,0.0,-16.66730499267578
290.4056510925293,0.0,111.129,0.0,-16.666669845581055
290.43787574768066,0.0,111.113,0.0,-16.66559410095215
290.47010040283203,0.0,111.069,0.0,-16.664846420288086
290.5007207393646,0.0,111.074,0.0,-16.662036895751953
290.53276014328003,0.0,111.079,0.0,-16.66069793701172
290.5644898414612,0.0,111.082,0.0,-16.65995216369629
290.60520482063293,0.0,111.063,0.0,-16.659908294677734
290.63155031204224,0.0,111.062,0.0,-16.658889770507812
290.67104148864746,0.0,111.031,0.0,-16.658126831054688
290.7041778564453,0.0,110.992,0.0,-16.654403686523438
290.73528146743774,0.0,110.968,0.0,-16.651912689208984
290.7669291496277,0.0,110.985,0.0,-16.649049758911133
290.7997603416443,0.0,110.991,0.0,-16.646854400634766
290.8310356140137,0.0,110.987,0.0,-16.646167755126953
290.86348843574524,0.0,110.913,0.0,-16.64466094970703
290.9069540500641,0.0,110.868,0.0,-16.63726234436035
290.9401521682739,0.0,110.868,0.0,-16.634145736694336
290.9713206291199,0.0,110.87,0.0,-16.631744384765625
291.0042576789856,0.0,110.881,0.0,-16.62933349609375
291.03590393066406,0.0,110.878,0.0,-16.628734588623047
291.0686604976654,0.0,110.831,0.0,-16.626766204833984
291.1003358364105,0.0,110.799,0.0,-16.623937606811523
291.1320044994354,0.0,110.825,0.0,-16.62160301208496
291.16515159606934,0.0,110.818,0.0,-16.62097930908203
291.19660115242004,0.0,110.821,0.0,-16.620290756225586
291.2290527820587,0.0,110.804,0.0,-16.619047164916992
291.26098823547363,0.0,110.806,0.0,-16.618452072143555
291.29228138923645,0.0,110.758,0.0,-16.61815071105957
291.325523853302,0.0,110.763,0.0,-16.61456871032715
291.3502633571625,0.0,110.716,0.0,-16.611581802368164
291.389817237854,0.0,110.659,0.0,-16.60846519470215
291.4225363731384,0.0,110.638,0.0,-16.60086441040039
291.4485321044922,0.0,110.608,0.0,-16.59679412841797
291.4810104370117,0.0,110.589,0.0,-16.592952728271484
291.5133430957794,0.0,110.622,0.0,-16.590641021728516
291.5448319911957,0.0,110.625,0.0,-16.58980941772461
291.5788402557373,0.0,110.586,0.0,-16.587566375732422
291.6269721984863,0.0,110.569,0.0,-16.58490753173828
291.65742111206055,0.0,110.549,0.0,-16.582839965820312
291.68975591659546,0.0,110.555,0.0,-16.581594467163086
291.72700333595276,0.0,110.502,0.0,-16.579151153564453
291.75356101989746,0.0,110.442,0.0,-16.576805114746094
291.7861166000366,0.0,110.436,0.0,-16.572566986083984
291.81833004951477,0.0,110.429,0.0,-16.569137573242188
291.85077452659607,0.0,110.505,0.0,-16.56614875793457
291.8840637207031,0.0,110.516,0.0,-16.567401885986328
291.9149217605591,0.0,110.521,0.0,-16.568933486938477
291.9577238559723,0.0,110.448,0.0,-16.570964813232422
291.9887318611145,0.0,110.408,0.0,-16.569063186645508
292.02532935142517,0.0,110.345,0.0,-16.56101417541504
292.0609233379364,0.0,110.328,0.0,-16.556541442871094
292.09039282798767,0.0,110.324,0.0,-16.55317497253418
292.11805629730225,0.0,110.364,0.0,-16.55050277709961
292.15652227401733,0.0,110.336,0.0,-16.54892921447754
292.1872766017914,0.0,110.33,0.0,-16.54777717590332
292.2038428783417,0.0,110.37,0.0,-16.548662185668945
292.2363579273224,0.0,110.371,0.0,-16.54947853088379
292.26772952079773,0.0,110.324,0.0,-16.549097061157227
292.2996711730957,0.0,110.254,0.0,-16.54427146911621
292.33206725120544,0.0,110.208,0.0,-16.541467666625977
292.3648269176483,0.0,110.212,0.0,-16.537450790405273
292.39578890800476,0.0,110.197,0.0,-16.53460121154785
292.42808508872986,0.0,110.218,0.0,-16.53030776977539
292.46117544174194,0.0,110.194,0.0,-16.529624938964844
292.48516297340393,0.0,110.169,0.0,-16.528186798095703
292.51691579818726,0.0,110.157,0.0,-16.526121139526367
292.5493905544281,0.0,110.12,0.0,-16.521102905273438
292.58142733573914,0.0,110.118,0.0,-16.519084930419922
292.613486289978,0.0,110.107,0.0,-16.517330169677734
292.64520931243896,0.0,110.104,0.0,-16.51561164855957
292.67705273628235,0.0,110.088,0.0,-16.512638092041016
292.7087993621826,0.0,110.082,0.0,-16.511356353759766
292.74926948547363,0.0,110.085,0.0,-16.51033592224121
292.78255105018616,0.0,110.092,0.0,-16.50971031188965
292.82236909866333,0.0,110.12,0.0,-16.510927200317383
292.8539378643036,0.0,110.106,0.0,-16.512210845947266
292.88629817962646,0.0,110.095,0.0,-16.512014389038086
292.9192659854889,0.0,110.056,0.0,-16.511329650878906
292.9515850543976,0.0,110.053,0.0,-16.5085506439209
292.98245763778687,0.0,110.025,0.0,-16.506460189819336
293.0164942741394,0.0,110.005,0.0,-16.50406265258789
293.04834604263306,0.0,110.01,0.0,-16.50235366821289
293.0806829929352,0.0,110.003,0.0,-16.500316619873047
293.11279010772705,0.0,109.984,0.0,-16.49948501586914
293.1446204185486,0.0,110.0,0.0,-16.49810791015625
293.17712116241455,0.0,109.985,0.0,-16.49674415588379
293.20946526527405,0.0,109.983,0.0,-16.4962158203125
293.24134635925293,0.0,109.947,0.0,-16.49578094482422
293.2733950614929,0.0,109.927,0.0,-16.493989944458008
293.3060359954834,0.0,109.866,0.0,-16.489534378051758
293.33713030815125,0.0,109.86,0.0,-16.485939025878906
293.3690564632416,0.0,109.864,0.0,-16.48297882080078
293.4017524719238,0.0,109.852,0.0,-16.478933334350586
293.4336724281311,0.0,109.838,0.0,-16.47688102722168
293.457640171051,0.0,109.82,0.0,-16.474624633789062
293.4900116920471,0.0,109.786,0.0,-16.472042083740234
293.52163434028625,0.0,109.787,0.0,-16.469633102416992
293.5577790737152,0.0,109.781,0.0,-16.466413497924805
293.5925576686859,0.0,109.782,0.0,-16.465394973754883
293.6262843608856,0.0,109.758,0.0,-16.462890625
293.6567986011505,0.0,109.75,0.0,-16.46193504333496
293.68959188461304,0.0,109.764,0.0,-16.460947036743164
293.721364736557,0.0,109.744,0.0,-16.460853576660156
293.75284123420715,0.0,109.683,0.0,-16.45853042602539
293.7848048210144,0.0,109.651,0.0,-16.455814361572266
293.8166630268097,0.0,109.64,0.0,-16.45244789123535
293.85211992263794,0.0,109.626,0.0,-16.44666290283203
293.8811912536621,0.0,109.619,0.0,-16.443748474121094
293.9138743877411,0.0,109.599,0.0,-16.442138671875
293.9462707042694,0.0,109.6,0.0,-16.440155029296875
293.9775891304016,0.0,109.606,0.0,-16.43803596496582
294.0100169181824,0.0,109.588,0.0,-16.43681526184082
294.0421211719513,0.0,109.574,0.0,-16.436004638671875
294.0769476890564,0.0,109.542,0.0,-16.432682037353516
294.1062185764313,0.0,109.542,0.0,-16.43109893798828
294.1393506526947,0.0,109.503,0.0,-16.428327560424805
294.1710481643677,0.0,109.511,0.0,-16.426273345947266
294.2043459415436,0.0,109.491,0.0,-16.42346954345703
294.24605441093445,0.0,109.496,0.0,-16.422500610351562
294.2777261734009,0.0,109.484,0.0,-16.420955657958984
294.3086242675781,0.0,109.5,0.0,-16.420310974121094
294.34059834480286,0.0,109.508,0.0,-16.420564651489258
294.3727867603302,0.0,109.493,0.0,-16.421171188354492
294.40404534339905,0.0,109.472,0.0,-16.4207763671875
294.43576192855835,0.0,109.471,0.0,-16.420013427734375
294.4695014953613,0.0,109.472,0.0,-16.419437408447266
294.50410556793213,0.0,109.451,0.0,-16.417991638183594
294.5332233905792,0.0,109.434,0.0,-16.41702651977539
294.5656213760376,0.0,109.398,0.0,-16.41578483581543
294.60697889328003,0.0,109.403,0.0,-16.411762237548828
294.63447737693787,0.0,109.389,0.0,-16.409992218017578
294.66708540916443,0.0,109.344,0.0,-16.40650177001953
294.70378518104553,0.0,109.292,0.0,-16.400245666503906
294.7315158843994,0.0,109.275,0.0,-16.396581649780273
294.7630658149719,0.0,109.268,0.0,-16.393543243408203
294.7961962223053,0.0,109.273,0.0,-16.391498565673828
294.82732224464417,0.0,109.238,0.0,-16.3887996673584
294.8602809906006,0.0,109.22,0.0,-16.38665199279785
294.8932554721832,0.0,109.208,0.0,-16.38433074951172
294.9288659095764,0.0,109.224,0.0,-16.38119888305664
294.9546663761139,0.0,109.226,0.0,-16.38091278076172
294.98792243003845,0.0,109.224,0.0,-16.380531311035156
295.0203242301941,0.0,109.227,0.0,-16.38024139404297
295.05261993408203,0.0,109.195,0.0,-16.37894630432129
295.0851218700409,0.0,109.162,0.0,-16.37693977355957
295.1173677444458,0.0,109.095,0.0,-16.37516975402832
295.1546914577484,0.0,109.088,0.0,-16.367677688598633
295.18517446517944,0.0,109.077,0.0,-16.364688873291016
295.2171142101288,0.0,109.095,0.0,-16.361759185791016
295.24984884262085,0.0,109.093,0.0,-16.361064910888672
295.282288312912,0.0,109.068,0.0,-16.359188079833984
295.3148236274719,0.0,109.045,0.0,-16.357267379760742
295.3453161716461,0.0,108.968,0.0,-16.3535213470459
295.3792462348938,0.0,108.962,0.0,-16.346843719482422
295.40931129455566,0.0,108.957,0.0,-16.344635009765625
295.44126200675964,0.0,108.942,0.0,-16.34282875061035
295.4727520942688,0.0,108.929,0.0,-16.340911865234375
295.50457072257996,0.0,108.991,0.0,-16.339134216308594
295.5368638038635,0.0,108.985,0.0,-16.340436935424805
295.5692274570465,0.0,108.964,0.0,-16.34128761291504
295.604385137558,0.0,108.941,0.0,-16.340150833129883
295.64158725738525,0.0,108.934,0.0,-16.3391170501709
295.6782901287079,0.0,108.951,0.0,-16.33868408203125
295.7083559036255,0.0,108.966,0.0,-16.339576721191406
295.7405261993408,0.0,108.91,0.0,-16.33969497680664
295.773051738739,0.0,108.883,0.0,-16.338117599487305
295.80602765083313,0.0,108.854,0.0,-16.33287239074707
295.83599185943604,0.0,108.86,0.0,-16.330909729003906
295.8680064678192,0.0,108.837,0.0,-16.328493118286133
295.90442276000977,0.0,108.796,0.0,-16.323654174804688
295.9319500923157,0.0,108.804,0.0,-16.32171630859375
295.96385383605957,0.0,108.77,0.0,-16.318870544433594
295.99642038345337,0.0,108.741,0.0,-16.315536499023438
296.0294260978699,0.0,108.724,0.0,-16.3122615814209
296.06087946891785,0.0,108.744,0.0,-16.30998992919922
296.09205961227417,0.0,108.739,0.0,-16.30916404724121
296.1289451122284,0.0,108.72,0.0,-16.307117462158203
296.15623593330383,0.0,108.706,0.0,-16.306161880493164
296.18967366218567,0.0,108.695,0.0,-16.304962158203125
296.224148273468,0.0,108.691,0.0,-16.30365562438965
296.2562048435211,0.0,108.693,0.0,-16.3018741607666
296.2883474826813,0.0,108.644,0.0,-16.29974365234375
296.3209433555603,0.0,108.659,0.0,-16.29779624938965
296.34839057922363,0.0,108.637,0.0,-16.297000885009766
296.3896324634552,0.0,108.648,0.0,-16.294950485229492
296.4221603870392,0.0,108.609,0.0,-16.29364776611328
296.4543149471283,0.0,108.611,0.0,-16.290884017944336
296.4851040840149,0.0,108.6,0.0,-16.289634704589844
296.51695108413696,0.0,108.597,0.0,-16.288616180419922
296.54813957214355,0.0,108.537,0.0,-16.286684036254883
296.581018447876,0.0,108.536,0.0,-16.28193473815918
296.61342668533325,0.0,108.524,0.0,-16.280405044555664
296.64454102516174,0.0,108.52,0.0,-16.27880096435547
296.677930355072,0.0,108.49,0.0,-16.2752685546875
296.71010875701904,0.0,108.475,0.0,-16.273855209350586
296.7404227256775,0.0,108.468,0.0,-16.272005081176758
296.7719798088074,0.0,108.471,0.0,-16.270362854003906
296.8046066761017,0.0,108.447,0.0,-16.267560958862305
296.8365430831909,0.0,108.436,0.0,-16.26612663269043
296.8677222728729,0.0,108.433,0.0,-16.264806747436523
296.8990695476532,0.0,108.435,0.0,-16.263742446899414
296.9323220252991,0.0,108.423,0.0,-16.262149810791016
296.9627549648285,0.0,108.393,0.0,-16.260244369506836
296.9953489303589,0.0,108.309,0.0,-16.25699806213379
297.03011870384216,0.0,108.309,0.0,-16.249799728393555
297.05693769454956,0.0,108.314,0.0,-16.24704360961914
297.081111907959,0.0,108.314,0.0,-16.245685577392578
297.11556935310364,0.0,108.355,0.0,-16.245994567871094
297.14666724205017,0.0,108.352,0.0,-16.24679183959961
297.1817696094513,0.0,108.324,0.0,-16.24671745300293
297.2112271785736,0.0,108.296,0.0,-16.24510955810547
297.24367117881775,0.0,108.266,0.0,-16.24297332763672
297.2826361656189,0.0,108.285,0.0,-16.240524291992188
297.3151969909668,0.0,108.272,0.0,-16.239608764648438
297.3475286960602,0.0,108.221,0.0,-16.23851203918457
297.37950682640076,0.0,108.204,0.0,-16.2335147857666
297.4115128517151,0.0,108.208,0.0,-16.231794357299805
297.4446997642517,0.0,108.178,0.0,-16.229284286499023
297.4812376499176,0.0,108.193,0.0,-16.22882652282715
297.5078248977661,0.0,108.182,0.0,-16.227859497070312
297.5396707057953,0.0,108.148,0.0,-16.226722717285156
297.5716574192047,0.0,108.15,0.0,-16.224489212036133
297.6041417121887,0.0,108.136,0.0,-16.220895767211914
297.6360487937927,0.0,108.141,0.0,-16.219703674316406
297.6694793701172,0.0,108.126,0.0,-16.219070434570312
297.70102977752686,0.0,108.087,0.0,-16.21802520751953
297.7355477809906,0.0,108.034,0.0,-16.212589263916016
297.7712562084198,0.0,108.016,0.0,-16.20937728881836
297.80179834365845,0.0,108.028,0.0,-16.206222534179688
297.83315682411194,0.0,108.02,0.0,-16.202713012695312
297.8664517402649,0.0,108.008,0.0,-16.201602935791016
297.89799427986145,0.0,107.992,0.0,-16.20024871826172
297.93110752105713,0.0,107.988,0.0,-16.197284698486328
297.95968747138977,0.0,107.959,0.0,-16.19512367248535
297.99286699295044,0.0,107.959,0.0,-16.19354248046875
298.02459168434143,0.0,107.944,0.0,-16.19178009033203
298.05629873275757,0.0,107.961,0.0,-16.18924331665039
298.0881600379944,0.0,107.948,0.0,-16.18943977355957
298.1203808784485,0.0,107.942,0.0,-16.189128875732422
298.1560010910034,0.0,107.932,0.0,-16.18804931640625
298.18391036987305,0.0,107.94,0.0,-16.187267303466797
298.21692848205566,0.0,107.922,0.0,-16.187402725219727
298.2484004497528,0.0,107.918,0.0,-16.186817169189453
298.28029012680054,0.0,107.918,0.0,-16.185882568359375
298.30700516700745,0.0,107.915,0.0,-16.185523986816406
298.33201837539673,0.0,107.895,0.0,-16.184459686279297
298.3625855445862,0.0,107.862,0.0,-16.182723999023438
298.3946623802185,0.0,107.858,0.0,-16.181015014648438
298.4290945529938,0.0,107.852,0.0,-16.179582595825195
298.4647192955017,0.0,107.847,0.0,-16.177125930786133
298.5043590068817,0.0,107.828,0.0,-16.174909591674805
298.53646183013916,0.0,107.829,0.0,-16.17394256591797
298.56839179992676,0.0,107.825,0.0,-16.173086166381836
298.60082626342773,0.0,107.818,0.0,-16.172229766845703
298.63311553001404,0.0,107.827,0.0,-16.171518325805664
298.6647891998291,0.0,107.838,0.0,-16.171985626220703
298.69715213775635,0.0,107.827,0.0,-16.171934127807617
298.72972655296326,0.0,107.804,0.0,-16.170825958251953
298.76312232017517,0.0,107.769,0.0,-16.17020034790039
298.7926766872406,0.0,107.769,0.0,-16.168289184570312
298.825222492218,0.0,107.735,0.0,-16.166854858398438
298.8516118526459,0.0,107.735,0.0,-16.164363861083984
298.884033203125,0.0,107.702,0.0,-16.159706115722656
298.91623544692993,0.0,107.715,0.0,-16.157615661621094
298.9480519294739,0.0,107.687,0.0,-16.1566104888916
298.9806468486786,0.0,107.714,0.0,-16.15446662902832
299.01015186309814,0.0,107.69,0.0,-16.1533260345459
299.04282879829407,0.0,107.659,0.0,-16.151416778564453
299.07456159591675,0.0,107.654,0.0,-16.149795532226562
299.1067407131195,0.0,107.643,0.0,-16.14692497253418
299.13939905166626,0.0,107.655,0.0,-16.146358489990234
299.1675570011139,0.0,107.646,0.0,-16.145610809326172
299.192822933197,0.0,107.621,0.0,-16.1440486907959
299.22436714172363,0.0,107.604,0.0,-16.142906188964844
299.25913095474243,0.0,107.592,0.0,-16.139751434326172
299.2891266345978,0.0,107.571,0.0,-16.13768196105957
299.3218274116516,0.0,107.529,0.0,-16.134387969970703
299.3527512550354,0.0,107.465,0.0,-16.131916046142578
299.3907961845398,0.0,107.488,0.0,-16.12389373779297
299.4227993488312,0.0,107.515,0.0,-16.122344970703125
299.4389615058899,0.0,107.51,0.0,-16.12238121032715
299.471387386322,0.0,107.447,0.0,-16.12229347229004
299.5091369152069,0.0,107.458,0.0,-16.118188858032227
299.5353116989136,0.0,107.46,0.0,-16.117218017578125
299.567170381546,0.0,107.467,0.0,-16.11709976196289
299.598970413208,0.0,107.442,0.0,-16.116840362548828
299.6309337615967,0.0,107.441,0.0,-16.11479377746582
299.66290974617004,0.0,107.424,0.0,-16.11347770690918
299.6945810317993,0.0,107.396,0.0,-16.11223793029785
299.72719955444336,0.0,107.366,0.0,-16.110469818115234
299.7590391635895,0.0,107.333,0.0,-16.104631423950195
299.7900745868683,0.0,107.331,0.0,-16.102088928222656
299.82030606269836,0.0,107.333,0.0,-16.100292205810547
299.85887694358826,0.0,107.33,0.0,-16.097463607788086
299.89015769958496,0.0,107.31,0.0,-16.096017837524414
299.91867876052856,0.0,107.299,0.0,-16.094524383544922
299.95063638687134,0.0,107.282,0.0,-16.092742919921875
299.98375487327576,0.0,107.259,0.0,-16.089345932006836
300.01462149620056,0.0,107.244,0.0,-16.088031768798828
300.04771757125854,0.0,107.25,0.0,-16.086471557617188
300.0631911754608,0.0,107.28,0.0,-16.085603713989258
300.09425234794617,0.0,107.271,0.0,-16.08627700805664
300.1267855167389,0.0,107.254,0.0,-16.086498260498047
300.1592619419098,0.0,107.198,0.0,-16.08551788330078
300.18928956985474,0.0,107.176,0.0,-16.08304786682129
300.2215232849121,0.0,107.192,0.0,-16.080278396606445
300.25631833076477,0.0,107.171,0.0,-16.07887840270996
300.2886278629303,0.0,107.166,0.0,-16.075681686401367
300.329062461853,0.0,107.13,0.0,-16.074453353881836
300.3612241744995,0.0,107.128,0.0,-16.070213317871094
300.3939685821533,0.0,107.087,0.0,-16.067136764526367
300.4244110584259,0.0,107.052,0.0,-16.064838409423828
300.465562582016,0.0,107.014,0.0,-16.05773162841797
300.49769473075867,0.0,107.014,0.0,-16.055028915405273
300.5384678840637,0.0,107.015,0.0,-16.05120849609375
300.5728049278259,0.0,107.001,0.0,-16.049962997436523
300.61210107803345,0.0,106.996,0.0,-16.047508239746094
300.64283514022827,0.0,107.016,0.0,-16.047571182250977
300.6753385066986,0.0,107.045,0.0,-16.047714233398438
300.70705246925354,0.0,106.979,0.0,-16.04912757873535
300.7395384311676,0.0,106.944,0.0,-16.048141479492188
300.77189779281616,0.0,106.95,0.0,-16.045425415039062
300.80449199676514,0.0,106.95,0.0,-16.04364585876465
300.8367280960083,0.0,106.981,0.0,-16.04111099243164
300.86887407302856,0.0,106.942,0.0,-16.041828155517578
300.9008858203888,0.0,106.936,0.0,-16.040813446044922
300.93364238739014,0.0,106.908,0.0,-16.037975311279297
300.97316813468933,0.0,106.848,0.0,-16.034664154052734
301.0053482055664,0.0,106.84,0.0,-16.031585693359375
301.03724002838135,0.0,106.838,0.0,-16.02690315246582
301.0704357624054,0.0,106.843,0.0,-16.025617599487305
301.1017782688141,0.0,106.867,0.0,-16.02500343322754
301.1354823112488,0.0,106.89,0.0,-16.026615142822266
301.16786003112793,0.0,106.887,0.0,-16.027557373046875
301.20042729377747,0.0,106.864,0.0,-16.027379989624023
301.23226404190063,0.0,106.833,0.0,-16.025493621826172
301.27365922927856,0.0,106.835,0.0,-16.024723052978516
301.3116157054901,0.0,106.87,0.0,-16.025951385498047
301.33705139160156,0.0,106.859,0.0,-16.02669334411621
301.37034702301025,0.0,106.797,0.0,-16.02684211730957
301.40188455581665,0.0,106.801,0.0,-16.024385452270508
301.43455481529236,0.0,106.774,0.0,-16.020788192749023
301.4666955471039,0.0,106.775,0.0,-16.018856048583984
301.49185013771057,0.0,106.752,0.0,-16.017452239990234
301.5242941379547,0.0,106.727,0.0,-16.015451431274414
301.5613865852356,0.0,106.725,0.0,-16.010915756225586
301.58768105506897,0.0,106.721,0.0,-16.00926971435547
301.6192297935486,0.0,106.724,0.0,-16.00856590270996
301.65094804763794,0.0,106.717,0.0,-16.007709503173828
301.68368911743164,0.0,106.71,0.0,-16.00589370727539
301.7165138721466,0.0,106.683,0.0,-16.004108428955078
301.74753737449646,0.0,106.657,0.0,-16.001697540283203
301.77977108955383,0.0,106.61,0.0,-15.999185562133789
301.8123161792755,0.0,106.627,0.0,-15.99442195892334
301.84357738494873,0.0,106.609,0.0,-15.992483139038086
301.8757300376892,0.0,106.574,0.0,-15.991064071655273
301.90759539604187,0.0,106.539,0.0,-15.988578796386719
301.9403386116028,0.0,106.546,0.0,-15.984127044677734
301.9737825393677,0.0,106.498,0.0,-15.982293128967285
302.01101422309875,0.0,106.512,0.0,-15.977045059204102
302.03668093681335,0.0,106.507,0.0,-15.975920677185059
302.0679759979248,0.0,106.496,0.0,-15.974684715270996
302.10055351257324,0.0,106.453,0.0,-15.973360061645508
302.1317865848541,0.0,106.457,0.0,-15.970622062683105
302.1637578010559,0.0,106.465,0.0,-15.967759132385254
302.1957161426544,0.0,106.499,0.0,-15.967662811279297
302.2264814376831,0.0,106.479,0.0,-15.968517303466797
302.2607328891754,0.0,106.469,0.0,-15.967995643615723
302.2899422645569,0.0,106.446,0.0,-15.966773986816406
302.32272362709045,0.0,106.425,0.0,-15.965015411376953
302.3549003601074,0.0,106.397,0.0,-15.96342945098877
302.3866295814514,0.0,106.379,0.0,-15.95913028717041
302.4190626144409,0.0,106.379,0.0,-15.957456588745117
302.4514191150665,0.0,106.359,0.0,-15.955400466918945
302.4860484600067,0.0,106.395,0.0,-15.95343017578125
302.51559114456177,0.0,106.388,0.0,-15.954034805297852
302.54200553894043,0.0,106.356,0.0,-15.954280853271484
302.5673785209656,0.0,106.304,0.0,-15.953192710876465
302.59993529319763,0.0,106.275,0.0,-15.950228691101074
302.63223600387573,0.0,106.275,0.0,-15.946784973144531
302.6733548641205,0.0,106.259,0.0,-15.94227123260498
302.7129292488098,0.0,106.272,0.0,-15.938796997070312
302.7385129928589,0.0,106.255,0.0,-15.938220977783203
302.7695667743683,0.0,106.237,0.0,-15.93714427947998
302.80337500572205,0.0,106.238,0.0,-15.935635566711426
302.83507442474365,0.0,106.226,0.0,-15.933355331420898
302.8671178817749,0.0,106.215,0.0,-15.932014465332031
302.89940452575684,0.0,106.22,0.0,-15.931642532348633
302.9314250946045,0.0,106.217,0.0,-15.931051254272461
302.9645609855652,0.0,106.238,0.0,-15.931090354919434
302.9963867664337,0.0,106.186,0.0,-15.929396629333496
303.02803134918213,0.0,106.215,0.0,-15.928987503051758
303.05997014045715,0.0,106.181,0.0,-15.927831649780273
303.0902214050293,0.0,106.172,0.0,-15.926520347595215
303.1168110370636,0.0,106.142,0.0,-15.924302101135254
303.1486406326294,0.0,106.122,0.0,-15.92264461517334
303.18085646629333,0.0,106.104,0.0,-15.920585632324219
303.2134826183319,0.0,106.06,0.0,-15.916350364685059
303.24543499946594,0.0,106.061,0.0,-15.91331672668457
303.2762944698334,0.0,106.027,0.0,-15.911087989807129
303.3071348667145,0.0,106.023,0.0,-15.908016204833984
303.3393142223358,0.0,106.024,0.0,-15.903451919555664
303.364209651947,0.0,106.042,0.0,-15.902250289916992
303.40200877189636,0.0,106.032,0.0,-15.902168273925781
303.43373823165894,0.0,106.019,0.0,-15.901771545410156
303.46644353866577,0.0,105.998,0.0,-15.899601936340332
303.49810314178467,0.0,105.953,0.0,-15.897377967834473
303.53055572509766,0.0,105.94,0.0,-15.895064353942871
303.56283807754517,0.0,105.918,0.0,-15.890227317810059
303.59435057640076,0.0,105.929,0.0,-15.888778686523438
303.6214003562927,0.0,105.944,0.0,-15.88837718963623
303.65255331993103,0.0,105.951,0.0,-15.887354850769043
303.68452310562134,0.0,105.928,0.0,-15.887738227844238
303.71722316741943,0.0,105.907,0.0,-15.885880470275879
303.7487778663635,0.0,105.933,0.0,-15.88497257232666
303.7807993888855,0.0,105.921,0.0,-15.885432243347168
303.8135461807251,0.0,105.918,0.0,-15.885807991027832
303.8630335330963,0.0,105.895,0.0,-15.885416984558105
303.89411544799805,0.0,105.866,0.0,-15.88446044921875
303.92617535591125,0.0,105.855,0.0,-15.882550239562988
303.9584410190582,0.0,105.857,0.0,-15.880659103393555
303.98940896987915,0.0,105.825,0.0,-15.877020835876465
304.0212721824646,0.0,105.795,0.0,-15.874828338623047
304.05414152145386,0.0,105.794,0.0,-15.872396469116211
304.09036684036255,0.0,105.781,0.0,-15.868630409240723
304.1160707473755,0.0,105.779,0.0,-15.867140769958496
304.14890456199646,0.0,105.77,0.0,-15.865769386291504
304.1727385520935,0.0,105.77,0.0,-15.86469841003418
304.20613861083984,0.0,105.79,0.0,-15.864908218383789
304.23880672454834,0.0,105.774,0.0,-15.864489555358887
304.26875257492065,0.0,105.776,0.0,-15.864227294921875
304.30143666267395,0.0,105.752,0.0,-15.863075256347656
304.3365247249603,0.0,105.75,0.0,-15.861522674560547
304.3654634952545,0.0,105.761,0.0,-15.861064910888672
304.39831924438477,0.0,105.752,0.0,-15.861227035522461
304.42984223365784,0.0,105.721,0.0,-15.861023902893066
304.4639778137207,0.0,105.677,0.0,-15.857389450073242
304.49411606788635,0.0,105.677,0.0,-15.855049133300781
304.52638244628906,0.0,105.703,0.0,-15.853293418884277
304.56282567977905,0.0,105.706,0.0,-15.853111267089844
304.59214520454407,0.0,105.703,0.0,-15.853100776672363
304.62422037124634,0.0,105.68,0.0,-15.85310173034668
304.65656089782715,0.0,105.692,0.0,-15.85218334197998
304.6832363605499,0.0,105.682,0.0,-15.852021217346191
304.7145049571991,0.0,105.636,0.0,-15.849244117736816
304.74654603004456,0.0,105.62,0.0,-15.846857070922852
304.77059602737427,0.0,105.611,0.0,-15.844682693481445
304.8016765117645,0.0,105.641,0.0,-15.842887878417969
304.84189105033875,0.0,105.619,0.0,-15.842199325561523
304.87440490722656,0.0,105.576,0.0,-15.839838027954102
304.90561032295227,0.0,105.572,0.0,-15.838194847106934
304.9388153553009,0.0,105.581,0.0,-15.835968017578125
304.97036266326904,0.0,105.572,0.0,-15.835471153259277
305.001469373703,0.0,105.551,0.0,-15.834769248962402
305.0337402820587,0.0,105.512,0.0,-15.833402633666992
305.06591796875,0.0,105.554,0.0,-15.830089569091797
305.0981652736664,0.0,105.549,0.0,-15.83009147644043
305.1290407180786,0.0,105.519,0.0,-15.829943656921387
305.16498136520386,0.0,105.469,0.0,-15.825560569763184
305.1928143501282,0.0,105.424,0.0,-15.82144546508789
305.22309279441833,0.0,105.404,0.0,-15.81824779510498
305.26614141464233,0.0,105.382,0.0,-15.811670303344727
305.2974865436554,0.0,105.344,0.0,-15.808422088623047
305.329824924469,0.0,105.361,0.0,-15.805166244506836
305.36630177497864,0.0,105.378,0.0,-15.802967071533203
305.3936800956726,0.0,105.413,0.0,-15.804153442382812
305.42640829086304,0.0,105.416,0.0,-15.805961608886719
305.4576327800751,0.0,105.402,0.0,-15.806768417358398
305.4903311729431,0.0,105.376,0.0,-15.805926322937012
305.5233488082886,0.0,105.347,0.0,-15.804035186767578
305.5485532283783,0.0,105.304,0.0,-15.80082893371582
305.58073234558105,0.0,105.302,0.0,-15.798332214355469
305.6158311367035,0.0,105.265,0.0,-15.792509078979492
305.64418721199036,0.0,105.259,0.0,-15.790579795837402
305.67653489112854,0.0,105.243,0.0,-15.788921356201172
305.7088243961334,0.0,105.236,0.0,-15.787054061889648
305.7509641647339,0.0,105.228,0.0,-15.784971237182617
305.78242540359497,0.0,105.251,0.0,-15.783631324768066
305.8154535293579,0.0,105.239,0.0,-15.783228874206543
305.8459701538086,0.0,105.238,0.0,-15.781218528747559
305.8780789375305,0.0,105.226,0.0,-15.78145980834961
305.91478872299194,0.0,105.226,0.0,-15.781091690063477
305.9418077468872,0.0,105.241,0.0,-15.781688690185547
305.9746530056,0.0,105.2,0.0,-15.781452178955078
306.0054290294647,0.0,105.212,0.0,-15.780356407165527
306.0373339653015,0.0,105.203,0.0,-15.779509544372559
306.06944704055786,0.0,105.176,0.0,-15.777996063232422
306.10262513160706,0.0,105.139,0.0,-15.776329040527344
306.1391398906708,0.0,105.135,0.0,-15.772232055664062
306.16607785224915,0.0,105.137,0.0,-15.770944595336914
306.20697021484375,0.0,105.145,0.0,-15.770513534545898
306.2391781806946,0.0,105.116,0.0,-15.768570899963379
306.27127861976624,0.0,105.116,0.0,-15.76746654510498
306.30292654037476,0.0,105.083,0.0,-15.766670227050781
306.34081292152405,0.0,105.122,0.0,-15.764917373657227
306.3683638572693,0.0,105.125,0.0,-15.764660835266113
306.3996410369873,0.0,105.077,0.0,-15.765104293823242
306.43377661705017,0.0,105.073,0.0,-15.763481140136719
306.4635362625122,0.0,105.05,0.0,-15.760126113891602
306.4971261024475,0.0,105.027,0.0,-15.757347106933594
306.5278661251068,0.0,104.987,0.0,-15.755592346191406
306.55972170829773,0.0,104.97,0.0,-15.752618789672852
306.5918667316437,0.0,104.978,0.0,-15.747803688049316
306.6228549480438,0.0,104.978,0.0,-15.746435165405273
306.6553268432617,0.0,104.976,0.0,-15.746085166931152
306.68677282333374,0.0,104.972,0.0,-15.745177268981934
306.71937561035156,0.0,104.935,0.0,-15.742280006408691
306.752215385437,0.0,104.918,0.0,-15.74001407623291
306.7833273410797,0.0,104.951,0.0,-15.739133834838867
306.82402992248535,0.0,104.942,0.0,-15.739174842834473
306.8561522960663,0.0,104.94,0.0,-15.738907814025879
306.88700580596924,0.0,104.908,0.0,-15.738679885864258
306.9280560016632,0.0,104.904,0.0,-15.73653507232666
306.957638502121,0.0,104.897,0.0,-15.735505104064941
307.0047562122345,0.0,104.855,0.0,-15.732049942016602
307.04037642478943,0.0,104.85,0.0,-15.728537559509277
307.06879448890686,0.0,104.833,0.0,-15.726640701293945
307.10169529914856,0.0,104.82,0.0,-15.725619316101074
307.1340682506561,0.0,104.789,0.0,-15.723974227905273
307.16578936576843,0.0,104.781,0.0,-15.71926498413086
307.19800186157227,0.0,104.747,0.0,-15.716208457946777
307.2298250198364,0.0,104.749,0.0,-15.714302062988281
307.2652451992035,0.0,104.775,0.0,-15.712491989135742
307.2947163581848,0.0,104.783,0.0,-15.712812423706055
307.32392597198486,0.0,104.793,0.0,-15.713556289672852
307.35312962532043,0.0,104.763,0.0,-15.712940216064453
307.3860285282135,0.0,104.723,0.0,-15.711057662963867
307.41965913772583,0.0,104.712,0.0,-15.707818984985352
307.44864439964294,0.0,104.723,0.0,-15.707082748413086
307.4820468425751,0.0,104.735,0.0,-15.706579208374023
307.51561069488525,0.0,104.681,0.0,-15.705487251281738
307.5442728996277,0.0,104.658,0.0,-15.703764915466309
307.57675671577454,0.0,104.675,0.0,-15.701526641845703
307.59474658966064,0.0,104.687,0.0,-15.70057201385498
307.63275504112244,0.0,104.706,0.0,-15.700403213500977
307.65994477272034,0.0,104.695,0.0,-15.701131820678711
307.6916377544403,0.0,104.701,0.0,-15.701715469360352
307.7240333557129,0.0,104.651,0.0,-15.700788497924805
307.75651264190674,0.0,104.643,0.0,-15.69931697845459
307.7890410423279,0.0,104.63,0.0,-15.697888374328613
307.8211636543274,0.0,104.63,0.0,-15.69509506225586
307.84963941574097,0.0,104.605,0.0,-15.69317626953125
307.88048481941223,0.0,104.582,0.0,-15.691033363342285
307.91616797447205,0.0,104.581,0.0,-15.68776798248291
307.94419980049133,0.0,104.577,0.0,-15.68657112121582
307.9755914211273,0.0,104.58,0.0,-15.685833930969238
308.0094573497772,0.0,104.555,0.0,-15.684276580810547
308.04018568992615,0.0,104.486,0.0,-15.680084228515625
308.07325315475464,0.0,104.468,0.0,-15.677129745483398
308.10407853126526,0.0,104.434,0.0,-15.674162864685059
308.1370232105255,0.0,104.469,0.0,-15.670519828796387
308.1672854423523,0.0,104.473,0.0,-15.668540000915527
308.19901490211487,0.0,104.5,0.0,-15.668070793151855
308.2304587364197,0.0,104.48,0.0,-15.668924331665039
308.2619776725769,0.0,104.458,0.0,-15.668821334838867
308.29339027404785,0.0,104.418,0.0,-15.667228698730469
308.32680559158325,0.0,104.418,0.0,-15.665105819702148
308.35808396339417,0.0,104.389,0.0,-15.663528442382812
308.3926281929016,0.0,104.374,0.0,-15.658767700195312
308.43033957481384,0.0,104.374,0.0,-15.657370567321777
308.4622974395752,0.0,104.354,0.0,-15.655988693237305
308.4941260814667,0.0,104.359,0.0,-15.653023719787598
308.52499198913574,0.0,104.345,0.0,-15.65188980102539
308.5565433502197,0.0,104.339,0.0,-15.650836944580078
308.5921938419342,0.0,104.315,0.0,-15.648143768310547
308.6208703517914,0.0,104.292,0.0,-15.64593505859375
308.651549577713,0.0,104.261,0.0,-15.642999649047852
308.6834292411804,0.0,104.231,0.0,-15.640809059143066
308.7154269218445,0.0,104.249,0.0,-15.636564254760742
308.7469267845154,0.0,104.266,0.0,-15.636302947998047
308.778746843338,0.0,104.249,0.0,-15.635473251342773
308.8103172779083,0.0,104.234,0.0,-15.635501861572266
308.84211230278015,0.0,104.213,0.0,-15.632709503173828
308.87386751174927,0.0,104.211,0.0,-15.631404876708984
308.9054789543152,0.0,104.185,0.0,-15.629379272460938
308.93834805488586,0.0,104.174,0.0,-15.627888679504395
308.9699602127075,0.0,104.168,0.0,-15.625691413879395
309.0023527145386,0.0,104.175,0.0,-15.624549865722656
309.03305768966675,0.0,104.179,0.0,-15.624035835266113
309.0811460018158,0.0,104.162,0.0,-15.623065948486328
309.1212902069092,0.0,104.146,0.0,-15.621115684509277
309.1530215740204,0.0,104.114,0.0,-15.620491027832031
309.1849091053009,0.0,104.078,0.0,-15.61872673034668
309.2170362472534,0.0,104.07,0.0,-15.61346435546875
309.2487087249756,0.0,104.05,0.0,-15.610383033752441
309.28145360946655,0.0,104.02,0.0,-15.60849666595459
309.31245946884155,0.0,104.006,0.0,-15.60585880279541
309.3448555469513,0.0,103.977,0.0,-15.60021686553955
309.3764159679413,0.0,103.986,0.0,-15.59837532043457
309.4076998233795,0.0,103.989,0.0,-15.596961975097656
309.4394009113312,0.0,103.99,0.0,-15.596089363098145
309.4724831581116,0.0,103.957,0.0,-15.593831062316895
309.50549054145813,0.0,103.963,0.0,-15.593009948730469
309.5369613170624,0.0,103.934,0.0,-15.592290878295898
309.56908679008484,0.0,103.947,0.0,-15.589917182922363
309.60076379776,0.0,103.914,0.0,-15.588083267211914
309.63290429115295,0.0,103.917,0.0,-15.586868286132812
309.6637473106384,0.0,103.898,0.0,-15.585923194885254
309.6962914466858,0.0,103.903,0.0,-15.583574295043945
309.7285084724426,0.0,103.858,0.0,-15.583100318908691
309.76862049102783,0.0,103.857,0.0,-15.579423904418945
309.8144965171814,0.0,103.857,0.0,-15.578176498413086
309.84604692459106,0.0,103.82,0.0,-15.576292991638184
309.87806487083435,0.0,103.788,0.0,-15.574420928955078
309.9099419116974,0.0,103.791,0.0,-15.571700096130371
309.94486832618713,0.0,103.796,0.0,-15.56861400604248
309.97294068336487,0.0,103.787,0.0,-15.567483901977539
310.0191767215729,0.0,103.769,0.0,-15.565242767333984
310.0481824874878,0.0,103.741,0.0,-15.563089370727539
310.0807566642761,0.0,103.71,0.0,-15.561500549316406
310.11153626441956,0.0,103.7,0.0,-15.55904769897461
310.14541363716125,0.0,103.703,0.0,-15.555290222167969
310.1751322746277,0.0,103.688,0.0,-15.553567886352539
310.20719361305237,0.0,103.706,0.0,-15.553118705749512
310.2428424358368,0.0,103.697,0.0,-15.552275657653809
310.270925283432,0.0,103.688,0.0,-15.551557540893555
310.3031072616577,0.0,103.689,0.0,-15.551115036010742
310.33536100387573,0.0,103.662,0.0,-15.550588607788086
310.3681743144989,0.0,103.655,0.0,-15.548188209533691
310.39829683303833,0.0,103.638,0.0,-15.547342300415039
310.42968916893005,0.0,103.615,0.0,-15.546037673950195
310.4620599746704,0.0,103.61,0.0,-15.544126510620117
310.5039472579956,0.0,103.592,0.0,-15.540851593017578
310.5530734062195,0.0,103.545,0.0,-15.538886070251465
310.59311079978943,0.0,103.544,0.0,-15.533782958984375
310.624395608902,0.0,103.527,0.0,-15.531980514526367
310.65652227401733,0.0,103.537,0.0,-15.53011703491211
310.69466638565063,0.0,103.536,0.0,-15.528480529785156
310.7208936214447,0.0,103.548,0.0,-15.528523445129395
310.75340962409973,0.0,103.518,0.0,-15.528586387634277
310.7853453159332,0.0,103.525,0.0,-15.527482986450195
310.81726264953613,0.0,103.503,0.0,-15.525741577148438
310.8485064506531,0.0,103.507,0.0,-15.525006294250488
310.88110756874084,0.0,103.531,0.0,-15.525505065917969
310.91318678855896,0.0,103.517,0.0,-15.525863647460938
310.9449739456177,0.0,103.519,0.0,-15.52568244934082
310.97617292404175,0.0,103.525,0.0,-15.52597427368164
311.00859904289246,0.0,103.498,0.0,-15.525105476379395
311.03990411758423,0.0,103.497,0.0,-15.524765968322754
311.07266545295715,0.0,103.497,0.0,-15.523809432983398
311.1043951511383,0.0,103.491,0.0,-15.523538589477539
311.13761019706726,0.0,103.478,0.0,-15.523112297058105
311.1684069633484,0.0,103.49,0.0,-15.521190643310547
311.200083732605,0.0,103.504,0.0,-15.521356582641602
311.2400953769684,0.0,103.497,0.0,-15.522106170654297
311.2725462913513,0.0,103.457,0.0,-15.522945404052734
311.3117606639862,0.0,103.459,0.0,-15.521439552307129
311.34529304504395,0.0,103.474,0.0,-15.520217895507812
311.3762195110321,0.0,103.471,0.0,-15.519699096679688
311.4080834388733,0.0,103.434,0.0,-15.519617080688477
311.4397156238556,0.0,103.4,0.0,-15.518025398254395
311.4717857837677,0.0,103.393,0.0,-15.51309585571289
311.50376057624817,0.0,103.367,0.0,-15.51026725769043
311.53506445884705,0.0,103.351,0.0,-15.508881568908691
311.5730028152466,0.0,103.344,0.0,-15.504302024841309
311.5981254577637,0.0,103.326,0.0,-15.501956939697266
311.63052463531494,0.0,103.329,0.0,-15.500333786010742
311.66204500198364,0.0,103.337,0.0,-15.499608039855957
311.69371223449707,0.0,103.346,0.0,-15.49894905090332
311.72633147239685,0.0,103.307,0.0,-15.497346878051758
311.75757026672363,0.0,103.297,0.0,-15.496167182922363
311.7955176830292,0.0,103.277,0.0,-15.493553161621094
311.8225562572479,0.0,103.268,0.0,-15.492156982421875
311.85467863082886,0.0,103.247,0.0,-15.490760803222656
311.88602471351624,0.0,103.27,0.0,-15.488862991333008
311.91813015937805,0.0,103.283,0.0,-15.488698959350586
311.95679664611816,0.0,103.246,0.0,-15.487920761108398
312.0006890296936,0.0,103.158,0.0,-15.484186172485352
312.02208518981934,0.0,103.158,0.0,-15.4804048538208
312.0551030635834,0.0,103.151,0.0,-15.47813606262207
312.0890882015228,0.0,103.133,0.0,-15.475574493408203
312.12973642349243,0.0,103.106,0.0,-15.469808578491211
312.16814851760864,0.0,103.132,0.0,-15.467306137084961
312.200838804245,0.0,103.137,0.0,-15.467039108276367
312.2327415943146,0.0,103.152,0.0,-15.467546463012695
312.2643187046051,0.0,103.088,0.0,-15.466968536376953
312.29662013053894,0.0,103.085,0.0,-15.463345527648926
312.32821106910706,0.0,103.076,0.0,-15.461796760559082
312.34566831588745,0.0,103.078,0.0,-15.460756301879883
312.3767902851105,0.0,103.069,0.0,-15.459649085998535
312.4090082645416,0.0,103.068,0.0,-15.45886516571045
312.4407558441162,0.0,103.035,0.0,-15.458288192749023
312.47280168533325,0.0,103.04,0.0,-15.45518970489502
312.5047059059143,0.0,103.035,0.0,-15.454477310180664
312.5371129512787,0.0,103.022,0.0,-15.453784942626953
312.56831097602844,0.0,103.013,0.0,-15.452770233154297
312.6002151966095,0.0,102.977,0.0,-15.45034122467041
312.6320278644562,0.0,102.98,0.0,-15.448410987854004
312.672705411911,0.0,102.972,0.0,-15.44583511352539
312.7020719051361,0.0,103.009,0.0,-15.445420265197754
312.7458031177521,0.0,102.975,0.0,-15.44546127319336
312.7733085155487,0.0,102.957,0.0,-15.444178581237793
312.8056318759918,0.0,102.945,0.0,-15.443368911743164
312.8375291824341,0.0,102.946,0.0,-15.442169189453125
312.8721342086792,0.0,102.949,0.0,-15.440878868103027
312.902485370636,0.0,102.914,0.0,-15.439106941223145
312.93320298194885,0.0,102.904,0.0,-15.437371253967285
312.9658989906311,0.0,102.927,0.0,-15.436883926391602
312.9976019859314,0.0,102.918,0.0,-15.436291694641113
313.0298480987549,0.0,102.91,0.0,-15.43566608428955
313.0616364479065,0.0,102.881,0.0,-15.435232162475586
313.09874296188354,0.0,102.837,0.0,-15.431941032409668
313.1258919239044,0.0,102.85,0.0,-15.429435729980469
313.1829512119293,0.0,102.882,0.0,-15.427167892456055
313.2147307395935,0.0,102.882,0.0,-15.42780876159668
313.2470829486847,0.0,102.873,0.0,-15.428458213806152
313.27832317352295,0.0,102.814,0.0,-15.427864074707031
313.3105318546295,0.0,102.813,0.0,-15.425683975219727
313.342396736145,0.0,102.749,0.0,-15.42400074005127
313.3742263317108,0.0,102.752,0.0,-15.417196273803711
313.40555214881897,0.0,102.736,0.0,-15.415297508239746
313.44683742523193,0.0,102.755,0.0,-15.41204833984375
313.48652029037476,0.0,102.734,0.0,-15.410691261291504
313.51811838150024,0.0,102.733,0.0,-15.409546852111816
313.5516514778137,0.0,102.714,0.0,-15.407302856445312
313.5823566913605,0.0,102.707,0.0,-15.406005859375
313.6142601966858,0.0,102.722,0.0,-15.404653549194336
313.6476538181305,0.0,102.723,0.0,-15.40489387512207
313.67343378067017,0.0,102.719,0.0,-15.405084609985352
313.7150020599365,0.0,102.696,0.0,-15.405120849609375
313.7476189136505,0.0,102.653,0.0,-15.402007102966309
313.7793040275574,0.0,102.654,0.0,-15.400126457214355
313.8110513687134,0.0,102.646,0.0,-15.398770332336426
313.8424801826477,0.0,102.614,0.0,-15.397444725036621
313.8740448951721,0.0,102.597,0.0,-15.39299201965332
313.9047758579254,0.0,102.578,0.0,-15.391107559204102
313.93713331222534,0.0,102.594,0.0,-15.388921737670898
313.9690201282501,0.0,102.571,0.0,-15.387974739074707
314.0014760494232,0.0,102.57,0.0,-15.385124206542969
314.0326099395752,0.0,102.553,0.0,-15.384081840515137
314.06429624557495,0.0,102.549,0.0,-15.382801055908203
314.09758496284485,0.0,102.543,0.0,-15.380691528320312
314.13585233688354,0.0,102.544,0.0,-15.380012512207031
314.16920709609985,0.0,102.515,0.0,-15.379178047180176
314.1895442008972,0.0,102.504,0.0,-15.37775993347168
314.2233636379242,0.0,102.505,0.0,-15.375219345092773
314.25460386276245,0.0,102.493,0.0,-15.373971939086914
314.2866623401642,0.0,102.495,0.0,-15.373074531555176
314.3225574493408,0.0,102.493,0.0,-15.372086524963379
314.3511257171631,0.0,102.489,0.0,-15.371722221374512
314.3822410106659,0.0,102.493,0.0,-15.371414184570312
314.4140672683716,0.0,102.476,0.0,-15.37139892578125
314.4468696117401,0.0,102.482,0.0,-15.370505332946777
314.47859263420105,0.0,102.48,0.0,-15.370718955993652
314.51071882247925,0.0,102.462,0.0,-15.370508193969727
314.5485825538635,0.0,102.424,0.0,-15.36739730834961
314.57502841949463,0.0,102.415,0.0,-15.365334510803223
314.6074004173279,0.0,102.39,0.0,-15.36307430267334
314.6394624710083,0.0,102.404,0.0,-15.361042976379395
314.6729145050049,0.0,102.399,0.0,-15.359251976013184
314.70305848121643,0.0,102.402,0.0,-15.358766555786133
314.73297214508057,0.0,102.385,0.0,-15.357732772827148
314.76503920555115,0.0,102.403,0.0,-15.357828140258789
314.7972640991211,0.0,102.371,0.0,-15.356611251831055
314.8333661556244,0.0,102.378,0.0,-15.355978012084961
314.8611762523651,0.0,102.338,0.0,-15.353857040405273
314.893666267395,0.0,102.347,0.0,-15.351133346557617
314.9251627922058,0.0,102.357,0.0,-15.350654602050781
314.95569491386414,0.0,102.38,0.0,-15.350756645202637
314.9902720451355,0.0,102.386,0.0,-15.351851463317871
315.0214340686798,0.0,102.316,0.0,-15.352994918823242
315.0538136959076,0.0,102.282,0.0,-15.3505859375
315.0855360031128,0.0,102.238,0.0,-15.347755432128906
315.11831545829773,0.0,102.197,0.0,-15.34376049041748
315.14947295188904,0.0,102.21,0.0,-15.335930824279785
315.1814835071564,0.0,102.255,0.0,-15.33363151550293
315.2130150794983,0.0,102.3,0.0,-15.333824157714844
315.2448787689209,0.0,102.301,0.0,-15.33594036102295
315.2740294933319,0.0,102.301,0.0,-15.339094161987305
315.3000931739807,0.0,102.254,0.0,-15.338254928588867
315.33178329467773,0.0,102.226,0.0,-15.336471557617188
315.36279034614563,0.0,102.222,0.0,-15.334674835205078
315.4003541469574,0.0,102.243,0.0,-15.333747863769531
315.4292025566101,0.0,102.24,0.0,-15.333763122558594
315.4596993923187,0.0,102.217,0.0,-15.332852363586426
315.49148774147034,0.0,102.202,0.0,-15.331561088562012
315.52549266815186,0.0,102.167,0.0,-15.330458641052246
315.5584192276001,0.0,102.151,0.0,-15.328372955322266
315.5909049510956,0.0,102.158,0.0,-15.326131820678711
315.62516355514526,0.0,102.193,0.0,-15.325193405151367
315.6547017097473,0.0,102.139,0.0,-15.324583053588867
315.68646001815796,0.0,102.102,0.0,-15.32289981842041
315.71839237213135,0.0,102.083,0.0,-15.320093154907227
315.75034832954407,0.0,102.088,0.0,-15.31519603729248
315.8067398071289,0.0,102.042,0.0,-15.310664176940918
315.8389427661896,0.0,102.033,0.0,-15.30788516998291
315.87480783462524,0.0,102.066,0.0,-15.305975914001465
315.90135741233826,0.0,102.049,0.0,-15.305335998535156
315.9333939552307,0.0,102.025,0.0,-15.303909301757812
315.9647762775421,0.0,101.943,0.0,-15.301240921020508
315.9971671104431,0.0,101.971,0.0,-15.297446250915527
316.0287277698517,0.0,101.953,0.0,-15.293806076049805
316.0617108345032,0.0,101.943,0.0,-15.292374610900879
316.0937740802765,0.0,101.941,0.0,-15.290935516357422
316.12535190582275,0.0,101.953,0.0,-15.290229797363281
316.1574227809906,0.0,101.929,0.0,-15.28995132446289
316.18966341018677,0.0,101.919,0.0,-15.288802146911621
316.2216911315918,0.0,101.879,0.0,-15.287566184997559
316.25320959091187,0.0,101.871,0.0,-15.283555030822754
316.3012671470642,0.0,101.831,0.0,-15.278687477111816
316.33043456077576,0.0,101.795,0.0,-15.276176452636719
316.3756527900696,0.0,101.811,0.0,-15.271410942077637
316.4037923812866,0.0,101.821,0.0,-15.270648956298828
316.4360599517822,0.0,101.819,0.0,-15.269562721252441
316.46738624572754,0.0,101.79,0.0,-15.269314765930176
316.5023772716522,0.0,101.825,0.0,-15.268514633178711
316.5312354564667,0.0,101.815,0.0,-15.268577575683594
316.56344985961914,0.0,101.79,0.0,-15.267646789550781
316.5946788787842,0.0,101.74,0.0,-15.266910552978516
316.627810716629,0.0,101.727,0.0,-15.261961936950684
316.6589605808258,0.0,101.727,0.0,-15.26015567779541
316.69101309776306,0.0,101.725,0.0,-15.258832931518555
316.72804617881775,0.0,101.74,0.0,-15.256782531738281
316.75542640686035,0.0,101.739,0.0,-15.256991386413574
316.78693151474,0.0,101.716,0.0,-15.257180213928223
316.81962752342224,0.0,101.702,0.0,-15.256423950195312
316.8522026538849,0.0,101.705,0.0,-15.254634857177734
316.88207244873047,0.0,101.741,0.0,-15.25505256652832
316.914053440094,0.0,101.749,0.0,-15.256060600280762
316.94654297828674,0.0,101.706,0.0,-15.257224082946777
316.9708499908447,0.0,101.702,0.0,-15.25635814666748
317.0057966709137,0.0,101.709,0.0,-15.255270957946777
317.0413041114807,0.0,101.72,0.0,-15.254791259765625
317.0766191482544,0.0,101.71,0.0,-15.255151748657227
317.10769963264465,0.0,101.691,0.0,-15.254337310791016
317.1393461227417,0.0,101.693,0.0,-15.253652572631836
317.1717908382416,0.0,101.691,0.0,-15.253321647644043
317.2047052383423,0.0,101.691,0.0,-15.252802848815918
317.23625802993774,0.0,101.68,0.0,-15.252206802368164
317.2682960033417,0.0,101.663,0.0,-15.251059532165527
317.3013536930084,0.0,101.661,0.0,-15.249442100524902
317.3325762748718,0.0,101.635,0.0,-15.248929023742676
317.36428904533386,0.0,101.597,0.0,-15.247471809387207
317.3974709510803,0.0,101.561,0.0,-15.244783401489258
317.4392900466919,0.0,101.531,0.0,-15.238866806030273
317.4708299636841,0.0,101.501,0.0,-15.235498428344727
317.5025465488434,0.0,101.479,0.0,-15.2279052734375
317.53480052948,0.0,101.433,0.0,-15.22404670715332
317.56667041778564,0.0,101.457,0.0,-15.22022819519043
317.59830617904663,0.0,101.472,0.0,-15.218381881713867
317.63090085983276,0.0,101.486,0.0,-15.21783447265625
317.66242575645447,0.0,101.507,0.0,-15.21863079071045
317.7035665512085,0.0,101.48,0.0,-15.219335556030273
317.73034024238586,0.0,101.48,0.0,-15.2191801071167
317.7636706829071,0.0,101.494,0.0,-15.21971321105957
317.795202255249,0.0,101.467,0.0,-15.219806671142578
317.8279643058777,0.0,101.455,0.0,-15.218236923217773
317.8604075908661,0.0,101.434,0.0,-15.216678619384766
317.8912389278412,0.0,101.439,0.0,-15.215524673461914
317.9267792701721,0.0,101.426,0.0,-15.214335441589355
317.9694194793701,0.0,101.41,0.0,-15.213533401489258
318.00021266937256,0.0,101.426,0.0,-15.212053298950195
318.0321400165558,0.0,101.424,0.0,-15.211625099182129
318.0650291442871,0.0,101.389,0.0,-15.211551666259766
318.09652972221375,0.0,101.383,0.0,-15.210070610046387
318.1285457611084,0.0,101.4,0.0,-15.2084321975708
318.15999460220337,0.0,101.391,0.0,-15.207544326782227
318.1919379234314,0.0,101.382,0.0,-15.207239151000977
318.2241790294647,0.0,101.362,0.0,-15.206669807434082
318.25654911994934,0.0,101.366,0.0,-15.204686164855957
318.28900814056396,0.0,101.339,0.0,-15.203020095825195
318.3193292617798,0.0,101.269,0.0,-15.20106315612793
318.3531289100647,0.0,101.274,0.0,-15.194787979125977
318.3843524456024,0.0,101.287,0.0,-15.193397521972656
318.4163773059845,0.0,101.288,0.0,-15.192431449890137
318.44167041778564,0.0,101.326,0.0,-15.193346977233887
318.48266339302063,0.0,101.268,0.0,-15.192536354064941
318.51377844810486,0.0,101.267,0.0,-15.191165924072266
318.54619240760803,0.0,101.245,0.0,-15.190118789672852
318.5782256126404,0.0,101.19,0.0,-15.186019897460938
318.6108362674713,0.0,101.17,0.0,-15.183074951171875
318.6425395011902,0.0,101.166,0.0,-15.180024147033691
318.67437839508057,0.0,101.195,0.0,-15.177568435668945
318.705854177475,0.0,101.193,0.0,-15.176870346069336
318.73798632621765,0.0,101.185,0.0,-15.176492691040039
318.76981353759766,0.0,101.186,0.0,-15.175933837890625
318.80271339416504,0.0,101.182,0.0,-15.175254821777344
318.8353805541992,0.0,101.174,0.0,-15.175460815429688
318.8665728569031,0.0,101.162,0.0,-15.174919128417969
318.8988332748413,0.0,101.159,0.0,-15.174049377441406
318.9311144351959,0.0,101.173,0.0,-15.173362731933594
318.9624557495117,0.0,101.185,0.0,-15.173961639404297
318.9902606010437,0.0,101.194,0.0,-15.174847602844238
319.0217249393463,0.0,101.15,0.0,-15.175233840942383
319.05451917648315,0.0,101.121,0.0,-15.171955108642578
319.08625316619873,0.0,101.102,0.0,-15.169570922851562
319.12473344802856,0.0,101.08,0.0,-15.167810440063477
319.1577115058899,0.0,101.057,0.0,-15.164562225341797
319.1907594203949,0.0,100.984,0.0,-15.162153244018555
319.22191548347473,0.0,100.988,0.0,-15.157281875610352
319.25479793548584,0.0,101.018,0.0,-15.152312278747559
319.2870788574219,0.0,101.003,0.0,-15.151324272155762
319.31893014907837,0.0,100.991,0.0,-15.15001106262207
319.35138034820557,0.0,100.983,0.0,-15.14857006072998
319.38331365585327,0.0,101.013,0.0,-15.146636009216309
319.4157965183258,0.0,101.012,0.0,-15.147116661071777
319.44796323776245,0.0,100.976,0.0,-15.147518157958984
319.4802052974701,0.0,100.957,0.0,-15.144763946533203
319.5069019794464,0.0,100.942,0.0,-15.142946243286133
319.5392062664032,0.0,100.937,0.0,-15.141477584838867
319.57096242904663,0.0,100.956,0.0,-15.140324592590332
319.60447883605957,0.0,100.936,0.0,-15.13949966430664
319.6363961696625,0.0,100.926,0.0,-15.13852310180664
319.6680362224579,0.0,100.943,0.0,-15.138542175292969
319.70546317100525,0.0,100.894,0.0,-15.135271072387695
319.7310149669647,0.0,100.895,0.0,-15.13414192199707
319.76321744918823,0.0,100.877,0.0,-15.133369445800781
319.7949824333191,0.0,100.889,0.0,-15.132075309753418
319.8270847797394,0.0,100.848,0.0,-15.130221366882324
319.86950755119324,0.0,100.819,0.0,-15.128596305847168
319.8933804035187,0.0,100.813,0.0,-15.126180648803711
319.9305098056793,0.0,100.834,0.0,-15.123479843139648
319.9568655490875,0.0,100.847,0.0,-15.12208366394043
319.9893522262573,0.0,100.854,0.0,-15.122581481933594
320.02196049690247,0.0,100.841,0.0,-15.123323440551758
320.05417227745056,0.0,100.833,0.0,-15.123186111450195
320.08673191070557,0.0,100.815,0.0,-15.122306823730469
320.1183235645294,0.0,100.777,0.0,-15.120244979858398
320.1546173095703,0.0,100.783,0.0,-15.117507934570312
320.18328738212585,0.0,100.741,0.0,-15.115007400512695
320.2148861885071,0.0,100.755,0.0,-15.113717079162598
320.2468943595886,0.0,100.726,0.0,-15.111729621887207
320.27932143211365,0.0,100.763,0.0,-15.110433578491211
320.31033420562744,0.0,100.747,0.0,-15.110763549804688
320.3425896167755,0.0,100.754,0.0,-15.110403060913086
320.3753640651703,0.0,100.747,0.0,-15.11047077178955
320.40706419944763,0.0,100.672,0.0,-15.107865333557129
320.4384264945984,0.0,100.657,0.0,-15.105207443237305
320.4707763195038,0.0,100.654,0.0,-15.10257625579834
320.5027165412903,0.0,100.643,0.0,-15.098451614379883
320.5348062515259,0.0,100.622,0.0,-15.09573745727539
320.5734510421753,0.0,100.604,0.0,-15.094047546386719
320.59847378730774,0.0,100.609,0.0,-15.092059135437012
320.6299331188202,0.0,100.629,0.0,-15.09075927734375
320.66232776641846,0.0,100.624,0.0,-15.090585708618164
320.69494366645813,0.0,100.624,0.0,-15.090353012084961
320.7267575263977,0.0,100.591,0.0,-15.09040641784668
320.758234500885,0.0,100.554,0.0,-15.08663558959961
320.7899868488312,0.0,100.547,0.0,-15.084479331970215
320.8224503993988,0.0,100.513,0.0,-15.082501411437988
320.855322599411,0.0,100.529,0.0,-15.078794479370117
320.886766910553,0.0,100.522,0.0,-15.07765007019043
320.9197325706482,0.0,100.502,0.0,-15.076000213623047
320.95049810409546,0.0,100.499,0.0,-15.074798583984375
320.9824049472809,0.0,100.495,0.0,-15.073715209960938
321.0153343677521,0.0,100.516,0.0,-15.072952270507812
321.04635667800903,0.0,100.507,0.0,-15.073310852050781
321.0810101032257,0.0,100.5,0.0,-15.073007583618164
321.1077711582184,0.0,100.455,0.0,-15.072099685668945
321.1396086215973,0.0,100.424,0.0,-15.070316314697266
321.1711211204529,0.0,100.424,0.0,-15.067689895629883
321.20268654823303,0.0,100.4,0.0,-15.065717697143555
321.23618364334106,0.0,100.423,0.0,-15.062199592590332
321.273161649704,0.0,100.425,0.0,-15.061627388000488
321.29927682876587,0.0,100.413,0.0,-15.061336517333984
321.33915996551514,0.0,100.387,0.0,-15.059125900268555
321.37015652656555,0.0,100.361,0.0,-15.05782413482666
321.40257382392883,0.0,100.377,0.0,-15.05595588684082
321.43497133255005,0.0,100.374,0.0,-15.054634094238281
321.4676368236542,0.0,100.376,0.0,-15.05430793762207
321.4993004798889,0.0,100.341,0.0,-15.053736686706543
321.5320534706116,0.0,100.33,0.0,-15.050712585449219
321.5649609565735,0.0,100.328,0.0,-15.049489974975586
321.59594798088074,0.0,100.36,0.0,-15.048603057861328
321.63937282562256,0.0,100.375,0.0,-15.05064582824707
321.66963934898376,0.0,100.366,0.0,-15.051633834838867
321.70222663879395,0.0,100.352,0.0,-15.052059173583984
321.7348618507385,0.0,100.337,0.0,-15.052112579345703
321.76658868789673,0.0,100.316,0.0,-15.051305770874023
321.79885387420654,0.0,100.309,0.0,-15.04982852935791
321.83123874664307,0.0,100.308,0.0,-15.04732608795166
321.86275029182434,0.0,100.325,0.0,-15.047185897827148
321.89531660079956,0.0,100.3,0.0,-15.04715633392334
321.92824506759644,0.0,100.283,0.0,-15.044631958007812
321.96616649627686,0.0,100.261,0.0,-15.042552947998047
321.99979996681213,0.0,100.263,0.0,-15.041027069091797
322.0236086845398,0.0,100.276,0.0,-15.0399751663208
322.0551447868347,0.0,100.274,0.0,-15.039542198181152
322.08856320381165,0.0,100.263,0.0,-15.038960456848145
322.12018299102783,0.0,100.263,0.0,-15.038551330566406
322.15191984176636,0.0,100.19,0.0,-15.036216735839844
322.1847267150879,0.0,100.183,0.0,-15.031057357788086
322.216281414032,0.0,100.176,0.0,-15.028971672058105
322.2483329772949,0.0,100.173,0.0,-15.027292251586914
322.28063344955444,0.0,100.115,0.0,-15.024578094482422
322.31247115135193,0.0,100.144,0.0,-15.021650314331055
322.3452684879303,0.0,100.159,0.0,-15.020672798156738
322.3765404224396,0.0,100.194,0.0,-15.02061653137207
322.4076166152954,0.0,100.155,0.0,-15.021730422973633
322.44061613082886,0.0,100.14,0.0,-15.021448135375977
322.4719069004059,0.0,100.113,0.0,-15.020650863647461
322.5057349205017,0.0,100.131,0.0,-15.018441200256348
322.5363516807556,0.0,100.089,0.0,-15.016335487365723
322.56895089149475,0.0,100.085,0.0,-15.015010833740234
322.6002242565155,0.0,100.065,0.0,-15.013622283935547
322.63255047798157,0.0,100.058,0.0,-15.010093688964844
322.67224526405334,0.0,100.053,0.0,-15.008484840393066
322.69134283065796,0.0,100.053,0.0,-15.007472038269043
322.7208688259125,0.0,100.056,0.0,-15.0068359375
322.7532842159271,0.0,100.028,0.0,-15.006448745727539
322.78509521484375,0.0,100.012,0.0,-15.003325462341309
322.81793689727783,0.0,99.994,0.0,-15.001309394836426
322.84995579719543,0.0,100.002,0.0,-14.999687194824219
322.8833153247833,0.0,99.981,0.0,-14.99846363067627
322.9143557548523,0.0,99.967,0.0,-14.997261047363281
322.9459767341614,0.0,99.921,0.0,-14.995805740356445
322.97830963134766,0.0,99.879,0.0,-14.99281120300293
323.00990867614746,0.0,99.893,0.0,-14.984761238098145
323.04169249534607,0.0,99.894,0.0,-14.983320236206055
323.074275970459,0.0,99.892,0.0,-14.982337951660156
323.1081852912903,0.0,99.91,0.0,-14.981837272644043
323.1398980617523,0.0,99.923,0.0,-14.982786178588867
323.1718747615814,0.0,99.94,0.0,-14.983466148376465
323.20403718948364,0.0,99.942,0.0,-14.984769821166992
323.23985624313354,0.0,99.896,0.0,-14.984917640686035
323.2706997394562,0.0,99.847,0.0,-14.984020233154297
323.3035924434662,0.0,99.857,0.0,-14.98147964477539
323.3348298072815,0.0,99.858,0.0,-14.978917121887207
323.3675220012665,0.0,99.848,0.0,-14.977726936340332
323.3922939300537,0.0,99.873,0.0,-14.977909088134766
323.4335250854492,0.0,99.824,0.0,-14.975265502929688
323.4646043777466,0.0,99.798,0.0,-14.974098205566406
323.49612617492676,0.0,99.807,0.0,-14.972155570983887
323.52733731269836,0.0,99.803,0.0,-14.971086502075195
323.5606141090393,0.0,99.813,0.0,-14.96989917755127
323.59287691116333,0.0,99.804,0.0,-14.96976089477539
323.62467408180237,0.0,99.825,0.0,-14.969326972961426
323.6564733982086,0.0,99.814,0.0,-14.969964981079102
323.68934392929077,0.0,99.786,0.0,-14.968820571899414
323.7205927371979,0.0,99.762,0.0,-14.968017578125
323.7568578720093,0.0,99.774,0.0,-14.965746879577637
323.7877013683319,0.0,99.78,0.0,-14.96551513671875
323.8197863101959,0.0,99.76,0.0,-14.964705467224121
323.85749554634094,0.0,99.733,0.0,-14.962276458740234
323.8849937915802,0.0,99.726,0.0,-14.960729598999023
323.91827368736267,0.0,99.686,0.0,-14.958866119384766
323.9497344493866,0.0,99.659,0.0,-14.95650863647461
323.98213505744934,0.0,99.658,0.0,-14.951376914978027
324.01277208328247,0.0,99.637,0.0,-14.948837280273438
324.04490876197815,0.0,99.632,0.0,-14.946733474731445
324.0758545398712,0.0,99.658,0.0,-14.946271896362305
324.11857438087463,0.0,99.629,0.0,-14.94487190246582
324.15876722335815,0.0,99.591,0.0,-14.943547248840332
324.19167041778564,0.0,99.591,0.0,-14.941336631774902
324.2232184410095,0.0,99.581,0.0,-14.939691543579102
324.2587139606476,0.0,99.579,0.0,-14.93679428100586
324.2866768836975,0.0,99.559,0.0,-14.93587875366211
324.3193304538727,0.0,99.556,0.0,-14.934398651123047
324.3517951965332,0.0,99.556,0.0,-14.933197021484375
324.3833408355713,0.0,99.556,0.0,-14.931736946105957
324.41668796539307,0.0,99.542,0.0,-14.930750846862793
324.44829750061035,0.0,99.487,0.0,-14.92870807647705
324.48516845703125,0.0,99.517,0.0,-14.925637245178223
324.5114710330963,0.0,99.489,0.0,-14.92407512664795
324.542777299881,0.0,99.495,0.0,-14.923188209533691
324.5746579170227,0.0,99.472,0.0,-14.922990798950195
324.605256319046,0.0,99.489,0.0,-14.921517372131348
324.6374843120575,0.0,99.521,0.0,-14.922284126281738
324.6686210632324,0.0,99.52,0.0,-14.923213005065918
324.7009584903717,0.0,99.541,0.0,-14.92393970489502
324.73508405685425,0.0,99.522,0.0,-14.925392150878906
324.7636833190918,0.0,99.484,0.0,-14.925816535949707
324.80768036842346,0.0,99.482,0.0,-14.923559188842773
324.83751678466797,0.0,99.4,0.0,-14.920827865600586
324.87701749801636,0.0,99.385,0.0,-14.917280197143555
324.9104046821594,0.0,99.354,0.0,-14.910125732421875
324.9413707256317,0.0,99.369,0.0,-14.907862663269043
324.9731900691986,0.0,99.395,0.0,-14.907023429870605
325.0088074207306,0.0,99.417,0.0,-14.907437324523926
325.0369403362274,0.0,99.387,0.0,-14.90681266784668
325.06814098358154,0.0,99.37,0.0,-14.905673027038574
325.1000499725342,0.0,99.353,0.0,-14.90493392944336
325.1323091983795,0.0,99.354,0.0,-14.902703285217285
325.16376662254333,0.0,99.325,0.0,-14.900835990905762
325.19692850112915,0.0,99.291,0.0,-14.899449348449707
325.2279386520386,0.0,99.281,0.0,-14.897008895874023
325.25972056388855,0.0,99.318,0.0,-14.89448356628418
325.2916159629822,0.0,99.317,0.0,-14.894500732421875
325.32374453544617,0.0,99.315,0.0,-14.894535064697266
325.3546357154846,0.0,99.298,0.0,-14.894536972045898
325.38716769218445,0.0,99.273,0.0,-14.89258098602295
325.4196078777313,0.0,99.243,0.0,-14.891419410705566
325.45033955574036,0.0,99.258,0.0,-14.889312744140625
325.48374819755554,0.0,99.271,0.0,-14.8882417678833
325.5220868587494,0.0,99.287,0.0,-14.888283729553223
325.5546200275421,0.0,99.285,0.0,-14.888955116271973
325.5946698188782,0.0,99.292,0.0,-14.890310287475586
325.6406626701355,0.0,99.26,0.0,-14.889960289001465
325.6744055747986,0.0,99.23,0.0,-14.888751983642578
325.7092082500458,0.0,99.223,0.0,-14.885622024536133
325.73676323890686,0.0,99.24,0.0,-14.885204315185547
325.7731192111969,0.0,99.24,0.0,-14.884836196899414
325.80478405952454,0.0,99.232,0.0,-14.884672164916992
325.8371877670288,0.0,99.233,0.0,-14.883989334106445
325.8690857887268,0.0,99.229,0.0,-14.88365650177002
325.9023048877716,0.0,99.217,0.0,-14.882927894592285
325.93429040908813,0.0,99.222,0.0,-14.88243579864502
325.96562814712524,0.0,99.213,0.0,-14.88228702545166
325.9964509010315,0.0,99.205,0.0,-14.881821632385254
326.0284466743469,0.0,99.188,0.0,-14.881153106689453
326.06581449508667,0.0,99.195,0.0,-14.879175186157227
326.1111629009247,0.0,99.207,0.0,-14.878999710083008
326.13864827156067,0.0,99.21,0.0,-14.880378723144531
326.1709635257721,0.0,99.19,0.0,-14.880419731140137
326.2021543979645,0.0,99.146,0.0,-14.879630088806152
326.22737550735474,0.0,99.138,0.0,-14.877191543579102
326.26262068748474,0.0,99.122,0.0,-14.87265396118164
326.2839148044586,0.0,99.144,0.0,-14.871807098388672
326.32287335395813,0.0,99.098,0.0,-14.870351791381836
326.3548107147217,0.0,99.09,0.0,-14.86817741394043
326.38680958747864,0.0,99.08,0.0,-14.864313125610352
326.4185378551483,0.0,99.082,0.0,-14.862988471984863
326.44610595703125,0.0,99.041,0.0,-14.861265182495117
326.4800832271576,0.0,99.031,0.0,-14.859025001525879
326.5202829837799,0.0,99.025,0.0,-14.855131149291992
326.55273818969727,0.0,99.055,0.0,-14.854476928710938
326.585599899292,0.0,99.027,0.0,-14.853633880615234
326.6169192790985,0.0,99.042,0.0,-14.853555679321289
326.64849495887756,0.0,99.001,0.0,-14.85183334350586
326.6800305843353,0.0,98.995,0.0,-14.85055923461914
326.7120418548584,0.0,99.021,0.0,-14.848994255065918
326.74270486831665,0.0,99.008,0.0,-14.849382400512695
326.77476358413696,0.0,99.013,0.0,-14.849191665649414
326.8057553768158,0.0,99.01,0.0,-14.84930419921875
326.8377010822296,0.0,99.021,0.0,-14.848522186279297
326.8695662021637,0.0,99.006,0.0,-14.849254608154297
326.9016737937927,0.0,98.992,0.0,-14.849230766296387
326.9303946495056,0.0,98.978,0.0,-14.848658561706543
326.9555947780609,0.0,98.93,0.0,-14.847661972045898
326.98847103118896,0.0,98.917,0.0,-14.84227180480957
327.03651666641235,0.0,98.934,0.0,-14.840508460998535
327.06052231788635,0.0,98.945,0.0,-14.840189933776855
327.0903322696686,0.0,98.938,0.0,-14.839698791503906
327.12321281433105,0.0,98.953,0.0,-14.839323043823242
327.15495777130127,0.0,98.944,0.0,-14.83974838256836
327.18567156791687,0.0,98.941,0.0,-14.83964729309082
327.21778774261475,0.0,98.926,0.0,-14.838979721069336
327.24788761138916,0.0,98.899,0.0,-14.837069511413574
327.2855944633484,0.0,98.9,0.0,-14.83511734008789
327.31422996520996,0.0,98.905,0.0,-14.834745407104492
327.34532022476196,0.0,98.896,0.0,-14.83411979675293
327.3770146369934,0.0,98.876,0.0,-14.83283519744873
327.41010093688965,0.0,98.867,0.0,-14.829549789428711
327.44134640693665,0.0,98.846,0.0,-14.829051971435547
327.47368144989014,0.0,98.844,0.0,-14.82783317565918
327.5058012008667,0.0,98.783,0.0,-14.826851844787598
327.54045724868774,0.0,98.752,0.0,-14.820636749267578
327.5652451515198,0.0,98.78,0.0,-14.817582130432129
327.59781408309937,0.0,98.777,0.0,-14.816463470458984
327.62870049476624,0.0,98.757,0.0,-14.815543174743652
327.66962027549744,0.0,98.73,0.0,-14.81340217590332
327.6973717212677,0.0,98.742,0.0,-14.811408042907715
327.72366309165955,0.0,98.756,0.0,-14.81043815612793
327.7549114227295,0.0,98.739,0.0,-14.810344696044922
327.7867920398712,0.0,98.705,0.0,-14.807703018188477
327.81921887397766,0.0,98.688,0.0,-14.805566787719727
327.85122895240784,0.0,98.671,0.0,-14.803224563598633
327.883309841156,0.0,98.676,0.0,-14.800495147705078
327.9158043861389,0.0,98.652,0.0,-14.798763275146484
327.94816732406616,0.0,98.655,0.0,-14.797623634338379
327.9804298877716,0.0,98.639,0.0,-14.79652214050293
328.01114654541016,0.0,98.66,0.0,-14.795421600341797
328.040025472641,0.0,98.641,0.0,-14.794736862182617
328.07300329208374,0.0,98.627,0.0,-14.794272422790527
328.1048319339752,0.0,98.638,0.0,-14.793387413024902
328.13774585723877,0.0,98.655,0.0,-14.793746948242188
328.16810870170593,0.0,98.653,0.0,-14.794329643249512
328.201687335968,0.0,98.638,0.0,-14.794742584228516
328.23571252822876,0.0,98.62,0.0,-14.793551445007324
328.265349149704,0.0,98.562,0.0,-14.791027069091797
328.2970869541168,0.0,98.565,0.0,-14.788528442382812
328.32987427711487,0.0,98.555,0.0,-14.786770820617676
328.3703372478485,0.0,98.544,0.0,-14.783724784851074
328.4037914276123,0.0,98.501,0.0,-14.782341003417969
328.44437050819397,0.0,98.491,0.0,-14.776988983154297
328.4758491516113,0.0,98.497,0.0,-14.77450942993164
328.5081145763397,0.0,98.487,0.0,-14.773504257202148
328.53344225883484,0.0,98.475,0.0,-14.772381782531738
328.5653190612793,0.0,98.489,0.0,-14.770739555358887
328.5975046157837,0.0,98.483,0.0,-14.770292282104492
328.62969303131104,0.0,98.495,0.0,-14.770769119262695
328.6630036830902,0.0,98.499,0.0,-14.771337509155273
328.6936810016632,0.0,98.461,0.0,-14.771662712097168
328.7259774208069,0.0,98.435,0.0,-14.770364761352539
328.75672578811646,0.0,98.445,0.0,-14.768314361572266
328.78811502456665,0.0,98.431,0.0,-14.765711784362793
328.8198823928833,0.0,98.404,0.0,-14.76469898223877
328.8522825241089,0.0,98.381,0.0,-14.762834548950195
328.88850927352905,0.0,98.361,0.0,-14.757881164550781
328.9158265590668,0.0,98.37,0.0,-14.757025718688965
328.94805240631104,0.0,98.377,0.0,-14.755716323852539
328.9800214767456,0.0,98.376,0.0,-14.7550630569458
329.0116591453552,0.0,98.352,0.0,-14.75326156616211
329.04580998420715,0.0,98.346,0.0,-14.752470970153809
329.07344675064087,0.0,98.353,0.0,-14.751501083374023
329.1070556640625,0.0,98.32,0.0,-14.751104354858398
329.1400685310364,0.0,98.305,0.0,-14.747632026672363
329.17064595222473,0.0,98.272,0.0,-14.74488639831543
329.20219898223877,0.0,98.255,0.0,-14.74240779876709
329.2345507144928,0.0,98.252,0.0,-14.740266799926758
329.2672941684723,0.0,98.261,0.0,-14.737692832946777
329.2996098995209,0.0,98.259,0.0,-14.737013816833496
329.33194398880005,0.0,98.27,0.0,-14.73656177520752
329.3636450767517,0.0,98.269,0.0,-14.736529350280762
329.3970420360565,0.0,98.25,0.0,-14.73680591583252
329.4284999370575,0.0,98.241,0.0,-14.73627758026123
329.46105575561523,0.0,98.227,0.0,-14.734439849853516
329.4932827949524,0.0,98.209,0.0,-14.734224319458008
329.5254182815552,0.0,98.188,0.0,-14.73276424407959
329.55704283714294,0.0,98.17,0.0,-14.730803489685059
329.5893585681915,0.0,98.156,0.0,-14.726334571838379
329.6172926425934,0.0,98.191,0.0,-14.725329399108887
329.6482148170471,0.0,98.198,0.0,-14.72541332244873
329.6807894706726,0.0,98.187,0.0,-14.725831985473633
329.71280574798584,0.0,98.176,0.0,-14.725273132324219
329.7446768283844,0.0,98.148,0.0,-14.723777770996094
329.77646112442017,0.0,98.175,0.0,-14.723005294799805
329.81672978401184,0.0,98.177,0.0,-14.723578453063965
329.8568890094757,0.0,98.189,0.0,-14.724626541137695
329.88834261894226,0.0,98.193,0.0,-14.725907325744629
329.9212121963501,0.0,98.19,0.0,-14.726436614990234
329.95305848121643,0.0,98.178,0.0,-14.726741790771484
329.9854910373688,0.0,98.158,0.0,-14.725479125976562
330.017395734787,0.0,98.093,0.0,-14.721773147583008
330.05090975761414,0.0,98.087,0.0,-14.719143867492676
330.0820200443268,0.0,98.102,0.0,-14.716894149780273
330.12234687805176,0.0,98.054,0.0,-14.714251518249512
330.1553752422333,0.0,98.049,0.0,-14.711862564086914
330.1856391429901,0.0,98.044,0.0,-14.70815372467041
330.21772050857544,0.0,98.057,0.0,-14.707442283630371
330.2500104904175,0.0,98.019,0.0,-14.70644760131836
330.2830078601837,0.0,98.008,0.0,-14.704646110534668
330.3145127296448,0.0,97.988,0.0,-14.700684547424316
330.34699988365173,0.0,98.015,0.0,-14.700209617614746
330.3793110847473,0.0,98.003,0.0,-14.69974136352539
330.4122452735901,0.0,97.986,0.0,-14.697961807250977
330.44369435310364,0.0,97.971,0.0,-14.697135925292969
330.4750928878784,0.0,97.967,0.0,-14.695926666259766
330.50604486465454,0.0,97.955,0.0,-14.694883346557617
330.53169870376587,0.0,97.973,0.0,-14.693631172180176
330.5731029510498,0.0,97.939,0.0,-14.692325592041016
330.6045789718628,0.0,97.91,0.0,-14.691153526306152
330.6376106739044,0.0,97.905,0.0,-14.687335968017578
330.6696813106537,0.0,97.891,0.0,-14.686380386352539
330.70191836357117,0.0,97.913,0.0,-14.684779167175293
330.7383773326874,0.0,97.889,0.0,-14.683387756347656
330.7662286758423,0.0,97.88,0.0,-14.682188034057617
330.7983796596527,0.0,97.887,0.0,-14.682496070861816
330.8313937187195,0.0,97.89,0.0,-14.681910514831543
330.8614480495453,0.0,97.892,0.0,-14.681562423706055
330.8932738304138,0.0,97.862,0.0,-14.680293083190918
330.92469668388367,0.0,97.854,0.0,-14.679023742675781
330.95626854896545,0.0,97.832,0.0,-14.678342819213867
330.98900747299194,0.0,97.829,0.0,-14.675336837768555
331.0215332508087,0.0,97.809,0.0,-14.673501968383789
331.05407977104187,0.0,97.828,0.0,-14.672934532165527
331.08477902412415,0.0,97.819,0.0,-14.672551155090332
331.11626625061035,0.0,97.801,0.0,-14.671760559082031
331.149213552475,0.0,97.788,0.0,-14.670661926269531
331.1734116077423,0.0,97.741,0.0,-14.669315338134766
331.223228931427,0.0,97.78,0.0,-14.665034294128418
331.25158071517944,0.0,97.809,0.0,-14.664790153503418
331.29216289520264,0.0,97.768,0.0,-14.665802001953125
331.3235695362091,0.0,97.765,0.0,-14.665035247802734
331.35586428642273,0.0,97.734,0.0,-14.664359092712402
331.3896999359131,0.0,97.711,0.0,-14.660282135009766
331.42015647888184,0.0,97.694,0.0,-14.657840728759766
331.45090341567993,0.0,97.684,0.0,-14.654916763305664
331.488657951355,0.0,97.662,0.0,-14.651350021362305
331.51575469970703,0.0,97.642,0.0,-14.64900016784668
331.5644302368164,0.0,97.633,0.0,-14.645536422729492
331.5973563194275,0.0,97.662,0.0,-14.6455659866333
331.6296384334564,0.0,97.675,0.0,-14.646207809448242
331.6640784740448,0.0,97.661,0.0,-14.647192001342773
331.6921856403351,0.0,97.637,0.0,-14.647056579589844
331.7240741252899,0.0,97.636,0.0,-14.645994186401367
331.75584959983826,0.0,97.649,0.0,-14.645177841186523
331.78811502456665,0.0,97.64,0.0,-14.64452838897705
331.8214707374573,0.0,97.605,0.0,-14.6443510055542
331.8525803089142,0.0,97.62,0.0,-14.642786026000977
331.89006662368774,0.0,97.626,0.0,-14.642127990722656
331.91675209999084,0.0,97.635,0.0,-14.642455101013184
331.94805693626404,0.0,97.637,0.0,-14.642621040344238
331.9817085266113,0.0,97.607,0.0,-14.642993927001953
332.02256083488464,0.0,97.55,0.0,-14.638961791992188
332.05372190475464,0.0,97.533,0.0,-14.636480331420898
332.0895502567291,0.0,97.527,0.0,-14.631911277770996
332.1184387207031,0.0,97.568,0.0,-14.632059097290039
332.1516990661621,0.0,97.56,0.0,-14.631893157958984
332.18286895751953,0.0,97.569,0.0,-14.631857872009277
332.2157747745514,0.0,97.565,0.0,-14.632365226745605
332.2481486797333,0.0,97.572,0.0,-14.632816314697266
332.28042459487915,0.0,97.546,0.0,-14.633199691772461
332.31553840637207,0.0,97.524,0.0,-14.631793022155762
332.3443241119385,0.0,97.49,0.0,-14.630485534667969
332.3653211593628,0.0,97.49,0.0,-14.62807846069336
332.39271879196167,0.0,97.472,0.0,-14.626421928405762
332.42472672462463,0.0,97.474,0.0,-14.624258995056152
332.45687103271484,0.0,97.454,0.0,-14.622716903686523
332.48914885520935,0.0,97.471,0.0,-14.619966506958008
332.52025604248047,0.0,97.46,0.0,-14.619260787963867
332.55348229408264,0.0,97.446,0.0,-14.618474006652832
332.59002566337585,0.0,97.41,0.0,-14.614986419677734
332.61843276023865,0.0,97.421,0.0,-14.613691329956055
332.65752935409546,0.0,97.409,0.0,-14.612412452697754
332.6975643634796,0.0,97.403,0.0,-14.610272407531738
332.7233147621155,0.0,97.373,0.0,-14.60826587677002
332.7531843185425,0.0,97.341,0.0,-14.606228828430176
332.7909073829651,0.0,97.337,0.0,-14.602032661437988
332.8185670375824,0.0,97.317,0.0,-14.59980583190918
332.85043001174927,0.0,97.308,0.0,-14.597779273986816
332.8819491863251,0.0,97.315,0.0,-14.596288681030273
332.9145929813385,0.0,97.335,0.0,-14.595483779907227
332.9457721710205,0.0,97.328,0.0,-14.595873832702637
332.97903180122375,0.0,97.315,0.0,-14.595949172973633
333.011106967926,0.0,97.282,0.0,-14.595521926879883
333.0422863960266,0.0,97.271,0.0,-14.592510223388672
333.07412815093994,0.0,97.266,0.0,-14.591188430786133
333.10580921173096,0.0,97.269,0.0,-14.590015411376953
333.1401858329773,0.0,97.257,0.0,-14.588293075561523
333.17036747932434,0.0,97.241,0.0,-14.587450981140137
333.20275259017944,0.0,97.219,0.0,-14.586311340332031
333.2348208427429,0.0,97.215,0.0,-14.584564208984375
333.26653146743774,0.0,97.219,0.0,-14.582202911376953
333.29859948158264,0.0,97.212,0.0,-14.581274032592773
333.3395781517029,0.0,97.148,0.0,-14.576796531677246
333.37381768226624,0.0,97.129,0.0,-14.57379150390625
333.40658020973206,0.0,97.159,0.0,-14.570784568786621
333.4384171962738,0.0,97.193,0.0,-14.571878433227539
333.4778468608856,0.0,97.209,0.0,-14.573647499084473
333.5096814632416,0.0,97.154,0.0,-14.574234962463379
333.541748046875,0.0,97.143,0.0,-14.572572708129883
333.57439827919006,0.0,97.136,0.0,-14.571619033813477
333.6062738895416,0.0,97.161,0.0,-14.570634841918945
333.64017820358276,0.0,97.152,0.0,-14.570899963378906
333.671026468277,0.0,97.117,0.0,-14.570886611938477
333.7035753726959,0.0,97.117,0.0,-14.569445610046387
333.74031043052673,0.0,97.124,0.0,-14.567873001098633
333.76795411109924,0.0,97.131,0.0,-14.567824363708496
333.8015413284302,0.0,97.124,0.0,-14.567153930664062
333.8386023044586,0.0,97.099,0.0,-14.565958023071289
333.8696823120117,0.0,97.089,0.0,-14.564727783203125
333.90224838256836,0.0,97.074,0.0,-14.564066886901855
333.9336996078491,0.0,97.082,0.0,-14.562713623046875
333.9657256603241,0.0,97.078,0.0,-14.561396598815918
333.99800729751587,0.0,97.072,0.0,-14.560686111450195
334.0301671028137,0.0,97.079,0.0,-14.560638427734375
334.0614037513733,0.0,97.082,0.0,-14.56047248840332
334.1019368171692,0.0,97.09,0.0,-14.560903549194336
334.1364085674286,0.0,97.065,0.0,-14.561240196228027
334.1750183105469,0.0,97.03,0.0,-14.559720993041992
334.20780205726624,0.0,97.024,0.0,-14.55788803100586
334.2403931617737,0.0,97.021,0.0,-14.555309295654297
334.2715666294098,0.0,97.032,0.0,-14.554200172424316
334.3038556575775,0.0,97.024,0.0,-14.553842544555664
334.33750343322754,0.0,97.007,0.0,-14.553268432617188
334.3729774951935,0.0,96.986,0.0,-14.551109313964844
334.40446853637695,0.0,96.943,0.0,-14.54967212677002
334.44192337989807,0.0,96.94,0.0,-14.544493675231934
334.46872663497925,0.0,96.946,0.0,-14.543017387390137
334.50096106529236,0.0,96.934,0.0,-14.541764259338379
334.5331311225891,0.0,96.945,0.0,-14.54051685333252
334.56536197662354,0.0,96.892,0.0,-14.53756046295166
334.59776163101196,0.0,96.883,0.0,-14.535298347473145
334.63036489486694,0.0,96.901,0.0,-14.534578323364258
334.6659426689148,0.0,96.94,0.0,-14.5350341796875
334.69402551651,0.0,96.933,0.0,-14.535694122314453
334.7260880470276,0.0,96.953,0.0,-14.537093162536621
334.7581379413605,0.0,96.947,0.0,-14.53821849822998
334.78983092308044,0.0,96.93,0.0,-14.538565635681152
334.82351183891296,0.0,96.907,0.0,-14.538480758666992
334.86744379997253,0.0,96.89,0.0,-14.536006927490234
334.9058082103729,0.0,96.871,0.0,-14.534018516540527
334.94165539741516,0.0,96.851,0.0,-14.530695915222168
334.97021436691284,0.0,96.863,0.0,-14.52951717376709
335.0027379989624,0.0,96.851,0.0,-14.528902053833008
335.0342905521393,0.0,96.849,0.0,-14.527965545654297
335.06755566596985,0.0,96.836,0.0,-14.526106834411621
335.0992069244385,0.0,96.787,0.0,-14.524465560913086
335.1312243938446,0.0,96.762,0.0,-14.522025108337402
335.16562938690186,0.0,96.761,0.0,-14.516921043395996
335.19561314582825,0.0,96.741,0.0,-14.514429092407227
335.228634595871,0.0,96.736,0.0,-14.512779235839844
335.2603940963745,0.0,96.743,0.0,-14.511154174804688
335.2923176288605,0.0,96.77,0.0,-14.510778427124023
335.32426953315735,0.0,96.768,0.0,-14.511159896850586
335.3562114238739,0.0,96.732,0.0,-14.510004043579102
335.3921663761139,0.0,96.669,0.0,-14.507761001586914
335.4209496974945,0.0,96.694,0.0,-14.504903793334961
335.4496228694916,0.0,96.717,0.0,-14.503805160522461
335.4805700778961,0.0,96.689,0.0,-14.503987312316895
335.5130603313446,0.0,96.664,0.0,-14.503013610839844
335.54132413864136,0.0,96.652,0.0,-14.499475479125977
335.5678515434265,0.0,96.639,0.0,-14.497604370117188
335.60414004325867,0.0,96.604,0.0,-14.495214462280273
335.6418583393097,0.0,96.597,0.0,-14.491016387939453
335.6685438156128,0.0,96.613,0.0,-14.490251541137695
335.70059633255005,0.0,96.605,0.0,-14.48990249633789
335.7329716682434,0.0,96.573,0.0,-14.489200592041016
335.7656977176666,0.0,96.544,0.0,-14.484827041625977
335.7968165874481,0.0,96.541,0.0,-14.482796669006348
335.827885389328,0.0,96.573,0.0,-14.482057571411133
335.8604521751404,0.0,96.562,0.0,-14.482149124145508
335.8925211429596,0.0,96.566,0.0,-14.481816291809082
335.9243538379669,0.0,96.535,0.0,-14.480566024780273
335.95632433891296,0.0,96.539,0.0,-14.479827880859375
335.98850297927856,0.0,96.523,0.0,-14.478224754333496
336.0207600593567,0.0,96.525,0.0,-14.476938247680664
336.05295062065125,0.0,96.516,0.0,-14.476673126220703
336.08610463142395,0.0,96.509,0.0,-14.47614574432373
336.1169855594635,0.0,96.491,0.0,-14.474710464477539
336.147408246994,0.0,96.481,0.0,-14.473732948303223
336.1809344291687,0.0,96.478,0.0,-14.472607612609863
336.2129418849945,0.0,96.458,0.0,-14.471662521362305
336.24233174324036,0.0,96.463,0.0,-14.469230651855469
336.29284596443176,0.0,96.448,0.0,-14.46762466430664
336.3295283317566,0.0,96.452,0.0,-14.467144966125488
336.3615493774414,0.0,96.459,0.0,-14.466656684875488
336.3945207595825,0.0,96.472,0.0,-14.467187881469727
336.4266610145569,0.0,96.442,0.0,-14.466407775878906
336.45792508125305,0.0,96.393,0.0,-14.464584350585938
336.48731803894043,0.0,96.406,0.0,-14.462417602539062
336.52017974853516,0.0,96.43,0.0,-14.461553573608398
336.55169892311096,0.0,96.444,0.0,-14.462358474731445
336.58272981643677,0.0,96.429,0.0,-14.462392807006836
336.6145534515381,0.0,96.402,0.0,-14.46157455444336
336.64691638946533,0.0,96.375,0.0,-14.458971977233887
336.67811584472656,0.0,96.348,0.0,-14.45765495300293
336.7100751399994,0.0,96.322,0.0,-14.455545425415039
336.74290132522583,0.0,96.255,0.0,-14.44841194152832
336.7745141983032,0.0,96.282,0.0,-14.444650650024414
336.8064217567444,0.0,96.254,0.0,-14.442947387695312
336.83897256851196,0.0,96.248,0.0,-14.440532684326172
336.8696026802063,0.0,96.206,0.0,-14.435445785522461
336.9018542766571,0.0,96.206,0.0,-14.432965278625488
336.93468284606934,0.0,96.191,0.0,-14.431138038635254
336.95857214927673,0.0,96.202,0.0,-14.429187774658203
336.9937193393707,0.0,96.196,0.0,-14.427337646484375
337.022962808609,0.0,96.189,0.0,-14.42643928527832
337.05443835258484,0.0,96.184,0.0,-14.425621032714844
337.08683609962463,0.0,96.162,0.0,-14.423601150512695
337.1186122894287,0.0,96.17,0.0,-14.422365188598633
337.15022826194763,0.0,96.154,0.0,-14.421537399291992
337.18370389938354,0.0,96.163,0.0,-14.421351432800293
337.21768975257874,0.0,96.124,0.0,-14.420323371887207
337.2470989227295,0.0,96.131,0.0,-14.41897964477539
337.2781035900116,0.0,96.116,0.0,-14.418298721313477
337.3100154399872,0.0,96.095,0.0,-14.417205810546875
337.3425455093384,0.0,96.105,0.0,-14.414735794067383
337.3742985725403,0.0,96.085,0.0,-14.413883209228516
337.40650629997253,0.0,96.047,0.0,-14.412739753723145
337.4381844997406,0.0,96.043,0.0,-14.410320281982422
337.4546535015106,0.0,96.048,0.0,-14.408345222473145
337.48626685142517,0.0,96.06,0.0,-14.407094955444336
337.5188150405884,0.0,96.059,0.0,-14.406420707702637
337.5506844520569,0.0,96.059,0.0,-14.406268119812012
337.58182740211487,0.0,96.047,0.0,-14.40595817565918
337.6150093078613,0.0,96.057,0.0,-14.405660629272461
337.6553621292114,0.0,96.05,0.0,-14.405523300170898
337.67337584495544,0.0,96.065,0.0,-14.40609359741211
337.7184407711029,0.0,96.068,0.0,-14.407309532165527
337.7465081214905,0.0,96.052,0.0,-14.4070405960083
337.7779047489166,0.0,96.027,0.0,-14.406862258911133
337.81053948402405,0.0,96.027,0.0,-14.405702590942383
337.8432879447937,0.0,96.031,0.0,-14.404109954833984
337.8742468357086,0.0,96.037,0.0,-14.403833389282227
337.9060080051422,0.0,96.024,0.0,-14.403902053833008
337.93776750564575,0.0,95.995,0.0,-14.40343952178955
337.9546580314636,0.0,95.981,0.0,-14.401891708374023
337.9858810901642,0.0,95.98,0.0,-14.400136947631836
338.0175266265869,0.0,96.01,0.0,-14.399012565612793
338.0490665435791,0.0,95.978,0.0,-14.398941993713379
338.0892164707184,0.0,95.966,0.0,-14.397871017456055
338.12121057510376,0.0,95.933,0.0,-14.394219398498535
338.15297269821167,0.0,95.915,0.0,-14.39189338684082
338.18688321113586,0.0,95.926,0.0,-14.389930725097656
338.2182557582855,0.0,95.908,0.0,-14.387445449829102
338.25062584877014,0.0,95.916,0.0,-14.386691093444824
338.28231143951416,0.0,95.904,0.0,-14.386287689208984
338.32814288139343,0.0,95.878,0.0,-14.383670806884766
338.35513281822205,0.0,95.873,0.0,-14.382177352905273
338.3811159133911,0.0,95.874,0.0,-14.381119728088379
338.4186089038849,0.0,95.874,0.0,-14.3798246383667
338.4504816532135,0.0,95.874,0.0,-14.379465103149414
338.48289585113525,0.0,95.803,0.0,-14.378273963928223
338.51631569862366,0.0,95.778,0.0,-14.372162818908691
338.54716300964355,0.0,95.781,0.0,-14.369855880737305
338.5802836418152,0.0,95.763,0.0,-14.367384910583496
338.62171721458435,0.0,95.758,0.0,-14.36353874206543
338.6534824371338,0.0,95.744,0.0,-14.361931800842285
338.68580508232117,0.0,95.716,0.0,-14.35959243774414
338.7176332473755,0.0,95.723,0.0,-14.356903076171875
338.75013518333435,0.0,95.73,0.0,-14.356242179870605
338.7819595336914,0.0,95.744,0.0,-14.356104850769043
338.81409072875977,0.0,95.692,0.0,-14.356661796569824
338.845960855484,0.0,95.662,0.0,-14.3535737991333
338.8780701160431,0.0,95.649,0.0,-14.35146427154541
338.9104690551758,0.0,95.655,0.0,-14.349355697631836
338.9430205821991,0.0,95.649,0.0,-14.346860885620117
338.9737889766693,0.0,95.554,0.0,-14.342318534851074
339.00555443763733,0.0,95.549,0.0,-14.338591575622559
339.0373022556305,0.0,95.565,0.0,-14.335588455200195
339.0737910270691,0.0,95.589,0.0,-14.333935737609863
339.10639357566833,0.0,95.562,0.0,-14.33382797241211
339.14038610458374,0.0,95.556,0.0,-14.33282470703125
339.1718816757202,0.0,95.562,0.0,-14.331480979919434
339.20425963401794,0.0,95.535,0.0,-14.330116271972656
339.23661184310913,0.0,95.532,0.0,-14.328758239746094
339.27057099342346,0.0,95.519,0.0,-14.327005386352539
339.3007218837738,0.0,95.539,0.0,-14.327119827270508
339.3328733444214,0.0,95.528,0.0,-14.326814651489258
339.36507844924927,0.0,95.486,0.0,-14.325425148010254
339.39538741111755,0.0,95.475,0.0,-14.323147773742676
339.4294958114624,0.0,95.481,0.0,-14.321768760681152
339.45972442626953,0.0,95.481,0.0,-14.32101821899414
339.4958117008209,0.0,95.479,0.0,-14.320076942443848
339.52261424064636,0.0,95.484,0.0,-14.319723129272461
339.5552022457123,0.0,95.449,0.0,-14.319799423217773
339.58672881126404,0.0,95.401,0.0,-14.318440437316895
339.6190526485443,0.0,95.367,0.0,-14.311717987060547
339.64908027648926,0.0,95.36,0.0,-14.309294700622559
339.68403124809265,0.0,95.375,0.0,-14.3068208694458
339.7199122905731,0.0,95.352,0.0,-14.303790092468262
339.74856066703796,0.0,95.332,0.0,-14.301617622375488
339.78775453567505,0.0,95.306,0.0,-14.299723625183105
339.83116579055786,0.0,95.301,0.0,-14.29572868347168
339.8610317707062,0.0,95.273,0.0,-14.293445587158203
339.89381742477417,0.0,95.253,0.0,-14.289344787597656
339.9257347583771,0.0,95.253,0.0,-14.287723541259766
339.95780992507935,0.0,95.248,0.0,-14.286351203918457
339.98957324028015,0.0,95.257,0.0,-14.285170555114746
340.0211880207062,0.0,95.263,0.0,-14.284836769104004
340.05341243743896,0.0,95.236,0.0,-14.2850923538208
340.0857744216919,0.0,95.232,0.0,-14.284229278564453
340.1178615093231,0.0,95.197,0.0,-14.283023834228516
340.1508243083954,0.0,95.187,0.0,-14.281194686889648
340.18332076072693,0.0,95.186,0.0,-14.279424667358398
340.2218189239502,0.0,95.174,0.0,-14.276606559753418
340.2481601238251,0.0,95.153,0.0,-14.274862289428711
340.2804787158966,0.0,95.156,0.0,-14.2733736038208
340.3118894100189,0.0,95.157,0.0,-14.272418975830078
340.3436954021454,0.0,95.148,0.0,-14.270999908447266
340.3754069805145,0.0,95.126,0.0,-14.269529342651367
340.4070191383362,0.0,95.075,0.0,-14.267576217651367
340.4405632019043,0.0,95.054,0.0,-14.264873504638672
340.47100162506104,0.0,95.038,0.0,-14.259134292602539
340.5037248134613,0.0,95.038,0.0,-14.257022857666016
340.53403973579407,0.0,95.049,0.0,-14.255937576293945
340.5750377178192,0.0,95.051,0.0,-14.255287170410156
340.6076281070709,0.0,95.054,0.0,-14.255051612854004
340.6398642063141,0.0,95.013,0.0,-14.25410270690918
340.6714401245117,0.0,95.006,0.0,-14.25211238861084
340.70396614074707,0.0,95.024,0.0,-14.250861167907715
340.7395091056824,0.0,95.029,0.0,-14.250717163085938
340.77056074142456,0.0,95.043,0.0,-14.251697540283203
340.80273723602295,0.0,94.994,0.0,-14.252342224121094
340.8347501754761,0.0,94.99,0.0,-14.25083065032959
340.87189412117004,0.0,95.01,0.0,-14.249428749084473
340.8989026546478,0.0,95.012,0.0,-14.24947452545166
340.931946516037,0.0,95.0,0.0,-14.249722480773926
340.9635434150696,0.0,94.994,0.0,-14.249282836914062
340.9959144592285,0.0,94.983,0.0,-14.247875213623047
341.0276620388031,0.0,94.947,0.0,-14.245739936828613
341.0599024295807,0.0,94.954,0.0,-14.24429702758789
341.090989112854,0.0,94.962,0.0,-14.243351936340332
341.12373065948486,0.0,94.985,0.0,-14.243741989135742
341.1566832065582,0.0,94.969,0.0,-14.243682861328125
341.18757820129395,0.0,94.962,0.0,-14.243673324584961
341.2237458229065,0.0,94.941,0.0,-14.243231773376465
341.268394947052,0.0,94.946,0.0,-14.241724014282227
341.30680537223816,0.0,94.914,0.0,-14.24063777923584
341.3392632007599,0.0,94.926,0.0,-14.2391996383667
341.3709967136383,0.0,94.933,0.0,-14.238513946533203
341.40320324897766,0.0,94.909,0.0,-14.237873077392578
341.43575072288513,0.0,94.895,0.0,-14.236991882324219
341.46820044517517,0.0,94.903,0.0,-14.235756874084473
341.50015687942505,0.0,94.886,0.0,-14.234044075012207
341.53030824661255,0.0,94.869,0.0,-14.232536315917969
341.5638418197632,0.0,94.878,0.0,-14.231369018554688
341.5963270664215,0.0,94.879,0.0,-14.230595588684082
341.626149892807,0.0,94.869,0.0,-14.229991912841797
341.65750312805176,0.0,94.862,0.0,-14.229270935058594
341.6895160675049,0.0,94.836,0.0,-14.22778606414795
341.72191166877747,0.0,94.825,0.0,-14.225179672241211
341.75382447242737,0.0,94.774,0.0,-14.222021102905273
341.79010701179504,0.0,94.705,0.0,-14.218409538269043
341.8215525150299,0.0,94.712,0.0,-14.210948944091797
341.85328578948975,0.0,94.715,0.0,-14.208796501159668
341.88542342185974,0.0,94.75,0.0,-14.207216262817383
341.9178273677826,0.0,94.771,0.0,-14.207549095153809
341.95784878730774,0.0,94.773,0.0,-14.209494590759277
341.9940595626831,0.0,94.745,0.0,-14.210149765014648
342.0211100578308,0.0,94.712,0.0,-14.210562705993652
342.05722403526306,0.0,94.704,0.0,-14.20891284942627
342.08930921554565,0.0,94.697,0.0,-14.20734691619873
342.12191128730774,0.0,94.702,0.0,-14.205024719238281
342.15375995635986,0.0,94.691,0.0,-14.20495319366455
342.1862781047821,0.0,94.688,0.0,-14.203940391540527
342.21824407577515,0.0,94.699,0.0,-14.203079223632812
342.2504644393921,0.0,94.666,0.0,-14.20146369934082
342.2820689678192,0.0,94.658,0.0,-14.200255393981934
342.32208251953125,0.0,94.637,0.0,-14.197480201721191
342.3541624546051,0.0,94.655,0.0,-14.196988105773926
342.3884732723236,0.0,94.607,0.0,-14.19577693939209
342.42005038261414,0.0,94.597,0.0,-14.191829681396484
342.45096135139465,0.0,94.556,0.0,-14.188673973083496
342.4846999645233,0.0,94.579,0.0,-14.186296463012695
342.5154240131378,0.0,94.615,0.0,-14.185491561889648
342.546923160553,0.0,94.645,0.0,-14.188098907470703
342.5801866054535,0.0,94.621,0.0,-14.189847946166992
342.61154532432556,0.0,94.591,0.0,-14.190237045288086
342.6430649757385,0.0,94.565,0.0,-14.189315795898438
342.6757175922394,0.0,94.556,0.0,-14.186302185058594
342.7069149017334,0.0,94.547,0.0,-14.184918403625488
342.7408971786499,0.0,94.506,0.0,-14.183513641357422
342.7732849121094,0.0,94.477,0.0,-14.177448272705078
342.8050458431244,0.0,94.452,0.0,-14.175077438354492
342.8385021686554,0.0,94.463,0.0,-14.17213249206543
342.8696038722992,0.0,94.468,0.0,-14.170389175415039
342.90177965164185,0.0,94.461,0.0,-14.168281555175781
342.93366599082947,0.0,94.48,0.0,-14.16834545135498
342.9654531478882,0.0,94.488,0.0,-14.16917896270752
342.9981122016907,0.0,94.453,0.0,-14.168349266052246
343.0307295322418,0.0,94.43,0.0,-14.16654109954834
343.0625467300415,0.0,94.388,0.0,-14.163434982299805
343.0947461128235,0.0,94.41,0.0,-14.161094665527344
343.12819480895996,0.0,94.413,0.0,-14.159546852111816
343.1586856842041,0.0,94.414,0.0,-14.159339904785156
343.1903817653656,0.0,94.397,0.0,-14.159284591674805
343.22273445129395,0.0,94.369,0.0,-14.157768249511719
343.2539873123169,0.0,94.339,0.0,-14.156351089477539
343.2866108417511,0.0,94.318,0.0,-14.15404987335205
343.3183767795563,0.0,94.316,0.0,-14.151447296142578
343.35144543647766,0.0,94.337,0.0,-14.14879322052002
343.3900055885315,0.0,94.327,0.0,-14.148757934570312
343.4089620113373,0.0,94.331,0.0,-14.147998809814453
343.45668625831604,0.0,94.307,0.0,-14.146541595458984
343.4891548156738,0.0,94.312,0.0,-14.145622253417969
343.52192282676697,0.0,94.317,0.0,-14.145103454589844
343.5539002418518,0.0,94.334,0.0,-14.145811080932617
343.5859305858612,0.0,94.336,0.0,-14.146491050720215
343.61716771125793,0.0,94.302,0.0,-14.146050453186035
343.6500949859619,0.0,94.299,0.0,-14.144681930541992
343.6818690299988,0.0,94.272,0.0,-14.143085479736328
343.7127516269684,0.0,94.271,0.0,-14.141890525817871
343.7463390827179,0.0,94.239,0.0,-14.140379905700684
343.77572226524353,0.0,94.237,0.0,-14.138540267944336
343.80852150917053,0.0,94.233,0.0,-14.137077331542969
343.84057545661926,0.0,94.209,0.0,-14.135826110839844
343.87403440475464,0.0,94.201,0.0,-14.132125854492188
343.9004340171814,0.0,94.18,0.0,-14.13022232055664
343.9305999279022,0.0,94.168,0.0,-14.12851333618164
343.9626579284668,0.0,94.162,0.0,-14.126749038696289
343.9944739341736,0.0,94.132,0.0,-14.125195503234863
344.0266444683075,0.0,94.124,0.0,-14.120677947998047
344.058851480484,0.0,94.1,0.0,-14.118520736694336
344.0918655395508,0.0,94.11,0.0,-14.116507530212402
344.11627745628357,0.0,94.106,0.0,-14.115447998046875
344.1568284034729,0.0,94.101,0.0,-14.113700866699219
344.1883385181427,0.0,94.077,0.0,-14.113337516784668
344.221040725708,0.0,94.069,0.0,-14.111908912658691
344.25249123573303,0.0,94.039,0.0,-14.108284950256348
344.28473925590515,0.0,94.018,0.0,-14.105732917785645
344.31583523750305,0.0,94.022,0.0,-14.103667259216309
344.34869027137756,0.0,94.029,0.0,-14.101649284362793
344.37998485565186,0.0,94.055,0.0,-14.101374626159668
344.41227293014526,0.0,94.065,0.0,-14.10232925415039
344.4397339820862,0.0,94.012,0.0,-14.103553771972656
344.47164940834045,0.0,93.944,0.0,-14.100857734680176
344.5034763813019,0.0,93.933,0.0,-14.097503662109375
344.53474712371826,0.0,93.939,0.0,-14.094508171081543
344.56713008880615,0.0,93.972,0.0,-14.092513084411621
344.59951663017273,0.0,93.973,0.0,-14.092477798461914
344.6320552825928,0.0,93.937,0.0,-14.09207820892334
344.66402101516724,0.0,93.916,0.0,-14.090824127197266
344.6946315765381,0.0,93.934,0.0,-14.089034080505371
344.7274158000946,0.0,93.947,0.0,-14.088640213012695
344.75890731811523,0.0,93.945,0.0,-14.088411331176758
344.80029344558716,0.0,93.917,0.0,-14.087665557861328
344.8354935646057,0.0,93.902,0.0,-14.086343765258789
344.8756458759308,0.0,93.898,0.0,-14.084663391113281
344.92287254333496,0.0,93.931,0.0,-14.085899353027344
344.9552900791168,0.0,93.941,0.0,-14.08685302734375
344.98823046684265,0.0,93.955,0.0,-14.088212966918945
345.02011370658875,0.0,93.918,0.0,-14.087995529174805
345.0517339706421,0.0,93.898,0.0,-14.087618827819824
345.08493852615356,0.0,93.894,0.0,-14.086509704589844
345.1170642375946,0.0,93.905,0.0,-14.0855073928833
345.149445772171,0.0,93.905,0.0,-14.084771156311035
345.1811842918396,0.0,93.888,0.0,-14.084701538085938
345.21355533599854,0.0,93.892,0.0,-14.083958625793457
345.24583864212036,0.0,93.857,0.0,-14.081835746765137
345.27692222595215,0.0,93.863,0.0,-14.080768585205078
345.30901527404785,0.0,93.82,0.0,-14.078588485717773
345.3419804573059,0.0,93.8,0.0,-14.076517105102539
345.3728840351105,0.0,93.793,0.0,-14.072010040283203
345.4042992591858,0.0,93.812,0.0,-14.071231842041016
345.43633222579956,0.0,93.819,0.0,-14.070598602294922
345.4682550430298,0.0,93.793,0.0,-14.070538520812988
345.50182461738586,0.0,93.782,0.0,-14.068193435668945
345.5496492385864,0.0,93.769,0.0,-14.066126823425293
345.58056926727295,0.0,93.783,0.0,-14.065814971923828
345.6209673881531,0.0,93.732,0.0,-14.06562328338623
345.65319442749023,0.0,93.751,0.0,-14.062179565429688
345.6852023601532,0.0,93.754,0.0,-14.06161117553711
345.7176637649536,0.0,93.754,0.0,-14.061349868774414
345.75029611587524,0.0,93.759,0.0,-14.061332702636719
345.7819826602936,0.0,93.723,0.0,-14.060474395751953
345.81369256973267,0.0,93.704,0.0,-14.059348106384277
345.84380888938904,0.0,93.718,0.0,-14.057721138000488
345.8755986690521,0.0,93.727,0.0,-14.057034492492676
345.90674805641174,0.0,93.716,0.0,-14.057409286499023
345.9390275478363,0.0,93.691,0.0,-14.056899070739746
345.9743835926056,0.0,93.69,0.0,-14.054400444030762
346.0032072067261,0.0,93.693,0.0,-14.053722381591797
346.03417897224426,0.0,93.669,0.0,-14.052230834960938
346.0659325122833,0.0,93.671,0.0,-14.051623344421387
346.09950017929077,0.0,93.641,0.0,-14.048903465270996
346.1307246685028,0.0,93.656,0.0,-14.048130989074707
346.16242718696594,0.0,93.635,0.0,-14.046698570251465
346.1947901248932,0.0,93.643,0.0,-14.046477317810059
346.2265634536743,0.0,93.64,0.0,-14.04541015625
346.2586176395416,0.0,93.629,0.0,-14.044988632202148
346.2906448841095,0.0,93.592,0.0,-14.044243812561035
346.323605298996,0.0,93.603,0.0,-14.041172981262207
346.3542306423187,0.0,93.622,0.0,-14.04033374786377
346.3865578174591,0.0,93.607,0.0,-14.04053020477295
346.4178729057312,0.0,93.587,0.0,-14.0400972366333
346.45015382766724,0.0,93.571,0.0,-14.037457466125488
346.4814398288727,0.0,93.545,0.0,-14.03587532043457
346.51387119293213,0.0,93.55,0.0,-14.034069061279297
346.54041838645935,0.0,93.556,0.0,-14.03293228149414
346.57350850105286,0.0,93.55,0.0,-14.03171157836914
346.6055872440338,0.0,93.55,0.0,-14.031262397766113
346.63854360580444,0.0,93.481,0.0,-14.029620170593262
346.6700232028961,0.0,93.486,0.0,-14.026845932006836
346.70191407203674,0.0,93.475,0.0,-14.023106575012207
346.7339286804199,0.0,93.464,0.0,-14.021269798278809
346.76775074005127,0.0,93.413,0.0,-14.019326210021973
346.79841899871826,0.0,93.397,0.0,-14.014095306396484
346.82936573028564,0.0,93.389,0.0,-14.01176643371582
346.86135840415955,0.0,93.388,0.0,-14.009710311889648
346.89363741874695,0.0,93.411,0.0,-14.008160591125488
346.9258372783661,0.0,93.43,0.0,-14.008606910705566
346.9591500759125,0.0,93.395,0.0,-14.009309768676758
346.98819184303284,0.0,93.358,0.0,-14.00844955444336
347.0282971858978,0.0,93.313,0.0,-14.004266738891602
347.060453414917,0.0,93.287,0.0,-14.001297950744629
347.08979845046997,0.0,93.284,0.0,-13.997981071472168
347.1205744743347,0.0,93.296,0.0,-13.995368957519531
347.1529927253723,0.0,93.319,0.0,-13.993880271911621
347.18521213531494,0.0,93.284,0.0,-13.993037223815918
347.2175679206848,0.0,93.275,0.0,-13.991875648498535
347.249716758728,0.0,93.261,0.0,-13.989235877990723
347.28166341781616,0.0,93.288,0.0,-13.989331245422363
347.3140194416046,0.0,93.28,0.0,-13.989141464233398
347.3453369140625,0.0,93.245,0.0,-13.988096237182617
347.37774753570557,0.0,93.253,0.0,-13.986284255981445
347.40975880622864,0.0,93.247,0.0,-13.98591136932373
347.4416642189026,0.0,93.268,0.0,-13.985431671142578
347.47375774383545,0.0,93.248,0.0,-13.98682975769043
347.5059082508087,0.0,93.239,0.0,-13.986342430114746
347.5385687351227,0.0,93.224,0.0,-13.985630989074707
347.5705511569977,0.0,93.208,0.0,-13.984493255615234
347.6014666557312,0.0,93.193,0.0,-13.981231689453125
347.63831424713135,0.0,93.207,0.0,-13.979546546936035
347.6618058681488,0.0,93.217,0.0,-13.979260444641113
347.7005248069763,0.0,93.237,0.0,-13.9805908203125
347.73258113861084,0.0,93.142,0.0,-13.980082511901855
347.75816202163696,0.0,93.142,0.0,-13.97712230682373
347.7894341945648,0.0,93.093,0.0,-13.972774505615234
347.82635259628296,0.0,93.064,0.0,-13.965825080871582
347.8536145687103,0.0,93.102,0.0,-13.964645385742188
347.88467144966125,0.0,93.121,0.0,-13.964607238769531
347.91596508026123,0.0,93.15,0.0,-13.965449333190918
347.9486758708954,0.0,93.134,0.0,-13.966851234436035
347.9814348220825,0.0,93.141,0.0,-13.967400550842285
348.0134313106537,0.0,93.119,0.0,-13.96787166595459
348.04558062553406,0.0,93.118,0.0,-13.967351913452148
348.077271938324,0.0,93.095,0.0,-13.965911865234375
348.1099376678467,0.0,93.107,0.0,-13.964940071105957
348.1411347389221,0.0,93.104,0.0,-13.964731216430664
348.18039655685425,0.0,93.079,0.0,-13.96449089050293
348.21199679374695,0.0,93.052,0.0,-13.963314056396484
348.2444734573364,0.0,93.046,0.0,-13.9613037109375
348.2768301963806,0.0,93.004,0.0,-13.95644474029541
348.3092842102051,0.0,92.987,0.0,-13.954018592834473
348.34078764915466,0.0,92.997,0.0,-13.951566696166992
348.37557768821716,0.0,92.997,0.0,-13.949121475219727
348.3995714187622,0.0,92.993,0.0,-13.948219299316406
348.43770813941956,0.0,93.012,0.0,-13.947879791259766
348.4705562591553,0.0,93.011,0.0,-13.94818115234375
348.5031864643097,0.0,92.992,0.0,-13.947874069213867
348.5357310771942,0.0,92.994,0.0,-13.947576522827148
348.5677845478058,0.0,92.952,0.0,-13.94659423828125
348.59996342658997,0.0,92.952,0.0,-13.943662643432617
348.6332907676697,0.0,92.902,0.0,-13.942744255065918
348.66652846336365,0.0,92.857,0.0,-13.939985275268555
348.69930386543274,0.0,92.868,0.0,-13.93346881866455
348.7310163974762,0.0,92.88,0.0,-13.931571006774902
348.7633936405182,0.0,92.919,0.0,-13.930680274963379
348.79467391967773,0.0,92.939,0.0,-13.931703567504883
348.8264675140381,0.0,92.935,0.0,-13.934608459472656
348.85877203941345,0.0,92.918,0.0,-13.935882568359375
348.89032769203186,0.0,92.885,0.0,-13.935900688171387
348.9223349094391,0.0,92.894,0.0,-13.934563636779785
348.9556543827057,0.0,92.891,0.0,-13.93337345123291
348.9859278202057,0.0,92.872,0.0,-13.932464599609375
349.01851654052734,0.0,92.847,0.0,-13.931504249572754
349.05061054229736,0.0,92.839,0.0,-13.928093910217285
349.09058117866516,0.0,92.845,0.0,-13.927109718322754
349.1233220100403,0.0,92.834,0.0,-13.926521301269531
349.1553738117218,0.0,92.827,0.0,-13.924500465393066
349.17863273620605,0.0,92.825,0.0,-13.923672676086426
349.21922731399536,0.0,92.817,0.0,-13.923077583312988
349.25145292282104,0.0,92.808,0.0,-13.921539306640625
349.2845709323883,0.0,92.797,0.0,-13.920848846435547
349.3151981830597,0.0,92.795,0.0,-13.919896125793457
349.34713768959045,0.0,92.786,0.0,-13.919118881225586
349.3800721168518,0.0,92.78,0.0,-13.917085647583008
349.4114902019501,0.0,92.78,0.0,-13.916449546813965
349.44401597976685,0.0,92.79,0.0,-13.91600227355957
349.4772250652313,0.0,92.8,0.0,-13.916672706604004
349.50795674324036,0.0,92.819,0.0,-13.917850494384766
349.53974986076355,0.0,92.816,0.0,-13.918876647949219
349.5713963508606,0.0,92.801,0.0,-13.91956901550293
349.60414958000183,0.0,92.788,0.0,-13.91890811920166
349.6369802951813,0.0,92.775,0.0,-13.917925834655762
349.66758155822754,0.0,92.762,0.0,-13.916891098022461
349.7023549079895,0.0,92.771,0.0,-13.91546630859375
349.73279666900635,0.0,92.737,0.0,-13.91375732421875
349.7640333175659,0.0,92.728,0.0,-13.912084579467773
349.7957212924957,0.0,92.68,0.0,-13.908891677856445
349.83729815483093,0.0,92.685,0.0,-13.904541969299316
349.8617265224457,0.0,92.7,0.0,-13.9033203125
349.89224076271057,0.0,92.713,0.0,-13.903059959411621
349.9280140399933,0.0,92.712,0.0,-13.903770446777344
349.9558801651001,0.0,92.726,0.0,-13.904518127441406
349.9884989261627,0.0,92.745,0.0,-13.905261993408203
350.02062726020813,0.0,92.723,0.0,-13.906667709350586
350.05429124832153,0.0,92.722,0.0,-13.90698528289795
350.0844933986664,0.0,92.702,0.0,-13.906976699829102
350.11662435531616,0.0,92.696,0.0,-13.90627384185791
350.1523058414459,0.0,92.672,0.0,-13.90390682220459
350.18155455589294,0.0,92.67,0.0,-13.902616500854492
350.2122309207916,0.0,92.617,0.0,-13.900217056274414
350.24011158943176,0.0,92.622,0.0,-13.897594451904297
350.2685286998749,0.0,92.603,0.0,-13.8958158493042
350.30051493644714,0.0,92.643,0.0,-13.893768310546875
350.3329336643219,0.0,92.64,0.0,-13.893755912780762
350.36459398269653,0.0,92.627,0.0,-13.893245697021484
350.39677000045776,0.0,92.579,0.0,-13.89197063446045
350.4287304878235,0.0,92.574,0.0,-13.889251708984375
350.4608745574951,0.0,92.567,0.0,-13.887714385986328
350.5020332336426,0.0,92.58,0.0,-13.886486053466797
350.53390765190125,0.0,92.565,0.0,-13.885980606079102
350.5782821178436,0.0,92.536,0.0,-13.883082389831543
350.6055166721344,0.0,92.479,0.0,-13.879586219787598
350.63900923728943,0.0,92.448,0.0,-13.876602172851562
350.6705720424652,0.0,92.428,0.0,-13.873056411743164
350.70336532592773,0.0,92.43,0.0,-13.866996765136719
350.7356650829315,0.0,92.432,0.0,-13.86494255065918
350.7512605190277,0.0,92.432,0.0,-13.86369514465332
350.7822165489197,0.0,92.406,0.0,-13.861726760864258
350.81986904144287,0.0,92.386,0.0,-13.860208511352539
350.8533637523651,0.0,92.351,0.0,-13.85556411743164
350.88347840309143,0.0,92.402,0.0,-13.855628967285156
350.91586470603943,0.0,92.402,0.0,-13.855768203735352
350.94921827316284,0.0,92.396,0.0,-13.854951858520508
350.980788230896,0.0,92.368,0.0,-13.85421085357666
351.01226353645325,0.0,92.363,0.0,-13.853341102600098
351.04498767852783,0.0,92.394,0.0,-13.852736473083496
351.07774782180786,0.0,92.38,0.0,-13.855067253112793
351.10737013816833,0.0,92.367,0.0,-13.854966163635254
351.14071774482727,0.0,92.349,0.0,-13.854387283325195
351.1723096370697,0.0,92.34,0.0,-13.853228569030762
351.20320415496826,0.0,92.359,0.0,-13.85189151763916
351.231810092926,0.0,92.351,0.0,-13.851937294006348
351.2642376422882,0.0,92.348,0.0,-13.851594924926758
351.2883598804474,0.0,92.332,0.0,-13.851243019104004
351.32107949256897,0.0,92.36,0.0,-13.850337028503418
351.3529143333435,0.0,92.364,0.0,-13.851449966430664
351.384948015213,0.0,92.358,0.0,-13.851693153381348
351.4167492389679,0.0,92.309,0.0,-13.851740837097168
351.44919538497925,0.0,92.288,0.0,-13.849912643432617
351.4815402030945,0.0,92.264,0.0,-13.844911575317383
351.5130088329315,0.0,92.274,0.0,-13.843259811401367
351.54554557800293,0.0,92.292,0.0,-13.843118667602539
351.57802844047546,0.0,92.298,0.0,-13.842704772949219
351.60967803001404,0.0,92.286,0.0,-13.842734336853027
351.64269948005676,0.0,92.286,0.0,-13.842290878295898
351.6732039451599,0.0,92.299,0.0,-13.841983795166016
351.7059016227722,0.0,92.262,0.0,-13.841869354248047
351.7369875907898,0.0,92.244,0.0,-13.840747833251953
351.76871275901794,0.0,92.237,0.0,-13.839155197143555
351.80310106277466,0.0,92.247,0.0,-13.836966514587402
351.8329281806946,0.0,92.239,0.0,-13.835878372192383
351.8722631931305,0.0,92.247,0.0,-13.835329055786133
351.9057173728943,0.0,92.212,0.0,-13.833809852600098
351.93161702156067,0.0,92.215,0.0,-13.832837104797363
351.95574378967285,0.0,92.198,0.0,-13.831411361694336
351.99476385116577,0.0,92.211,0.0,-13.831106185913086
352.02910017967224,0.0,92.222,0.0,-13.830893516540527
352.05906534194946,0.0,92.188,0.0,-13.82965087890625
352.09045362472534,0.0,92.165,0.0,-13.827760696411133
352.12288880348206,0.0,92.157,0.0,-13.825752258300781
352.1570839881897,0.0,92.177,0.0,-13.82441234588623
352.1872704029083,0.0,92.157,0.0,-13.823554992675781
352.2193613052368,0.0,92.147,0.0,-13.822518348693848
352.2538001537323,0.0,92.091,0.0,-13.820425987243652
352.2836585044861,0.0,92.119,0.0,-13.817885398864746
352.3156461715698,0.0,92.125,0.0,-13.817148208618164
352.34813165664673,0.0,92.106,0.0,-13.816883087158203
352.3849687576294,0.0,92.072,0.0,-13.816084861755371
352.41694831848145,0.0,92.048,0.0,-13.813983917236328
352.4491636753082,0.0,92.028,0.0,-13.811400413513184
352.4823009967804,0.0,92.008,0.0,-13.805683135986328
352.5128870010376,0.0,92.039,0.0,-13.804322242736816
352.5448696613312,0.0,92.056,0.0,-13.803801536560059
352.5772805213928,0.0,92.052,0.0,-13.804370880126953
352.61758756637573,0.0,91.996,0.0,-13.804491996765137
352.6555826663971,0.0,91.969,0.0,-13.799651145935059
352.69095039367676,0.0,91.96,0.0,-13.797187805175781
352.7231991291046,0.0,91.972,0.0,-13.795388221740723
352.7552881240845,0.0,91.987,0.0,-13.794633865356445
352.7870149612427,0.0,91.976,0.0,-13.79428768157959
352.8189117908478,0.0,91.993,0.0,-13.794794082641602
352.8509349822998,0.0,91.999,0.0,-13.795284271240234
352.88351011276245,0.0,92.013,0.0,-13.79629898071289
352.92349195480347,0.0,91.973,0.0,-13.797380447387695
352.9544174671173,0.0,91.944,0.0,-13.79500961303711
352.9865622520447,0.0,91.94,0.0,-13.793582916259766
353.01916885375977,0.0,91.925,0.0,-13.79234790802002
353.05049753189087,0.0,91.928,0.0,-13.790802001953125
353.08297753334045,0.0,91.897,0.0,-13.788686752319336
353.11519408226013,0.0,91.912,0.0,-13.786924362182617
353.14829564094543,0.0,91.917,0.0,-13.786238670349121
353.17974972724915,0.0,91.926,0.0,-13.786178588867188
353.2106957435608,0.0,91.868,0.0,-13.783950805664062
353.24177956581116,0.0,91.894,0.0,-13.78222942352295
353.2735204696655,0.0,91.91,0.0,-13.78208065032959
353.30641508102417,0.0,91.91,0.0,-13.783197402954102
353.3385446071625,0.0,91.89,0.0,-13.782792091369629
353.36927127838135,0.0,91.847,0.0,-13.781254768371582
353.41170501708984,0.0,91.881,0.0,-13.77971363067627
353.4472279548645,0.0,91.863,0.0,-13.78058910369873
353.4716920852661,0.0,91.863,0.0,-13.779830932617188
353.50402092933655,0.0,91.831,0.0,-13.777841567993164
353.5354881286621,0.0,91.817,0.0,-13.776464462280273
353.5683720111847,0.0,91.816,0.0,-13.774848937988281
353.599990606308,0.0,91.804,0.0,-13.773597717285156
353.6320526599884,0.0,91.786,0.0,-13.770227432250977
353.66427206993103,0.0,91.81,0.0,-13.768899917602539
353.69544792175293,0.0,91.821,0.0,-13.768932342529297
353.72834491729736,0.0,91.803,0.0,-13.769172668457031
353.76052260398865,0.0,91.769,0.0,-13.768481254577637
353.7931110858917,0.0,91.758,0.0,-13.76706314086914
353.8249638080597,0.0,91.765,0.0,-13.765545845031738
353.85779309272766,0.0,91.769,0.0,-13.764277458190918
353.8890268802643,0.0,91.745,0.0,-13.762727737426758
353.9206693172455,0.0,91.735,0.0,-13.761825561523438
353.95276045799255,0.0,91.732,0.0,-13.76075553894043
353.9855878353119,0.0,91.736,0.0,-13.759364128112793
354.0184135437012,0.0,91.743,0.0,-13.759328842163086
354.049959897995,0.0,91.751,0.0,-13.759892463684082
354.08366298675537,0.0,91.752,0.0,-13.760441780090332
354.1304614543915,0.0,91.72,0.0,-13.759991645812988
354.1569149494171,0.0,91.718,0.0,-13.75905704498291
354.18858003616333,0.0,91.683,0.0,-13.758278846740723
354.2209610939026,0.0,91.681,0.0,-13.756237030029297
354.25288796424866,0.0,91.667,0.0,-13.75279712677002
354.28433299064636,0.0,91.643,0.0,-13.750682830810547
354.31623458862305,0.0,91.604,0.0,-13.748842239379883
354.3492262363434,0.0,91.599,0.0,-13.745830535888672
354.381511926651,0.0,91.598,0.0,-13.741448402404785
354.41398668289185,0.0,91.601,0.0,-13.739919662475586
354.4462399482727,0.0,91.607,0.0,-13.739057540893555
354.47793102264404,0.0,91.595,0.0,-13.738004684448242
354.5063533782959,0.0,91.602,0.0,-13.737814903259277
354.5443739891052,0.0,91.592,0.0,-13.737140655517578
354.5800564289093,0.0,91.598,0.0,-13.736921310424805
354.6083970069885,0.0,91.601,0.0,-13.73715877532959
354.64028573036194,0.0,91.587,0.0,-13.736801147460938
354.6725399494171,0.0,91.579,0.0,-13.736568450927734
354.7041199207306,0.0,91.555,0.0,-13.734845161437988
354.73655462265015,0.0,91.569,0.0,-13.733835220336914
354.7736485004425,0.0,91.585,0.0,-13.733684539794922
354.8074586391449,0.0,91.612,0.0,-13.735915184020996
354.84556555747986,0.0,91.598,0.0,-13.737503051757812
354.8776512145996,0.0,91.568,0.0,-13.737871170043945
354.9098048210144,0.0,91.551,0.0,-13.735474586486816
354.94199228286743,0.0,91.553,0.0,-13.734718322753906
354.97437024116516,0.0,91.539,0.0,-13.733904838562012
355.00656914711,0.0,91.51,0.0,-13.730597496032715
355.0484256744385,0.0,91.495,0.0,-13.728530883789062
355.0804228782654,0.0,91.495,0.0,-13.725505828857422
355.1131703853607,0.0,91.498,0.0,-13.724674224853516
355.1449251174927,0.0,91.493,0.0,-13.723865509033203
355.17604970932007,0.0,91.457,0.0,-13.72278118133545
355.2083113193512,0.0,91.447,0.0,-13.720412254333496
355.23959708213806,0.0,91.408,0.0,-13.718820571899414
355.2727744579315,0.0,91.392,0.0,-13.716001510620117
355.30550169944763,0.0,91.394,0.0,-13.711647033691406
355.3356761932373,0.0,91.387,0.0,-13.710046768188477
355.36660838127136,0.0,91.388,0.0,-13.708581924438477
355.39890599250793,0.0,91.357,0.0,-13.707557678222656
355.4326226711273,0.0,91.358,0.0,-13.704075813293457
355.4630582332611,0.0,91.412,0.0,-13.704741477966309
355.5059378147125,0.0,91.418,0.0,-13.707052230834961
355.5395174026489,0.0,91.393,0.0,-13.706966400146484
355.5635607242584,0.0,91.393,0.0,-13.706944465637207
355.60289216041565,0.0,91.319,0.0,-13.704912185668945
355.63493824005127,0.0,91.267,0.0,-13.698201179504395
355.66647386550903,0.0,91.259,0.0,-13.694726943969727
355.69826197624207,0.0,91.274,0.0,-13.692486763000488
355.73166847229004,0.0,91.301,0.0,-13.691202163696289
355.7624499797821,0.0,91.308,0.0,-13.691662788391113
355.7943630218506,0.0,91.279,0.0,-13.690866470336914
355.82643938064575,0.0,91.254,0.0,-13.689724922180176
355.8584427833557,0.0,91.259,0.0,-13.687511444091797
355.890282869339,0.0,91.269,0.0,-13.687063217163086
355.92233204841614,0.0,91.267,0.0,-13.687196731567383
355.95741271972656,0.0,91.269,0.0,-13.687464714050293
355.9860382080078,0.0,91.263,0.0,-13.687199592590332
356.0194137096405,0.0,91.273,0.0,-13.687248229980469
356.051066160202,0.0,91.278,0.0,-13.687747955322266
356.0857799053192,0.0,91.256,0.0,-13.68726634979248
356.1208600997925,0.0,91.266,0.0,-13.687149047851562
356.15728521347046,0.0,91.239,0.0,-13.68668270111084
356.18476152420044,0.0,91.267,0.0,-13.687247276306152
356.21617794036865,0.0,91.205,0.0,-13.685609817504883
356.25664138793945,0.0,91.173,0.0,-13.681203842163086
356.2869875431061,0.0,91.149,0.0,-13.67817497253418
356.32072281837463,0.0,91.157,0.0,-13.676213264465332
356.3519220352173,0.0,91.174,0.0,-13.675586700439453
356.38375782966614,0.0,91.156,0.0,-13.673893928527832
356.4157340526581,0.0,91.141,0.0,-13.672436714172363
356.44682121276855,0.0,91.126,0.0,-13.671360969543457
356.47901153564453,0.0,91.151,0.0,-13.669952392578125
356.51129937171936,0.0,91.136,0.0,-13.669157028198242
356.54350090026855,0.0,91.14,0.0,-13.668829917907715
356.5751407146454,0.0,91.156,0.0,-13.668794631958008
356.60823011398315,0.0,91.115,0.0,-13.66833782196045
356.6388761997223,0.0,91.109,0.0,-13.667238235473633
356.6704878807068,0.0,91.095,0.0,-13.66642951965332
356.70321440696716,0.0,91.106,0.0,-13.66525650024414
356.73623847961426,0.0,91.115,0.0,-13.66496467590332
356.7679295539856,0.0,91.071,0.0,-13.66382884979248
356.801340341568,0.0,91.06,0.0,-13.662402153015137
356.8330285549164,0.0,91.072,0.0,-13.660246849060059
356.86380338668823,0.0,91.073,0.0,-13.659845352172852
356.89638328552246,0.0,91.051,0.0,-13.659284591674805
356.93730902671814,0.0,91.053,0.0,-13.657600402832031
356.9573121070862,0.0,91.058,0.0,-13.657339096069336
356.99707436561584,0.0,91.039,0.0,-13.656380653381348
357.02898812294006,0.0,91.002,0.0,-13.653139114379883
357.0609941482544,0.0,90.993,0.0,-13.651705741882324
357.09392857551575,0.0,91.015,0.0,-13.6502685546875
357.12593841552734,0.0,91.017,0.0,-13.650131225585938
357.16943550109863,0.0,90.974,0.0,-13.648923873901367
357.20146656036377,0.0,90.965,0.0,-13.647510528564453
357.23361468315125,0.0,90.969,0.0,-13.645203590393066
357.2650363445282,0.0,90.996,0.0,-13.645116806030273
357.298259973526,0.0,90.985,0.0,-13.645685195922852
357.3321998119354,0.0,91.002,0.0,-13.646478652954102
357.36088037490845,0.0,90.99,0.0,-13.646605491638184
357.39279532432556,0.0,90.92,0.0,-13.645265579223633
357.4245409965515,0.0,90.919,0.0,-13.642790794372559
357.4569492340088,0.0,90.92,0.0,-13.639470100402832
357.4883351325989,0.0,90.947,0.0,-13.639566421508789
357.52158999443054,0.0,90.891,0.0,-13.637669563293457
357.5582251548767,0.0,90.879,0.0,-13.634096145629883
357.5856685638428,0.0,90.864,0.0,-13.63211441040039
357.616646528244,0.0,90.868,0.0,-13.630805969238281
357.6579005718231,0.0,90.897,0.0,-13.629254341125488
357.6805830001831,0.0,90.897,0.0,-13.629982948303223
357.70545387268066,0.0,90.884,0.0,-13.630599975585938
357.73615884780884,0.0,90.871,0.0,-13.630577087402344
357.7692782878876,0.0,90.823,0.0,-13.630054473876953
357.801677942276,0.0,90.8,0.0,-13.62767505645752
357.834121465683,0.0,90.764,0.0,-13.621312141418457
357.8653337955475,0.0,90.735,0.0,-13.618291854858398
357.8978011608124,0.0,90.731,0.0,-13.615097999572754
357.9302439689636,0.0,90.771,0.0,-13.612309455871582
357.9622025489807,0.0,90.76,0.0,-13.611753463745117
357.99418354034424,0.0,90.754,0.0,-13.611944198608398
358.02595925331116,0.0,90.756,0.0,-13.611363410949707
358.0583350658417,0.0,90.728,0.0,-13.609719276428223
358.0890464782715,0.0,90.748,0.0,-13.609580993652344
358.12188601493835,0.0,90.727,0.0,-13.608651161193848
358.1544563770294,0.0,90.743,0.0,-13.608116149902344
358.1865725517273,0.0,90.714,0.0,-13.607284545898438
358.2219223976135,0.0,90.725,0.0,-13.607008934020996
358.25955033302307,0.0,90.73,0.0,-13.606468200683594
358.286208152771,0.0,90.74,0.0,-13.606729507446289
358.3185694217682,0.0,90.736,0.0,-13.607392311096191
358.35014748573303,0.0,90.729,0.0,-13.607773780822754
358.3907792568207,0.0,90.698,0.0,-13.606854438781738
358.4241454601288,0.0,90.707,0.0,-13.605852127075195
358.46002650260925,0.0,90.718,0.0,-13.605695724487305
358.4890253543854,0.0,90.732,0.0,-13.606264114379883
358.5209023952484,0.0,90.714,0.0,-13.606939315795898
358.55184173583984,0.0,90.7,0.0,-13.60672664642334
358.58512687683105,0.0,90.691,0.0,-13.60506820678711
358.6161849498749,0.0,90.699,0.0,-13.60470962524414
358.6496777534485,0.0,90.721,0.0,-13.605083465576172
358.6838619709015,0.0,90.722,0.0,-13.606213569641113
358.71398282051086,0.0,90.702,0.0,-13.605792999267578
358.7469811439514,0.0,90.687,0.0,-13.604851722717285
358.78745341300964,0.0,90.676,0.0,-13.603204727172852
358.8193984031677,0.0,90.68,0.0,-13.602436065673828
358.85107707977295,0.0,90.669,0.0,-13.602030754089355
358.88245844841003,0.0,90.656,0.0,-13.600630760192871
358.91424798965454,0.0,90.654,0.0,-13.599691390991211
358.9465947151184,0.0,90.649,0.0,-13.598905563354492
358.97801208496094,0.0,90.626,0.0,-13.598114013671875
359.0102071762085,0.0,90.63,0.0,-13.595561027526855
359.042231798172,0.0,90.599,0.0,-13.59418773651123
359.07471656799316,0.0,90.6,0.0,-13.592488288879395
359.10737442970276,0.0,90.573,0.0,-13.589207649230957
359.13534808158875,0.0,90.571,0.0,-13.587584495544434
359.1708538532257,0.0,90.571,0.0,-13.586377143859863
359.2025635242462,0.0,90.563,0.0,-13.585493087768555
359.2344403266907,0.0,90.547,0.0,-13.583152770996094
359.2671899795532,0.0,90.563,0.0,-13.582816123962402
359.298880815506,0.0,90.578,0.0,-13.582605361938477
359.3309726715088,0.0,90.566,0.0,-13.58238697052002
359.3637602329254,0.0,90.566,0.0,-13.582533836364746
359.39510583877563,0.0,90.55,0.0,-13.582686424255371
359.4270339012146,0.0,90.564,0.0,-13.582168579101562
359.4592547416687,0.0,90.547,0.0,-13.581880569458008
359.4908628463745,0.0,90.539,0.0,-13.581222534179688
359.52248072624207,0.0,90.539,0.0,-13.58070182800293
359.55525255203247,0.0,90.544,0.0,-13.580330848693848
359.588796377182,0.0,90.543,0.0,-13.58023452758789
359.6194865703583,0.0,90.516,0.0,-13.580098152160645
359.65360617637634,0.0,90.52,0.0,-13.579009056091309
359.6844484806061,0.0,90.513,0.0,-13.577593803405762
359.7163712978363,0.0,90.516,0.0,-13.577154159545898
359.74869990348816,0.0,90.467,0.0,-13.575541496276855
359.7891294956207,0.0,90.481,0.0,-13.57266616821289
359.82328629493713,0.0,90.461,0.0,-13.571165084838867
359.8486256599426,0.0,90.462,0.0,-13.570086479187012
359.88482546806335,0.0,90.396,0.0,-13.567883491516113
359.91313099861145,0.0,90.376,0.0,-13.56490421295166
359.9450161457062,0.0,90.389,0.0,-13.561809539794922
359.97732400894165,0.0,90.391,0.0,-13.560019493103027
360.0105564594269,0.0,90.423,0.0,-13.55923080444336
360.04182958602905,0.0,90.407,0.0,-13.559386253356934
360.0733036994934,0.0,90.385,0.0,-13.55914306640625
360.11060667037964,0.0,90.364,0.0,-13.556427955627441
360.1390845775604,0.0,90.354,0.0,-13.554780960083008
360.1702003479004,0.0,90.287,0.0,-13.551840782165527
360.2025854587555,0.0,90.282,0.0,-13.54853343963623
360.23451352119446,0.0,90.298,0.0,-13.544488906860352
360.26641869544983,0.0,90.301,0.0,-13.543651580810547
360.29924988746643,0.0,90.289,0.0,-13.542574882507324
360.3341701030731,0.0,90.297,0.0,-13.541634559631348
360.3660635948181,0.0,90.289,0.0,-13.541227340698242
360.39774775505066,0.0,90.3,0.0,-13.540976524353027
360.42980122566223,0.0,90.283,0.0,-13.541305541992188
360.46240186691284,0.0,90.282,0.0,-13.540685653686523
360.5022449493408,0.0,90.274,0.0,-13.540484428405762
360.54299902915955,0.0,90.258,0.0,-13.540159225463867
360.5746216773987,0.0,90.244,0.0,-13.539202690124512
360.60969257354736,0.0,90.223,0.0,-13.53608226776123
360.63947081565857,0.0,90.177,0.0,-13.532902717590332
360.6700601577759,0.0,90.152,0.0,-13.53036880493164
360.7010827064514,0.0,90.181,0.0,-13.52741813659668
360.73367643356323,0.0,90.189,0.0,-13.526050567626953
360.7662751674652,0.0,90.165,0.0,-13.524824142456055
360.7988233566284,0.0,90.13,0.0,-13.522847175598145
360.8353531360626,0.0,90.115,0.0,-13.519021034240723
360.87179350852966,0.0,90.126,0.0,-13.518017768859863
360.903440952301,0.0,90.134,0.0,-13.517019271850586
360.9359073638916,0.0,90.138,0.0,-13.517126083374023
360.9685094356537,0.0,90.122,0.0,-13.516654014587402
361.00157952308655,0.0,90.113,0.0,-13.515969276428223
361.035519361496,0.0,90.122,0.0,-13.514890670776367
361.0649302005768,0.0,90.129,0.0,-13.515146255493164
361.0960032939911,0.0,90.131,0.0,-13.515687942504883
361.1282868385315,0.0,90.11,0.0,-13.5162353515625
361.1596722602844,0.0,90.092,0.0,-13.515191078186035
361.1915829181671,0.0,90.093,0.0,-13.514324188232422
361.2229642868042,0.0,90.129,0.0,-13.513731002807617
361.2600152492523,0.0,90.123,0.0,-13.515442848205566
361.28654742240906,0.0,90.12,0.0,-13.515825271606445
361.32824444770813,0.0,90.09,0.0,-13.515933990478516
361.36167788505554,0.0,90.104,0.0,-13.514866828918457
361.40011763572693,0.0,90.075,0.0,-13.514373779296875
361.4326066970825,0.0,90.062,0.0,-13.511795997619629
361.4648072719574,0.0,90.074,0.0,-13.51122760772705
361.4962615966797,0.0,90.093,0.0,-13.511613845825195
361.52815103530884,0.0,90.111,0.0,-13.512274742126465
361.5599880218506,0.0,90.103,0.0,-13.51364803314209
361.5933392047882,0.0,90.111,0.0,-13.514322280883789
361.6233129501343,0.0,90.073,0.0,-13.513257026672363
361.6560695171356,0.0,90.079,0.0,-13.512402534484863
361.68792057037354,0.0,90.059,0.0,-13.511564254760742
361.7358982563019,0.0,90.025,0.0,-13.510278701782227
361.76825165748596,0.0,90.004,0.0,-13.50820541381836
361.8004925251007,0.0,89.977,0.0,-13.505741119384766
361.83250761032104,0.0,89.96,0.0,-13.502731323242188
361.86443161964417,0.0,89.991,0.0,-13.498035430908203
361.89583468437195,0.0,90.025,0.0,-13.497493743896484
361.92416405677795,0.0,90.052,0.0,-13.498555183410645
361.9555923938751,0.0,90.051,0.0,-13.500556945800781
361.9987633228302,0.0,89.98,0.0,-13.501728057861328
362.02489829063416,0.0,89.953,0.0,-13.500078201293945
362.055212020874,0.0,89.943,0.0,-13.497694969177246
362.0880870819092,0.0,89.927,0.0,-13.493104934692383
362.1201915740967,0.0,89.91,0.0,-13.490612030029297
362.1533100605011,0.0,89.902,0.0,-13.488525390625
362.186642408371,0.0,89.929,0.0,-13.48673152923584
362.2140562534332,0.0,89.934,0.0,-13.486915588378906
362.2457582950592,0.0,89.927,0.0,-13.486817359924316
362.27759981155396,0.0,89.927,0.0,-13.486791610717773
362.3103737831116,0.0,89.896,0.0,-13.486209869384766
362.3417296409607,0.0,89.911,0.0,-13.485150337219238
362.37391471862793,0.0,89.893,0.0,-13.485002517700195
362.4053659439087,0.0,89.878,0.0,-13.484172821044922
362.43710255622864,0.0,89.87,0.0,-13.481693267822266
362.465017080307,0.0,89.845,0.0,-13.479427337646484
362.4864523410797,0.0,89.845,0.0,-13.478014945983887
362.5179967880249,0.0,89.855,0.0,-13.477310180664062
362.55009841918945,0.0,89.887,0.0,-13.476898193359375
362.5823857784271,0.0,89.864,0.0,-13.477972984313965
362.6147723197937,0.0,89.877,0.0,-13.478397369384766
362.6551740169525,0.0,89.869,0.0,-13.477823257446289
362.6875309944153,0.0,89.838,0.0,-13.47701644897461
362.71234130859375,0.0,89.818,0.0,-13.475380897521973
362.7429585456848,0.0,89.797,0.0,-13.473267555236816
362.7746160030365,0.0,89.755,0.0,-13.471672058105469
362.8061411380768,0.0,89.76,0.0,-13.468716621398926
362.83787751197815,0.0,89.75,0.0,-13.464505195617676
362.8696551322937,0.0,89.777,0.0,-13.463125228881836
362.9023959636688,0.0,89.777,0.0,-13.463253021240234
362.93507266044617,0.0,89.767,0.0,-13.463168144226074
362.96074390411377,0.0,89.757,0.0,-13.462611198425293
362.99586820602417,0.0,89.733,0.0,-13.462102890014648
363.02796721458435,0.0,89.733,0.0,-13.460874557495117
363.0629246234894,0.0,89.73,0.0,-13.459196090698242
363.09156680107117,0.0,89.707,0.0,-13.457677841186523
363.1239869594574,0.0,89.706,0.0,-13.456636428833008
363.1610977649689,0.0,89.705,0.0,-13.455080032348633
363.1869926452637,0.0,89.691,0.0,-13.454019546508789
363.2187674045563,0.0,89.684,0.0,-13.45295524597168
363.2507016658783,0.0,89.65,0.0,-13.450460433959961
363.26684617996216,0.0,89.65,0.0,-13.448877334594727
363.29933762550354,0.0,89.622,0.0,-13.446534156799316
363.34087109565735,0.0,89.62,0.0,-13.443083763122559
363.3706374168396,0.0,89.609,0.0,-13.441699981689453
363.39548325538635,0.0,89.598,0.0,-13.440696716308594
363.428102016449,0.0,89.622,0.0,-13.439525604248047
363.4595024585724,0.0,89.596,0.0,-13.439172744750977
363.4930000305176,0.0,89.624,0.0,-13.438451766967773
363.5200228691101,0.0,89.612,0.0,-13.439127922058105
363.5523850917816,0.0,89.622,0.0,-13.439200401306152
363.5863826274872,0.0,89.595,0.0,-13.43903923034668
363.61713910102844,0.0,89.602,0.0,-13.43892765045166
363.65003061294556,0.0,89.6,0.0,-13.438796997070312
363.6813883781433,0.0,89.632,0.0,-13.43864917755127
363.7135772705078,0.0,89.605,0.0,-13.439787864685059
363.7454125881195,0.0,89.603,0.0,-13.439632415771484
363.7768294811249,0.0,89.598,0.0,-13.438948631286621
363.8117799758911,0.0,89.569,0.0,-13.437530517578125
363.84105801582336,0.0,89.575,0.0,-13.436809539794922
363.87312388420105,0.0,89.566,0.0,-13.435901641845703
363.905565738678,0.0,89.568,0.0,-13.436067581176758
363.93887519836426,0.0,89.565,0.0,-13.434905052185059
363.9696629047394,0.0,89.55,0.0,-13.43449592590332
364.0024929046631,0.0,89.55,0.0,-13.433576583862305
364.0371341705322,0.0,89.555,0.0,-13.43260383605957
364.0735456943512,0.0,89.568,0.0,-13.432366371154785
364.1059980392456,0.0,89.569,0.0,-13.432798385620117
364.13804173469543,0.0,89.581,0.0,-13.43403434753418
364.17025780677795,0.0,89.527,0.0,-13.43427848815918
364.20152258872986,0.0,89.512,0.0,-13.432634353637695
364.2382905483246,0.0,89.476,0.0,-13.427800178527832
364.2672996520996,0.0,89.473,0.0,-13.425422668457031
364.2982087135315,0.0,89.46,0.0,-13.423999786376953
364.32985186576843,0.0,89.463,0.0,-13.422017097473145
364.36284351348877,0.0,89.501,0.0,-13.421247482299805
364.393914937973,0.0,89.511,0.0,-13.422171592712402
364.4269242286682,0.0,89.514,0.0,-13.423430442810059
364.4634118080139,0.0,89.514,0.0,-13.424571990966797
364.4895348548889,0.0,89.462,0.0,-13.422808647155762
364.5212836265564,0.0,89.428,0.0,-13.42004108428955
364.55419397354126,0.0,89.423,0.0,-13.417932510375977
364.5848124027252,0.0,89.412,0.0,-13.416129112243652
364.6168053150177,0.0,89.421,0.0,-13.41338062286377
364.6489472389221,0.0,89.417,0.0,-13.412660598754883
364.6804909706116,0.0,89.396,0.0,-13.411983489990234
364.71327090263367,0.0,89.404,0.0,-13.40995979309082
364.75331377983093,0.0,89.377,0.0,-13.407855987548828
364.7905559539795,0.0,89.393,0.0,-13.406676292419434
364.8201675415039,0.0,89.38,0.0,-13.406099319458008
364.8512942790985,0.0,89.405,0.0,-13.40729808807373
364.8837447166443,0.0,89.365,0.0,-13.407723426818848
364.916353225708,0.0,89.37,0.0,-13.405641555786133
364.9473524093628,0.0,89.325,0.0,-13.40319538116455
364.98007678985596,0.0,89.319,0.0,-13.401638984680176
365.01268219947815,0.0,89.345,0.0,-13.399761199951172
365.0443525314331,0.0,89.36,0.0,-13.400304794311523
365.0766818523407,0.0,89.373,0.0,-13.401315689086914
365.114892244339,0.0,89.371,0.0,-13.403993606567383
365.1476354598999,0.0,89.366,0.0,-13.404178619384766
365.17948389053345,0.0,89.354,0.0,-13.404130935668945
365.2133491039276,0.0,89.337,0.0,-13.402843475341797
365.24471259117126,0.0,89.315,0.0,-13.401934623718262
365.27579498291016,0.0,89.289,0.0,-13.40032958984375
365.3090076446533,0.0,89.277,0.0,-13.398019790649414
365.34102725982666,0.0,89.272,0.0,-13.39333438873291
365.37344622612,0.0,89.289,0.0,-13.39200496673584
365.40532970428467,0.0,89.26,0.0,-13.391737937927246
365.43750047683716,0.0,89.276,0.0,-13.390012741088867
365.47044348716736,0.0,89.253,0.0,-13.388824462890625
365.4969449043274,0.0,89.252,0.0,-13.38786792755127
365.5376901626587,0.0,89.237,0.0,-13.386129379272461
365.5696430206299,0.0,89.247,0.0,-13.385754585266113
365.60206389427185,0.0,89.245,0.0,-13.38530158996582
365.63847756385803,0.0,89.211,0.0,-13.383596420288086
365.67052149772644,0.0,89.21,0.0,-13.382417678833008
365.70217537879944,0.0,89.197,0.0,-13.381004333496094
365.7346384525299,0.0,89.208,0.0,-13.379663467407227
365.7670793533325,0.0,89.222,0.0,-13.378715515136719
365.7988016605377,0.0,89.208,0.0,-13.379383087158203
365.83122301101685,0.0,89.206,0.0,-13.379353523254395
365.8653178215027,0.0,89.174,0.0,-13.37817668914795
365.89512825012207,0.0,89.181,0.0,-13.377102851867676
365.9263997077942,0.0,89.168,0.0,-13.376603126525879
365.95808267593384,0.0,89.199,0.0,-13.37570858001709
365.990700006485,0.0,89.184,0.0,-13.376263618469238
366.0208442211151,0.0,89.184,0.0,-13.375088691711426
366.0530960559845,0.0,89.119,0.0,-13.375346183776855
366.089186668396,0.0,89.105,0.0,-13.370360374450684
366.1182346343994,0.0,89.106,0.0,-13.368518829345703
366.14885115623474,0.0,89.083,0.0,-13.36512565612793
366.1730670928955,0.0,89.083,0.0,-13.363603591918945
366.2055695056915,0.0,89.092,0.0,-13.362483978271484
366.2476863861084,0.0,89.076,0.0,-13.36111068725586
366.2800061702728,0.0,89.042,0.0,-13.359848022460938
366.31475591659546,0.0,89.035,0.0,-13.356490135192871
366.34322786331177,0.0,89.069,0.0,-13.356742858886719
366.3742482662201,0.0,89.062,0.0,-13.356703758239746
366.40612030029297,0.0,89.058,0.0,-13.356558799743652
366.4380416870117,0.0,89.048,0.0,-13.357254028320312
366.47039127349854,0.0,89.056,0.0,-13.356705665588379
366.50229477882385,0.0,89.062,0.0,-13.356657028198242
366.5346019268036,0.0,89.041,0.0,-13.356908798217773
366.5666038990021,0.0,89.043,0.0,-13.356035232543945
366.598082780838,0.0,89.027,0.0,-13.355729103088379
366.6299843788147,0.0,89.018,0.0,-13.354850769042969
366.66329431533813,0.0,88.997,0.0,-13.352181434631348
366.7074246406555,0.0,89.013,0.0,-13.351911544799805
366.73955488204956,0.0,89.014,0.0,-13.351160049438477
366.77201437950134,0.0,89.01,0.0,-13.35080623626709
366.80456018447876,0.0,89.013,0.0,-13.349851608276367
366.83936166763306,0.0,89.01,0.0,-13.349996566772461
366.86803126335144,0.0,88.976,0.0,-13.34860610961914
366.90086102485657,0.0,88.983,0.0,-13.347854614257812
366.9391756057739,0.0,89.034,0.0,-13.350027084350586
366.9724669456482,0.0,89.033,0.0,-13.351139068603516
367.0036461353302,0.0,89.014,0.0,-13.351217269897461
367.0397584438324,0.0,88.938,0.0,-13.346356391906738
367.0682227611542,0.0,88.948,0.0,-13.344382286071777
367.10074639320374,0.0,88.949,0.0,-13.343306541442871
367.13234972953796,0.0,88.974,0.0,-13.342552185058594
367.1638128757477,0.0,88.979,0.0,-13.344403266906738
367.195787191391,0.0,88.971,0.0,-13.344758987426758
367.22247862815857,0.0,88.954,0.0,-13.344720840454102
367.26534056663513,0.0,88.934,0.0,-13.342619895935059
367.2960090637207,0.0,88.934,0.0,-13.341703414916992
367.3286921977997,0.0,88.927,0.0,-13.34089469909668
367.36000299453735,0.0,88.927,0.0,-13.340002059936523
367.39177894592285,0.0,88.914,0.0,-13.338312149047852
367.4244439601898,0.0,88.869,0.0,-13.336666107177734
367.45619082450867,0.0,88.858,0.0,-13.334419250488281
367.489408493042,0.0,88.831,0.0,-13.329496383666992
367.52039909362793,0.0,88.851,0.0,-13.328250885009766
367.55253744125366,0.0,88.845,0.0,-13.3270902633667
367.58466124534607,0.0,88.862,0.0,-13.326499938964844
367.6171295642853,0.0,88.845,0.0,-13.325944900512695
367.6584544181824,0.0,88.843,0.0,-13.325433731079102
367.6953635215759,0.0,88.792,0.0,-13.324064254760742
367.72747802734375,0.0,88.773,0.0,-13.321975708007812
367.767028093338,0.0,88.766,0.0,-13.316070556640625
367.7987744808197,0.0,88.757,0.0,-13.314863204956055
367.8303577899933,0.0,88.785,0.0,-13.313617706298828
367.8635585308075,0.0,88.815,0.0,-13.315430641174316
367.89432740211487,0.0,88.811,0.0,-13.316043853759766
367.92675018310547,0.0,88.816,0.0,-13.317026138305664
367.9588997364044,0.0,88.765,0.0,-13.318036079406738
367.9910526275635,0.0,88.766,0.0,-13.315756797790527
368.0237455368042,0.0,88.714,0.0,-13.314045906066895
368.05496525764465,0.0,88.721,0.0,-13.311582565307617
368.0883023738861,0.0,88.71,0.0,-13.308384895324707
368.1177387237549,0.0,88.719,0.0,-13.3075532913208
368.15116357803345,0.0,88.717,0.0,-13.306876182556152
368.18243288993835,0.0,88.71,0.0,-13.306695938110352
368.2153675556183,0.0,88.736,0.0,-13.306629180908203
368.24585914611816,0.0,88.73,0.0,-13.306894302368164
368.27397561073303,0.0,88.703,0.0,-13.307136535644531
368.3072102069855,0.0,88.707,0.0,-13.30622386932373
368.33433055877686,0.0,88.642,0.0,-13.305720329284668
368.3674786090851,0.0,88.662,0.0,-13.30129337310791
368.4035611152649,0.0,88.685,0.0,-13.300132751464844
368.44132137298584,0.0,88.693,0.0,-13.300713539123535
368.468302488327,0.0,88.682,0.0,-13.300652503967285
368.50020360946655,0.0,88.641,0.0,-13.300642013549805
368.5326633453369,0.0,88.657,0.0,-13.298945426940918
368.56439661979675,0.0,88.624,0.0,-13.296524047851562
368.596471786499,0.0,88.64,0.0,-13.295828819274902
368.62786746025085,0.0,88.613,0.0,-13.295625686645508
368.6601665019989,0.0,88.627,0.0,-13.294079780578613
368.6924202442169,0.0,88.587,0.0,-13.291435241699219
368.7244257926941,0.0,88.582,0.0,-13.289661407470703
368.7566981315613,0.0,88.568,0.0,-13.287875175476074
368.7887337207794,0.0,88.568,0.0,-13.285346031188965
368.8226113319397,0.0,88.593,0.0,-13.285619735717773
368.85367608070374,0.0,88.596,0.0,-13.285883903503418
368.8906104564667,0.0,88.579,0.0,-13.285881042480469
368.91805243492126,0.0,88.561,0.0,-13.285417556762695
368.9494354724884,0.0,88.55,0.0,-13.284551620483398
368.98287534713745,0.0,88.557,0.0,-13.28345775604248
369.0143675804138,0.0,88.537,0.0,-13.281749725341797
369.0537853240967,0.0,88.508,0.0,-13.279393196105957
369.0910322666168,0.0,88.524,0.0,-13.2774076461792
369.1284325122833,0.0,88.554,0.0,-13.277604103088379
369.1600971221924,0.0,88.559,0.0,-13.278557777404785
369.19303011894226,0.0,88.545,0.0,-13.279754638671875
369.22505736351013,0.0,88.541,0.0,-13.279777526855469
369.2573354244232,0.0,88.527,0.0,-13.2792329788208
369.2932641506195,0.0,88.534,0.0,-13.278785705566406
369.32136845588684,0.0,88.518,0.0,-13.27883529663086
369.3562936782837,0.0,88.522,0.0,-13.27822494506836
369.38256001472473,0.0,88.531,0.0,-13.277942657470703
369.41564989089966,0.0,88.528,0.0,-13.277740478515625
369.4457252025604,0.0,88.531,0.0,-13.27788257598877
369.47736382484436,0.0,88.505,0.0,-13.27813720703125
369.50890707969666,0.0,88.495,0.0,-13.277259826660156
369.5419659614563,0.0,88.488,0.0,-13.275065422058105
369.5724959373474,0.0,88.477,0.0,-13.273345947265625
369.60391902923584,0.0,88.471,0.0,-13.272461891174316
369.6371536254883,0.0,88.463,0.0,-13.271554946899414
369.66936111450195,0.0,88.474,0.0,-13.270263671875
369.7009069919586,0.0,88.466,0.0,-13.269739151000977
369.73274779319763,0.0,88.473,0.0,-13.269407272338867
369.7725570201874,0.0,88.471,0.0,-13.269397735595703
369.7988033294678,0.0,88.459,0.0,-13.26889419555664
369.8417456150055,0.0,88.421,0.0,-13.265900611877441
369.86625719070435,0.0,88.413,0.0,-13.264342308044434
369.90286350250244,0.0,88.411,0.0,-13.263172149658203
369.934956073761,0.0,88.415,0.0,-13.262221336364746
369.9679992198944,0.0,88.394,0.0,-13.260904312133789
369.9985456466675,0.0,88.398,0.0,-13.259871482849121
370.0307812690735,0.0,88.397,0.0,-13.259281158447266
370.0667550563812,0.0,88.39,0.0,-13.258211135864258
370.09528851509094,0.0,88.366,0.0,-13.257652282714844
370.1277403831482,0.0,88.362,0.0,-13.256375312805176
370.1598138809204,0.0,88.36,0.0,-13.255258560180664
370.19167733192444,0.0,88.364,0.0,-13.253859519958496
370.22445940971375,0.0,88.319,0.0,-13.252931594848633
370.2550926208496,0.0,88.332,0.0,-13.250953674316406
370.2916657924652,0.0,88.328,0.0,-13.249163627624512
370.31916880607605,0.0,88.328,0.0,-13.248552322387695
370.3514668941498,0.0,88.352,0.0,-13.249133110046387
370.38287448883057,0.0,88.339,0.0,-13.249247550964355
370.42373728752136,0.0,88.329,0.0,-13.248787879943848
370.45472860336304,0.0,88.319,0.0,-13.248079299926758
370.4934723377228,0.0,88.336,0.0,-13.246160507202148
370.52753019332886,0.0,88.314,0.0,-13.246865272521973
370.56206822395325,0.0,88.276,0.0,-13.246519088745117
370.59437131881714,0.0,88.188,0.0,-13.241494178771973
370.6267440319061,0.0,88.199,0.0,-13.237175941467285
370.658625125885,0.0,88.198,0.0,-13.23434829711914
370.69284868240356,0.0,88.198,0.0,-13.230570793151855
370.7216167449951,0.0,88.15,0.0,-13.228385925292969
370.75405979156494,0.0,88.123,0.0,-13.225759506225586
370.7862243652344,0.0,88.125,0.0,-13.222668647766113
370.8183662891388,0.0,88.14,0.0,-13.219437599182129
370.8511292934418,0.0,88.156,0.0,-13.217988967895508
370.8818793296814,0.0,88.139,0.0,-13.218379974365234
370.9175806045532,0.0,88.122,0.0,-13.217151641845703
370.95532417297363,0.0,88.172,0.0,-13.217914581298828
370.9868459701538,0.0,88.156,0.0,-13.219285011291504
371.01857829093933,0.0,88.144,0.0,-13.219619750976562
371.04987597465515,0.0,88.12,0.0,-13.218571662902832
371.0824203491211,0.0,88.134,0.0,-13.218393325805664
371.1152925491333,0.0,88.144,0.0,-13.218812942504883
371.1470832824707,0.0,88.144,0.0,-13.219121932983398
371.17945075035095,0.0,88.145,0.0,-13.21939468383789
371.20775175094604,0.0,88.15,0.0,-13.219676971435547
371.24476766586304,0.0,88.165,0.0,-13.221137046813965
371.275830745697,0.0,88.15,0.0,-13.22205924987793
371.3082365989685,0.0,88.136,0.0,-13.222029685974121
371.33984661102295,0.0,88.102,0.0,-13.219549179077148
371.3725700378418,0.0,88.102,0.0,-13.218111038208008
371.40457010269165,0.0,88.11,0.0,-13.217228889465332
371.4376645088196,0.0,88.134,0.0,-13.216695785522461
371.46772623062134,0.0,88.106,0.0,-13.216642379760742
371.50446939468384,0.0,88.08,0.0,-13.214882850646973
371.53702425956726,0.0,88.044,0.0,-13.213714599609375
371.56855368614197,0.0,88.081,0.0,-13.211067199707031
371.6002471446991,0.0,88.071,0.0,-13.210482597351074
371.6321151256561,0.0,88.071,0.0,-13.210063934326172
371.6686706542969,0.0,88.044,0.0,-13.208126068115234
371.6955223083496,0.0,88.04,0.0,-13.207042694091797
371.7289135456085,0.0,88.034,0.0,-13.2059907913208
371.7597327232361,0.0,88.041,0.0,-13.205214500427246
371.7920243740082,0.0,88.044,0.0,-13.204486846923828
371.82355642318726,0.0,88.032,0.0,-13.20458698272705
371.85565161705017,0.0,88.02,0.0,-13.204195976257324
371.8875584602356,0.0,88.009,0.0,-13.203421592712402
371.92729568481445,0.0,88.004,0.0,-13.201717376708984
371.95462918281555,0.0,88.004,0.0,-13.200934410095215
372.0040125846863,0.0,87.973,0.0,-13.19895076751709
372.0355496406555,0.0,87.988,0.0,-13.197600364685059
372.0698974132538,0.0,87.96,0.0,-13.195798873901367
372.0989863872528,0.0,87.968,0.0,-13.195785522460938
372.1310040950775,0.0,87.95,0.0,-13.195100784301758
372.167204618454,0.0,87.968,0.0,-13.193685531616211
372.19456338882446,0.0,87.967,0.0,-13.19355297088623
372.2255380153656,0.0,87.97,0.0,-13.194117546081543
372.25720834732056,0.0,87.993,0.0,-13.194083213806152
372.28881907463074,0.0,87.994,0.0,-13.195052146911621
372.3210780620575,0.0,87.995,0.0,-13.196566581726074
372.35218334198,0.0,87.97,0.0,-13.197541236877441
372.3844780921936,0.0,87.943,0.0,-13.196837425231934
372.4161252975464,0.0,87.945,0.0,-13.195170402526855
372.44756984710693,0.0,87.932,0.0,-13.19253158569336
372.4795513153076,0.0,87.959,0.0,-13.1925687789917
372.50491762161255,0.0,87.964,0.0,-13.192831039428711
372.53696155548096,0.0,87.907,0.0,-13.191963195800781
372.56886863708496,0.0,87.904,0.0,-13.188401222229004
372.60083198547363,0.0,87.895,0.0,-13.186807632446289
372.63824439048767,0.0,87.864,0.0,-13.185441017150879
372.67858719825745,0.0,87.844,0.0,-13.180822372436523
372.71934032440186,0.0,87.844,0.0,-13.178842544555664
372.75026774406433,0.0,87.858,0.0,-13.177534103393555
372.7690677642822,0.0,87.87,0.0,-13.17716121673584
372.79851627349854,0.0,87.872,0.0,-13.177427291870117
372.82942295074463,0.0,87.877,0.0,-13.177763938903809
372.8612849712372,0.0,87.875,0.0,-13.178277969360352
372.8931839466095,0.0,87.851,0.0,-13.178472518920898
372.9256045818329,0.0,87.858,0.0,-13.177836418151855
372.9574544429779,0.0,87.838,0.0,-13.177668571472168
372.9893672466278,0.0,87.848,0.0,-13.176729202270508
373.0219428539276,0.0,87.837,0.0,-13.175763130187988
373.0548167228699,0.0,87.829,0.0,-13.175301551818848
373.0857832431793,0.0,87.815,0.0,-13.174638748168945
373.1171188354492,0.0,87.824,0.0,-13.173147201538086
373.14909052848816,0.0,87.812,0.0,-13.172266006469727
373.1810247898102,0.0,87.816,0.0,-13.171701431274414
373.21154284477234,0.0,87.802,0.0,-13.171463966369629
373.2439434528351,0.0,87.823,0.0,-13.171064376831055
373.27495884895325,0.0,87.847,0.0,-13.17236614227295
373.3072383403778,0.0,87.826,0.0,-13.173187255859375
373.33993697166443,0.0,87.818,0.0,-13.173169136047363
373.3720107078552,0.0,87.809,0.0,-13.172211647033691
373.40435004234314,0.0,87.808,0.0,-13.171704292297363
373.44507479667664,0.0,87.778,0.0,-13.169570922851562
373.4773395061493,0.0,87.744,0.0,-13.167030334472656
373.50915265083313,0.0,87.738,0.0,-13.16446304321289
373.5444915294647,0.0,87.762,0.0,-13.162721633911133
373.5713014602661,0.0,87.771,0.0,-13.163009643554688
373.6038873195648,0.0,87.733,0.0,-13.161674499511719
373.6355049610138,0.0,87.74,0.0,-13.161014556884766
373.6674256324768,0.0,87.723,0.0,-13.159424781799316
373.6989071369171,0.0,87.738,0.0,-13.159261703491211
373.7309160232544,0.0,87.704,0.0,-13.159173011779785
373.7617027759552,0.0,87.696,0.0,-13.157712936401367
373.7934215068817,0.0,87.679,0.0,-13.15546703338623
373.82540488243103,0.0,87.679,0.0,-13.153910636901855
373.8567600250244,0.0,87.668,0.0,-13.152749061584473
373.88825964927673,0.0,87.64,0.0,-13.151432991027832
373.9201662540436,0.0,87.642,0.0,-13.147587776184082
373.95094108581543,0.0,87.649,0.0,-13.146496772766113
373.9831020832062,0.0,87.671,0.0,-13.146001815795898
374.0196785926819,0.0,87.673,0.0,-13.147188186645508
374.04739141464233,0.0,87.642,0.0,-13.146682739257812
374.0805461406708,0.0,87.62,0.0,-13.146038055419922
374.1213357448578,0.0,87.607,0.0,-13.143080711364746
374.1527724266052,0.0,87.604,0.0,-13.142997741699219
374.18522238731384,0.0,87.614,0.0,-13.141759872436523
374.2192232608795,0.0,87.646,0.0,-13.142269134521484
374.2483606338501,0.0,87.616,0.0,-13.141825675964355
374.2798926830292,0.0,87.604,0.0,-13.142105102539062
374.3116009235382,0.0,87.568,0.0,-13.14126205444336
374.34349155426025,0.0,87.55,0.0,-13.136760711669922
374.3747034072876,0.0,87.518,0.0,-13.133625984191895
374.4064447879791,0.0,87.527,0.0,-13.132173538208008
374.4376051425934,0.0,87.542,0.0,-13.130558967590332
374.46948313713074,0.0,87.565,0.0,-13.130582809448242
374.50110697746277,0.0,87.567,0.0,-13.131172180175781
374.5326683521271,0.0,87.525,0.0,-13.129911422729492
374.5645844936371,0.0,87.521,0.0,-13.129274368286133
374.59605073928833,0.0,87.5,0.0,-13.126822471618652
374.62791323661804,0.0,87.525,0.0,-13.126726150512695
374.67021107673645,0.0,87.534,0.0,-13.127684593200684
374.70060110092163,0.0,87.535,0.0,-13.127894401550293
374.7320787906647,0.0,87.535,0.0,-13.128131866455078
374.76454401016235,0.0,87.497,0.0,-13.128344535827637
374.7833526134491,0.0,87.487,0.0,-13.126940727233887
374.8147132396698,0.0,87.49,0.0,-13.12546157836914
374.8551800251007,0.0,87.467,0.0,-13.123071670532227
374.88824796676636,0.0,87.443,0.0,-13.121729850769043
374.91997241973877,0.0,87.467,0.0,-13.119217872619629
374.95159912109375,0.0,87.508,0.0,-13.119795799255371
374.98439955711365,0.0,87.53,0.0,-13.121081352233887
375.0178759098053,0.0,87.489,0.0,-13.122846603393555
375.04898595809937,0.0,87.461,0.0,-13.121545791625977
375.08056926727295,0.0,87.441,0.0,-13.119890213012695
375.11155223846436,0.0,87.439,0.0,-13.118467330932617
375.1445631980896,0.0,87.452,0.0,-13.116996765136719
375.18263959884644,0.0,87.425,0.0,-13.115904808044434
375.2143974304199,0.0,87.414,0.0,-13.11484146118164
375.2459819316864,0.0,87.41,0.0,-13.112494468688965
375.2778959274292,0.0,87.403,0.0,-13.111390113830566
375.3107008934021,0.0,87.404,0.0,-13.110617637634277
375.34071922302246,0.0,87.423,0.0,-13.110858917236328
375.37272477149963,0.0,87.421,0.0,-13.111294746398926
375.4057996273041,0.0,87.427,0.0,-13.111405372619629
375.43702602386475,0.0,87.428,0.0,-13.111771583557129
375.4736864566803,0.0,87.393,0.0,-13.111115455627441
375.50553011894226,0.0,87.389,0.0,-13.110191345214844
375.5383243560791,0.0,87.37,0.0,-13.109333038330078
375.57161021232605,0.0,87.404,0.0,-13.108243942260742
375.60230588912964,0.0,87.392,0.0,-13.10791015625
375.6347916126251,0.0,87.405,0.0,-13.107805252075195
375.6664357185364,0.0,87.397,0.0,-13.108295440673828
375.69525694847107,0.0,87.417,0.0,-13.109272956848145
375.7304964065552,0.0,87.419,0.0,-13.110078811645508
375.7623794078827,0.0,87.405,0.0,-13.110126495361328
375.7974603176117,0.0,87.371,0.0,-13.10879135131836
375.82660698890686,0.0,87.371,0.0,-13.107732772827148
375.85827136039734,0.0,87.357,0.0,-13.106341361999512
375.8902778625488,0.0,87.325,0.0,-13.103730201721191
375.9225106239319,0.0,87.307,0.0,-13.099841117858887
375.9534664154053,0.0,87.307,0.0,-13.098249435424805
375.9852590560913,0.0,87.303,0.0,-13.09705924987793
376.0218744277954,0.0,87.23,0.0,-13.093950271606445
376.0494840145111,0.0,87.283,0.0,-13.09063720703125
376.081285238266,0.0,87.261,0.0,-13.090354919433594
376.1127727031708,0.0,87.272,0.0,-13.089269638061523
376.1451807022095,0.0,87.305,0.0,-13.09013843536377
376.18945050239563,0.0,87.241,0.0,-13.08951187133789
376.23490953445435,0.0,87.265,0.0,-13.08700942993164
376.26565957069397,0.0,87.236,0.0,-13.087143898010254
376.2986421585083,0.0,87.284,0.0,-13.087307929992676
376.33051109313965,0.0,87.265,0.0,-13.087504386901855
376.3619565963745,0.0,87.254,0.0,-13.086640357971191
376.39430117607117,0.0,87.223,0.0,-13.085288047790527
376.4261198043823,0.0,87.221,0.0,-13.084226608276367
376.4591705799103,0.0,87.21,0.0,-13.082979202270508
376.4905080795288,0.0,87.214,0.0,-13.082513809204102
376.52221632003784,0.0,87.215,0.0,-13.081499099731445
376.5532937049866,0.0,87.196,0.0,-13.081228256225586
376.585985660553,0.0,87.198,0.0,-13.080255508422852
376.61856746673584,0.0,87.182,0.0,-13.079622268676758
376.6499423980713,0.0,87.189,0.0,-13.078341484069824
376.6830976009369,0.0,87.183,0.0,-13.07786750793457
376.71471977233887,0.0,87.167,0.0,-13.077284812927246
376.73899388313293,0.0,87.191,0.0,-13.076196670532227
376.77231645584106,0.0,87.193,0.0,-13.076672554016113
376.80357599258423,0.0,87.18,0.0,-13.077335357666016
376.83578157424927,0.0,87.169,0.0,-13.076909065246582
376.86733961105347,0.0,87.153,0.0,-13.076142311096191
376.8995041847229,0.0,87.135,0.0,-13.073214530944824
376.92441415786743,0.0,87.148,0.0,-13.07248592376709
376.95647263526917,0.0,87.159,0.0,-13.07191276550293
376.98833894729614,0.0,87.164,0.0,-13.072007179260254
377.02065920829773,0.0,87.143,0.0,-13.071712493896484
377.0526876449585,0.0,87.138,0.0,-13.07105827331543
377.0840439796448,0.0,87.124,0.0,-13.069951057434082
377.1158423423767,0.0,87.123,0.0,-13.06916618347168
377.1473982334137,0.0,87.092,0.0,-13.066797256469727
377.17944502830505,0.0,87.073,0.0,-13.064680099487305
377.2128264904022,0.0,87.1,0.0,-13.064088821411133
377.2424716949463,0.0,87.133,0.0,-13.063797950744629
377.27150297164917,0.0,87.107,0.0,-13.06486988067627
377.30459117889404,0.0,87.095,0.0,-13.06429672241211
377.3363242149353,0.0,87.086,0.0,-13.063506126403809
377.3666305541992,0.0,87.102,0.0,-13.0629243850708
377.3983919620514,0.0,87.099,0.0,-13.062849998474121
377.43037009239197,0.0,87.106,0.0,-13.0630521774292
377.4627137184143,0.0,87.079,0.0,-13.063528060913086
377.49445843696594,0.0,87.041,0.0,-13.062784194946289
377.52668166160583,0.0,87.011,0.0,-13.058534622192383
377.5592849254608,0.0,87.006,0.0,-13.056144714355469
377.5902121067047,0.0,87.016,0.0,-13.054123878479004
377.6240019798279,0.0,86.997,0.0,-13.051422119140625
377.656765460968,0.0,87.007,0.0,-13.051323890686035
377.67922616004944,0.0,86.983,0.0,-13.050622940063477
377.7108488082886,0.0,86.993,0.0,-13.049118041992188
377.7426106929779,0.0,86.948,0.0,-13.048421859741211
377.7746238708496,0.0,86.939,0.0,-13.043872833251953
377.80684185028076,0.0,86.928,0.0,-13.041789054870605
377.8486933708191,0.0,86.93,0.0,-13.038923263549805
377.87815165519714,0.0,86.925,0.0,-13.038021087646484
377.90945625305176,0.0,86.941,0.0,-13.038058280944824
377.94181275367737,0.0,86.948,0.0,-13.037979125976562
377.9732594490051,0.0,86.933,0.0,-13.038208961486816
378.00569772720337,0.0,86.947,0.0,-13.038082122802734
378.0372552871704,0.0,86.943,0.0,-13.038615226745605
378.0730867385864,0.0,86.924,0.0,-13.039239883422852
378.1020107269287,0.0,86.887,0.0,-13.038652420043945
378.1349837779999,0.0,86.893,0.0,-13.036675453186035
378.1669554710388,0.0,86.883,0.0,-13.035430908203125
378.19940853118896,0.0,86.92,0.0,-13.0343017578125
378.2326760292053,0.0,86.924,0.0,-13.034843444824219
378.26185369491577,0.0,86.906,0.0,-13.0354642868042
378.3037302494049,0.0,86.889,0.0,-13.034341812133789
378.3309154510498,0.0,86.858,0.0,-13.033480644226074
378.3735148906708,0.0,86.837,0.0,-13.029561996459961
378.40309953689575,0.0,86.828,0.0,-13.027527809143066
378.43514800071716,0.0,86.847,0.0,-13.026123046875
378.46846771240234,0.0,86.871,0.0,-13.02575397491455
378.5002341270447,0.0,86.885,0.0,-13.027746200561523
378.5327911376953,0.0,86.874,0.0,-13.028265953063965
378.5646290779114,0.0,86.833,0.0,-13.028402328491211
378.5980031490326,0.0,86.823,0.0,-13.025708198547363
378.6288158893585,0.0,86.83,0.0,-13.024950981140137
378.6620967388153,0.0,86.851,0.0,-13.024396896362305
378.69242787361145,0.0,86.844,0.0,-13.024882316589355
378.7246434688568,0.0,86.827,0.0,-13.024978637695312
378.7566087245941,0.0,86.827,0.0,-13.02440357208252
378.7887041568756,0.0,86.824,0.0,-13.023983001708984
378.82382893562317,0.0,86.809,0.0,-13.022619247436523
378.8519365787506,0.0,86.786,0.0,-13.022003173828125
378.88199973106384,0.0,86.769,0.0,-13.020503044128418
378.9125425815582,0.0,86.769,0.0,-13.018657684326172
378.94492864608765,0.0,86.763,0.0,-13.01726245880127
378.97699332237244,0.0,86.776,0.0,-13.01555061340332
379.01782035827637,0.0,86.796,0.0,-13.015981674194336
379.05081486701965,0.0,86.774,0.0,-13.015969276428223
379.09050035476685,0.0,86.732,0.0,-13.015815734863281
379.12223052978516,0.0,86.721,0.0,-13.011725425720215
379.15393471717834,0.0,86.731,0.0,-13.010615348815918
379.18580770492554,0.0,86.691,0.0,-13.008115768432617
379.2187719345093,0.0,86.679,0.0,-13.006479263305664
379.2487816810608,0.0,86.652,0.0,-13.003032684326172
379.2806046009064,0.0,86.653,0.0,-13.000814437866211
379.31277537345886,0.0,86.652,0.0,-12.999198913574219
379.3449926376343,0.0,86.653,0.0,-12.997968673706055
379.3764503002167,0.0,86.688,0.0,-12.998082160949707
379.42239594459534,0.0,86.687,0.0,-12.999361038208008
379.47502541542053,0.0,86.679,0.0,-13.000009536743164
379.5039336681366,0.0,86.662,0.0,-12.999573707580566
379.5355408191681,0.0,86.629,0.0,-12.999059677124023
379.5677173137665,0.0,86.632,0.0,-12.997308731079102
379.60059905052185,0.0,86.661,0.0,-12.99644660949707
379.63242292404175,0.0,86.659,0.0,-12.996655464172363
379.6646456718445,0.0,86.608,0.0,-12.996975898742676
379.69943380355835,0.0,86.576,0.0,-12.992133140563965
379.728031873703,0.0,86.557,0.0,-12.989166259765625
379.7678916454315,0.0,86.577,0.0,-12.9870023727417
379.80865263938904,0.0,86.599,0.0,-12.986445426940918
379.84078311920166,0.0,86.587,0.0,-12.986231803894043
379.87298703193665,0.0,86.535,0.0,-12.986069679260254
379.90452003479004,0.0,86.526,0.0,-12.983892440795898
379.9307384490967,0.0,86.532,0.0,-12.981874465942383
379.9659559726715,0.0,86.528,0.0,-12.980613708496094
380.0032980442047,0.0,86.549,0.0,-12.98003101348877
380.0344445705414,0.0,86.535,0.0,-12.980053901672363
380.06625056266785,0.0,86.553,0.0,-12.979528427124023
380.0982472896576,0.0,86.522,0.0,-12.978961944580078
380.13004755973816,0.0,86.511,0.0,-12.978259086608887
380.1621747016907,0.0,86.511,0.0,-12.977291107177734
380.1942777633667,0.0,86.511,0.0,-12.976581573486328
380.2272937297821,0.0,86.487,0.0,-12.974709510803223
380.2585141658783,0.0,86.461,0.0,-12.973358154296875
380.2902579307556,0.0,86.479,0.0,-12.971599578857422
380.3221228122711,0.0,86.486,0.0,-12.970949172973633
380.35388350486755,0.0,86.469,0.0,-12.970208168029785
380.3861701488495,0.0,86.473,0.0,-12.969844818115234
380.4176433086395,0.0,86.446,0.0,-12.968472480773926
380.45129656791687,0.0,86.431,0.0,-12.966075897216797
380.5153603553772,0.0,86.467,0.0,-12.967218399047852
380.5568354129791,0.0,86.473,0.0,-12.96856689453125
380.586318731308,0.0,86.449,0.0,-12.968891143798828
380.61895656585693,0.0,86.415,0.0,-12.968157768249512
380.651554107666,0.0,86.371,0.0,-12.962797164916992
380.68361496925354,0.0,86.382,0.0,-12.960253715515137
380.7167212963104,0.0,86.396,0.0,-12.958792686462402
380.748126745224,0.0,86.446,0.0,-12.960063934326172
380.78079295158386,0.0,86.45,0.0,-12.961640357971191
380.8130404949188,0.0,86.437,0.0,-12.962514877319336
380.84415006637573,0.0,86.398,0.0,-12.96304988861084
380.8779537677765,0.0,86.371,0.0,-12.959803581237793
380.90824031829834,0.0,86.38,0.0,-12.958626747131348
380.9403636455536,0.0,86.359,0.0,-12.956907272338867
380.9720742702484,0.0,86.376,0.0,-12.95556926727295
381.01465678215027,0.0,86.357,0.0,-12.954305648803711
381.0471296310425,0.0,86.374,0.0,-12.95455265045166
381.0790982246399,0.0,86.411,0.0,-12.954559326171875
381.11113142967224,0.0,86.417,0.0,-12.956148147583008
381.14351201057434,0.0,86.392,0.0,-12.95765495300293
381.1754698753357,0.0,86.375,0.0,-12.957944869995117
381.20797300338745,0.0,86.389,0.0,-12.95732307434082
381.2389430999756,0.0,86.394,0.0,-12.957442283630371
381.2827949523926,0.0,86.403,0.0,-12.958134651184082
381.32586574554443,0.0,86.38,0.0,-12.958154678344727
381.3555974960327,0.0,86.392,0.0,-12.958251953125
381.38810110092163,0.0,86.379,0.0,-12.958374977111816
381.4203326702118,0.0,86.383,0.0,-12.957887649536133
381.4518873691559,0.0,86.378,0.0,-12.957322120666504
381.4847092628479,0.0,86.362,0.0,-12.956377983093262
381.5132966041565,0.0,86.345,0.0,-12.955110549926758
381.5383081436157,0.0,86.345,0.0,-12.953974723815918
381.5763521194458,0.0,86.353,0.0,-12.95267105102539
381.6027479171753,0.0,86.355,0.0,-12.952563285827637
381.6347544193268,0.0,86.361,0.0,-12.952752113342285
381.66647815704346,0.0,86.351,0.0,-12.95291519165039
381.6986312866211,0.0,86.341,0.0,-12.9522705078125
381.73118829727173,0.0,86.336,0.0,-12.951749801635742
381.7634279727936,0.0,86.338,0.0,-12.951152801513672
381.79503440856934,0.0,86.338,0.0,-12.95079231262207
381.8268072605133,0.0,86.334,0.0,-12.950178146362305
381.85851097106934,0.0,86.341,0.0,-12.949922561645508
381.88996386528015,0.0,86.353,0.0,-12.95003604888916
381.92158126831055,0.0,86.348,0.0,-12.950643539428711
381.9548029899597,0.0,86.343,0.0,-12.95093059539795
382.00247263908386,0.0,86.326,0.0,-12.950163841247559
382.0417551994324,0.0,86.289,0.0,-12.949116706848145
382.0749888420105,0.0,86.286,0.0,-12.945806503295898
382.10392141342163,0.0,86.263,0.0,-12.94369888305664
382.1361880302429,0.0,86.275,0.0,-12.942601203918457
382.1682245731354,0.0,86.273,0.0,-12.941363334655762
382.2012848854065,0.0,86.287,0.0,-12.940357208251953
382.23348450660706,0.0,86.283,0.0,-12.940655708312988
382.26533460617065,0.0,86.278,0.0,-12.940750122070312
382.30060505867004,0.0,86.287,0.0,-12.940962791442871
382.3299264907837,0.0,86.317,0.0,-12.94236946105957
382.36199164390564,0.0,86.315,0.0,-12.943603515625
382.39408135414124,0.0,86.302,0.0,-12.944486618041992
382.4268116950989,0.0,86.266,0.0,-12.943238258361816
382.4582917690277,0.0,86.248,0.0,-12.941747665405273
382.4901030063629,0.0,86.241,0.0,-12.940271377563477
382.5265142917633,0.0,86.231,0.0,-12.937359809875488
382.5542719364166,0.0,86.231,0.0,-12.93622875213623
382.5865898132324,0.0,86.223,0.0,-12.93420696258545
382.6136770248413,0.0,86.207,0.0,-12.933516502380371
382.64546728134155,0.0,86.209,0.0,-12.93234634399414
382.68610310554504,0.0,86.205,0.0,-12.930825233459473
382.7214698791504,0.0,86.195,0.0,-12.9298734664917
382.74323058128357,0.0,86.21,0.0,-12.92917537689209
382.7749330997467,0.0,86.201,0.0,-12.92906379699707
382.8072361946106,0.0,86.192,0.0,-12.928533554077148
382.8386859893799,0.0,86.182,0.0,-12.927738189697266
382.870646238327,0.0,86.148,0.0,-12.927156448364258
382.90253615379333,0.0,86.158,0.0,-12.92392349243164
382.93364930152893,0.0,86.148,0.0,-12.923308372497559
382.966192483902,0.0,86.158,0.0,-12.922452926635742
382.9992833137512,0.0,86.111,0.0,-12.92225170135498
383.03130292892456,0.0,86.099,0.0,-12.919177055358887
383.06319785118103,0.0,86.099,0.0,-12.917366027832031
383.0947961807251,0.0,86.107,0.0,-12.916011810302734
383.11378383636475,0.0,86.093,0.0,-12.915349960327148
383.1542315483093,0.0,86.104,0.0,-12.913996696472168
383.1877591609955,0.0,86.104,0.0,-12.91347599029541
383.2202196121216,0.0,86.119,0.0,-12.91345500946045
383.25138235092163,0.0,86.104,0.0,-12.914031028747559
383.28500509262085,0.0,86.102,0.0,-12.913920402526855
383.31583166122437,0.0,86.075,0.0,-12.912734985351562
383.3535602092743,0.0,86.092,0.0,-12.9110746383667
383.3890242576599,0.0,86.089,0.0,-12.911230087280273
383.4275314807892,0.0,86.09,0.0,-12.911955833435059
383.46233105659485,0.0,86.073,0.0,-12.912046432495117
383.4941473007202,0.0,86.055,0.0,-12.911426544189453
383.52724146842957,0.0,86.045,0.0,-12.908631324768066
383.5588092803955,0.0,86.05,0.0,-12.90768814086914
383.5908737182617,0.0,86.074,0.0,-12.90719985961914
383.6274929046631,0.0,86.082,0.0,-12.90873908996582
383.65195775032043,0.0,86.074,0.0,-12.909106254577637
383.6810374259949,0.0,86.065,0.0,-12.909031867980957
383.7135212421417,0.0,86.023,0.0,-12.907523155212402
383.74522280693054,0.0,86.043,0.0,-12.906082153320312
383.7774624824524,0.0,86.062,0.0,-12.906463623046875
383.81010937690735,0.0,86.071,0.0,-12.907352447509766
383.84195947647095,0.0,86.057,0.0,-12.90793228149414
383.8776590824127,0.0,86.032,0.0,-12.906896591186523
383.90479350090027,0.0,86.006,0.0,-12.90501594543457
383.9371712207794,0.0,85.991,0.0,-12.902949333190918
383.9695448875427,0.0,85.92,0.0,-12.899864196777344
384.00026273727417,0.0,85.916,0.0,-12.892958641052246
384.03219866752625,0.0,85.92,0.0,-12.890628814697266
384.06517148017883,0.0,85.961,0.0,-12.889054298400879
384.1062648296356,0.0,85.964,0.0,-12.889995574951172
384.1429045200348,0.0,85.985,0.0,-12.89059066772461
384.17682790756226,0.0,85.951,0.0,-12.892215728759766
384.2058024406433,0.0,85.936,0.0,-12.891886711120605
384.237074136734,0.0,85.902,0.0,-12.891035079956055
384.27057242393494,0.0,85.924,0.0,-12.888980865478516
384.3032982349396,0.0,85.917,0.0,-12.887611389160156
384.33428478240967,0.0,85.916,0.0,-12.88745403289795
384.3662564754486,0.0,85.905,0.0,-12.88694953918457
384.39830565452576,0.0,85.898,0.0,-12.886134147644043
384.4308445453644,0.0,85.905,0.0,-12.8848876953125
384.46208333969116,0.0,85.925,0.0,-12.88548755645752
384.49542140960693,0.0,85.926,0.0,-12.886741638183594
384.5297591686249,0.0,85.895,0.0,-12.885963439941406
384.5583186149597,0.0,85.86,0.0,-12.883695602416992
384.5898129940033,0.0,85.847,0.0,-12.88142204284668
384.62203574180603,0.0,85.843,0.0,-12.87999153137207
384.6533980369568,0.0,85.854,0.0,-12.877677917480469
384.6842257976532,0.0,85.86,0.0,-12.877217292785645
384.72341656684875,0.0,85.874,0.0,-12.877155303955078
384.7536289691925,0.0,85.892,0.0,-12.878683090209961
384.7854971885681,0.0,85.906,0.0,-12.879740715026855
384.8274495601654,0.0,85.916,0.0,-12.882716178894043
384.855464220047,0.0,85.933,0.0,-12.884635925292969
384.8840880393982,0.0,85.919,0.0,-12.886544227600098
384.9228653907776,0.0,85.926,0.0,-12.887008666992188
384.9556050300598,0.0,85.89,0.0,-12.88663101196289
384.9872410297394,0.0,85.888,0.0,-12.885748863220215
385.0196466445923,0.0,85.863,0.0,-12.884642601013184
385.05353713035583,0.0,85.868,0.0,-12.882224082946777
385.08364057540894,0.0,85.843,0.0,-12.880461692810059
385.1157703399658,0.0,85.826,0.0,-12.878398895263672
385.1472702026367,0.0,85.789,0.0,-12.876907348632812
385.1802349090576,0.0,85.776,0.0,-12.871487617492676
385.2111358642578,0.0,85.796,0.0,-12.87031364440918
385.24014234542847,0.0,85.785,0.0,-12.869450569152832
385.27090644836426,0.0,85.812,0.0,-12.868366241455078
385.3031380176544,0.0,85.789,0.0,-12.867795944213867
385.3351581096649,0.0,85.762,0.0,-12.867385864257812
385.3675787448883,0.0,85.776,0.0,-12.865976333618164
385.39881658554077,0.0,85.762,0.0,-12.865514755249023
385.4313073158264,0.0,85.758,0.0,-12.863788604736328
385.4631462097168,0.0,85.755,0.0,-12.862312316894531
385.4958837032318,0.0,85.761,0.0,-12.861969947814941
385.5356011390686,0.0,85.748,0.0,-12.861562728881836
385.5633776187897,0.0,85.712,0.0,-12.861220359802246
385.59714221954346,0.0,85.732,0.0,-12.859481811523438
385.62853741645813,0.0,85.735,0.0,-12.8588228225708
385.6607356071472,0.0,85.743,0.0,-12.859048843383789
385.69306206703186,0.0,85.75,0.0,-12.8603515625
385.72910022735596,0.0,85.76,0.0,-12.861221313476562
385.7565860748291,0.0,85.776,0.0,-12.862403869628906
385.7983434200287,0.0,85.765,0.0,-12.862873077392578
385.83042311668396,0.0,85.772,0.0,-12.863548278808594
385.86272644996643,0.0,85.749,0.0,-12.864082336425781
385.8946430683136,0.0,85.738,0.0,-12.86353588104248
385.9295189380646,0.0,85.694,0.0,-12.861857414245605
385.95954966545105,0.0,85.66,0.0,-12.859528541564941
385.9906437397003,0.0,85.665,0.0,-12.856315612792969
386.0223572254181,0.0,85.631,0.0,-12.854065895080566
386.0527923107147,0.0,85.636,0.0,-12.848759651184082
386.0849049091339,0.0,85.639,0.0,-12.847548484802246
386.11567068099976,0.0,85.648,0.0,-12.846369743347168
386.14878964424133,0.0,85.631,0.0,-12.845888137817383
386.180114030838,0.0,85.65,0.0,-12.844903945922852
386.2120428085327,0.0,85.602,0.0,-12.842975616455078
386.25486946105957,0.0,85.607,0.0,-12.840680122375488
386.2888467311859,0.0,85.614,0.0,-12.840367317199707
386.3196613788605,0.0,85.649,0.0,-12.841647148132324
386.34979271888733,0.0,85.617,0.0,-12.841842651367188
386.38179183006287,0.0,85.608,0.0,-12.840946197509766
386.41492557525635,0.0,85.611,0.0,-12.840532302856445
386.44678497314453,0.0,85.617,0.0,-12.840373039245605
386.47201800346375,0.0,85.6,0.0,-12.840536117553711
386.50500416755676,0.0,85.56,0.0,-12.838613510131836
386.5370304584503,0.0,85.563,0.0,-12.836874961853027
386.57235741615295,0.0,85.546,0.0,-12.835691452026367
386.5964951515198,0.0,85.59,0.0,-12.834100723266602
386.6383011341095,0.0,85.565,0.0,-12.83471965789795
386.6646239757538,0.0,85.57,0.0,-12.83426284790039
386.69024419784546,0.0,85.563,0.0,-12.83415412902832
386.73151111602783,0.0,85.555,0.0,-12.833236694335938
386.76576495170593,0.0,85.507,0.0,-12.831859588623047
386.80691385269165,0.0,85.488,0.0,-12.827404975891113
386.8314142227173,0.0,85.481,0.0,-12.825319290161133
386.863765001297,0.0,85.486,0.0,-12.82396411895752
386.89686346054077,0.0,85.474,0.0,-12.823261260986328
386.93520164489746,0.0,85.496,0.0,-12.82194709777832
386.9712007045746,0.0,85.455,0.0,-12.820594787597656
387.0102152824402,0.0,85.464,0.0,-12.818660736083984
387.034832239151,0.0,85.44,0.0,-12.817237854003906
387.0636830329895,0.0,85.429,0.0,-12.81618881225586
387.1048512458801,0.0,85.39,0.0,-12.812480926513672
387.13684606552124,0.0,85.411,0.0,-12.810571670532227
387.1696991920471,0.0,85.443,0.0,-12.810037612915039
387.2008273601532,0.0,85.441,0.0,-12.811029434204102
387.22785234451294,0.0,85.445,0.0,-12.812556266784668
387.26239109039307,0.0,85.404,0.0,-12.812912940979004
387.2891728878021,0.0,85.411,0.0,-12.811798095703125
387.3225259780884,0.0,85.404,0.0,-12.811264991760254
387.3494713306427,0.0,85.382,0.0,-12.81059455871582
387.3815441131592,0.0,85.389,0.0,-12.808432579040527
387.4179172515869,0.0,85.407,0.0,-12.80817985534668
387.4519941806793,0.0,85.43,0.0,-12.80848503112793
387.4865417480469,0.0,85.424,0.0,-12.810455322265625
387.51831889152527,0.0,85.425,0.0,-12.811046600341797
387.55033230781555,0.0,85.438,0.0,-12.811565399169922
387.5806996822357,0.0,85.424,0.0,-12.812697410583496
387.6215901374817,0.0,85.439,0.0,-12.813467025756836
387.67158102989197,0.0,85.373,0.0,-12.810407638549805
387.7026698589325,0.0,85.372,0.0,-12.806710243225098
387.74378061294556,0.0,85.376,0.0,-12.80609130859375
387.78465247154236,0.0,85.367,0.0,-12.805448532104492
387.81736397743225,0.0,85.359,0.0,-12.804986000061035
387.8466467857361,0.0,85.365,0.0,-12.804319381713867
387.8798370361328,0.0,85.353,0.0,-12.803420066833496
387.91901087760925,0.0,85.345,0.0,-12.8023042678833
387.9438726902008,0.0,85.345,0.0,-12.801761627197266
387.9755024909973,0.0,85.349,0.0,-12.801371574401855
388.00767993927,0.0,85.352,0.0,-12.801338195800781
388.04065585136414,0.0,85.307,0.0,-12.800579071044922
388.0717625617981,0.0,85.308,0.0,-12.798967361450195
388.10551142692566,0.0,85.302,0.0,-12.796659469604492
388.13532614707947,0.0,85.305,0.0,-12.795944213867188
388.1667494773865,0.0,85.322,0.0,-12.796138763427734
388.1975066661835,0.0,85.305,0.0,-12.795902252197266
388.23162174224854,0.0,85.287,0.0,-12.794384956359863
388.2624599933624,0.0,85.298,0.0,-12.794048309326172
388.29471588134766,0.0,85.305,0.0,-12.793819427490234
388.32651448249817,0.0,85.301,0.0,-12.793966293334961
388.3466217517853,0.0,85.301,0.0,-12.79435920715332
388.38249111175537,0.0,85.309,0.0,-12.793633460998535
388.40837478637695,0.0,85.305,0.0,-12.794088363647461
388.4396767616272,0.0,85.277,0.0,-12.794292449951172
388.48054361343384,0.0,85.284,0.0,-12.792832374572754
388.5128734111786,0.0,85.267,0.0,-12.791446685791016
388.54493474960327,0.0,85.274,0.0,-12.790732383728027
388.57691192626953,0.0,85.274,0.0,-12.790498733520508
388.60886335372925,0.0,85.257,0.0,-12.789531707763672
388.63348746299744,0.0,85.236,0.0,-12.788045883178711
388.65889024734497,0.0,85.234,0.0,-12.786839485168457
388.69009375572205,0.0,85.24,0.0,-12.786188125610352
388.72169280052185,0.0,85.272,0.0,-12.786849021911621
388.7561354637146,0.0,85.281,0.0,-12.788581848144531
388.797132730484,0.0,85.247,0.0,-12.787932395935059
388.8306133747101,0.0,85.273,0.0,-12.78869915008545
388.862078666687,0.0,85.276,0.0,-12.789163589477539
388.89297223091125,0.0,85.256,0.0,-12.789658546447754
388.9254295825958,0.0,85.229,0.0,-12.789210319519043
388.96099734306335,0.0,85.212,0.0,-12.785642623901367
388.99697613716125,0.0,85.186,0.0,-12.784292221069336
