Time(s),Setpoint (C),Temperature (C),TotalOutput (%),PIDOutput (%)
0.7830455303192139,0.0,23.799999237060547,0.0,0.0
0.8837974071502686,0.0,23.84499740600586,0.0,0.0
0.9958028793334961,0.0,23.83549690246582,0.0,0.0
1.1054365634918213,0.0,23.851945877075195,0.0,0.0
1.2234139442443848,0.0,23.89175033569336,0.0,0.0
1.3218233585357666,0.0,23.877574920654297,0.0,0.0
1.4445459842681885,0.0,23.814817428588867,0.0,0.0
1.5494186878204346,0.0,23.858333587646484,0.0,0.0
1.6973931789398193,0.0,23.872499465942383,0.0,0.0
1.918656587600708,0.0,23.8852481842041,0.0,0.0
2.143991708755493,0.0,23.8967227935791,0.0,0.0
2.369060754776001,0.0,23.90704917907715,0.0,0.0
2.5949320793151855,0.0,23.916343688964844,0.0,0.0
2.819748640060425,0.0,23.949708938598633,0.0,0.0
3.0448477268218994,0.0,23.929737091064453,0.0,0.0
3.270160436630249,0.0,23.911762237548828,0.0,0.0
3.496464729309082,0.0,23.945585250854492,0.0,0.0
3.7217655181884766,0.0,23.951025009155273,0.0,0.0
3.946071147918701,0.0,23.93092155456543,0.0,0.0
4.1712164878845215,0.0,23.937828063964844,0.0,0.0
4.39677357673645,0.0,23.94404411315918,0.0,0.0
4.621826648712158,0.0,23.94963836669922,0.0,0.0
4.847836971282959,0.0,23.904674530029297,0.0,0.0
5.073056936264038,0.0,23.91420555114746,0.0,0.0
5.2985358238220215,0.0,23.872785568237305,0.0,0.0
5.523704290390015,0.0,23.910505294799805,0.0,0.0
5.7489893436431885,0.0,23.91945457458496,0.0,0.0
5.973653554916382,0.0,23.927507400512695,0.0,0.0
6.198579549789429,0.0,23.959754943847656,0.0,0.0
6.424628257751465,0.0,23.913780212402344,0.0,0.0
6.649377346038818,0.0,23.87240219116211,0.0,0.0
6.871119976043701,0.0,23.86016082763672,0.0,0.0
7.095945119857788,0.0,23.874143600463867,0.0,0.0
7.321361541748047,0.0,23.86172866821289,0.0,0.0
7.546926021575928,0.0,23.850555419921875,0.0,0.0
7.771503925323486,0.0,23.890499114990234,0.0,0.0
7.996715784072876,0.0,23.851449966430664,0.0,0.0
8.221989393234253,0.0,23.866304397583008,0.0,0.0
8.448097467422485,0.0,23.87967300415039,0.0,0.0
8.673163175582886,0.0,23.891704559326172,0.0,0.0
8.898591995239258,0.0,23.927532196044922,0.0,0.0
9.12380576133728,0.0,23.909778594970703,0.0,0.0
9.348230600357056,0.0,23.893800735473633,0.0,0.0
9.574329137802124,0.0,23.82942008972168,0.0,0.0
9.798958539962769,0.0,23.846477508544922,0.0,0.0
10.024377822875977,0.0,23.86182975769043,0.0,0.0
10.24932599067688,0.0,23.875646591186523,0.0,0.0
10.47535753250122,0.0,23.9130802154541,0.0,0.0
10.69987678527832,0.0,23.921772003173828,0.0,0.0
10.925047159194946,0.0,23.90459442138672,0.0,0.0
11.15051531791687,0.0,23.914134979248047,0.0,0.0
11.376569271087646,0.0,23.922719955444336,0.0,0.0
11.60094928741455,0.0,23.93044662475586,0.0,0.0
11.822996616363525,0.0,23.91240119934082,0.0,0.0
12.05141544342041,0.0,23.896160125732422,0.0,0.0
12.277152299880981,0.0,23.88154411315918,0.0,0.0
12.501987218856812,0.0,23.868389129638672,0.0,0.0
12.723970890045166,0.0,23.881549835205078,0.0,0.0
12.94852328300476,0.0,23.893394470214844,0.0,0.0
13.173643589019775,0.0,23.854055404663086,0.0,0.0
13.398887872695923,0.0,23.84364891052246,0.0,0.0
13.624877214431763,0.0,23.859283447265625,0.0,0.0
13.849495649337769,0.0,23.873353958129883,0.0,0.0
14.075178623199463,0.0,23.886016845703125,0.0,0.0
14.299958229064941,0.0,23.87241554260254,0.0,0.0
14.52606987953186,0.0,23.910173416137695,0.0,0.0
14.750584840774536,0.0,23.91915512084961,0.0,0.0
14.976703405380249,0.0,23.92723846435547,0.0,0.0
15.201125860214233,0.0,23.934513092041016,0.0,0.0
15.427088022232056,0.0,23.94106101989746,0.0,0.0
15.651587009429932,0.0,23.94695472717285,0.0,0.0
15.87765622138977,0.0,23.977258682250977,0.0,0.0
16.10294818878174,0.0,23.954532623291016,0.0,0.0
16.32753276824951,0.0,23.959077835083008,0.0,0.0
16.55259394645691,0.0,23.96316909790039,0.0,0.0
16.778783082962036,0.0,23.941852569580078,0.0,0.0
17.003228187561035,0.0,23.897666931152344,0.0,0.0
17.22836136817932,0.0,23.88290023803711,0.0,0.0
17.45456051826477,0.0,23.894609451293945,0.0,0.0
17.674803972244263,0.0,23.905147552490234,0.0,0.0
17.900127172470093,0.0,23.939632415771484,0.0,0.0
18.125392198562622,0.0,23.945669174194336,0.0,0.0
18.35083246231079,0.0,23.951101303100586,0.0,0.0
18.576727390289307,0.0,23.980989456176758,0.0,0.0
18.801194190979004,0.0,23.957889556884766,0.0,0.0
19.027463912963867,0.0,23.987098693847656,0.0,0.0
19.251882076263428,0.0,24.01338768005371,0.0,0.0
19.477798461914062,0.0,24.012048721313477,0.0,0.0
19.70238447189331,0.0,23.960844039916992,0.0,0.0
19.928340673446655,0.0,23.93975830078125,0.0,0.0
20.15276861190796,0.0,23.945781707763672,0.0,0.0
20.378981590270996,0.0,23.951202392578125,0.0,0.0
20.604118585586548,0.0,23.931081771850586,0.0,0.0
20.829385995864868,0.0,23.912973403930664,0.0,0.0
21.053929805755615,0.0,23.921674728393555,0.0,0.0
21.28006386756897,0.0,23.929506301879883,0.0,0.0
21.50528597831726,0.0,23.936553955078125,0.0,0.0
21.73044490814209,0.0,23.94289779663086,0.0,0.0
21.95496892929077,0.0,23.948606491088867,0.0,0.0
22.181063175201416,0.0,23.953744888305664,0.0,0.0
22.40575075149536,0.0,23.93337059020996,0.0,0.0
22.630868673324585,0.0,23.9150333404541,0.0,0.0
22.855962991714478,0.0,23.8735294342041,0.0,0.0
23.081684112548828,0.0,23.911174774169922,0.0,0.0
23.30715274810791,0.0,23.92005729675293,0.0,0.0
23.53172731399536,0.0,23.928050994873047,0.0,0.0
23.757251262664795,0.0,23.935245513916016,0.0,0.0
23.98243260383606,0.0,23.941720962524414,0.0,0.0
24.203413009643555,0.0,23.89754867553711,0.0,0.0
24.429116249084473,0.0,23.907793045043945,0.0,0.0
24.654242277145386,0.0,23.942012786865234,0.0,0.0
24.880149126052856,0.0,23.947811126708984,0.0,0.0
25.104538202285767,0.0,23.928030014038086,0.0,0.0
25.33031725883484,0.0,23.910226821899414,0.0,0.0
25.55523681640625,0.0,23.869203567504883,0.0,0.0
25.781272172927856,0.0,23.857282638549805,0.0,0.0
26.005688667297363,0.0,23.89655303955078,0.0,0.0
26.23171305656433,0.0,23.856897354125977,0.0,0.0
26.456778526306152,0.0,23.82120704650879,0.0,0.0
26.681326389312744,0.0,23.814085006713867,0.0,0.0
26.907329082489014,0.0,23.807676315307617,0.0,0.0
27.131877183914185,0.0,23.72690773010254,0.0,0.0
27.35794734954834,0.0,23.679216384887695,0.0,0.0
27.582337379455566,0.0,23.711294174194336,0.0,0.0
27.80837321281433,0.0,23.715164184570312,0.0,0.0
28.032885789871216,0.0,23.7436466217041,0.0,0.0
28.258540630340576,0.0,23.7692813873291,0.0,0.0
28.483389854431152,0.0,23.7923526763916,0.0,0.0
28.70932412147522,0.0,23.788116455078125,0.0,0.0
28.93428945541382,0.0,23.784303665161133,0.0,0.0
29.155120134353638,0.0,23.780872344970703,0.0,0.0
29.384704113006592,0.0,23.77778434753418,0.0,0.0
29.610037803649902,0.0,23.800004959106445,0.0,0.0
29.831066131591797,0.0,23.820003509521484,0.0,0.0
30.057201623916626,0.0,23.78800392150879,0.0,0.0
30.281527757644653,0.0,23.75920295715332,0.0,0.0
30.507132291793823,0.0,23.658281326293945,0.0,0.0
30.7320396900177,0.0,23.642452239990234,0.0,0.0
30.958008766174316,0.0,23.478206634521484,0.0,0.0
31.182526350021362,0.0,23.43038558959961,0.0,0.0
31.40809655189514,0.0,23.362346649169922,0.0,0.0
31.63319683074951,0.0,23.32611083984375,0.0,0.0
31.859156131744385,0.0,23.3435001373291,0.0,0.0
32.08356261253357,0.0,23.334150314331055,0.0,0.0
32.30979323387146,0.0,23.47573471069336,0.0,0.0
32.534186363220215,0.0,23.37816047668457,0.0,0.0
32.76032757759094,0.0,23.365345001220703,0.0,0.0
32.984939098358154,0.0,23.353811264038086,0.0,0.0
33.21005582809448,0.0,23.293428421020508,0.0,0.0
33.43512964248657,0.0,23.289085388183594,0.0,0.0
33.661312103271484,0.0,23.260175704956055,0.0,0.0
33.88663578033447,0.0,23.309158325195312,0.0,0.0
34.111804485321045,0.0,23.42824363708496,0.0,0.0
34.33652210235596,0.0,23.48541831970215,0.0,0.0
34.56200623512268,0.0,23.51187515258789,0.0,0.0
34.782740116119385,0.0,23.46068572998047,0.0,0.0
35.00887942314148,0.0,23.439617156982422,0.0,0.0
35.233354568481445,0.0,23.395654678344727,0.0,0.0
35.45892381668091,0.0,23.38109016418457,0.0,0.0
35.683939695358276,0.0,23.49298095703125,0.0,0.0
35.90990996360779,0.0,23.71868324279785,0.0,0.0
36.13436818122864,0.0,23.871814727783203,0.0,0.0
36.35980010032654,0.0,24.034631729125977,0.0,0.0
36.58481550216675,0.0,24.20616912841797,0.0,0.0
36.81100034713745,0.0,24.310550689697266,0.0,0.0
37.035287380218506,0.0,24.454496383666992,0.0,0.0
37.26061749458313,0.0,24.50904655456543,0.0,0.0
37.486342906951904,0.0,24.558141708374023,0.0,0.0
37.71107339859009,0.0,24.62732696533203,0.0,0.0
37.937254190444946,0.0,24.63959312438965,0.0,0.0
38.161813259124756,0.0,24.650632858276367,0.0,0.0
38.38721704483032,0.0,24.585569381713867,0.0,0.0
38.612321853637695,0.0,24.57701301574707,0.0,0.0
38.83779978752136,0.0,24.61931037902832,0.0,0.0
39.06358861923218,0.0,24.657379150390625,0.0,0.0
39.28889775276184,0.0,24.84164047241211,0.0,0.0
39.51329016685486,0.0,25.007474899291992,0.0,0.0
39.73534870147705,0.0,25.231727600097656,0.0,0.0
39.96460437774658,0.0,25.43355369567871,0.0,0.0
40.18950009346008,0.0,25.64019775390625,0.0,0.0
40.41452240943909,0.0,25.77617835998535,0.0,0.0
40.636021852493286,0.0,25.848560333251953,0.0,0.0
40.86072039604187,0.0,26.063703536987305,0.0,0.0
41.08611440658569,0.0,26.332332611083984,0.0,0.0
41.311641693115234,0.0,26.524099349975586,0.0,0.0
41.53683805465698,0.0,26.82168960571289,0.0,0.0
41.76274108886719,0.0,26.81451988220215,0.0,0.0
41.98800468444824,0.0,27.008068084716797,0.0,0.0
42.21313524246216,0.0,27.057260513305664,0.0,0.0
42.43760442733765,0.0,27.076534271240234,0.0,0.0
42.663792848587036,0.0,27.09387969970703,0.0,0.0
42.88853883743286,0.0,27.084491729736328,0.0,0.0
43.11435866355896,0.0,27.101041793823242,0.0,0.0
43.33943152427673,0.0,27.090938568115234,0.0,0.0
43.56389880180359,0.0,27.106843948364258,0.0,0.0
43.78917407989502,0.0,27.171157836914062,0.0,0.0
44.01438093185425,0.0,27.229040145874023,0.0,0.0
44.23979878425598,0.0,27.256135940551758,0.0,0.0
44.4650297164917,0.0,27.30552101135254,0.0,0.0
44.69103145599365,0.0,27.39996910095215,0.0,0.0
44.91556215286255,0.0,27.459970474243164,0.0,0.0
45.14105677604675,0.0,27.68897247314453,0.0,0.0
45.36611032485962,0.0,28.045074462890625,0.0,0.0
45.59135317802429,0.0,28.390565872192383,0.0,0.0
45.8165807723999,0.0,28.6765079498291,0.0,0.0
46.04259181022644,0.0,28.8338565826416,0.0,0.0
46.26395344734192,0.0,28.80047035217285,0.0,0.0
46.49315643310547,0.0,28.845422744750977,0.0,0.0
46.71845245361328,0.0,28.78588104248047,0.0,0.0
46.94333243370056,0.0,28.707290649414062,0.0,0.0
47.164005756378174,0.0,28.58656120300293,0.0,0.0
47.38941287994385,0.0,28.577905654907227,0.0,0.0
47.614579916000366,0.0,28.545114517211914,0.0,0.0
47.84069228172302,0.0,28.490602493286133,0.0,0.0
48.06511735916138,0.0,28.61654281616211,0.0,0.0
48.2911696434021,0.0,28.7548885345459,0.0,0.0
48.51567816734314,0.0,28.979398727416992,0.0,0.0
48.741700172424316,0.0,29.081459045410156,0.0,0.0
48.966174602508545,0.0,29.148313522338867,0.0,0.0
49.19224691390991,0.0,29.258481979370117,0.0,0.0
49.41717600822449,0.0,29.357633590698242,0.0,0.0
49.64290428161621,0.0,29.4218692779541,0.0,0.0
49.867440700531006,0.0,29.454681396484375,0.0,0.0
50.093271255493164,0.0,29.55921173095703,0.0,0.0
50.31770944595337,0.0,29.578290939331055,0.0,0.0
50.54332971572876,0.0,29.595460891723633,0.0,0.0
50.76871609687805,0.0,29.660913467407227,0.0,0.0
50.99377083778381,0.0,29.669822692871094,0.0,0.0
51.218950271606445,0.0,29.65283966064453,0.0,0.0
51.44444036483765,0.0,29.587554931640625,0.0,0.0
51.669464111328125,0.0,29.578800201416016,0.0,0.0
51.89559555053711,0.0,29.770919799804688,0.0,0.0
52.11582374572754,0.0,29.843826293945312,0.0,0.0
52.34122967720032,0.0,29.85944366455078,0.0,0.0
52.566325426101685,0.0,29.923498153686523,0.0,0.0
52.79244422912598,0.0,30.10614776611328,0.0,0.0
53.016905307769775,0.0,30.1705322265625,0.0,0.0
53.24255323410034,0.0,30.153478622436523,0.0,0.0
53.468199729919434,0.0,30.163129806518555,0.0,0.0
53.693448543548584,0.0,30.071815490722656,0.0,0.0
53.91833305358887,0.0,30.064632415771484,0.0,0.0
54.1439483165741,0.0,29.958168029785156,0.0,0.0
54.369006872177124,0.0,29.962350845336914,0.0,0.0
54.59457349777222,0.0,29.91611671447754,0.0,0.0
54.819246768951416,0.0,29.949504852294922,0.0,0.0
55.044588565826416,0.0,30.10455322265625,0.0,0.0
55.270320892333984,0.0,30.169097900390625,0.0,0.0
55.495208978652954,0.0,30.202186584472656,0.0,0.0
55.72081708908081,0.0,30.256967544555664,0.0,0.0
55.94609260559082,0.0,30.581270217895508,0.0,0.0
56.170533180236816,0.0,30.82314109802246,0.0,0.0
56.39649510383606,0.0,30.91582489013672,0.0,0.0
56.62193703651428,0.0,30.949241638183594,0.0,0.0
56.84682512283325,0.0,30.85431671142578,0.0,0.0
57.07258105278015,0.0,30.868885040283203,0.0,0.0
57.2974853515625,0.0,30.756996154785156,0.0,0.0
57.52212190628052,0.0,30.881296157836914,0.0,0.0
57.747440338134766,0.0,31.04316520690918,0.0,0.0
57.96937966346741,0.0,31.238847732543945,0.0,0.0
58.19381332397461,0.0,31.38996124267578,0.0,0.0
58.41909432411194,0.0,31.400964736938477,0.0,0.0
58.6448073387146,0.0,31.485868453979492,0.0,0.0
58.870431900024414,0.0,31.4622802734375,0.0,0.0
59.09506630897522,0.0,31.39105224609375,0.0,0.0
59.32099676132202,0.0,31.351945877075195,0.0,0.0
59.546308279037476,0.0,31.366750717163086,0.0,0.0
59.77165746688843,0.0,31.380075454711914,0.0,0.0
59.99690079689026,0.0,31.317068099975586,0.0,0.0
60.221450090408325,0.0,31.335359573364258,0.0,0.0
60.44736409187317,0.0,31.276823043823242,0.0,0.0
60.672621965408325,0.0,31.17413902282715,0.0,0.0
60.89736461639404,0.0,31.131725311279297,0.0,0.0
61.12224888801575,0.0,31.09355354309082,0.0,0.0
61.34759044647217,0.0,31.159196853637695,0.0,0.0
61.5736448764801,0.0,31.193275451660156,0.0,0.0
61.79805946350098,0.0,31.173948287963867,0.0,0.0
62.02351236343384,0.0,31.156553268432617,0.0,0.0
62.248650789260864,0.0,31.165897369384766,0.0,0.0
62.474218130111694,0.0,31.174306869506836,0.0,0.0
62.699315309524536,0.0,31.156875610351562,0.0,0.0
62.92478346824646,0.0,31.066186904907227,0.0,0.0
63.149771213531494,0.0,31.08456802368164,0.0,0.0
63.37532830238342,0.0,31.126110076904297,0.0,0.0
63.60019779205322,0.0,31.088499069213867,0.0,0.0
63.826375007629395,0.0,31.129648208618164,0.0,0.0
64.0508291721344,0.0,31.01668357849121,0.0,0.0
64.27691459655762,0.0,30.96501350402832,0.0,0.0
64.49728417396545,0.0,30.9685115814209,0.0,0.0
64.72284436225891,0.0,30.921659469604492,0.0,0.0
64.94773268699646,0.0,30.90449333190918,0.0,0.0
65.17293572425842,0.0,30.83904266357422,0.0,0.0
65.39827418327332,0.0,30.805137634277344,0.0,0.0
65.62348866462708,0.0,30.84962272644043,0.0,0.0
65.8488416671753,0.0,30.739660263061523,0.0,0.0
66.07418894767761,0.0,30.690692901611328,0.0,0.0
66.29932880401611,0.0,30.696622848510742,0.0,0.0
66.52544045448303,0.0,30.776960372924805,0.0,0.0
66.75061082839966,0.0,30.874263763427734,0.0,0.0
66.97590613365173,0.0,30.911836624145508,0.0,0.0
67.2003984451294,0.0,30.920652389526367,0.0,0.0
67.42612338066101,0.0,30.853586196899414,0.0,0.0
67.65174293518066,0.0,30.818225860595703,0.0,0.0
67.87610149383545,0.0,30.73640251159668,0.0,0.0
68.10145378112793,0.0,30.63776206970215,0.0,0.0
68.32669258117676,0.0,30.59898567199707,0.0,0.0
68.55209946632385,0.0,30.5640869140625,0.0,0.0
68.77766489982605,0.0,30.63267707824707,0.0,0.0
69.00327634811401,0.0,30.744407653808594,0.0,0.0
69.22854328155518,0.0,30.819965362548828,0.0,0.0
69.44900441169739,0.0,30.787967681884766,0.0,0.0
69.6750156879425,0.0,30.709169387817383,0.0,0.0
69.90444755554199,0.0,30.713253021240234,0.0,0.0
70.1252110004425,0.0,30.76692771911621,0.0,0.0
70.35001826286316,0.0,30.740234375,0.0,0.0
70.57541728019714,0.0,30.716209411621094,0.0,0.0
70.80046081542969,0.0,30.769588470458984,0.0,0.0
71.02653455734253,0.0,30.91762924194336,0.0,0.0
71.25140047073364,0.0,30.950864791870117,0.0,0.0
71.47677707672119,0.0,30.955778121948242,0.0,0.0
71.70237922668457,0.0,31.185199737548828,0.0,0.0
71.92766952514648,0.0,31.441679000854492,0.0,0.0
72.1521372795105,0.0,31.672510147094727,0.0,0.0
72.37814044952393,0.0,31.830259323120117,0.0,0.0
72.60352349281311,0.0,31.94723129272461,0.0,0.0
72.82864260673523,0.0,32.07750701904297,0.0,0.0
73.05406093597412,0.0,31.94475555419922,0.0,0.0
73.27925205230713,0.0,31.800277709960938,0.0,0.0
73.50450587272644,0.0,31.79524803161621,0.0,0.0
73.72987651824951,0.0,31.565723419189453,0.0,0.0
73.95507717132568,0.0,31.30915069580078,0.0,0.0
74.18030500411987,0.0,31.07823371887207,0.0,0.0
74.40478992462158,0.0,30.970409393310547,0.0,0.0
74.63031578063965,0.0,31.023366928100586,0.0,0.0
74.85559868812561,0.0,30.796030044555664,0.0,0.0
75.07737588882446,0.0,30.791427612304688,0.0,0.0
75.3020532131195,0.0,30.98728370666504,0.0,0.0
75.52790713310242,0.0,31.0135555267334,0.0,0.0
75.75305962562561,0.0,31.037199020385742,0.0,0.0
75.97840762138367,0.0,30.958478927612305,0.0,0.0
76.20370697975159,0.0,30.887630462646484,0.0,0.0
76.4288809299469,0.0,30.87386703491211,0.0,0.0
76.65410709381104,0.0,30.736480712890625,0.0,0.0
76.87878084182739,0.0,30.61283302307129,0.0,0.0
77.10470080375671,0.0,30.52655029296875,0.0,0.0
77.33006119728088,0.0,30.398893356323242,0.0,0.0
77.55523943901062,0.0,30.259002685546875,0.0,0.0
77.77978944778442,0.0,30.208101272583008,0.0,0.0
78.00571179389954,0.0,30.362289428710938,0.0,0.0
78.23021531105042,0.0,30.42605972290039,0.0,0.0
78.45623469352722,0.0,30.508453369140625,0.0,0.0
78.68072438240051,0.0,30.557607650756836,0.0,0.0
78.90611290931702,0.0,30.576847076416016,0.0,0.0
79.1311902999878,0.0,30.56916046142578,0.0,0.0
79.35731220245361,0.0,30.587244033813477,0.0,0.0
79.58176970481873,0.0,30.553518295288086,0.0,0.0
79.8078076839447,0.0,30.523164749145508,0.0,0.0
80.02914094924927,0.0,30.44584846496582,0.0,0.0
80.25429248809814,0.0,30.376262664794922,0.0,0.0
80.47972059249878,0.0,30.288637161254883,0.0,0.0
80.70846033096313,0.0,30.234773635864258,0.0,0.0
80.93007612228394,0.0,30.21129608154297,0.0,0.0
81.15447783470154,0.0,30.0401668548584,0.0,0.0
81.38010811805725,0.0,29.961149215698242,0.0,0.0
81.60499143600464,0.0,29.765033721923828,0.0,0.0
81.8304226398468,0.0,29.663530349731445,0.0,0.0
82.05647492408752,0.0,29.547176361083984,0.0,0.0
82.28082346916199,0.0,29.54245948791504,0.0,0.0
82.50699615478516,0.0,29.563213348388672,0.0,0.0
82.73138189315796,0.0,29.43189239501953,0.0,0.0
82.95743584632874,0.0,29.388702392578125,0.0,0.0
83.18201851844788,0.0,29.29983139038086,0.0,0.0
83.407461643219,0.0,29.244848251342773,0.0,0.0
83.63324618339539,0.0,29.270362854003906,0.0,0.0
83.85849833488464,0.0,29.29332733154297,0.0,0.0
84.08300757408142,0.0,29.2139949798584,0.0,0.0
84.30898070335388,0.0,29.342594146728516,0.0,0.0
84.53357934951782,0.0,29.358335494995117,0.0,0.0
84.75956320762634,0.0,29.39750099182129,0.0,0.0
84.984384059906,0.0,29.407751083374023,0.0,0.0
85.21025657653809,0.0,29.591976165771484,0.0,0.0
85.43530774116516,0.0,29.707778930664062,0.0,0.0
85.65983963012695,0.0,29.836999893188477,0.0,0.0
85.88585591316223,0.0,29.853300094604492,0.0,0.0
86.1106481552124,0.0,29.71796989440918,0.0,0.0
86.33641386032104,0.0,29.721172332763672,0.0,0.0
86.55772686004639,0.0,29.59905433654785,0.0,0.0
86.78214311599731,0.0,29.589149475097656,0.0,0.0
87.0113160610199,0.0,29.58023452758789,0.0,0.0
87.23745942115784,0.0,29.747209548950195,0.0,0.0
87.45785236358643,0.0,29.847488403320312,0.0,0.0
87.68339967727661,0.0,29.937740325927734,0.0,0.0
87.90920734405518,0.0,30.04396629333496,0.0,0.0
88.13360571861267,0.0,30.11457061767578,0.0,0.0
88.35942602157593,0.0,30.153112411499023,0.0,0.0
88.5840950012207,0.0,30.212800979614258,0.0,0.0
88.80931568145752,0.0,30.241519927978516,0.0,0.0
89.03547310829163,0.0,30.267366409301758,0.0,0.0
89.26031613349915,0.0,30.240629196166992,0.0,0.0
89.48599529266357,0.0,30.266565322875977,0.0,0.0
89.71127915382385,0.0,30.214908599853516,0.0,0.0
89.93655443191528,0.0,30.218416213989258,0.0,0.0
90.16099667549133,0.0,30.221572875976562,0.0,0.0
90.38623857498169,0.0,30.19941520690918,0.0,0.0
90.61184000968933,0.0,30.129474639892578,0.0,0.0
90.836998462677,0.0,30.141525268554688,0.0,0.0
91.06299638748169,0.0,30.052371978759766,0.0,0.0
91.2873547077179,0.0,30.02213478088379,0.0,0.0
91.51314973831177,0.0,29.969921112060547,0.0,0.0
91.73866701126099,0.0,29.922929763793945,0.0,0.0
91.96327829360962,0.0,29.905635833740234,0.0,0.0
92.18919634819031,0.0,29.81507110595703,0.0,0.0
92.4103832244873,0.0,29.758562088012695,0.0,0.0
92.635657787323,0.0,29.68270492553711,0.0,0.0
92.86016726493835,0.0,29.639432907104492,0.0,0.0
93.08614134788513,0.0,29.575489044189453,0.0,0.0
93.31117296218872,0.0,29.542938232421875,0.0,0.0
93.53598380088806,0.0,29.413644790649414,0.0,0.0
93.7619731426239,0.0,29.322280883789062,0.0,0.0
93.98684573173523,0.0,29.240053176879883,0.0,0.0
94.21163892745972,0.0,29.116046905517578,0.0,0.0
94.43775224685669,0.0,29.054441452026367,0.0,0.0
94.66311359405518,0.0,28.973997116088867,0.0,0.0
94.88825011253357,0.0,28.876596450805664,0.0,0.0
95.11270499229431,0.0,28.813936233520508,0.0,0.0
95.33809685707092,0.0,28.732542037963867,0.0,0.0
95.56332468986511,0.0,28.659286499023438,0.0,0.0
95.78857374191284,0.0,28.568357467651367,0.0,0.0
96.01388931274414,0.0,28.411521911621094,0.0,0.0
96.23998975753784,0.0,28.320369720458984,0.0,0.0
96.46430516242981,0.0,28.31333351135254,0.0,0.0
96.68953490257263,0.0,28.406999588012695,0.0,0.0
96.91496229171753,0.0,28.41629981994629,0.0,0.0
97.1410276889801,0.0,28.449668884277344,0.0,0.0
97.36140322685242,0.0,28.47970199584961,0.0,0.0
97.58662843704224,0.0,28.431730270385742,0.0,0.0
97.81588649749756,0.0,28.313556671142578,0.0,0.0
98.04207801818848,0.0,28.257200241088867,0.0,0.0
98.26301527023315,0.0,28.331480026245117,0.0,0.0
98.48844408988953,0.0,28.223331451416016,0.0,0.0
98.71291923522949,0.0,28.225997924804688,0.0,0.0
98.93894982337952,0.0,28.178396224975586,0.0,0.0
99.16334629058838,0.0,28.23555564880371,0.0,0.0
99.3886866569519,0.0,28.161998748779297,0.0,0.0
99.61403131484985,0.0,28.145797729492188,0.0,0.0
99.84017157554626,0.0,28.031217575073242,0.0,0.0
100.06458044052124,0.0,27.928096771240234,0.0,0.0
100.29055190086365,0.0,27.885286331176758,0.0,0.0
100.51495027542114,0.0,27.721757888793945,0.0,0.0
100.74029207229614,0.0,27.574581146240234,0.0,0.0
100.96543216705322,0.0,27.54212188720703,0.0,0.0
101.19168066978455,0.0,27.53790855407715,0.0,0.0
101.41623377799988,0.0,27.509117126464844,0.0,0.0
101.64220857620239,0.0,27.483205795288086,0.0,0.0
101.86667394638062,0.0,27.534883499145508,0.0,0.0
102.09217238426208,0.0,27.656394958496094,0.0,0.0
102.31716132164001,0.0,28.115755081176758,0.0,0.0
102.54241418838501,0.0,28.529178619384766,0.0,0.0
102.76843976974487,0.0,28.901260375976562,0.0,0.0
102.99372935295105,0.0,29.261133193969727,0.0,0.0
103.21412777900696,0.0,29.510019302368164,0.0,0.0
103.44015264511108,0.0,29.684017181396484,0.0,0.0
103.6648097038269,0.0,29.840614318847656,0.0,0.0
103.88985204696655,0.0,30.00655174255371,0.0,0.0
104.11510348320007,0.0,29.98089599609375,0.0,0.0
104.340416431427,0.0,29.88280487060547,0.0,0.0
104.5656669139862,0.0,29.794523239135742,0.0,0.0
104.79171872138977,0.0,29.69007110595703,0.0,0.0
105.0171411037445,0.0,29.496063232421875,0.0,0.0
105.24229073524475,0.0,29.396455764770508,0.0,0.0
105.46698832511902,0.0,29.156810760498047,0.0,0.0
105.69285655021667,0.0,29.166128158569336,0.0,0.0
105.91818642616272,0.0,29.19951629638672,0.0,0.0
106.14280152320862,0.0,29.304563522338867,0.0,0.0
106.3687105178833,0.0,29.199108123779297,0.0,0.0
106.59365725517273,0.0,29.054195404052734,0.0,0.0
106.81926274299622,0.0,29.023775100708008,0.0,0.0
107.04455900192261,0.0,29.046396255493164,0.0,0.0
107.26935911178589,0.0,29.116756439208984,0.0,0.0
107.49494862556458,0.0,29.05508041381836,0.0,0.0
107.71931076049805,0.0,29.049571990966797,0.0,0.0
107.94459319114685,0.0,28.89461326599121,0.0,0.0
108.16994118690491,0.0,28.83015251159668,0.0,0.0
108.39514994621277,0.0,29.297136306762695,0.0,0.0
108.6212887763977,0.0,29.69242286682129,0.0,0.0
108.84610152244568,0.0,30.07318115234375,0.0,0.0
109.07190775871277,0.0,30.44086265563965,0.0,0.0
109.2962863445282,0.0,30.721776962280273,0.0,0.0
109.52234244346619,0.0,30.94959831237793,0.0,0.0
109.7435564994812,0.0,31.15463638305664,0.0,0.0
109.96873831748962,0.0,31.28917121887207,0.0,0.0
110.19401550292969,0.0,31.410253524780273,0.0,0.0
110.41938972473145,0.0,31.469228744506836,0.0,0.0
110.64419388771057,0.0,31.547306060791016,0.0,0.0
110.86983251571655,0.0,31.56757354736328,0.0,0.0
111.09429430961609,0.0,31.535816192626953,0.0,0.0
111.3204779624939,0.0,31.53223419189453,0.0,0.0
111.54487991333008,0.0,31.504009246826172,0.0,0.0
111.77088665962219,0.0,31.4536075592041,0.0,0.0
111.99581503868103,0.0,31.358245849609375,0.0,0.0
112.22136759757996,0.0,31.322420120239258,0.0,0.0
112.4460654258728,0.0,31.265178680419922,0.0,0.0
112.6719799041748,0.0,31.213661193847656,0.0,0.0
112.8964512348175,0.0,31.117294311523438,0.0,0.0
113.12167763710022,0.0,31.030563354492188,0.0,0.0
113.34690928459167,0.0,30.927505493164062,0.0,0.0
113.57304573059082,0.0,30.834754943847656,0.0,0.0
113.79752469062805,0.0,30.751277923583984,0.0,0.0
114.02293992042542,0.0,30.626150131225586,0.0,0.0
114.24794602394104,0.0,30.513534545898438,0.0,0.0
114.47315263748169,0.0,30.38718032836914,0.0,0.0
114.6991651058197,0.0,30.2984619140625,0.0,0.0
114.92474102973938,0.0,30.193614959716797,0.0,0.0
115.14902400970459,0.0,30.099252700805664,0.0,0.0
115.37025952339172,0.0,30.014326095581055,0.0,0.0
115.59558129310608,0.0,29.93789291381836,0.0,0.0
115.82167530059814,0.0,29.869102478027344,0.0,0.0
116.0459897518158,0.0,29.80718994140625,0.0,0.0
116.27145409584045,0.0,29.751468658447266,0.0,0.0
116.49680948257446,0.0,29.676321029663086,0.0,0.0
116.72183537483215,0.0,29.608688354492188,0.0,0.0
116.94708275794983,0.0,29.472820281982422,0.0,0.0
117.17229557037354,0.0,29.375537872314453,0.0,0.0
117.39758324623108,0.0,29.3129825592041,0.0,0.0
117.62333512306213,0.0,29.256683349609375,0.0,0.0
117.848140001297,0.0,29.181015014648438,0.0,0.0
118.07339072227478,0.0,29.087913513183594,0.0,0.0
118.29865503311157,0.0,29.02912139892578,0.0,0.0
118.524827003479,0.0,28.97620964050293,0.0,0.0
118.7491524219513,0.0,28.9285888671875,0.0,0.0
118.9744553565979,0.0,28.88572883605957,0.0,0.0
119.20000529289246,0.0,28.847156524658203,0.0,0.0
119.42495703697205,0.0,28.812440872192383,0.0,0.0
119.65113759040833,0.0,28.756196975708008,0.0,0.0
119.87628507614136,0.0,28.630577087402344,0.0,0.0
120.10168027877808,0.0,28.61751937866211,0.0,0.0
120.32289910316467,0.0,28.60576629638672,0.0,0.0
120.54717683792114,0.0,28.595190048217773,0.0,0.0
120.7733519077301,0.0,28.585670471191406,0.0,0.0
121.00245928764343,0.0,28.577102661132812,0.0,0.0
121.22310709953308,0.0,28.56939125061035,0.0,0.0
121.44910764694214,0.0,28.56245231628418,0.0,0.0
121.67394757270813,0.0,28.506206512451172,0.0,0.0
121.8989646434784,0.0,28.4805850982666,0.0,0.0
122.1249372959137,0.0,28.482526779174805,0.0,0.0
122.34936451911926,0.0,28.459274291992188,0.0,0.0
122.57459616661072,0.0,28.413345336914062,0.0,0.0
122.80076861381531,0.0,28.397010803222656,0.0,0.0
123.02597117424011,0.0,28.382308959960938,0.0,0.0
123.25044441223145,0.0,28.34407615661621,0.0,0.0
123.47647213935852,0.0,28.28466796875,0.0,0.0
123.70173907279968,0.0,28.25619888305664,0.0,0.0
123.92713904380798,0.0,28.205577850341797,0.0,0.0
124.15148663520813,0.0,28.23501968383789,0.0,0.0
124.37715435028076,0.0,28.211515426635742,0.0,0.0
124.6024694442749,0.0,28.19036293029785,0.0,0.0
124.82811307907104,0.0,28.121326446533203,0.0,0.0
125.0534131526947,0.0,28.059192657470703,0.0,0.0
125.27868914604187,0.0,28.053272247314453,0.0,0.0
125.5034658908844,0.0,27.922943115234375,0.0,0.0
125.72871685028076,0.0,27.730648040771484,0.0,0.0
125.95375490188599,0.0,27.732582092285156,0.0,0.0
126.17565536499023,0.0,27.859323501586914,0.0,0.0
126.40081787109375,0.0,28.023391723632812,0.0,0.0
126.62536191940308,0.0,27.971052169799805,0.0,0.0
126.8513503074646,0.0,27.89894676208496,0.0,0.0
127.07612538337708,0.0,27.984050750732422,0.0,0.0
127.30517578125,0.0,28.135644912719727,0.0,0.0
127.53043007850647,0.0,28.39708137512207,0.0,0.0
127.75242900848389,0.0,28.657373428344727,0.0,0.0
127.97771501541138,0.0,29.166635513305664,0.0,0.0
128.2029321193695,0.0,29.724971771240234,0.0,0.0
128.42819237709045,0.0,30.302473068237305,0.0,0.0
128.65346670150757,0.0,30.947223663330078,0.0,0.0
128.87796688079834,0.0,31.477500915527344,0.0,0.0
129.1037278175354,0.0,31.954750061035156,0.0,0.0
129.32861638069153,0.0,32.58427429199219,0.0,0.0
129.55427742004395,0.0,33.425846099853516,0.0,0.0
129.77898406982422,0.0,34.18326187133789,0.0,0.0
130.00469207763672,0.0,34.839935302734375,0.0,0.0
130.22950911521912,0.0,35.43094253540039,0.0,0.0
130.4547221660614,0.0,35.98784637451172,0.0,0.0
130.6801257133484,0.0,36.31406021118164,0.0,0.0
130.9057970046997,0.0,36.907649993896484,0.0,0.0
131.13051795959473,0.0,37.54188537597656,0.0,0.0
131.3562114238739,0.0,37.98769760131836,0.0,0.0
131.58119297027588,0.0,38.563926696777344,0.0,0.0
131.80687260627747,0.0,38.907535552978516,0.0,0.0
132.03156304359436,0.0,39.16678237915039,0.0,0.0
132.25727605819702,0.0,39.40010452270508,0.0,0.0
132.4829306602478,0.0,39.66009521484375,0.0,0.0
132.70404624938965,0.0,39.994083404541016,0.0,0.0
132.9286105632782,0.0,40.31967544555664,0.0,0.0
133.15385103225708,0.0,40.7877082824707,0.0,0.0
133.37912964820862,0.0,41.18393325805664,0.0,0.0
133.60531854629517,0.0,42.1655387878418,0.0,0.0
133.8298008441925,0.0,42.773983001708984,0.0,0.0
134.05573201179504,0.0,43.221580505371094,0.0,0.0
134.28025603294373,0.0,43.57442092895508,0.0,0.0
134.50588202476501,0.0,43.91697692871094,0.0,0.0
134.73148274421692,0.0,44.200279235839844,0.0,0.0
134.9567835330963,0.0,44.5052490234375,0.0,0.0
135.18201160430908,0.0,44.97972106933594,0.0,0.0
135.40733075141907,0.0,45.30674743652344,0.0,0.0
135.63186860084534,0.0,46.826072692871094,0.0,0.0
135.85786485671997,0.0,48.09346389770508,0.0,0.0
136.08240723609924,0.0,48.75911331176758,0.0,0.0
136.3075511455536,0.0,49.033203125,0.0,0.0
136.53275752067566,0.0,49.354881286621094,0.0,0.0
136.75848579406738,0.0,49.444393157958984,0.0,0.0
136.98411989212036,0.0,49.29995346069336,0.0,0.0
137.2089719772339,0.0,49.21995544433594,0.0,0.0
137.4345359802246,0.0,49.89795684814453,0.0,0.0
137.65588688850403,0.0,49.833160400390625,0.0,0.0
137.88531184196472,0.0,49.3498420715332,0.0,0.0
138.1097207069397,0.0,48.889854431152344,0.0,0.0
138.33580327033997,0.0,48.6258659362793,0.0,0.0
138.5569326877594,0.0,48.363277435302734,0.0,0.0
138.78222227096558,0.0,48.07694625854492,0.0,0.0
139.0074520111084,0.0,47.79425048828125,0.0,0.0
139.23224186897278,0.0,47.48982238769531,0.0,0.0
139.4573106765747,0.0,47.14084243774414,0.0,0.0
139.6828465461731,0.0,46.8017578125,0.0,0.0
139.90852808952332,0.0,46.49658203125,0.0,0.0
140.1329665184021,0.0,46.17192459106445,0.0,0.0
140.35847067832947,0.0,45.85472869873047,0.0,0.0
140.58445119857788,0.0,45.519256591796875,0.0,0.0
140.80899310112,0.0,45.21733093261719,0.0,0.0
141.0343577861786,0.0,44.87059783935547,0.0,0.0
141.25969529151917,0.0,44.48353576660156,0.0,0.0
141.48519778251648,0.0,44.13518142700195,0.0,0.0
141.710604429245,0.0,43.74666213989258,0.0,0.0
141.93565726280212,0.0,43.396995544433594,0.0,0.0
142.16043329238892,0.0,43.082298278808594,0.0,0.0
142.38598251342773,0.0,42.72406768798828,0.0,0.0
142.61164903640747,0.0,42.426658630371094,0.0,0.0
142.83706164360046,0.0,41.98398971557617,0.0,0.0
143.0616397857666,0.0,41.68559265136719,0.0,0.0
143.2870318889618,0.0,41.34203338623047,0.0,0.0
143.5086681842804,0.0,40.957828521728516,0.0,0.0
143.73357343673706,0.0,40.537044525146484,0.0,0.0
143.95923137664795,0.0,40.1583366394043,0.0,0.0
144.18444681167603,0.0,39.76750183105469,0.0,0.0
144.40936827659607,0.0,39.41575241088867,0.0,0.0
144.63503289222717,0.0,39.024173736572266,0.0,0.0
144.8604393005371,0.0,38.72175216674805,0.0,0.0
145.08518242835999,0.0,38.42457580566406,0.0,0.0
145.3108742237091,0.0,38.15711975097656,0.0,0.0
145.5360813140869,0.0,37.86640930175781,0.0,0.0
145.76149702072144,0.0,37.579769134521484,0.0,0.0
145.9865803718567,0.0,37.271793365478516,0.0,0.0
146.21106266975403,0.0,36.94461441040039,0.0,0.0
146.43643856048584,0.0,36.70015335083008,0.0,0.0
146.6616084575653,0.0,36.455135345458984,0.0,0.0
146.88733339309692,0.0,36.20962142944336,0.0,0.0
147.11261653900146,0.0,35.9886589050293,0.0,0.0
147.33814120292664,0.0,35.73979187011719,0.0,0.0
147.56279921531677,0.0,35.54081344604492,0.0,0.0
147.78872156143188,0.0,35.33673095703125,0.0,0.0
148.01312518119812,0.0,35.17805480957031,0.0,0.0
148.2388677597046,0.0,35.01024627685547,0.0,0.0
148.4637942314148,0.0,34.78422164916992,0.0,0.0
148.68978476524353,0.0,34.63079833984375,0.0,0.0
148.9150116443634,0.0,34.49271774291992,0.0,0.0
149.13978958129883,0.0,34.34344482421875,0.0,0.0
149.36477303504944,0.0,34.18410110473633,0.0,0.0
149.5907335281372,0.0,34.06568908691406,0.0,0.0
149.81532192230225,0.0,33.9591178894043,0.0,0.0
150.0373034477234,0.0,33.788204193115234,0.0,0.0
150.2616741657257,0.0,33.63438415527344,0.0,0.0
150.49152493476868,0.0,33.52094268798828,0.0,0.0
150.71230244636536,0.0,33.39384841918945,0.0,0.0
150.93757009506226,0.0,33.27946090698242,0.0,0.0
151.1628382205963,0.0,33.151512145996094,0.0,0.0
151.3883616924286,0.0,33.06135940551758,0.0,0.0
151.61332035064697,0.0,32.980220794677734,0.0,0.0
151.83870244026184,0.0,32.882198333740234,0.0,0.0
152.06404185295105,0.0,32.793975830078125,0.0,0.0
152.28932547569275,0.0,32.714576721191406,0.0,0.0
152.5151810646057,0.0,32.61811828613281,0.0,0.0
152.74045491218567,0.0,32.531307220458984,0.0,0.0
152.96571731567383,0.0,32.378173828125,0.0,0.0
153.19096875190735,0.0,32.265357971191406,0.0,0.0
153.41581320762634,0.0,32.18882369995117,0.0,0.0
153.64071440696716,0.0,32.14493942260742,0.0,0.0
153.86626935005188,0.0,32.0804443359375,0.0,0.0
154.09134674072266,0.0,31.997398376464844,0.0,0.0
154.31643772125244,0.0,31.89765739440918,0.0,0.0
154.54187273979187,0.0,31.8328914642334,0.0,0.0
154.76791548728943,0.0,31.774600982666016,0.0,0.0
154.99306774139404,0.0,31.722139358520508,0.0,0.0
155.21753025054932,0.0,31.649925231933594,0.0,0.0
155.44299030303955,0.0,31.559932708740234,0.0,0.0
155.66483974456787,0.0,31.503938674926758,0.0,0.0
155.88922142982483,0.0,31.428544998168945,0.0,0.0
156.1144664287567,0.0,31.385690689086914,0.0,0.0
156.3398494720459,0.0,31.32212257385254,0.0,0.0
156.56568670272827,0.0,31.23990821838379,0.0,0.0
156.79115867614746,0.0,31.14091682434082,0.0,0.0
157.01640152931213,0.0,31.101825714111328,0.0,0.0
157.24125814437866,0.0,31.06664276123047,0.0,0.0
157.4669291973114,0.0,31.009977340698242,0.0,0.0
157.69228768348694,0.0,30.983980178833008,0.0,0.0
157.91747856140137,0.0,30.93558120727539,0.0,0.0
158.14235973358154,0.0,30.917022705078125,0.0,0.0
158.36753702163696,0.0,30.900320053100586,0.0,0.0
158.5934820175171,0.0,30.88528823852539,0.0,0.0
158.8185112476349,0.0,30.821758270263672,0.0,0.0
159.04393219947815,0.0,30.76458168029785,0.0,0.0
159.26814603805542,0.0,30.738122940063477,0.0,0.0
159.49344658851624,0.0,30.714309692382812,0.0,0.0
159.71967458724976,0.0,30.717878341674805,0.0,0.0
159.9444773197174,0.0,30.646089553833008,0.0,0.0
160.16933012008667,0.0,30.581480026245117,0.0,0.0
160.39467525482178,0.0,30.473331451416016,0.0,0.0
160.6157660484314,0.0,30.400997161865234,0.0,0.0
160.8410792350769,0.0,30.33589744567871,0.0,0.0
161.07079815864563,0.0,30.252307891845703,0.0,0.0
161.29558777809143,0.0,30.17707633972168,0.0,0.0
161.51717567443848,0.0,30.1093692779541,0.0,0.0
161.7429494857788,0.0,30.0234317779541,0.0,0.0
161.9681749343872,0.0,29.971088409423828,0.0,0.0
162.19335651397705,0.0,29.898977279663086,0.0,0.0
162.41871404647827,0.0,29.884078979492188,0.0,0.0
162.64363527297974,0.0,29.795669555664062,0.0,0.0
162.8691840171814,0.0,29.741100311279297,0.0,0.0
163.09425616264343,0.0,29.741989135742188,0.0,0.0
163.31898832321167,0.0,29.717790603637695,0.0,0.0
163.5443196296692,0.0,29.671010971069336,0.0,0.0
163.76964569091797,0.0,29.628908157348633,0.0,0.0
163.99460554122925,0.0,29.59101676940918,0.0,0.0
164.22073435783386,0.0,29.556913375854492,0.0,0.0
164.44534540176392,0.0,29.476221084594727,0.0,0.0
164.67068767547607,0.0,29.453598022460938,0.0,0.0
164.89571356773376,0.0,29.40823745727539,0.0,0.0
165.1218638420105,0.0,29.3424129486084,0.0,0.0
165.34624004364014,0.0,29.33316993713379,0.0,0.0
165.57156801223755,0.0,29.249853134155273,0.0,0.0
165.79704880714417,0.0,29.14986801147461,0.0,0.0
166.021959066391,0.0,29.05988121032715,0.0,0.0
166.24746704101562,0.0,29.028892517089844,0.0,0.0
166.46865439414978,0.0,28.976003646850586,0.0,0.0
166.69389414787292,0.0,28.903404235839844,0.0,0.0
166.91916608810425,0.0,28.838064193725586,0.0,0.0
167.14447212219238,0.0,28.779258728027344,0.0,0.0
167.36962461471558,0.0,28.676332473754883,0.0,0.0
167.5949673652649,0.0,28.633699417114258,0.0,0.0
167.82087516784668,0.0,28.570327758789062,0.0,0.0
168.04534482955933,0.0,28.53829574584961,0.0,0.0
168.27101111412048,0.0,28.45946502685547,0.0,0.0
168.49601888656616,0.0,28.388517379760742,0.0,0.0
168.7219979763031,0.0,28.324665069580078,0.0,0.0
168.9464681148529,0.0,28.267196655273438,0.0,0.0
169.17260646820068,0.0,28.21547508239746,0.0,0.0
169.39691805839539,0.0,28.118927001953125,0.0,0.0
169.62254428863525,0.0,28.082033157348633,0.0,0.0
169.84751200675964,0.0,28.023828506469727,0.0,0.0
170.0735580921173,0.0,27.921445846557617,0.0,0.0
170.29798316955566,0.0,27.829301834106445,0.0,0.0
170.52320194244385,0.0,27.771371841430664,0.0,0.0
170.74850249290466,0.0,27.69423484802246,0.0,0.0
170.97414302825928,0.0,27.599809646606445,0.0,0.0
171.19905495643616,0.0,27.53982925415039,0.0,0.0
171.4245433807373,0.0,27.4858455657959,0.0,0.0
171.6504259109497,0.0,27.4372615814209,0.0,0.0
171.8757827281952,0.0,27.368534088134766,0.0,0.0
172.1001877784729,0.0,27.331680297851562,0.0,0.0
172.3258399963379,0.0,27.298511505126953,0.0,0.0
172.5513050556183,0.0,27.218658447265625,0.0,0.0
172.77691340446472,0.0,27.096792221069336,0.0,0.0
172.99708652496338,0.0,27.037111282348633,0.0,0.0
173.22331976890564,0.0,27.008398056030273,0.0,0.0
173.44773364067078,0.0,27.007558822631836,0.0,0.0
173.67710041999817,0.0,26.981801986694336,0.0,0.0
173.89822149276733,0.0,26.958620071411133,0.0,0.0
174.12436747550964,0.0,26.98775863647461,0.0,0.0
174.3487584590912,0.0,26.938982009887695,0.0,0.0
174.57437109947205,0.0,26.87008285522461,0.0,0.0
174.8000111579895,0.0,26.808073043823242,0.0,0.0
175.02530574798584,0.0,26.777265548706055,0.0,0.0
175.24980306625366,0.0,26.67453956604004,0.0,0.0
175.47543787956238,0.0,26.682085037231445,0.0,0.0
175.7012038230896,0.0,26.663875579833984,0.0,0.0
175.92637467384338,0.0,26.64748764038086,0.0,0.0
176.15164303779602,0.0,26.607738494873047,0.0,0.0
176.37616777420044,0.0,26.59696388244629,0.0,0.0
176.60209941864014,0.0,26.58726692199707,0.0,0.0
176.8267045021057,0.0,26.57853889465332,0.0,0.0
177.05266118049622,0.0,26.5706844329834,0.0,0.0
177.27731132507324,0.0,26.538616180419922,0.0,0.0
177.50320625305176,0.0,26.534753799438477,0.0,0.0
177.72774600982666,0.0,26.506277084350586,0.0,0.0
177.9537558555603,0.0,26.53064727783203,0.0,0.0
178.17815256118774,0.0,26.5275821685791,0.0,0.0
178.40437722206116,0.0,26.49982261657715,0.0,0.0
178.62881541252136,0.0,26.499839782714844,0.0,0.0
178.850816488266,0.0,26.474855422973633,0.0,0.0
179.07531690597534,0.0,26.452369689941406,0.0,0.0
179.30123710632324,0.0,26.432132720947266,0.0,0.0
179.52670907974243,0.0,26.463918685913086,0.0,0.0
179.7516303062439,0.0,26.467525482177734,0.0,0.0
179.97644662857056,0.0,26.47077178955078,0.0,0.0
180.20155000686646,0.0,26.47369384765625,0.0,0.0
180.4273042678833,0.0,26.451324462890625,0.0,0.0
180.6529724597931,0.0,26.45619010925293,0.0,0.0
180.87724089622498,0.0,26.48556900024414,0.0,0.0
181.103417634964,0.0,26.487010955810547,0.0,0.0
181.32784724235535,0.0,26.513307571411133,0.0,0.0
181.55387783050537,0.0,26.51197624206543,0.0,0.0
181.77835726737976,0.0,26.460779190063477,0.0,0.0
182.0044400691986,0.0,26.439701080322266,0.0,0.0
182.2288613319397,0.0,26.420730590820312,0.0,0.0
182.45495128631592,0.0,26.30365562438965,0.0,0.0
182.67953610420227,0.0,26.298290252685547,0.0,0.0
182.90544819831848,0.0,26.268461227416992,0.0,0.0
183.1299695968628,0.0,26.216615676879883,0.0,0.0
183.3559968471527,0.0,26.244953155517578,0.0,0.0
183.58087944984436,0.0,26.24545669555664,0.0,0.0
183.80243921279907,0.0,26.220911026000977,0.0,0.0
184.0270140171051,0.0,26.223819732666016,0.0,0.0
184.25706815719604,0.0,26.226436614990234,0.0,0.0
184.4774980545044,0.0,26.228792190551758,0.0,0.0
184.70280170440674,0.0,26.25591278076172,0.0,0.0
184.92801141738892,0.0,26.28032112121582,0.0,0.0
185.1542570590973,0.0,26.27728843688965,0.0,0.0
185.37848567962646,0.0,26.224559783935547,0.0,0.0
185.60504341125488,0.0,26.202102661132812,0.0,0.0
185.82904696464539,0.0,26.25689125061035,0.0,0.0
186.05433702468872,0.0,26.381200790405273,0.0,0.0
186.27948641777039,0.0,26.468080520629883,0.0,0.0
186.50559210777283,0.0,26.321271896362305,0.0,0.0
186.73086214065552,0.0,26.41414451599121,0.0,0.0
186.9561972618103,0.0,26.72273063659668,0.0,0.0
187.18064618110657,0.0,27.175457000732422,0.0,0.0
187.40580701828003,0.0,27.85791015625,0.0,0.0
187.63111424446106,0.0,28.597118377685547,0.0,0.0
187.85674381256104,0.0,29.162405014038086,0.0,0.0
188.08258509635925,0.0,29.821165084838867,0.0,0.0
188.30776023864746,0.0,30.53904914855957,0.0,0.0
188.53215098381042,0.0,31.235143661499023,0.0,0.0
188.75786352157593,0.0,31.986629486083984,0.0,0.0
188.98270416259766,0.0,32.76296615600586,0.0,0.0
189.20883631706238,0.0,33.41167068481445,0.0,0.0
189.42945742607117,0.0,34.19550323486328,0.0,0.0
189.65454936027527,0.0,35.02595138549805,0.0,0.0
189.87969493865967,0.0,35.57335662841797,0.0,0.0
190.10531401634216,0.0,36.141021728515625,0.0,0.0
190.33116602897644,0.0,36.62691879272461,0.0,0.0
190.55554366111755,0.0,37.16422653198242,0.0,0.0
190.78134632110596,0.0,39.122802734375,0.0,0.0
191.00685119628906,0.0,40.83552169799805,0.0,0.0
191.23169088363647,0.0,41.951969146728516,0.0,0.0
191.4570653438568,0.0,43.15677261352539,0.0,0.0
191.68260550498962,0.0,44.74109649658203,0.0,0.0
191.9073669910431,0.0,45.76698684692383,0.0,0.0
192.13313603401184,0.0,46.61528778076172,0.0,0.0
192.35854315757751,0.0,47.30375671386719,0.0,0.0
192.583575963974,0.0,48.19837951660156,0.0,0.0
192.8085789680481,0.0,49.603538513183594,0.0,0.0
193.034188747406,0.0,50.56818389892578,0.0,0.0
193.25911593437195,0.0,51.5113639831543,0.0,0.0
193.48470830917358,0.0,52.31022644042969,0.0,0.0
193.71013474464417,0.0,53.10420227050781,0.0,0.0
193.93527245521545,0.0,53.86878204345703,0.0,0.0
194.16007161140442,0.0,54.45690155029297,0.0,0.0
194.38576483726501,0.0,54.611209869384766,0.0,0.0
194.61045837402344,0.0,55.10009002685547,0.0,0.0
194.83570957183838,0.0,55.59008026123047,0.0,0.0
195.06076550483704,0.0,55.93107223510742,0.0,0.0
195.28687524795532,0.0,56.18796157836914,0.0,0.0
195.5113651752472,0.0,56.5191650390625,0.0,0.0
195.73739504814148,0.0,56.7922477722168,0.0,0.0
195.95827746391296,0.0,56.888023376464844,0.0,0.0
196.1838355064392,0.0,56.82421875,0.0,0.0
196.40909910202026,0.0,56.841796875,0.0,0.0
196.63434481620789,0.0,56.70761489868164,0.0,0.0
196.8597855567932,0.0,56.83685302734375,0.0,0.0
197.0845274925232,0.0,56.95316696166992,0.0,0.0
197.30993628501892,0.0,56.73284912109375,0.0,0.0
197.53463697433472,0.0,56.65956115722656,0.0,0.0
197.76003289222717,0.0,56.51860427856445,0.0,0.0
197.98594617843628,0.0,56.54174041748047,0.0,0.0
198.21060347557068,0.0,56.71256637573242,0.0,0.0
198.4364562034607,0.0,56.616310119628906,0.0,0.0
198.6609010696411,0.0,56.504676818847656,0.0,0.0
198.88619327545166,0.0,56.55420684814453,0.0,0.0
199.1116166114807,0.0,56.82378387451172,0.0,0.0
199.33754301071167,0.0,56.74140167236328,0.0,0.0
199.56206631660461,0.0,56.592262268066406,0.0,0.0
199.78811049461365,0.0,56.3580322265625,0.0,0.0
200.01330614089966,0.0,56.247230529785156,0.0,0.0
200.2386074066162,0.0,56.347503662109375,0.0,0.0
200.4630355834961,0.0,56.362754821777344,0.0,0.0
200.68899416923523,0.0,56.2764778137207,0.0,0.0
200.90983700752258,0.0,56.22383117675781,0.0,0.0
201.13905239105225,0.0,56.47644805908203,0.0,0.0
201.36406326293945,0.0,56.65380096435547,0.0,0.0
201.5901608467102,0.0,56.838417053222656,0.0,0.0
201.8107328414917,0.0,56.729576110839844,0.0,0.0
202.03660249710083,0.0,56.75661849975586,0.0,0.0
202.26127314567566,0.0,57.03095626831055,0.0,0.0
202.48718404769897,0.0,57.10285949707031,0.0,0.0
202.71175336837769,0.0,57.49256896972656,0.0,0.0
202.93685150146484,0.0,57.91830825805664,0.0,0.0
203.16214060783386,0.0,58.72647476196289,0.0,0.0
203.38819527626038,0.0,59.55382537841797,0.0,0.0
203.61265182495117,0.0,59.998443603515625,0.0,0.0
203.83883619308472,0.0,60.3235969543457,0.0,0.0
204.06398749351501,0.0,60.99123764038086,0.0,0.0
204.28925681114197,0.0,61.6671142578125,0.0,0.0
204.5142617225647,0.0,61.80039978027344,0.0,0.0
204.7397894859314,0.0,61.870357513427734,0.0,0.0
204.96504974365234,0.0,61.808319091796875,0.0,0.0
205.19034719467163,0.0,61.777488708496094,0.0,0.0
205.41482853889465,0.0,62.174739837646484,0.0,0.0
205.64085960388184,0.0,62.282264709472656,0.0,0.0
205.86530423164368,0.0,62.204036712646484,0.0,0.0
206.09053826332092,0.0,62.0836296081543,0.0,0.0
206.31634044647217,0.0,62.30026626586914,0.0,0.0
206.5418040752411,0.0,62.7452392578125,0.0,0.0
206.76313090324402,0.0,63.145713806152344,0.0,0.0
206.98835349082947,0.0,63.4311408996582,0.0,0.0
207.2136299610138,0.0,63.8380241394043,0.0,0.0
207.44227528572083,0.0,63.92921829223633,0.0,0.0
207.663432598114,0.0,64.03630065917969,0.0,0.0
207.8886432647705,0.0,63.982666015625,0.0,0.0
208.11425876617432,0.0,64.05939483642578,0.0,0.0
208.33995008468628,0.0,63.97845458984375,0.0,0.0
208.56517958641052,0.0,64.38060760498047,0.0,0.0
208.79048132896423,0.0,64.61754608154297,0.0,0.0
209.01573300361633,0.0,64.4557876586914,0.0,0.0
209.2410387992859,0.0,64.7352066040039,0.0,0.0
209.46631360054016,0.0,64.71168518066406,0.0,0.0
209.69117379188538,0.0,64.76551818847656,0.0,0.0
209.91621136665344,0.0,64.73896026611328,0.0,0.0
210.14201045036316,0.0,64.64006042480469,0.0,0.0
210.36731934547424,0.0,64.52605438232422,0.0,0.0
210.59277486801147,0.0,64.44844818115234,0.0,0.0
210.81786179542542,0.0,64.37860107421875,0.0,0.0
211.04279804229736,0.0,64.51573944091797,0.0,0.0
211.2677185535431,0.0,64.58916473388672,0.0,0.0
211.49294066429138,0.0,64.58024597167969,0.0,0.0
211.71808695793152,0.0,64.647216796875,0.0,0.0
211.94334983825684,0.0,64.5324935913086,0.0,0.0
212.16933250427246,0.0,64.32923889160156,0.0,0.0
212.3939130306244,0.0,64.2463150024414,0.0,0.0
212.6200180053711,0.0,64.42168426513672,0.0,0.0
212.8445394039154,0.0,64.2295150756836,0.0,0.0
213.07054114341736,0.0,64.05656433105469,0.0,0.0
213.29114198684692,0.0,64.40090942382812,0.0,0.0
213.51723790168762,0.0,64.28581237792969,0.0,0.0
213.7456123828888,0.0,64.15723419189453,0.0,0.0
213.97155284881592,0.0,64.09150695800781,0.0,0.0
214.19281101226807,0.0,64.68235778808594,0.0,0.0
214.418133020401,0.0,64.93911743164062,0.0,0.0
214.64292764663696,0.0,65.09520721435547,0.0,0.0
214.86777424812317,0.0,65.31068420410156,0.0,0.0
215.09298992156982,0.0,65.5046157836914,0.0,0.0
215.31890058517456,0.0,65.45414733886719,0.0,0.0
215.54357171058655,0.0,65.45873260498047,0.0,0.0
215.7696554660797,0.0,65.76285552978516,0.0,0.0
215.99409413337708,0.0,65.861572265625,0.0,0.0
216.22016882896423,0.0,65.9504165649414,0.0,0.0
216.44469904899597,0.0,65.80537414550781,0.0,0.0
216.67077493667603,0.0,65.64983367919922,0.0,0.0
216.89508199691772,0.0,65.55985260009766,0.0,0.0
217.12120246887207,0.0,65.65386199951172,0.0,0.0
217.34567189216614,0.0,65.58847045898438,0.0,0.0
217.5714135169983,0.0,65.65461730957031,0.0,0.0
217.79702711105347,0.0,65.71415710449219,0.0,0.0
218.02224922180176,0.0,65.81774139404297,0.0,0.0
218.24718952178955,0.0,65.91096496582031,0.0,0.0
218.4728193283081,0.0,66.04486846923828,0.0,0.0
218.69776058197021,0.0,66.1653823852539,0.0,0.0
218.92340302467346,0.0,66.17384338378906,0.0,0.0
219.14374470710754,0.0,66.28145599365234,0.0,0.0
219.3689420223236,0.0,66.27830505371094,0.0,0.0
219.59438967704773,0.0,66.32547760009766,0.0,0.0
219.81984424591064,0.0,66.41793060302734,0.0,0.0
220.04478073120117,0.0,66.30113220214844,0.0,0.0
220.27080154418945,0.0,66.49601745605469,0.0,0.0
220.49619388580322,0.0,66.9464111328125,0.0,0.0
220.72052311897278,0.0,66.90177154541016,0.0,0.0
220.94657683372498,0.0,66.81159210205078,0.0,0.0
221.17109990119934,0.0,66.63043212890625,0.0,0.0
221.3964123725891,0.0,66.26738739013672,0.0,0.0
221.6217896938324,0.0,66.34064483642578,0.0,0.0
221.8471875190735,0.0,65.95657348632812,0.0,0.0
222.072936296463,0.0,65.51091766357422,0.0,0.0
222.298171043396,0.0,65.28482055664062,0.0,0.0
222.52346301078796,0.0,65.33133697509766,0.0,0.0
222.7480137348175,0.0,65.32320404052734,0.0,0.0
222.9732677936554,0.0,65.09088134765625,0.0,0.0
223.19850659370422,0.0,65.28179168701172,0.0,0.0
223.42453980445862,0.0,65.8536148071289,0.0,0.0
223.64990544319153,0.0,66.06825256347656,0.0,0.0
223.87429308891296,0.0,66.2364273071289,0.0,0.0
224.10034346580505,0.0,66.13777923583984,0.0,0.0
224.32486081123352,0.0,65.89900207519531,0.0,0.0
224.55093908309937,0.0,65.55909729003906,0.0,0.0
224.7720820903778,0.0,65.20318603515625,0.0,0.0
224.997132062912,0.0,64.932861328125,0.0,0.0
225.22256088256836,0.0,64.7145767211914,0.0,0.0
225.4470477104187,0.0,64.693115234375,0.0,0.0
225.67280912399292,0.0,64.54879760742188,0.0,0.0
225.89757442474365,0.0,64.41891479492188,0.0,0.0
226.12362957000732,0.0,64.40202331542969,0.0,0.0
226.34888458251953,0.0,64.56182098388672,0.0,0.0
226.57415914535522,0.0,64.95563507080078,0.0,0.0
226.7996051311493,0.0,65.66007232666016,0.0,0.0
227.02391695976257,0.0,65.86906433105469,0.0,0.0
227.249929189682,0.0,66.2321548461914,0.0,0.0
227.4743366241455,0.0,66.23393249511719,0.0,0.0
227.70053052902222,0.0,66.63553619384766,0.0,0.0
227.92506909370422,0.0,67.12197875976562,0.0,0.0
228.1509449481964,0.0,67.53477478027344,0.0,0.0
228.37573838233948,0.0,68.0562973022461,0.0,0.0
228.6008403301239,0.0,68.50067138671875,0.0,0.0
228.82602262496948,0.0,69.20060729980469,0.0,0.0
229.0521309375763,0.0,69.4305419921875,0.0,0.0
229.27649521827698,0.0,69.53749084472656,0.0,0.0
229.50263833999634,0.0,69.90873718261719,0.0,0.0
229.72353291511536,0.0,70.81786346435547,0.0,0.0
229.94902920722961,0.0,71.11107635498047,0.0,0.0
230.1736354827881,0.0,71.32496643066406,0.0,0.0
230.40363931655884,0.0,71.41746520996094,0.0,0.0
230.62525463104248,0.0,72.25071716308594,0.0,0.0
230.84931087493896,0.0,72.67564392089844,0.0,0.0
231.07554006576538,0.0,73.33308410644531,0.0,0.0
231.30067133903503,0.0,73.59976959228516,0.0,0.0
231.52572536468506,0.0,74.31478881835938,0.0,0.0
231.7511327266693,0.0,75.08330535888672,0.0,0.0
231.97569179534912,0.0,75.7499771118164,0.0,0.0
232.20166563987732,0.0,76.09998321533203,0.0,0.0
232.42615795135498,0.0,76.66498565673828,0.0,0.0
232.65223288536072,0.0,77.1734848022461,0.0,0.0
232.87666988372803,0.0,78.48113250732422,0.0,0.0
233.10291647911072,0.0,79.93302154541016,0.0,0.0
233.32715463638306,0.0,80.8397216796875,0.0,0.0
233.55328583717346,0.0,81.40574645996094,0.0,0.0
233.7780303955078,0.0,81.66516876220703,0.0,0.0
234.0034465789795,0.0,82.12364959716797,0.0,0.0
234.22904515266418,0.0,82.18628692626953,0.0,0.0
234.4543068408966,0.0,82.99266052246094,0.0,0.0
234.67873811721802,0.0,83.14338684082031,0.0,0.0
234.9042043685913,0.0,82.80404663085938,0.0,0.0
235.12934064865112,0.0,83.32364654541016,0.0,0.0
235.35463666915894,0.0,83.69127655029297,0.0,0.0
235.58028602600098,0.0,83.7971420288086,0.0,0.0
235.8060073852539,0.0,83.79242706298828,0.0,0.0
236.03058385849,0.0,83.76318359375,0.0,0.0
236.25240516662598,0.0,83.61186218261719,0.0,0.0
236.47683119773865,0.0,83.60066986083984,0.0,0.0
236.7061688899994,0.0,83.81559753417969,0.0,0.0
236.93235111236572,0.0,84.60903930664062,0.0,0.0
237.15341663360596,0.0,85.09812927246094,0.0,0.0
237.37791633605957,0.0,84.91331481933594,0.0,0.0
237.60393476486206,0.0,84.67198181152344,0.0,0.0
237.82923340797424,0.0,84.0047836303711,0.0,0.0
238.0536425113678,0.0,83.07929992675781,0.0,0.0
238.27927350997925,0.0,82.52136993408203,0.0,0.0
238.50498461723328,0.0,81.99423217773438,0.0,0.0
238.72994351387024,0.0,81.24480438232422,0.0,0.0
238.95565724372864,0.0,80.54532623291016,0.0,0.0
239.18007969856262,0.0,80.09078979492188,0.0,0.0
239.40622210502625,0.0,79.68170928955078,0.0,0.0
239.63056206703186,0.0,79.03853607177734,0.0,0.0
239.85585808753967,0.0,78.53468322753906,0.0,0.0
240.08187580108643,0.0,78.10621643066406,0.0,0.0
240.3071165084839,0.0,77.77059173583984,0.0,0.0
240.53194379806519,0.0,77.4685287475586,0.0,0.0
240.75765562057495,0.0,77.59667205810547,0.0,0.0
240.98225951194763,0.0,77.68700408935547,0.0,0.0
241.2075695991516,0.0,77.51830291748047,0.0,0.0
241.43354535102844,0.0,76.96646881103516,0.0,0.0
241.65882277488708,0.0,76.49481964111328,0.0,0.0
241.88322591781616,0.0,76.02033996582031,0.0,0.0
242.10522484779358,0.0,75.86830139160156,0.0,0.0
242.33003306388855,0.0,75.7814712524414,0.0,0.0
242.55553674697876,0.0,75.7783203125,0.0,0.0
242.78021025657654,0.0,75.62548828125,0.0,0.0
243.00544691085815,0.0,75.81293487548828,0.0,0.0
243.23058128356934,0.0,76.20663452148438,0.0,0.0
243.45602703094482,0.0,76.56096649169922,0.0,0.0
243.68125939369202,0.0,76.85486602783203,0.0,0.0
243.90665888786316,0.0,77.66938018798828,0.0,0.0
244.13264751434326,0.0,78.5274429321289,0.0,0.0
244.35704851150513,0.0,79.37469482421875,0.0,0.0
244.5823793411255,0.0,79.78722381591797,0.0,0.0
244.80755162239075,0.0,79.80850219726562,0.0,0.0
245.03289461135864,0.0,79.95265197753906,0.0,0.0
245.25831079483032,0.0,79.83238220214844,0.0,0.0
245.48407816886902,0.0,79.5241470336914,0.0,0.0
245.70862793922424,0.0,79.49673461914062,0.0,0.0
245.93421959877014,0.0,79.49705505371094,0.0,0.0
246.15906620025635,0.0,79.69734954833984,0.0,0.0
246.38530826568604,0.0,79.5526123046875,0.0,0.0
246.6097149848938,0.0,79.29734802246094,0.0,0.0
246.83575129508972,0.0,79.14261627197266,0.0,0.0
247.06011652946472,0.0,79.40335845947266,0.0,0.0
247.2855200767517,0.0,79.48802185058594,0.0,0.0
247.5106840133667,0.0,79.11421203613281,0.0,0.0
247.73673796653748,0.0,78.95278930664062,0.0,0.0
247.95718812942505,0.0,78.65750885009766,0.0,0.0
248.1829071044922,0.0,78.86675262451172,0.0,0.0
248.40859079360962,0.0,78.60507202148438,0.0,0.0
248.63290739059448,0.0,78.3195571899414,0.0,0.0
248.85857772827148,0.0,78.13760375976562,0.0,0.0
249.08425951004028,0.0,77.87384796142578,0.0,0.0
249.30869340896606,0.0,77.93646240234375,0.0,0.0
249.53394651412964,0.0,78.04281616210938,0.0,0.0
249.7593114376068,0.0,78.01353454589844,0.0,0.0
249.98474287986755,0.0,77.9871826171875,0.0,0.0
250.20975422859192,0.0,78.71346282958984,0.0,0.0
250.4360842704773,0.0,80.0671157836914,0.0,0.0
250.6602840423584,0.0,81.6353988647461,0.0,0.0
250.88551902770996,0.0,82.89685821533203,0.0,0.0
251.11115074157715,0.0,83.88217163085938,0.0,0.0
251.33627820014954,0.0,84.4439468383789,0.0,0.0
251.56217694282532,0.0,84.67455291748047,0.0,0.0
251.78698921203613,0.0,84.68209075927734,0.0,0.0
252.01267981529236,0.0,84.38888549804688,0.0,0.0
252.23798942565918,0.0,85.125,0.0,0.0
252.4627914428711,0.0,85.6624984741211,0.0,0.0
252.68863320350647,0.0,85.9212417602539,0.0,0.0
252.9088490009308,0.0,86.35411834716797,0.0,0.0
253.1345992088318,0.0,86.5687026977539,0.0,0.0
253.36375617980957,0.0,86.53682708740234,0.0,0.0
253.58546996116638,0.0,86.40814208984375,0.0,0.0
253.80991959571838,0.0,86.19232940673828,0.0,0.0
254.03523302078247,0.0,87.298095703125,0.0,0.0
254.26126408576965,0.0,87.1182861328125,0.0,0.0
254.48650431632996,0.0,87.15645599365234,0.0,0.0
254.7118055820465,0.0,87.14080810546875,0.0,0.0
254.93670177459717,0.0,87.10173034667969,0.0,0.0
255.1616566181183,0.0,86.4915542602539,0.0,0.0
255.38709354400635,0.0,85.84239959716797,0.0,0.0
255.6128032207489,0.0,85.1331558227539,0.0,0.0
255.8381426334381,0.0,84.49483489990234,0.0,0.0
256.06305718421936,0.0,84.14534759521484,0.0,0.0
256.28819131851196,0.0,83.38081359863281,0.0,0.0
256.5139157772064,0.0,82.66773223876953,0.0,0.0
256.7393035888672,0.0,82.07595825195312,0.0,0.0
256.96417140960693,0.0,81.943359375,0.0,0.0
257.18908524513245,0.0,82.5240249633789,0.0,0.0
257.4146161079407,0.0,82.64662170410156,0.0,0.0
257.64033555984497,0.0,82.70695495605469,0.0,0.0
257.8646788597107,0.0,82.6862564086914,0.0,0.0
258.08991265296936,0.0,82.5926284790039,0.0,0.0
258.31521463394165,0.0,82.20836639404297,0.0,0.0
258.54088592529297,0.0,82.01252746582031,0.0,0.0
258.76599764823914,0.0,82.18627166748047,0.0,0.0
258.99101161956787,0.0,82.46764373779297,0.0,0.0
259.21626353263855,0.0,82.09587860107422,0.0,0.0
259.437620639801,0.0,81.71128845214844,0.0,0.0
259.6669137477875,0.0,81.4401626586914,0.0,0.0
259.89210200309753,0.0,80.921142578125,0.0,0.0
260.1140902042389,0.0,80.67902374267578,0.0,0.0
260.3393771648407,0.0,80.36112213134766,0.0,0.0
260.564572095871,0.0,80.25000762939453,0.0,0.0
260.78961658477783,0.0,79.90000915527344,0.0,0.0
261.0146920681,0.0,79.48500061035156,0.0,0.0
261.2405240535736,0.0,79.5364990234375,0.0,0.0
261.46483397483826,0.0,79.63285064697266,0.0,0.0
261.6911120414734,0.0,80.16956329345703,0.0,0.0
261.91559052467346,0.0,80.50260162353516,0.0,0.0
262.1408381462097,0.0,80.35234069824219,0.0,0.0
262.3659973144531,0.0,80.14210510253906,0.0,0.0
262.5914833545685,0.0,80.17789459228516,0.0,0.0
262.8172514438629,0.0,80.16010284423828,0.0,0.0
263.04186248779297,0.0,80.944091796875,0.0,0.0
263.26737546920776,0.0,81.1496810913086,0.0,0.0
263.49236702919006,0.0,81.4347152709961,0.0,0.0
263.7174298763275,0.0,82.06624603271484,0.0,0.0
263.94274067878723,0.0,82.03462219238281,0.0,0.0
264.16809582710266,0.0,81.75616455078125,0.0,0.0
264.3933491706848,0.0,81.5305404663086,0.0,0.0
264.61860156059265,0.0,81.25248718261719,0.0,0.0
264.8437671661377,0.0,81.22723388671875,0.0,0.0
265.0649745464325,0.0,81.02951049804688,0.0,0.0
265.29030895233154,0.0,80.87655639648438,0.0,0.0
265.51549434661865,0.0,80.96390533447266,0.0,0.0
265.7407457828522,0.0,80.96751403808594,0.0,0.0
265.96611499786377,0.0,81.24575805664062,0.0,0.0
266.1912488937378,0.0,81.12117767333984,0.0,0.0
266.416640996933,0.0,81.0090560913086,0.0,0.0
266.64184498786926,0.0,81.03314971923828,0.0,0.0
266.86719012260437,0.0,81.00482940673828,0.0,0.0
267.0924005508423,0.0,80.9293441772461,0.0,0.0
267.3176734447479,0.0,80.56140899658203,0.0,0.0
267.5429894924164,0.0,80.35526275634766,0.0,0.0
267.7682271003723,0.0,80.11973571777344,0.0,0.0
267.9935767650604,0.0,79.85775756835938,0.0,0.0
268.21886014938354,0.0,79.87197875976562,0.0,0.0
268.4440584182739,0.0,79.88478088378906,0.0,0.0
268.66928029060364,0.0,79.74629974365234,0.0,0.0
268.89447689056396,0.0,79.54666900634766,0.0,0.0
269.1198444366455,0.0,79.54199981689453,0.0,0.0
269.34514594078064,0.0,79.86280059814453,0.0,0.0
269.5703372955322,0.0,79.67652130126953,0.0,0.0
269.7957010269165,0.0,79.28386688232422,0.0,0.0
270.0209903717041,0.0,79.03047943115234,0.0,0.0
270.24609899520874,0.0,79.02742767333984,0.0,0.0
270.47149634361267,0.0,78.99967956542969,0.0,0.0
270.69681692123413,0.0,78.77471160888672,0.0,0.0
270.91776299476624,0.0,80.74723815917969,0.0,0.0
271.14320850372314,0.0,82.94751739501953,0.0,0.0
271.36839032173157,0.0,84.77776336669922,0.0,0.0
271.5938341617584,0.0,85.87498474121094,0.0,0.0
271.8192660808563,0.0,86.73748016357422,0.0,0.0
272.0448954105377,0.0,87.36373138427734,0.0,0.0
272.2702536582947,0.0,87.90235900878906,0.0,0.0
272.4954299926758,0.0,88.31211853027344,0.0,0.0
272.7205877304077,0.0,88.60590362548828,0.0,0.0
272.94525384902954,0.0,88.94530487060547,0.0,0.0
273.17049765586853,0.0,89.10077667236328,0.0,0.0
273.3959414958954,0.0,89.01569366455078,0.0,0.0
273.62177419662476,0.0,88.83911895751953,0.0,0.0
273.8462553024292,0.0,88.58020782470703,0.0,0.0
274.07231092453003,0.0,88.22218322753906,0.0,0.0
274.2969899177551,0.0,87.74996185302734,0.0,0.0
274.5220856666565,0.0,87.22496032714844,0.0,0.0
274.74727392196655,0.0,86.70246124267578,0.0,0.0
274.97256875038147,0.0,86.10720825195312,0.0,0.0
275.1987211704254,0.0,85.44647979736328,0.0,0.0
275.4240810871124,0.0,84.92683410644531,0.0,0.0
275.64917755126953,0.0,84.28414916992188,0.0,0.0
275.86962604522705,0.0,83.6057357788086,0.0,0.0
276.09518122673035,0.0,82.87016296386719,0.0,0.0
276.3242552280426,0.0,82.03314208984375,0.0,0.0
276.54948234558105,0.0,81.22982788085938,0.0,0.0
276.77464151382446,0.0,80.40684509277344,0.0,0.0
277.00047612190247,0.0,79.5411605834961,0.0,0.0
277.2253768444061,0.0,78.63704681396484,0.0,0.0
277.44670367240906,0.0,77.74833679199219,0.0,0.0
277.6717324256897,0.0,76.92350006103516,0.0,0.0
277.8977608680725,0.0,76.10614776611328,0.0,0.0
278.12303280830383,0.0,75.22052764892578,0.0,0.0
278.34782791137695,0.0,74.37347412109375,0.0,0.0
278.5732500553131,0.0,73.56112670898438,0.0,0.0
278.7980229854584,0.0,72.75501251220703,0.0,0.0
279.0241816043854,0.0,71.90451049804688,0.0,0.0
279.24937677383423,0.0,71.1390609741211,0.0,0.0
279.4743275642395,0.0,70.32515716552734,0.0,0.0
279.6990978717804,0.0,69.56764221191406,0.0,0.0
279.9243860244751,0.0,68.83587646484375,0.0,0.0
280.15036606788635,0.0,68.02728271484375,0.0,0.0
280.3748617172241,0.0,67.32455444335938,0.0,0.0
280.6008758544922,0.0,66.61709594726562,0.0,0.0
280.82532477378845,0.0,65.90538024902344,0.0,0.0
281.05123376846313,0.0,65.26483917236328,0.0,0.0
281.2758424282074,0.0,64.5633544921875,0.0,0.0
281.50208163261414,0.0,63.88201904296875,0.0,0.0
281.7265079021454,0.0,63.218814849853516,0.0,0.0
281.9523868560791,0.0,62.571929931640625,0.0,0.0
282.1771082878113,0.0,61.91473388671875,0.0,0.0
282.39894127845764,0.0,61.29825973510742,0.0,0.0
282.62757873535156,0.0,60.6434326171875,0.0,0.0
282.8526990413666,0.0,60.004085540771484,0.0,0.0
283.07863092422485,0.0,59.40367889404297,0.0,0.0
283.29916501045227,0.0,58.78831100463867,0.0,0.0
283.52455139160156,0.0,58.15947723388672,0.0,0.0
283.7506341934204,0.0,57.56852722167969,0.0,0.0
283.9749150276184,0.0,57.01167297363281,0.0,0.0
284.20024704933167,0.0,56.43550491333008,0.0,0.0
284.425518989563,0.0,55.8669548034668,0.0,0.0
284.651615858078,0.0,55.330257415771484,0.0,0.0
284.8761239051819,0.0,54.7722282409668,0.0,0.0
285.1022036075592,0.0,54.19500732421875,0.0,0.0
285.32738614082336,0.0,53.65050506591797,0.0,0.0
285.5521311759949,0.0,53.060455322265625,0.0,0.0
285.7779097557068,0.0,52.55440902709961,0.0,0.0
286.00322818756104,0.0,52.023963928222656,0.0,0.0
286.2283911705017,0.0,51.49656677246094,0.0,0.0
286.4536700248718,0.0,50.94690704345703,0.0,0.0
286.67840600013733,0.0,50.427215576171875,0.0,0.0
286.9039525985718,0.0,49.93449020385742,0.0,0.0
287.1287078857422,0.0,49.466041564941406,0.0,0.0
287.3543689250946,0.0,48.96943664550781,0.0,0.0
287.5800325870514,0.0,48.49748992919922,0.0,0.0
287.8049490451813,0.0,48.02273941040039,0.0,0.0
288.0305471420288,0.0,47.54546356201172,0.0,0.0
288.25120282173157,0.0,47.09091567993164,0.0,0.0
288.47636890411377,0.0,46.65682601928711,0.0,0.0
288.70239210128784,0.0,46.266143798828125,0.0,0.0
288.9267282485962,0.0,45.86452865600586,0.0,0.0
289.15287590026855,0.0,45.47807693481445,0.0,0.0
289.3776443004608,0.0,45.08026885986328,0.0,0.0
289.6030490398407,0.0,44.6722412109375,0.0,0.0
289.8281738758087,0.0,44.305015563964844,0.0,0.0
290.0539290904999,0.0,43.92451095581055,0.0,0.0
290.2791268825531,0.0,43.55706024169922,0.0,0.0
290.50386333465576,0.0,43.2513542175293,0.0,0.0
290.72963666915894,0.0,42.901214599609375,0.0,0.0
290.95467925071716,0.0,42.53609085083008,0.0,0.0
291.18020510673523,0.0,42.1824836730957,0.0,0.0
291.40548491477966,0.0,41.864234924316406,0.0,0.0
291.6308128833771,0.0,41.502811431884766,0.0,0.0
291.85510301589966,0.0,41.25252914428711,0.0,0.0
292.08121967315674,0.0,41.00227355957031,0.0,0.0
292.3066346645355,0.0,40.752044677734375,0.0,0.0
292.53177857398987,0.0,40.52683639526367,0.0,0.0
292.7562839984894,0.0,40.27415084838867,0.0,0.0
292.98217248916626,0.0,39.97173309326172,0.0,0.0
293.207243680954,0.0,39.74956130981445,0.0,0.0
293.4323728084564,0.0,39.52460479736328,0.0,0.0
293.65743041038513,0.0,39.27214431762695,0.0,0.0
293.87843322753906,0.0,39.04492950439453,0.0,0.0
294.1043541431427,0.0,38.86543273925781,0.0,0.0
294.32998633384705,0.0,38.65388870239258,0.0,0.0
294.55516934394836,0.0,38.438499450683594,0.0,0.0
294.7796058654785,0.0,38.21965026855469,0.0,0.0
295.00509333610535,0.0,37.972686767578125,0.0,0.0
295.23006677627563,0.0,37.800418853759766,0.0,0.0
295.4553692340851,0.0,37.57037353515625,0.0,0.0
295.6805453300476,0.0,37.388336181640625,0.0,0.0
295.9068429470062,0.0,37.174503326416016,0.0,0.0
296.13186979293823,0.0,36.982051849365234,0.0,0.0
296.35721588134766,0.0,36.80884552001953,0.0,0.0
296.5817527770996,0.0,36.65296173095703,0.0,0.0
296.80713057518005,0.0,36.48766326904297,0.0,0.0
297.0331656932831,0.0,36.338897705078125,0.0,0.0
297.2574315071106,0.0,36.18000411987305,0.0,0.0
297.4834818840027,0.0,35.987003326416016,0.0,0.0
297.70808362960815,0.0,35.81330108642578,0.0,0.0
297.9334628582001,0.0,35.6569709777832,0.0,0.0
298.1584095954895,0.0,35.491275787353516,0.0,0.0
298.38385915756226,0.0,35.29214859008789,0.0,0.0
298.60895705223083,0.0,35.13793182373047,0.0,0.0
298.8351686000824,0.0,34.94913864135742,0.0,0.0
299.0596945285797,0.0,34.77922439575195,0.0,0.0
299.2855863571167,0.0,34.651302337646484,0.0,0.0
299.5110101699829,0.0,34.51116943359375,0.0,0.0
299.7361333370209,0.0,34.335052490234375,0.0,0.0
299.9606821537018,0.0,34.151546478271484,0.0,0.0
300.1861081123352,0.0,34.011390686035156,0.0,0.0
300.40711188316345,0.0,33.83525085449219,0.0,0.0
300.6323792934418,0.0,33.67672348022461,0.0,0.0
300.857542514801,0.0,33.53404998779297,0.0,0.0
301.0836989879608,0.0,33.405643463134766,0.0,0.0
301.3080937862396,0.0,33.290077209472656,0.0,0.0
301.5342013835907,0.0,33.161067962646484,0.0,0.0
301.7586226463318,0.0,33.019962310791016,0.0,0.0
301.98472571372986,0.0,32.892967224121094,0.0,0.0
302.20921063423157,0.0,32.728668212890625,0.0,0.0
302.4348487854004,0.0,32.60580062866211,0.0,0.0
302.65966510772705,0.0,32.49522018432617,0.0,0.0
302.88497042655945,0.0,32.370697021484375,0.0,0.0
303.11028957366943,0.0,32.258628845214844,0.0,0.0
303.3357503414154,0.0,32.15776443481445,0.0,0.0
303.5613749027252,0.0,32.041988372802734,0.0,0.0
303.7862949371338,0.0,31.937789916992188,0.0,0.0
304.0120463371277,0.0,31.844011306762695,0.0,0.0
304.237357378006,0.0,31.70960807800293,0.0,0.0
304.4626326560974,0.0,31.6136474609375,0.0,0.0
304.68714475631714,0.0,31.502281188964844,0.0,0.0
304.9125106334686,0.0,31.377052307128906,0.0,0.0
305.138384103775,0.0,31.214345932006836,0.0,0.0
305.36331582069397,0.0,31.117910385131836,0.0,0.0
305.58893752098083,0.0,30.956119537353516,0.0,0.0
305.81423020362854,0.0,30.785505294799805,0.0,0.0
306.0387876033783,0.0,30.706954956054688,0.0,0.0
306.26065850257874,0.0,30.586259841918945,0.0,0.0
306.4854106903076,0.0,30.252634048461914,0.0,0.0
306.710391998291,0.0,29.877368927001953,0.0,0.0
306.93645215034485,0.0,29.664630889892578,0.0,0.0
307.16093945503235,0.0,29.548168182373047,0.0,0.0
307.38621973991394,0.0,29.44335174560547,0.0,0.0
307.61135244369507,0.0,29.424015045166016,0.0,0.0
307.8366961479187,0.0,29.481613159179688,0.0,0.0
308.062283039093,0.0,29.533451080322266,0.0,0.0
308.28800320625305,0.0,29.630104064941406,0.0,0.0
308.5132529735565,0.0,29.767093658447266,0.0,0.0
308.7378532886505,0.0,30.015384674072266,0.0,0.0
308.96395659446716,0.0,30.238845825195312,0.0,0.0
309.1884214878082,0.0,30.4649600982666,0.0,0.0
309.41432547569275,0.0,30.693462371826172,0.0,0.0
309.6387884616852,0.0,30.89911460876465,0.0,0.0
309.8641288280487,0.0,31.234201431274414,0.0,0.0
310.08962416648865,0.0,31.560781478881836,0.0,0.0
310.3149356842041,0.0,31.829702377319336,0.0,0.0
310.5398690700531,0.0,32.24673080444336,0.0,0.0
310.76533126831055,0.0,32.7220573425293,0.0,0.0
310.9904351234436,0.0,33.17485046386719,0.0,0.0
311.2117578983307,0.0,33.58236312866211,0.0,0.0
311.43723249435425,0.0,34.04912567138672,0.0,0.0
311.6667022705078,0.0,34.36921310424805,0.0,0.0
311.89142656326294,0.0,34.73229217529297,0.0,0.0
312.112824678421,0.0,35.009063720703125,0.0,0.0
312.3387749195099,0.0,35.233154296875,0.0,0.0
312.563951253891,0.0,35.559837341308594,0.0,0.0
312.7893614768982,0.0,35.978851318359375,0.0,0.0
313.01450657844543,0.0,36.38096618652344,0.0,0.0
313.2398784160614,0.0,36.71786880493164,0.0,0.0
313.46429419517517,0.0,37.0960807800293,0.0,0.0
313.6900043487549,0.0,37.46147155761719,0.0,0.0
313.9154722690582,0.0,37.79032516479492,0.0,0.0
314.1401536464691,0.0,38.111289978027344,0.0,0.0
314.3661413192749,0.0,38.45016098022461,0.0,0.0
314.59055972099304,0.0,38.73014450073242,0.0,0.0
314.8166072368622,0.0,38.95712661743164,0.0,0.0
315.0410804748535,0.0,39.1864128112793,0.0,0.0
315.2671241760254,0.0,39.41777038574219,0.0,0.0
315.4916470050812,0.0,39.700992584228516,0.0,0.0
315.71768832206726,0.0,39.855892181396484,0.0,0.0
315.9421970844269,0.0,40.0452995300293,0.0,0.0
316.1676781177521,0.0,40.165767669677734,0.0,0.0
316.39301657676697,0.0,40.199188232421875,0.0,0.0
316.61788845062256,0.0,40.254268646240234,0.0,0.0
316.8432364463806,0.0,40.32883834838867,0.0,0.0
317.0652115345001,0.0,40.470951080322266,0.0,0.0
317.2898733615875,0.0,40.54885482788086,0.0,0.0
317.5157597064972,0.0,40.61896896362305,0.0,0.0
317.74019980430603,0.0,40.58207321166992,0.0,0.0
317.9662308692932,0.0,40.548866271972656,0.0,0.0
318.1906383037567,0.0,40.5689811706543,0.0,0.0
318.41680002212524,0.0,40.46208190917969,0.0,0.0
318.64133191108704,0.0,40.265872955322266,0.0,0.0
318.8664803504944,0.0,40.18928527832031,0.0,0.0
319.09187150001526,0.0,40.020355224609375,0.0,0.0
319.31792998313904,0.0,39.81831741333008,0.0,0.0
319.542448759079,0.0,40.06148147583008,0.0,0.0
319.767525434494,0.0,40.280330657958984,0.0,0.0
319.99358916282654,0.0,40.502296447753906,0.0,0.0
320.2192304134369,0.0,40.80206298828125,0.0,0.0
320.44352555274963,0.0,40.996856689453125,0.0,0.0
320.66876769065857,0.0,41.17217254638672,0.0,0.0
320.8942382335663,0.0,41.304954528808594,0.0,0.0
321.11998081207275,0.0,41.39945602416992,0.0,0.0
321.34498858451843,0.0,41.68450927734375,0.0,0.0
321.57046937942505,0.0,41.74105453491211,0.0,0.0
321.795040845871,0.0,41.79194641113281,0.0,0.0
322.0210328102112,0.0,41.83774948120117,0.0,0.0
322.2463414669037,0.0,41.82897186279297,0.0,0.0
322.47153878211975,0.0,41.79607391357422,0.0,0.0
322.696839094162,0.0,41.541465759277344,0.0,0.0
322.9221634864807,0.0,41.3873176574707,0.0,0.0
323.14692664146423,0.0,41.24858474731445,0.0,0.0
323.3720326423645,0.0,41.12372589111328,0.0,0.0
323.5934431552887,0.0,41.06135177612305,0.0,0.0
323.81906962394714,0.0,40.88021469116211,0.0,0.0
324.04837226867676,0.0,40.69219207763672,0.0,0.0
324.2696237564087,0.0,40.57297134399414,0.0,0.0
324.49427700042725,0.0,40.49067306518555,0.0,0.0
324.719673871994,0.0,40.56660461425781,0.0,0.0
324.94455647468567,0.0,40.40994644165039,0.0,0.0
325.1700601577759,0.0,40.21894836425781,0.0,0.0
325.395138502121,0.0,40.12205123901367,0.0,0.0
325.62039494514465,0.0,40.084842681884766,0.0,0.0
325.8464262485504,0.0,39.92635726928711,0.0,0.0
326.07170152664185,0.0,39.83372116088867,0.0,0.0
326.2963447570801,0.0,39.700347900390625,0.0,0.0
326.5223186016083,0.0,39.630313873291016,0.0,0.0
326.74745869636536,0.0,39.54228210449219,0.0,0.0
326.9727826118469,0.0,39.538055419921875,0.0,0.0
327.1971549987793,0.0,39.509246826171875,0.0,0.0
327.4229168891907,0.0,39.73332214355469,0.0,0.0
327.6484344005585,0.0,39.984989166259766,0.0,0.0
327.8730139732361,0.0,40.2864875793457,0.0,0.0
328.09823846817017,0.0,40.432838439941406,0.0,0.0
328.3235294818878,0.0,40.58955383300781,0.0,0.0
328.5496096611023,0.0,40.65559768676758,0.0,0.0
328.77399921417236,0.0,40.74003982543945,0.0,0.0
328.999356508255,0.0,40.716033935546875,0.0,0.0
329.2208881378174,0.0,40.64442825317383,0.0,0.0
329.44658970832825,0.0,40.70498275756836,0.0,0.0
329.6720359325409,0.0,40.68448257446289,0.0,0.0
329.89714312553406,0.0,40.56603240966797,0.0,0.0
330.12246561050415,0.0,40.55942916870117,0.0,0.0
330.3468129634857,0.0,40.55348587036133,0.0,0.0
330.572762966156,0.0,40.548133850097656,0.0,0.0
330.7981860637665,0.0,40.74332046508789,0.0,0.0
331.02274465560913,0.0,41.31898880004883,0.0,0.0
331.24793553352356,0.0,41.93708801269531,0.0,0.0
331.4730932712555,0.0,42.41837692260742,0.0,0.0
331.69923663139343,0.0,42.85153579711914,0.0,0.0
331.9236309528351,0.0,43.06637954711914,0.0,0.0
332.14976501464844,0.0,43.03474044799805,0.0,0.0
332.3743426799774,0.0,43.13126754760742,0.0,0.0
332.60024642944336,0.0,43.193138122558594,0.0,0.0
332.82476711273193,0.0,43.32382583618164,0.0,0.0
333.05078959465027,0.0,43.3414421081543,0.0,0.0
333.275244474411,0.0,43.63229751586914,0.0,0.0
333.5009491443634,0.0,43.69406509399414,0.0,0.0
333.72576093673706,0.0,43.749656677246094,0.0,0.0
333.95191168785095,0.0,43.69969177246094,0.0,0.0
334.1725916862488,0.0,43.9547233581543,0.0,0.0
334.4023461341858,0.0,44.334251403808594,0.0,0.0
334.62725162506104,0.0,44.65082550048828,0.0,0.0
334.8521387577057,0.0,44.81074142456055,0.0,0.0
335.07323455810547,0.0,44.75466537475586,0.0,0.0
335.29936838150024,0.0,44.55419921875,0.0,0.0
335.52386116981506,0.0,44.54877853393555,0.0,0.0
335.7493722438812,0.0,44.41889953613281,0.0,0.0
335.9743206501007,0.0,44.402008056640625,0.0,0.0
336.20044589042664,0.0,44.411808013916016,0.0,0.0
336.4248950481415,0.0,44.395626068115234,0.0,0.0
336.65021443367004,0.0,44.38106155395508,0.0,0.0
336.87545680999756,0.0,44.29295349121094,0.0,0.0
337.1015999317169,0.0,44.163658142089844,0.0,0.0
337.32673144340515,0.0,44.2222900390625,0.0,0.0
337.5520613193512,0.0,44.475059509277344,0.0,0.0
337.7770643234253,0.0,44.6275520324707,0.0,0.0
338.0018820762634,0.0,44.689796447753906,0.0,0.0
338.22712326049805,0.0,44.745819091796875,0.0,0.0
338.4527699947357,0.0,44.92123794555664,0.0,0.0
338.67764949798584,0.0,45.029109954833984,0.0,0.0
338.90379095077515,0.0,44.976200103759766,0.0,0.0
339.12886476516724,0.0,44.82857894897461,0.0,0.0
339.3541841506958,0.0,44.72071838378906,0.0,0.0
339.57895588874817,0.0,44.79864501953125,0.0,0.0
339.80462861061096,0.0,44.89377975463867,0.0,0.0
340.02521109580994,0.0,44.92940139770508,0.0,0.0
340.2511179447174,0.0,45.16145706176758,0.0,0.0
340.4755930900574,0.0,45.62030792236328,0.0,0.0
340.7059202194214,0.0,45.95827865600586,0.0,0.0
340.9311010837555,0.0,46.387451171875,0.0,0.0
341.15575981140137,0.0,46.698707580566406,0.0,0.0
341.38156938552856,0.0,47.12883377075195,0.0,0.0
341.6027295589447,0.0,47.415950775146484,0.0,0.0
341.8279776573181,0.0,47.87435531616211,0.0,0.0
342.0531849861145,0.0,48.31191635131836,0.0,0.0
342.2785015106201,0.0,48.780723571777344,0.0,0.0
342.5031352043152,0.0,49.127647399902344,0.0,0.0
342.72900199890137,0.0,49.339881896972656,0.0,0.0
342.95426416397095,0.0,49.55589294433594,0.0,0.0
343.17960953712463,0.0,49.57530212402344,0.0,0.0
343.4039957523346,0.0,49.54277038574219,0.0,0.0
343.6301097869873,0.0,49.513492584228516,0.0,0.0
343.85540890693665,0.0,49.56214141845703,0.0,0.0
344.08014392852783,0.0,49.45592498779297,0.0,0.0
344.30583667755127,0.0,49.38533020019531,0.0,0.0
344.530433177948,0.0,49.221797943115234,0.0,0.0
344.75565576553345,0.0,49.12461853027344,0.0,0.0
344.9816596508026,0.0,49.087154388427734,0.0,0.0
345.20611119270325,0.0,49.12843704223633,0.0,0.0
345.43221259117126,0.0,49.040592193603516,0.0,0.0
345.6566233634949,0.0,48.96153259277344,0.0,0.0
345.88270568847656,0.0,48.86537551879883,0.0,0.0
346.10716342926025,0.0,48.62883758544922,0.0,0.0
346.3332393169403,0.0,48.49095153808594,0.0,0.0
346.5544362068176,0.0,48.341854095458984,0.0,0.0
346.77974486351013,0.0,48.15766906738281,0.0,0.0
347.0090403556824,0.0,48.11690139770508,0.0,0.0
347.23382115364075,0.0,48.030208587646484,0.0,0.0
347.45572781562805,0.0,48.00218963623047,0.0,0.0
347.6807680130005,0.0,47.92696762084961,0.0,0.0
347.90527415275574,0.0,47.75926971435547,0.0,0.0
348.13132429122925,0.0,47.75834274291992,0.0,0.0
348.3558201789856,0.0,47.83250427246094,0.0,0.0
348.58187198638916,0.0,47.94925308227539,0.0,0.0
348.80635619163513,0.0,47.97932815551758,0.0,0.0
349.0318126678467,0.0,48.056392669677734,0.0,0.0
349.2567744255066,0.0,48.175750732421875,0.0,0.0
349.48215889930725,0.0,48.18317413330078,0.0,0.0
349.7072722911835,0.0,48.189857482910156,0.0,0.0
349.9334852695465,0.0,48.09586715698242,0.0,0.0
350.1577715873718,0.0,48.061279296875,0.0,0.0
350.38392877578735,0.0,48.05514907836914,0.0,0.0
350.6086747646332,0.0,47.94963455200195,0.0,0.0
350.83364748954773,0.0,47.754669189453125,0.0,0.0
351.05968379974365,0.0,47.554203033447266,0.0,0.0
351.2852988243103,0.0,47.523780822753906,0.0,0.0
351.5099904537201,0.0,47.59640121459961,0.0,0.0
351.73551988601685,0.0,47.73676300048828,0.0,0.0
351.96078753471375,0.0,47.68808364868164,0.0,0.0
352.1861844062805,0.0,47.51927185058594,0.0,0.0
352.40647625923157,0.0,47.34234619140625,0.0,0.0
352.6324727535248,0.0,47.35811233520508,0.0,0.0
352.8570017814636,0.0,47.172298431396484,0.0,0.0
353.08264541625977,0.0,46.9550666809082,0.0,0.0
353.30759620666504,0.0,46.759559631347656,0.0,0.0
353.5327751636505,0.0,46.608604431152344,0.0,0.0
353.7580261230469,0.0,46.49774169921875,0.0,0.0
353.98414039611816,0.0,46.37296676635742,0.0,0.0
354.20848321914673,0.0,46.36066818237305,0.0,0.0
354.43459153175354,0.0,46.29960250854492,0.0,0.0
354.6598525047302,0.0,46.31964111328125,0.0,0.0
354.88530111312866,0.0,46.237674713134766,0.0,0.0
355.1100540161133,0.0,46.188907623291016,0.0,0.0
355.3356924057007,0.0,46.020015716552734,0.0,0.0
355.56095004081726,0.0,45.91801452636719,0.0,0.0
355.78616738319397,0.0,45.75121307373047,0.0,0.0
356.01126289367676,0.0,45.75109100341797,0.0,0.0
356.2367091178894,0.0,45.72597885131836,0.0,0.0
356.4621436595917,0.0,45.678382873535156,0.0,0.0
356.6872272491455,0.0,45.73554229736328,0.0,0.0
356.91164994239807,0.0,45.511985778808594,0.0,0.0
357.1371669769287,0.0,45.56078338623047,0.0,0.0
357.36306643486023,0.0,45.47970199584961,0.0,0.0
357.58836126327515,0.0,45.35673141479492,0.0,0.0
357.8136055469513,0.0,45.14605712890625,0.0,0.0
358.0347788333893,0.0,45.05644989013672,0.0,0.0
358.25970339775085,0.0,44.90080261230469,0.0,0.0
358.48448753356934,0.0,44.96072006225586,0.0,0.0
358.71005272865295,0.0,44.989646911621094,0.0,0.0
358.93538069725037,0.0,45.015682220458984,0.0,0.0
359.1602854728699,0.0,45.03911590576172,0.0,0.0
359.38639879226685,0.0,44.98520278930664,0.0,0.0
359.6116454601288,0.0,44.9616813659668,0.0,0.0
359.8368558883667,0.0,44.89051055908203,0.0,0.0
360.06210565567017,0.0,44.776458740234375,0.0,0.0
360.2874026298523,0.0,44.848812103271484,0.0,0.0
360.51267528533936,0.0,44.613929748535156,0.0,0.0
360.7380726337433,0.0,44.55253601074219,0.0,0.0
360.96319913864136,0.0,44.29728317260742,0.0,0.0
361.18833565711975,0.0,44.06755447387695,0.0,0.0
361.41304326057434,0.0,43.785797119140625,0.0,0.0
361.6385750770569,0.0,43.5072135925293,0.0,0.0
361.86339139938354,0.0,43.18149185180664,0.0,0.0
362.08881759643555,0.0,42.9383430480957,0.0,0.0
362.31479716300964,0.0,42.69450759887695,0.0,0.0
362.5393137931824,0.0,42.400054931640625,0.0,0.0
362.7654354572296,0.0,42.18505096435547,0.0,0.0
362.9898009300232,0.0,41.991546630859375,0.0,0.0
363.21595454216003,0.0,41.8173942565918,0.0,0.0
363.4404170513153,0.0,41.68565368652344,0.0,0.0
363.66646790504456,0.0,41.49208450317383,0.0,0.0
363.8917362689972,0.0,41.292877197265625,0.0,0.0
364.11648654937744,0.0,41.113590240478516,0.0,0.0
364.3414394855499,0.0,40.92723083496094,0.0,0.0
364.5624759197235,0.0,40.684505462646484,0.0,0.0
364.78862404823303,0.0,40.61605453491211,0.0,0.0
365.01388692855835,0.0,40.47944641113281,0.0,0.0
365.2383677959442,0.0,40.35649871826172,0.0,0.0
365.46442198753357,0.0,40.245845794677734,0.0,0.0
365.68890357017517,0.0,40.09626007080078,0.0,0.0
365.915020942688,0.0,39.9116325378418,0.0,0.0
366.1395318508148,0.0,39.77046585083008,0.0,0.0
366.3655300140381,0.0,39.793418884277344,0.0,0.0
366.58999252319336,0.0,39.8140754699707,0.0,0.0
366.8160049915314,0.0,39.83266830444336,0.0,0.0
367.04093170166016,0.0,39.799400329589844,0.0,0.0
367.2657654285431,0.0,39.74445724487305,0.0,0.0
367.4912385940552,0.0,39.84501266479492,0.0,0.0
367.71717286109924,0.0,39.9105110168457,0.0,0.0
367.9415657520294,0.0,39.944461822509766,0.0,0.0
368.1676962375641,0.0,39.97501754760742,0.0,0.0
368.3920707702637,0.0,40.02751541137695,0.0,0.0
368.61775374412537,0.0,40.07476043701172,0.0,0.0
368.8425371646881,0.0,40.16728210449219,0.0,0.0
369.0686433315277,0.0,40.225555419921875,0.0,0.0
369.2936182022095,0.0,40.25299835205078,0.0,0.0
369.51512455940247,0.0,40.25270080566406,0.0,0.0
369.7436923980713,0.0,40.277427673339844,0.0,0.0
369.9694128036499,0.0,40.24968338012695,0.0,0.0
370.1950831413269,0.0,40.24971389770508,0.0,0.0
370.4161465167999,0.0,40.2247428894043,0.0,0.0
370.6414339542389,0.0,40.35226821899414,0.0,0.0
370.8658559322357,0.0,40.39204025268555,0.0,0.0
371.091924905777,0.0,42.30283737182617,0.0,0.0
371.3172483444214,0.0,43.82255172729492,0.0,0.0
371.5424735546112,0.0,45.140296936035156,0.0,0.0
371.7669279575348,0.0,46.22626495361328,0.0,0.0
371.99224972724915,0.0,47.17863845825195,0.0,0.0
372.2174642086029,0.0,47.91077423095703,0.0,0.0
372.4430990219116,0.0,48.569698333740234,0.0,0.0
372.6682345867157,0.0,49.03772735595703,0.0,0.0
372.8934636116028,0.0,49.483951568603516,0.0,0.0
373.1184604167938,0.0,49.760555267333984,0.0,0.0
373.34419202804565,0.0,49.984500885009766,0.0,0.0
373.56918931007385,0.0,50.161048889160156,0.0,0.0
373.7949757575989,0.0,50.294944763183594,0.0,0.0
374.0199205875397,0.0,50.340450286865234,0.0,0.0
374.2448146343231,0.0,50.281402587890625,0.0,0.0
374.4706313610077,0.0,50.20326232910156,0.0,0.0
374.6957685947418,0.0,50.1329345703125,0.0,0.0
374.9211926460266,0.0,49.96963882446289,0.0,0.0
375.146320104599,0.0,49.79767608642578,0.0,0.0
375.3678743839264,0.0,49.642906188964844,0.0,0.0
375.59284567832947,0.0,49.40361404418945,0.0,0.0
375.8184337615967,0.0,49.16325378417969,0.0,0.0
376.0477502346039,0.0,48.871925354003906,0.0,0.0
376.2689583301544,0.0,48.53472900390625,0.0,0.0
376.4934287071228,0.0,48.281253814697266,0.0,0.0
376.71959018707275,0.0,47.97813034057617,0.0,0.0
376.9448592662811,0.0,47.705318450927734,0.0,0.0
377.17014479637146,0.0,47.38478469848633,0.0,0.0
377.3952839374542,0.0,47.04630661010742,0.0,0.0
377.62069296836853,0.0,46.691673278808594,0.0,0.0
377.8449647426605,0.0,46.34750747680664,0.0,0.0
378.0712206363678,0.0,45.98775863647461,0.0,0.0
378.2954785823822,0.0,45.638980865478516,0.0,0.0
378.5213906764984,0.0,45.300079345703125,0.0,0.0
378.746839761734,0.0,44.99506759643555,0.0,0.0
378.9717698097229,0.0,44.67055892944336,0.0,0.0
379.1974973678589,0.0,44.378501892089844,0.0,0.0
379.4222948551178,0.0,44.11565017700195,0.0,0.0
379.6480042934418,0.0,43.87908172607422,0.0,0.0
379.87236309051514,0.0,43.64117431640625,0.0,0.0
380.09845542907715,0.0,43.40205764770508,0.0,0.0
380.3228483200073,0.0,43.11185073852539,0.0,0.0
380.54909586906433,0.0,42.85066223144531,0.0,0.0
380.773414850235,0.0,42.59059524536133,0.0,0.0
380.9996235370636,0.0,42.381534576416016,0.0,0.0
381.2209143638611,0.0,42.19337844848633,0.0,0.0
381.44519305229187,0.0,41.949039459228516,0.0,0.0
381.67052936553955,0.0,41.75413513183594,0.0,0.0
381.89644718170166,0.0,41.52872085571289,0.0,0.0
382.12127470970154,0.0,41.35084533691406,0.0,0.0
382.3470175266266,0.0,41.115760803222656,0.0,0.0
382.57148814201355,0.0,40.954185485839844,0.0,0.0
382.7967565059662,0.0,40.80876541137695,0.0,0.0
383.0220191478729,0.0,40.677886962890625,0.0,0.0
383.24826216697693,0.0,40.53509521484375,0.0,0.0
383.4725329875946,0.0,40.406585693359375,0.0,0.0
383.6986246109009,0.0,40.290924072265625,0.0,0.0
383.9231450557709,0.0,40.211830139160156,0.0,0.0
384.1491129398346,0.0,40.09064865112305,0.0,0.0
384.37361192703247,0.0,39.98158264160156,0.0,0.0
384.59967398643494,0.0,39.883426666259766,0.0,0.0
384.82494497299194,0.0,39.770084381103516,0.0,0.0
385.04968452453613,0.0,39.66807556152344,0.0,0.0
385.2754740715027,0.0,39.57626724243164,0.0,0.0
385.5001971721649,0.0,39.443641662597656,0.0,0.0
385.7251818180084,0.0,39.29927444458008,0.0,0.0
385.95072388648987,0.0,39.14434814453125,0.0,0.0
386.17580366134644,0.0,38.97991180419922,0.0,0.0
386.40176939964294,0.0,38.8569221496582,0.0,0.0
386.62619638442993,0.0,38.67123031616211,0.0,0.0
386.85231733322144,0.0,38.47910690307617,0.0,0.0
387.0775384902954,0.0,38.33119583129883,0.0,0.0
387.3026866912842,0.0,38.148075103759766,0.0,0.0
387.52814388275146,0.0,38.033267974853516,0.0,0.0
387.7493815422058,0.0,37.82993698120117,0.0,0.0
387.97376465797424,0.0,37.67194366455078,0.0,0.0
388.199942111969,0.0,37.50474548339844,0.0,0.0
388.42450642585754,0.0,37.32926940917969,0.0,0.0
388.6503734588623,0.0,37.17134094238281,0.0,0.0
388.87473607063293,0.0,37.00420379638672,0.0,0.0
389.1003050804138,0.0,36.8787841796875,0.0,0.0
389.32577681541443,0.0,36.6909065246582,0.0,0.0
389.5510995388031,0.0,36.4968147277832,0.0,0.0
389.77667140960693,0.0,36.3221321105957,0.0,0.0
390.0020980834961,0.0,36.13991928100586,0.0,0.0
390.22643280029297,0.0,35.925926208496094,0.0,0.0
390.4524440765381,0.0,35.70833206176758,0.0,0.0
390.6778213977814,0.0,35.562496185302734,0.0,0.0
390.90305972099304,0.0,35.406246185302734,0.0,0.0
391.1282842159271,0.0,35.21562194824219,0.0,0.0
391.3534827232361,0.0,35.04405975341797,0.0,0.0
391.57878708839417,0.0,34.91465377807617,0.0,0.0
391.8042230606079,0.0,34.798187255859375,0.0,0.0
392.02931332588196,0.0,34.69336700439453,0.0,0.0
392.25450706481934,0.0,34.599029541015625,0.0,0.0
392.4795711040497,0.0,34.46412658691406,0.0,0.0
392.7042965888977,0.0,34.31771469116211,0.0,0.0
392.930379152298,0.0,34.185943603515625,0.0,0.0
393.15480518341064,0.0,33.992347717285156,0.0,0.0
393.3765766620636,0.0,33.84311294555664,0.0,0.0
393.6020896434784,0.0,33.6588020324707,0.0,0.0
393.8273808956146,0.0,33.517921447753906,0.0,0.0
394.0527114868164,0.0,33.366127014160156,0.0,0.0
394.27787590026855,0.0,33.17951583862305,0.0,0.0
394.502854347229,0.0,33.036563873291016,0.0,0.0
394.7285125255585,0.0,32.83290481567383,0.0,0.0
394.9538223743439,0.0,32.699615478515625,0.0,0.0
395.17822647094727,0.0,32.604652404785156,0.0,0.0
395.4033315181732,0.0,32.44418716430664,0.0,0.0
395.6294777393341,0.0,32.2747688293457,0.0,0.0
395.8539021015167,0.0,32.122291564941406,0.0,0.0
396.07994651794434,0.0,31.985061645507812,0.0,0.0
396.3045394420624,0.0,31.8365535736084,0.0,0.0
396.5305337905884,0.0,31.702896118164062,0.0,0.0
396.75510358810425,0.0,31.557605743408203,0.0,0.0
396.9811210632324,0.0,31.45184326171875,0.0,0.0
397.20555901527405,0.0,31.281658172607422,0.0,0.0
397.431592464447,0.0,31.178491592407227,0.0,0.0
397.65603017807007,0.0,31.085641860961914,0.0,0.0
397.88211464881897,0.0,30.952077865600586,0.0,0.0
398.1074104309082,0.0,30.83186912536621,0.0,0.0
398.3285319805145,0.0,30.69868278503418,0.0,0.0
398.5537042617798,0.0,30.60381507873535,0.0,0.0
398.7824709415436,0.0,30.543432235717773,0.0,0.0
399.007670879364,0.0,30.439088821411133,0.0,0.0
399.22960019111633,0.0,30.370180130004883,0.0,0.0
399.4541153907776,0.0,30.333162307739258,0.0,0.0
399.68003726005554,0.0,30.274845123291016,0.0,0.0
399.904593706131,0.0,30.222360610961914,0.0,0.0
400.13000559806824,0.0,30.200124740600586,0.0,0.0
400.3551323413849,0.0,30.080110549926758,0.0,0.0
400.5812304019928,0.0,30.0221004486084,0.0,0.0
400.8058319091797,0.0,29.944889068603516,0.0,0.0
401.03169345855713,0.0,29.95039939880371,0.0,0.0
401.2561938762665,0.0,29.93035888671875,0.0,0.0
401.48152017593384,0.0,29.837322235107422,0.0,0.0
401.7067759037018,0.0,29.778589248657227,0.0,0.0
401.93275356292725,0.0,29.700729370117188,0.0,0.0
402.15806126594543,0.0,29.63065528869629,0.0,0.0
402.3834171295166,0.0,29.567588806152344,0.0,0.0
402.60848927497864,0.0,29.53582763671875,0.0,0.0
402.8339493274689,0.0,29.48224449157715,0.0,0.0
403.058313369751,0.0,29.409019470214844,0.0,0.0
403.2839045524597,0.0,29.318117141723633,0.0,0.0
403.5090250968933,0.0,29.286304473876953,0.0,0.0
403.73429226875305,0.0,29.282672882080078,0.0,0.0
403.9602675437927,0.0,29.279403686523438,0.0,0.0
404.1813597679138,0.0,29.251462936401367,0.0,0.0
404.4058403968811,0.0,29.25131607055664,0.0,0.0
404.6314630508423,0.0,28.751182556152344,0.0,0.0
404.8564262390137,0.0,28.351064682006836,0.0,0.0
405.0867187976837,0.0,28.040956497192383,0.0,0.0
405.31186056137085,0.0,27.861860275268555,0.0,0.0
405.5370194911957,0.0,27.77567481994629,0.0,0.0
405.7574784755707,0.0,27.77310562133789,0.0,0.0
405.98354506492615,0.0,27.795793533325195,0.0,0.0
406.20802068710327,0.0,27.89121437072754,0.0,0.0
406.43345975875854,0.0,28.02709197998047,0.0,0.0
406.6592855453491,0.0,28.24938201904297,0.0,0.0
406.88394236564636,0.0,28.524442672729492,0.0,0.0
407.10987091064453,0.0,28.7969970703125,0.0,0.0
407.3342213630676,0.0,29.217296600341797,0.0,0.0
407.5604057312012,0.0,29.645566940307617,0.0,0.0
407.7847204208374,0.0,30.006010055541992,0.0,0.0
408.01013255119324,0.0,30.380409240722656,0.0,0.0
408.23611545562744,0.0,30.867366790771484,0.0,0.0
408.46148920059204,0.0,31.330629348754883,0.0,0.0
408.6867697238922,0.0,31.722564697265625,0.0,0.0
408.91123056411743,0.0,32.125308990478516,0.0,0.0
409.13642716407776,0.0,32.43777847290039,0.0,0.0
409.36179423332214,0.0,32.71900177001953,0.0,0.0
409.5870032310486,0.0,32.972103118896484,0.0,0.0
409.8130760192871,0.0,33.24989318847656,0.0,0.0
410.03739309310913,0.0,33.47490310668945,0.0,0.0
410.2634963989258,0.0,33.752410888671875,0.0,0.0
410.4879584312439,0.0,33.977169036865234,0.0,0.0
410.7100658416748,0.0,34.20445251464844,0.0,0.0
410.93531012535095,0.0,34.53400421142578,0.0,0.0
411.163875579834,0.0,34.8556022644043,0.0,0.0
411.38897466659546,0.0,35.170040130615234,0.0,0.0
411.6110396385193,0.0,35.37803649902344,0.0,0.0
411.8364703655243,0.0,35.615234375,0.0,0.0
412.0610001087189,0.0,35.828712463378906,0.0,0.0
412.2868916988373,0.0,36.020843505859375,0.0,0.0
412.51204347610474,0.0,36.21875762939453,0.0,0.0
412.73705530166626,0.0,36.47188186645508,0.0,0.0
412.96278190612793,0.0,36.54969024658203,0.0,0.0
413.18702697753906,0.0,36.69472122192383,0.0,0.0
413.4131820201874,0.0,36.875247955322266,0.0,0.0
413.6376314163208,0.0,36.937721252441406,0.0,0.0
413.8628797531128,0.0,36.99394989013672,0.0,0.0
414.0881175994873,0.0,37.0445556640625,0.0,0.0
414.3143219947815,0.0,37.0900993347168,0.0,0.0
414.5386116504669,0.0,37.10608673095703,0.0,0.0
414.76478910446167,0.0,37.07047653198242,0.0,0.0
414.98913383483887,0.0,37.08842468261719,0.0,0.0
415.2144205570221,0.0,37.02958297729492,0.0,0.0
415.43973445892334,0.0,37.17662048339844,0.0,0.0
415.66578459739685,0.0,37.38395690917969,0.0,0.0
415.8910298347473,0.0,37.59556198120117,0.0,0.0
416.116366147995,0.0,37.73600769042969,0.0,0.0
416.3414182662964,0.0,37.91240692138672,0.0,0.0
416.562753200531,0.0,38.0711669921875,0.0,0.0
416.78727197647095,0.0,38.1640510559082,0.0,0.0
417.0130822658539,0.0,38.27264404296875,0.0,0.0
417.2377698421478,0.0,38.320377349853516,0.0,0.0
417.46392583847046,0.0,38.41333770751953,0.0,0.0
417.6882047653198,0.0,38.57200241088867,0.0,0.0
417.91434240341187,0.0,38.639801025390625,0.0,0.0
418.1387803554535,0.0,38.62582015991211,0.0,0.0
418.36408281326294,0.0,38.663238525390625,0.0,0.0
418.5901041030884,0.0,38.64691162109375,0.0,0.0
418.8154499530792,0.0,38.60721969604492,0.0,0.0
419.0405285358429,0.0,38.57149887084961,0.0,0.0
419.2655026912689,0.0,38.56434631347656,0.0,0.0
419.49051547050476,0.0,38.53291320800781,0.0,0.0
419.71610832214355,0.0,38.554622650146484,0.0,0.0
419.941442489624,0.0,38.4991569519043,0.0,0.0
420.166969537735,0.0,38.42424011230469,0.0,0.0
420.39222860336304,0.0,38.33181381225586,0.0,0.0
420.61756134033203,0.0,38.223628997802734,0.0,0.0
420.8419334888458,0.0,38.15126419067383,0.0,0.0
421.0681791305542,0.0,38.061134338378906,0.0,0.0
421.29326939582825,0.0,37.955020904541016,0.0,0.0
421.51857018470764,0.0,37.884517669677734,0.0,0.0
421.74302649497986,0.0,37.87106704711914,0.0,0.0
421.96836400032043,0.0,37.783958435058594,0.0,0.0
422.1895751953125,0.0,37.75556182861328,0.0,0.0
422.4148015975952,0.0,37.78000259399414,0.0,0.0
422.64002537727356,0.0,37.87700271606445,0.0,0.0
422.8654160499573,0.0,37.88930130004883,0.0,0.0
423.0904722213745,0.0,37.95036697387695,0.0,0.0
423.31666374206543,0.0,37.98033142089844,0.0,0.0
423.541122674942,0.0,37.982295989990234,0.0,0.0
423.7672584056854,0.0,38.084068298339844,0.0,0.0
423.9915268421173,0.0,38.050662994384766,0.0,0.0
424.21764373779297,0.0,37.9955940246582,0.0,0.0
424.44303131103516,0.0,38.0710334777832,0.0,0.0
424.66814279556274,0.0,38.1389274597168,0.0,0.0
424.8934271335602,0.0,38.12503433227539,0.0,0.0
425.1186990737915,0.0,38.03752899169922,0.0,0.0
425.3439590930939,0.0,38.0087776184082,0.0,0.0
425.568480014801,0.0,37.9578971862793,0.0,0.0
425.7945272922516,0.0,37.912105560302734,0.0,0.0
426.020001411438,0.0,37.87089538574219,0.0,0.0
426.24501490592957,0.0,37.80880355834961,0.0,0.0
426.4699640274048,0.0,37.70292282104492,0.0,0.0
426.6956582069397,0.0,37.65762710571289,0.0,0.0
426.9202342033386,0.0,37.666866302490234,0.0,0.0
427.14610624313354,0.0,37.85017776489258,0.0,0.0
427.370557308197,0.0,37.96516036987305,0.0,0.0
427.5965750217438,0.0,38.01864242553711,0.0,0.0
427.82108330726624,0.0,38.066776275634766,0.0,0.0
428.0462894439697,0.0,38.285099029541016,0.0,0.0
428.2717740535736,0.0,38.481590270996094,0.0,0.0
428.49713468551636,0.0,38.53343200683594,0.0,0.0
428.71885800361633,0.0,38.505088806152344,0.0,0.0
428.9440927505493,0.0,38.404579162597656,0.0,0.0
429.1695261001587,0.0,38.3391227722168,0.0,0.0
429.39467430114746,0.0,38.28021240234375,0.0,0.0
429.619544506073,0.0,38.32719039916992,0.0,0.0
429.84472274780273,0.0,38.369468688964844,0.0,0.0
430.0699100494385,0.0,38.33251953125,0.0,0.0
430.29571437835693,0.0,38.274269104003906,0.0,0.0
430.52015471458435,0.0,38.29684066772461,0.0,0.0
430.74623107910156,0.0,38.31715393066406,0.0,0.0
430.9707188606262,0.0,38.510440826416016,0.0,0.0
431.1967513561249,0.0,38.68439865112305,0.0,0.0
431.4213056564331,0.0,38.8659553527832,0.0,0.0
431.64728236198425,0.0,39.00436019897461,0.0,0.0
431.87184286117554,0.0,39.12892532348633,0.0,0.0
432.09739899635315,0.0,39.0660285949707,0.0,0.0
432.3222584724426,0.0,38.95942306518555,0.0,0.0
432.54837703704834,0.0,38.83848190307617,0.0,0.0
432.7728040218353,0.0,38.679630279541016,0.0,0.0
432.9988613128662,0.0,38.66166305541992,0.0,0.0
433.2234148979187,0.0,38.59549331665039,0.0,0.0
433.44952726364136,0.0,38.460941314697266,0.0,0.0
433.6699221134186,0.0,38.28984451293945,0.0,0.0
433.899222612381,0.0,38.285858154296875,0.0,0.0
434.1245918273926,0.0,38.23227310180664,0.0,0.0
434.35054874420166,0.0,38.1590461730957,0.0,0.0
434.5708038806915,0.0,38.01813888549805,0.0,0.0
434.7966663837433,0.0,37.84132385253906,0.0,0.0
435.021356344223,0.0,37.7321891784668,0.0,0.0
435.2469415664673,0.0,37.58396911621094,0.0,0.0
435.4718897342682,0.0,37.4755744934082,0.0,0.0
435.69735193252563,0.0,37.428016662597656,0.0,0.0
435.9232828617096,0.0,37.31021499633789,0.0,0.0
436.14851093292236,0.0,37.30419158935547,0.0,0.0
436.37310314178467,0.0,37.273773193359375,0.0,0.0
436.5990056991577,0.0,37.32139587402344,0.0,0.0
436.82413244247437,0.0,37.18925476074219,0.0,0.0
437.0496037006378,0.0,37.145328521728516,0.0,0.0
437.27408838272095,0.0,37.08079528808594,0.0,0.0
437.5000729560852,0.0,36.972713470458984,0.0,0.0
437.72461462020874,0.0,36.850440979003906,0.0,0.0
437.95058488845825,0.0,36.76539611816406,0.0,0.0
438.1758840084076,0.0,36.6888542175293,0.0,0.0
438.4011504650116,0.0,36.69496536254883,0.0,0.0
438.625883102417,0.0,36.67546844482422,0.0,0.0
438.851185798645,0.0,36.657920837402344,0.0,0.0
439.07617926597595,0.0,36.6671257019043,0.0,0.0
439.3022937774658,0.0,36.650413513183594,0.0,0.0
439.5227282047272,0.0,36.61037063598633,0.0,0.0
439.7488031387329,0.0,36.624332427978516,0.0,0.0
439.97347688674927,0.0,36.636898040771484,0.0,0.0
440.20258831977844,0.0,36.6732063293457,0.0,0.0
440.42404532432556,0.0,36.88088607788086,0.0,0.0
440.6491537094116,0.0,37.092796325683594,0.0,0.0
440.87506771087646,0.0,37.33351516723633,0.0,0.0
441.10007786750793,0.0,37.475162506103516,0.0,0.0
441.3248760700226,0.0,37.627647399902344,0.0,0.0
441.54991459846497,0.0,37.689884185791016,0.0,0.0
441.7752571105957,0.0,37.795894622802734,0.0,0.0
442.0013105869293,0.0,37.81630325317383,0.0,0.0
442.22645020484924,0.0,37.83467102050781,0.0,0.0
442.45135951042175,0.0,37.85120391845703,0.0,0.0
442.6771297454834,0.0,37.891082763671875,0.0,0.0
442.90252208709717,0.0,37.92697525024414,0.0,0.0
443.1268093585968,0.0,37.93427658081055,0.0,0.0
443.3527798652649,0.0,37.91584777832031,0.0,0.0
443.57729387283325,0.0,37.89926528930664,0.0,0.0
443.80277371406555,0.0,37.859336853027344,0.0,0.0
444.028666973114,0.0,37.84840393066406,0.0,0.0
444.2531306743622,0.0,37.838565826416016,0.0,0.0
444.47927594184875,0.0,37.80470657348633,0.0,0.0
444.7036380767822,0.0,37.87423324584961,0.0,0.0
444.9294729232788,0.0,38.01180648803711,0.0,0.0
445.15414571762085,0.0,38.110626220703125,0.0,0.0
445.37610936164856,0.0,38.22456359863281,0.0,0.0
445.6014358997345,0.0,38.27710723876953,0.0,0.0
445.82683205604553,0.0,38.29939270019531,0.0,0.0
446.0517632961273,0.0,38.31945037841797,0.0,0.0
446.27722120285034,0.0,38.312503814697266,0.0,0.0
446.50213074684143,0.0,38.33124923706055,0.0,0.0
446.72795581817627,0.0,38.348121643066406,0.0,0.0
446.95257449150085,0.0,38.33831024169922,0.0,0.0
447.178325176239,0.0,38.3294792175293,0.0,0.0
447.4031140804291,0.0,38.29652786254883,0.0,0.0
447.62875270843506,0.0,38.24187469482422,0.0,0.0
447.8532512187958,0.0,38.21768569946289,0.0,0.0
448.07938385009766,0.0,38.220916748046875,0.0,0.0
448.3039345741272,0.0,38.22382354736328,0.0,0.0
448.5299799442291,0.0,38.2264404296875,0.0,0.0
448.75442361831665,0.0,38.17879867553711,0.0,0.0
448.98054456710815,0.0,38.23591613769531,0.0,0.0
449.20492219924927,0.0,38.21232223510742,0.0,0.0
449.43009090423584,0.0,38.19108963012695,0.0,0.0
449.65622544288635,0.0,39.44697952270508,0.0,0.0
449.88094091415405,0.0,40.52728271484375,0.0,0.0
450.1058928966522,0.0,41.44955062866211,0.0,0.0
450.33214378356934,0.0,42.25459671020508,0.0,0.0
450.5564742088318,0.0,42.95413589477539,0.0,0.0
450.78169679641724,0.0,43.533721923828125,0.0,0.0
451.00717186927795,0.0,43.95534896850586,0.0,0.0
451.23232221603394,0.0,44.284812927246094,0.0,0.0
451.4584376811981,0.0,44.556331634521484,0.0,0.0
451.6836109161377,0.0,44.7256965637207,0.0,0.0
451.90395736694336,0.0,44.803123474121094,0.0,0.0
452.12926864624023,0.0,44.84781265258789,0.0,0.0
452.3547155857086,0.0,44.83802795410156,0.0,0.0
452.5797715187073,0.0,44.77922439575195,0.0,0.0
452.805016040802,0.0,44.676300048828125,0.0,0.0
453.03112745285034,0.0,44.30866622924805,0.0,0.0
453.2555048465729,0.0,43.927799224853516,0.0,0.0
453.4811942577362,0.0,43.53501892089844,0.0,0.0
453.7063994407654,0.0,43.20651626586914,0.0,0.0
453.93222284317017,0.0,42.860862731933594,0.0,0.0
454.1565911769867,0.0,42.49977493286133,0.0,0.0
454.3826858997345,0.0,42.14979934692383,0.0,0.0
454.6079750061035,0.0,41.75981903076172,0.0,0.0
454.83326959609985,0.0,41.38383483886719,0.0,0.0
455.05776381492615,0.0,40.9704475402832,0.0,0.0
455.28331661224365,0.0,40.64840316772461,0.0,0.0
455.50828218460083,0.0,40.35856246948242,0.0,0.0
455.7335162162781,0.0,40.022705078125,0.0,0.0
455.95866346359253,0.0,39.6954345703125,0.0,0.0
456.18449878692627,0.0,39.35089111328125,0.0,0.0
456.4097707271576,0.0,39.06580352783203,0.0,0.0
456.63492131233215,0.0,38.759220123291016,0.0,0.0
456.86028242111206,0.0,38.383296966552734,0.0,0.0
457.0856788158417,0.0,38.04496765136719,0.0,0.0
457.31035137176514,0.0,37.74047088623047,0.0,0.0
457.53194999694824,0.0,37.41642379760742,0.0,0.0
457.7569770812988,0.0,37.1497802734375,0.0,0.0
457.9822607040405,0.0,36.884803771972656,0.0,0.0
458.20755434036255,0.0,36.62132263183594,0.0,0.0
458.43266439437866,0.0,36.38418960571289,0.0,0.0
458.658082485199,0.0,36.12076950073242,0.0,0.0
458.88306999206543,0.0,35.883689880371094,0.0,0.0
459.10927510261536,0.0,35.62031936645508,0.0,0.0
459.3337996006012,0.0,35.38328552246094,0.0,0.0
459.5590214729309,0.0,35.16995620727539,0.0,0.0
459.78485584259033,0.0,34.97795867919922,0.0,0.0
460.00984954833984,0.0,34.80516052246094,0.0,0.0
460.2351896762848,0.0,34.6246452331543,0.0,0.0
460.46010279655457,0.0,34.462181091308594,0.0,0.0
460.6857044696808,0.0,34.265960693359375,0.0,0.0
460.91063618659973,0.0,34.064361572265625,0.0,0.0
461.13581585884094,0.0,33.832923889160156,0.0,0.0
461.36168003082275,0.0,33.64963150024414,0.0,0.0
461.58626222610474,0.0,33.48466873168945,0.0,0.0
461.81164360046387,0.0,33.28620147705078,0.0,0.0
462.03678798675537,0.0,33.1325798034668,0.0,0.0
462.26232862472534,0.0,32.969322204589844,0.0,0.0
462.4840896129608,0.0,32.822391510009766,0.0,0.0
462.7085065841675,0.0,32.615150451660156,0.0,0.0
462.93791604042053,0.0,32.45363235473633,0.0,0.0
463.1635196208954,0.0,32.30826950073242,0.0,0.0
463.38430857658386,0.0,32.152442932128906,0.0,0.0
463.6103506088257,0.0,31.96219825744629,0.0,0.0
463.8363013267517,0.0,31.840978622436523,0.0,0.0
464.0609464645386,0.0,31.73188018798828,0.0,0.0
464.2857439517975,0.0,31.60869026184082,0.0,0.0
464.5111267566681,0.0,31.5228214263916,0.0,0.0
464.73585748672485,0.0,31.4205379486084,0.0,0.0
