Time(s),Setpoint (C),Temperature (C),TotalOutput (%),PIDOutput (%)
0.9558043479919434,0.0,21.163,0.0,-3.2280092239379883
0.9929454326629639,0.0,21.171,0.0,-3.2190356254577637
1.0246031284332275,0.0,21.178,0.0,-3.2154901027679443
1.0578749179840088,0.0,21.18,0.0,-3.2124557495117188
1.0911495685577393,0.0,21.195,0.0,-3.2064952850341797
1.1232507228851318,0.0,21.204,0.0,-3.2044677734375
1.1466400623321533,0.0,21.194,0.0,-3.2028818130493164
1.1741423606872559,0.0,21.179,0.0,-3.200874090194702
1.2048633098602295,0.0,21.196,0.0,-3.1983630657196045
1.238590955734253,0.0,21.204,0.0,-3.195854663848877
1.268277883529663,0.0,21.211,0.0,-3.1947240829467773
1.2971956729888916,0.0,21.23,0.0,-3.1939215660095215
1.338505506515503,0.0,21.213,0.0,-3.192976474761963
1.3719449043273926,0.0,21.205,0.0,-3.192387580871582
1.3980236053466797,0.0,21.181,0.0,-3.191145896911621
1.4390857219696045,0.0,21.189,0.0,-3.187615156173706
1.488389492034912,0.0,21.183,0.0,-3.1849939823150635
1.519634485244751,0.0,21.179,0.0,-3.183779001235962
1.5474796295166016,0.0,21.17,0.0,-3.1823878288269043
1.5893874168395996,0.0,21.203,0.0,-3.182346820831299
1.6194260120391846,0.0,21.195,0.0,-3.182158946990967
1.6440768241882324,0.0,21.179,0.0,-3.1812937259674072
1.6890079975128174,0.0,21.157,0.0,-3.1786818504333496
1.7392988204956055,0.0,21.176,0.0,-3.1773970127105713
1.781888484954834,0.0,21.169,0.0,-3.1772561073303223
1.8170409202575684,0.0,21.178,0.0,-3.177027463912964
1.8586540222167969,0.0,21.168,0.0,-3.1767609119415283
1.8929810523986816,0.0,21.177,0.0,-3.1762828826904297
1.9234669208526611,0.0,21.186,0.0,-3.1764512062072754
1.9552600383758545,0.0,21.186,0.0,-3.176952600479126
1.9888005256652832,0.0,21.153,0.0,-3.1767354011535645
2.027979850769043,0.0,21.145,0.0,-3.1757616996765137
2.0600268840789795,0.0,21.148,0.0,-3.174668550491333
2.093376874923706,0.0,21.161,0.0,-3.173774242401123
2.123595952987671,0.0,21.157,0.0,-3.173811674118042
2.1563408374786377,0.0,21.178,0.0,-3.173677444458008
2.1890053749084473,0.0,21.199,0.0,-3.1759510040283203
2.2198095321655273,0.0,21.194,0.0,-3.176892042160034
2.250645399093628,0.0,21.207,0.0,-3.178705930709839
2.2820630073547363,0.0,21.21,0.0,-3.179551601409912
2.3153445720672607,0.0,21.212,0.0,-3.1809749603271484
2.355696201324463,0.0,21.21,0.0,-3.1810455322265625
2.3818981647491455,0.0,21.201,0.0,-3.181417465209961
2.4146623611450195,0.0,21.217,0.0,-3.181879997253418
2.4481217861175537,0.0,21.21,0.0,-3.1820106506347656
2.473388433456421,0.0,21.208,0.0,-3.1820945739746094
2.5109431743621826,0.0,21.19,0.0,-3.1820592880249023
2.5423004627227783,0.0,21.18,0.0,-3.180546283721924
2.5754575729370117,0.0,21.171,0.0,-3.1796491146087646
2.6080663204193115,0.0,21.168,0.0,-3.178572177886963
2.6401548385620117,0.0,21.163,0.0,-3.176663398742676
2.671630620956421,0.0,21.163,0.0,-3.1757259368896484
2.689286708831787,0.0,21.163,0.0,-3.175220251083374
2.731642007827759,0.0,21.204,0.0,-3.1755125522613525
2.76343035697937,0.0,21.199,0.0,-3.1775927543640137
2.7954554557800293,0.0,21.226,0.0,-3.179342746734619
2.828073501586914,0.0,21.237,0.0,-3.1814918518066406
2.8596317768096924,0.0,21.249,0.0,-3.1828083992004395
2.906966209411621,0.0,21.219,0.0,-3.184452533721924
2.9424357414245605,0.0,21.212,0.0,-3.183842897415161
2.974472999572754,0.0,21.212,0.0,-3.183483123779297
3.0065300464630127,0.0,21.192,0.0,-3.1827704906463623
3.0385234355926514,0.0,21.208,0.0,-3.1816930770874023
3.069964647293091,0.0,21.216,0.0,-3.181950807571411
3.1019978523254395,0.0,21.218,0.0,-3.182145118713379
3.1392362117767334,0.0,21.196,0.0,-3.181621789932251
3.166626453399658,0.0,21.2,0.0,-3.1810355186462402
3.1885080337524414,0.0,21.203,0.0,-3.18074893951416
3.223895788192749,0.0,21.211,0.0,-3.1806535720825195
3.250563859939575,0.0,21.224,0.0,-3.1809167861938477
3.2989301681518555,0.0,21.216,0.0,-3.181867837905884
3.32993745803833,0.0,21.205,0.0,-3.1820621490478516
3.3658559322357178,0.0,21.197,0.0,-3.181163787841797
3.393787145614624,0.0,21.191,0.0,-3.180459976196289
3.4248287677764893,0.0,21.168,0.0,-3.179455041885376
3.4559879302978516,0.0,21.179,0.0,-3.178178310394287
3.4912919998168945,0.0,21.18,0.0,-3.1773152351379395
3.523211717605591,0.0,21.188,0.0,-3.1773953437805176
3.555520534515381,0.0,21.183,0.0,-3.1776373386383057
3.59128475189209,0.0,21.173,0.0,-3.1769065856933594
3.619166612625122,0.0,21.169,0.0,-3.176323413848877
3.651170253753662,0.0,21.172,0.0,-3.1758840084075928
3.682934284210205,0.0,21.158,0.0,-3.17568302154541
3.7074317932128906,0.0,21.168,0.0,-3.174952507019043
3.7416205406188965,0.0,21.175,0.0,-3.174146890640259
3.7815418243408203,0.0,21.173,0.0,-3.1745219230651855
3.815722942352295,0.0,21.16,0.0,-3.174379348754883
3.8455846309661865,0.0,21.181,0.0,-3.17541241645813
3.877528429031372,0.0,21.185,0.0,-3.1758010387420654
3.9088127613067627,0.0,21.195,0.0,-3.1762757301330566
3.948091745376587,0.0,21.171,0.0,-3.1771345138549805
3.9743409156799316,0.0,21.193,0.0,-3.176724672317505
4.007184267044067,0.0,21.196,0.0,-3.1773319244384766
4.047640562057495,0.0,21.199,0.0,-3.178511619567871
4.0791521072387695,0.0,21.193,0.0,-3.1791272163391113
4.111263275146484,0.0,21.201,0.0,-3.1791768074035645
4.158848524093628,0.0,21.209,0.0,-3.1795265674591064
4.201130390167236,0.0,21.209,0.0,-3.180598258972168
4.232738733291626,0.0,21.224,0.0,-3.181366443634033
4.257582902908325,0.0,21.224,0.0,-3.182159185409546
4.29638671875,0.0,21.221,0.0,-3.183133125305176
4.347219228744507,0.0,21.205,0.0,-3.183804988861084
4.3778345584869385,0.0,21.195,0.0,-3.183170795440674
4.409433126449585,0.0,21.209,0.0,-3.1822457313537598
4.443933725357056,0.0,21.229,0.0,-3.181363344192505
4.483194828033447,0.0,21.234,0.0,-3.1822516918182373
4.510669469833374,0.0,21.228,0.0,-3.183143138885498
4.5495522022247314,0.0,21.23,0.0,-3.184481620788574
4.580135107040405,0.0,21.233,0.0,-3.184668779373169
4.6125876903533936,0.0,21.226,0.0,-3.1849262714385986
4.643307447433472,0.0,21.238,0.0,-3.18522572517395
4.676549196243286,0.0,21.236,0.0,-3.1854867935180664
4.709035873413086,0.0,21.238,0.0,-3.185634136199951
4.742448091506958,0.0,21.221,0.0,-3.185236692428589
4.773223400115967,0.0,21.253,0.0,-3.186119318008423
4.805786609649658,0.0,21.232,0.0,-3.186917543411255
4.839950323104858,0.0,21.242,0.0,-3.1866092681884766
4.868263244628906,0.0,21.213,0.0,-3.1854536533355713
4.8936450481414795,0.0,21.204,0.0,-3.184173583984375
4.924361228942871,0.0,21.248,0.0,-3.1850249767303467
4.956119537353516,0.0,21.253,0.0,-3.1856815814971924
4.988052845001221,0.0,21.233,0.0,-3.186394691467285
5.020171880722046,0.0,21.23,0.0,-3.1863174438476562
5.051095962524414,0.0,21.227,0.0,-3.1858975887298584
5.091277599334717,0.0,21.242,0.0,-3.1857151985168457
5.123289346694946,0.0,21.244,0.0,-3.1863019466400146
5.155122756958008,0.0,21.24,0.0,-3.186457395553589
5.1924357414245605,0.0,21.236,0.0,-3.186189889907837
5.219772577285767,0.0,21.222,0.0,-3.185431480407715
5.251546621322632,0.0,21.239,0.0,-3.1851370334625244
5.283766746520996,0.0,21.224,0.0,-3.1853294372558594
5.3158793449401855,0.0,21.225,0.0,-3.184519052505493
5.348060131072998,0.0,21.22,0.0,-3.184056520462036
5.392396926879883,0.0,21.19,0.0,-3.181720018386841
5.420197248458862,0.0,21.171,0.0,-3.179853677749634
5.441202878952026,0.0,21.175,0.0,-3.1785941123962402
5.477032899856567,0.0,21.187,0.0,-3.1781442165374756
5.510468244552612,0.0,21.21,0.0,-3.177818536758423
5.541942596435547,0.0,21.222,0.0,-3.179143190383911
5.573867321014404,0.0,21.229,0.0,-3.1801183223724365
5.6018993854522705,0.0,21.228,0.0,-3.181178092956543
5.642322063446045,0.0,21.198,0.0,-3.182110071182251
5.674020051956177,0.0,21.185,0.0,-3.181427001953125
5.706991910934448,0.0,21.186,0.0,-3.1803548336029053
5.738816022872925,0.0,21.18,0.0,-3.179572582244873
5.7718729972839355,0.0,21.174,0.0,-3.177826404571533
5.802252292633057,0.0,21.204,0.0,-3.177985668182373
5.835046291351318,0.0,21.211,0.0,-3.1785426139831543
5.867026329040527,0.0,21.194,0.0,-3.1791422367095947
5.898674964904785,0.0,21.178,0.0,-3.1783711910247803
5.93061900138855,0.0,21.182,0.0,-3.1774888038635254
5.96167778968811,0.0,21.209,0.0,-3.177278518676758
5.994860649108887,0.0,21.216,0.0,-3.1793253421783447
6.026124000549316,0.0,21.202,0.0,-3.1795647144317627
6.058906555175781,0.0,21.198,0.0,-3.179583787918091
6.092308759689331,0.0,21.199,0.0,-3.179109573364258
6.117835998535156,0.0,21.207,0.0,-3.1792783737182617
6.151273965835571,0.0,21.199,0.0,-3.1797471046447754
6.182147264480591,0.0,21.208,0.0,-3.179774761199951
6.215777397155762,0.0,21.203,0.0,-3.1802725791931152
6.2471301555633545,0.0,21.202,0.0,-3.1800527572631836
6.2796125411987305,0.0,21.191,0.0,-3.180133581161499
6.312127113342285,0.0,21.201,0.0,-3.1797330379486084
6.343157768249512,0.0,21.21,0.0,-3.1803064346313477
6.37593936920166,0.0,21.206,0.0,-3.1804959774017334
6.407767295837402,0.0,21.204,0.0,-3.1804304122924805
6.440026521682739,0.0,21.193,0.0,-3.1805036067962646
6.471368074417114,0.0,21.193,0.0,-3.1797800064086914
6.503511428833008,0.0,21.214,0.0,-3.180417537689209
6.535191297531128,0.0,21.223,0.0,-3.1806583404541016
6.567196607589722,0.0,21.237,0.0,-3.182685136795044
6.59920072555542,0.0,21.241,0.0,-3.1836154460906982
6.626374244689941,0.0,21.23,0.0,-3.1844921112060547
6.661224126815796,0.0,21.213,0.0,-3.184694528579712
6.69329047203064,0.0,21.202,0.0,-3.1832470893859863
6.725317001342773,0.0,21.204,0.0,-3.18251895904541
6.757754564285278,0.0,21.217,0.0,-3.1820342540740967
6.79285740852356,0.0,21.236,0.0,-3.183128595352173
6.825972080230713,0.0,21.256,0.0,-3.183588743209839
6.861369848251343,0.0,21.237,0.0,-3.185030221939087
6.8924431800842285,0.0,21.232,0.0,-3.1853530406951904
6.92472243309021,0.0,21.226,0.0,-3.185101270675659
6.957063674926758,0.0,21.198,0.0,-3.1838042736053467
6.994264841079712,0.0,21.197,0.0,-3.1818201541900635
7.020707607269287,0.0,21.2,0.0,-3.181260108947754
7.053276777267456,0.0,21.192,0.0,-3.1804957389831543
7.084991693496704,0.0,21.209,0.0,-3.1809613704681396
7.117556810379028,0.0,21.198,0.0,-3.1805598735809326
7.14991307258606,0.0,21.214,0.0,-3.180903196334839
7.194541931152344,0.0,21.2,0.0,-3.1803464889526367
7.22503399848938,0.0,21.236,0.0,-3.1801669597625732
7.256875991821289,0.0,21.243,0.0,-3.1815459728240967
7.292074680328369,0.0,21.245,0.0,-3.184046983718872
7.321485280990601,0.0,21.2,0.0,-3.1831557750701904
7.3528947830200195,0.0,21.186,0.0,-3.1823341846466064
7.38532829284668,0.0,21.195,0.0,-3.181107997894287
7.420166730880737,0.0,21.209,0.0,-3.1806910037994385
7.447324991226196,0.0,21.22,0.0,-3.1810660362243652
7.478605508804321,0.0,21.227,0.0,-3.1815695762634277
7.509526252746582,0.0,21.224,0.0,-3.1822547912597656
7.531796216964722,0.0,21.221,0.0,-3.1826579570770264
7.563971519470215,0.0,21.224,0.0,-3.1828410625457764
7.595996379852295,0.0,21.217,0.0,-3.183011293411255
7.628615856170654,0.0,21.21,0.0,-3.1824724674224854
7.659674167633057,0.0,21.211,0.0,-3.182220935821533
7.69421911239624,0.0,21.206,0.0,-3.1817386150360107
7.723371982574463,0.0,21.22,0.0,-3.182072877883911
7.755544185638428,0.0,21.23,0.0,-3.182248115539551
7.787520170211792,0.0,21.239,0.0,-3.182887315750122
7.818914175033569,0.0,21.234,0.0,-3.1842164993286133
7.8503501415252686,0.0,21.227,0.0,-3.1842703819274902
7.882113218307495,0.0,21.211,0.0,-3.1836328506469727
7.907388925552368,0.0,21.194,0.0,-3.182420253753662
7.9440083503723145,0.0,21.199,0.0,-3.1809990406036377
7.969780921936035,0.0,21.215,0.0,-3.1812710762023926
8.009183645248413,0.0,21.206,0.0,-3.1814866065979004
8.034317970275879,0.0,21.218,0.0,-3.181279182434082
8.07660984992981,0.0,21.21,0.0,-3.1810576915740967
8.109692573547363,0.0,21.207,0.0,-3.1811251640319824
8.145239114761353,0.0,21.198,0.0,-3.18062686920166
8.175142288208008,0.0,21.216,0.0,-3.1807198524475098
8.206642389297485,0.0,21.227,0.0,-3.1811323165893555
8.246073961257935,0.0,21.235,0.0,-3.182356119155884
8.279720067977905,0.0,21.234,0.0,-3.1831984519958496
8.313246250152588,0.0,21.233,0.0,-3.1838040351867676
8.344933271408081,0.0,21.229,0.0,-3.184372901916504
8.376307964324951,0.0,21.206,0.0,-3.183807611465454
8.408971548080444,0.0,21.203,0.0,-3.1830694675445557
8.44326138496399,0.0,21.206,0.0,-3.1819517612457275
8.472660779953003,0.0,21.206,0.0,-3.1816306114196777
8.504396677017212,0.0,21.219,0.0,-3.181678533554077
8.536173343658447,0.0,21.231,0.0,-3.1819705963134766
8.5708589553833,0.0,21.229,0.0,-3.1831843852996826
8.608484029769897,0.0,21.218,0.0,-3.183344602584839
8.644163846969604,0.0,21.208,0.0,-3.1826882362365723
8.668597936630249,0.0,21.215,0.0,-3.18257474899292
8.725814819335938,0.0,21.208,0.0,-3.182091474533081
8.751537084579468,0.0,21.216,0.0,-3.1821556091308594
8.785783290863037,0.0,21.227,0.0,-3.182206869125366
8.823143720626831,0.0,21.252,0.0,-3.1848201751708984
8.854905605316162,0.0,21.247,0.0,-3.1857755184173584
8.888468742370605,0.0,21.245,0.0,-3.1862940788269043
8.919157028198242,0.0,21.224,0.0,-3.1858129501342773
8.958409786224365,0.0,21.229,0.0,-3.1853199005126953
8.99205732345581,0.0,21.235,0.0,-3.1852476596832275
9.01695990562439,0.0,21.246,0.0,-3.185786724090576
9.04838252067566,0.0,21.258,0.0,-3.1868271827697754
9.08022165298462,0.0,21.251,0.0,-3.1874969005584717
9.112144708633423,0.0,21.262,0.0,-3.187709093093872
9.14246678352356,0.0,21.249,0.0,-3.1883227825164795
9.174944877624512,0.0,21.261,0.0,-3.18853759765625
9.209705591201782,0.0,21.27,0.0,-3.188882350921631
9.234087467193604,0.0,21.276,0.0,-3.18951416015625
9.275025844573975,0.0,21.275,0.0,-3.1907448768615723
9.309818506240845,0.0,21.295,0.0,-3.191957950592041
9.336358308792114,0.0,21.298,0.0,-3.1928772926330566
9.374162197113037,0.0,21.318,0.0,-3.1951398849487305
9.403900384902954,0.0,21.305,0.0,-3.1956870555877686
9.43870234489441,0.0,21.29,0.0,-3.195704460144043
9.479817152023315,0.0,21.275,0.0,-3.1945788860321045
9.51078462600708,0.0,21.253,0.0,-3.1938090324401855
9.544620037078857,0.0,21.253,0.0,-3.1912245750427246
9.575851678848267,0.0,21.232,0.0,-3.1894614696502686
9.60889744758606,0.0,21.233,0.0,-3.188140869140625
9.635341882705688,0.0,21.237,0.0,-3.1871261596679688
9.659071207046509,0.0,21.264,0.0,-3.1865198612213135
9.690842390060425,0.0,21.267,0.0,-3.1871981620788574
9.723836898803711,0.0,21.27,0.0,-3.1883392333984375
9.749876976013184,0.0,21.267,0.0,-3.188883066177368
9.783282041549683,0.0,21.266,0.0,-3.189180850982666
9.825932741165161,0.0,21.234,0.0,-3.1887619495391846
9.85786771774292,0.0,21.215,0.0,-3.187704563140869
9.882441520690918,0.0,21.218,0.0,-3.186093330383301
9.918845176696777,0.0,21.244,0.0,-3.1852288246154785
9.952077865600586,0.0,21.248,0.0,-3.1856017112731934
9.984514474868774,0.0,21.271,0.0,-3.18636417388916
10.020811080932617,0.0,21.241,0.0,-3.1870646476745605
10.048425674438477,0.0,21.243,0.0,-3.1868410110473633
10.079787015914917,0.0,21.231,0.0,-3.1861681938171387
10.110968351364136,0.0,21.226,0.0,-3.184939384460449
10.151265382766724,0.0,21.213,0.0,-3.183628797531128
10.196367025375366,0.0,21.218,0.0,-3.1826796531677246
10.2335364818573,0.0,21.206,0.0,-3.181969404220581
10.258998394012451,0.0,21.218,0.0,-3.181940793991089
10.285706281661987,0.0,21.225,0.0,-3.1819353103637695
10.327292680740356,0.0,21.253,0.0,-3.1834983825683594
10.35321569442749,0.0,21.245,0.0,-3.1846492290496826
10.377346277236938,0.0,21.243,0.0,-3.1852078437805176
10.409150838851929,0.0,21.241,0.0,-3.1855568885803223
10.460458993911743,0.0,21.248,0.0,-3.185715436935425
10.496119499206543,0.0,21.259,0.0,-3.1869544982910156
10.525967359542847,0.0,21.245,0.0,-3.1874420642852783
10.557024240493774,0.0,21.239,0.0,-3.187350273132324
10.581027269363403,0.0,21.227,0.0,-3.1870203018188477
10.61484146118164,0.0,21.23,0.0,-3.18625545501709
10.649859428405762,0.0,21.246,0.0,-3.1860952377319336
10.688138723373413,0.0,21.228,0.0,-3.186081647872925
10.73604440689087,0.0,21.218,0.0,-3.184999704360962
10.778958320617676,0.0,21.222,0.0,-3.183952569961548
10.811209201812744,0.0,21.231,0.0,-3.1838486194610596
10.843680620193481,0.0,21.237,0.0,-3.1843481063842773
10.875443935394287,0.0,21.245,0.0,-3.184969663619995
10.907084226608276,0.0,21.256,0.0,-3.185452938079834
10.940077304840088,0.0,21.251,0.0,-3.186288833618164
10.972269058227539,0.0,21.262,0.0,-3.1870956420898438
11.004387617111206,0.0,21.246,0.0,-3.187798500061035
11.03580904006958,0.0,21.249,0.0,-3.1876626014709473
11.06765103340149,0.0,21.224,0.0,-3.1876752376556396
11.09996771812439,0.0,21.233,0.0,-3.185645341873169
11.14742636680603,0.0,21.238,0.0,-3.1854770183563232
11.182419061660767,0.0,21.24,0.0,-3.185976505279541
11.207767724990845,0.0,21.227,0.0,-3.185985803604126
11.237207651138306,0.0,21.232,0.0,-3.1854469776153564
11.278820037841797,0.0,21.235,0.0,-3.1852099895477295
11.310441732406616,0.0,21.261,0.0,-3.185734272003174
11.342042207717896,0.0,21.266,0.0,-3.1866872310638428
11.366583824157715,0.0,21.273,0.0,-3.1876323223114014
11.399761438369751,0.0,21.249,0.0,-3.1884243488311768
11.4357750415802,0.0,21.249,0.0,-3.1882388591766357
11.467135906219482,0.0,21.214,0.0,-3.1875836849212646
11.499187231063843,0.0,21.223,0.0,-3.18570613861084
11.555620908737183,0.0,21.212,0.0,-3.1845099925994873
11.592170000076294,0.0,21.224,0.0,-3.1836533546447754
11.613152265548706,0.0,21.233,0.0,-3.1835031509399414
11.648424625396729,0.0,21.233,0.0,-3.1839942932128906
11.680273294448853,0.0,21.21,0.0,-3.184171199798584
11.712152242660522,0.0,21.189,0.0,-3.1833484172821045
11.743801355361938,0.0,21.204,0.0,-3.181837320327759
11.776033401489258,0.0,21.194,0.0,-3.180495500564575
11.808249473571777,0.0,21.211,0.0,-3.1806373596191406
11.840692520141602,0.0,21.224,0.0,-3.180720806121826
11.87289309501648,0.0,21.243,0.0,-3.182637929916382
11.895905017852783,0.0,21.253,0.0,-3.184065103530884
11.925722360610962,0.0,21.261,0.0,-3.1855063438415527
11.968751668930054,0.0,21.259,0.0,-3.1867008209228516
11.985446214675903,0.0,21.259,0.0,-3.187448024749756
12.016298532485962,0.0,21.268,0.0,-3.1878879070281982
12.047622442245483,0.0,21.261,0.0,-3.188957691192627
12.088502168655396,0.0,21.24,0.0,-3.1892237663269043
12.111575365066528,0.0,21.242,0.0,-3.1885316371917725
12.142287492752075,0.0,21.247,0.0,-3.1880667209625244
12.182903051376343,0.0,21.26,0.0,-3.1881103515625
12.207520723342896,0.0,21.251,0.0,-3.188469648361206
12.243829011917114,0.0,21.247,0.0,-3.188100814819336
12.275745391845703,0.0,21.244,0.0,-3.1877663135528564
12.307132005691528,0.0,21.253,0.0,-3.1875863075256348
12.328803777694702,0.0,21.253,0.0,-3.187736988067627
12.371033668518066,0.0,21.246,0.0,-3.1872825622558594
12.40065050125122,0.0,21.243,0.0,-3.187073230743408
12.433152914047241,0.0,21.226,0.0,-3.1861960887908936
12.458822011947632,0.0,21.22,0.0,-3.185434579849243
12.491817951202393,0.0,21.218,0.0,-3.1846816539764404
12.523416519165039,0.0,21.237,0.0,-3.1843185424804688
12.555127620697021,0.0,21.241,0.0,-3.184724807739258
12.578405857086182,0.0,21.23,0.0,-3.1845836639404297
12.610520839691162,0.0,21.223,0.0,-3.1841866970062256
12.643687009811401,100.0,21.217,100.0,-0.18388605117797852
12.684722661972046,100.0,21.197,100.0,4.1369194984436035
12.71729588508606,100.0,21.195,100.0,5.674036979675293
12.748105764389038,100.0,21.223,100.0,7.887271404266357
12.781638860702515,100.0,21.232,100.0,8.673117637634277
12.811814785003662,100.0,21.233,100.0,9.30141830444336
12.843490600585938,100.0,21.226,100.0,9.804028511047363
12.875778675079346,100.0,21.212,100.0,10.528926849365234
12.90828251838684,100.0,21.214,100.0,10.786579132080078
12.940930366516113,100.0,21.216,100.0,10.992950439453125
12.973862171173096,100.0,21.232,100.0,11.289274215698242
13.023864030838013,100.0,21.234,100.0,11.47849178314209
13.056325912475586,100.0,21.234,100.0,11.545654296875
13.089456796646118,100.0,21.25,100.0,11.59885025024414
13.120112180709839,100.0,21.239,100.0,11.641307830810547
13.152134895324707,100.0,21.259,100.0,11.702497482299805
13.184263467788696,100.0,21.256,100.0,11.723920822143555
13.21612024307251,100.0,21.255,100.0,11.741215705871582
13.248340845108032,100.0,21.266,100.0,11.765251159667969
13.288474559783936,100.0,21.246,100.0,11.773951530456543
13.323071956634521,100.0,21.235,100.0,11.788293838500977
13.363787174224854,100.0,21.26,100.0,11.793708801269531
13.39932632446289,100.0,21.245,100.0,11.80024242401123
13.428178787231445,100.0,21.232,100.0,11.803062438964844
13.45945692062378,100.0,21.236,100.0,11.805647850036621
13.49196982383728,100.0,21.249,100.0,11.80753231048584
13.516433954238892,100.0,21.249,100.0,11.80848503112793
13.547481775283813,100.0,21.266,100.0,11.809162139892578
13.590781211853027,100.0,21.248,100.0,11.809366226196289
13.625516653060913,100.0,21.239,100.0,11.810976028442383
13.655700445175171,100.0,21.24,100.0,11.811663627624512
13.687955617904663,100.0,21.24,100.0,11.812206268310547
13.703716039657593,100.0,21.249,100.0,11.812254905700684
13.736400127410889,100.0,21.266,100.0,11.81158447265625
13.76802396774292,100.0,21.255,100.0,11.81144905090332
13.800631046295166,100.0,21.256,100.0,11.81136703491211
13.832494974136353,100.0,21.262,100.0,11.811344146728516
13.86423373222351,100.0,21.269,100.0,11.811080932617188
13.898898601531982,100.0,21.259,100.0,11.810637474060059
13.929748773574829,100.0,21.273,100.0,11.81068229675293
13.95526909828186,100.0,21.275,100.0,11.810136795043945
13.992818117141724,100.0,21.29,100.0,11.809638023376465
14.018227100372314,100.0,21.284,100.0,11.808631896972656
14.057574033737183,100.0,21.25,100.0,11.809158325195312
14.093528985977173,100.0,21.237,100.0,11.809974670410156
14.13326120376587,100.0,21.238,100.0,11.812036514282227
14.159088134765625,100.0,21.25,100.0,11.812209129333496
14.201404809951782,100.0,21.25,100.0,11.81279182434082
14.236076593399048,100.0,21.25,100.0,11.812779426574707
14.269825458526611,100.0,21.268,100.0,11.81251335144043
14.30879831314087,100.0,21.251,100.0,11.811960220336914
14.333001136779785,100.0,21.265,100.0,11.811495780944824
14.366220474243164,100.0,21.249,100.0,11.811807632446289
14.392735242843628,100.0,21.255,100.0,11.812049865722656
14.424315452575684,100.0,21.303,100.0,11.810630798339844
14.45811676979065,100.0,21.296,100.0,11.808871269226074
14.489609718322754,100.0,21.276,100.0,11.807811737060547
14.525149583816528,100.0,21.234,100.0,11.809648513793945
14.553990602493286,100.0,21.236,100.0,11.811134338378906
14.582258462905884,100.0,21.237,100.0,11.812118530273438
14.623721837997437,100.0,21.269,100.0,11.81203842163086
14.654456377029419,100.0,21.273,100.0,11.811460494995117
14.686928033828735,100.0,21.283,100.0,11.810800552368164
14.713922023773193,100.0,21.287,100.0,11.809870719909668
14.743330001831055,100.0,21.302,100.0,11.80898666381836
14.768676996231079,100.0,21.295,100.0,11.807680130004883
14.79993987083435,100.0,21.306,100.0,11.805977821350098
14.832314491271973,100.0,21.291,100.0,11.805853843688965
14.863832712173462,100.0,21.272,100.0,11.805984497070312
14.895665645599365,100.0,21.248,100.0,11.806689262390137
14.927895545959473,100.0,21.263,100.0,11.808842658996582
14.960368633270264,100.0,21.271,100.0,11.808963775634766
14.991724491119385,100.0,21.281,100.0,11.808639526367188
15.025362491607666,100.0,21.289,100.0,11.807766914367676
15.05717158317566,100.0,21.275,100.0,11.80738639831543
15.087265491485596,100.0,21.266,100.0,11.807685852050781
15.124430656433105,100.0,21.225,100.0,11.809745788574219
15.152199268341064,100.0,21.224,100.0,11.811617851257324
15.183593273162842,100.0,21.229,100.0,11.81309986114502
15.216119050979614,100.0,21.246,100.0,11.814023971557617
15.248219966888428,100.0,21.247,100.0,11.814007759094238
15.28114938735962,100.0,21.256,100.0,11.814157485961914
15.31246829032898,100.0,21.257,100.0,11.813642501831055
15.344720363616943,100.0,21.263,100.0,11.813189506530762
15.377915859222412,100.0,21.286,100.0,11.811128616333008
15.409011125564575,100.0,21.28,100.0,11.810257911682129
15.442897081375122,100.0,21.261,100.0,11.81029987335205
15.484611749649048,100.0,21.23,100.0,11.81181526184082
15.516116380691528,100.0,21.205,100.0,11.814279556274414
15.547634840011597,100.0,21.2,100.0,11.815841674804688
15.563141584396362,100.0,21.2,100.0,11.817244529724121
15.595072984695435,100.0,21.233,100.0,11.817553520202637
15.627208948135376,100.0,21.245,100.0,11.816299438476562
15.659110069274902,100.0,21.264,100.0,11.815631866455078
15.690399885177612,100.0,21.292,100.0,11.814306259155273
15.722654104232788,100.0,21.284,100.0,11.812098503112793
15.754724979400635,100.0,21.278,100.0,11.8097562789917
15.7868492603302,100.0,21.261,100.0,11.809185028076172
15.818173885345459,100.0,21.267,100.0,11.809469223022461
15.85335922241211,100.0,21.286,100.0,11.808648109436035
15.881878137588501,100.0,21.313,100.0,11.807787895202637
15.913602352142334,100.0,21.309,100.0,11.806255340576172
15.945866346359253,100.0,21.3,100.0,11.805255889892578
15.978023290634155,100.0,21.302,100.0,11.80453109741211
16.009525299072266,100.0,21.297,100.0,11.804450035095215
16.042205572128296,100.0,21.296,100.0,11.804450988769531
16.07916522026062,100.0,21.269,100.0,11.805712699890137
16.105530261993408,100.0,21.271,100.0,11.806571960449219
16.138311624526978,100.0,21.275,100.0,11.80707836151123
16.164716720581055,100.0,21.291,100.0,11.807685852050781
16.18827533721924,100.0,21.291,100.0,11.80727767944336
16.21977138519287,100.0,21.288,100.0,11.80738639831543
16.253906726837158,100.0,21.28,100.0,11.807358741760254
16.28469228744507,100.0,21.271,100.0,11.807878494262695
16.316501140594482,100.0,21.273,100.0,11.808197975158691
16.35214138031006,100.0,21.281,100.0,11.809305191040039
16.38082242012024,100.0,21.268,100.0,11.8089599609375
16.412395000457764,100.0,21.276,100.0,11.809235572814941
16.443801879882812,100.0,21.278,100.0,11.80910873413086
16.479899644851685,100.0,21.298,100.0,11.808693885803223
16.508511304855347,100.0,21.305,100.0,11.807759284973145
16.540613651275635,100.0,21.302,100.0,11.806743621826172
16.572579860687256,100.0,21.294,100.0,11.8060884475708
16.605226516723633,100.0,21.298,100.0,11.80563735961914
16.636769771575928,100.0,21.272,100.0,11.806222915649414
16.669312477111816,100.0,21.282,100.0,11.806976318359375
16.693485736846924,100.0,21.272,100.0,11.807144165039062
16.72932767868042,100.0,21.279,100.0,11.807828903198242
16.758620977401733,100.0,21.276,100.0,11.808056831359863
16.791946172714233,100.0,21.263,100.0,11.80764389038086
16.82578182220459,100.0,21.251,100.0,11.80845832824707
16.858953714370728,100.0,21.261,100.0,11.810039520263672
16.89072036743164,100.0,21.261,100.0,11.810379028320312
16.9213764667511,100.0,21.307,100.0,11.809625625610352
16.955148458480835,100.0,21.299,100.0,11.807275772094727
16.985222101211548,100.0,21.299,100.0,11.806631088256836
17.017719268798828,100.0,21.29,100.0,11.806137084960938
17.04969334602356,100.0,21.29,100.0,11.806139945983887
17.081896781921387,100.0,21.31,100.0,11.805448532104492
17.115236043930054,100.0,21.31,100.0,11.804788589477539
17.146536111831665,100.0,21.276,100.0,11.804288864135742
17.179582357406616,100.0,21.256,100.0,11.807001113891602
17.209759950637817,100.0,21.259,100.0,11.808374404907227
17.242339372634888,100.0,21.293,100.0,11.809223175048828
17.271443843841553,100.0,21.296,100.0,11.80844497680664
17.30305027961731,100.0,21.302,100.0,11.806888580322266
17.33540916442871,100.0,21.307,100.0,11.806042671203613
17.367583751678467,100.0,21.309,100.0,11.805476188659668
17.39906930923462,100.0,21.308,100.0,11.804875373840332
17.431694269180298,100.0,21.289,100.0,11.804945945739746
17.465628147125244,100.0,21.288,100.0,11.80537223815918
17.488066911697388,100.0,21.296,100.0,11.805371284484863
17.521934747695923,100.0,21.304,100.0,11.805039405822754
17.547856092453003,100.0,21.284,100.0,11.805627822875977
17.581680059432983,100.0,21.256,100.0,11.806695938110352
17.61200737953186,100.0,21.255,100.0,11.808090209960938
17.644691705703735,100.0,21.278,100.0,11.809206008911133
17.677047729492188,100.0,21.284,100.0,11.809094429016113
17.708965063095093,100.0,21.274,100.0,11.809225082397461
17.740886688232422,100.0,21.273,100.0,11.809250831604004
17.76717758178711,100.0,21.269,100.0,11.809304237365723
17.807546615600586,100.0,21.282,100.0,11.80910873413086
17.839202165603638,100.0,21.276,100.0,11.808920860290527
17.87178111076355,100.0,21.289,100.0,11.808895111083984
17.904950380325317,100.0,21.296,100.0,11.807587623596191
17.936662673950195,100.0,21.297,100.0,11.806975364685059
17.968628644943237,100.0,21.3,100.0,11.806713104248047
18.001129388809204,100.0,21.303,100.0,11.806178092956543
18.03190279006958,100.0,21.286,100.0,11.805950164794922
18.064836263656616,100.0,21.304,100.0,11.805438995361328
18.09664273262024,100.0,21.317,100.0,11.80450439453125
18.12998604774475,100.0,21.314,100.0,11.802654266357422
18.16094470024109,100.0,21.321,100.0,11.802511215209961
18.192809343338013,100.0,21.316,100.0,11.802122116088867
18.2252779006958,100.0,21.314,100.0,11.802047729492188
18.258867263793945,100.0,21.3,100.0,11.801504135131836
18.29202914237976,100.0,21.309,100.0,11.802284240722656
18.330970764160156,100.0,21.324,100.0,11.802087783813477
18.356862783432007,100.0,21.317,100.0,11.802053451538086
18.38827395439148,100.0,21.326,100.0,11.80111312866211
18.419990301132202,100.0,21.313,100.0,11.800942420959473
18.45285391807556,100.0,21.309,100.0,11.801368713378906
18.48484992980957,100.0,21.298,100.0,11.802742004394531
18.51659846305847,100.0,21.319,100.0,11.802533149719238
18.548217058181763,100.0,21.311,100.0,11.802543640136719
18.579535007476807,100.0,21.329,100.0,11.802721977233887
18.611821174621582,100.0,21.312,100.0,11.802350997924805
18.644513607025146,100.0,21.314,100.0,11.802458763122559
18.67675542831421,100.0,21.293,100.0,11.8026704788208
18.709278345108032,100.0,21.292,100.0,11.804306030273438
18.741685390472412,100.0,21.305,100.0,11.804896354675293
18.774393558502197,100.0,21.309,100.0,11.804801940917969
18.806536436080933,100.0,21.327,100.0,11.803646087646484
18.838006019592285,100.0,21.307,100.0,11.802898406982422
18.86981463432312,100.0,21.269,100.0,11.803160667419434
18.908820629119873,100.0,21.266,100.0,11.806476593017578
18.950201988220215,100.0,21.271,100.0,11.80810260772705
18.990933895111084,100.0,21.311,100.0,11.80763053894043
19.02243447303772,100.0,21.317,100.0,11.806598663330078
19.055316925048828,100.0,21.321,100.0,11.804544448852539
19.085591316223145,100.0,21.322,100.0,11.803733825683594
19.117557525634766,100.0,21.323,100.0,11.803068161010742
19.149550437927246,100.0,21.342,100.0,11.80192756652832
19.182393312454224,100.0,21.338,100.0,11.800260543823242
19.214764833450317,100.0,21.327,100.0,11.800252914428711
19.247555255889893,100.0,21.299,100.0,11.801437377929688
19.279887914657593,100.0,21.301,100.0,11.802279472351074
19.312072038650513,100.0,21.304,100.0,11.803451538085938
19.344224214553833,100.0,21.317,100.0,11.803722381591797
19.369565725326538,100.0,21.318,100.0,11.803384780883789
19.401418924331665,100.0,21.34,100.0,11.803081512451172
19.43422770500183,100.0,21.333,100.0,11.801326751708984
19.46524953842163,100.0,21.313,100.0,11.801626205444336
19.497581005096436,100.0,21.29,100.0,11.801948547363281
19.530943393707275,100.0,21.292,100.0,11.804028511047363
19.562237977981567,100.0,21.309,100.0,11.803977966308594
19.59351110458374,100.0,21.33,100.0,11.804145812988281
19.634026765823364,100.0,21.319,100.0,11.80289077758789
19.65741777420044,100.0,21.315,100.0,11.802837371826172
19.69859766960144,100.0,21.319,100.0,11.802334785461426
19.729818105697632,100.0,21.334,100.0,11.802242279052734
19.761807918548584,100.0,21.32,100.0,11.801595687866211
19.793143272399902,100.0,21.31,100.0,11.802061080932617
19.81896448135376,100.0,21.303,100.0,11.802425384521484
19.846444845199585,100.0,21.302,100.0,11.80300235748291
19.87639570236206,100.0,21.321,100.0,11.80349063873291
19.908157348632812,100.0,21.327,100.0,11.803203582763672
19.94053816795349,100.0,21.333,100.0,11.802592277526855
19.973870992660522,100.0,21.327,100.0,11.801867485046387
20.004091262817383,100.0,21.346,100.0,11.80156135559082
20.036452531814575,100.0,21.338,100.0,11.800076484680176
20.068435192108154,100.0,21.304,100.0,11.800405502319336
20.100297689437866,100.0,21.301,100.0,11.801424026489258
20.13249635696411,100.0,21.298,100.0,11.803180694580078
20.163975477218628,100.0,21.323,100.0,11.802776336669922
20.197674036026,100.0,21.323,100.0,11.802545547485352
20.22924017906189,100.0,21.327,100.0,11.802281379699707
20.261377096176147,100.0,21.305,100.0,11.802544593811035
20.293612241744995,100.0,21.323,100.0,11.80228042602539
20.31898283958435,100.0,21.328,100.0,11.80186653137207
20.35272192955017,100.0,21.324,100.0,11.801504135131836
20.383504152297974,100.0,21.319,100.0,11.801387786865234
20.41061782836914,100.0,21.314,100.0,11.801562309265137
20.44154381752014,100.0,21.329,100.0,11.801909446716309
20.475217580795288,100.0,21.337,100.0,11.801548957824707
20.51002526283264,100.0,21.33,100.0,11.800759315490723
20.53852105140686,100.0,21.312,100.0,11.801131248474121
20.570948839187622,100.0,21.313,100.0,11.801673889160156
20.603312492370605,100.0,21.326,100.0,11.802053451538086
20.635653018951416,100.0,21.336,100.0,11.80118465423584
20.66605257987976,100.0,21.338,100.0,11.80062484741211
20.698312520980835,100.0,21.348,100.0,11.799860000610352
20.73559880256653,100.0,21.359,100.0,11.798218727111816
20.761899709701538,100.0,21.355,100.0,11.797645568847656
20.79445719718933,100.0,21.344,100.0,11.797677040100098
20.826560497283936,100.0,21.336,100.0,11.798091888427734
20.859364986419678,100.0,21.34,100.0,11.798446655273438
20.890470027923584,100.0,21.342,100.0,11.798420906066895
20.923216819763184,100.0,21.326,100.0,11.799079895019531
20.96116542816162,100.0,21.325,100.0,11.799869537353516
20.987386465072632,100.0,21.325,100.0,11.800251007080078
21.026633262634277,100.0,21.332,100.0,11.800545692443848
21.067768573760986,100.0,21.354,100.0,11.800172805786133
21.09988260269165,100.0,21.36,100.0,11.799263000488281
21.136384963989258,100.0,21.364,100.0,11.797408103942871
21.16419243812561,100.0,21.308,100.0,11.797012329101562
21.196388483047485,100.0,21.311,100.0,11.798773765563965
21.228163957595825,100.0,21.304,100.0,11.800016403198242
21.260546684265137,100.0,21.308,100.0,11.802070617675781
21.29295301437378,100.0,21.338,100.0,11.801421165466309
21.323975324630737,100.0,21.344,100.0,11.801078796386719
21.36140489578247,100.0,21.338,100.0,11.800104141235352
21.3885395526886,100.0,21.337,100.0,11.799924850463867
21.420872926712036,100.0,21.331,100.0,11.800039291381836
21.453186750411987,100.0,21.342,100.0,11.799665451049805
21.484832525253296,100.0,21.369,100.0,11.797407150268555
21.517099618911743,100.0,21.367,100.0,11.796591758728027
21.548765659332275,100.0,21.365,100.0,11.795971870422363
21.580559492111206,100.0,21.348,100.0,11.795589447021484
21.612619400024414,100.0,21.309,100.0,11.797205924987793
21.64413332939148,100.0,21.304,100.0,11.798930168151855
21.6765558719635,100.0,21.304,100.0,11.800475120544434
21.708991765975952,100.0,21.31,100.0,11.801666259765625
21.73777937889099,100.0,21.323,100.0,11.802279472351074
21.775951147079468,100.0,21.337,100.0,11.802693367004395
21.79986810684204,100.0,21.349,100.0,11.80195140838623
21.83164095878601,100.0,21.342,100.0,11.800864219665527
21.86423134803772,100.0,21.342,100.0,11.799880981445312
21.89621138572693,100.0,21.336,100.0,11.799798965454102
21.9281804561615,100.0,21.331,100.0,11.80044937133789
21.963677883148193,100.0,21.342,100.0,11.799983978271484
21.99140977859497,100.0,21.327,100.0,11.800252914428711
22.02341914176941,100.0,21.35,100.0,11.799495697021484
22.058879852294922,100.0,21.341,100.0,11.798910140991211
22.091816186904907,100.0,21.339,100.0,11.798870086669922
22.123141288757324,100.0,21.331,100.0,11.798898696899414
22.154569625854492,100.0,21.333,100.0,11.799261093139648
22.18881869316101,100.0,21.351,100.0,11.798270225524902
22.219707250595093,100.0,21.346,100.0,11.797942161560059
22.251107454299927,100.0,21.345,100.0,11.797903060913086
22.28364324569702,100.0,21.326,100.0,11.797922134399414
22.314218282699585,100.0,21.332,100.0,11.799123764038086
22.346627235412598,100.0,21.307,100.0,11.80005168914795
22.377909183502197,100.0,21.299,100.0,11.801187515258789
22.41397976875305,100.0,21.301,100.0,11.803237915039062
22.44219136238098,100.0,21.297,100.0,11.804044723510742
22.476712226867676,100.0,21.321,100.0,11.804191589355469
22.51082134246826,100.0,21.329,100.0,11.803743362426758
22.54208540916443,100.0,21.329,100.0,11.802497863769531
22.57421898841858,100.0,21.329,100.0,11.802064895629883
22.604915618896484,100.0,21.347,100.0,11.801725387573242
22.6403751373291,100.0,21.34,100.0,11.800207138061523
22.668936252593994,100.0,21.349,100.0,11.798985481262207
22.701114654541016,100.0,21.346,100.0,11.798508644104004
22.733722686767578,100.0,21.319,100.0,11.798274993896484
22.764843702316284,100.0,21.316,100.0,11.8001127243042
22.796159505844116,100.0,21.322,100.0,11.800540924072266
22.82790207862854,100.0,21.356,100.0,11.800453186035156
22.845512628555298,100.0,21.356,100.0,11.79937744140625
22.893192768096924,100.0,21.338,100.0,11.799022674560547
22.927648067474365,100.0,21.332,100.0,11.79928970336914
22.959851503372192,100.0,21.326,100.0,11.799500465393066
22.99262833595276,100.0,21.338,100.0,11.800209999084473
23.015941619873047,100.0,21.343,100.0,11.799964904785156
23.059426307678223,100.0,21.331,100.0,11.799564361572266
23.098474264144897,100.0,21.318,100.0,11.799407958984375
23.13011622428894,100.0,21.327,100.0,11.800188064575195
23.157792568206787,100.0,21.332,100.0,11.800413131713867
23.19551992416382,100.0,21.361,100.0,11.800053596496582
23.228679418563843,100.0,21.333,100.0,11.798879623413086
23.261273622512817,100.0,21.337,100.0,11.799148559570312
23.293782949447632,100.0,21.315,100.0,11.800152778625488
23.325763702392578,100.0,21.321,100.0,11.800980567932129
23.357460737228394,100.0,21.322,100.0,11.801281929016113
23.389909267425537,100.0,21.339,100.0,11.80089282989502
23.42121958732605,100.0,21.334,100.0,11.800654411315918
23.452853441238403,100.0,21.343,100.0,11.800089836120605
23.48498249053955,100.0,21.359,100.0,11.79910659790039
23.51727533340454,100.0,21.355,100.0,11.797713279724121
23.548439979553223,100.0,21.353,100.0,11.797327041625977
23.582918882369995,100.0,21.332,100.0,11.797121047973633
23.61927080154419,100.0,21.369,100.0,11.798301696777344
23.651083946228027,100.0,21.367,100.0,11.797225952148438
23.68194055557251,100.0,21.375,100.0,11.796483993530273
23.71516513824463,100.0,21.354,100.0,11.795778274536133
23.7467098236084,100.0,21.351,100.0,11.796236038208008
23.778879404067993,100.0,21.369,100.0,11.796432495117188
23.81991958618164,100.0,21.391,100.0,11.794459342956543
23.851601600646973,100.0,21.378,100.0,11.793784141540527
23.883561372756958,100.0,21.359,100.0,11.79344367980957
23.909807682037354,100.0,21.355,100.0,11.793993949890137
23.94148588180542,100.0,21.37,100.0,11.794450759887695
23.98355770111084,100.0,21.383,100.0,11.793840408325195
24.01608657836914,100.0,21.384,100.0,11.792914390563965
24.048909187316895,100.0,21.36,100.0,11.793609619140625
24.08043622970581,100.0,21.38,100.0,11.79365348815918
24.11249804496765,100.0,21.37,100.0,11.793360710144043
24.14299440383911,50.0,21.374,50.0,9.093558311462402
24.184983015060425,50.0,21.379,50.0,8.133352279663086
24.21617865562439,50.0,21.412,50.0,6.75060510635376
24.248476266860962,50.0,21.42,50.0,6.257640361785889
24.281395435333252,50.0,21.422,50.0,5.86298131942749
24.31355333328247,50.0,21.42,50.0,5.547223091125488
24.345253705978394,50.0,21.415,50.0,5.093109130859375
24.37717366218567,50.0,21.401,50.0,4.931742191314697
24.408283710479736,50.0,21.402,50.0,4.8032660484313965
24.4413902759552,50.0,21.409,50.0,4.617918491363525
24.472620487213135,50.0,21.407,50.0,4.552244186401367
24.503872871398926,50.0,21.389,50.0,4.4994587898254395
24.535854816436768,50.0,21.38,50.0,4.457998752593994
24.569040536880493,50.0,21.376,50.0,4.399106502532959
24.60833215713501,50.0,21.379,50.0,4.378671646118164
24.643303155899048,50.0,21.369,50.0,4.348533630371094
24.670579195022583,50.0,21.365,50.0,4.338142395019531
24.70328378677368,50.0,21.356,50.0,4.330180644989014
24.734920978546143,50.0,21.355,50.0,4.323650360107422
24.76694631576538,50.0,21.375,50.0,4.3136305809021
24.79836893081665,50.0,21.394,50.0,4.30967903137207
24.830511569976807,50.0,21.375,50.0,4.305717468261719
24.867889404296875,50.0,21.392,50.0,4.3007683753967285
24.894035577774048,50.0,21.387,50.0,4.298789978027344
24.92726731300354,50.0,21.408,50.0,4.2973456382751465
24.959964275360107,50.0,21.411,50.0,4.295316219329834
24.991872549057007,50.0,21.403,50.0,4.292593002319336
25.0239417552948,50.0,21.371,50.0,4.292227745056152
25.056469917297363,50.0,21.374,50.0,4.29286527633667
25.092957973480225,50.0,21.369,50.0,4.293712615966797
25.120601415634155,50.0,21.378,50.0,4.293702125549316
25.15378737449646,50.0,21.362,50.0,4.293728828430176
25.17902183532715,50.0,21.363,50.0,4.294372081756592
25.207396268844604,50.0,21.35,50.0,4.2948198318481445
25.239975214004517,50.0,21.359,50.0,4.295996189117432
25.271647453308105,50.0,21.365,50.0,4.295958995819092
25.30976128578186,50.0,21.385,50.0,4.295498371124268
25.3359317779541,50.0,21.379,50.0,4.294711589813232
25.377970695495605,50.0,21.372,50.0,4.29406213760376
25.408013582229614,50.0,21.39,50.0,4.294132232666016
25.439946174621582,50.0,21.391,50.0,4.29342794418335
25.471843242645264,50.0,21.39,50.0,4.2922258377075195
25.504077196121216,50.0,21.373,50.0,4.291958808898926
25.536195516586304,50.0,21.367,50.0,4.292470932006836
25.56977915763855,50.0,21.362,50.0,4.293797492980957
25.601409912109375,50.0,21.363,50.0,4.2943596839904785
25.632275342941284,50.0,21.366,50.0,4.2947492599487305
25.665778398513794,50.0,21.371,50.0,4.294836521148682
25.6975359916687,50.0,21.378,50.0,4.294472694396973
25.720433473587036,50.0,21.366,50.0,4.29469108581543
25.75278377532959,50.0,21.364,50.0,4.29494047164917
25.784596920013428,50.0,21.379,50.0,4.2954230308532715
25.81672191619873,50.0,21.401,50.0,4.294867515563965
25.848709106445312,50.0,21.423,50.0,4.291534900665283
25.880701541900635,50.0,21.432,50.0,4.28963565826416
25.913747310638428,50.0,21.393,50.0,4.288641452789307
25.944918394088745,50.0,21.384,50.0,4.288503170013428
25.97719120979309,50.0,21.384,50.0,4.289373397827148
26.00863790512085,50.0,21.385,50.0,4.290060520172119
26.034420013427734,50.0,21.395,50.0,4.290560245513916
26.07600998878479,50.0,21.401,50.0,4.290225505828857
26.099690437316895,50.0,21.407,50.0,4.290034770965576
26.131060123443604,50.0,21.412,50.0,4.289641857147217
26.16377902030945,50.0,21.4,50.0,4.289135456085205
26.202458381652832,50.0,21.396,50.0,4.289189338684082
26.228873252868652,50.0,21.393,50.0,4.2894816398620605
26.25318169593811,50.0,21.393,50.0,4.289840221405029
26.284025192260742,50.0,21.382,50.0,4.290584564208984
26.317108631134033,50.0,21.371,50.0,4.29207181930542
26.349151849746704,50.0,21.399,50.0,4.291596412658691
26.38150978088379,50.0,21.393,50.0,4.291477203369141
26.41378164291382,50.0,21.403,50.0,4.290794849395752
26.446197509765625,50.0,21.41,50.0,4.289863586425781
26.47798228263855,50.0,21.406,50.0,4.289425373077393
26.50984239578247,50.0,21.411,50.0,4.28925895690918
26.54263949394226,50.0,21.408,50.0,4.2884650230407715
26.574315547943115,50.0,21.422,50.0,4.288451671600342
26.605803728103638,50.0,21.419,50.0,4.287861347198486
26.637773036956787,50.0,21.415,50.0,4.287538528442383
26.670268774032593,50.0,21.385,50.0,4.288680076599121
26.694529056549072,50.0,21.363,50.0,4.290548801422119
26.736183881759644,50.0,21.345,50.0,4.292749881744385
26.770514965057373,50.0,21.36,50.0,4.295111656188965
26.80242085456848,50.0,21.378,50.0,4.294853210449219
26.83426809310913,50.0,21.429,50.0,4.293796539306641
26.870378255844116,50.0,21.42,50.0,4.290387153625488
26.898449182510376,50.0,21.427,50.0,4.2891058921813965
26.93082547187805,50.0,21.44,50.0,4.287574291229248
26.963001251220703,50.0,21.416,50.0,4.287407875061035
26.985841989517212,50.0,21.404,50.0,4.287795543670654
27.026654958724976,50.0,21.368,50.0,4.289364337921143
27.058281660079956,50.0,21.369,50.0,4.290846347808838
27.096408367156982,50.0,21.365,50.0,4.292966842651367
27.122965574264526,50.0,21.396,50.0,4.292485237121582
27.155372142791748,50.0,21.394,50.0,4.292061805725098
27.18726396560669,50.0,21.398,50.0,4.291811466217041
27.223822355270386,50.0,21.367,50.0,4.292459964752197
27.25156569480896,50.0,21.373,50.0,4.292904853820801
27.283966064453125,50.0,21.373,50.0,4.293325901031494
27.320653676986694,50.0,21.389,50.0,4.293208122253418
27.352855443954468,50.0,21.384,50.0,4.293073654174805
27.383171319961548,50.0,21.389,50.0,4.2930474281311035
27.424185752868652,50.0,21.383,50.0,4.292727470397949
27.467247009277344,50.0,21.399,50.0,4.292891979217529
27.497738361358643,50.0,21.379,50.0,4.292459487915039
27.52969241142273,50.0,21.376,50.0,4.2928032875061035
27.562290906906128,50.0,21.357,50.0,4.293864727020264
27.594062566757202,50.0,21.34,50.0,4.295897960662842
27.626754760742188,50.0,21.346,50.0,4.297506809234619
27.658838033676147,50.0,21.356,50.0,4.297915458679199
27.6900417804718,50.0,21.359,50.0,4.297792911529541
27.72230291366577,50.0,21.329,50.0,4.298783302307129
27.753419160842896,50.0,21.331,50.0,4.299549102783203
27.78574776649475,50.0,21.334,50.0,4.3000383377075195
27.818361520767212,50.0,21.356,50.0,4.300271034240723
27.85115146636963,50.0,21.357,50.0,4.299193382263184
27.882787227630615,50.0,21.332,50.0,4.298600673675537
27.9154691696167,50.0,21.367,50.0,4.299180507659912
27.947778701782227,50.0,21.369,50.0,4.297258377075195
27.97951102256775,50.0,21.378,50.0,4.296187400817871
28.012214422225952,50.0,21.381,50.0,4.295442581176758
28.04393720626831,50.0,21.353,50.0,4.29465913772583
28.076146364212036,50.0,21.364,50.0,4.295223236083984
28.107573986053467,50.0,21.383,50.0,4.294421195983887
28.131956100463867,50.0,21.385,50.0,4.293722152709961
28.16223454475403,50.0,21.4,50.0,4.292559623718262
28.201449155807495,50.0,21.379,50.0,4.291147232055664
28.224563121795654,50.0,21.381,50.0,4.291490077972412
28.257217168807983,50.0,21.381,50.0,4.291686058044434
28.28881525993347,50.0,21.381,50.0,4.291850566864014
28.325053930282593,50.0,21.396,50.0,4.291475772857666
28.35331654548645,50.0,21.398,50.0,4.290878772735596
28.384371995925903,50.0,21.414,50.0,4.290554523468018
28.424363136291504,50.0,21.382,50.0,4.290297508239746
28.45600461959839,50.0,21.381,50.0,4.29119348526001
28.48909091949463,50.0,21.388,50.0,4.29155969619751
28.521344661712646,50.0,21.414,50.0,4.290465831756592
28.55298638343811,50.0,21.394,50.0,4.290469646453857
28.584856271743774,50.0,21.396,50.0,4.290312767028809
28.61723804473877,50.0,21.415,50.0,4.290283679962158
28.64943504333496,50.0,21.455,50.0,4.287173271179199
28.681722164154053,50.0,21.424,50.0,4.286711692810059
28.713905096054077,50.0,21.43,50.0,4.286120891571045
28.74979519844055,50.0,21.419,50.0,4.285696506500244
28.778412580490112,50.0,21.433,50.0,4.285856246948242
28.80952262878418,50.0,21.394,50.0,4.285408973693848
28.841624975204468,50.0,21.392,50.0,4.286717414855957
28.86808490753174,50.0,21.377,50.0,4.287827014923096
28.89262366294861,50.0,21.374,50.0,4.289323329925537
28.92518377304077,50.0,21.39,50.0,4.290802955627441
28.95620560646057,50.0,21.393,50.0,4.291073322296143
28.988678216934204,50.0,21.399,50.0,4.29115104675293
29.027392387390137,50.0,21.399,50.0,4.2907938957214355
29.060667276382446,50.0,21.42,50.0,4.290414810180664
29.09188938140869,50.0,21.421,50.0,4.289488315582275
29.110594272613525,50.0,21.434,50.0,4.288729667663574
29.15192151069641,50.0,21.411,50.0,4.287698745727539
29.176241874694824,50.0,21.427,50.0,4.287110805511475
29.208235502243042,50.0,21.416,50.0,4.287126064300537
29.23923969268799,50.0,21.413,50.0,4.286894798278809
29.275975942611694,50.0,21.404,50.0,4.2876482009887695
29.308570623397827,50.0,21.408,50.0,4.287908554077148
29.333239316940308,50.0,21.441,50.0,4.286728382110596
29.364910125732422,50.0,21.429,50.0,4.286324977874756
29.397377252578735,50.0,21.427,50.0,4.285348892211914
29.427001953125,50.0,21.393,50.0,4.285369873046875
29.46220636367798,0.0,21.4,0.0,2.7868244647979736
29.491004705429077,0.0,21.384,0.0,1.5876622200012207
29.524102210998535,0.0,21.396,0.0,-0.13849955797195435
29.557356595993042,0.0,21.422,0.0,-0.7531779408454895
29.597434282302856,0.0,21.419,0.0,-1.245338797569275
29.629621267318726,0.0,21.397,0.0,-1.952866554260254
29.660976886749268,0.0,21.374,0.0,-2.203616142272949
29.69316530227661,0.0,21.357,0.0,-2.403698682785034
29.72487735748291,0.0,21.377,0.0,-2.69150447845459
29.758413791656494,0.0,21.398,0.0,-2.7951443195343018
29.78929853439331,0.0,21.445,0.0,-2.879525899887085
29.821858167648315,0.0,21.44,0.0,-2.947493076324463
29.85395121574402,0.0,21.431,0.0,-3.0444748401641846
29.886141061782837,0.0,21.421,0.0,-3.078325033187866
29.91795587539673,0.0,21.385,0.0,-3.1040496826171875
29.951953172683716,0.0,21.394,0.0,-3.141249418258667
29.9751296043396,0.0,21.381,0.0,-3.154127597808838
30.007286071777344,0.0,21.408,0.0,-3.1644601821899414
30.039612293243408,0.0,21.41,0.0,-3.1738877296447754
30.0728759765625,0.0,21.415,0.0,-3.187800407409668
30.103726625442505,0.0,21.418,0.0,-3.193577527999878
30.135523557662964,0.0,21.433,0.0,-3.1975347995758057
30.167046070098877,0.0,21.42,0.0,-3.201317548751831
30.1997332572937,0.0,21.418,0.0,-3.205632209777832
30.225979328155518,0.0,21.421,0.0,-3.207242012023926
30.265472173690796,0.0,21.412,0.0,-3.2076797485351562
30.29900550842285,0.0,21.412,0.0,-3.209167003631592
30.328919172286987,0.0,21.407,0.0,-3.2094855308532715
30.361843585968018,0.0,21.394,0.0,-3.2093262672424316
30.394007921218872,0.0,21.433,0.0,-3.209089994430542
30.42514443397522,0.0,21.45,0.0,-3.212416887283325
30.45625901222229,0.0,21.439,0.0,-3.213395118713379
30.4929678440094,0.0,21.444,0.0,-3.214358329772949
30.524794816970825,0.0,21.395,0.0,-3.2132034301757812
30.556668996810913,0.0,21.401,0.0,-3.2121353149414062
30.58845019340515,0.0,21.4,0.0,-3.2115604877471924
30.61980891227722,0.0,21.433,0.0,-3.211076259613037
30.652656078338623,0.0,21.43,0.0,-3.212796449661255
30.68380832672119,0.0,21.423,0.0,-3.213298797607422
30.71266746520996,0.0,21.423,0.0,-3.213390588760376
30.7382230758667,0.0,21.398,0.0,-3.2134580612182617
30.767786264419556,0.0,21.398,0.0,-3.212456703186035
30.802178144454956,0.0,21.446,0.0,-3.213097333908081
30.835761308670044,0.0,21.437,0.0,-3.213815689086914
30.869863748550415,0.0,21.415,0.0,-3.21281361579895
30.90163016319275,0.0,21.41,0.0,-3.21234130859375
30.932340621948242,0.0,21.393,0.0,-3.211376667022705
30.95987629890442,0.0,21.424,0.0,-3.21193528175354
30.995989561080933,0.0,21.413,0.0,-3.2123708724975586
31.02213168144226,0.0,21.431,0.0,-3.212205171585083
31.058772802352905,0.0,21.424,0.0,-3.21281099319458
31.089423418045044,0.0,21.412,0.0,-3.2130513191223145
31.126688957214355,0.0,21.419,0.0,-3.2127764225006104
31.153900146484375,0.0,21.403,0.0,-3.2129364013671875
31.18679141998291,0.0,21.418,0.0,-3.2122607231140137
31.20436120033264,0.0,21.418,0.0,-3.2123682498931885
31.2368323802948,0.0,21.411,0.0,-3.2118639945983887
31.27724289894104,0.0,21.414,0.0,-3.211825370788574
31.329022645950317,0.0,21.405,0.0,-3.2112064361572266
31.36078691482544,0.0,21.422,0.0,-3.2117772102355957
31.39249014854431,0.0,21.425,0.0,-3.212179660797119
31.424521923065186,0.0,21.41,0.0,-3.2123260498046875
31.455634117126465,0.0,21.375,0.0,-3.210629463195801
31.488040685653687,0.0,21.372,0.0,-3.2091941833496094
31.51987385749817,0.0,21.392,0.0,-3.208681106567383
31.55195951461792,0.0,21.4,0.0,-3.2087929248809814
31.589706897735596,0.0,21.405,0.0,-3.2092037200927734
31.623611211776733,0.0,21.407,0.0,-3.209740400314331
31.660035371780396,0.0,21.41,0.0,-3.2103664875030518
31.692123889923096,0.0,21.414,0.0,-3.210653305053711
31.742047786712646,0.0,21.413,0.0,-3.210927724838257
31.777069807052612,0.0,21.432,0.0,-3.2122344970703125
31.80539846420288,0.0,21.429,0.0,-3.2128098011016846
31.83810257911682,0.0,21.424,0.0,-3.2133326530456543
31.870545387268066,0.0,21.427,0.0,-3.21351957321167
31.903183221817017,0.0,21.439,0.0,-3.21448016166687
31.93418264389038,0.0,21.439,0.0,-3.214968204498291
31.966209888458252,0.0,21.45,0.0,-3.215376377105713
32.0035343170166,0.0,21.451,0.0,-3.216761827468872
32.02937602996826,0.0,21.428,0.0,-3.2162601947784424
32.062055349349976,0.0,21.428,0.0,-3.215857982635498
32.10080528259277,0.0,21.399,0.0,-3.2131834030151367
32.132800579071045,0.0,21.421,0.0,-3.2131638526916504
32.15951347351074,0.0,21.42,0.0,-3.2131075859069824
32.19173216819763,0.0,21.435,0.0,-3.2136948108673096
32.2283296585083,0.0,21.43,0.0,-3.2145397663116455
32.255165815353394,0.0,21.414,0.0,-3.2145864963531494
32.28791952133179,0.0,21.412,0.0,-3.2139463424682617
32.31930875778198,0.0,21.398,0.0,-3.213364601135254
32.359426736831665,0.0,21.441,0.0,-3.212198257446289
32.390193462371826,0.0,21.431,0.0,-3.213237762451172
32.41201829910278,0.0,21.453,0.0,-3.2136244773864746
32.442152976989746,0.0,21.438,0.0,-3.2148473262786865
32.47267699241638,0.0,21.447,0.0,-3.2151598930358887
32.510151863098145,0.0,21.448,0.0,-3.2162833213806152
32.53970551490784,0.0,21.416,0.0,-3.215702533721924
32.5724241733551,0.0,21.416,0.0,-3.214867115020752
32.601619720458984,0.0,21.414,0.0,-3.213627338409424
32.64110207557678,0.0,21.408,0.0,-3.213718891143799
32.67337131500244,0.0,21.408,0.0,-3.2129933834075928
32.70544767379761,0.0,21.429,0.0,-3.212890386581421
32.73752975463867,0.0,21.421,0.0,-3.2129111289978027
32.769585371017456,0.0,21.426,0.0,-3.2131409645080566
32.8018434047699,0.0,21.388,0.0,-3.213165760040283
32.83435797691345,0.0,21.392,0.0,-3.211749315261841
32.86567449569702,0.0,21.399,0.0,-3.2108266353607178
32.89210295677185,0.0,21.408,0.0,-3.210415840148926
32.927611351013184,0.0,21.424,0.0,-3.211223602294922
32.956665992736816,0.0,21.42,0.0,-3.2118020057678223
32.987794160842896,0.0,21.422,0.0,-3.2120862007141113
33.02053904533386,0.0,21.429,0.0,-3.212393283843994
33.055440187454224,0.0,21.392,0.0,-3.211784839630127
33.07973837852478,0.0,21.37,0.0,-3.20997953414917
33.12926650047302,0.0,21.39,0.0,-3.2088537216186523
33.16901159286499,0.0,21.387,0.0,-3.2080371379852295
33.20232653617859,0.0,21.375,0.0,-3.2071971893310547
33.231464862823486,0.0,21.378,0.0,-3.2068419456481934
33.26332116127014,0.0,21.4,0.0,-3.206583261489868
33.295250415802,0.0,21.405,0.0,-3.2073233127593994
33.33036017417908,0.0,21.437,0.0,-3.2089977264404297
33.359302043914795,0.0,21.42,0.0,-3.210775136947632
33.39255452156067,0.0,21.421,0.0,-3.2114365100860596
33.428142070770264,0.0,21.415,0.0,-3.2121527194976807
33.45712161064148,0.0,21.42,0.0,-3.211729049682617
33.48967671394348,0.0,21.407,0.0,-3.212151527404785
33.520381450653076,0.0,21.412,0.0,-3.2119266986846924
33.55548715591431,0.0,21.415,0.0,-3.212102174758911
33.583959341049194,0.0,21.407,0.0,-3.2118735313415527
33.62788438796997,0.0,21.399,0.0,-3.2111806869506836
33.65726971626282,0.0,21.398,0.0,-3.2107741832733154
33.68942713737488,0.0,21.413,0.0,-3.211089849472046
33.72138261795044,0.0,21.436,0.0,-3.2115442752838135
33.75172185897827,0.0,21.439,0.0,-3.2136282920837402
33.79294013977051,0.0,21.44,0.0,-3.214418411254883
33.82050943374634,0.0,21.44,0.0,-3.2150189876556396
33.859564781188965,0.0,21.461,0.0,-3.215891122817993
33.87769269943237,0.0,21.461,0.0,-3.2169995307922363
33.90873646736145,0.0,21.472,0.0,-3.2182605266571045
33.94334101676941,0.0,21.461,0.0,-3.2192583084106445
33.973499059677124,0.0,21.462,0.0,-3.219545841217041
34.00545907020569,0.0,21.431,0.0,-3.2186481952667236
34.03786849975586,0.0,21.46,0.0,-3.2181262969970703
34.07165765762329,0.0,21.467,0.0,-3.21854829788208
34.1045925617218,0.0,21.492,0.0,-3.2206597328186035
34.13604474067688,0.0,21.507,0.0,-3.22243595123291
34.168614864349365,0.0,21.495,0.0,-3.22332501411438
34.192394495010376,0.0,21.479,0.0,-3.223944664001465
34.23328876495361,0.0,21.466,0.0,-3.2229833602905273
34.26602578163147,0.0,21.477,0.0,-3.2228498458862305
34.28295826911926,0.0,21.467,0.0,-3.2223076820373535
34.3133339881897,0.0,21.454,0.0,-3.2213263511657715
34.35932779312134,0.0,21.44,0.0,-3.2195730209350586
34.39096283912659,0.0,21.443,0.0,-3.218599319458008
34.40826106071472,0.0,21.451,0.0,-3.2179720401763916
34.43964242935181,0.0,21.477,0.0,-3.2178261280059814
34.470555782318115,0.0,21.455,0.0,-3.2188096046447754
34.504531383514404,0.0,21.477,0.0,-3.2194488048553467
34.54230999946594,0.0,21.444,0.0,-3.2199411392211914
34.57957124710083,0.0,21.436,0.0,-3.218038320541382
34.61553454399109,0.0,21.425,0.0,-3.2165367603302
34.64888787269592,0.0,21.446,0.0,-3.2156338691711426
34.68051195144653,0.0,21.461,0.0,-3.2166192531585693
34.71258902549744,0.0,21.442,0.0,-3.2164413928985596
34.73769783973694,0.0,21.442,0.0,-3.216310739517212
34.76872253417969,0.0,21.488,0.0,-3.2178120613098145
34.80427408218384,0.0,21.486,0.0,-3.2203869819641113
34.83348369598389,0.0,21.458,0.0,-3.2200348377227783
34.86562538146973,0.0,21.443,0.0,-3.2191245555877686
34.89737510681152,0.0,21.459,0.0,-3.2179958820343018
34.92973709106445,0.0,21.479,0.0,-3.219223976135254
34.96242070198059,0.0,21.494,0.0,-3.220003604888916
34.99348211288452,0.0,21.507,0.0,-3.221231698989868
35.0300567150116,0.0,21.486,0.0,-3.222975015640259
35.0579035282135,0.0,21.473,0.0,-3.223031997680664
35.08991742134094,0.0,21.459,0.0,-3.2226412296295166
35.12280535697937,0.0,21.443,0.0,-3.22173810005188
35.1547269821167,0.0,21.426,0.0,-3.2185723781585693
35.18599462509155,0.0,21.413,0.0,-3.2165215015411377
35.21769428253174,0.0,21.417,0.0,-3.2150702476501465
35.25947690010071,0.0,21.408,0.0,-3.213045358657837
35.29081964492798,0.0,21.433,0.0,-3.2128982543945312
35.321309328079224,0.0,21.443,0.0,-3.2131845951080322
35.353246450424194,0.0,21.395,0.0,-3.2123584747314453
35.38551616668701,0.0,21.399,0.0,-3.211393356323242
35.417582273483276,0.0,21.402,0.0,-3.2107934951782227
35.449700355529785,0.0,21.419,0.0,-3.2098896503448486
35.48246359825134,0.0,21.41,0.0,-3.2107994556427
35.51368045806885,0.0,21.418,0.0,-3.21075701713562
35.546361446380615,0.0,21.425,0.0,-3.2110774517059326
35.57975363731384,0.0,21.44,0.0,-3.212120294570923
35.61128830909729,0.0,21.438,0.0,-3.2130932807922363
35.64243221282959,0.0,21.457,0.0,-3.2137680053710938
35.67534255981445,0.0,21.462,0.0,-3.215090274810791
35.707719802856445,0.0,21.469,0.0,-3.2175614833831787
35.739147424697876,0.0,21.47,0.0,-3.2185521125793457
35.77183794975281,0.0,21.47,0.0,-3.219304323196411
35.80378031730652,0.0,21.471,0.0,-3.2203316688537598
35.83618783950806,0.0,21.433,0.0,-3.2190747261047363
35.875513315200806,0.0,21.412,0.0,-3.2173733711242676
35.9072961807251,0.0,21.425,0.0,-3.215270757675171
35.943979263305664,0.0,21.471,0.0,-3.2155988216400146
35.97593450546265,0.0,21.477,0.0,-3.2169888019561768
36.00609731674194,0.0,21.457,0.0,-3.218494415283203
36.03675055503845,0.0,21.466,0.0,-3.2190027236938477
36.06984043121338,0.0,21.466,0.0,-3.2193868160247803
36.10031008720398,0.0,21.497,0.0,-3.2196736335754395
36.13275766372681,0.0,21.449,0.0,-3.2215006351470947
36.16578936576843,0.0,21.417,0.0,-3.2205586433410645
36.19682955741882,0.0,21.386,0.0,-3.218472480773926
36.22899007797241,0.0,21.381,0.0,-3.213082790374756
36.260148763656616,0.0,21.428,0.0,-3.212111711502075
36.29191756248474,0.0,21.446,0.0,-3.2124290466308594
36.321823596954346,0.0,21.428,0.0,-3.2134487628936768
36.356064319610596,0.0,21.448,0.0,-3.2143845558166504
36.38845634460449,0.0,21.459,0.0,-3.2155423164367676
36.41895866394043,0.0,21.455,0.0,-3.2164840698242188
36.45122718811035,0.0,21.407,0.0,-3.2170023918151855
36.49372982978821,0.0,21.397,0.0,-3.2137131690979004
36.523993492126465,0.0,21.422,0.0,-3.212468385696411
36.55793023109436,0.0,21.426,0.0,-3.2127487659454346
36.58792424201965,0.0,21.434,0.0,-3.213268995285034
36.61978578567505,0.0,21.437,0.0,-3.213806390762329
36.64339327812195,0.0,21.419,0.0,-3.2134721279144287
36.675857067108154,0.0,21.415,0.0,-3.213218927383423
36.7104434967041,0.0,21.401,0.0,-3.2118358612060547
36.740933656692505,0.0,21.404,0.0,-3.2112197875976562
36.773775815963745,0.0,21.427,0.0,-3.210880756378174
36.80754804611206,0.0,21.422,0.0,-3.211951732635498
36.83957767486572,0.0,21.441,0.0,-3.2124860286712646
36.8714873790741,0.0,21.435,0.0,-3.2134511470794678
36.9041862487793,0.0,21.473,0.0,-3.2139480113983154
36.936772108078,0.0,21.458,0.0,-3.216822624206543
36.968239307403564,0.0,21.433,0.0,-3.2164552211761475
37.00036644935608,0.0,21.406,0.0,-3.216076374053955
37.033019065856934,0.0,21.414,0.0,-3.2136759757995605
37.06490230560303,0.0,21.409,0.0,-3.213200807571411
37.09651708602905,0.0,21.401,0.0,-3.2126269340515137
37.12882709503174,0.0,21.424,0.0,-3.2118520736694336
37.15912055969238,0.0,21.433,0.0,-3.212620258331299
37.19219994544983,0.0,21.468,0.0,-3.2132108211517334
37.22441244125366,0.0,21.454,0.0,-3.2151408195495605
37.258225440979004,0.0,21.455,0.0,-3.2167770862579346
37.287720680236816,0.0,21.432,0.0,-3.2172083854675293
37.31911015510559,0.0,21.423,0.0,-3.2166907787323
37.35173511505127,0.0,21.384,0.0,-3.215902328491211
37.37677979469299,0.0,21.39,0.0,-3.2136478424072266
37.410210371017456,0.0,21.408,0.0,-3.211763858795166
37.44213104248047,0.0,21.439,0.0,-3.2127723693847656
37.47399401664734,0.0,21.402,0.0,-3.2127203941345215
37.506671667099,0.0,21.388,0.0,-3.210811138153076
37.537776947021484,0.0,21.384,0.0,-3.2097556591033936
37.57032322883606,0.0,21.398,0.0,-3.209540367126465
37.60127329826355,0.0,21.444,0.0,-3.210606336593628
37.63434457778931,0.0,21.425,0.0,-3.2133617401123047
37.66717219352722,0.0,21.416,0.0,-3.213496208190918
37.69991636276245,0.0,21.419,0.0,-3.2132201194763184
37.73187017440796,0.0,21.407,0.0,-3.211801290512085
37.76216459274292,0.0,21.418,0.0,-3.2115306854248047
37.79343223571777,0.0,21.379,0.0,-3.2117881774902344
37.82614612579346,0.0,21.414,0.0,-3.2103538513183594
37.85828995704651,0.0,21.417,0.0,-3.211138963699341
37.88986420631409,0.0,21.429,0.0,-3.2116782665252686
37.922329902648926,0.0,21.426,0.0,-3.212392807006836
37.95763063430786,0.0,21.43,0.0,-3.213318109512329
38.001821756362915,0.0,21.442,0.0,-3.2134060859680176
38.04244422912598,0.0,21.425,0.0,-3.2142157554626465
38.07022714614868,0.0,21.431,0.0,-3.2144205570220947
38.095011949539185,0.0,21.416,0.0,-3.213942527770996
38.14021849632263,0.0,21.434,0.0,-3.2136740684509277
38.17599534988403,0.0,21.421,0.0,-3.214447498321533
38.21121120452881,0.0,21.443,0.0,-3.2146124839782715
38.24389958381653,0.0,21.437,0.0,-3.215198516845703
38.27616786956787,0.0,21.435,0.0,-3.215393304824829
38.307106018066406,0.0,21.459,0.0,-3.2172133922576904
38.33905363082886,0.0,21.449,0.0,-3.217850923538208
38.370601177215576,0.0,21.441,0.0,-3.217909812927246
38.40120553970337,0.0,21.448,0.0,-3.2176051139831543
38.43633580207825,0.0,21.429,0.0,-3.21687650680542
38.46933388710022,0.0,21.429,0.0,-3.2167725563049316
38.500972747802734,0.0,21.4,0.0,-3.2161812782287598
38.532896518707275,0.0,21.422,0.0,-3.214125156402588
38.56748390197754,0.0,21.43,0.0,-3.214174270629883
38.60552382469177,0.0,21.407,0.0,-3.213480234146118
38.637884855270386,0.0,21.398,0.0,-3.2123427391052246
38.67003035545349,0.0,21.406,0.0,-3.2118067741394043
38.701510429382324,0.0,21.41,0.0,-3.2101845741271973
38.74236249923706,0.0,21.447,0.0,-3.2120113372802734
38.77469062805176,0.0,21.429,0.0,-3.2133231163024902
38.80190920829773,0.0,21.464,0.0,-3.2135860919952393
38.84249234199524,0.0,21.422,0.0,-3.2164275646209717
38.86685800552368,0.0,21.44,0.0,-3.215683937072754
38.89311146736145,0.0,21.415,0.0,-3.2158565521240234
38.93347644805908,0.0,21.396,0.0,-3.2134180068969727
38.95935821533203,0.0,21.402,0.0,-3.212498188018799
38.99014329910278,0.0,21.43,0.0,-3.2123799324035645
39.02229714393616,0.0,21.44,0.0,-3.212883234024048
39.05507826805115,0.0,21.419,0.0,-3.2134485244750977
39.08679389953613,0.0,21.429,0.0,-3.213677167892456
39.11941909790039,0.0,21.432,0.0,-3.2136871814727783
39.15205264091492,0.0,21.457,0.0,-3.213989734649658
39.18312382698059,0.0,21.429,0.0,-3.215087413787842
39.21584606170654,0.0,21.431,0.0,-3.2150228023529053
39.24721693992615,0.0,21.397,0.0,-3.213541030883789
39.279699087142944,0.0,21.408,0.0,-3.212268352508545
39.30893540382385,0.0,21.429,0.0,-3.212462902069092
39.34168100357056,0.0,21.452,0.0,-3.2138888835906982
39.38607907295227,0.0,21.44,0.0,-3.2151737213134766
39.40827679634094,0.0,21.44,0.0,-3.215475559234619
39.43637466430664,0.0,21.421,0.0,-3.2149055004119873
39.46840476989746,0.0,21.431,0.0,-3.2140400409698486
39.492846965789795,0.0,21.442,0.0,-3.2142090797424316
39.52474641799927,0.0,21.405,0.0,-3.214801549911499
39.549463748931885,0.0,21.366,0.0,-3.2137041091918945
39.59041905403137,0.0,21.371,0.0,-3.20950984954834
39.62267804145813,0.0,21.424,0.0,-3.2104291915893555
39.654531955718994,0.0,21.466,0.0,-3.212036371231079
39.686463356018066,0.0,21.444,0.0,-3.2148966789245605
39.71853041648865,0.0,21.404,0.0,-3.2137742042541504
39.7506217956543,0.0,21.404,0.0,-3.212902784347534
39.783836364746094,0.0,21.405,0.0,-3.212005615234375
39.81464505195618,0.0,21.4,0.0,-3.211585521697998
39.8476505279541,0.0,21.392,0.0,-3.2110562324523926
39.88299608230591,0.0,21.391,0.0,-3.20971417427063
39.91141414642334,0.0,21.389,0.0,-3.2093002796173096
39.94435214996338,0.0,21.418,0.0,-3.2088661193847656
39.97562050819397,0.0,21.417,0.0,-3.209761142730713
40.00919246673584,0.0,21.426,0.0,-3.2113194465637207
40.042279958724976,0.0,21.444,0.0,-3.2135705947875977
40.07532620429993,0.0,21.454,0.0,-3.2145113945007324
40.10849118232727,0.0,21.452,0.0,-3.216435670852661
40.138370752334595,0.0,21.44,0.0,-3.216524124145508
40.171019554138184,0.0,21.426,0.0,-3.216031312942505
40.210827112197876,0.0,21.43,0.0,-3.2154150009155273
40.242116928100586,0.0,21.44,0.0,-3.2156870365142822
40.266849994659424,0.0,21.46,0.0,-3.216729164123535
40.308269023895264,0.0,21.454,0.0,-3.2180049419403076
40.337634325027466,0.0,21.463,0.0,-3.21860933303833
40.36991500854492,0.0,21.454,0.0,-3.2186834812164307
40.40235233306885,0.0,21.428,0.0,-3.2187252044677734
40.43346834182739,0.0,21.439,0.0,-3.217984437942505
40.465694427490234,0.0,21.437,0.0,-3.2175188064575195
40.49705243110657,0.0,21.495,0.0,-3.2170662879943848
40.53461694717407,0.0,21.486,0.0,-3.220367431640625
40.55999493598938,0.0,21.497,0.0,-3.221759557723999
40.5911819934845,0.0,21.518,0.0,-3.2232797145843506
40.62346935272217,0.0,21.5,0.0,-3.2248525619506836
40.65630125999451,0.0,21.515,0.0,-3.226222038269043
40.687618255615234,0.0,21.489,0.0,-3.2258248329162598
40.719382524490356,0.0,21.44,0.0,-3.223893165588379
40.75142526626587,0.0,21.462,0.0,-3.2219157218933105
40.79320526123047,0.0,21.456,0.0,-3.220560073852539
40.82381892204285,0.0,21.445,0.0,-3.220280170440674
40.85583853721619,0.0,21.444,0.0,-3.219305992126465
40.88840413093567,0.0,21.455,0.0,-3.2183632850646973
40.914546251297,0.0,21.462,0.0,-3.218548059463501
40.94261860847473,0.0,21.485,0.0,-3.218696117401123
40.98495101928711,0.0,21.432,0.0,-3.2196555137634277
41.02326774597168,0.0,21.441,0.0,-3.2182979583740234
41.055617332458496,0.0,21.443,0.0,-3.2176284790039062
41.083532094955444,0.0,21.462,0.0,-3.2176761627197266
41.12327551841736,0.0,21.484,0.0,-3.2191429138183594
41.155837059020996,0.0,21.502,0.0,-3.220111846923828
41.18924927711487,0.0,21.503,0.0,-3.222813844680786
41.220524072647095,0.0,21.462,0.0,-3.2223432064056396
41.252742767333984,0.0,21.428,0.0,-3.2216315269470215
41.28407382965088,0.0,21.442,0.0,-3.218693256378174
41.31572341918945,0.0,21.438,0.0,-3.217792510986328
41.34824728965759,0.0,21.44,0.0,-3.217521905899048
41.380754709243774,0.0,21.451,0.0,-3.216984748840332
41.41355109214783,0.0,21.454,0.0,-3.2172183990478516
41.45300817489624,0.0,21.459,0.0,-3.217196464538574
41.49360680580139,0.0,21.462,0.0,-3.2175636291503906
41.52638030052185,0.0,21.449,0.0,-3.217986822128296
41.557910442352295,0.0,21.48,0.0,-3.2189104557037354
41.589282274246216,0.0,21.476,0.0,-3.218867778778076
41.620166063308716,0.0,21.46,0.0,-3.2195897102355957
41.66017770767212,0.0,21.474,0.0,-3.2199690341949463
41.70135235786438,0.0,21.476,0.0,-3.2211461067199707
41.733879804611206,0.0,21.502,0.0,-3.2225654125213623
41.76547312736511,0.0,21.458,0.0,-3.2216575145721436
41.797723054885864,0.0,21.47,0.0,-3.2204408645629883
41.82923984527588,0.0,21.483,0.0,-3.2205021381378174
41.86194086074829,0.0,21.488,0.0,-3.2217535972595215
41.89397668838501,0.0,21.463,0.0,-3.2212090492248535
41.92601776123047,0.0,21.464,0.0,-3.2204039096832275
41.959168910980225,0.0,21.471,0.0,-3.220331907272339
41.99036192893982,0.0,21.492,0.0,-3.2213165760040283
42.02242422103882,0.0,21.49,0.0,-3.2219910621643066
42.054614543914795,0.0,21.505,0.0,-3.223766565322876
42.08730173110962,0.0,21.513,0.0,-3.22505259513855
42.11949276924133,0.0,21.516,0.0,-3.2258005142211914
42.151305198669434,0.0,21.481,0.0,-3.2264881134033203
42.176496505737305,0.0,21.488,0.0,-3.225531578063965
42.2092068195343,0.0,21.478,0.0,-3.2242789268493652
42.240455627441406,0.0,21.474,0.0,-3.223658323287964
42.27255654335022,0.0,21.456,0.0,-3.2230045795440674
42.30434250831604,0.0,21.475,0.0,-3.2217397689819336
42.33618688583374,0.0,21.47,0.0,-3.221215009689331
42.37565898895264,0.0,21.483,0.0,-3.221791982650757
42.41074872016907,0.0,21.428,0.0,-3.219759941101074
42.4550199508667,0.0,21.467,0.0,-3.218451738357544
42.49502944946289,0.0,21.515,0.0,-3.2209415435791016
42.527944564819336,0.0,21.517,0.0,-3.2230093479156494
42.56145763397217,0.0,21.524,0.0,-3.2256813049316406
42.592031478881836,0.0,21.502,0.0,-3.225770950317383
42.62401080131531,0.0,21.485,0.0,-3.225111961364746
42.660037994384766,0.0,21.446,0.0,-3.2226903438568115
42.68905544281006,0.0,21.473,0.0,-3.2210705280303955
42.72149348258972,0.0,21.477,0.0,-3.220954656600952
42.75321888923645,0.0,21.498,0.0,-3.221039295196533
42.787248611450195,0.0,21.509,0.0,-3.2231945991516113
42.816996812820435,0.0,21.507,0.0,-3.2239975929260254
42.84901285171509,0.0,21.504,0.0,-3.2246556282043457
42.87542653083801,0.0,21.495,0.0,-3.2250313758850098
42.90792369842529,0.0,21.472,0.0,-3.224935293197632
42.93992733955383,0.0,21.48,0.0,-3.223405599594116
42.97077441215515,0.0,21.474,0.0,-3.2230734825134277
43.0037899017334,0.0,21.479,0.0,-3.2225215435028076
43.03756666183472,0.0,21.469,0.0,-3.2217211723327637
43.0765118598938,0.0,21.481,0.0,-3.2213990688323975
43.10979247093201,0.0,21.476,0.0,-3.2214322090148926
43.16602349281311,0.0,21.487,0.0,-3.2220277786254883
43.200401306152344,0.0,21.493,0.0,-3.222287893295288
43.2254593372345,0.0,21.494,0.0,-3.2227425575256348
43.26146221160889,0.0,21.504,0.0,-3.22318696975708
43.29032754898071,0.0,21.499,0.0,-3.22389554977417
43.32151937484741,0.0,21.508,0.0,-3.2242298126220703
43.35409593582153,0.0,21.513,0.0,-3.224860906600952
43.385966300964355,0.0,21.509,0.0,-3.22590970993042
43.419504165649414,0.0,21.475,0.0,-3.2256720066070557
43.452208042144775,0.0,21.477,0.0,-3.2245545387268066
43.48699474334717,0.0,21.456,0.0,-3.2222750186920166
43.51798963546753,0.0,21.479,0.0,-3.2211647033691406
43.548349380493164,0.0,21.469,0.0,-3.2212367057800293
43.580676794052124,0.0,21.476,0.0,-3.2208809852600098
43.62552309036255,0.0,21.451,0.0,-3.2203497886657715
43.64269137382507,0.0,21.451,0.0,-3.2194647789001465
43.674100160598755,0.0,21.459,0.0,-3.2191271781921387
43.70534420013428,0.0,21.493,0.0,-3.219634771347046
43.73670721054077,0.0,21.513,0.0,-3.2223894596099854
43.768131732940674,0.0,21.494,0.0,-3.2228918075561523
43.810614347457886,0.0,21.473,0.0,-3.222899913787842
43.848766565322876,0.0,21.478,0.0,-3.2223939895629883
43.88563346862793,0.0,21.532,0.0,-3.222656726837158
43.91661477088928,0.0,21.522,0.0,-3.2246806621551514
43.94922924041748,0.0,21.51,0.0,-3.225820541381836
43.98150992393494,0.0,21.52,0.0,-3.226186990737915
44.01332926750183,0.0,21.484,0.0,-3.225884437561035
44.04542922973633,0.0,21.512,0.0,-3.2251458168029785
44.07875037193298,0.0,21.512,0.0,-3.2257001399993896
44.110440731048584,0.0,21.532,0.0,-3.2272777557373047
44.142300605773926,0.0,21.519,0.0,-3.2276148796081543
44.17545437812805,0.0,21.517,0.0,-3.228198528289795
44.206055879592896,0.0,21.547,0.0,-3.2282156944274902
44.238380670547485,0.0,21.506,0.0,-3.2287111282348633
44.27043604850769,0.0,21.486,0.0,-3.227264881134033
44.30921459197998,0.0,21.44,0.0,-3.2252964973449707
44.34209060668945,0.0,21.489,0.0,-3.222719430923462
44.373685359954834,0.0,21.479,0.0,-3.2227609157562256
44.4060378074646,0.0,21.515,0.0,-3.2223825454711914
44.4372444152832,0.0,21.475,0.0,-3.224191427230835
44.47037172317505,0.0,21.487,0.0,-3.2233409881591797
44.51088786125183,0.0,21.485,0.0,-3.222996234893799
44.54212474822998,0.0,21.514,0.0,-3.223270893096924
44.568846464157104,0.0,21.512,0.0,-3.2242863178253174
44.60899305343628,0.0,21.506,0.0,-3.225280284881592
44.64282703399658,0.0,21.491,0.0,-3.2255020141601562
44.675225257873535,0.0,21.5,0.0,-3.2250397205352783
44.71254062652588,0.0,21.467,0.0,-3.2236826419830322
44.739500522613525,0.0,21.485,0.0,-3.2233762741088867
44.77222490310669,0.0,21.474,0.0,-3.2226812839508057
44.82116365432739,0.0,21.482,0.0,-3.2229886054992676
44.85400867462158,0.0,21.462,0.0,-3.221388339996338
44.887569189071655,0.0,21.472,0.0,-3.2205324172973633
44.917733669281006,0.0,21.482,0.0,-3.2208642959594727
44.94978904724121,0.0,21.517,0.0,-3.2226014137268066
44.982112884521484,0.0,21.497,0.0,-3.2239511013031006
45.01367950439453,0.0,21.491,0.0,-3.2252488136291504
45.04570722579956,0.0,21.479,0.0,-3.224893569946289
45.076268434524536,0.0,21.461,0.0,-3.224109172821045
45.11334681510925,0.0,21.469,0.0,-3.2220237255096436
45.13996958732605,0.0,21.47,0.0,-3.2211782932281494
45.17225766181946,0.0,21.484,0.0,-3.2208681106567383
45.20483469963074,0.0,21.497,0.0,-3.2212252616882324
45.2361626625061,0.0,21.492,0.0,-3.222493886947632
45.27568745613098,0.0,21.52,0.0,-3.224137306213379
45.30271053314209,0.0,21.54,0.0,-3.22528076171875
45.32894468307495,0.0,21.478,0.0,-3.2269983291625977
45.3667094707489,0.0,21.465,0.0,-3.22415828704834
45.39980673789978,0.0,21.401,0.0,-3.220264434814453
45.424819231033325,0.0,21.394,0.0,-3.2169649600982666
45.456467151641846,0.0,21.414,0.0,-3.214305877685547
45.4871551990509,0.0,21.437,0.0,-3.213423013687134
45.52006483078003,0.0,21.462,0.0,-3.214643955230713
45.55176830291748,0.0,21.491,0.0,-3.21561598777771
45.58806538581848,0.0,21.517,0.0,-3.219749927520752
45.61654019355774,0.0,21.504,0.0,-3.221916675567627
45.649041414260864,0.0,21.525,0.0,-3.22304368019104
45.68107724189758,0.0,21.487,0.0,-3.224788188934326
45.71259903907776,0.0,21.472,0.0,-3.223680257797241
45.74473285675049,0.0,21.43,0.0,-3.2230546474456787
45.78066682815552,0.0,21.441,0.0,-3.2207565307617188
45.81300067901611,0.0,21.473,0.0,-3.2197678089141846
45.842440128326416,0.0,21.48,0.0,-3.220322370529175
45.875967502593994,0.0,21.487,0.0,-3.2214691638946533
45.906835317611694,0.0,21.494,0.0,-3.2219367027282715
45.92290377616882,0.0,21.494,0.0,-3.2225897312164307
45.95487570762634,0.0,21.442,0.0,-3.2232580184936523
45.99371695518494,0.0,21.462,0.0,-3.220827341079712
46.026371002197266,0.0,21.473,0.0,-3.220834732055664
46.05434060096741,0.0,21.536,0.0,-3.2211785316467285
46.087422609329224,0.0,21.516,0.0,-3.224902868270874
46.11839175224304,0.0,21.49,0.0,-3.2246875762939453
46.15077066421509,0.0,21.482,0.0,-3.224508762359619
46.18315625190735,0.0,21.451,0.0,-3.2240240573883057
46.214834690093994,0.0,21.453,0.0,-3.2215776443481445
46.24741196632385,0.0,21.461,0.0,-3.2205281257629395
46.27968788146973,0.0,21.473,0.0,-3.2200567722320557
46.3129768371582,0.0,21.467,0.0,-3.220072031021118
46.344056367874146,0.0,21.484,0.0,-3.2207748889923096
46.39254856109619,0.0,21.474,0.0,-3.2211811542510986
46.42453169822693,0.0,21.441,0.0,-3.220759868621826
46.45647835731506,0.0,21.416,0.0,-3.219428300857544
46.488709688186646,0.0,21.446,0.0,-3.217021942138672
46.52147817611694,0.0,21.47,0.0,-3.217787981033325
46.55282211303711,0.0,21.495,0.0,-3.219611406326294
46.593501329422,0.0,21.493,0.0,-3.2217447757720947
46.625810861587524,0.0,21.486,0.0,-3.2221312522888184
46.6574501991272,0.0,21.515,0.0,-3.2231807708740234
46.689547538757324,0.0,21.505,0.0,-3.2249948978424072
46.72592806816101,0.0,21.484,0.0,-3.225404739379883
46.76454257965088,0.0,21.454,0.0,-3.2231030464172363
46.7915735244751,0.0,21.449,0.0,-3.221511125564575
46.823848247528076,0.0,21.47,0.0,-3.2203209400177
46.85612773895264,0.0,21.477,0.0,-3.2202863693237305
46.88788938522339,0.0,21.49,0.0,-3.221322536468506
46.92239809036255,0.0,21.487,0.0,-3.221705198287964
46.95586657524109,0.0,21.466,0.0,-3.22208571434021
46.98880362510681,0.0,21.448,0.0,-3.220285415649414
47.01910448074341,0.0,21.459,0.0,-3.219813108444214
47.05195379257202,0.0,21.527,0.0,-3.2206716537475586
47.08310055732727,0.0,21.551,0.0,-3.222977876663208
47.115410566329956,0.0,21.549,0.0,-3.227830410003662
47.14719581604004,0.0,21.549,0.0,-3.2294058799743652
47.17972135543823,0.0,21.583,0.0,-3.231858730316162
47.215173959732056,0.0,21.55,0.0,-3.2340424060821533
47.24240517616272,0.0,21.544,0.0,-3.2338674068450928
47.27355456352234,0.0,21.523,0.0,-3.233696222305298
47.30576300621033,0.0,21.491,0.0,-3.232649087905884
47.33669662475586,0.0,21.499,0.0,-3.2290539741516113
47.3687219619751,0.0,21.505,0.0,-3.2279911041259766
47.39405035972595,0.0,21.525,0.0,-3.227415084838867
47.44239521026611,0.0,21.47,0.0,-3.227058172225952
47.47480082511902,0.0,21.451,0.0,-3.2252180576324463
47.50794005393982,0.0,21.457,0.0,-3.2230005264282227
47.54754185676575,0.0,21.477,0.0,-3.220947742462158
47.579527378082275,0.0,21.456,0.0,-3.220838785171509
47.61523628234863,0.0,21.445,0.0,-3.2187201976776123
47.643604040145874,0.0,21.475,0.0,-3.2190961837768555
47.67601776123047,0.0,21.459,0.0,-3.218695878982544
47.70829224586487,0.0,21.423,0.0,-3.218449592590332
47.74026155471802,0.0,21.4,0.0,-3.2145256996154785
47.77277708053589,0.0,21.42,0.0,-3.21366024017334
47.803770542144775,0.0,21.39,0.0,-3.211764097213745
47.836365938186646,0.0,21.421,0.0,-3.211346387863159
47.867518186569214,0.0,21.427,0.0,-3.2116379737854004
47.89934039115906,0.0,21.45,0.0,-3.2118961811065674
47.92489409446716,0.0,21.43,0.0,-3.2130908966064453
47.95780348777771,0.0,21.438,0.0,-3.2131991386413574
47.989110231399536,0.0,21.438,0.0,-3.2139134407043457
48.02132797241211,0.0,21.442,0.0,-3.214224338531494
48.05461049079895,0.0,21.442,0.0,-3.2146458625793457
48.0921311378479,0.0,21.458,0.0,-3.2159230709075928
48.12530016899109,0.0,21.456,0.0,-3.2171597480773926
48.164669036865234,0.0,21.441,0.0,-3.2171823978424072
48.19262647628784,0.0,21.444,0.0,-3.217038154602051
48.224674463272095,0.0,21.452,0.0,-3.2170934677124023
48.25840973854065,0.0,21.456,0.0,-3.217303514480591
48.29074788093567,0.0,21.411,0.0,-3.2159948348999023
48.32294797897339,0.0,21.391,0.0,-3.213888645172119
48.35535383224487,0.0,21.429,0.0,-3.212897539138794
48.389493465423584,0.0,21.428,0.0,-3.213245391845703
48.41935586929321,0.0,21.45,0.0,-3.2142863273620605
48.450366258621216,0.0,21.449,0.0,-3.215057849884033
48.4826397895813,0.0,21.454,0.0,-3.2156593799591064
48.52402710914612,0.0,21.461,0.0,-3.21694278717041
48.55642008781433,0.0,21.468,0.0,-3.217618703842163
48.589879751205444,0.0,21.459,0.0,-3.2186715602874756
48.620404958724976,0.0,21.48,0.0,-3.219647169113159
48.65147852897644,0.0,21.456,0.0,-3.2204744815826416
48.693039417266846,0.0,21.46,0.0,-3.220330238342285
48.72529053688049,0.0,21.458,0.0,-3.220123529434204
48.75711941719055,0.0,21.471,0.0,-3.2198684215545654
48.79170322418213,0.0,21.475,0.0,-3.220628261566162
48.82244157791138,0.0,21.507,0.0,-3.222287654876709
48.85291314125061,0.0,21.527,0.0,-3.2245655059814453
48.87664198875427,0.0,21.527,0.0,-3.2261393070220947
48.90931987762451,0.0,21.485,0.0,-3.225818395614624
48.939929485321045,0.0,21.491,0.0,-3.225114345550537
48.97237014770508,0.0,21.5,0.0,-3.225335121154785
49.017250299453735,0.0,21.486,0.0,-3.225355863571167
49.042014360427856,0.0,21.475,0.0,-3.224879503250122
49.08338713645935,0.0,21.469,0.0,-3.2240350246429443
49.11553740501404,0.0,21.5,0.0,-3.2224464416503906
49.14694786071777,0.0,21.505,0.0,-3.2231829166412354
49.17682719230652,0.0,21.494,0.0,-3.223959445953369
49.20958471298218,0.0,21.471,0.0,-3.224092483520508
49.24196219444275,0.0,21.454,0.0,-3.221830368041992
49.27354836463928,0.0,21.451,0.0,-3.2208375930786133
49.30503964424133,0.0,21.47,0.0,-3.2198641300201416
49.34110188484192,0.0,21.466,0.0,-3.2197985649108887
49.36952018737793,0.0,21.461,0.0,-3.2195053100585938
49.40169835090637,0.0,21.514,0.0,-3.221092939376831
49.44372224807739,0.0,21.509,0.0,-3.223814010620117
49.47791934013367,0.0,21.485,0.0,-3.2236251831054688
49.505940675735474,0.0,21.48,0.0,-3.2234716415405273
49.53993535041809,0.0,21.476,0.0,-3.222705125808716
49.570348262786865,0.0,21.494,0.0,-3.2231240272521973
49.60035967826843,0.0,21.468,0.0,-3.2223546504974365
49.64262938499451,0.0,21.477,0.0,-3.2207088470458984
49.69225478172302,0.0,21.522,0.0,-3.2216668128967285
49.72233819961548,0.0,21.535,0.0,-3.223506212234497
49.75564956665039,0.0,21.531,0.0,-3.2254724502563477
49.79063844680786,0.0,21.489,0.0,-3.2260758876800537
49.81830048561096,0.0,21.487,0.0,-3.224984645843506
49.850707054138184,0.0,21.483,0.0,-3.224550247192383
49.88254690170288,0.0,21.492,0.0,-3.224039316177368
49.91511273384094,0.0,21.466,0.0,-3.2229061126708984
49.94718265533447,0.0,21.457,0.0,-3.221667528152466
49.979493379592896,0.0,21.485,0.0,-3.22092342376709
50.01551866531372,0.0,21.491,0.0,-3.2218878269195557
50.04369592666626,0.0,21.457,0.0,-3.2209033966064453
50.075886487960815,0.0,21.451,0.0,-3.219895839691162
50.10837483406067,0.0,21.411,0.0,-3.217151641845703
50.14242935180664,0.0,21.437,0.0,-3.2150516510009766
50.191365480422974,0.0,21.474,0.0,-3.215024471282959
50.222166538238525,0.0,21.486,0.0,-3.2164340019226074
50.25454902648926,0.0,21.471,0.0,-3.2180464267730713
50.28640913963318,0.0,21.474,0.0,-3.2186741828918457
50.32664489746094,0.0,21.48,0.0,-3.22036075592041
50.35107731819153,0.0,21.486,0.0,-3.220851182937622
50.37834048271179,0.0,21.473,0.0,-3.2214789390563965
50.40752720832825,0.0,21.459,0.0,-3.2214136123657227
50.45083165168762,0.0,21.463,0.0,-3.2205190658569336
50.47297382354736,0.0,21.445,0.0,-3.2202394008636475
50.507198333740234,0.0,21.458,0.0,-3.219266414642334
50.53962421417236,0.0,21.479,0.0,-3.2197890281677246
50.57165169715881,0.0,21.484,0.0,-3.2205636501312256
50.604405641555786,0.0,21.502,0.0,-3.222170114517212
50.642157316207886,0.0,21.49,0.0,-3.2234034538269043
50.67464590072632,0.0,21.509,0.0,-3.224381923675537
50.706846475601196,0.0,21.475,0.0,-3.2242019176483154
50.73823165893555,0.0,21.466,0.0,-3.2235453128814697
50.76995635032654,0.0,21.459,0.0,-3.221653938293457
50.803011655807495,0.0,21.433,0.0,-3.2197916507720947
50.83632731437683,0.0,21.457,0.0,-3.2183539867401123
50.868812084198,0.0,21.478,0.0,-3.217385768890381
50.90676832199097,0.0,21.508,0.0,-3.218418598175049
50.923917055130005,0.0,21.504,0.0,-3.2204880714416504
50.95534825325012,0.0,21.487,0.0,-3.221924304962158
50.98686480522156,0.0,21.486,0.0,-3.222317695617676
51.018656969070435,0.0,21.466,0.0,-3.2219245433807373
51.05964994430542,0.0,21.46,0.0,-3.221752643585205
51.094995975494385,0.0,21.428,0.0,-3.2191219329833984
51.117631673812866,0.0,21.429,0.0,-3.2176930904388428
51.142945766448975,0.0,21.44,0.0,-3.21705961227417
51.173919439315796,0.0,21.483,0.0,-3.218388080596924
51.20593047142029,0.0,21.468,0.0,-3.219719886779785
51.23813605308533,0.0,21.469,0.0,-3.219830274581909
51.275620460510254,0.0,21.461,0.0,-3.219724178314209
51.317647218704224,0.0,21.479,0.0,-3.220322847366333
51.35716700553894,0.0,21.483,0.0,-3.221015691757202
51.39219880104065,0.0,21.468,0.0,-3.2211785316467285
51.43970251083374,0.0,21.446,0.0,-3.219482660293579
51.47642660140991,0.0,21.432,0.0,-3.217540979385376
51.50217270851135,0.0,21.452,0.0,-3.216639757156372
51.535733699798584,0.0,21.496,0.0,-3.216794013977051
51.572678089141846,0.0,21.497,0.0,-3.220310688018799
51.60453748703003,0.0,21.478,0.0,-3.221541404724121
51.642030477523804,0.0,21.442,0.0,-3.221292734146118
51.67374658584595,0.0,21.428,0.0,-3.219971179962158
51.70895457267761,0.0,21.45,0.0,-3.218358278274536
51.749820709228516,0.0,21.507,0.0,-3.2182998657226562
51.78175687789917,0.0,21.525,0.0,-3.2203989028930664
51.823750257492065,0.0,21.525,0.0,-3.2245278358459473
51.867427587509155,0.0,21.514,0.0,-3.226567268371582
51.8923282623291,0.0,21.535,0.0,-3.2279045581817627
51.92548632621765,0.0,21.507,0.0,-3.227738618850708
51.97477746009827,0.0,21.483,0.0,-3.2262744903564453
52.009479999542236,0.0,21.499,0.0,-3.2256152629852295
52.04301190376282,0.0,21.499,0.0,-3.2254960536956787
52.0678026676178,0.0,21.486,0.0,-3.224895477294922
52.11214470863342,0.0,21.49,0.0,-3.2244653701782227
52.15236163139343,0.0,21.476,0.0,-3.2234973907470703
52.18691420555115,0.0,21.502,0.0,-3.223205327987671
52.22703313827515,0.0,21.474,0.0,-3.2230446338653564
52.2519748210907,0.0,21.499,0.0,-3.222477674484253
52.29337811470032,0.0,21.5,0.0,-3.223905563354492
52.33231711387634,0.0,21.521,0.0,-3.2242400646209717
52.36457681655884,0.0,21.512,0.0,-3.2253782749176025
52.39677882194519,0.0,21.474,0.0,-3.225327730178833
52.42817425727844,0.0,21.472,0.0,-3.224224805831909
52.46181678771973,0.0,21.454,0.0,-3.2232842445373535
52.49464416503906,0.0,21.445,0.0,-3.2202818393707275
52.524709701538086,0.0,21.428,0.0,-3.2194950580596924
52.55667996406555,0.0,21.437,0.0,-3.217808723449707
52.589240312576294,0.0,21.464,0.0,-3.21690034866333
52.62105584144592,0.0,21.45,0.0,-3.2171366214752197
52.663498401641846,0.0,21.469,0.0,-3.217869520187378
52.695706367492676,0.0,21.486,0.0,-3.219482421875
52.72754096984863,0.0,21.486,0.0,-3.2203524112701416
52.768272399902344,0.0,21.475,0.0,-3.2207038402557373
52.80795454978943,0.0,21.48,0.0,-3.221137046813965
52.83969783782959,0.0,21.479,0.0,-3.221388339996338
52.87480187416077,0.0,21.489,0.0,-3.222074508666992
52.90997838973999,0.0,21.467,0.0,-3.2215611934661865
52.93870544433594,0.0,21.478,0.0,-3.221203565597534
52.97103571891785,0.0,21.488,0.0,-3.2211318016052246
53.00334930419922,0.0,21.483,0.0,-3.2217111587524414
53.035236835479736,0.0,21.472,0.0,-3.2219479084014893
53.06659960746765,0.0,21.48,0.0,-3.2223286628723145
53.09844422340393,0.0,21.512,0.0,-3.222291946411133
53.130321979522705,0.0,21.533,0.0,-3.2236034870147705
53.16230082511902,0.0,21.535,0.0,-3.2254936695098877
53.19549298286438,0.0,21.53,0.0,-3.2283644676208496
53.22662544250488,0.0,21.515,0.0,-3.228998899459839
53.258910179138184,0.0,21.495,0.0,-3.2288358211517334
53.289979696273804,0.0,21.478,0.0,-3.227846622467041
53.32313656806946,0.0,21.478,0.0,-3.2251768112182617
53.35534167289734,0.0,21.49,0.0,-3.224851608276367
53.39500069618225,0.0,21.483,0.0,-3.223954200744629
53.44416332244873,0.0,21.451,0.0,-3.221327304840088
53.483142614364624,0.0,21.423,0.0,-3.2197372913360596
53.51574730873108,0.0,21.412,0.0,-3.2177648544311523
53.54749011993408,0.0,21.418,0.0,-3.2145514488220215
53.59730911254883,0.0,21.459,0.0,-3.2163007259368896
53.62836408615112,0.0,21.482,0.0,-3.2167415618896484
53.66117787361145,0.0,21.48,0.0,-3.218067169189453
53.69324612617493,0.0,21.465,0.0,-3.2186357975006104
53.72374200820923,0.0,21.454,0.0,-3.2188477516174316
53.75554537773132,0.0,21.45,0.0,-3.2185564041137695
53.78903102874756,0.0,21.429,0.0,-3.2181692123413086
53.8201858997345,0.0,21.446,0.0,-3.216810941696167
53.85221076011658,0.0,21.487,0.0,-3.2173519134521484
53.87620210647583,0.0,21.5,0.0,-3.218830108642578
53.90862536430359,0.0,21.492,0.0,-3.220524787902832
53.94996213912964,0.0,21.457,0.0,-3.220775604248047
53.981635093688965,0.0,21.45,0.0,-3.2197489738464355
54.01466989517212,0.0,21.453,0.0,-3.219120740890503
54.04632329940796,0.0,21.445,0.0,-3.218151807785034
54.0708794593811,0.0,21.472,0.0,-3.218818187713623
54.095927715301514,0.0,21.487,0.0,-3.2199673652648926
54.14432883262634,0.0,21.513,0.0,-3.2233777046203613
54.17671203613281,0.0,21.51,0.0,-3.224442958831787
54.20888805389404,0.0,21.505,0.0,-3.225040912628174
54.24087047576904,0.0,21.526,0.0,-3.225527763366699
54.272823095321655,0.0,21.503,0.0,-3.22666597366333
54.304781436920166,0.0,21.489,0.0,-3.226010799407959
54.336613178253174,0.0,21.513,0.0,-3.2254858016967773
54.36890935897827,0.0,21.551,0.0,-3.2266392707824707
54.40057134628296,0.0,21.559,0.0,-3.228531837463379
54.433146238327026,0.0,21.563,0.0,-3.2303128242492676
54.46368432044983,0.0,21.548,0.0,-3.2318339347839355
54.49683094024658,0.0,21.539,0.0,-3.2323427200317383
54.52767467498779,0.0,21.525,0.0,-3.2328946590423584
54.56044030189514,0.0,21.532,0.0,-3.2321176528930664
54.5952467918396,0.0,21.562,0.0,-3.2327651977539062
54.62346696853638,0.0,21.567,0.0,-3.2337117195129395
54.64429688453674,0.0,21.57,0.0,-3.234546184539795
54.68025827407837,0.0,21.579,0.0,-3.235963821411133
54.707125186920166,0.0,21.59,0.0,-3.236612319946289
54.745619773864746,0.0,21.581,0.0,-3.2378594875335693
54.77080774307251,0.0,21.564,0.0,-3.2373571395874023
54.809725284576416,0.0,21.546,0.0,-3.2361841201782227
54.84474539756775,0.0,21.52,0.0,-3.2326478958129883
54.87823295593262,0.0,21.494,0.0,-3.2314043045043945
54.91045427322388,0.0,21.501,0.0,-3.229349136352539
54.943601846694946,0.0,21.48,0.0,-3.2270288467407227
54.97495245933533,0.0,21.484,0.0,-3.2254068851470947
55.00762486457825,0.0,21.467,0.0,-3.224339008331299
55.03919720649719,0.0,21.472,0.0,-3.2228214740753174
55.07238984107971,0.0,21.466,0.0,-3.2211861610412598
55.10544562339783,0.0,21.484,0.0,-3.2204244136810303
55.135804414749146,0.0,21.503,0.0,-3.220621347427368
55.15940570831299,0.0,21.508,0.0,-3.2216007709503174
55.192936420440674,0.0,21.521,0.0,-3.2239255905151367
55.22656726837158,0.0,21.517,0.0,-3.224801540374756
55.25763201713562,0.0,21.492,0.0,-3.2245635986328125
55.28392720222473,0.0,21.504,0.0,-3.224259853363037
55.32090759277344,0.0,21.507,0.0,-3.224881887435913
55.365132331848145,0.0,21.483,0.0,-3.2257423400878906
55.393160343170166,0.0,21.481,0.0,-3.2240142822265625
55.43330907821655,0.0,21.51,0.0,-3.2246193885803223
55.46510195732117,0.0,21.53,0.0,-3.22534441947937
55.48780846595764,0.0,21.53,0.0,-3.2264957427978516
55.52125835418701,0.0,21.499,0.0,-3.2278571128845215
55.56403207778931,0.0,21.474,0.0,-3.2271230220794678
55.596298694610596,0.0,21.465,0.0,-3.224494457244873
55.62772035598755,0.0,21.5,0.0,-3.2230911254882812
55.66041588783264,0.0,21.493,0.0,-3.2234838008880615
55.696295499801636,0.0,21.493,0.0,-3.2235255241394043
55.724273920059204,0.0,21.497,0.0,-3.2237181663513184
55.756035566329956,0.0,21.486,0.0,-3.2224035263061523
55.78851795196533,0.0,21.484,0.0,-3.222403049468994
55.82006096839905,0.0,21.485,0.0,-3.222322463989258
55.8515739440918,0.0,21.48,0.0,-3.222116708755493
55.88409948348999,0.0,21.457,0.0,-3.221210241317749
55.91619825363159,0.0,21.477,0.0,-3.220309257507324
55.94738435745239,0.0,21.479,0.0,-3.2206830978393555
55.98211097717285,0.0,21.458,0.0,-3.2199814319610596
56.01454186439514,0.0,21.441,0.0,-3.220038414001465
56.04592156410217,0.0,21.441,0.0,-3.2178432941436768
56.07862591743469,0.0,21.453,0.0,-3.217125654220581
56.095003604888916,0.0,21.455,0.0,-3.2170937061309814
56.12691926956177,0.0,21.476,0.0,-3.2171714305877686
56.15890097618103,0.0,21.489,0.0,-3.2181310653686523
56.19573712348938,0.0,21.468,0.0,-3.2197773456573486
56.22055172920227,0.0,21.46,0.0,-3.2198386192321777
56.261284589767456,0.0,21.478,0.0,-3.2195539474487305
56.293386936187744,0.0,21.487,0.0,-3.2200939655303955
56.32597041130066,0.0,21.501,0.0,-3.2214272022247314
56.358154296875,0.0,21.49,0.0,-3.22251033782959
56.38984394073486,0.0,21.504,0.0,-3.2228810787200928
56.422157526016235,0.0,21.5,0.0,-3.2242419719696045
56.45103979110718,0.0,21.484,0.0,-3.223940372467041
56.48860836029053,0.0,21.48,0.0,-3.2236125469207764
56.52135396003723,0.0,21.474,0.0,-3.2227396965026855
56.55206608772278,0.0,21.496,0.0,-3.2232515811920166
56.58438777923584,0.0,21.482,0.0,-3.223055362701416
56.62261390686035,0.0,21.483,0.0,-3.223294734954834
56.648536682128906,0.0,21.466,0.0,-3.2231175899505615
56.6807644367218,0.0,21.492,0.0,-3.2222626209259033
56.71238088607788,0.0,21.476,0.0,-3.222691774368286
56.74354124069214,0.0,21.47,0.0,-3.222350835800171
56.775060176849365,0.0,21.476,0.0,-3.221898078918457
56.80642008781433,0.0,21.496,0.0,-3.221738815307617
56.838178873062134,0.0,21.499,0.0,-3.2224576473236084
56.872822523117065,0.0,21.505,0.0,-3.223917245864868
56.90088081359863,0.0,21.506,0.0,-3.225017547607422
56.92476749420166,0.0,21.506,0.0,-3.225398540496826
56.97598361968994,0.0,21.51,0.0,-3.2263519763946533
57.0048942565918,0.0,21.501,0.0,-3.2251362800598145
57.04118537902832,0.0,21.496,0.0,-3.225236415863037
57.07186937332153,0.0,21.494,0.0,-3.224898338317871
57.10522699356079,0.0,21.484,0.0,-3.2243194580078125
57.136454582214355,0.0,21.468,0.0,-3.2238261699676514
57.17048645019531,0.0,21.481,0.0,-3.222578287124634
57.200910806655884,0.0,21.478,0.0,-3.2222745418548584
57.23409175872803,0.0,21.511,0.0,-3.2234301567077637
57.26597619056702,0.0,21.515,0.0,-3.2243266105651855
57.29901123046875,0.0,21.51,0.0,-3.2250492572784424
57.33082413673401,0.0,21.488,0.0,-3.225525379180908
57.36300253868103,0.0,21.503,0.0,-3.224963426589966
57.39577031135559,0.0,21.529,0.0,-3.226388454437256
57.42829966545105,0.0,21.492,0.0,-3.2271268367767334
57.45995593070984,0.0,21.461,0.0,-3.226344108581543
57.49154829978943,0.0,21.44,0.0,-3.224428176879883
57.525867223739624,100.0,21.452,100.0,-0.2202775478363037
57.56496047973633,100.0,22.624,100.0,2.1806275844573975
57.60562777519226,100.0,30.594,100.0,5.366186618804932
57.63843297958374,100.0,34.16,100.0,6.273759365081787
57.65976524353027,100.0,36.473,100.0,6.860257625579834
57.69023013114929,100.0,35.635,100.0,7.245732307434082
57.73109197616577,100.0,35.466,100.0,7.910278797149658
57.76388955116272,100.0,35.38,100.0,8.167658805847168
57.79912829399109,100.0,35.322,100.0,8.570740699768066
57.827860593795776,100.0,35.262,100.0,8.729333877563477
57.86048364639282,100.0,35.256,100.0,8.863399505615234
57.89200282096863,100.0,35.275,100.0,8.97710132598877
57.92419672012329,100.0,35.31,100.0,9.15496826171875
57.956316232681274,100.0,35.35,100.0,9.22310733795166
57.988298416137695,100.0,35.419,100.0,9.280096054077148
58.023409843444824,100.0,35.482,100.0,9.364612579345703
58.0580689907074,100.0,35.635,100.0,9.394648551940918
58.08226704597473,100.0,35.711,100.0,9.418864250183105
58.1148955821991,100.0,35.82,100.0,9.437826156616211
58.14619851112366,100.0,35.924,100.0,9.459657669067383
58.17907381057739,100.0,35.744,100.0,9.469169616699219
58.21121573448181,100.0,35.525,100.0,9.486186981201172
58.248918533325195,100.0,35.297,100.0,9.541096687316895
58.275580167770386,100.0,35.218,100.0,9.569602012634277
58.30868220329285,100.0,35.329,100.0,9.588418960571289
58.33166265487671,100.0,35.745,100.0,9.586743354797363
58.371511697769165,100.0,36.06,100.0,9.568323135375977
58.41365671157837,100.0,36.398,100.0,9.555335998535156
58.4490442276001,100.0,36.628,100.0,9.515780448913574
58.4768009185791,100.0,36.915,100.0,9.487586975097656
58.50840711593628,100.0,37.096,100.0,9.459205627441406
58.539742946624756,100.0,37.157,100.0,9.438299179077148
58.567466020584106,100.0,37.222,100.0,9.420631408691406
58.607651472091675,100.0,37.411,100.0,9.391546249389648
58.639949321746826,100.0,37.621,100.0,9.37694263458252
58.67353177070618,100.0,37.844,100.0,9.334700584411621
58.702723026275635,100.0,38.27,100.0,9.309711456298828
58.73538327217102,100.0,38.482,100.0,9.281634330749512
58.7672278881073,100.0,38.73,100.0,9.2520751953125
58.79916429519653,100.0,38.988,100.0,9.18530559539795
58.83179521560669,100.0,39.22,100.0,9.149991989135742
58.86318635940552,100.0,39.648,100.0,9.113493919372559
58.89961528778076,100.0,39.972,100.0,9.040009498596191
58.92785334587097,100.0,40.147,100.0,9.003883361816406
58.960779428482056,100.0,40.363,100.0,8.972736358642578
58.991943359375,100.0,40.365,100.0,8.945633888244629
59.025583267211914,100.0,40.365,100.0,8.912306785583496
59.05680871009827,100.0,40.436,100.0,8.900101661682129
59.08294939994812,100.0,40.479,100.0,8.890198707580566
59.12559962272644,100.0,40.84,100.0,8.858780860900879
59.156240940093994,100.0,41.038,100.0,8.846827507019043
59.18823027610779,100.0,41.305,100.0,8.830452919006348
59.22106981277466,100.0,41.324,100.0,8.807729721069336
59.25284218788147,100.0,41.283,100.0,8.779743194580078
59.28461742401123,100.0,41.195,100.0,8.772826194763184
59.316205739974976,100.0,41.312,100.0,8.772234916687012
59.35047674179077,100.0,41.56,100.0,8.755019187927246
59.38133764266968,100.0,41.993,100.0,8.737800598144531
59.41419839859009,100.0,42.285,100.0,8.715388298034668
59.44614028930664,100.0,42.566,100.0,8.686704635620117
59.478214263916016,100.0,42.923,100.0,8.614116668701172
59.51046371459961,100.0,43.914,100.0,8.567333221435547
59.542431354522705,100.0,44.598,100.0,8.507948875427246
59.575984716415405,100.0,45.611,100.0,8.33671760559082
59.60562062263489,100.0,46.721,100.0,8.216090202331543
59.633554220199585,100.0,47.858,100.0,8.077011108398438
59.67464518547058,100.0,48.933,100.0,7.825320720672607
59.70567274093628,100.0,49.282,100.0,7.722936630249023
59.73846960067749,100.0,49.628,100.0,7.632387161254883
59.76989769935608,100.0,50.248,100.0,7.55234956741333
59.808027505874634,100.0,50.54,100.0,7.4392828941345215
59.833433628082275,100.0,50.834,100.0,7.388215065002441
59.863991260528564,100.0,51.141,100.0,7.339716911315918
59.896849632263184,100.0,51.454,100.0,7.292612075805664
59.928865909576416,100.0,52.094,100.0,7.200069427490234
59.96124792098999,100.0,52.428,100.0,7.154155731201172
59.99301362037659,100.0,52.745,100.0,7.1077094078063965
60.025779008865356,100.0,52.995,100.0,7.018299579620361
60.05676984786987,100.0,53.228,100.0,6.9780473709106445
60.089577198028564,100.0,53.766,100.0,6.939242839813232
60.122215270996094,100.0,54.35,100.0,6.900071144104004
60.15432024002075,100.0,54.556,100.0,6.801939964294434
60.187418937683105,100.0,54.859,100.0,6.7563090324401855
60.218794107437134,100.0,55.675,100.0,6.709643840789795
60.25124216079712,100.0,56.204,100.0,6.595211982727051
60.28329515457153,100.0,56.607,100.0,6.5339250564575195
60.315051317214966,100.0,57.021,100.0,6.471915245056152
60.34680771827698,100.0,57.761,100.0,6.41055965423584
60.38104605674744,100.0,58.138,100.0,6.307994365692139
60.41082787513733,100.0,58.51,100.0,6.261684417724609
60.44219756126404,100.0,58.837,100.0,6.213078498840332
60.4807345867157,100.0,59.616,100.0,6.114500045776367
60.513230323791504,100.0,59.616,100.0,6.061176776885986
60.545045375823975,100.0,59.616,100.0,6.022712230682373
60.57673740386963,100.0,59.616,100.0,5.9775166511535645
60.61050605773926,100.0,61.565,100.0,5.899187088012695
60.64157724380493,100.0,61.936,100.0,5.826191425323486
60.676842212677,100.0,62.304,100.0,5.690506935119629
60.70906114578247,100.0,63.065,100.0,5.626323699951172
60.74088788032532,100.0,63.951,100.0,5.563301086425781
60.77259111404419,100.0,64.397,100.0,5.48026180267334
60.80472207069397,100.0,64.813,100.0,5.324042797088623
60.83754229545593,100.0,65.171,100.0,5.253195285797119
60.86921834945679,100.0,65.941,100.0,5.184811592102051
60.90256309509277,100.0,66.317,100.0,5.056699752807617
60.93350028991699,100.0,66.747,100.0,4.993249893188477
60.965513706207275,100.0,67.083,100.0,4.933351516723633
60.99731636047363,100.0,67.874,100.0,4.874144077301025
61.03038954734802,100.0,68.265,100.0,4.755397319793701
61.06276249885559,100.0,68.747,100.0,4.712881565093994
61.0949273109436,100.0,69.191,100.0,4.66297721862793
61.12804841995239,100.0,70.073,100.0,4.552212715148926
61.15961527824402,100.0,70.548,100.0,4.492471694946289
61.191370248794556,100.0,71.038,100.0,4.429445266723633
61.22133421897888,100.0,71.541,100.0,4.3632612228393555
61.2538948059082,100.0,72.031,100.0,4.223240852355957
61.28455400466919,100.0,72.898,100.0,4.154569625854492
61.31705355644226,100.0,73.38,100.0,4.085406303405762
61.353184938430786,100.0,73.779,100.0,3.947070837020874
61.38288927078247,100.0,74.264,100.0,3.8775382041931152
61.41454577445984,100.0,75.52,100.0,3.79349946975708
61.447118520736694,100.0,75.964,100.0,3.71282696723938
61.47914958000183,100.0,76.423,100.0,3.559581756591797
61.51095747947693,100.0,76.926,100.0,3.48349666595459
61.543041706085205,100.0,77.883,100.0,3.407902717590332
61.578728675842285,100.0,78.342,100.0,3.2599406242370605
61.60752058029175,100.0,78.815,100.0,3.1870617866516113
61.64002227783203,100.0,79.334,100.0,3.1126105785369873
61.67100214958191,100.0,79.821,100.0,3.038303852081299
61.704933166503906,100.0,80.751,100.0,2.9120726585388184
61.73404026031494,100.0,81.205,100.0,2.855372190475464
61.75533318519592,100.0,81.686,100.0,2.7961244583129883
61.79150056838989,100.0,82.22,100.0,2.733734130859375
61.82291269302368,100.0,82.73,100.0,2.6666646003723145
61.85502338409424,100.0,83.17,100.0,2.536086082458496
61.88612413406372,100.0,83.411,100.0,2.4846878051757812
61.90943455696106,100.0,83.673,100.0,2.4383578300476074
61.95864415168762,100.0,84.632,100.0,2.3461380004882812
61.991963386535645,100.0,85.057,100.0,2.290137529373169
62.02424669265747,100.0,85.475,100.0,2.2322750091552734
62.05591297149658,100.0,86.395,100.0,2.092231273651123
62.08718919754028,100.0,86.939,100.0,2.0100276470184326
62.12154150009155,100.0,88.12,100.0,1.9258899688720703
62.15631985664368,100.0,88.747,100.0,1.7483251094818115
62.1851749420166,100.0,89.323,100.0,1.657921552658081
62.21673393249512,100.0,89.859,100.0,1.5691975355148315
62.2485785484314,100.0,90.849,100.0,1.531018853187561
62.27605223655701,100.0,91.317,100.0,1.5324338674545288
62.30162739753723,100.0,91.767,100.0,1.5635223388671875
62.33314251899719,100.0,92.192,100.0,1.725064754486084
62.366381883621216,100.0,92.629,100.0,1.821535587310791
62.39730906486511,100.0,93.072,100.0,1.9226903915405273
62.4298255443573,100.0,93.95,100.0,2.1249046325683594
62.46133899688721,100.0,94.329,100.0,2.2233476638793945
62.49390125274658,100.0,94.694,100.0,2.3199548721313477
62.52712655067444,100.0,95.056,100.0,2.413776397705078
62.558948040008545,100.0,96.127,100.0,2.5827465057373047
62.5852324962616,100.0,96.733,100.0,2.645829677581787
62.61157178878784,100.0,97.284,100.0,2.6925785541534424
62.660314083099365,100.0,98.197,100.0,2.7290971279144287
62.69201636314392,100.0,99.103,100.0,2.7272145748138428
62.72408676147461,100.0,99.625,100.0,2.7156946659088135
62.756946086883545,100.0,100.067,100.0,2.6610593795776367
62.789029598236084,100.0,100.504,100.0,2.6210460662841797
62.821836948394775,100.0,101.152,100.0,2.574472665786743
62.856037616729736,100.0,101.006,100.0,2.4939424991607666
62.87991285324097,100.0,100.828,100.0,2.476374387741089
62.90820074081421,100.0,100.698,100.0,2.468384027481079
62.93985986709595,100.0,100.605,100.0,2.4664032459259033
62.97173309326172,100.0,100.942,100.0,2.464857339859009
63.00395655632019,100.0,101.757,100.0,2.413022041320801
63.043222427368164,100.0,102.177,100.0,2.362287998199463
63.07523512840271,100.0,102.665,100.0,2.2964420318603516
63.10649538040161,100.0,103.601,100.0,2.1145899295806885
63.170565605163574,100.0,104.653,100.0,1.8744028806686401
63.21008276939392,100.0,105.185,100.0,1.5716056823730469
63.24260425567627,100.0,106.711,100.0,1.3987702131271362
63.27425169944763,100.0,107.141,100.0,1.1895045042037964
63.300052881240845,100.0,107.594,100.0,0.9738624691963196
63.33958578109741,100.0,108.66,100.0,0.5135083198547363
63.37487435340881,100.0,109.241,100.0,0.26389673352241516
63.41583824157715,100.0,109.832,100.0,-0.28065526485443115
63.44845414161682,100.0,110.792,100.0,-0.5200313329696655
63.48195433616638,100.0,111.229,100.0,-0.9005614519119263
63.51540517807007,100.0,111.622,100.0,-1.0520678758621216
63.54473114013672,100.0,112.069,100.0,-1.1863303184509277
63.57675290107727,100.0,112.942,100.0,-1.306907057762146
63.60864496231079,100.0,113.421,100.0,-1.5169309377670288
63.64038634300232,100.0,113.96,100.0,-1.6150810718536377
63.67404747009277,100.0,114.577,100.0,-1.687907099723816
63.7092866897583,100.0,115.702,100.0,-1.8490715026855469
63.73753571510315,100.0,116.116,100.0,-1.9322601556777954
63.769712924957275,100.0,116.481,100.0,-2.0105836391448975
63.80178642272949,100.0,116.844,100.0,-2.0830130577087402
63.83366250991821,100.0,117.626,100.0,-2.2150821685791016
63.86482644081116,100.0,118.033,100.0,-2.2786853313446045
63.89319729804993,100.0,118.521,100.0,-2.341447353363037
63.92415118217468,100.0,119.004,100.0,-2.4069693088531494
63.957958459854126,100.0,119.543,100.0,-2.5457370281219482
63.988139629364014,100.0,120.65,100.0,-2.643850326538086
64.01981139183044,100.0,121.602,100.0,-2.7375941276550293
64.05188012123108,100.0,122.05,100.0,-2.824922561645508
64.09312081336975,100.0,122.536,100.0,-2.987931251525879
64.12623834609985,100.0,123.561,100.0,-3.0675649642944336
64.15903401374817,100.0,124.064,100.0,-3.225645065307617
64.18861174583435,100.0,124.561,100.0,-3.303389072418213
64.2205913066864,100.0,125.032,100.0,-3.379340887069702
64.25263810157776,100.0,125.893,100.0,-3.452332019805908
64.28507590293884,100.0,126.324,100.0,-3.573197364807129
64.31741452217102,100.0,126.765,100.0,-3.6264352798461914
64.35001134872437,100.0,127.186,100.0,-3.6823008060455322
64.3840081691742,100.0,128.025,100.0,-3.7984540462493896
64.41813611984253,100.0,128.496,100.0,-3.8571250438690186
64.45592498779297,100.0,129.036,100.0,-3.9186620712280273
64.48646974563599,100.0,130.046,100.0,-4.054473400115967
64.51784873008728,100.0,130.498,100.0,-4.125606536865234
64.55018019676208,100.0,130.909,100.0,-4.196011543273926
64.58432912826538,100.0,131.875,100.0,-4.353706359863281
64.61355471611023,100.0,132.922,100.0,-4.439760208129883
64.64560508728027,100.0,133.399,100.0,-4.5261335372924805
64.67696523666382,100.0,133.841,100.0,-4.60917854309082
64.7085542678833,100.0,134.342,100.0,-4.76635217666626
64.740403175354,100.0,134.759,100.0,-4.840456008911133
64.77211999893188,100.0,135.724,100.0,-4.912926197052002
64.8097414970398,100.0,136.085,100.0,-5.054671764373779
64.83801317214966,100.0,136.51,100.0,-5.121331214904785
64.87027382850647,100.0,136.904,100.0,-5.185546875
64.90355825424194,100.0,137.827,100.0,-5.248830795288086
64.93606543540955,100.0,138.312,100.0,-5.383202075958252
64.96880578994751,100.0,138.771,100.0,-5.451244354248047
65.000563621521,100.0,139.206,100.0,-5.51837158203125
65.0164544582367,100.0,139.611,100.0,-5.58353328704834
65.04777216911316,100.0,140.001,100.0,-5.646562576293945
65.08453369140625,100.0,140.839,100.0,-5.75401496887207
65.11353182792664,100.0,141.28,100.0,-5.802569389343262
65.14717173576355,100.0,141.74,100.0,-5.855090141296387
65.17344665527344,100.0,142.224,100.0,-5.911537170410156
65.20708584785461,100.0,143.145,100.0,-6.0338921546936035
65.241370677948,100.0,143.606,100.0,-6.098530292510986
65.28507018089294,100.0,144.037,100.0,-6.230146884918213
65.31338882446289,100.0,144.857,100.0,-6.295197010040283
65.3457260131836,100.0,145.268,100.0,-6.3588409423828125
65.37721180915833,100.0,145.703,100.0,-6.421889781951904
65.40952682495117,100.0,146.623,100.0,-6.569896221160889
65.44239044189453,100.0,147.431,100.0,-6.649603843688965
65.4747941493988,100.0,147.835,100.0,-6.7237629890441895
65.50955414772034,100.0,148.214,100.0,-6.8615827560424805
65.54487824440002,100.0,149.095,100.0,-6.927989482879639
65.56408548355103,100.0,149.095,100.0,-6.994617462158203
65.59599900245667,100.0,149.943,100.0,-7.059351444244385
65.62882971763611,100.0,150.317,100.0,-7.124653339385986
65.66141676902771,100.0,150.721,100.0,-7.249134063720703
65.69270324707031,100.0,151.179,100.0,-7.3126606941223145
65.72390866279602,100.0,152.157,100.0,-7.378412246704102
65.75954413414001,100.0,152.6,100.0,-7.514516353607178
65.78740096092224,100.0,153.055,100.0,-7.582573413848877
65.81942224502563,100.0,153.455,100.0,-7.6484575271606445
65.84446215629578,100.0,153.86,100.0,-7.712875843048096
65.88633680343628,100.0,154.698,100.0,-7.8231520652771
65.91634798049927,100.0,155.136,100.0,-7.872621536254883
65.93994879722595,100.0,155.599,100.0,-7.925856590270996
65.97318768501282,100.0,156.133,100.0,-7.983102321624756
66.0059711933136,100.0,156.59,100.0,-8.04644775390625
66.04055881500244,100.0,157.52,100.0,-8.177515029907227
66.07641887664795,100.0,157.921,100.0,-8.245028495788574
66.11179661750793,100.0,158.337,100.0,-8.375604629516602
66.14100432395935,100.0,159.106,100.0,-8.439200401306152
66.1612937450409,100.0,159.106,100.0,-8.500494003295898
66.19157075881958,100.0,159.924,100.0,-8.56008529663086
66.23119235038757,100.0,160.865,100.0,-8.621573448181152
66.25615048408508,100.0,161.378,100.0,-8.7052640914917
66.28655934333801,100.0,161.781,100.0,-8.865669250488281
66.31782364845276,100.0,162.57,100.0,-8.937936782836914
66.3459746837616,100.0,162.974,100.0,-9.007563591003418
66.38750767707825,100.0,163.399,100.0,-9.141056060791016
66.41898155212402,100.0,163.827,100.0,-9.206681251525879
66.45074200630188,100.0,164.509,100.0,-9.268178939819336
66.48269414901733,100.0,164.906,100.0,-9.326499938964844
66.50787138938904,100.0,165.296,100.0,-9.384740829467773
66.54199886322021,100.0,165.796,100.0,-9.504955291748047
66.57216882705688,100.0,166.259,100.0,-9.56911849975586
66.60477685928345,100.0,167.266,100.0,-9.635856628417969
66.64425015449524,100.0,167.724,100.0,-9.775506019592285
66.67543983459473,100.0,168.19,100.0,-9.825995445251465
66.70691466331482,100.0,168.575,100.0,-9.881145477294922
66.73896479606628,100.0,169.21,100.0,-9.989411354064941
66.77137303352356,100.0,169.533,100.0,-10.040213584899902
66.80343317985535,100.0,169.906,100.0,-10.08975601196289
66.83746767044067,100.0,170.31,100.0,-10.19344425201416
66.86250638961792,100.0,170.775,100.0,-10.250753402709961
66.89151072502136,100.0,171.765,100.0,-10.313366889953613
66.92596507072449,100.0,172.262,100.0,-10.378725051879883
66.95769906044006,100.0,173.145,100.0,-10.446956634521484
66.98967289924622,100.0,173.572,100.0,-10.615215301513672
67.02013444900513,100.0,174.431,100.0,-10.691651344299316
67.05248928070068,100.0,174.872,100.0,-10.766731262207031
67.09298062324524,100.0,175.355,100.0,-10.913167953491211
67.12434196472168,100.0,176.245,100.0,-10.986161231994629
67.15754628181458,100.0,176.645,100.0,-11.056599617004395
67.18568420410156,100.0,177.083,100.0,-11.19145393371582
67.24102544784546,100.0,178.854,100.0,-11.377459526062012
67.27406811714172,100.0,179.792,100.0,-11.490049362182617
67.30545091629028,100.0,180.702,100.0,-11.57326889038086
67.33809423446655,100.0,181.798,100.0,-11.766846656799316
67.36897611618042,100.0,182.236,100.0,-11.859491348266602
67.40130138397217,100.0,182.395,100.0,-11.945375442504883
67.42587471008301,100.0,182.71,100.0,-12.01426887512207
67.45641756057739,100.0,183.083,100.0,-12.076577186584473
67.4892189502716,100.0,183.453,100.0,-12.193888664245605
67.5223069190979,100.0,184.578,100.0,-12.264799118041992
67.55266571044922,100.0,185.028,100.0,-12.332540512084961
67.59191346168518,100.0,185.456,100.0,-12.46599006652832
67.62410569190979,100.0,187.057,100.0,-12.543334007263184
67.64915442466736,100.0,187.871,100.0,-12.636360168457031
67.67991018295288,100.0,188.214,100.0,-12.738547325134277
67.7052571773529,100.0,188.274,100.0,-12.82794189453125
67.73873496055603,100.0,187.997,100.0,-12.931978225708008
67.77018284797668,100.0,187.895,100.0,-12.951902389526367
67.80320382118225,100.0,188.431,100.0,-12.97249984741211
67.8372552394867,100.0,189.016,100.0,-13.039304733276367
67.90179538726807,100.0,189.887,100.0,-13.142423629760742
67.93861770629883,100.0,190.401,100.0,-13.228789329528809
67.96417331695557,100.0,190.69,100.0,-13.271644592285156
67.99173545837402,100.0,191.008,100.0,-13.301717758178711
68.01741623878479,100.0,191.364,100.0,-13.335339546203613
68.0494921207428,100.0,191.555,100.0,-13.373387336730957
68.08349537849426,100.0,191.731,100.0,-13.40800666809082
68.11471509933472,100.0,192.544,100.0,-13.479052543640137
68.14423131942749,100.0,192.912,100.0,-13.523153305053711
68.17558979988098,100.0,193.209,100.0,-13.570110321044922
68.20582914352417,100.0,193.858,100.0,-13.61630630493164
68.24731159210205,100.0,194.837,100.0,-13.74157428741455
68.26642870903015,100.0,194.837,100.0,-13.809414863586426
68.30291485786438,100.0,196.175,100.0,-13.875961303710938
68.34468984603882,100.0,197.16,100.0,-14.070606231689453
68.37874555587769,100.0,198.814,100.0,-14.187333106994629
68.40836000442505,100.0,199.035,100.0,-14.30646800994873
68.4524896144867,100.0,199.091,100.0,-14.475698471069336
68.47539114952087,100.0,199.091,100.0,-14.530322074890137
68.50599098205566,100.0,199.69,100.0,-14.582170486450195
68.53505110740662,100.0,200.129,100.0,-14.63054084777832
68.5818543434143,100.0,200.64,100.0,-14.741268157958984
68.61514782905579,100.0,201.915,100.0,-14.855199813842773
68.65888810157776,100.0,202.395,100.0,-14.917824745178223
68.68426966667175,100.0,202.746,100.0,-14.983031272888184
68.70968222618103,100.0,202.947,100.0,-15.044817924499512
68.7417962551117,100.0,203.236,100.0,-15.13543701171875
68.77567768096924,100.0,203.601,100.0,-15.173247337341309
68.8037462234497,100.0,204.108,100.0,-15.21462345123291
68.83030867576599,100.0,205.741,100.0,-15.26479721069336
68.86419296264648,100.0,206.544,100.0,-15.4802885055542
68.90313982963562,100.0,207.395,100.0,-15.586484909057617
68.9419846534729,100.0,207.633,100.0,-15.753952026367188
68.97474026679993,100.0,208.265,100.0,-15.820608139038086
69.00897789001465,100.0,208.638,100.0,-15.883913040161133
69.04091620445251,100.0,208.825,100.0,-15.996162414550781
69.07587170600891,100.0,208.975,100.0,-16.038543701171875
69.10145974159241,100.0,209.075,100.0,-16.071989059448242
69.14217615127563,100.0,209.753,100.0,-16.139446258544922
69.17501020431519,100.0,209.994,100.0,-16.178730010986328
69.20689606666565,100.0,210.65,100.0,-16.233545303344727
69.24133944511414,100.0,211.337,100.0,-16.324359893798828
69.27218699455261,100.0,211.784,100.0,-16.365943908691406
69.30352306365967,100.0,211.871,100.0,-16.413928985595703
69.3404529094696,100.0,212.091,100.0,-16.487438201904297
69.37614440917969,100.0,212.838,100.0,-16.52476692199707
69.40817713737488,100.0,213.498,100.0,-16.569711685180664
69.44531416893005,100.0,214.749,100.0,-16.708065032958984
69.47604179382324,100.0,215.05,100.0,-16.783527374267578
69.50229835510254,100.0,215.42,100.0,-16.851654052734375
69.53514266014099,100.0,215.196,100.0,-16.91693687438965
69.5762083530426,100.0,215.787,100.0,-16.98845863342285
69.60288548469543,100.0,216.065,100.0,-17.02931022644043
69.63931798934937,100.0,216.445,100.0,-17.114212036132812
69.66753602027893,100.0,216.981,100.0,-17.168352127075195
69.7042019367218,100.0,217.411,100.0,-17.225547790527344
69.74063229560852,100.0,218.159,100.0,-17.34031105041504
69.77812433242798,100.0,218.259,100.0,-17.385822296142578
69.81872487068176,100.0,218.876,100.0,-17.474084854125977
69.85056233406067,100.0,219.26,100.0,-17.506919860839844
69.88400983810425,100.0,219.688,100.0,-17.545753479003906
69.9182026386261,100.0,220.224,100.0,-17.632009506225586
69.95932197570801,100.0,220.549,100.0,-17.67516326904297
69.99229049682617,100.0,221.327,100.0,-17.766883850097656
70.02643156051636,100.0,221.983,100.0,-17.81816291809082
70.05863976478577,100.0,222.18,100.0,-17.882831573486328
70.08471012115479,100.0,222.686,100.0,-17.93853759765625
70.11448860168457,100.0,222.725,100.0,-18.04694366455078
70.160071849823,100.0,223.625,100.0,-18.09369659423828
70.2084698677063,100.0,224.889,100.0,-18.209760665893555
70.23469829559326,100.0,225.61,100.0,-18.289146423339844
70.28405404090881,100.0,226.298,100.0,-18.461196899414062
70.32606148719788,100.0,226.586,100.0,-18.599441528320312
70.34673047065735,100.0,226.855,100.0,-18.658145904541016
70.39220237731934,100.0,227.866,100.0,-18.7849178314209
70.42664885520935,100.0,228.267,100.0,-18.85141372680664
70.45586776733398,100.0,228.479,100.0,-18.908546447753906
70.49210357666016,100.0,228.512,100.0,-18.980876922607422
70.51869177818298,100.0,228.423,100.0,-19.00061798095703
70.54833149909973,100.0,228.392,100.0,-19.009197235107422
70.58175873756409,100.0,228.755,100.0,-19.011737823486328
70.61756801605225,100.0,229.167,100.0,-19.05246353149414
70.64852738380432,100.0,230.309,100.0,-19.091306686401367
70.68530893325806,100.0,230.781,100.0,-19.145992279052734
70.71866989135742,100.0,231.817,100.0,-19.293142318725586
70.74161171913147,100.0,232.359,100.0,-19.380962371826172
70.77314281463623,100.0,233.153,100.0,-19.460172653198242
70.79903221130371,100.0,233.881,100.0,-19.53804588317871
70.83044362068176,100.0,234.516,100.0,-19.62596893310547
70.87615704536438,100.0,234.95,100.0,-19.80364990234375
70.90848731994629,100.0,235.154,100.0,-19.867937088012695
70.94349980354309,100.0,235.267,100.0,-19.965145111083984
70.98045539855957,100.0,235.648,100.0,-20.00487518310547
71.00343322753906,100.0,235.648,100.0,-20.038911819458008
71.04194283485413,100.0,235.681,100.0,-20.074779510498047
71.06897759437561,100.0,235.969,100.0,-20.09761619567871
71.1013662815094,100.0,236.418,100.0,-20.131437301635742
71.13374209403992,100.0,236.86,100.0,-20.15499496459961
71.15959882736206,100.0,237.006,100.0,-20.189247131347656
71.18837118148804,100.0,237.316,100.0,-20.21941375732422
71.22812247276306,100.0,237.524,100.0,-20.271759033203125
71.25275492668152,100.0,237.559,100.0,-20.2979679107666
71.28679132461548,100.0,237.832,100.0,-20.317501068115234
71.3208224773407,100.0,238.559,100.0,-20.37153434753418
71.35258722305298,100.0,239.767,100.0,-20.41015625
71.38599157333374,100.0,240.25,100.0,-20.488723754882812
71.42544770240784,100.0,240.857,100.0,-20.63762664794922
71.47511100769043,100.0,241.247,100.0,-20.758522033691406
71.50688695907593,100.0,241.622,100.0,-20.80864143371582
71.54291415214539,100.0,241.866,100.0,-20.90852928161621
71.57179617881775,100.0,242.501,100.0,-20.969696044921875
71.60366725921631,100.0,242.939,100.0,-21.032808303833008
71.63561534881592,100.0,243.655,100.0,-21.096040725708008
71.66906690597534,100.0,243.607,100.0,-21.196346282958984
71.70060133934021,100.0,243.87,100.0,-21.236434936523438
71.73309540748596,100.0,244.193,100.0,-21.278324127197266
71.7584753036499,100.0,244.595,100.0,-21.324960708618164
71.79254221916199,100.0,245.335,100.0,-21.418710708618164
71.82538175582886,100.0,245.625,100.0,-21.456724166870117
71.85471224784851,100.0,245.757,100.0,-21.495723724365234
71.893394947052,100.0,246.077,100.0,-21.565855026245117
71.92593455314636,100.0,246.025,100.0,-21.591615676879883
71.95567965507507,100.0,245.948,100.0,-21.606956481933594
71.99481201171875,100.0,245.888,100.0,-21.61347770690918
72.02488970756531,100.0,246.301,100.0,-21.615707397460938
72.05004787445068,100.0,246.778,100.0,-21.628759384155273
72.08291840553284,100.0,247.489,100.0,-21.65709686279297
72.11502313613892,100.0,248.107,100.0,-21.70711898803711
72.14759230613708,100.0,248.689,100.0,-21.841211318969727
72.17788028717041,100.0,249.199,100.0,-21.915729522705078
72.2099494934082,100.0,249.627,100.0,-21.98048210144043
72.2438817024231,100.0,249.748,100.0,-22.083602905273438
72.27304530143738,100.0,249.898,100.0,-22.123563766479492
72.30446529388428,100.0,250.478,100.0,-22.176483154296875
72.3368034362793,100.0,252.012,100.0,-22.245893478393555
72.36974287033081,100.0,252.703,100.0,-22.42286491394043
72.40880393981934,100.0,253.011,100.0,-22.504348754882812
72.44468212127686,100.0,252.353,100.0,-22.595060348510742
72.47548079490662,100.0,252.08,100.0,-22.601316452026367
72.50282979011536,100.0,251.787,100.0,-22.591968536376953
72.53697085380554,100.0,252.079,100.0,-22.569921493530273
72.57078433036804,100.0,252.776,100.0,-22.571653366088867
72.60886669158936,100.0,253.054,100.0,-22.589475631713867
72.62623691558838,100.0,253.358,100.0,-22.613094329833984
72.66039609909058,100.0,253.872,100.0,-22.642345428466797
72.69956254959106,100.0,254.396,100.0,-22.728363037109375
72.73195481300354,100.0,254.69,100.0,-22.769750595092773
72.75726699829102,100.0,254.902,100.0,-22.812267303466797
72.78237700462341,100.0,255.102,100.0,-22.852188110351562
72.82517266273499,100.0,255.319,100.0,-22.925689697265625
72.84475684165955,100.0,255.505,100.0,-22.959529876708984
72.87538504600525,100.0,255.814,100.0,-22.996768951416016
72.90961480140686,100.0,256.384,100.0,-23.035049438476562
72.94348549842834,100.0,256.666,100.0,-23.116342544555664
72.97355127334595,100.0,256.965,100.0,-23.15870475769043
73.00817203521729,100.0,257.321,100.0,-23.204458236694336
73.03469204902649,100.0,258.0,100.0,-23.25225067138672
73.0756025314331,100.0,258.265,100.0,-23.348297119140625
73.09537696838379,100.0,258.45,100.0,-23.39031219482422
73.13535785675049,100.0,258.653,100.0,-23.42921257019043
73.15976643562317,100.0,258.822,100.0,-23.457176208496094
73.19871520996094,100.0,259.331,100.0,-23.511781692504883
73.22404074668884,100.0,259.62,100.0,-23.54334259033203
73.25371813774109,100.0,260.009,100.0,-23.57790756225586
73.28739714622498,100.0,260.279,100.0,-23.6190128326416
73.3204345703125,100.0,260.666,100.0,-23.69821548461914
73.35376000404358,100.0,260.798,100.0,-23.73370361328125
73.37781548500061,100.0,261.241,100.0,-23.76470375061035
73.41012978553772,100.0,261.506,100.0,-23.8052978515625
73.44465565681458,100.0,261.732,100.0,-23.884721755981445
73.47354531288147,100.0,262.302,100.0,-23.923879623413086
73.51996111869812,100.0,262.547,100.0,-24.00510597229004
73.55471920967102,100.0,263.089,100.0,-24.045513153076172
73.58739876747131,100.0,263.283,100.0,-24.0860652923584
73.62021803855896,100.0,263.545,100.0,-24.161476135253906
73.65535950660706,100.0,263.994,100.0,-24.19801902770996
73.67724943161011,100.0,263.994,100.0,-24.233861923217773
73.7040388584137,100.0,264.24,100.0,-24.269882202148438
73.74199318885803,100.0,264.677,100.0,-24.337657928466797
73.77055358886719,100.0,264.966,100.0,-24.374618530273438
73.8091173171997,100.0,265.234,100.0,-24.41246223449707
73.83390736579895,100.0,265.543,100.0,-24.452720642089844
73.87038135528564,100.0,265.957,100.0,-24.52769660949707
73.9055528640747,100.0,266.15,100.0,-24.553220748901367
73.93687224388123,100.0,266.368,100.0,-24.579086303710938
73.96801662445068,100.0,266.717,100.0,-24.632488250732422
74.00417280197144,100.0,266.911,100.0,-24.65851402282715
74.04564762115479,100.0,267.244,100.0,-24.70948600769043
74.0865569114685,100.0,267.487,100.0,-24.734792709350586
74.11822032928467,100.0,267.901,100.0,-24.762834548950195
74.15752506256104,100.0,268.322,100.0,-24.836177825927734
74.19053220748901,100.0,268.569,100.0,-24.871143341064453
74.22788643836975,100.0,269.069,100.0,-24.942895889282227
74.25328159332275,100.0,269.27,100.0,-24.979782104492188
74.28923439979553,100.0,269.466,100.0,-25.014968872070312
74.3215434551239,100.0,269.696,100.0,-25.082517623901367
74.35636043548584,100.0,270.165,100.0,-25.116641998291016
74.39129209518433,100.0,270.375,100.0,-25.151227951049805
74.42571878433228,100.0,270.599,100.0,-25.21872901916504
74.47176241874695,100.0,271.038,100.0,-25.285064697265625
74.5033917427063,100.0,271.274,100.0,-25.31907081604004
74.53659725189209,100.0,271.442,100.0,-25.350629806518555
74.56859493255615,100.0,271.837,100.0,-25.38109016418457
74.60038232803345,100.0,272.039,100.0,-25.42669105529785
74.63875246047974,100.0,272.342,100.0,-25.451885223388672
74.6730227470398,100.0,272.81,100.0,-25.51558494567871
74.70986986160278,100.0,272.98,100.0,-25.547971725463867
74.74643397331238,100.0,273.283,100.0,-25.613117218017578
74.77569341659546,100.0,273.684,100.0,-25.645740509033203
74.80549335479736,100.0,273.878,100.0,-25.678600311279297
74.83685159683228,100.0,274.085,100.0,-25.71047019958496
74.862375497818,100.0,274.345,100.0,-25.74211311340332
74.8911509513855,100.0,274.569,100.0,-25.775808334350586
74.9324266910553,100.0,275.039,100.0,-25.843381881713867
74.95810103416443,100.0,275.23,100.0,-25.878149032592773
74.99054884910583,100.0,275.469,100.0,-25.911334991455078
75.02314853668213,100.0,275.687,100.0,-25.97900390625
75.05529427528381,100.0,275.83,100.0,-26.00933074951172
75.08663582801819,100.0,276.131,100.0,-26.03923988342285
75.12407851219177,100.0,276.552,100.0,-26.10106658935547
75.1509211063385,100.0,277.179,100.0,-26.153512954711914
75.19630074501038,100.0,278.434,100.0,-26.246051788330078
75.22374725341797,100.0,278.777,100.0,-26.312931060791016
75.25588250160217,100.0,278.871,100.0,-26.377105712890625
75.28773903846741,100.0,278.923,100.0,-26.428627014160156
75.31906366348267,100.0,278.992,100.0,-26.50012969970703
75.35043621063232,100.0,279.201,100.0,-26.52361297607422
75.37598490715027,100.0,279.344,100.0,-26.547290802001953
75.42134141921997,100.0,279.558,100.0,-26.593830108642578
75.45400834083557,100.0,280.06,100.0,-26.62179946899414
75.4861330986023,100.0,280.239,100.0,-26.65150260925293
75.52601933479309,100.0,280.435,100.0,-26.708677291870117
75.55724620819092,100.0,280.884,100.0,-26.73716926574707
75.58974432945251,100.0,281.126,100.0,-26.768033981323242
75.62223482131958,100.0,281.391,100.0,-26.834598541259766
75.65845441818237,100.0,281.719,100.0,-26.87312889099121
75.69123888015747,100.0,281.822,100.0,-26.909542083740234
75.7227246761322,100.0,281.582,100.0,-26.937213897705078
75.75407338142395,100.0,281.209,100.0,-26.92400360107422
75.78273153305054,100.0,280.994,100.0,-26.903194427490234
75.82550430297852,100.0,281.27,100.0,-26.87877655029297
75.85715174674988,100.0,281.509,100.0,-26.87609100341797
75.88861656188965,100.0,281.668,100.0,-26.88306427001953
75.92022061347961,100.0,282.165,100.0,-26.894208908081055
75.94163346290588,100.0,282.165,100.0,-26.912803649902344
75.9734845161438,100.0,282.601,100.0,-26.96168327331543
76.00502443313599,100.0,282.938,100.0,-26.99055290222168
76.03708934783936,100.0,283.15,100.0,-27.02606201171875
76.07478499412537,100.0,283.348,100.0,-27.095966339111328
76.10644578933716,100.0,283.656,100.0,-27.12726402282715
76.13131976127625,100.0,283.802,100.0,-27.157508850097656
76.16575384140015,100.0,283.972,100.0,-27.18581199645996
76.19315123558044,100.0,284.208,100.0,-27.213598251342773
76.22639656066895,100.0,284.387,100.0,-27.273279190063477
76.25692200660706,100.0,284.56,100.0,-27.302091598510742
76.29849982261658,100.0,284.952,100.0,-27.359588623046875
76.33119583129883,100.0,285.179,100.0,-27.390830993652344
76.36506056785583,100.0,285.632,100.0,-27.42353630065918
76.40109634399414,100.0,285.776,100.0,-27.48670768737793
76.42544484138489,100.0,285.928,100.0,-27.51498031616211
76.46669435501099,100.0,286.097,100.0,-27.535400390625
76.49979567527771,100.0,286.431,100.0,-27.579341888427734
76.53513431549072,100.0,286.593,100.0,-27.60205841064453
76.5659716129303,100.0,286.721,100.0,-27.625043869018555
76.60917901992798,100.0,286.929,100.0,-27.665630340576172
76.62743639945984,100.0,287.094,100.0,-27.68425750732422
76.65910315513611,100.0,287.483,100.0,-27.70427703857422
76.69237494468689,100.0,287.663,100.0,-27.73479652404785
76.72459721565247,100.0,287.827,100.0,-27.79332733154297
76.75595903396606,100.0,288.198,100.0,-27.821720123291016
76.78851103782654,100.0,288.47,100.0,-27.850343704223633
76.82137107849121,100.0,288.761,100.0,-27.88254165649414
76.85404253005981,100.0,288.992,100.0,-27.954214096069336
76.88610816001892,100.0,289.213,100.0,-27.988574981689453
76.9255747795105,100.0,289.133,100.0,-28.030467987060547
76.95817565917969,100.0,289.096,100.0,-28.039470672607422
76.98962783813477,100.0,289.218,100.0,-28.044652938842773
77.02220916748047,100.0,289.479,100.0,-28.052831649780273
77.06049704551697,100.0,289.757,100.0,-28.091705322265625
77.08522057533264,100.0,290.018,100.0,-28.119129180908203
77.12529015541077,100.0,290.362,100.0,-28.1737060546875
77.15680861473083,100.0,290.498,100.0,-28.19329261779785
77.17459964752197,100.0,290.601,100.0,-28.21290397644043
77.20495104789734,100.0,290.69,100.0,-28.231163024902344
77.23724865913391,100.0,290.792,100.0,-28.247806549072266
77.2691376209259,100.0,290.912,100.0,-28.263763427734375
77.30885696411133,100.0,291.197,100.0,-28.30206298828125
77.3401734828949,100.0,291.25,100.0,-28.31926727294922
77.37515997886658,100.0,291.35,100.0,-28.34788703918457
77.404367685318,100.0,291.454,100.0,-28.35922622680664
77.43611812591553,100.0,291.657,100.0,-28.369876861572266
77.46812462806702,100.0,291.828,100.0,-28.385608673095703
77.49967408180237,100.0,292.069,100.0,-28.427268981933594
77.52566003799438,100.0,292.316,100.0,-28.45466423034668
77.55846667289734,100.0,292.437,100.0,-28.479904174804688
77.58919644355774,100.0,292.653,100.0,-28.503999710083008
77.62585783004761,100.0,292.734,100.0,-28.543563842773438
77.65345215797424,100.0,292.765,100.0,-28.55813980102539
77.685950756073,100.0,292.863,100.0,-28.57246208190918
77.71119809150696,100.0,293.015,100.0,-28.58249282836914
77.74293351173401,100.0,293.13,100.0,-28.595619201660156
77.78323912620544,100.0,293.345,100.0,-28.625385284423828
77.81602120399475,100.0,293.457,100.0,-28.639732360839844
77.85928249359131,100.0,293.752,100.0,-28.671146392822266
77.89081501960754,100.0,294.127,100.0,-28.689407348632812
77.90936827659607,100.0,294.318,100.0,-28.718353271484375
77.93885207176208,100.0,294.504,100.0,-28.747802734375
77.97206974029541,100.0,294.628,100.0,-28.77739715576172
78.0040967464447,100.0,294.852,100.0,-28.8294734954834
78.03997230529785,100.0,294.898,100.0,-28.851974487304688
78.06911730766296,100.0,295.002,100.0,-28.870201110839844
78.10034513473511,100.0,295.044,100.0,-28.901660919189453
78.13467693328857,100.0,295.289,100.0,-28.91535186767578
78.17026734352112,100.0,295.417,100.0,-28.93131446838379
78.20951771736145,100.0,295.575,100.0,-28.966520309448242
78.240243434906,100.0,295.837,100.0,-28.98528480529785
78.27625823020935,100.0,296.023,100.0,-29.025850296020508
78.3069543838501,100.0,296.182,100.0,-29.04815673828125
78.33927607536316,100.0,296.355,100.0,-29.07164192199707
78.37162184715271,100.0,296.559,100.0,-29.09552574157715
78.4046380519867,100.0,296.655,100.0,-29.132564544677734
78.42843294143677,100.0,296.762,100.0,-29.14529037475586
78.45890069007874,100.0,296.857,100.0,-29.158584594726562
78.49463438987732,100.0,296.956,100.0,-29.17184066772461
78.51876378059387,100.0,297.033,100.0,-29.185253143310547
78.55815744400024,100.0,297.363,100.0,-29.21073341369629
78.59194922447205,100.0,297.534,100.0,-29.229564666748047
78.61340308189392,100.0,297.613,100.0,-29.250377655029297
78.64219951629639,100.0,297.734,100.0,-29.268856048583984
78.68885612487793,100.0,298.005,100.0,-29.3070068359375
78.72790145874023,100.0,298.17,100.0,-29.347126007080078
78.75385594367981,100.0,298.347,100.0,-29.36972999572754
78.78225231170654,100.0,298.472,100.0,-29.391481399536133
78.82016611099243,100.0,298.746,100.0,-29.412851333618164
78.8545618057251,100.0,298.872,100.0,-29.455223083496094
78.886634349823,100.0,298.991,100.0,-29.475351333618164
78.91884303092957,100.0,299.256,100.0,-29.49509620666504
78.93907117843628,100.0,299.256,100.0,-29.515254974365234
78.98254346847534,100.0,299.497,100.0,-29.55369758605957
79.0112566947937,100.0,299.643,100.0,-29.57372283935547
79.04230213165283,100.0,299.723,100.0,-29.591537475585938
79.06906461715698,100.0,299.975,100.0,-29.608943939208984
79.10277533531189,100.0,300.1,100.0,-29.645719528198242
79.13731026649475,100.0,300.249,100.0,-29.65894889831543
79.16720771789551,100.0,300.352,100.0,-29.67443084716797
79.20810842514038,100.0,300.625,100.0,-29.705440521240234
79.24170660972595,100.0,300.76,100.0,-29.72324562072754
79.27717804908752,100.0,300.989,100.0,-29.76466941833496
79.30844283103943,100.0,301.189,100.0,-29.78530502319336
79.3335771560669,100.0,301.356,100.0,-29.80481719970703
79.36726212501526,100.0,301.559,100.0,-29.825929641723633
79.40247797966003,100.0,301.827,100.0,-29.878469467163086
79.43318367004395,100.0,302.738,100.0,-29.91683578491211
79.47190809249878,100.0,303.088,100.0,-29.966442108154297
79.50546383857727,100.0,303.545,100.0,-30.07633399963379
79.53566098213196,100.0,303.885,100.0,-30.134075164794922
79.57903695106506,100.0,304.483,100.0,-30.240398406982422
79.6045777797699,100.0,304.776,100.0,-30.293500900268555
79.63357210159302,100.0,305.004,100.0,-30.34234619140625
79.65921998023987,100.0,305.267,100.0,-30.389307022094727
79.6907000541687,100.0,305.503,100.0,-30.433624267578125
79.73350977897644,100.0,305.828,100.0,-30.507566452026367
79.7513952255249,100.0,305.978,100.0,-30.539146423339844
79.78644895553589,100.0,306.061,100.0,-30.565101623535156
79.8293719291687,100.0,306.324,100.0,-30.607168197631836
79.85380244255066,100.0,306.555,100.0,-30.62311363220215
79.88337469100952,100.0,306.751,100.0,-30.643386840820312
79.92487239837646,100.0,306.568,100.0,-30.665592193603516
79.95695543289185,100.0,305.984,100.0,-30.66501808166504
80.0011522769928,100.0,305.918,100.0,-30.626068115234375
80.04193115234375,100.0,305.673,100.0,-30.595245361328125
80.07899379730225,100.0,305.608,100.0,-30.555585861206055
80.10309839248657,100.0,305.609,100.0,-30.540027618408203
80.12798595428467,100.0,305.699,100.0,-30.531211853027344
80.15930247306824,100.0,305.724,100.0,-30.524967193603516
80.20136094093323,100.0,306.408,100.0,-30.55092430114746
80.2552399635315,100.0,307.253,100.0,-30.629600524902344
80.28911519050598,100.0,307.556,100.0,-30.676372528076172
80.32218933105469,100.0,307.48,100.0,-30.711143493652344
80.34785604476929,100.0,307.363,100.0,-30.734010696411133
80.38995242118835,100.0,307.249,100.0,-30.749427795410156
80.41289114952087,100.0,307.266,100.0,-30.752016067504883
80.43893527984619,100.0,307.699,100.0,-30.771404266357422
80.48222637176514,100.0,308.762,100.0,-30.856693267822266
80.5045177936554,100.0,309.241,100.0,-30.91453742980957
80.53894090652466,100.0,309.385,100.0,-30.95819854736328
80.57056975364685,100.0,309.448,100.0,-30.996816635131836
80.60644865036011,100.0,309.994,100.0,-31.061887741088867
80.63984274864197,100.0,310.327,100.0,-31.098670959472656
80.6639461517334,100.0,310.603,100.0,-31.13973045349121
80.69049286842346,100.0,310.718,100.0,-31.181644439697266
80.72353553771973,100.0,310.807,100.0,-31.2174072265625
80.75594902038574,100.0,311.026,100.0,-31.27804183959961
80.79084181785583,100.0,311.535,100.0,-31.312334060668945
80.81764626502991,100.0,311.557,100.0,-31.346614837646484
80.85018849372864,100.0,311.519,100.0,-31.37247085571289
80.89154195785522,100.0,311.502,100.0,-31.399457931518555
80.93118619918823,100.0,311.736,100.0,-31.42021369934082
80.96829676628113,100.0,311.774,100.0,-31.434608459472656
81.00398111343384,100.0,311.808,100.0,-31.446022033691406
81.0347740650177,100.0,311.827,100.0,-31.449556350708008
81.07500195503235,100.0,311.882,100.0,-31.44927978515625
81.09819293022156,100.0,311.993,100.0,-31.452220916748047
81.13558173179626,100.0,312.242,100.0,-31.45827293395996
81.15800666809082,100.0,312.6,100.0,-31.471538543701172
81.191486120224,100.0,313.011,100.0,-31.496000289916992
81.24038219451904,100.0,313.708,100.0,-31.5704288482666
81.26782822608948,100.0,313.869,100.0,-31.616283416748047
81.30110764503479,100.0,313.844,100.0,-31.657440185546875
81.33348512649536,100.0,313.608,100.0,-31.70581817626953
81.36731910705566,100.0,313.493,100.0,-31.71213722229004
81.39786624908447,100.0,313.56,100.0,-31.711021423339844
81.43110847473145,100.0,313.876,100.0,-31.724773406982422
81.45951819419861,100.0,314.252,100.0,-31.749568939208984
81.48577642440796,100.0,314.52,100.0,-31.779020309448242
81.51716470718384,100.0,314.422,100.0,-31.80989646911621
81.55123662948608,100.0,314.061,100.0,-31.81949806213379
81.59151458740234,100.0,313.776,100.0,-31.79096794128418
81.61964416503906,100.0,313.667,100.0,-31.770263671875
81.65550208091736,100.0,313.686,100.0,-31.738203048706055
81.69031763076782,100.0,313.421,100.0,-31.717327117919922
81.73916602134705,100.0,313.098,100.0,-31.66696548461914
81.77579832077026,100.0,312.73,100.0,-31.64785385131836
81.80156230926514,100.0,312.456,100.0,-31.62171745300293
81.84205508232117,100.0,312.316,100.0,-31.56715965270996
81.87037420272827,100.0,312.374,100.0,-31.538131713867188
81.90534162521362,100.0,312.617,100.0,-31.50912094116211
81.93117666244507,100.0,312.747,100.0,-31.506996154785156
81.96843791007996,100.0,312.846,100.0,-31.511215209960938
82.00379371643066,100.0,312.9,100.0,-31.52762222290039
82.03610920906067,100.0,313.069,100.0,-31.53778648376465
82.06589245796204,100.0,313.128,100.0,-31.549720764160156
82.0985336303711,100.0,313.249,100.0,-31.56158447265625
82.13216948509216,100.0,313.359,100.0,-31.591699600219727
82.15852689743042,100.0,313.413,100.0,-31.606136322021484
82.19259929656982,100.0,313.986,100.0,-31.62117576599121
82.22437024116516,100.0,314.397,100.0,-31.65279769897461
82.25964212417603,100.0,314.858,100.0,-31.74542999267578
82.29145073890686,100.0,315.352,100.0,-31.805225372314453
82.32059454917908,100.0,315.564,100.0,-31.85970687866211
82.35563135147095,100.0,315.926,100.0,-31.9530029296875
82.38339066505432,100.0,316.007,100.0,-31.989723205566406
82.42013955116272,100.0,315.935,100.0,-32.0169677734375
82.45207118988037,100.0,315.801,100.0,-32.0338249206543
82.47533440589905,100.0,315.801,100.0,-32.04373550415039
82.50827407836914,100.0,316.171,100.0,-32.05345916748047
82.54085302352905,100.0,316.251,100.0,-32.067466735839844
82.57292556762695,100.0,316.323,100.0,-32.080657958984375
82.60393047332764,100.0,316.487,100.0,-32.092899322509766
82.62929439544678,100.0,316.679,100.0,-32.10829162597656
82.67634510993958,100.0,317.113,100.0,-32.15446853637695
82.70870566368103,100.0,317.132,100.0,-32.198368072509766
82.73937773704529,100.0,317.213,100.0,-32.2128791809082
82.77108478546143,100.0,317.597,100.0,-32.225704193115234
82.80668687820435,100.0,318.027,100.0,-32.28722381591797
82.84213495254517,100.0,318.555,100.0,-32.33656311035156
82.873202085495,100.0,318.847,100.0,-32.38792037963867
82.90507888793945,100.0,318.711,100.0,-32.44550323486328
82.93594646453857,100.0,318.559,100.0,-32.45415115356445
82.9681282043457,100.0,318.427,100.0,-32.45400619506836
83.00060534477234,100.0,318.257,100.0,-32.44856643676758
83.0251145362854,100.0,318.257,100.0,-32.44021987915039
83.0509877204895,100.0,318.263,100.0,-32.43275833129883
83.08304762840271,100.0,318.615,100.0,-32.42731475830078
83.12506461143494,100.0,318.747,100.0,-32.43534469604492
83.14935374259949,100.0,318.447,100.0,-32.446388244628906
83.19093108177185,100.0,318.404,100.0,-32.43599319458008
83.22590637207031,100.0,318.382,100.0,-32.430538177490234
83.25893020629883,100.0,318.609,100.0,-32.429542541503906
83.29118394851685,100.0,318.693,100.0,-32.43335723876953
83.31933569908142,100.0,318.771,100.0,-32.438785552978516
83.36354613304138,100.0,318.92,100.0,-32.45839309692383
83.40429329872131,100.0,318.991,100.0,-32.47526550292969
83.44264769554138,100.0,318.794,100.0,-32.478206634521484
83.49260973930359,100.0,318.846,100.0,-32.47473907470703
83.52381587028503,100.0,318.821,100.0,-32.469932556152344
83.55168771743774,100.0,318.893,100.0,-32.46892166137695
83.58316278457642,100.0,318.914,100.0,-32.47301483154297
83.6202039718628,100.0,319.084,100.0,-32.48155212402344
83.64340806007385,100.0,319.179,100.0,-32.49188995361328
83.67678880691528,100.0,319.091,100.0,-32.499610900878906
83.71906328201294,100.0,319.179,100.0,-32.50713348388672
83.75508832931519,100.0,319.246,100.0,-32.51054763793945
83.78800702095032,100.0,319.532,100.0,-32.51798629760742
83.83020496368408,100.0,320.136,100.0,-32.5695915222168
83.86808037757874,100.0,321.352,100.0,-32.62377166748047
83.90084862709045,100.0,321.762,100.0,-32.69002914428711
83.93329453468323,100.0,322.072,100.0,-32.82229995727539
83.9599552154541,100.0,322.269,100.0,-32.87937927246094
84.004323720932,100.0,322.599,100.0,-32.9305419921875
84.03198075294495,100.0,322.549,100.0,-33.004642486572266
84.07511258125305,100.0,322.551,100.0,-33.030006408691406
84.10825777053833,100.0,322.525,100.0,-33.05373001098633
84.13960528373718,100.0,322.571,100.0,-33.0611572265625
84.17234206199646,100.0,322.504,100.0,-33.061248779296875
84.1965811252594,100.0,322.504,100.0,-33.06158447265625
84.22656226158142,100.0,322.491,100.0,-33.058082580566406
84.26565170288086,100.0,322.762,100.0,-33.0654296875
84.2977933883667,100.0,322.991,100.0,-33.07151794433594
84.33951234817505,100.0,323.292,100.0,-33.10523223876953
84.37237524986267,100.0,323.313,100.0,-33.1219367980957
84.40836811065674,100.0,323.441,100.0,-33.1472282409668
84.44353246688843,100.0,323.509,100.0,-33.15807342529297
84.48518085479736,100.0,323.167,100.0,-33.17516326904297
84.52104210853577,100.0,322.85,100.0,-33.16572189331055
84.55090022087097,100.0,322.605,100.0,-33.14438247680664
84.58555269241333,100.0,322.637,100.0,-33.09663009643555
84.6111969947815,100.0,322.878,100.0,-33.090667724609375
84.66056632995605,100.0,323.523,100.0,-33.12007141113281
84.69322395324707,100.0,323.878,100.0,-33.14992904663086
84.7358911037445,100.0,324.089,100.0,-33.20412063598633
84.77167057991028,100.0,323.749,100.0,-33.21829605102539
84.81337523460388,100.0,323.635,100.0,-33.213356018066406
84.83351993560791,100.0,323.597,100.0,-33.20725631713867
84.86735987663269,100.0,323.589,100.0,-33.20175552368164
84.89314126968384,100.0,323.591,100.0,-33.19718933105469
84.9259684085846,100.0,323.643,100.0,-33.19549560546875
84.95566177368164,100.0,323.522,100.0,-33.19387435913086
84.99285936355591,100.0,323.697,100.0,-33.18564987182617
85.0247790813446,100.0,323.975,100.0,-33.187767028808594
85.05937957763672,100.0,324.474,100.0,-33.210811614990234
85.08443689346313,100.0,324.615,100.0,-33.239200592041016
85.11617994308472,100.0,325.004,100.0,-33.266780853271484
85.1512987613678,100.0,325.108,100.0,-33.3040657043457
85.18312001228333,100.0,325.012,100.0,-33.35748291015625
85.20934915542603,100.0,324.909,100.0,-33.36852264404297
85.23831152915955,100.0,324.528,100.0,-33.362422943115234
85.27473497390747,100.0,324.581,100.0,-33.35507583618164
85.29829740524292,100.0,324.82,100.0,-33.351070404052734
85.3344886302948,100.0,325.028,100.0,-33.37079620361328
85.36580204963684,100.0,325.272,100.0,-33.390846252441406
85.39380621910095,100.0,326.142,100.0,-33.42060470581055
85.42526316642761,100.0,326.411,100.0,-33.46485137939453
85.46447157859802,100.0,326.459,100.0,-33.54564666748047
85.49025464057922,100.0,326.324,100.0,-33.56689453125
85.52342247962952,100.0,325.89,100.0,-33.56418228149414
85.55871438980103,100.0,325.908,100.0,-33.55588150024414
85.5919771194458,100.0,326.219,100.0,-33.567054748535156
85.62451553344727,100.0,326.522,100.0,-33.58771896362305
85.65459060668945,100.0,326.874,100.0,-33.61384582519531
85.67612981796265,100.0,326.874,100.0,-33.63330078125
85.71081185340881,100.0,326.743,100.0,-33.6602783203125
85.75037360191345,100.0,326.809,100.0,-33.665245056152344
85.78403306007385,100.0,326.933,100.0,-33.68010330200195
85.82472777366638,100.0,326.793,100.0,-33.68522644042969
85.85225248336792,100.0,326.758,100.0,-33.68376541137695
85.88733267784119,100.0,326.531,100.0,-33.671138763427734
85.92011523246765,100.0,326.478,100.0,-33.660125732421875
85.94241428375244,100.0,326.307,100.0,-33.64894104003906
85.97315883636475,100.0,326.217,100.0,-33.63274002075195
86.0104591846466,100.0,326.14,100.0,-33.5998649597168
86.04621911048889,100.0,326.224,100.0,-33.59080505371094
86.06904458999634,100.0,326.224,100.0,-33.58359909057617
86.09539699554443,100.0,326.348,100.0,-33.5813102722168
86.13093376159668,100.0,326.456,100.0,-33.58141326904297
86.16442489624023,100.0,326.72,100.0,-33.60064697265625
86.19218111038208,100.0,326.915,100.0,-33.620094299316406
86.22121691703796,100.0,327.149,100.0,-33.64484786987305
86.26701998710632,100.0,327.407,100.0,-33.6932373046875
86.30019783973694,100.0,327.628,100.0,-33.72072219848633
86.34220862388611,100.0,327.863,100.0,-33.76924133300781
86.36791157722473,100.0,327.95,100.0,-33.78791046142578
86.39996290206909,100.0,327.958,100.0,-33.80541229248047
86.42610907554626,100.0,328.413,100.0,-33.81867218017578
86.45502662658691,100.0,328.576,100.0,-33.84740447998047
86.49819445610046,100.0,329.361,100.0,-33.91212463378906
86.53256177902222,100.0,329.738,100.0,-33.95729446411133
86.55001878738403,100.0,330.224,100.0,-34.00716781616211
86.58019852638245,100.0,330.558,100.0,-34.065128326416016
86.62400102615356,100.0,330.862,100.0,-34.17470169067383
86.64895915985107,100.0,330.913,100.0,-34.21765899658203
86.68934512138367,100.0,330.808,100.0,-34.271812438964844
86.7339243888855,100.0,330.42,100.0,-34.27310562133789
86.76762652397156,100.0,330.236,100.0,-34.26014709472656
86.80176663398743,100.0,330.049,100.0,-34.24637985229492
86.85300517082214,100.0,329.383,100.0,-34.20365905761719
86.88616681098938,100.0,329.07,100.0,-34.12409973144531
86.92329120635986,100.0,328.933,100.0,-34.0850830078125
86.95669674873352,100.0,328.815,100.0,-34.05025863647461
86.99282145500183,100.0,328.811,100.0,-34.00125503540039
87.01871728897095,100.0,328.748,100.0,-33.98215866088867
87.05473685264587,100.0,329.844,100.0,-33.9856071472168
87.09138703346252,100.0,330.435,100.0,-34.01891326904297
87.1253912448883,100.0,330.977,100.0,-34.067359924316406
87.15061163902283,100.0,331.104,100.0,-34.127540588378906
87.18513917922974,100.0,331.206,100.0,-34.2135124206543
87.21745729446411,100.0,331.565,100.0,-34.2489013671875
87.24308490753174,100.0,331.78,100.0,-34.290679931640625
87.27128958702087,100.0,331.893,100.0,-34.33124923706055
87.31514048576355,100.0,331.4,100.0,-34.38436508178711
87.351065158844,100.0,331.26,100.0,-34.38493347167969
87.38523244857788,100.0,331.389,100.0,-34.37815475463867
87.45047616958618,100.0,331.441,100.0,-34.36490249633789
87.49249982833862,100.0,331.624,100.0,-34.376808166503906
87.5203115940094,100.0,332.076,100.0,-34.40232849121094
87.55650305747986,100.0,332.619,100.0,-34.43842315673828
87.57903480529785,100.0,332.732,100.0,-34.471500396728516
87.61355304718018,100.0,332.799,100.0,-34.52592468261719
87.64174008369446,100.0,332.924,100.0,-34.549530029296875
87.67465090751648,100.0,332.882,100.0,-34.56512451171875
87.7067711353302,100.0,332.529,100.0,-34.57627487182617
87.74470138549805,100.0,332.277,100.0,-34.56581115722656
87.76995754241943,100.0,332.425,100.0,-34.54889678955078
87.80060267448425,100.0,332.426,100.0,-34.54136657714844
87.83636951446533,100.0,332.692,100.0,-34.53446578979492
87.86107921600342,100.0,332.692,100.0,-34.53989028930664
87.89528608322144,100.0,333.495,100.0,-34.55658721923828
87.9450991153717,100.0,334.235,100.0,-34.630226135253906
87.97557950019836,100.0,334.255,100.0,-34.67675018310547
88.01251339912415,100.0,334.218,100.0,-34.73834991455078
88.04206466674805,100.0,334.187,100.0,-34.75588607788086
88.06924533843994,100.0,334.121,100.0,-34.76576232910156
88.09954762458801,100.0,334.143,100.0,-34.77687072753906
88.13289737701416,100.0,334.079,100.0,-34.78114318847656
88.1581723690033,100.0,334.056,100.0,-34.780914306640625
88.1900281906128,100.0,333.99,100.0,-34.77398681640625
88.22154355049133,100.0,333.608,100.0,-34.75341796875
88.2618088722229,100.0,333.096,100.0,-34.69002914428711
88.29222369194031,100.0,333.211,100.0,-34.67054748535156
88.33297514915466,100.0,334.22,100.0,-34.68001937866211
88.36644697189331,100.0,334.277,100.0,-34.72633361816406
88.40599322319031,100.0,334.266,100.0,-34.74265670776367
88.43184685707092,100.0,334.204,100.0,-34.7545051574707
88.4692599773407,100.0,334.758,100.0,-34.77037811279297
88.4940013885498,100.0,334.915,100.0,-34.79554748535156
88.52554702758789,100.0,335.012,100.0,-34.821205139160156
88.55958938598633,100.0,335.041,100.0,-34.84465026855469
88.58998274803162,100.0,334.775,100.0,-34.87254333496094
88.6239116191864,100.0,334.713,100.0,-34.872718811035156
88.64939951896667,100.0,334.919,100.0,-34.86968994140625
88.67599248886108,100.0,335.371,100.0,-34.875484466552734
88.7158031463623,100.0,335.887,100.0,-34.93741226196289
88.75137090682983,100.0,336.58,100.0,-34.98579025268555
88.76881003379822,100.0,336.58,100.0,-35.032737731933594
88.79769945144653,100.0,336.75,100.0,-35.07194519042969
88.84050297737122,100.0,336.828,100.0,-35.13233184814453
88.87615823745728,100.0,336.878,100.0,-35.15674591064453
88.90113759040833,100.0,336.652,100.0,-35.17253112792969
88.92345428466797,100.0,336.652,100.0,-35.17416763305664
88.97301173210144,100.0,336.481,100.0,-35.16477584838867
89.00426173210144,100.0,336.585,100.0,-35.1624870300293
89.0369725227356,100.0,336.752,100.0,-35.17045211791992
89.06459832191467,100.0,336.749,100.0,-35.171653747558594
89.10954642295837,100.0,336.568,100.0,-35.16599655151367
89.14223527908325,100.0,336.829,100.0,-35.15863800048828
89.17479872703552,100.0,337.057,100.0,-35.163414001464844
89.21376967430115,100.0,337.404,100.0,-35.19713592529297
89.25083899497986,100.0,337.122,100.0,-35.2159309387207
89.27538776397705,100.0,336.911,100.0,-35.21809005737305
89.3039755821228,100.0,336.549,100.0,-35.210365295410156
89.34263277053833,100.0,336.202,100.0,-35.1569938659668
89.37155628204346,100.0,336.131,100.0,-35.12921905517578
89.39707279205322,100.0,335.885,100.0,-35.09728240966797
89.42752170562744,100.0,336.128,100.0,-35.07291030883789
89.45922708511353,100.0,336.545,100.0,-35.06403350830078
89.50198340415955,100.0,337.313,100.0,-35.10285949707031
89.53386330604553,100.0,337.409,100.0,-35.137306213378906
89.58850026130676,100.0,337.409,100.0,-35.20827865600586
89.61466193199158,100.0,337.425,100.0,-35.222686767578125
89.64344120025635,100.0,337.306,100.0,-35.23345947265625
89.68002200126648,100.0,337.234,100.0,-35.23640441894531
89.70576190948486,100.0,337.128,100.0,-35.23527145385742
89.74160766601562,100.0,336.903,100.0,-35.21612548828125
89.77343106269836,100.0,336.371,100.0,-35.20473861694336
89.80208277702332,100.0,336.085,100.0,-35.17339324951172
89.83193755149841,100.0,335.807,100.0,-35.13703536987305
89.87537407875061,100.0,335.623,100.0,-35.057212829589844
89.89895606040955,100.0,335.688,100.0,-35.0283088684082
89.9249210357666,100.0,335.72,100.0,-35.00910949707031
89.96245193481445,100.0,335.789,100.0,-34.989437103271484
89.99876189231873,100.0,335.88,100.0,-34.986148834228516
90.02808833122253,100.0,335.967,100.0,-34.986576080322266
90.05864930152893,100.0,336.009,100.0,-34.99102783203125
90.09256315231323,100.0,336.08,100.0,-35.00436019897461
90.12678933143616,100.0,337.314,100.0,-35.0344123840332
90.1582601070404,100.0,338.006,100.0,-35.085933685302734
90.19096159934998,100.0,338.6,100.0,-35.23296356201172
90.21949434280396,100.0,338.6,100.0,-35.29290771484375
90.25360417366028,100.0,338.815,100.0,-35.347618103027344
90.28919386863708,100.0,339.317,100.0,-35.449066162109375
90.31835436820984,100.0,339.653,100.0,-35.50062942504883
90.35423398017883,100.0,339.639,100.0,-35.5386962890625
90.37573766708374,100.0,339.547,100.0,-35.56296157836914
90.41332769393921,100.0,339.464,100.0,-35.590877532958984
90.44521951675415,100.0,339.289,100.0,-35.59590530395508
90.47639465332031,100.0,338.989,100.0,-35.59122848510742
90.50295639038086,100.0,338.823,100.0,-35.573883056640625
90.53932118415833,100.0,338.807,100.0,-35.5344123840332
90.56899213790894,100.0,338.8,100.0,-35.519081115722656
90.59668827056885,100.0,338.749,100.0,-35.506954193115234
90.6354570388794,100.0,338.7,100.0,-35.49491882324219
90.66909456253052,100.0,338.638,100.0,-35.47277069091797
90.69151425361633,100.0,338.638,100.0,-35.46275329589844
90.72009348869324,100.0,338.72,100.0,-35.458221435546875
90.76529383659363,100.0,339.107,100.0,-35.471439361572266
90.78982853889465,100.0,339.401,100.0,-35.49301528930664
90.8262689113617,100.0,339.535,100.0,-35.51455307006836
90.86038541793823,100.0,339.491,100.0,-35.53145980834961
90.89157581329346,100.0,339.576,100.0,-35.553955078125
90.92369103431702,100.0,339.664,100.0,-35.56623840332031
90.95599818229675,100.0,340.571,100.0,-35.59867477416992
90.99076056480408,100.0,340.731,100.0,-35.67461013793945
91.03364253044128,100.0,340.787,100.0,-35.71405792236328
91.07334756851196,100.0,340.526,100.0,-35.75646209716797
91.10178065299988,100.0,340.233,100.0,-35.75442886352539
91.12629008293152,100.0,339.584,100.0,-35.73973083496094
91.15771317481995,100.0,339.493,100.0,-35.700374603271484
91.20166969299316,100.0,339.741,100.0,-35.6412353515625
91.22611713409424,100.0,340.039,100.0,-35.629573822021484
91.2519462108612,100.0,340.314,100.0,-35.632904052734375
91.28619503974915,100.0,340.502,100.0,-35.646881103515625
91.31656980514526,100.0,340.624,100.0,-35.6846809387207
91.3528060913086,100.0,340.713,100.0,-35.701904296875
91.38997554779053,100.0,340.733,100.0,-35.72745132446289
91.42361879348755,100.0,340.703,100.0,-35.734642028808594
91.45864653587341,100.0,340.851,100.0,-35.73771286010742
91.48898649215698,100.0,341.268,100.0,-35.77312469482422
91.52514266967773,100.0,341.715,100.0,-35.810890197753906
91.56218791007996,100.0,342.159,100.0,-35.854496002197266
91.58059215545654,100.0,342.159,100.0,-35.89133071899414
91.61103129386902,100.0,341.968,100.0,-35.91437530517578
91.65176177024841,100.0,341.969,100.0,-35.93791961669922
91.68328785896301,100.0,341.896,100.0,-35.94472885131836
91.71583461761475,100.0,341.733,100.0,-35.94203567504883
91.75030493736267,100.0,341.786,100.0,-35.93582534790039
91.78002524375916,100.0,341.941,100.0,-35.932640075683594
91.81289386749268,100.0,341.91,100.0,-35.937042236328125
91.84405636787415,100.0,341.675,100.0,-35.931419372558594
91.8762321472168,100.0,341.485,100.0,-35.922603607177734
91.90913462638855,100.0,341.421,100.0,-35.90742874145508
91.94037008285522,100.0,341.371,100.0,-35.87898635864258
91.97239995002747,100.0,341.403,100.0,-35.86956787109375
92.00459337234497,100.0,341.836,100.0,-35.86907196044922
92.03674578666687,100.0,342.159,100.0,-35.879913330078125
92.07582664489746,100.0,342.404,100.0,-35.92882537841797
92.10079145431519,100.0,342.46,100.0,-35.951866149902344
92.14219403266907,100.0,342.196,100.0,-35.96622848510742
92.17276382446289,100.0,342.208,100.0,-35.96920394897461
92.20426201820374,100.0,342.402,100.0,-35.979312896728516
92.2428686618805,100.0,343.165,100.0,-36.006797790527344
92.28180956840515,100.0,343.224,100.0,-36.03936767578125
92.3211133480072,100.0,343.103,100.0,-36.085121154785156
92.35274815559387,100.0,343.19,100.0,-36.09577178955078
92.38423371315002,100.0,343.286,100.0,-36.10706329345703
92.41662001609802,100.0,343.498,100.0,-36.13695526123047
92.44762921333313,100.0,343.954,100.0,-36.163909912109375
92.47452878952026,100.0,344.062,100.0,-36.189388275146484
92.50681138038635,100.0,344.104,100.0,-36.21292495727539
92.53891777992249,100.0,344.132,100.0,-36.247398376464844
92.57137942314148,100.0,344.246,100.0,-36.26320266723633
92.59893035888672,100.0,344.63,100.0,-36.28194046020508
92.64169192314148,100.0,344.704,100.0,-36.32414627075195
92.6683235168457,100.0,344.562,100.0,-36.33256912231445
92.7001051902771,100.0,344.375,100.0,-36.33039474487305
92.72581553459167,100.0,344.027,100.0,-36.31331253051758
92.75631213188171,100.0,343.767,100.0,-36.28730773925781
92.79230976104736,100.0,343.798,100.0,-36.253604888916016
92.819659948349,100.0,343.915,100.0,-36.247188568115234
92.85844469070435,100.0,344.11,100.0,-36.24195098876953
92.8900375366211,100.0,344.159,100.0,-36.2489013671875
92.92226004600525,100.0,344.284,100.0,-36.25285339355469
92.95443964004517,100.0,344.603,100.0,-36.260948181152344
92.9932451248169,100.0,344.914,100.0,-36.303688049316406
93.02014875411987,100.0,345.1,100.0,-36.325923919677734
93.05258870124817,100.0,345.19,100.0,-36.350547790527344
93.0938012599945,100.0,345.251,100.0,-36.39228820800781
93.11854887008667,100.0,345.323,100.0,-36.40974044799805
93.14839744567871,100.0,345.211,100.0,-36.4206428527832
93.18128108978271,100.0,345.145,100.0,-36.42579650878906
93.21298861503601,100.0,345.168,100.0,-36.42643356323242
93.24514770507812,100.0,345.196,100.0,-36.428714752197266
93.27691578865051,100.0,345.34,100.0,-36.43218994140625
93.30876541137695,100.0,345.376,100.0,-36.43757247924805
93.34174704551697,100.0,345.39,100.0,-36.447017669677734
93.37296152114868,100.0,345.313,100.0,-36.446624755859375
93.40533208847046,100.0,345.325,100.0,-36.446434020996094
93.4372730255127,100.0,345.194,100.0,-36.44264602661133
93.46881103515625,100.0,345.261,100.0,-36.43544006347656
93.5081901550293,100.0,345.23,100.0,-36.43385314941406
93.54215812683105,100.0,345.253,100.0,-36.43086242675781
93.57100486755371,100.0,345.184,100.0,-36.429359436035156
93.60400938987732,100.0,344.908,100.0,-36.425132751464844
93.63643264770508,100.0,344.877,100.0,-36.410125732421875
93.66684365272522,100.0,344.997,100.0,-36.38798904418945
93.70771598815918,100.0,345.103,100.0,-36.385009765625
93.75827288627625,100.0,345.613,100.0,-36.39544677734375
93.79144620895386,100.0,345.995,100.0,-36.44913864135742
93.82103085517883,100.0,346.489,100.0,-36.494815826416016
93.85390448570251,100.0,346.979,100.0,-36.54651641845703
93.8859794139862,100.0,347.018,100.0,-36.58995819091797
93.91747379302979,100.0,346.88,100.0,-36.644874572753906
93.94931936264038,100.0,346.781,100.0,-36.655643463134766
93.974848985672,100.0,346.567,100.0,-36.65421676635742
94.0056402683258,100.0,346.353,100.0,-36.64436340332031
94.03747820854187,100.0,346.261,100.0,-36.63512420654297
94.07015204429626,100.0,346.397,100.0,-36.619808197021484
94.10169577598572,100.0,346.541,100.0,-36.62254333496094
94.14115881919861,100.0,346.67,100.0,-36.63300323486328
94.17403197288513,100.0,346.511,100.0,-36.63701629638672
94.20629334449768,100.0,346.26,100.0,-36.633079528808594
94.24268507957458,100.0,345.94,100.0,-36.59467315673828
94.27001452445984,100.0,345.396,100.0,-36.55736541748047
94.30199003219604,100.0,345.432,100.0,-36.52379608154297
94.34154343605042,100.0,345.438,100.0,-36.481021881103516
94.37343692779541,100.0,345.485,100.0,-36.46574020385742
94.40508103370667,100.0,345.583,100.0,-36.45750045776367
94.44287395477295,100.0,345.709,100.0,-36.45968246459961
94.4750428199768,100.0,345.778,100.0,-36.46651840209961
94.50293684005737,100.0,345.97,100.0,-36.471595764160156
94.53560972213745,100.0,346.263,100.0,-36.483795166015625
94.57563805580139,100.0,346.627,100.0,-36.53801345825195
94.6044933795929,100.0,347.166,100.0,-36.57957077026367
94.63862252235413,100.0,347.188,100.0,-36.61758804321289
94.67193055152893,100.0,347.057,100.0,-36.6649169921875
94.70239019393921,100.0,346.883,100.0,-36.6705207824707
94.73452520370483,100.0,346.741,100.0,-36.66841125488281
94.76781821250916,100.0,346.935,100.0,-36.656490325927734
94.79850149154663,100.0,347.239,100.0,-36.664493560791016
94.83115339279175,100.0,347.607,100.0,-36.6831169128418
94.8635585308075,100.0,348.035,100.0,-36.712615966796875
94.89572525024414,100.0,348.576,100.0,-36.80061340332031
94.92539882659912,100.0,348.703,100.0,-36.842559814453125
94.95591163635254,100.0,348.776,100.0,-36.87955093383789
94.98859429359436,100.0,348.787,100.0,-36.91034698486328
95.02145290374756,100.0,348.349,100.0,-36.94512939453125
95.0530412197113,100.0,347.985,100.0,-36.94023513793945
95.09352564811707,100.0,347.692,100.0,-36.89167785644531
95.12587690353394,100.0,347.526,100.0,-36.86195755004883
95.15846395492554,100.0,347.674,100.0,-36.841796875
95.2067198753357,100.0,347.739,100.0,-36.823360443115234
95.24755907058716,100.0,347.708,100.0,-36.810081481933594
95.28026413917542,100.0,347.595,100.0,-36.80006408691406
95.31093382835388,100.0,346.983,100.0,-36.779998779296875
95.34324717521667,100.0,346.679,100.0,-36.72856140136719
95.37443780899048,100.0,346.611,100.0,-36.69862747192383
95.40808606147766,100.0,346.567,100.0,-36.6728630065918
95.44086265563965,100.0,346.221,100.0,-36.65142059326172
95.47205758094788,100.0,346.082,100.0,-36.610050201416016
95.50407862663269,100.0,346.068,100.0,-36.58378982543945
95.53680038452148,100.0,346.491,100.0,-36.563446044921875
95.56907773017883,100.0,346.987,100.0,-36.589534759521484
95.60084390640259,100.0,347.839,100.0,-36.62631607055664
95.64277744293213,100.0,347.842,100.0,-36.708953857421875
95.67329287528992,100.0,347.717,100.0,-36.731693267822266
95.70523285865784,100.0,347.577,100.0,-36.745845794677734
95.74202394485474,100.0,347.566,100.0,-36.759727478027344
95.77666759490967,100.0,347.632,100.0,-36.766666412353516
95.80698609352112,100.0,347.772,100.0,-36.77348709106445
95.84403133392334,100.0,347.752,100.0,-36.78877258300781
95.89124822616577,100.0,348.142,100.0,-36.800331115722656
95.92441153526306,100.0,348.313,100.0,-36.83893585205078
95.95627975463867,100.0,348.628,100.0,-36.86781311035156
95.98797631263733,100.0,348.797,100.0,-36.895172119140625
96.02033925056458,100.0,348.794,100.0,-36.932865142822266
96.05194282531738,100.0,348.839,100.0,-36.9453239440918
96.0927562713623,100.0,348.876,100.0,-36.96221923828125
96.1176187992096,100.0,348.883,100.0,-36.96965026855469
96.15589118003845,100.0,348.953,100.0,-36.97510528564453
96.18716788291931,100.0,348.979,100.0,-36.9817008972168
96.20361375808716,100.0,348.965,100.0,-36.98734664916992
96.23610782623291,100.0,348.949,100.0,-36.99059295654297
96.26938104629517,100.0,348.969,100.0,-36.99330520629883
96.3013186454773,100.0,349.031,100.0,-36.99509811401367
96.3328104019165,100.0,349.051,100.0,-36.99748611450195
96.36486482620239,100.0,349.079,100.0,-36.99977111816406
96.40636420249939,100.0,349.142,100.0,-37.004859924316406
96.43967533111572,100.0,349.218,100.0,-37.0081901550293
96.47047352790833,100.0,349.287,100.0,-37.02039337158203
96.50359296798706,100.0,349.373,100.0,-37.02891540527344
96.54447746276855,100.0,349.614,100.0,-37.053062438964844
96.57557272911072,100.0,349.795,100.0,-37.07085418701172
96.60042142868042,100.0,349.983,100.0,-37.09210205078125
96.6378345489502,100.0,350.251,100.0,-37.11543655395508
96.67348527908325,100.0,350.298,100.0,-37.1499137878418
96.70470547676086,100.0,350.451,100.0,-37.16440963745117
96.73795127868652,100.0,350.598,100.0,-37.18145751953125
96.77056121826172,100.0,351.025,100.0,-37.23057556152344
96.80154275894165,100.0,350.976,100.0,-37.25480651855469
96.83399772644043,100.0,350.778,100.0,-37.270755767822266
96.8666479587555,100.0,350.469,100.0,-37.27401351928711
96.89895820617676,100.0,350.223,100.0,-37.24315643310547
96.93039178848267,100.0,350.163,100.0,-37.229190826416016
96.96154260635376,100.0,350.124,100.0,-37.21360397338867
96.99431204795837,100.0,350.068,100.0,-37.18601989746094
97.02372455596924,100.0,349.792,100.0,-37.16375732421875
97.05535531044006,100.0,349.872,100.0,-37.148006439208984
97.08737635612488,100.0,349.9,100.0,-37.13753890991211
97.11523485183716,100.0,349.994,100.0,-37.13062286376953
97.14567518234253,100.0,350.113,100.0,-37.13324737548828
97.17363357543945,100.0,350.282,100.0,-37.143470764160156
97.20487427711487,100.0,350.416,100.0,-37.15701675415039
97.23671340942383,100.0,350.908,100.0,-37.177330017089844
97.275390625,100.0,351.145,100.0,-37.23392868041992
97.30559611320496,100.0,351.446,100.0,-37.25700378417969
97.34329986572266,100.0,351.644,100.0,-37.315673828125
97.38239979743958,100.0,351.667,100.0,-37.33987808227539
97.42206311225891,100.0,351.718,100.0,-37.374061584472656
97.45486688613892,100.0,351.83,100.0,-37.38630294799805
97.48666000366211,100.0,351.97,100.0,-37.39982604980469
97.52561092376709,100.0,351.765,100.0,-37.4168701171875
97.55795764923096,100.0,351.604,100.0,-37.418785095214844
97.59011173248291,100.0,351.123,100.0,-37.412899017333984
97.62121748924255,100.0,350.995,100.0,-37.36221694946289
97.65020370483398,100.0,350.563,100.0,-37.32411193847656
97.68241858482361,100.0,350.113,100.0,-37.279300689697266
97.71502041816711,100.0,350.046,100.0,-37.24089813232422
97.74681448936462,100.0,349.966,100.0,-37.180423736572266
97.77689671516418,100.0,349.958,100.0,-37.158714294433594
97.80807185173035,100.0,350.024,100.0,-37.145137786865234
97.83995532989502,100.0,349.983,100.0,-37.133514404296875
97.87244653701782,100.0,350.001,100.0,-37.11946105957031
97.90520596504211,100.0,350.381,100.0,-37.11574935913086
97.93685865402222,100.0,350.983,100.0,-37.129295349121094
97.96760892868042,100.0,352.278,100.0,-37.16546630859375
97.9913444519043,100.0,352.278,100.0,-37.21795654296875
98.0231602191925,100.0,352.038,100.0,-37.33905792236328
98.05881237983704,100.0,352.181,100.0,-37.37186050415039
98.08788561820984,100.0,352.281,100.0,-37.402740478515625
98.11271739006042,100.0,352.482,100.0,-37.430240631103516
98.15266418457031,100.0,352.408,100.0,-37.48768997192383
98.18486738204956,100.0,352.263,100.0,-37.4991340637207
98.21690320968628,100.0,352.082,100.0,-37.50110626220703
98.24944877624512,100.0,351.92,100.0,-37.48148727416992
98.28189539909363,100.0,351.802,100.0,-37.46754837036133
98.30856394767761,100.0,351.804,100.0,-37.454742431640625
98.34569478034973,100.0,351.902,100.0,-37.44034194946289
98.37218928337097,100.0,352.088,100.0,-37.444637298583984
98.40522742271423,100.0,352.278,100.0,-37.45566177368164
98.43687510490417,100.0,352.677,100.0,-37.48064422607422
98.46942591667175,100.0,353.258,100.0,-37.548892974853516
98.50106430053711,100.0,353.578,100.0,-37.57585525512695
98.54680728912354,100.0,353.749,100.0,-37.6421012878418
98.57474541664124,100.0,354.085,100.0,-37.67572784423828
98.6045491695404,100.0,353.934,100.0,-37.7058219909668
98.63823580741882,100.0,353.589,100.0,-37.72186279296875
98.67158150672913,100.0,353.263,100.0,-37.701988220214844
98.70190620422363,100.0,353.042,100.0,-37.68476104736328
98.74701571464539,100.0,353.109,100.0,-37.65183639526367
98.77508544921875,100.0,353.296,100.0,-37.649147033691406
98.80573344230652,100.0,353.55,100.0,-37.651527404785156
98.83842444419861,100.0,353.662,100.0,-37.65885925292969
98.86714577674866,100.0,353.546,100.0,-37.66889572143555
98.8909387588501,100.0,353.448,100.0,-37.67143630981445
98.93496036529541,100.0,353.356,100.0,-37.662818908691406
98.95880579948425,100.0,353.295,100.0,-37.655242919921875
98.9877576828003,100.0,353.278,100.0,-37.64889907836914
99.02534437179565,100.0,353.297,100.0,-37.63967514038086
99.05728936195374,100.0,353.283,100.0,-37.63612747192383
99.07975339889526,100.0,353.336,100.0,-37.63328170776367
99.12570118904114,100.0,353.667,100.0,-37.641624450683594
99.1548810005188,100.0,353.73,100.0,-37.65341567993164
99.17892289161682,100.0,353.694,100.0,-37.665061950683594
99.20486092567444,100.0,353.733,100.0,-37.67240524291992
99.24754691123962,100.0,353.932,100.0,-37.6932258605957
99.27240777015686,100.0,354.155,100.0,-37.712955474853516
99.30027675628662,100.0,354.017,100.0,-37.72529983520508
99.33565497398376,100.0,353.91,100.0,-37.731388092041016
99.36834788322449,100.0,353.793,100.0,-37.73128128051758
99.4015383720398,100.0,353.935,100.0,-37.72755813598633
99.43077111244202,100.0,354.325,100.0,-37.73411560058594
99.45839929580688,100.0,354.411,100.0,-37.749732971191406
99.4978723526001,100.0,354.436,100.0,-37.77780532836914
99.524258852005,100.0,354.506,100.0,-37.79018783569336
99.55057859420776,100.0,354.42,100.0,-37.7957878112793
99.5870988368988,100.0,354.537,100.0,-37.80138397216797
99.62075448036194,100.0,354.462,100.0,-37.810691833496094
99.65039849281311,100.0,354.417,100.0,-37.8100471496582
99.68388152122498,100.0,354.339,100.0,-37.80594253540039
99.70714735984802,100.0,354.287,100.0,-37.802467346191406
99.74646067619324,100.0,354.429,100.0,-37.79908752441406
99.80074667930603,100.0,355.215,100.0,-37.829830169677734
99.85232925415039,100.0,355.053,100.0,-37.87337875366211
99.88395357131958,100.0,355.028,100.0,-37.88269805908203
99.92372345924377,100.0,355.053,100.0,-37.893516540527344
99.95941758155823,100.0,355.215,100.0,-37.90031814575195
99.99168491363525,100.0,355.143,100.0,-37.90871047973633
100.02360391616821,100.0,355.285,100.0,-37.91972732543945
100.05666923522949,100.0,355.445,100.0,-37.928428649902344
100.08874344825745,100.0,355.419,100.0,-37.93854904174805
100.12552237510681,100.0,355.261,100.0,-37.94275665283203
100.17362856864929,100.0,355.257,100.0,-37.93871307373047
100.20620656013489,100.0,355.48,100.0,-37.94614028930664
100.23843312263489,100.0,355.614,100.0,-37.95603561401367
100.28217196464539,100.0,355.623,100.0,-37.971195220947266
100.3005690574646,100.0,355.617,100.0,-37.97574996948242
100.33790040016174,100.0,355.605,100.0,-37.97843933105469
100.36759638786316,100.0,355.493,100.0,-37.980201721191406
100.40015816688538,100.0,355.413,100.0,-37.97556686401367
100.42518830299377,100.0,355.21,100.0,-37.969078063964844
100.4742865562439,100.0,355.02,100.0,-37.9390983581543
100.50830936431885,100.0,354.948,100.0,-37.92389678955078
100.53998923301697,100.0,355.032,100.0,-37.90909194946289
100.56798386573792,100.0,355.127,100.0,-37.90119934082031
100.60769081115723,100.0,355.338,100.0,-37.90220260620117
100.63842225074768,100.0,355.344,100.0,-37.908958435058594
100.68003058433533,100.0,355.358,100.0,-37.91938781738281
100.7045156955719,100.0,355.361,100.0,-37.923301696777344
100.74443411827087,100.0,355.36,100.0,-37.92803955078125
100.77196145057678,100.0,355.394,100.0,-37.9327507019043
100.81029438972473,100.0,355.187,100.0,-37.929901123046875
100.8365638256073,100.0,355.266,100.0,-37.9239616394043
100.875009059906,100.0,355.319,100.0,-37.92388153076172
100.90340805053711,100.0,355.508,100.0,-37.93275451660156
100.93019556999207,100.0,355.787,100.0,-37.95130920410156
100.960116147995,100.0,355.823,100.0,-37.96558380126953
100.98858547210693,100.0,355.754,100.0,-37.97800064086914
101.02543234825134,100.0,355.57,100.0,-37.98736572265625
101.05885338783264,100.0,356.035,100.0,-37.983646392822266
101.08651924133301,100.0,356.353,100.0,-38.00011444091797
101.11482000350952,100.0,356.618,100.0,-38.02600860595703
101.14139437675476,100.0,356.741,100.0,-38.05690383911133
101.17390251159668,100.0,356.864,100.0,-38.11253356933594
101.20569443702698,100.0,356.846,100.0,-38.133636474609375
101.2377986907959,100.0,356.751,100.0,-38.14783477783203
101.28067779541016,100.0,356.629,100.0,-38.15416717529297
101.29937291145325,100.0,356.629,100.0,-38.1528434753418
101.33178782463074,100.0,356.646,100.0,-38.149452209472656
101.373952627182,100.0,356.676,100.0,-38.14933395385742
101.42560935020447,100.0,356.762,100.0,-38.15269088745117
101.47569274902344,100.0,356.809,100.0,-38.15785217285156
101.50890636444092,100.0,356.818,100.0,-38.16041564941406
101.54025411605835,100.0,356.857,100.0,-38.163265228271484
101.57607007026672,100.0,356.733,100.0,-38.161964416503906
101.6012315750122,100.0,356.474,100.0,-38.15886306762695
101.63314366340637,100.0,356.267,100.0,-38.145355224609375
101.67485332489014,100.0,355.862,100.0,-38.10068893432617
101.71764302253723,100.0,355.732,100.0,-38.0743522644043
101.75787210464478,100.0,355.834,100.0,-38.02753448486328
101.78883504867554,100.0,356.169,100.0,-38.01711654663086
101.82469630241394,100.0,356.543,100.0,-38.04429626464844
101.85306715965271,100.0,357.535,100.0,-38.08601379394531
101.88776874542236,100.0,357.748,100.0,-38.1346435546875
101.92547178268433,100.0,357.798,100.0,-38.21884536743164
101.95696330070496,100.0,357.458,100.0,-38.237709045410156
101.9891095161438,100.0,357.362,100.0,-38.247432708740234
102.02401971817017,100.0,357.348,100.0,-38.251617431640625
102.05302596092224,100.0,357.402,100.0,-38.25434875488281
102.0837779045105,100.0,357.474,100.0,-38.259037017822266
102.1145339012146,100.0,357.68,100.0,-38.267356872558594
102.1447741985321,100.0,357.784,100.0,-38.276893615722656
102.17751955986023,100.0,357.801,100.0,-38.2972412109375
102.20651578903198,100.0,357.764,100.0,-38.30222702026367
102.25125408172607,100.0,357.664,100.0,-38.3018798828125
102.30000019073486,100.0,357.618,100.0,-38.29642868041992
102.34216690063477,100.0,357.582,100.0,-38.293548583984375
102.37500357627869,100.0,357.48,100.0,-38.28263854980469
102.4087781906128,100.0,357.466,100.0,-38.276344299316406
102.44151735305786,100.0,357.462,100.0,-38.27071762084961
102.47398567199707,100.0,357.445,100.0,-38.26163864135742
102.50666284561157,100.0,357.567,100.0,-38.260616302490234
102.53924059867859,100.0,357.642,100.0,-38.26240158081055
102.57120633125305,100.0,357.752,100.0,-38.26687240600586
102.60435390472412,100.0,357.864,100.0,-38.282955169677734
102.64273715019226,100.0,357.889,100.0,-38.291812896728516
102.67613530158997,100.0,357.851,100.0,-38.303829193115234
102.71709108352661,100.0,357.851,100.0,-38.30648422241211
102.74064636230469,100.0,357.865,100.0,-38.3088264465332
102.77506923675537,100.0,357.807,100.0,-38.3101806640625
102.80759358406067,100.0,357.676,100.0,-38.30384826660156
102.8378541469574,100.0,357.942,100.0,-38.302513122558594
102.87103462219238,100.0,358.188,100.0,-38.3088493347168
102.90813517570496,100.0,358.472,100.0,-38.347450256347656
102.94107031822205,100.0,358.559,100.0,-38.369056701660156
102.97436833381653,100.0,358.648,100.0,-38.403770446777344
103.00811553001404,100.0,358.673,100.0,-38.41535568237305
103.0423583984375,100.0,358.654,100.0,-38.424964904785156
103.07352042198181,100.0,358.602,100.0,-38.43473815917969
103.10846304893494,100.0,358.555,100.0,-38.43574142456055
103.13322877883911,100.0,358.524,100.0,-38.43416213989258
103.15818047523499,100.0,358.455,100.0,-38.43128204345703
103.19648241996765,100.0,358.419,100.0,-38.425838470458984
103.22901797294617,100.0,358.485,100.0,-38.4167594909668
103.2530632019043,100.0,358.485,100.0,-38.415138244628906
103.29207587242126,100.0,358.665,100.0,-38.41719055175781
103.32582497596741,100.0,358.695,100.0,-38.428016662597656
103.35856747627258,100.0,358.752,100.0,-38.434356689453125
103.38470697402954,100.0,359.079,100.0,-38.44377136230469
103.42550086975098,100.0,359.292,100.0,-38.48103713989258
103.45304775238037,100.0,359.482,100.0,-38.505088806152344
103.50868892669678,100.0,359.62,100.0,-38.547157287597656
103.53363156318665,100.0,359.62,100.0,-38.560760498046875
103.56763052940369,100.0,359.591,100.0,-38.570777893066406
103.60669541358948,100.0,359.605,100.0,-38.58153533935547
103.63337349891663,100.0,359.574,100.0,-38.58470916748047
103.6656563282013,100.0,359.517,100.0,-38.58539581298828
103.69198298454285,100.0,359.462,100.0,-38.58308792114258
103.73292970657349,100.0,359.309,100.0,-38.57133483886719
103.76691603660583,100.0,359.323,100.0,-38.5623893737793
103.80265092849731,100.0,359.407,100.0,-38.55144500732422
103.83561611175537,100.0,359.419,100.0,-38.55046081542969
103.86842155456543,100.0,359.473,100.0,-38.550048828125
103.89872741699219,100.0,359.49,100.0,-38.551856994628906
103.92547631263733,100.0,359.479,100.0,-38.55476760864258
103.96990656852722,100.0,359.418,100.0,-38.55544662475586
104.00284028053284,100.0,359.39,100.0,-38.5501823425293
104.03546333312988,100.0,359.362,100.0,-38.54762649536133
104.0757110118866,100.0,359.351,100.0,-38.54160690307617
104.10581707954407,100.0,359.382,100.0,-38.54060745239258
104.13901662826538,100.0,359.455,100.0,-38.541481018066406
104.17154145240784,100.0,359.5,100.0,-38.54351043701172
104.2031512260437,100.0,359.542,100.0,-38.551307678222656
104.23482871055603,100.0,359.591,100.0,-38.55669403076172
104.25219655036926,100.0,359.632,100.0,-38.5625114440918
104.2904224395752,100.0,359.685,100.0,-38.56915283203125
104.32679057121277,100.0,359.649,100.0,-38.577354431152344
104.35445046424866,100.0,359.599,100.0,-38.57876968383789
104.38633680343628,100.0,359.501,100.0,-38.577640533447266
104.4169237613678,100.0,359.378,100.0,-38.57253646850586
104.456533908844,100.0,359.473,100.0,-38.555809020996094
104.48854327201843,100.0,359.51,100.0,-38.55429458618164
104.52008867263794,100.0,359.607,100.0,-38.55466842651367
104.55122518539429,100.0,359.775,100.0,-38.56427764892578
104.59136319160461,100.0,359.822,100.0,-38.5734748840332
104.63029766082764,100.0,359.796,100.0,-38.58692169189453
104.66481328010559,100.0,359.791,100.0,-38.591617584228516
104.68845534324646,100.0,359.834,100.0,-38.59492492675781
104.73215627670288,100.0,360.035,100.0,-38.60820007324219
104.76258635520935,100.0,360.19,100.0,-38.61760330200195
104.78466391563416,100.0,360.371,100.0,-38.6312141418457
104.81976819038391,100.0,360.567,100.0,-38.64914321899414
104.85035753250122,100.0,360.673,100.0,-38.69203567504883
104.88502192497253,100.0,360.69,100.0,-38.70866012573242
104.90862989425659,100.0,360.668,100.0,-38.72018051147461
104.94203281402588,100.0,360.555,100.0,-38.72697448730469
104.97680020332336,100.0,360.555,100.0,-38.72965621948242
105.00743651390076,100.0,360.508,100.0,-38.728004455566406
105.04046678543091,100.0,360.471,100.0,-38.72480773925781
105.07385349273682,100.0,360.706,100.0,-38.723175048828125
105.10538959503174,100.0,360.89,100.0,-38.74325942993164
105.13732981681824,100.0,361.005,100.0,-38.75779724121094
105.17810010910034,100.0,360.826,100.0,-38.771400451660156
105.20597434043884,100.0,360.533,100.0,-38.77097702026367
105.25198411941528,100.0,360.072,100.0,-38.73374938964844
105.30443787574768,100.0,360.147,100.0,-38.69378662109375
105.3292326927185,100.0,360.016,100.0,-38.6815185546875
105.36301136016846,100.0,359.983,100.0,-38.66657257080078
105.40372920036316,100.0,360.644,100.0,-38.65727615356445
105.43628525733948,100.0,360.842,100.0,-38.67457962036133
105.46186518669128,100.0,360.761,100.0,-38.69637680053711
105.4910135269165,100.0,360.722,100.0,-38.70984649658203
105.52015376091003,100.0,360.677,100.0,-38.71857452392578
105.55190706253052,100.0,360.78,100.0,-38.731239318847656
105.58482885360718,100.0,360.961,100.0,-38.74192428588867
105.62267994880676,100.0,360.703,100.0,-38.752933502197266
105.65445637702942,100.0,360.225,100.0,-38.728233337402344
105.67690253257751,100.0,359.648,100.0,-38.68670654296875
105.7044734954834,100.0,359.071,100.0,-38.63037872314453
105.74998426437378,100.0,358.748,100.0,-38.57621383666992
105.79045581817627,100.0,358.796,100.0,-38.49863052368164
105.82164812088013,100.0,358.82,100.0,-38.475162506103516
105.85336589813232,100.0,358.876,100.0,-38.449127197265625
105.88075280189514,100.0,358.915,100.0,-38.44407272338867
105.9172511100769,100.0,358.972,100.0,-38.4422607421875
105.94772553443909,100.0,358.994,100.0,-38.442543029785156
105.97423243522644,100.0,359.005,100.0,-38.444313049316406
106.00858688354492,100.0,359.04,100.0,-38.450592041015625
106.04170179367065,100.0,359.062,100.0,-38.454986572265625
106.07963061332703,100.0,359.071,100.0,-38.462738037109375
106.10622429847717,100.0,359.098,100.0,-38.465919494628906
106.13008236885071,100.0,359.128,100.0,-38.46981430053711
106.16201734542847,100.0,359.151,100.0,-38.47435760498047
106.20137190818787,100.0,359.556,100.0,-38.48484420776367
106.23393273353577,100.0,359.996,100.0,-38.504554748535156
106.26510071754456,100.0,360.378,100.0,-38.53838348388672
106.29702162742615,100.0,360.776,100.0,-38.58058547973633
106.3284010887146,100.0,360.893,100.0,-38.67243576049805
106.3595278263092,100.0,360.921,100.0,-38.707305908203125
106.3775885105133,100.0,360.921,100.0,-38.732513427734375
106.40765428543091,100.0,360.469,100.0,-38.7426643371582
106.43987846374512,100.0,360.288,100.0,-38.73955154418945
106.4710066318512,100.0,360.268,100.0,-38.728904724121094
106.50269174575806,100.0,360.326,100.0,-38.71376037597656
106.5344967842102,100.0,360.461,100.0,-38.71134567260742
106.56594204902649,100.0,360.74,100.0,-38.712501525878906
106.60296702384949,100.0,361.058,100.0,-38.74724578857422
106.62752223014832,100.0,361.384,100.0,-38.77793884277344
106.65956234931946,100.0,361.607,100.0,-38.810577392578125
106.69272327423096,100.0,361.535,100.0,-38.83513641357422
106.72465658187866,100.0,361.476,100.0,-38.85061264038086
106.75668215751648,100.0,361.398,100.0,-38.86235427856445
106.7914490699768,100.0,361.367,100.0,-38.8626708984375
106.81852674484253,100.0,361.32,100.0,-38.860687255859375
106.85494494438171,100.0,361.298,100.0,-38.854984283447266
106.88725781440735,100.0,361.342,100.0,-38.85383987426758
106.91385269165039,100.0,361.37,100.0,-38.853721618652344
106.94334650039673,100.0,361.387,100.0,-38.85396194458008
106.98011183738708,100.0,361.292,100.0,-38.85183334350586
107.0076470375061,100.0,361.127,100.0,-38.847537994384766
107.03980135917664,100.0,360.931,100.0,-38.83702087402344
107.07158923149109,100.0,360.689,100.0,-38.8204345703125
107.10308623313904,100.0,360.092,100.0,-38.7598876953125
107.13013744354248,100.0,360.111,100.0,-38.72538757324219
107.16703248023987,100.0,360.159,100.0,-38.69969177246094
107.19272756576538,100.0,360.189,100.0,-38.682125091552734
107.23031520843506,100.0,360.195,100.0,-38.66152572631836
107.2575364112854,100.0,360.209,100.0,-38.6556282043457
107.28944396972656,100.0,360.218,100.0,-38.65167236328125
107.31638956069946,100.0,360.235,100.0,-38.649375915527344
107.35202550888062,100.0,360.293,100.0,-38.65092849731445
107.38481378555298,100.0,360.332,100.0,-38.652984619140625
107.41237688064575,100.0,360.508,100.0,-38.65650177001953
107.43891716003418,100.0,360.76,100.0,-38.6668701171875
107.4740777015686,100.0,360.985,100.0,-38.68568420410156
107.50872373580933,100.0,361.214,100.0,-38.738162994384766
107.53904390335083,100.0,362.129,100.0,-38.78648376464844
107.57061767578125,100.0,361.94,100.0,-38.83562088012695
107.59890556335449,100.0,361.722,100.0,-38.86531448364258
107.62834215164185,100.0,360.958,100.0,-38.85630798339844
107.67204570770264,100.0,360.475,100.0,-38.817230224609375
107.70506834983826,100.0,360.499,100.0,-38.765750885009766
107.73557949066162,100.0,360.5,100.0,-38.74872970581055
107.76751208305359,100.0,360.536,100.0,-38.73708724975586
107.79929876327515,100.0,360.617,100.0,-38.73004150390625
107.83157753944397,100.0,360.695,100.0,-38.72662353515625
107.86303997039795,100.0,361.152,100.0,-38.74625015258789
107.89493560791016,100.0,361.668,100.0,-38.76148986816406
107.93007636070251,100.0,362.582,100.0,-38.84284973144531
107.95697832107544,100.0,362.934,100.0,-38.895877838134766
107.98774909973145,100.0,362.993,100.0,-38.95124053955078
108.02017378807068,100.0,363.05,100.0,-38.99593734741211
108.05150103569031,100.0,362.934,100.0,-39.03215026855469
108.08364081382751,100.0,362.761,100.0,-39.06863784790039
108.12335467338562,100.0,362.552,100.0,-39.07359313964844
108.14173173904419,100.0,362.375,100.0,-39.06777572631836
108.19079375267029,100.0,361.91,100.0,-39.0318603515625
108.22330331802368,100.0,361.932,100.0,-39.00641632080078
108.25270581245422,100.0,361.976,100.0,-38.98720169067383
108.28817248344421,100.0,362.204,100.0,-38.97011184692383
108.32043695449829,100.0,362.454,100.0,-38.96974563598633
108.35668349266052,100.0,362.648,100.0,-38.9954948425293
108.38406705856323,100.0,362.777,100.0,-39.01284408569336
108.41593551635742,100.0,362.772,100.0,-39.03110885620117
108.443110704422,100.0,362.685,100.0,-39.039581298828125
108.47870469093323,100.0,362.574,100.0,-39.039093017578125
108.51016235351562,100.0,362.435,100.0,-39.03059005737305
108.53512907028198,100.0,362.273,100.0,-39.016937255859375
108.57418656349182,100.0,361.84,100.0,-38.99688720703125
108.60548329353333,100.0,362.001,100.0,-38.96009063720703
108.63822221755981,100.0,362.39,100.0,-38.96697998046875
108.67063188552856,100.0,363.246,100.0,-38.992130279541016
108.69196009635925,100.0,363.246,100.0,-39.02772903442383
108.72630453109741,100.0,363.62,100.0,-39.068817138671875
108.75933647155762,100.0,363.648,100.0,-39.12903594970703
108.79145574569702,100.0,363.621,100.0,-39.1480712890625
108.82280325889587,100.0,363.546,100.0,-39.16154479980469
108.85535860061646,100.0,363.073,100.0,-39.17415237426758
108.88104033470154,100.0,362.596,100.0,-39.15776443481445
108.90783596038818,100.0,362.119,100.0,-39.124576568603516
108.94827032089233,100.0,362.271,100.0,-39.078521728515625
108.97996282577515,100.0,363.191,100.0,-39.04671859741211
109.01121711730957,100.0,363.355,100.0,-39.06317901611328
109.04252004623413,100.0,363.439,100.0,-39.08280563354492
109.07464718818665,100.0,363.534,100.0,-39.1014518737793
109.10653686523438,100.0,363.662,100.0,-39.139060974121094
109.13792014122009,100.0,363.928,100.0,-39.15753936767578
109.16022157669067,100.0,364.109,100.0,-39.17892074584961
109.20130515098572,100.0,364.243,100.0,-39.202701568603516
109.23290872573853,100.0,364.34,100.0,-39.24815368652344
109.26481819152832,100.0,364.541,100.0,-39.26968765258789
109.2981595993042,100.0,364.586,100.0,-39.28904342651367
109.33084058761597,100.0,364.714,100.0,-39.32259750366211
109.3740782737732,100.0,364.858,100.0,-39.33902359008789
109.39601373672485,100.0,364.925,100.0,-39.35340881347656
109.43073916435242,100.0,364.917,100.0,-39.375892639160156
109.47072148323059,100.0,364.922,100.0,-39.38163757324219
109.50217390060425,100.0,364.958,100.0,-39.38634490966797
109.54137372970581,100.0,365.012,100.0,-39.396018981933594
109.57301306724548,100.0,365.062,100.0,-39.39942932128906
109.60758137702942,100.0,365.224,100.0,-39.409969329833984
109.64844489097595,100.0,365.563,100.0,-39.417518615722656
109.67325854301453,100.0,365.608,100.0,-39.437095642089844
109.70494675636292,100.0,365.43,100.0,-39.458351135253906
109.73705315589905,100.0,364.6,100.0,-39.44672775268555
109.76904845237732,100.0,364.254,100.0,-39.4171257019043
109.80061030387878,100.0,364.075,100.0,-39.37931823730469
109.83331418037415,100.0,363.989,100.0,-39.31005859375
109.86502146720886,100.0,363.995,100.0,-39.284576416015625
109.90767741203308,100.0,364.009,100.0,-39.252254486083984
109.94884371757507,100.0,364.24,100.0,-39.24797058105469
109.98158740997314,100.0,364.276,100.0,-39.25105285644531
110.01311206817627,100.0,364.332,100.0,-39.255489349365234
110.04516553878784,100.0,364.212,100.0,-39.25587463378906
110.07487416267395,100.0,364.185,100.0,-39.25461196899414
110.10680484771729,100.0,364.248,100.0,-39.25403594970703
110.13835167884827,100.0,364.246,100.0,-39.25516128540039
110.17128443717957,100.0,364.26,100.0,-39.25677490234375
110.20246052742004,100.0,364.184,100.0,-39.25723648071289
110.22634291648865,100.0,364.212,100.0,-39.25545120239258
110.27392792701721,100.0,364.256,100.0,-39.25725555419922
110.3054096698761,100.0,364.443,100.0,-39.26221466064453
110.34075617790222,100.0,364.499,100.0,-39.270668029785156
110.36443829536438,100.0,364.528,100.0,-39.27960205078125
110.39274859428406,100.0,364.575,100.0,-39.28773498535156
110.42292165756226,100.0,364.767,100.0,-39.29597473144531
110.45805835723877,100.0,364.943,100.0,-39.32877731323242
110.48786973953247,100.0,365.347,100.0,-39.353538513183594
110.5195415019989,100.0,365.52,100.0,-39.37876510620117
110.55069732666016,100.0,365.634,100.0,-39.405235290527344
110.58248257637024,100.0,365.615,100.0,-39.4481086730957
110.61349415779114,100.0,365.476,100.0,-39.458251953125
110.64607000350952,100.0,365.42,100.0,-39.46302032470703
110.68274784088135,100.0,365.442,100.0,-39.46493148803711
110.70972561836243,100.0,365.495,100.0,-39.46754455566406
110.74130249023438,100.0,365.551,100.0,-39.47148895263672
110.77330732345581,100.0,365.481,100.0,-39.4720344543457
110.80516052246094,100.0,365.456,100.0,-39.46919631958008
110.8369619846344,100.0,365.417,100.0,-39.465660095214844
110.86386775970459,100.0,365.495,100.0,-39.46590805053711
110.90844750404358,100.0,365.578,100.0,-39.47053146362305
110.93793511390686,100.0,365.601,100.0,-39.473365783691406
110.96099376678467,100.0,365.637,100.0,-39.47683334350586
110.9862449169159,100.0,365.621,100.0,-39.47861099243164
111.02478456497192,100.0,365.587,100.0,-39.47833251953125
111.04938578605652,100.0,365.484,100.0,-39.4779052734375
111.08987593650818,100.0,365.63,100.0,-39.469764709472656
111.1221055984497,100.0,365.886,100.0,-39.47257614135742
111.15760397911072,100.0,367.159,100.0,-39.531463623046875
111.1866352558136,100.0,367.416,100.0,-39.58395004272461
111.21656656265259,100.0,367.684,100.0,-39.634910583496094
111.24836826324463,100.0,367.68,100.0,-39.68498992919922
111.28033089637756,100.0,367.658,100.0,-39.75027847290039
111.31185507774353,100.0,367.656,100.0,-39.770057678222656
111.34130024909973,100.0,367.706,100.0,-39.784873962402344
111.37605786323547,100.0,367.771,100.0,-39.79749298095703
111.40816402435303,100.0,367.8,100.0,-39.81831359863281
111.44073009490967,100.0,367.798,100.0,-39.825889587402344
111.47203326225281,100.0,367.764,100.0,-39.82951354980469
111.50466847419739,100.0,367.599,100.0,-39.830081939697266
111.53575444221497,100.0,367.407,100.0,-39.80846405029297
111.58298945426941,100.0,367.07,100.0,-39.768341064453125
111.61074662208557,100.0,366.967,100.0,-39.746360778808594
111.6580286026001,100.0,366.901,100.0,-39.709739685058594
111.68899202346802,100.0,367.046,100.0,-39.70382308959961
111.73866629600525,100.0,367.263,100.0,-39.70705032348633
111.77251410484314,100.0,367.265,100.0,-39.71074676513672
111.79977560043335,100.0,367.196,100.0,-39.713645935058594
111.8410472869873,100.0,367.366,100.0,-39.71653747558594
111.87379837036133,100.0,367.481,100.0,-39.722206115722656
111.89443349838257,100.0,367.528,100.0,-39.73134994506836
111.92918586730957,100.0,367.514,100.0,-39.74030303955078
111.95902371406555,100.0,367.5,100.0,-39.7505989074707
111.98614883422852,100.0,367.561,100.0,-39.75477981567383
112.01935052871704,100.0,367.612,100.0,-39.75924301147461
112.05945611000061,100.0,367.667,100.0,-39.771018981933594
112.09207034111023,100.0,367.672,100.0,-39.77642059326172
112.12458825111389,100.0,367.672,100.0,-39.779945373535156
112.14563941955566,100.0,367.552,100.0,-39.7824821472168
112.1887731552124,100.0,367.335,100.0,-39.76740264892578
112.20902919769287,100.0,366.867,100.0,-39.73847579956055
112.24117684364319,100.0,366.499,100.0,-39.70060348510742
112.27281546592712,100.0,365.952,100.0,-39.655818939208984
112.30876612663269,100.0,365.793,100.0,-39.57542037963867
112.33751511573792,100.0,365.626,100.0,-39.5390625
112.37044358253479,100.0,365.568,100.0,-39.509124755859375
112.4008002281189,100.0,365.509,100.0,-39.48419189453125
112.42610311508179,100.0,365.409,100.0,-39.461463928222656
112.45999050140381,100.0,366.295,100.0,-39.46456527709961
112.48963785171509,100.0,366.764,100.0,-39.4857292175293
112.53484320640564,100.0,367.332,100.0,-39.57065200805664
112.56752276420593,100.0,367.31,100.0,-39.61267852783203
112.60589718818665,100.0,367.246,100.0,-39.64433670043945
112.63792490959167,100.0,367.224,100.0,-39.680397033691406
112.66926145553589,100.0,367.556,100.0,-39.69264602661133
112.7019112110138,100.0,367.789,100.0,-39.71580505371094
112.73433113098145,100.0,367.814,100.0,-39.765052795410156
112.76627612113953,100.0,367.283,100.0,-39.77180480957031
112.8000373840332,100.0,366.946,100.0,-39.76396179199219
112.84001684188843,100.0,366.591,100.0,-39.715614318847656
112.86553740501404,100.0,366.577,100.0,-39.690433502197266
112.89142417907715,100.0,366.652,100.0,-39.67026138305664
112.92456579208374,100.0,366.699,100.0,-39.65779113769531
112.95959949493408,100.0,366.713,100.0,-39.644935607910156
112.98864531517029,100.0,366.724,100.0,-39.64145278930664
113.02170372009277,100.0,366.802,100.0,-39.638702392578125
113.0528039932251,100.0,366.788,100.0,-39.64012908935547
113.0841453075409,100.0,366.729,100.0,-39.638851165771484
113.11573767662048,100.0,366.827,100.0,-39.64158630371094
113.15997791290283,100.0,367.613,100.0,-39.68922424316406
113.18858981132507,100.0,368.09,100.0,-39.7336540222168
113.23886275291443,100.0,368.52,100.0,-39.822601318359375
113.26960825920105,100.0,368.529,100.0,-39.85381317138672
113.31020760536194,100.0,368.611,100.0,-39.89647674560547
113.34488368034363,100.0,368.536,100.0,-39.91279983520508
113.3768196105957,100.0,368.397,100.0,-39.92156219482422
113.41736817359924,100.0,367.962,100.0,-39.911712646484375
113.45137405395508,100.0,367.873,100.0,-39.89461898803711
113.48004651069641,100.0,367.871,100.0,-39.87714767456055
113.50549149513245,100.0,367.924,100.0,-39.86314010620117
113.5339744091034,100.0,367.997,100.0,-39.85011291503906
113.56522631645203,100.0,368.106,100.0,-39.85068130493164
113.59881782531738,100.0,368.197,100.0,-39.851558685302734
113.63619923591614,100.0,368.25,100.0,-39.86126708984375
113.66566467285156,100.0,368.337,100.0,-39.86890411376953
113.6916708946228,100.0,368.457,100.0,-39.87965774536133
113.73383855819702,100.0,368.493,100.0,-39.89535903930664
113.76560854911804,100.0,368.544,100.0,-39.90306854248047
113.78891921043396,100.0,368.574,100.0,-39.91002655029297
113.8136191368103,100.0,368.63,100.0,-39.9174919128418
113.84939289093018,100.0,368.638,100.0,-39.92332077026367
113.89649367332458,100.0,368.643,100.0,-39.9305419921875
113.93455958366394,100.0,368.685,100.0,-39.93701171875
113.95911192893982,100.0,368.66,100.0,-39.93796920776367
114.0008864402771,100.0,368.3,100.0,-39.93845748901367
114.02453064918518,100.0,367.78,100.0,-39.923484802246094
114.06205749511719,100.0,366.743,100.0,-39.8387336730957
114.08867716789246,100.0,366.223,100.0,-39.780792236328125
114.12036991119385,100.0,366.305,100.0,-39.71442794799805
114.14307117462158,100.0,366.335,100.0,-39.66705322265625
114.17432641983032,100.0,366.388,100.0,-39.632354736328125
114.20646953582764,100.0,366.433,100.0,-39.60853576660156
114.23937463760376,100.0,366.528,100.0,-39.58405303955078
114.27156233787537,100.0,366.676,100.0,-39.57960510253906
114.31305146217346,100.0,366.751,100.0,-39.589866638183594
114.34628701210022,100.0,366.904,100.0,-39.59381866455078
114.39197707176208,100.0,367.238,100.0,-39.629634857177734
114.416188955307,100.0,367.654,100.0,-39.66596603393555
114.44230365753174,100.0,368.038,100.0,-39.71046447753906
114.48188853263855,100.0,368.237,100.0,-39.755191802978516
114.51840662956238,100.0,368.349,100.0,-39.817630767822266
114.5605845451355,100.0,368.8,100.0,-39.88282775878906
114.59170579910278,100.0,369.006,100.0,-39.91743850708008
114.62447690963745,100.0,369.126,100.0,-39.948646545410156
114.65195679664612,100.0,369.187,100.0,-39.97465896606445
114.68205261230469,100.0,369.268,100.0,-39.99403381347656
114.71519756317139,100.0,369.304,100.0,-40.02599334716797
114.7367045879364,100.0,369.293,100.0,-40.036293029785156
114.76857113838196,100.0,369.162,100.0,-40.04301071166992
114.80562138557434,100.0,368.878,100.0,-40.04194641113281
114.84222888946533,100.0,368.221,100.0,-40.005836486816406
114.87534642219543,100.0,368.193,100.0,-39.9718017578125
114.8990375995636,100.0,368.173,100.0,-39.94392776489258
114.9387514591217,100.0,368.227,100.0,-39.907039642333984
114.9747040271759,100.0,368.239,100.0,-39.89487838745117
115.01246380805969,100.0,368.191,100.0,-39.87714767456055
115.04911875724792,100.0,367.977,100.0,-39.86501693725586
115.09088921546936,100.0,367.999,100.0,-39.843257904052734
115.11501264572144,100.0,368.055,100.0,-39.83892822265625
115.15775299072266,100.0,368.255,100.0,-39.839054107666016
115.18962240219116,100.0,368.267,100.0,-39.84931945800781
115.23115062713623,100.0,368.304,100.0,-39.85333251953125
115.26180768013,100.0,368.373,100.0,-39.86454772949219
115.29302978515625,100.0,368.306,100.0,-39.86687469482422
115.31573295593262,100.0,368.261,100.0,-39.866817474365234
115.35771155357361,100.0,368.573,100.0,-39.86726379394531
115.38700008392334,100.0,368.914,100.0,-39.904666900634766
115.4146945476532,100.0,369.265,100.0,-39.93818664550781
115.45267271995544,100.0,369.368,100.0,-39.96825408935547
115.4879367351532,100.0,368.9,100.0,-40.001014709472656
115.51103734970093,100.0,368.613,100.0,-39.99613571166992
115.53864598274231,100.0,368.283,100.0,-39.979923248291016
115.57441353797913,100.0,368.359,100.0,-39.95321273803711
115.60964298248291,100.0,368.465,100.0,-39.926204681396484
115.66383099555969,100.0,368.48,100.0,-39.91538619995117
115.69961977005005,100.0,368.312,100.0,-39.90870666503906
115.73709201812744,100.0,368.32,100.0,-39.8918571472168
115.77596116065979,100.0,368.507,100.0,-39.891090393066406
115.80900597572327,100.0,368.537,100.0,-39.89377975463867
115.84142708778381,100.0,368.557,100.0,-39.90074920654297
115.87467908859253,100.0,368.588,100.0,-39.90404510498047
115.90541529655457,100.0,368.579,100.0,-39.90742492675781
115.93731784820557,100.0,368.56,100.0,-39.91061782836914
115.9676456451416,100.0,368.59,100.0,-39.91260528564453
116.00026750564575,100.0,368.689,100.0,-39.9135856628418
116.04190397262573,100.0,368.778,100.0,-39.926963806152344
116.07327008247375,100.0,368.836,100.0,-39.935482025146484
116.10786581039429,100.0,368.914,100.0,-39.94388198852539
116.14094305038452,100.0,368.905,100.0,-39.95648193359375
116.17393326759338,100.0,368.857,100.0,-39.96076202392578
116.21535468101501,100.0,369.034,100.0,-39.9634895324707
116.24654507637024,100.0,369.129,100.0,-39.971160888671875
116.2872428894043,100.0,369.268,100.0,-39.9941520690918
116.3198401927948,100.0,369.26,100.0,-40.00442123413086
116.35154938697815,100.0,369.265,100.0,-40.011539459228516
116.39001989364624,100.0,369.321,100.0,-40.0233268737793
116.41452932357788,100.0,369.358,100.0,-40.02950668334961
116.4451196193695,100.0,369.313,100.0,-40.0329704284668
116.48156905174255,100.0,369.436,100.0,-40.0345458984375
116.52095937728882,100.0,369.466,100.0,-40.046417236328125
116.54924941062927,100.0,369.405,100.0,-40.050941467285156
116.58349943161011,100.0,369.204,100.0,-40.0512809753418
116.62324666976929,100.0,369.165,100.0,-40.034481048583984
116.655202627182,100.0,369.516,100.0,-40.02842712402344
116.68866896629333,100.0,369.583,100.0,-40.04768371582031
116.71934628486633,100.0,369.6,100.0,-40.055908203125
116.75088024139404,100.0,370.074,100.0,-40.08198547363281
116.79305028915405,100.0,371.083,100.0,-40.12993240356445
116.82078766822815,100.0,371.819,100.0,-40.18070602416992
116.86364960670471,100.0,372.126,100.0,-40.31645584106445
116.89087128639221,100.0,372.201,100.0,-40.36863708496094
116.94010782241821,100.0,372.337,100.0,-40.44429016113281
116.97575163841248,100.0,372.365,100.0,-40.470951080322266
117.00113368034363,100.0,372.363,100.0,-40.491493225097656
117.03953289985657,100.0,372.318,100.0,-40.514183044433594
117.06717920303345,100.0,372.287,100.0,-40.519287109375
117.10722470283508,100.0,372.293,100.0,-40.520809173583984
117.13962268829346,100.0,372.293,100.0,-40.520484924316406
117.17056369781494,100.0,372.193,100.0,-40.51647186279297
117.19190502166748,100.0,372.193,100.0,-40.510887145996094
117.22235679626465,100.0,372.184,100.0,-40.504844665527344
117.25797319412231,100.0,372.154,100.0,-40.50007629394531
117.29046130180359,100.0,372.101,100.0,-40.48743438720703
117.32459306716919,100.0,371.936,100.0,-40.47454071044922
117.35636639595032,100.0,372.025,100.0,-40.465667724609375
117.38813352584839,100.0,372.21,100.0,-40.46430587768555
117.41987013816833,100.0,372.358,100.0,-40.47304916381836
117.45304822921753,100.0,372.134,100.0,-40.470130920410156
117.4918463230133,100.0,371.925,100.0,-40.45924758911133
117.52522134780884,100.0,371.491,100.0,-40.44999313354492
117.55564856529236,100.0,371.426,100.0,-40.42445755004883
117.58219289779663,100.0,370.938,100.0,-40.40190124511719
117.62548899650574,100.0,370.64,100.0,-40.332115173339844
117.64924764633179,100.0,370.353,100.0,-40.29790115356445
117.68226313591003,100.0,370.342,100.0,-40.25975799560547
117.71481680870056,100.0,370.525,100.0,-40.215728759765625
117.73964738845825,100.0,370.746,100.0,-40.21438217163086
117.76799273490906,100.0,371.047,100.0,-40.2265739440918
117.80734181404114,100.0,371.145,100.0,-40.238304138183594
117.83344864845276,100.0,371.17,100.0,-40.25018310546875
117.87570023536682,100.0,371.145,100.0,-40.269229888916016
117.90745282173157,100.0,371.101,100.0,-40.2750358581543
117.9505066871643,100.0,371.065,100.0,-40.278743743896484
117.97469425201416,100.0,371.02,100.0,-40.27767562866211
118.0062255859375,100.0,371.053,100.0,-40.278377532958984
118.03876566886902,100.0,371.037,100.0,-40.27902603149414
118.07089281082153,100.0,371.026,100.0,-40.279117584228516
118.10316205024719,100.0,371.031,100.0,-40.27882766723633
118.13427519798279,100.0,371.046,100.0,-40.27891540527344
118.17547488212585,100.0,370.826,100.0,-40.27531051635742
118.2057044506073,100.0,370.698,100.0,-40.26783752441406
118.23861837387085,100.0,370.651,100.0,-40.24638748168945
118.2696533203125,100.0,370.47,100.0,-40.232460021972656
118.30770611763,100.0,370.682,100.0,-40.220333099365234
118.33928966522217,100.0,370.743,100.0,-40.222694396972656
118.37201476097107,100.0,370.782,100.0,-40.226356506347656
118.40413236618042,100.0,370.562,100.0,-40.22958755493164
118.44020891189575,100.0,370.553,100.0,-40.21769332885742
118.46642851829529,100.0,370.536,100.0,-40.21303939819336
118.50693964958191,100.0,370.352,100.0,-40.207305908203125
118.53880476951599,100.0,370.43,100.0,-40.19363021850586
118.57083106040955,100.0,370.806,100.0,-40.20653533935547
118.59606432914734,100.0,371.469,100.0,-40.24452590942383
118.62751865386963,100.0,372.403,100.0,-40.29996871948242
118.6684296131134,100.0,372.436,100.0,-40.40032196044922
118.70056867599487,100.0,372.5,100.0,-40.43683624267578
118.73382139205933,100.0,372.759,100.0,-40.467742919921875
118.76458930969238,100.0,372.924,100.0,-40.52855682373047
118.79293131828308,100.0,373.046,100.0,-40.55606460571289
118.82323813438416,100.0,373.077,100.0,-40.57776641845703
118.85494375228882,100.0,373.069,100.0,-40.593650817871094
118.89000940322876,100.0,373.002,100.0,-40.61056137084961
118.92465686798096,100.0,373.083,100.0,-40.613189697265625
118.95668983459473,100.0,373.306,100.0,-40.61780548095703
118.98889088630676,100.0,373.476,100.0,-40.645172119140625
119.02472066879272,100.0,373.521,100.0,-40.65677261352539
119.05737519264221,100.0,373.546,100.0,-40.6668815612793
119.08167219161987,100.0,373.434,100.0,-40.67501449584961
119.11630964279175,100.0,373.284,100.0,-40.66957473754883
119.1556179523468,100.0,372.906,100.0,-40.65705871582031
119.18636798858643,100.0,372.858,100.0,-40.637977600097656
119.20429158210754,100.0,372.88,100.0,-40.620765686035156
119.24195218086243,100.0,373.013,100.0,-40.603511810302734
119.27482080459595,100.0,373.211,100.0,-40.605098724365234
119.30856966972351,100.0,373.192,100.0,-40.60915756225586
119.34196019172668,100.0,373.064,100.0,-40.60741424560547
119.36622595787048,100.0,372.925,100.0,-40.59839630126953
119.41555094718933,100.0,372.819,100.0,-40.577816009521484
119.44108533859253,100.0,372.822,100.0,-40.570926666259766
119.48305487632751,100.0,372.839,100.0,-40.565589904785156
119.51721906661987,100.0,372.844,100.0,-40.559814453125
119.55516719818115,100.0,372.858,100.0,-40.55801773071289
119.59074425697327,100.0,373.109,100.0,-40.55979537963867
119.6240222454071,100.0,373.407,100.0,-40.56926727294922
119.655446767807,100.0,373.457,100.0,-40.5891227722168
119.68705463409424,100.0,373.401,100.0,-40.606536865234375
119.72047472000122,100.0,373.318,100.0,-40.623470306396484
119.75877523422241,100.0,373.284,100.0,-40.62682342529297
119.79261708259583,100.0,373.276,100.0,-40.628055572509766
119.82452917098999,100.0,373.225,100.0,-40.62723922729492
119.85684633255005,100.0,373.214,100.0,-40.62515640258789
119.88615369796753,100.0,373.223,100.0,-40.62294387817383
119.90835809707642,100.0,373.262,100.0,-40.621490478515625
119.94631886482239,100.0,373.357,100.0,-40.62611770629883
119.97842836380005,100.0,373.382,100.0,-40.63032913208008
120.0015037059784,100.0,373.393,100.0,-40.633941650390625
120.0419704914093,100.0,373.29,100.0,-40.632728576660156
120.07375717163086,100.0,373.24,100.0,-40.62904357910156
120.1095564365387,100.0,373.223,100.0,-40.625648498535156
120.13150453567505,100.0,373.223,100.0,-40.622703552246094
120.1628110408783,100.0,373.238,100.0,-40.621219635009766
120.19520497322083,100.0,373.241,100.0,-40.61888122558594
120.22793316841125,100.0,373.223,100.0,-40.61809158325195
120.25917792320251,100.0,373.237,100.0,-40.61670684814453
120.29250931739807,100.0,373.276,100.0,-40.6161994934082
120.32265329360962,100.0,373.304,100.0,-40.61744689941406
120.35519742965698,100.0,373.388,100.0,-40.61957550048828
120.39153385162354,100.0,373.422,100.0,-40.63013458251953
120.42171859741211,100.0,373.681,100.0,-40.63917541503906
120.45773339271545,100.0,373.721,100.0,-40.652061462402344
120.49218106269836,100.0,373.829,100.0,-40.676910400390625
120.53898763656616,100.0,373.871,100.0,-40.68807601928711
120.57096910476685,100.0,373.921,100.0,-40.70613098144531
120.60350704193115,100.0,373.921,100.0,-40.713111877441406
120.63505458831787,100.0,373.829,100.0,-40.7179069519043
120.66877031326294,100.0,373.545,100.0,-40.70496368408203
120.69350957870483,100.0,373.369,100.0,-40.68767547607422
120.7301881313324,100.0,373.087,100.0,-40.662322998046875
120.7569432258606,100.0,372.99,100.0,-40.638587951660156
120.79243087768555,100.0,372.845,100.0,-40.597816467285156
120.81574416160583,100.0,372.787,100.0,-40.582977294921875
120.85753655433655,100.0,372.779,100.0,-40.569313049316406
120.88682055473328,100.0,372.782,100.0,-40.55869674682617
120.92245984077454,100.0,372.934,100.0,-40.54682159423828
120.96051526069641,100.0,373.035,100.0,-40.548763275146484
120.9919490814209,100.0,373.102,100.0,-40.56256866455078
121.02308058738708,100.0,373.227,100.0,-40.57265090942383
121.05511665344238,100.0,373.358,100.0,-40.582008361816406
121.08666229248047,100.0,373.606,100.0,-40.59486389160156
121.11807322502136,100.0,373.847,100.0,-40.641204833984375
121.1495451927185,100.0,373.766,100.0,-40.663475036621094
121.17355918884277,100.0,373.607,100.0,-40.67481231689453
121.20555472373962,100.0,373.37,100.0,-40.67667770385742
121.24067640304565,100.0,373.247,100.0,-40.667938232421875
121.27203369140625,100.0,373.314,100.0,-40.64909362792969
121.30395030975342,100.0,373.514,100.0,-40.64774703979492
121.33588886260986,100.0,373.612,100.0,-40.65107727050781
121.36857342720032,100.0,373.685,100.0,-40.66577911376953
121.40777587890625,100.0,373.735,100.0,-40.6727180480957
121.44201636314392,100.0,373.771,100.0,-40.6856689453125
121.47424745559692,100.0,373.771,100.0,-40.690467834472656
121.50650238990784,100.0,373.829,100.0,-40.696441650390625
121.53741478919983,100.0,373.877,100.0,-40.70172119140625
121.56901907920837,100.0,373.905,100.0,-40.70960998535156
121.59980177879333,100.0,373.946,100.0,-40.713680267333984
121.64321517944336,100.0,373.506,100.0,-40.71022033691406
121.70482516288757,100.0,372.968,100.0,-40.67638397216797
121.74160146713257,100.0,373.166,100.0,-40.634220123291016
121.77308368682861,100.0,373.328,100.0,-40.62834930419922
121.80375003814697,100.0,373.227,100.0,-40.626182556152344
121.83607339859009,100.0,372.859,100.0,-40.62042236328125
121.86968064308167,100.0,372.594,100.0,-40.574462890625
121.90672588348389,100.0,372.316,100.0,-40.54359436035156
121.93741393089294,100.0,372.377,100.0,-40.519283294677734
121.9707977771759,100.0,372.424,100.0,-40.49372100830078
122.00341844558716,100.0,372.592,100.0,-40.48633575439453
122.04560446739197,100.0,372.891,100.0,-40.50321960449219
122.0707323551178,100.0,373.156,100.0,-40.526126861572266
122.10216879844666,100.0,373.521,100.0,-40.55947494506836
122.13496947288513,100.0,373.697,100.0,-40.59282684326172
122.16597056388855,100.0,373.816,100.0,-40.618988037109375
122.19779467582703,100.0,373.941,100.0,-40.668067932128906
122.22390222549438,100.0,374.156,100.0,-40.68658447265625
122.25784373283386,100.0,374.342,100.0,-40.70960998535156
122.29389524459839,100.0,374.474,100.0,-40.75629806518555
122.32101035118103,100.0,374.448,100.0,-40.775569915771484
122.35347604751587,100.0,374.501,100.0,-40.78884506225586
122.37886071205139,100.0,374.507,100.0,-40.800777435302734
122.42329692840576,100.0,374.56,100.0,-40.81621551513672
122.4438202381134,100.0,374.56,100.0,-40.822723388671875
122.47088122367859,100.0,374.616,100.0,-40.829566955566406
122.50232219696045,100.0,374.783,100.0,-40.83747863769531
122.54341578483582,100.0,374.883,100.0,-40.857948303222656
122.57414364814758,100.0,374.958,100.0,-40.86909103393555
122.60639023780823,100.0,375.064,100.0,-40.87978744506836
122.63787722587585,100.0,375.112,100.0,-40.889381408691406
122.66022372245789,100.0,375.146,100.0,-40.89828872680664
122.68951678276062,100.0,375.21,100.0,-40.90608215332031
122.72515988349915,100.0,375.232,100.0,-40.921024322509766
122.75885128974915,100.0,375.277,100.0,-40.92666244506836
122.78342366218567,100.0,375.277,100.0,-40.931495666503906
122.81410336494446,100.0,375.274,100.0,-40.93404006958008
122.8464982509613,100.0,375.297,100.0,-40.93733215332031
122.88765835762024,100.0,375.311,100.0,-40.938812255859375
122.91537046432495,100.0,375.283,100.0,-40.94015884399414
122.94509816169739,100.0,375.094,100.0,-40.93100357055664
122.97510504722595,100.0,374.959,100.0,-40.92401123046875
123.00932717323303,100.0,375.037,100.0,-40.91268539428711
123.04418611526489,100.0,375.004,100.0,-40.901092529296875
123.07653069496155,100.0,375.118,100.0,-40.89929962158203
123.0964457988739,100.0,375.118,100.0,-40.89971160888672
123.1314525604248,100.0,375.18,100.0,-40.901039123535156
123.16554307937622,100.0,375.216,100.0,-40.90349578857422
123.19027280807495,100.0,375.255,100.0,-40.90682601928711
123.2229311466217,100.0,375.339,100.0,-40.917572021484375
123.2546648979187,100.0,375.456,100.0,-40.9249382019043
123.28866672515869,100.0,375.456,100.0,-40.93307113647461
123.315838098526,100.0,375.439,100.0,-40.939212799072266
123.3575804233551,100.0,375.464,100.0,-40.946956634521484
123.38200902938843,100.0,375.495,100.0,-40.95107650756836
123.42220258712769,100.0,375.646,100.0,-40.96556091308594
123.45409440994263,100.0,375.724,100.0,-40.974525451660156
123.47703862190247,100.0,375.746,100.0,-40.98216247558594
123.51758813858032,100.0,375.829,100.0,-40.98968505859375
123.55028080940247,100.0,375.804,100.0,-41.000946044921875
123.58108448982239,100.0,375.76,100.0,-41.00404357910156
123.61326217651367,100.0,375.679,100.0,-41.00433349609375
123.64564394950867,100.0,375.564,100.0,-40.99406433105469
123.67644357681274,100.0,375.595,100.0,-40.98774337768555
123.70779347419739,100.0,375.612,100.0,-40.9840087890625
123.74127864837646,100.0,375.578,100.0,-40.981719970703125
123.77267408370972,100.0,375.726,100.0,-40.97920227050781
123.80481386184692,100.0,375.83,100.0,-40.9825439453125
123.83620142936707,100.0,375.946,100.0,-40.98942565917969
123.87196135520935,100.0,375.974,100.0,-41.00841522216797
123.90128803253174,100.0,375.952,100.0,-41.014217376708984
123.92871761322021,100.0,375.96,100.0,-41.01875686645508
123.95646977424622,100.0,375.969,100.0,-41.02222442626953
123.99079132080078,100.0,375.986,100.0,-41.025115966796875
124.02446794509888,100.0,375.966,100.0,-41.02903747558594
124.05735278129578,100.0,376.066,100.0,-41.03105926513672
124.09850931167603,100.0,376.016,100.0,-41.03643035888672
124.13263487815857,100.0,375.88,100.0,-41.03138732910156
124.1730489730835,100.0,375.607,100.0,-41.00821304321289
124.2061243057251,100.0,375.663,100.0,-41.00016403198242
124.23698115348816,100.0,375.777,100.0,-40.998722076416016
124.2696590423584,100.0,375.833,100.0,-41.000057220458984
124.30237984657288,100.0,375.779,100.0,-41.00102996826172
124.33436179161072,100.0,375.682,100.0,-40.99951934814453
124.37052488327026,100.0,375.693,100.0,-40.990718841552734
124.39807939529419,100.0,375.908,100.0,-40.99106216430664
124.43185830116272,100.0,375.98,100.0,-40.99732971191406
124.46169090270996,100.0,376.086,100.0,-41.005218505859375
124.49427819252014,100.0,376.131,100.0,-41.025779724121094
124.52691268920898,100.0,376.162,100.0,-41.03474426269531
124.55848050117493,100.0,376.245,100.0,-41.04375076293945
124.59634852409363,100.0,376.22,100.0,-41.05697250366211
124.62044215202332,100.0,376.136,100.0,-41.05720520019531
124.65757846832275,100.0,375.986,100.0,-41.0509147644043
124.68854022026062,100.0,375.788,100.0,-41.04074478149414
124.72048759460449,100.0,375.855,100.0,-41.023780822753906
124.76019382476807,100.0,376.003,100.0,-41.02546310424805
124.80223274230957,100.0,375.978,100.0,-41.030372619628906
124.84662628173828,100.0,375.51,100.0,-41.01899719238281
124.8730719089508,100.0,375.3,100.0,-41.00096130371094
124.90529036521912,100.0,375.373,100.0,-40.978248596191406
124.93753266334534,100.0,375.378,100.0,-40.9638786315918
124.96964311599731,100.0,375.442,100.0,-40.947784423828125
125.02231526374817,100.0,375.551,100.0,-40.94807434082031
125.05005288124084,100.0,375.378,100.0,-40.94923400878906
125.08249974250793,100.0,375.177,100.0,-40.94293975830078
125.11488819122314,100.0,375.038,100.0,-40.92981719970703
125.14672636985779,100.0,374.882,100.0,-40.89555740356445
125.179044008255,100.0,374.857,100.0,-40.88050842285156
125.21204495429993,100.0,374.848,100.0,-40.868621826171875
125.24676251411438,100.0,374.887,100.0,-40.855377197265625
125.27560615539551,100.0,374.899,100.0,-40.85267639160156
125.30731225013733,100.0,375.046,100.0,-40.85712432861328
125.33957624435425,100.0,375.191,100.0,-40.863128662109375
125.37156534194946,100.0,375.233,100.0,-40.8807487487793
125.40394496917725,100.0,375.127,100.0,-40.8833122253418
125.43755578994751,100.0,375.091,100.0,-40.88393783569336
125.47296023368835,100.0,375.222,100.0,-40.88072204589844
125.5085563659668,100.0,375.763,100.0,-40.88783264160156
125.53899216651917,100.0,376.295,100.0,-40.916160583496094
125.57835745811462,100.0,377.251,100.0,-41.033206939697266
125.61014914512634,100.0,377.288,100.0,-41.090675354003906
125.62612652778625,100.0,377.305,100.0,-41.13612365722656
125.65815496444702,100.0,377.257,100.0,-41.17128372192383
125.69017028808594,100.0,377.115,100.0,-41.195648193359375
125.7224338054657,100.0,377.009,100.0,-41.21164321899414
125.75489449501038,100.0,376.831,100.0,-41.208290100097656
125.78636145591736,100.0,376.87,100.0,-41.20302963256836
125.81872272491455,100.0,376.853,100.0,-41.19989013671875
125.8514621257782,100.0,376.9,100.0,-41.19457244873047
125.88307213783264,100.0,377.003,100.0,-41.19546127319336
125.91509342193604,100.0,377.101,100.0,-41.197383880615234
125.94753956794739,100.0,377.132,100.0,-41.20735168457031
125.97951126098633,100.0,377.14,100.0,-41.210994720458984
126.01151299476624,100.0,377.185,100.0,-41.21528625488281
126.04317569732666,100.0,376.981,100.0,-41.21446990966797
126.07567095756531,100.0,376.889,100.0,-41.20378112792969
126.10811114311218,100.0,376.819,100.0,-41.19586944580078
126.1396632194519,100.0,376.859,100.0,-41.186561584472656
126.17235374450684,100.0,377.096,100.0,-41.18421173095703
126.20408821105957,100.0,377.141,100.0,-41.18868637084961
126.22444677352905,100.0,377.193,100.0,-41.19389343261719
126.25156021118164,100.0,377.213,100.0,-41.199951171875
126.28286266326904,100.0,377.285,100.0,-41.2053108215332
126.32500886917114,100.0,377.33,100.0,-41.21942138671875
126.35695910453796,100.0,377.45,100.0,-41.22682189941406
126.38946604728699,100.0,377.461,100.0,-41.23527526855469
126.42274975776672,100.0,377.522,100.0,-41.24960708618164
126.45394015312195,100.0,377.542,100.0,-41.256046295166016
126.47169232368469,100.0,377.57,100.0,-41.261940002441406
126.50254678726196,100.0,377.33,100.0,-41.25615692138672
126.53490614891052,100.0,376.962,100.0,-41.235984802246094
126.56699538230896,100.0,376.126,100.0,-41.20500183105469
126.59918189048767,100.0,375.891,100.0,-41.127166748046875
126.63212156295776,100.0,375.757,100.0,-41.091312408447266
126.66365623474121,100.0,375.613,100.0,-41.05829620361328
126.69676947593689,100.0,375.529,100.0,-41.0004768371582
126.72939777374268,100.0,375.532,100.0,-40.980064392089844
126.76059174537659,100.0,375.529,100.0,-40.965065002441406
126.79261088371277,100.0,375.532,100.0,-40.954010009765625
126.82538843154907,100.0,375.538,100.0,-40.941192626953125
126.85738611221313,100.0,375.566,100.0,-40.9390869140625
126.88078474998474,100.0,375.594,100.0,-40.93806457519531
126.90834093093872,100.0,375.811,100.0,-40.939022064208984
126.94428205490112,100.0,376.332,100.0,-40.94940185546875
126.9767632484436,100.0,376.884,100.0,-41.02682113647461
127.00769853591919,100.0,377.472,100.0,-41.08806610107422
127.039466381073,100.0,377.266,100.0,-41.137874603271484
127.07379984855652,100.0,376.993,100.0,-41.17418670654297
127.10373616218567,100.0,376.834,100.0,-41.18086242675781
127.13614630699158,100.0,377.037,100.0,-41.178932189941406
127.16818046569824,100.0,377.141,100.0,-41.185569763183594
127.20105814933777,100.0,377.291,100.0,-41.20486068725586
127.23402047157288,100.0,377.573,100.0,-41.21514892578125
127.26631712913513,100.0,377.818,100.0,-41.23453903198242
127.29917907714844,100.0,377.941,100.0,-41.28330612182617
127.32986330986023,100.0,378.071,100.0,-41.30604553222656
127.36168766021729,100.0,378.082,100.0,-41.32371520996094
127.39321732521057,100.0,378.107,100.0,-41.337215423583984
127.42567825317383,100.0,378.121,100.0,-41.35641098022461
127.45722937583923,100.0,378.157,100.0,-41.363739013671875
127.48935770988464,100.0,378.184,100.0,-41.37097930908203
127.52499175071716,100.0,378.171,100.0,-41.37685775756836
127.55216979980469,100.0,378.127,100.0,-41.375953674316406
127.59229516983032,100.0,378.022,100.0,-41.37172317504883
127.62132120132446,100.0,378.022,100.0,-41.366600036621094
127.66101241111755,100.0,377.997,100.0,-41.35742950439453
127.69244480133057,100.0,378.041,100.0,-41.353397369384766
127.72586560249329,100.0,378.129,100.0,-41.352577209472656
127.7567241191864,100.0,378.187,100.0,-41.35442352294922
127.7889997959137,100.0,378.195,100.0,-41.358062744140625
127.82408428192139,100.0,378.168,100.0,-41.3619270324707
127.85207748413086,100.0,378.119,100.0,-41.361305236816406
127.88439726829529,100.0,378.143,100.0,-41.359710693359375
127.91586446762085,100.0,378.044,100.0,-41.359310150146484
127.94930410385132,100.0,377.889,100.0,-41.3444709777832
127.98081254959106,100.0,377.916,100.0,-41.33760070800781
128.01188254356384,100.0,378.046,100.0,-41.33340835571289
128.04906582832336,100.0,378.214,100.0,-41.34222412109375
128.0757966041565,100.0,378.129,100.0,-41.34465789794922
128.1072642803192,100.0,378.011,100.0,-41.34152603149414
128.13990259170532,100.0,377.983,100.0,-41.33662033081055
128.1724202632904,100.0,378.044,100.0,-41.334617614746094
128.2039132118225,100.0,378.088,100.0,-41.336891174316406
128.23659133911133,100.0,378.088,100.0,-41.3386344909668
128.27404022216797,100.0,378.008,100.0,-41.33759689331055
128.31158638000488,100.0,377.955,100.0,-41.33298110961914
128.3463258743286,100.0,377.958,100.0,-41.32994842529297
128.38041949272156,100.0,378.035,100.0,-41.329612731933594
128.41296291351318,100.0,378.121,100.0,-41.33074188232422
128.4442777633667,100.0,378.149,100.0,-41.33523941040039
128.4773805141449,100.0,378.228,100.0,-41.34678268432617
128.50874853134155,100.0,378.424,100.0,-41.35694885253906
128.5414333343506,100.0,378.523,100.0,-41.368099212646484
128.57256412506104,100.0,378.591,100.0,-41.39329147338867
128.6063096523285,100.0,378.616,100.0,-41.403839111328125
128.63713335990906,100.0,378.672,100.0,-41.41283416748047
128.66915917396545,100.0,378.705,100.0,-41.420860290527344
128.7008719444275,100.0,378.76,100.0,-41.4359245300293
128.7321994304657,100.0,378.741,100.0,-41.44083023071289
128.76459050178528,100.0,378.699,100.0,-41.4443473815918
128.79696440696716,100.0,378.531,100.0,-41.44503402709961
128.83023810386658,100.0,378.498,100.0,-41.43607711791992
128.86231684684753,100.0,378.553,100.0,-41.42949295043945
128.89348936080933,100.0,378.597,100.0,-41.42654800415039
128.92648363113403,100.0,378.658,100.0,-41.427398681640625
128.95779132843018,100.0,378.658,100.0,-41.42897033691406
128.98969316482544,100.0,378.625,100.0,-41.430076599121094
129.02480626106262,100.0,378.627,100.0,-41.42892837524414
129.0499415397644,100.0,378.644,100.0,-41.42915725708008
129.08211088180542,100.0,378.751,100.0,-41.429588317871094
129.1259479522705,100.0,378.862,100.0,-41.44198989868164
129.1551387310028,100.0,378.986,100.0,-41.453277587890625
129.18710374832153,100.0,379.217,100.0,-41.46696090698242
129.21937704086304,100.0,379.247,100.0,-41.481990814208984
129.25161910057068,100.0,379.272,100.0,-41.50526428222656
129.28367066383362,100.0,379.316,100.0,-41.515037536621094
129.31666588783264,100.0,379.366,100.0,-41.522300720214844
129.35180807113647,100.0,379.388,100.0,-41.53605651855469
129.37938976287842,100.0,379.371,100.0,-41.540855407714844
129.40980696678162,100.0,379.341,100.0,-41.54332733154297
129.4426975250244,100.0,379.316,100.0,-41.54367446899414
129.4745283126831,100.0,379.283,100.0,-41.54011917114258
129.5068769454956,100.0,379.242,100.0,-41.53623962402344
129.5392792224884,100.0,379.256,100.0,-41.53335952758789
129.57127261161804,100.0,379.264,100.0,-41.53120040893555
129.60348653793335,100.0,379.278,100.0,-41.52899932861328
129.63580584526062,100.0,379.25,100.0,-41.52714538574219
129.66664147377014,100.0,379.201,100.0,-41.525516510009766
129.6988754272461,100.0,379.162,100.0,-41.51787567138672
129.7651424407959,100.0,378.978,100.0,-41.50668716430664
129.80279302597046,100.0,378.829,100.0,-41.48790740966797
129.82892155647278,100.0,378.867,100.0,-41.47733688354492
129.86221408843994,100.0,378.972,100.0,-41.47084045410156
129.89298677444458,100.0,379.046,100.0,-41.470340728759766
129.92495131492615,100.0,379.16,100.0,-41.480255126953125
129.95573449134827,100.0,379.507,100.0,-41.4912223815918
129.98753714561462,100.0,379.705,100.0,-41.50889587402344
130.01867175102234,100.0,379.827,100.0,-41.53085708618164
130.05229544639587,100.0,379.89,100.0,-41.57236862182617
130.0827898979187,100.0,379.81,100.0,-41.5838508605957
130.11591696739197,100.0,379.826,100.0,-41.59199142456055
130.14601683616638,100.0,379.826,100.0,-41.59912109375
130.17785596847534,100.0,379.851,100.0,-41.60910415649414
130.20997428894043,100.0,379.86,100.0,-41.61286926269531
130.24177169799805,100.0,379.829,100.0,-41.61417770385742
130.2775740623474,100.0,379.702,100.0,-41.6085319519043
130.3063452243805,100.0,379.463,100.0,-41.594661712646484
130.33849358558655,100.0,379.248,100.0,-41.5837516784668
130.37076234817505,100.0,379.286,100.0,-41.566162109375
130.40202379226685,100.0,379.636,100.0,-41.54895782470703
130.4334089756012,100.0,379.923,100.0,-41.555519104003906
130.46368551254272,100.0,379.939,100.0,-41.572669982910156
130.50219464302063,100.0,379.94,100.0,-41.59730911254883
130.52918481826782,100.0,379.978,100.0,-41.60615539550781
130.55064606666565,100.0,379.978,100.0,-41.613773345947266
130.58121418952942,100.0,380.045,100.0,-41.622310638427734
130.61232829093933,100.0,380.078,100.0,-41.62906265258789
130.64422464370728,100.0,380.128,100.0,-41.6351318359375
130.6764440536499,100.0,380.128,100.0,-41.64657974243164
130.7085473537445,100.0,380.19,100.0,-41.6527214050293
130.73955869674683,100.0,380.259,100.0,-41.65908432006836
130.7764892578125,100.0,380.304,100.0,-41.67089080810547
130.80380606651306,100.0,380.354,100.0,-41.67743682861328
130.8359978199005,100.0,380.346,100.0,-41.68191146850586
130.86868381500244,100.0,380.349,100.0,-41.68511199951172
130.89953804016113,100.0,380.31,100.0,-41.688899993896484
130.93280792236328,100.0,380.299,100.0,-41.688262939453125
130.96426653862,100.0,380.076,100.0,-41.68709182739258
130.99639225006104,100.0,379.835,100.0,-41.67661666870117
131.02798748016357,100.0,379.386,100.0,-41.63466262817383
131.06058835983276,100.0,379.27,100.0,-41.60681915283203
131.09216284751892,100.0,379.278,100.0,-41.58050537109375
131.1244339942932,100.0,379.311,100.0,-41.54698181152344
131.15636777877808,100.0,379.419,100.0,-41.53892135620117
131.17717623710632,100.0,379.419,100.0,-41.53532028198242
131.21587109565735,100.0,379.383,100.0,-41.533653259277344
131.25235795974731,100.0,379.482,100.0,-41.53227996826172
131.2804946899414,100.0,379.598,100.0,-41.538909912109375
131.31550884246826,100.0,380.067,100.0,-41.552467346191406
131.34563207626343,100.0,380.215,100.0,-41.57464599609375
131.3774790763855,100.0,380.496,100.0,-41.628074645996094
131.40892028808594,100.0,380.734,100.0,-41.66114807128906
131.44095945358276,100.0,380.921,100.0,-41.694374084472656
131.47743463516235,100.0,381.149,100.0,-41.752655029296875
131.5048885345459,100.0,381.152,100.0,-41.773475646972656
131.5383107662201,100.0,381.197,100.0,-41.789146423339844
131.56988954544067,100.0,381.289,100.0,-41.80257034301758
131.60169339179993,100.0,381.464,100.0,-41.83352279663086
131.6344645023346,100.0,381.481,100.0,-41.84817123413086
131.66642713546753,100.0,381.375,100.0,-41.85768508911133
131.7021713256836,100.0,381.222,100.0,-41.85466003417969
131.73037481307983,100.0,381.007,100.0,-41.84097671508789
131.762193441391,100.0,380.497,100.0,-41.819698333740234
131.79480528831482,100.0,380.321,100.0,-41.79165267944336
131.8262996673584,100.0,380.19,100.0,-41.73396682739258
131.8587203025818,100.0,380.101,100.0,-41.70829772949219
131.88813281059265,100.0,380.048,100.0,-41.68630599975586
131.9308204650879,100.0,379.868,100.0,-41.64552307128906
131.96140050888062,100.0,379.766,100.0,-41.62663269042969
131.9948375225067,100.0,379.67,100.0,-41.60973358154297
132.0259256362915,100.0,379.623,100.0,-41.58522415161133
132.05829763412476,100.0,379.634,100.0,-41.57561492919922
132.09063243865967,100.0,379.62,100.0,-41.569095611572266
132.12202072143555,100.0,379.581,100.0,-41.56391143798828
132.1538791656494,100.0,379.493,100.0,-41.5514030456543
132.185772895813,100.0,379.493,100.0,-41.546180725097656
132.2176492214203,100.0,380.714,100.0,-41.56985092163086
132.24959349632263,100.0,381.252,100.0,-41.61248779296875
132.28216910362244,100.0,381.554,100.0,-41.72404861450195
132.32980012893677,100.0,381.576,100.0,-41.800270080566406
132.36351919174194,100.0,381.607,100.0,-41.82596206665039
132.39453291893005,100.0,381.64,100.0,-41.84654998779297
132.42611122131348,100.0,381.629,100.0,-41.86322784423828
132.4586944580078,100.0,381.643,100.0,-41.88345718383789
132.49111533164978,100.0,381.654,100.0,-41.88992691040039
132.5229561328888,100.0,381.665,100.0,-41.89476013183594
132.55521869659424,100.0,381.624,100.0,-41.89881134033203
132.57978415489197,100.0,381.557,100.0,-41.895809173583984
132.61895203590393,100.0,381.283,100.0,-41.88710021972656
132.6433777809143,100.0,381.197,100.0,-41.87429428100586
132.6769299507141,100.0,381.158,100.0,-41.84772491455078
132.7093789577484,100.0,381.206,100.0,-41.83971405029297
132.74124145507812,100.0,381.384,100.0,-41.83427429199219
132.77283263206482,100.0,381.485,100.0,-41.836483001708984
132.80567908287048,100.0,381.549,100.0,-41.84939193725586
132.83631920814514,100.0,381.582,100.0,-41.856109619140625
132.86810564994812,100.0,381.582,100.0,-41.86115264892578
132.899808883667,100.0,381.328,100.0,-41.86488342285156
132.93205738067627,100.0,380.629,100.0,-41.82127380371094
132.96453595161438,100.0,380.576,100.0,-41.79141616821289
132.9967041015625,100.0,380.609,100.0,-41.76839828491211
133.02892136573792,100.0,380.832,100.0,-41.74275588989258
133.06060886383057,100.0,380.957,100.0,-41.74217987060547
133.09241271018982,100.0,380.997,100.0,-41.74724578857422
133.1246154308319,100.0,381.08,100.0,-41.75307846069336
133.15628027915955,100.0,380.749,100.0,-41.761131286621094
133.18842935562134,100.0,380.732,100.0,-41.75388717651367
133.22066617012024,100.0,380.517,100.0,-41.74770736694336
133.2547788619995,100.0,380.512,100.0,-41.72344970703125
133.28493642807007,100.0,380.336,100.0,-41.716392517089844
133.32942819595337,100.0,380.403,100.0,-41.6954460144043
133.36367774009705,100.0,381.016,100.0,-41.7025032043457
133.39381337165833,100.0,381.326,100.0,-41.72144317626953
133.42656016349792,100.0,381.457,100.0,-41.776432037353516
133.46924328804016,100.0,381.206,100.0,-41.79273223876953
133.48609733581543,100.0,381.206,100.0,-41.799346923828125
133.51858186721802,100.0,381.128,100.0,-41.801509857177734
133.55399441719055,100.0,381.162,100.0,-41.8046760559082
133.58277678489685,100.0,381.178,100.0,-41.80683517456055
133.61481881141663,100.0,381.201,100.0,-41.80933380126953
133.6486873626709,100.0,381.181,100.0,-41.811126708984375
133.68118333816528,100.0,381.251,100.0,-41.81479263305664
133.712819814682,100.0,381.223,100.0,-41.817054748535156
133.74436807632446,100.0,381.159,100.0,-41.81749725341797
133.77877187728882,100.0,380.947,100.0,-41.80410385131836
133.80762600898743,100.0,380.49,100.0,-41.782344818115234
133.8399007320404,100.0,380.543,100.0,-41.759544372558594
133.87332916259766,100.0,380.573,100.0,-41.74421310424805
133.90577483177185,100.0,380.774,100.0,-41.73429870605469
133.93759894371033,100.0,381.114,100.0,-41.74439239501953
133.9690556526184,100.0,381.159,100.0,-41.75714111328125
134.00941967964172,100.0,381.167,100.0,-41.778526306152344
134.03339958190918,100.0,381.137,100.0,-41.78464889526367
134.0684425830841,100.0,380.992,100.0,-41.78675079345703
134.10911011695862,100.0,380.953,100.0,-41.781700134277344
134.14118790626526,100.0,380.891,100.0,-41.776634216308594
134.17289543151855,100.0,380.88,100.0,-41.77153015136719
134.20458102226257,100.0,380.939,100.0,-41.765838623046875
134.2361443042755,100.0,381.011,100.0,-41.766441345214844
134.26820349693298,100.0,381.215,100.0,-41.76996994018555
134.29995155334473,100.0,381.427,100.0,-41.78129196166992
134.33169507980347,100.0,381.769,100.0,-41.826087951660156
134.3650782108307,100.0,381.842,100.0,-41.847747802734375
134.3961100578308,100.0,381.903,100.0,-41.86733627319336
134.42937350273132,100.0,381.956,100.0,-41.900123596191406
134.4601547718048,100.0,382.026,100.0,-41.913856506347656
134.4926962852478,100.0,382.057,100.0,-41.92478942871094
134.52454662322998,100.0,382.062,100.0,-41.93412399291992
134.55699396133423,100.0,382.101,100.0,-41.94774627685547
134.5893108844757,100.0,382.115,100.0,-41.953025817871094
134.62078261375427,100.0,382.137,100.0,-41.95643997192383
134.65511751174927,100.0,382.149,100.0,-41.962608337402344
134.6845200061798,100.0,382.171,100.0,-41.96529006958008
134.72323346138,100.0,382.257,100.0,-41.969444274902344
134.75568222999573,100.0,382.28,100.0,-41.97724914550781
134.7978105545044,100.0,382.246,100.0,-41.97840118408203
134.83159589767456,100.0,381.931,100.0,-41.97401428222656
134.86311769485474,100.0,381.675,100.0,-41.9618034362793
134.89389634132385,100.0,381.438,100.0,-41.94139862060547
134.93022394180298,100.0,381.131,100.0,-41.88259506225586
134.95761513710022,100.0,381.064,100.0,-41.855316162109375
134.9901111125946,100.0,381.006,100.0,-41.83348083496094
135.02316904067993,100.0,380.928,100.0,-41.81442642211914
135.05678486824036,100.0,380.838,100.0,-41.77965545654297
135.0874571800232,100.0,380.724,100.0,-41.761817932128906
135.11993265151978,100.0,380.768,100.0,-41.748722076416016
135.15591478347778,100.0,380.813,100.0,-41.73725891113281
135.1849868297577,100.0,380.869,100.0,-41.737247467041016
135.2168951034546,100.0,380.861,100.0,-41.737342834472656
135.24972009658813,100.0,380.836,100.0,-41.73698806762695
135.28124618530273,100.0,380.972,100.0,-41.74287414550781
135.31319880485535,100.0,381.014,100.0,-41.74958801269531
135.34588265419006,100.0,381.206,100.0,-41.76311492919922
135.38075304031372,100.0,381.583,100.0,-41.79286193847656
135.40922665596008,100.0,381.82,100.0,-41.812862396240234
135.44204545021057,100.0,381.948,100.0,-41.83828353881836
135.47240471839905,100.0,381.982,100.0,-41.86323547363281
135.5090470314026,100.0,382.001,100.0,-41.90023422241211
135.54562187194824,100.0,381.862,100.0,-41.90996551513672
135.58131670951843,100.0,381.97,100.0,-41.921348571777344
135.60912156105042,100.0,381.993,100.0,-41.92765808105469
135.64043259620667,100.0,381.973,100.0,-41.93207931518555
135.67213582992554,100.0,381.795,100.0,-41.9344596862793
135.7044529914856,100.0,381.767,100.0,-41.92243957519531
135.73622846603394,100.0,381.893,100.0,-41.922794342041016
135.76852774620056,100.0,382.065,100.0,-41.93006896972656
135.8000943660736,100.0,382.043,100.0,-41.93867492675781
135.83137798309326,100.0,381.851,100.0,-41.93447494506836
135.86654543876648,100.0,381.619,100.0,-41.929229736328125
135.89669561386108,100.0,381.469,100.0,-41.91525650024414
135.92777228355408,100.0,381.452,100.0,-41.89802932739258
135.96048784255981,100.0,381.608,100.0,-41.87599182128906
135.99235010147095,100.0,381.712,100.0,-41.873504638671875
136.02435278892517,100.0,381.77,100.0,-41.876014709472656
136.05632209777832,100.0,381.834,100.0,-41.88661193847656
136.08781719207764,100.0,382.052,100.0,-41.89656448364258
136.12018990516663,100.0,382.096,100.0,-41.908241271972656
136.15233659744263,100.0,382.107,100.0,-41.919063568115234
136.18810486793518,100.0,382.088,100.0,-41.93364715576172
136.20686316490173,100.0,382.018,100.0,-41.935081481933594
136.2430293560028,100.0,381.876,100.0,-41.93197250366211
136.2761447429657,100.0,381.854,100.0,-41.927547454833984
136.30788588523865,100.0,381.87,100.0,-41.92024230957031
136.34083795547485,100.0,381.932,100.0,-41.92057418823242
136.373117685318,100.0,382.303,100.0,-41.92779541015625
136.40450024604797,100.0,382.498,100.0,-41.96085739135742
136.4367208480835,100.0,382.71,100.0,-41.98427963256836
136.46893048286438,100.0,382.779,100.0,-42.002166748046875
136.50631999969482,100.0,382.813,100.0,-42.03242111206055
136.53352332115173,100.0,382.815,100.0,-42.04353332519531
136.56623363494873,100.0,382.776,100.0,-42.051025390625
136.59789443016052,100.0,382.76,100.0,-42.054786682128906
136.6304759979248,100.0,382.701,100.0,-42.055213928222656
136.66316103935242,100.0,382.754,100.0,-42.05389404296875
136.6945023536682,100.0,382.779,100.0,-42.054656982421875
136.73204970359802,100.0,382.827,100.0,-42.05879211425781
136.75925207138062,100.0,382.877,100.0,-42.062782287597656
136.791442155838,100.0,382.958,100.0,-42.06712341308594
136.82345175743103,100.0,383.036,100.0,-42.072113037109375
136.85478281974792,100.0,383.094,100.0,-42.08648681640625
136.87999033927917,100.0,383.108,100.0,-42.09260559082031
136.92285656929016,100.0,383.178,100.0,-42.09857177734375
136.9455578327179,100.0,383.178,100.0,-42.104339599609375
136.9816243648529,100.0,383.234,100.0,-42.114173889160156
137.0092875957489,100.0,383.289,100.0,-42.117916107177734
137.04133915901184,100.0,383.315,100.0,-42.122840881347656
137.07390832901,100.0,383.342,100.0,-42.12746810913086
137.10617446899414,100.0,383.351,100.0,-42.135581970214844
137.13831996917725,100.0,383.415,100.0,-42.13802719116211
137.1703839302063,100.0,383.426,100.0,-42.14234924316406
137.20674180984497,100.0,383.454,100.0,-42.149566650390625
137.23522758483887,100.0,383.499,100.0,-42.154052734375
137.26735305786133,100.0,383.582,100.0,-42.158077239990234
137.2998993396759,100.0,383.613,100.0,-42.16363525390625
137.33158659934998,100.0,383.627,100.0,-42.17347717285156
137.36345267295837,100.0,383.657,100.0,-42.17795181274414
137.39533066749573,100.0,383.649,100.0,-42.18037033081055
137.4317946434021,100.0,383.646,100.0,-42.1837158203125
137.4599108695984,100.0,383.635,100.0,-42.18400192260742
137.4922239780426,100.0,383.655,100.0,-42.184852600097656
137.524493932724,100.0,383.775,100.0,-42.187538146972656
137.54864954948425,100.0,383.775,100.0,-42.192237854003906
137.59244227409363,100.0,383.883,100.0,-42.203285217285156
137.61087346076965,100.0,383.811,100.0,-42.20835876464844
137.64394283294678,100.0,383.722,100.0,-42.209049224853516
137.67425990104675,100.0,383.591,100.0,-42.20563888549805
137.70638155937195,100.0,383.507,100.0,-42.18720245361328
137.7375991344452,100.0,383.566,100.0,-42.180198669433594
137.76935982704163,100.0,383.63,100.0,-42.176273345947266
137.80142045021057,100.0,383.66,100.0,-42.17588806152344
137.83375310897827,100.0,383.66,100.0,-42.17751693725586
137.86698007583618,100.0,383.666,100.0,-42.178531646728516
137.89774775505066,100.0,383.646,100.0,-42.17903137207031
137.93051314353943,100.0,383.683,100.0,-42.178550720214844
137.96257042884827,100.0,383.713,100.0,-42.181827545166016
137.99513840675354,100.0,383.777,100.0,-42.18335723876953
138.0275604724884,100.0,383.805,100.0,-42.18727493286133
138.05996417999268,100.0,383.853,100.0,-42.196617126464844
138.09305238723755,100.0,383.909,100.0,-42.202903747558594
138.1241159439087,100.0,383.934,100.0,-42.2087287902832
138.15629076957703,100.0,384.042,100.0,-42.21312713623047
138.18882942199707,100.0,384.104,100.0,-42.22489929199219
138.20607447624207,100.0,384.157,100.0,-42.232391357421875
138.23752307891846,100.0,384.193,100.0,-42.240257263183594
138.27382040023804,100.0,384.232,100.0,-42.247676849365234
138.30897426605225,100.0,384.299,100.0,-42.263031005859375
138.3330512046814,100.0,384.371,100.0,-42.272151947021484
138.36452054977417,100.0,384.544,100.0,-42.28282928466797
138.3963978290558,100.0,384.567,100.0,-42.29423522949219
138.42867708206177,100.0,384.631,100.0,-42.30373764038086
138.46062111854553,100.0,384.706,100.0,-42.32383728027344
138.4938931465149,100.0,384.815,100.0,-42.3336181640625
138.52597188949585,100.0,384.876,100.0,-42.34331130981445
138.55813097953796,100.0,384.776,100.0,-42.3559455871582
138.58959865570068,100.0,384.586,100.0,-42.34986877441406
138.62279653549194,100.0,384.458,100.0,-42.339454650878906
138.654620885849,100.0,384.221,100.0,-42.323265075683594
138.68624186515808,100.0,384.255,100.0,-42.296836853027344
138.71849846839905,100.0,384.182,100.0,-42.28921890258789
138.75075268745422,100.0,384.168,100.0,-42.28022766113281
138.78319549560547,100.0,384.101,100.0,-42.265380859375
138.81438899040222,100.0,384.04,100.0,-42.25848388671875
138.84636116027832,100.0,384.001,100.0,-42.250667572021484
138.87869954109192,100.0,384.032,100.0,-42.24308776855469
138.9104769229889,100.0,384.007,100.0,-42.23431396484375
138.9429099559784,100.0,384.001,100.0,-42.23110580444336
138.97494196891785,100.0,383.94,100.0,-42.22852325439453
139.0153796672821,100.0,383.973,100.0,-42.22224426269531
139.046772480011,100.0,384.034,100.0,-42.22258758544922
139.08031511306763,100.0,384.082,100.0,-42.22392272949219
139.11154103279114,100.0,384.135,100.0,-42.231903076171875
139.14346075057983,100.0,384.146,100.0,-42.236167907714844
139.17629671096802,100.0,384.218,100.0,-42.24176025390625
139.20908069610596,100.0,384.171,100.0,-42.25093460083008
139.2404010295868,100.0,384.149,100.0,-42.2520637512207
139.27249908447266,100.0,384.082,100.0,-42.25200653076172
139.30473113059998,100.0,384.04,100.0,-42.24913787841797
139.33702898025513,100.0,383.995,100.0,-42.240440368652344
139.37072682380676,100.0,384.023,100.0,-42.236572265625
139.40165638923645,100.0,383.976,100.0,-42.23479461669922
139.43473887443542,100.0,383.864,100.0,-42.22429275512695
139.46507096290588,100.0,383.828,100.0,-42.2144660949707
139.4984917640686,100.0,383.873,100.0,-42.20977783203125
139.53071808815002,100.0,384.01,100.0,-42.208160400390625
139.56349754333496,100.0,384.099,100.0,-42.22020721435547
139.5948314666748,100.0,384.054,100.0,-42.225433349609375
139.61073207855225,100.0,384.054,100.0,-42.22821807861328
139.64380717277527,100.0,384.043,100.0,-42.22993850708008
139.6855320930481,100.0,384.043,100.0,-42.232086181640625
139.71347904205322,100.0,384.09,100.0,-42.23494338989258
139.74747228622437,100.0,384.065,100.0,-42.23609924316406
139.7795867919922,100.0,384.071,100.0,-42.23698425292969
139.8117434978485,100.0,384.118,100.0,-42.238609313964844
139.84424352645874,100.0,384.28,100.0,-42.24110794067383
139.87655091285706,100.0,384.467,100.0,-42.249820709228516
139.9099133014679,100.0,384.662,100.0,-42.28020095825195
139.9402756690979,100.0,384.612,100.0,-42.29583740234375
139.9716923236847,100.0,384.5,100.0,-42.30564498901367
140.00434112548828,100.0,384.57,100.0,-42.30830383300781
140.03583765029907,100.0,384.701,100.0,-42.32203674316406
140.06805753707886,100.0,384.857,100.0,-42.33246994018555
140.10003519058228,100.0,384.818,100.0,-42.34309387207031
140.13611364364624,100.0,384.751,100.0,-42.351165771484375
140.16438841819763,100.0,384.746,100.0,-42.35203552246094
140.19627118110657,100.0,384.701,100.0,-42.35193634033203
140.2292754650116,100.0,384.715,100.0,-42.350223541259766
140.26021242141724,100.0,384.776,100.0,-42.350860595703125
140.29260969161987,100.0,384.94,100.0,-42.35879135131836
140.3239507675171,100.0,385.13,100.0,-42.37270736694336
140.35356664657593,100.0,385.191,100.0,-42.385467529296875
140.38508939743042,100.0,385.094,100.0,-42.402549743652344
140.4245195388794,100.0,384.994,100.0,-42.403961181640625
140.45540261268616,100.0,385.033,100.0,-42.40055847167969
140.4878191947937,100.0,385.141,100.0,-42.39980697631836
140.51921463012695,100.0,385.278,100.0,-42.40279006958008
140.55186867713928,100.0,385.32,100.0,-42.410640716552734
140.58540678024292,100.0,385.42,100.0,-42.4281120300293
140.61598873138428,100.0,385.559,100.0,-42.44144821166992
140.64792037010193,100.0,385.545,100.0,-42.45136260986328
140.68010330200195,100.0,385.534,100.0,-42.45814514160156
140.71180081367493,100.0,385.526,100.0,-42.465431213378906
140.74409580230713,100.0,385.638,100.0,-42.47201156616211
140.7768588066101,100.0,385.872,100.0,-42.48310089111328
140.81129050254822,100.0,385.911,100.0,-42.50532150268555
140.84216475486755,100.0,385.98,100.0,-42.51593017578125
140.8726406097412,100.0,386.016,100.0,-42.52528381347656
140.9044966697693,100.0,386.085,100.0,-42.53470230102539
140.93633580207825,100.0,386.091,100.0,-42.547393798828125
140.96834182739258,100.0,386.088,100.0,-42.55122375488281
141.0004858970642,100.0,386.091,100.0,-42.553688049316406
141.03644943237305,100.0,386.127,100.0,-42.55781555175781
141.07423281669617,100.0,386.171,100.0,-42.55972671508789
141.11316299438477,100.0,386.212,100.0,-42.564510345458984
141.15603518486023,100.0,386.193,100.0,-42.56724166870117
141.18671202659607,100.0,386.143,100.0,-42.56672286987305
141.21869826316833,100.0,385.978,100.0,-42.5607795715332
141.25000095367432,100.0,385.989,100.0,-42.55353927612305
141.28655314445496,100.0,386.05,100.0,-42.54655075073242
141.3149664402008,100.0,386.177,100.0,-42.55047607421875
141.34763765335083,100.0,386.259,100.0,-42.55525207519531
141.38031721115112,100.0,386.298,100.0,-42.560420989990234
141.4118733406067,100.0,386.323,100.0,-42.571102142333984
141.4440929889679,100.0,386.325,100.0,-42.575035095214844
141.47579836845398,100.0,386.314,100.0,-42.57746124267578
141.51222395896912,100.0,386.317,100.0,-42.58161926269531
141.54059100151062,100.0,386.353,100.0,-42.58221435546875
141.57181668281555,100.0,386.356,100.0,-42.584041595458984
141.6043586730957,100.0,386.339,100.0,-42.58544158935547
141.63639497756958,100.0,386.292,100.0,-42.58421325683594
141.66816115379333,100.0,386.375,100.0,-42.58250427246094
141.70005869865417,100.0,386.51,100.0,-42.584564208984375
141.7368824481964,100.0,386.609,100.0,-42.601318359375
141.7647726535797,100.0,386.664,100.0,-42.61091613769531
141.80513858795166,100.0,386.62,100.0,-42.61750793457031
141.8313548564911,100.0,386.631,100.0,-42.62125015258789
141.86455297470093,100.0,386.683,100.0,-42.62887191772461
141.89816999435425,100.0,386.838,100.0,-42.63502883911133
141.92919278144836,100.0,386.909,100.0,-42.64320755004883
141.96240425109863,100.0,386.956,100.0,-42.66109085083008
141.99297666549683,100.0,387.014,100.0,-42.670074462890625
142.02503871917725,100.0,387.0,100.0,-42.676177978515625
142.05738067626953,100.0,386.984,100.0,-42.680625915527344
142.08838868141174,100.0,386.953,100.0,-42.68495559692383
142.11946654319763,100.0,386.975,100.0,-42.684654235839844
142.1512975692749,100.0,386.989,100.0,-42.68510818481445
142.1877224445343,100.0,387.003,100.0,-42.6867561340332
142.21539187431335,100.0,386.945,100.0,-42.68669509887695
142.24722933769226,100.0,386.909,100.0,-42.68461608886719
142.2802710533142,100.0,386.86,100.0,-42.68132781982422
142.31121730804443,100.0,386.879,100.0,-42.67359161376953
142.34316539764404,100.0,386.896,100.0,-42.671897888183594
142.37537264823914,100.0,386.962,100.0,-42.67143249511719
142.41340899467468,100.0,387.006,100.0,-42.67572784423828
142.43887376785278,100.0,386.986,100.0,-42.677040100097656
142.4714057445526,100.0,387.003,100.0,-42.67869567871094
142.50822377204895,100.0,386.786,100.0,-42.6746940612793
142.53655409812927,100.0,386.83,100.0,-42.663978576660156
142.57703065872192,100.0,386.736,100.0,-42.66114044189453
142.60843634605408,100.0,386.749,100.0,-42.65499496459961
142.64017963409424,100.0,386.658,100.0,-42.648345947265625
142.6726131439209,100.0,386.656,100.0,-42.64191436767578
142.70535397529602,100.0,386.667,100.0,-42.63691711425781
142.73640394210815,100.0,386.714,100.0,-42.63307571411133
142.76854729652405,100.0,386.705,100.0,-42.63297653198242
142.80062913894653,100.0,386.727,100.0,-42.63239288330078
142.83302354812622,100.0,386.758,100.0,-42.6329460144043
142.86507940292358,100.0,386.774,100.0,-42.63687515258789
142.896901845932,100.0,386.802,100.0,-42.64134216308594
142.92962884902954,100.0,386.818,100.0,-42.64323425292969
142.96101927757263,100.0,386.821,100.0,-42.64719772338867
142.99336647987366,100.0,386.783,100.0,-42.64699935913086
143.02610993385315,100.0,386.793,100.0,-42.64726257324219
143.05793452262878,100.0,386.545,100.0,-42.64179611206055
143.08934116363525,100.0,386.375,100.0,-42.62594223022461
143.12068510055542,100.0,386.242,100.0,-42.61353302001953
143.15273594856262,100.0,386.207,100.0,-42.59844970703125
143.1872477531433,100.0,386.209,100.0,-42.57567596435547
143.2361125946045,100.0,386.245,100.0,-42.56614303588867
143.27116179466248,100.0,386.223,100.0,-42.56292724609375
143.3108732700348,100.0,386.214,100.0,-42.557125091552734
143.34307742118835,100.0,386.314,100.0,-42.55775451660156
143.37591314315796,100.0,386.454,100.0,-42.56021499633789
143.41278505325317,100.0,386.559,100.0,-42.57890319824219
143.4399950504303,100.0,386.606,100.0,-42.589271545410156
143.47238206863403,100.0,386.625,100.0,-42.59920120239258
143.5041778087616,100.0,386.619,100.0,-42.60584259033203
143.5355885028839,100.0,386.65,100.0,-42.61574172973633
143.5680058002472,100.0,386.633,100.0,-42.618865966796875
143.5997669696808,100.0,386.614,100.0,-42.62100601196289
143.6321177482605,100.0,386.559,100.0,-42.62200164794922
143.66587901115417,100.0,386.54,100.0,-42.618282318115234
143.69668984413147,100.0,386.441,100.0,-42.61244201660156
143.72874546051025,100.0,386.352,100.0,-42.60415267944336
143.76106119155884,100.0,386.27,100.0,-42.59019470214844
143.79227876663208,100.0,386.272,100.0,-42.58357238769531
143.82440733909607,100.0,386.283,100.0,-42.57861328125
143.8567337989807,100.0,386.261,100.0,-42.57532501220703
143.89006519317627,100.0,386.231,100.0,-42.569576263427734
143.92182087898254,100.0,386.192,100.0,-42.56645965576172
143.95842027664185,100.0,386.195,100.0,-42.562522888183594
143.9863440990448,100.0,386.22,100.0,-42.558719635009766
144.0193386077881,100.0,386.27,100.0,-42.558780670166016
144.06284999847412,100.0,386.305,100.0,-42.563087463378906
144.0913336277008,100.0,386.382,100.0,-42.568546295166016
144.12373542785645,100.0,386.437,100.0,-42.5743408203125
144.15645503997803,100.0,386.421,100.0,-42.57965850830078
144.18778538703918,100.0,386.418,100.0,-42.58565902709961
144.24029564857483,100.0,386.562,100.0,-42.59656524658203
144.2670247554779,100.0,386.639,100.0,-42.60525131225586
144.29882335662842,100.0,386.691,100.0,-42.61408233642578
144.3302445411682,100.0,386.771,100.0,-42.623497009277344
144.3626320362091,100.0,386.835,100.0,-42.639915466308594
144.39505982398987,100.0,386.912,100.0,-42.649620056152344
144.4275484085083,100.0,386.948,100.0,-42.65692901611328
144.4654939174652,100.0,387.052,100.0,-42.672603607177734
144.49163055419922,100.0,387.085,100.0,-42.679908752441406
144.52437090873718,100.0,387.176,100.0,-42.68669128417969
144.55520915985107,100.0,387.251,100.0,-42.69549560546875
144.58812713623047,100.0,387.452,100.0,-42.72083282470703
144.61947178840637,100.0,387.504,100.0,-42.73467254638672
144.65179347991943,100.0,387.51,100.0,-42.745155334472656
144.6924901008606,100.0,387.51,100.0,-42.758934020996094
144.72417664527893,100.0,387.576,100.0,-42.763587951660156
144.76466941833496,100.0,387.595,100.0,-42.7736930847168
144.79674696922302,100.0,387.631,100.0,-42.7784423828125
144.82930493354797,100.0,387.686,100.0,-42.78327941894531
144.8621757030487,100.0,387.714,100.0,-42.79155349731445
144.89351224899292,100.0,387.584,100.0,-42.78892517089844
144.92670106887817,100.0,387.405,100.0,-42.77907180786133
144.95916771888733,100.0,387.008,100.0,-42.762290954589844
144.99134802818298,100.0,386.973,100.0,-42.72358703613281
145.02381539344788,100.0,387.086,100.0,-42.70982360839844
145.05521321296692,100.0,387.196,100.0,-42.703956604003906
145.08777022361755,100.0,387.383,100.0,-42.708133697509766
145.11952924728394,100.0,387.378,100.0,-42.71533966064453
145.1516878604889,100.0,387.369,100.0,-42.72073745727539
145.1834418773651,100.0,387.402,100.0,-42.724544525146484
145.21599912643433,100.0,387.416,100.0,-42.73278045654297
145.24753761291504,100.0,387.422,100.0,-42.73576736450195
145.27940034866333,100.0,387.414,100.0,-42.73828125
145.31091570854187,100.0,387.461,100.0,-42.73983383178711
145.34260845184326,100.0,387.524,100.0,-42.747947692871094
145.37468457221985,100.0,387.607,100.0,-42.75345993041992
145.4079201221466,100.0,387.621,100.0,-42.7593994140625
145.43918323516846,100.0,387.621,100.0,-42.768280029296875
145.47790551185608,100.0,387.654,100.0,-42.771644592285156
145.5083601474762,100.0,387.717,100.0,-42.77495574951172
145.54004287719727,100.0,387.761,100.0,-42.78565979003906
145.57190608978271,100.0,387.794,100.0,-42.7912483215332
145.60407495498657,100.0,387.794,100.0,-42.795406341552734
145.63960528373718,100.0,387.802,100.0,-42.80110549926758
145.66805696487427,100.0,387.764,100.0,-42.80286407470703
145.7013943195343,100.0,387.8,100.0,-42.802459716796875
145.73233246803284,100.0,387.808,100.0,-42.803504943847656
145.7642788887024,100.0,387.792,100.0,-42.80446243286133
145.79561257362366,100.0,387.85,100.0,-42.80669403076172
145.82812690734863,100.0,387.913,100.0,-42.80833435058594
145.86504292488098,100.0,387.976,100.0,-42.81757736206055
145.89288878440857,100.0,387.968,100.0,-42.821319580078125
145.92377471923828,100.0,388.029,100.0,-42.826385498046875
145.9552402496338,100.0,388.051,100.0,-42.83040237426758
145.98784971237183,100.0,388.071,100.0,-42.83795928955078
146.02036356925964,100.0,388.09,100.0,-42.84143829345703
146.05215191841125,100.0,388.129,100.0,-42.84480285644531
146.08352065086365,100.0,388.168,100.0,-42.84803771972656
146.12415099143982,100.0,388.19,100.0,-42.85584259033203
146.1491575241089,100.0,388.243,100.0,-42.86085891723633
146.18101620674133,100.0,388.291,100.0,-42.8665771484375
146.21332907676697,100.0,388.322,100.0,-42.87472152709961
146.24562692642212,100.0,388.324,100.0,-42.878028869628906
146.2775628566742,100.0,388.324,100.0,-42.88048553466797
146.3090934753418,100.0,388.366,100.0,-42.88219451904297
146.34123063087463,100.0,388.402,100.0,-42.88656997680664
146.3742744922638,100.0,388.444,100.0,-42.88964080810547
146.4077582359314,100.0,388.489,100.0,-42.89360809326172
146.4388566017151,100.0,388.494,100.0,-42.902122497558594
146.47139024734497,100.0,388.433,100.0,-42.90415573120117
146.502179145813,100.0,388.391,100.0,-42.903663635253906
146.5346553325653,100.0,388.333,100.0,-42.90135192871094
146.56711173057556,100.0,388.297,100.0,-42.89195251464844
146.59935665130615,100.0,388.291,100.0,-42.88771438598633
146.63067650794983,100.0,388.247,100.0,-42.88364791870117
146.66351532936096,100.0,388.258,100.0,-42.87638854980469
146.69550848007202,100.0,388.185,100.0,-42.87411117553711
146.72656202316284,100.0,388.199,100.0,-42.86927795410156
146.75859785079956,100.0,388.213,100.0,-42.86613464355469
146.79106211662292,100.0,388.266,100.0,-42.86272430419922
146.82381796836853,100.0,388.269,100.0,-42.86396408081055
146.8500349521637,100.0,388.269,100.0,-42.865081787109375
146.88336372375488,100.0,388.283,100.0,-42.865970611572266
146.91572976112366,100.0,388.271,100.0,-42.86778259277344
146.94758415222168,100.0,388.297,100.0,-42.86890411376953
146.97993063926697,100.0,388.319,100.0,-42.870155334472656
147.0160207748413,100.0,388.311,100.0,-42.873165130615234
147.04423666000366,100.0,388.336,100.0,-42.87507247924805
147.0675094127655,100.0,388.347,100.0,-42.87699508666992
147.10746335983276,100.0,388.411,100.0,-42.87892150878906
147.14047050476074,100.0,388.411,100.0,-42.88542175292969
147.17197060585022,100.0,388.439,100.0,-42.888729095458984
147.20433688163757,100.0,388.423,100.0,-42.89056396484375
147.24250292778015,100.0,388.361,100.0,-42.888587951660156
147.26877212524414,100.0,388.339,100.0,-42.886756896972656
147.3004970550537,100.0,388.303,100.0,-42.88529968261719
147.33243417739868,100.0,388.25,100.0,-42.88262939453125
147.3644711971283,100.0,387.996,100.0,-42.872161865234375
147.3978636264801,100.0,387.916,100.0,-42.85956573486328
147.42881274223328,100.0,387.861,100.0,-42.84651565551758
147.4618182182312,100.0,387.988,100.0,-42.834205627441406
147.49417567253113,100.0,389.295,100.0,-42.857967376708984
147.52396249771118,100.0,389.579,100.0,-42.90367889404297
147.5554461479187,100.0,389.646,100.0,-42.950904846191406
147.59661197662354,100.0,389.675,100.0,-43.0211181640625
147.6278374195099,100.0,389.66,100.0,-43.044776916503906
147.66035318374634,100.0,389.627,100.0,-43.06180953979492
147.69332790374756,100.0,389.568,100.0,-43.0786018371582
147.7244954109192,100.0,389.546,100.0,-43.08141326904297
147.7562222480774,100.0,389.588,100.0,-43.083614349365234
147.78904104232788,100.0,389.675,100.0,-43.085960388183594
147.82054114341736,100.0,389.753,100.0,-43.097572326660156
147.85131192207336,100.0,389.736,100.0,-43.10224151611328
147.8838369846344,100.0,389.697,100.0,-43.104679107666016
147.91778469085693,100.0,389.373,100.0,-43.09654998779297
147.94753551483154,100.0,389.312,100.0,-43.08382797241211
147.97949481010437,100.0,389.242,100.0,-43.07112503051758
148.01275277137756,100.0,389.17,100.0,-43.058135986328125
148.0440492630005,100.0,389.206,100.0,-43.03582763671875
148.07617139816284,100.0,389.208,100.0,-43.02900695800781
148.10852980613708,100.0,389.231,100.0,-43.02379608154297
148.14306950569153,100.0,389.231,100.0,-43.018394470214844
148.17240476608276,100.0,389.242,100.0,-43.01707458496094
148.20400094985962,100.0,389.307,100.0,-43.01915740966797
148.2210192680359,100.0,389.307,100.0,-43.02045822143555
148.2580795288086,100.0,389.282,100.0,-43.020896911621094
148.28843522071838,100.0,389.246,100.0,-43.02079391479492
148.33021545410156,100.0,389.235,100.0,-43.017555236816406
148.3622043132782,100.0,389.318,100.0,-43.017677307128906
148.39497923851013,100.0,389.383,100.0,-43.024356842041016
148.42538619041443,100.0,389.377,100.0,-43.02781295776367
148.458247423172,100.0,389.377,100.0,-43.03022384643555
148.4898247718811,100.0,389.263,100.0,-43.03206253051758
148.52158427238464,100.0,389.174,100.0,-43.02899932861328
148.55403971672058,100.0,389.079,100.0,-43.02250671386719
148.585120677948,100.0,389.001,100.0,-43.01349639892578
148.61705422401428,100.0,388.903,100.0,-42.991329193115234
148.6486268043518,100.0,389.252,100.0,-42.98919677734375
148.6806674003601,100.0,389.45,100.0,-42.99531173706055
148.71318364143372,100.0,389.692,100.0,-43.008460998535156
148.74508786201477,100.0,389.757,100.0,-43.047340393066406
148.7781276702881,100.0,389.804,100.0,-43.061767578125
148.80963587760925,100.0,389.813,100.0,-43.074546813964844
148.84327793121338,100.0,389.743,100.0,-43.089271545410156
148.87384486198425,100.0,389.693,100.0,-43.090538024902344
148.90673518180847,100.0,389.564,100.0,-43.085880279541016
148.942147731781,100.0,389.486,100.0,-43.07281494140625
148.97527360916138,100.0,389.5,100.0,-43.068416595458984
149.00912857055664,100.0,389.528,100.0,-43.06550979614258
149.04295301437378,100.0,389.531,100.0,-43.06449890136719
149.07111763954163,100.0,389.531,100.0,-43.06358337402344
149.10357332229614,100.0,389.556,100.0,-43.062828063964844
149.1344029903412,100.0,389.559,100.0,-43.06325149536133
149.1669430732727,100.0,389.576,100.0,-43.064659118652344
149.198659658432,100.0,389.623,100.0,-43.065643310546875
149.23132228851318,100.0,389.621,100.0,-43.068084716796875
149.26325678825378,100.0,389.593,100.0,-43.069847106933594
149.29537987709045,100.0,389.612,100.0,-43.07084274291992
149.32753014564514,100.0,389.601,100.0,-43.07099914550781
149.35977411270142,100.0,389.671,100.0,-43.07283401489258
149.39299416542053,100.0,389.69,100.0,-43.078102111816406
149.4236261844635,100.0,389.791,100.0,-43.084388732910156
149.455885887146,100.0,390.092,100.0,-43.10182189941406
149.4871301651001,100.0,390.585,100.0,-43.12678527832031
149.51990175247192,100.0,390.778,100.0,-43.169551849365234
149.5513412952423,100.0,390.694,100.0,-43.19562530517578
149.58296656608582,100.0,390.658,100.0,-43.21186828613281
149.61707162857056,100.0,390.621,100.0,-43.230430603027344
149.65785241127014,100.0,390.624,100.0,-43.23435592651367
149.6915726661682,100.0,390.624,100.0,-43.23871994018555
149.72425270080566,100.0,390.622,100.0,-43.23950958251953
149.7547562122345,100.0,390.63,100.0,-43.2397346496582
149.78728199005127,100.0,390.641,100.0,-43.23988342285156
149.81844854354858,100.0,390.688,100.0,-43.241966247558594
149.85095620155334,100.0,390.739,100.0,-43.245243072509766
149.88370013237,100.0,390.747,100.0,-43.24782943725586
149.91563200950623,100.0,390.733,100.0,-43.250038146972656
149.9468548297882,100.0,390.702,100.0,-43.248863220214844
149.98054242134094,100.0,390.741,100.0,-43.24936294555664
150.0111162662506,100.0,390.811,100.0,-43.25050354003906
150.04391741752625,100.0,390.881,100.0,-43.257965087890625
150.0750377178192,100.0,390.887,100.0,-43.26173782348633
150.1083333492279,100.0,390.915,100.0,-43.2656364440918
150.1388716697693,100.0,390.931,100.0,-43.26925277709961
150.17104482650757,100.0,390.956,100.0,-43.2734489440918
150.20353865623474,100.0,390.967,100.0,-43.27564239501953
150.23568677902222,100.0,390.984,100.0,-43.277618408203125
150.26916980743408,100.0,390.957,100.0,-43.28055953979492
150.2992868423462,100.0,390.84,100.0,-43.28048324584961
150.33160996437073,100.0,390.714,100.0,-43.27535629272461
150.3716766834259,100.0,390.485,100.0,-43.248783111572266
150.39915871620178,100.0,390.494,100.0,-43.23566436767578
150.43358516693115,100.0,390.48,100.0,-43.22591781616211
150.46985340118408,100.0,390.466,100.0,-43.21112823486328
150.49707984924316,100.0,390.463,100.0,-43.20591354370117
150.52883791923523,100.0,390.455,100.0,-43.20226287841797
150.56007957458496,100.0,390.483,100.0,-43.19898223876953
150.59360003471375,100.0,390.499,100.0,-43.1976318359375
150.62453818321228,100.0,390.536,100.0,-43.199214935302734
150.65880417823792,100.0,390.561,100.0,-43.20089340209961
150.69423580169678,100.0,390.555,100.0,-43.20448303222656
150.72163653373718,100.0,390.541,100.0,-43.20511245727539
150.75400280952454,100.0,390.563,100.0,-43.205665588378906
150.78640961647034,100.0,390.566,100.0,-43.20707702636719
150.81826663017273,100.0,390.602,100.0,-43.2100830078125
150.8498833179474,100.0,390.605,100.0,-43.21226119995117
150.88320803642273,100.0,390.619,100.0,-43.21409606933594
150.92017912864685,100.0,390.65,100.0,-43.218990325927734
150.94682097434998,100.0,390.703,100.0,-43.222591400146484
150.97861981391907,100.0,390.714,100.0,-43.22620391845703
151.01034331321716,100.0,390.703,100.0,-43.22943115234375
151.04263615608215,100.0,390.725,100.0,-43.23384475708008
151.10423469543457,100.0,390.895,100.0,-43.24097442626953
151.14479970932007,100.0,390.962,100.0,-43.256507873535156
151.17620468139648,100.0,391.083,100.0,-43.26791000366211
151.20913457870483,100.0,391.127,100.0,-43.2784423828125
151.23959231376648,100.0,391.141,100.0,-43.286415100097656
151.27198576927185,100.0,391.138,100.0,-43.29771423339844
151.30384945869446,100.0,391.127,100.0,-43.30070495605469
151.33633184432983,100.0,391.208,100.0,-43.30280303955078
151.37020778656006,100.0,391.247,100.0,-43.312782287597656
151.398761510849,100.0,391.247,100.0,-43.31656265258789
151.43023014068604,100.0,391.303,100.0,-43.321624755859375
151.46178340911865,100.0,391.333,100.0,-43.32532501220703
151.49426651000977,100.0,391.286,100.0,-43.33039855957031
151.52618288993835,100.0,391.253,100.0,-43.33075714111328
151.55858421325684,100.0,391.255,100.0,-43.3294563293457
151.5956130027771,100.0,391.286,100.0,-43.32863235473633
151.62241649627686,100.0,391.289,100.0,-43.32954025268555
151.65656852722168,100.0,391.291,100.0,-43.32938766479492
151.6848864555359,100.0,391.3,100.0,-43.329219818115234
151.7180471420288,100.0,391.319,100.0,-43.33013153076172
151.74976873397827,100.0,391.347,100.0,-43.33180236816406
151.78227138519287,100.0,391.278,100.0,-43.33265686035156
151.82301712036133,100.0,391.211,100.0,-43.32619857788086
151.85743498802185,100.0,391.083,100.0,-43.3207893371582
151.88272738456726,100.0,391.083,100.0,-43.31306838989258
151.91332077980042,100.0,391.105,100.0,-43.30695343017578
151.94664359092712,100.0,391.102,100.0,-43.30033874511719
151.97776746749878,100.0,391.153,100.0,-43.30023956298828
152.01032781600952,100.0,391.153,100.0,-43.30020523071289
152.04541993141174,100.0,391.105,100.0,-43.2997932434082
152.074120759964,100.0,391.077,100.0,-43.297943115234375
152.10788655281067,100.0,391.075,100.0,-43.295372009277344
152.1383831501007,100.0,391.072,100.0,-43.29334259033203
152.1705138683319,100.0,390.963,100.0,-43.28836441040039
152.20270347595215,100.0,390.929,100.0,-43.28336715698242
152.23495388031006,100.0,390.91,100.0,-43.27814483642578
152.27137684822083,100.0,391.064,100.0,-43.276275634765625
152.29962158203125,100.0,391.357,100.0,-43.285614013671875
152.33188319206238,100.0,391.571,100.0,-43.29819107055664
152.36409330368042,100.0,391.649,100.0,-43.31692123413086
152.3962206840515,100.0,391.694,100.0,-43.35011291503906
152.42865753173828,100.0,391.724,100.0,-43.36317825317383
152.46023845672607,100.0,391.764,100.0,-43.37416458129883
152.49630331993103,100.0,391.794,100.0,-43.39085006713867
152.5243363380432,100.0,391.769,100.0,-43.39558792114258
152.5575976371765,100.0,391.744,100.0,-43.397926330566406
152.58310627937317,100.0,391.727,100.0,-43.39875030517578
152.61524176597595,100.0,391.747,100.0,-43.39854049682617
152.64798617362976,100.0,391.772,100.0,-43.39902877807617
152.67883491516113,100.0,391.769,100.0,-43.40055847167969
152.70914959907532,100.0,391.78,100.0,-43.40142059326172
152.74608397483826,100.0,391.786,100.0,-43.40316390991211
152.7726550102234,100.0,391.833,100.0,-43.40630340576172
152.80492758750916,100.0,391.85,100.0,-43.40785217285156
152.83657884597778,100.0,391.861,100.0,-43.40960693359375
152.86912870407104,100.0,391.886,100.0,-43.413448333740234
152.90088415145874,100.0,391.939,100.0,-43.417213439941406
152.93195271492004,100.0,391.961,100.0,-43.4207763671875
152.96430778503418,100.0,391.986,100.0,-43.42350387573242
152.99682903289795,100.0,392.025,100.0,-43.430320739746094
153.02818846702576,100.0,392.069,100.0,-43.43496322631836
153.0606279373169,100.0,392.031,100.0,-43.43679428100586
153.0929057598114,100.0,392.027,100.0,-43.438594818115234
153.12586045265198,100.0,392.058,100.0,-43.440673828125
153.15706753730774,100.0,392.116,100.0,-43.441734313964844
153.18793773651123,100.0,392.121,100.0,-43.44485092163086
153.206045627594,100.0,392.088,100.0,-43.44733810424805
153.2456567287445,100.0,392.052,100.0,-43.4463996887207
153.27056789398193,100.0,392.049,100.0,-43.44512176513672
153.30838012695312,100.0,392.121,100.0,-43.44528579711914
153.33906865119934,100.0,392.14,100.0,-43.447078704833984
153.3719289302826,100.0,392.159,100.0,-43.45148468017578
153.4042706489563,100.0,392.229,100.0,-43.45402145385742
153.4354121685028,100.0,392.229,100.0,-43.45798110961914
153.47179245948792,100.0,392.245,100.0,-43.46378707885742
153.5003833770752,100.0,392.245,100.0,-43.46588134765625
153.53300738334656,100.0,392.265,100.0,-43.468223571777344
153.5640833377838,100.0,392.253,100.0,-43.470970153808594
153.59618377685547,100.0,392.215,100.0,-43.470069885253906
153.62877368927002,100.0,392.234,100.0,-43.46971130371094
153.66052508354187,100.0,392.3,100.0,-43.47211456298828
153.6971333026886,100.0,392.524,100.0,-43.481536865234375
153.72312140464783,100.0,392.568,100.0,-43.4903564453125
153.755704164505,100.0,392.595,100.0,-43.4989013671875
153.7887783050537,100.0,392.568,100.0,-43.506492614746094
153.81961631774902,100.0,392.479,100.0,-43.51067352294922
153.85291647911072,100.0,392.154,100.0,-43.50200653076172
153.88365483283997,100.0,392.155,100.0,-43.48970031738281
153.90931940078735,100.0,392.254,100.0,-43.480125427246094
153.9392695426941,100.0,392.29,100.0,-43.47683334350586
153.98059701919556,100.0,392.381,100.0,-43.476802825927734
154.01166439056396,100.0,392.375,100.0,-43.47956085205078
154.04462313652039,100.0,392.461,100.0,-43.48645782470703
154.07679057121277,100.0,392.461,100.0,-43.49031066894531
154.10870051383972,100.0,392.441,100.0,-43.492401123046875
154.1410915851593,100.0,392.48,100.0,-43.49501419067383
154.17366456985474,100.0,392.505,100.0,-43.50050735473633
154.20649886131287,100.0,392.56,100.0,-43.505027770996094
154.23708534240723,100.0,392.582,100.0,-43.50844192504883
154.27066802978516,100.0,392.632,100.0,-43.51437759399414
154.30302333831787,100.0,392.629,100.0,-43.51840591430664
154.33494806289673,100.0,392.639,100.0,-43.52128601074219
154.3729226589203,100.0,392.653,100.0,-43.52625274658203
154.40090322494507,100.0,392.692,100.0,-43.52965545654297
154.43222403526306,100.0,392.519,100.0,-43.52855682373047
154.4635841846466,100.0,392.375,100.0,-43.5239372253418
154.49559664726257,100.0,392.309,100.0,-43.503875732421875
154.52837681770325,100.0,392.395,100.0,-43.49946594238281
154.56013894081116,100.0,392.516,100.0,-43.49711608886719
154.59258651733398,100.0,392.497,100.0,-43.49935531616211
154.62517309188843,100.0,392.414,100.0,-43.49757385253906
154.65824913978577,100.0,392.398,100.0,-43.49480438232422
154.69006371498108,100.0,392.408,100.0,-43.49092483520508
154.73117661476135,100.0,392.466,100.0,-43.48957824707031
154.76308131217957,100.0,392.496,100.0,-43.49162292480469
154.79882264137268,100.0,392.505,100.0,-43.49720764160156
154.8281238079071,100.0,392.477,100.0,-43.499229431152344
154.86018419265747,100.0,392.439,100.0,-43.4996223449707
154.88995265960693,100.0,392.447,100.0,-43.49832534790039
154.92288541793823,100.0,392.425,100.0,-43.49622344970703
154.95549607276917,100.0,392.533,100.0,-43.49650192260742
154.98691129684448,100.0,392.574,100.0,-43.4998779296875
155.02421712875366,100.0,392.593,100.0,-43.50835037231445
155.05095911026,100.0,392.596,100.0,-43.51165008544922
155.08253955841064,100.0,392.634,100.0,-43.51403045654297
155.11387610435486,100.0,392.678,100.0,-43.517547607421875
155.14646124839783,100.0,392.659,100.0,-43.52467727661133
155.17834162712097,100.0,392.615,100.0,-43.5247802734375
155.21093893051147,100.0,392.587,100.0,-43.52360534667969
155.24279260635376,100.0,392.541,100.0,-43.521244049072266
155.27501010894775,100.0,392.519,100.0,-43.515968322753906
155.30679178237915,100.0,392.497,100.0,-43.513736724853516
155.3410942554474,100.0,392.475,100.0,-43.51106643676758
155.36884188652039,100.0,392.5,100.0,-43.50807189941406
155.41280221939087,100.0,392.56,100.0,-43.508148193359375
155.44300889968872,100.0,392.583,100.0,-43.50940704345703
155.47469234466553,100.0,392.588,100.0,-43.513057708740234
155.50673246383667,100.0,392.599,100.0,-43.51353454589844
155.5384702682495,100.0,392.646,100.0,-43.515193939208984
155.57079195976257,100.0,392.693,100.0,-43.5184326171875
155.60400414466858,100.0,392.806,100.0,-43.531044006347656
155.63741850852966,100.0,392.952,100.0,-43.54098892211914
155.6692132949829,100.0,393.007,100.0,-43.551025390625
155.7006332874298,100.0,393.01,100.0,-43.56864929199219
155.732892036438,100.0,392.985,100.0,-43.57335662841797
155.76498556137085,100.0,393.015,100.0,-43.57601547241211
155.79616713523865,100.0,392.988,100.0,-43.57994842529297
155.829904794693,100.0,393.001,100.0,-43.58336639404297
155.8612675666809,100.0,393.015,100.0,-43.58509063720703
155.89246439933777,100.0,392.99,100.0,-43.58625411987305
155.92508459091187,100.0,393.054,100.0,-43.586936950683594
155.95704126358032,100.0,393.046,100.0,-43.588863372802734
155.98790526390076,100.0,393.062,100.0,-43.58987808227539
156.02292943000793,100.0,393.035,100.0,-43.590965270996094
156.05103039741516,100.0,393.023,100.0,-43.590152740478516
156.088303565979,100.0,392.965,100.0,-43.588157653808594
156.1133472919464,100.0,392.921,100.0,-43.58533477783203
156.14448618888855,100.0,392.891,100.0,-43.58122253417969
156.1768982410431,100.0,392.861,100.0,-43.571937561035156
156.2079463005066,100.0,392.872,100.0,-43.56855773925781
156.24018216133118,100.0,392.877,100.0,-43.566062927246094
156.27177953720093,100.0,392.891,100.0,-43.564353942871094
156.30529499053955,100.0,392.902,100.0,-43.56355285644531
156.33623218536377,100.0,392.99,100.0,-43.56720733642578
156.3687722682953,100.0,393.073,100.0,-43.571556091308594
156.40123796463013,100.0,393.128,100.0,-43.58329772949219
156.43346977233887,100.0,393.114,100.0,-43.58821105957031
156.46554970741272,100.0,393.105,100.0,-43.59136199951172
156.49776101112366,100.0,393.139,100.0,-43.59538650512695
156.53076601028442,100.0,393.158,100.0,-43.59772491455078
156.56227254867554,100.0,393.216,100.0,-43.600250244140625
156.5940408706665,100.0,393.236,100.0,-43.60455322265625
156.6272497177124,100.0,393.269,100.0,-43.61293411254883
156.65814995765686,100.0,393.329,100.0,-43.61627960205078
156.69061470031738,100.0,393.365,100.0,-43.62126922607422
156.72289180755615,100.0,393.439,100.0,-43.633544921875
156.76306653022766,100.0,393.511,100.0,-43.64013671875
156.79110622406006,100.0,393.52,100.0,-43.64678955078125
156.8174283504486,100.0,393.495,100.0,-43.65213394165039
156.85661387443542,100.0,393.475,100.0,-43.6562385559082
156.8882908821106,100.0,393.475,100.0,-43.65724182128906
156.9244303703308,100.0,393.514,100.0,-43.659332275390625
156.95170831680298,100.0,393.544,100.0,-43.661781311035156
156.9825885295868,100.0,393.577,100.0,-43.6649055480957
157.01431131362915,100.0,393.586,100.0,-43.66754913330078
157.04671835899353,100.0,393.594,100.0,-43.671695709228516
157.07953190803528,100.0,393.578,100.0,-43.67267608642578
157.1114318370819,100.0,393.633,100.0,-43.6726188659668
157.1428325176239,100.0,393.66,100.0,-43.674747467041016
157.17551398277283,100.0,393.85,100.0,-43.682090759277344
157.206561088562,100.0,393.916,100.0,-43.690792083740234
157.2387945652008,100.0,394.016,100.0,-43.70014190673828
157.27035355567932,100.0,394.11,100.0,-43.71139907836914
157.30318975448608,100.0,394.178,100.0,-43.73572540283203
157.33462047576904,100.0,394.167,100.0,-43.745025634765625
157.3666853904724,100.0,394.223,100.0,-43.75147247314453
157.39905881881714,100.0,394.186,100.0,-43.762115478515625
157.43017387390137,100.0,394.17,100.0,-43.7639274597168
157.4707477092743,100.0,394.124,100.0,-43.76433181762695
157.506498336792,100.0,394.127,100.0,-43.762123107910156
157.5505495071411,100.0,394.102,100.0,-43.75895690917969
157.57745027542114,100.0,394.057,100.0,-43.75531768798828
157.61018180847168,100.0,394.015,100.0,-43.75057601928711
157.64218091964722,100.0,394.016,100.0,-43.746315002441406
157.6749231815338,100.0,394.013,100.0,-43.740962982177734
157.70675992965698,100.0,394.038,100.0,-43.740047454833984
157.7393283843994,100.0,394.038,100.0,-43.739280700683594
157.7706754207611,100.0,394.077,100.0,-43.7386360168457
157.8030879497528,100.0,394.08,100.0,-43.739891052246094
157.8362958431244,100.0,394.072,100.0,-43.740745544433594
157.86781406402588,100.0,394.055,100.0,-43.74102783203125
157.89926838874817,100.0,394.043,100.0,-43.73954391479492
157.9301722049713,100.0,393.935,100.0,-43.73621368408203
157.96224999427795,100.0,393.924,100.0,-43.73164367675781
157.9944713115692,100.0,393.855,100.0,-43.72764587402344
158.02602553367615,100.0,393.914,100.0,-43.71955108642578
158.05832433700562,100.0,393.936,100.0,-43.718170166015625
158.09106731414795,100.0,393.925,100.0,-43.71786117553711
158.1224663257599,100.0,393.913,100.0,-43.71720886230469
158.15393471717834,100.0,393.886,100.0,-43.71440887451172
158.18569803237915,100.0,393.897,100.0,-43.71290969848633
158.22618126869202,100.0,393.897,100.0,-43.712039947509766
158.25110006332397,100.0,393.924,100.0,-43.71295166015625
158.2919635772705,100.0,394.002,100.0,-43.71617889404297
158.3244047164917,100.0,394.044,100.0,-43.72386169433594
158.3566930294037,100.0,394.044,100.0,-43.72723388671875
158.38926553726196,100.0,394.047,100.0,-43.729827880859375
158.42207765579224,100.0,394.105,100.0,-43.73193359375
158.45234608650208,100.0,394.141,100.0,-43.73788070678711
158.48479223251343,100.0,394.166,100.0,-43.74199676513672
158.51571369171143,100.0,394.152,100.0,-43.74617385864258
158.5495183467865,100.0,394.144,100.0,-43.750328063964844
158.58086848258972,100.0,394.239,100.0,-43.75155258178711
158.61151218414307,100.0,394.264,100.0,-43.756324768066406
158.64399409294128,100.0,394.259,100.0,-43.760986328125
158.67634272575378,100.0,394.239,100.0,-43.76588439941406
158.70841526985168,100.0,394.256,100.0,-43.767730712890625
158.74008703231812,100.0,394.314,100.0,-43.769264221191406
158.77593517303467,100.0,394.323,100.0,-43.7754020690918
158.80487704277039,100.0,394.326,100.0,-43.77760314941406
158.8369655609131,100.0,394.318,100.0,-43.77886199951172
158.8687059879303,100.0,394.34,100.0,-43.77972412109375
158.8929088115692,100.0,394.34,100.0,-43.78120803833008
158.93017888069153,100.0,394.299,100.0,-43.78215789794922
158.96344375610352,100.0,394.229,100.0,-43.78106689453125
158.99545168876648,100.0,394.212,100.0,-43.77719497680664
159.02774572372437,100.0,394.226,100.0,-43.77031707763672
159.0599958896637,100.0,394.218,100.0,-43.76860046386719
159.09171652793884,100.0,394.226,100.0,-43.76691436767578
159.1224172115326,100.0,394.22,100.0,-43.76593017578125
159.1565399169922,100.0,394.429,100.0,-43.76915740966797
159.18794798851013,100.0,394.513,100.0,-43.77616882324219
159.21985459327698,100.0,394.579,100.0,-43.78508758544922
159.252028465271,100.0,394.624,100.0,-43.803932189941406
159.28325295448303,100.0,394.691,100.0,-43.81376647949219
159.31582188606262,100.0,394.78,100.0,-43.82357406616211
159.34743905067444,100.0,394.814,100.0,-43.832374572753906
159.37946009635925,100.0,394.811,100.0,-43.846275329589844
159.41303658485413,100.0,394.841,100.0,-43.85185241699219
159.44454622268677,100.0,394.878,100.0,-43.857948303222656
159.47752118110657,100.0,394.859,100.0,-43.86402893066406
159.50901246070862,100.0,394.875,100.0,-43.865394592285156
159.5408229827881,100.0,394.828,100.0,-43.86689758300781
159.57397079467773,100.0,394.875,100.0,-43.866851806640625
159.60839080810547,100.0,394.872,100.0,-43.866966247558594
159.65259456634521,100.0,394.897,100.0,-43.86830139160156
159.68268871307373,100.0,394.901,100.0,-43.86806106567383
159.71394062042236,100.0,394.91,100.0,-43.86882019042969
159.7464084625244,100.0,394.893,100.0,-43.86965560913086
159.7790985107422,100.0,394.87,100.0,-43.86821746826172
159.81162285804749,100.0,394.778,100.0,-43.86362075805664
159.8432867527008,100.0,394.764,100.0,-43.859642028808594
159.87696242332458,100.0,394.753,100.0,-43.852516174316406
159.90883111953735,100.0,394.725,100.0,-43.84868240356445
159.93962502479553,100.0,394.669,100.0,-43.84498977661133
159.97096633911133,100.0,394.689,100.0,-43.84049987792969
160.00243520736694,100.0,394.672,100.0,-43.83517074584961
160.03441500663757,100.0,394.712,100.0,-43.83479309082031
160.06640577316284,100.0,394.72,100.0,-43.834877014160156
160.10249018669128,100.0,394.709,100.0,-43.834503173828125
160.13036346435547,100.0,394.736,100.0,-43.83429718017578
160.16130948066711,100.0,394.786,100.0,-43.835304260253906
160.19219493865967,100.0,394.778,100.0,-43.83820724487305
160.22566866874695,100.0,394.798,100.0,-43.84247589111328
160.25709700584412,100.0,394.795,100.0,-43.843570709228516
160.2893991470337,100.0,394.8,100.0,-43.84499740600586
160.32858610153198,100.0,394.811,100.0,-43.847755432128906
160.35567021369934,100.0,394.789,100.0,-43.84793472290039
160.38706707954407,100.0,394.767,100.0,-43.84792709350586
160.42622923851013,100.0,394.742,100.0,-43.84539794921875
160.45849418640137,100.0,394.736,100.0,-43.84381866455078
160.48997688293457,100.0,394.728,100.0,-43.842254638671875
160.52253365516663,100.0,394.681,100.0,-43.839073181152344
160.55374693870544,100.0,394.681,100.0,-43.83475112915039
160.58588242530823,100.0,394.669,100.0,-43.83282470703125
160.61837553977966,100.0,394.736,100.0,-43.83137130737305
160.64962792396545,100.0,394.789,100.0,-43.83309555053711
160.6833472251892,100.0,394.809,100.0,-43.838775634765625
160.71491932868958,100.0,394.826,100.0,-43.841957092285156
160.7471878528595,100.0,394.795,100.0,-43.84512710571289
160.7793185710907,100.0,394.797,100.0,-43.84720230102539
160.81166243553162,100.0,394.792,100.0,-43.84815979003906
160.84369730949402,100.0,394.78,100.0,-43.848411560058594
160.87491846084595,100.0,394.775,100.0,-43.848079681396484
160.9077217578888,100.0,394.786,100.0,-43.84764862060547
160.94003820419312,100.0,394.836,100.0,-43.84780502319336
160.97150468826294,100.0,394.853,100.0,-43.849876403808594
161.00419735908508,100.0,394.864,100.0,-43.8543815612793
161.035542011261,100.0,394.92,100.0,-43.8584098815918
161.07460260391235,100.0,394.99,100.0,-43.86362075805664
161.11523699760437,100.0,395.029,100.0,-43.87364959716797
161.1477987766266,100.0,395.168,100.0,-43.881446838378906
161.1796383857727,100.0,395.266,100.0,-43.89540100097656
161.21090388298035,100.0,395.333,100.0,-43.904022216796875
161.2434482574463,100.0,395.355,100.0,-43.9133415222168
161.27921605110168,100.0,395.4,100.0,-43.92802047729492
161.30776143074036,100.0,395.399,100.0,-43.934104919433594
161.3405568599701,100.0,395.416,100.0,-43.93854522705078
161.37168741226196,100.0,395.439,100.0,-43.94245910644531
161.40352153778076,100.0,395.483,100.0,-43.95075225830078
161.43483781814575,100.0,395.553,100.0,-43.9554557800293
161.46729278564453,100.0,395.586,100.0,-43.96037292480469
161.50287771224976,100.0,395.592,100.0,-43.96918869018555
161.53176760673523,100.0,395.645,100.0,-43.974159240722656
161.564523935318,100.0,395.687,100.0,-43.97861099243164
161.59545874595642,100.0,395.681,100.0,-43.98274230957031
161.62841200828552,100.0,395.65,100.0,-43.98601531982422
161.6605818271637,100.0,395.655,100.0,-43.9864387512207
161.69257616996765,100.0,395.686,100.0,-43.98786163330078
161.7280831336975,100.0,395.762,100.0,-43.993019104003906
161.75632667541504,100.0,395.818,100.0,-43.99557113647461
161.79108786582947,100.0,395.823,100.0,-43.99971389770508
161.81375288963318,100.0,395.882,100.0,-44.00294494628906
161.84558725357056,100.0,395.871,100.0,-44.00774002075195
161.87954258918762,100.0,395.881,100.0,-44.012943267822266
161.90963292121887,100.0,395.867,100.0,-44.01487350463867
161.94263577461243,100.0,395.876,100.0,-44.015602111816406
161.97850918769836,100.0,395.865,100.0,-44.01634979248047
162.0072033405304,100.0,395.907,100.0,-44.01781463623047
162.03874897956848,100.0,395.935,100.0,-44.0189323425293
162.07119464874268,100.0,395.929,100.0,-44.02083206176758
162.10467839241028,100.0,395.952,100.0,-44.023597717285156
162.13514161109924,100.0,395.963,100.0,-44.025230407714844
162.16704511642456,100.0,395.968,100.0,-44.02649688720703
162.20427918434143,100.0,395.965,100.0,-44.027923583984375
162.23181080818176,100.0,395.985,100.0,-44.029029846191406
162.2632918357849,100.0,395.979,100.0,-44.0295295715332
162.29566311836243,100.0,396.038,100.0,-44.0311164855957
162.33095479011536,100.0,396.079,100.0,-44.03683090209961
162.36109924316406,100.0,396.115,100.0,-44.04087448120117
162.3925642967224,100.0,396.146,100.0,-44.045196533203125
162.42869448661804,100.0,396.22,100.0,-44.052635192871094
162.45621705055237,100.0,396.247,100.0,-44.057029724121094
162.49905848503113,100.0,396.168,100.0,-44.06142807006836
162.53922080993652,100.0,395.938,100.0,-44.055721282958984
162.57042241096497,100.0,395.865,100.0,-44.04703903198242
162.60451436042786,100.0,395.896,100.0,-44.03080368041992
162.6344347000122,100.0,395.89,100.0,-44.026668548583984
162.66881275177002,100.0,395.879,100.0,-44.022430419921875
162.6987783908844,100.0,395.837,100.0,-44.01871871948242
162.73118925094604,100.0,395.854,100.0,-44.01133728027344
162.7629532814026,100.0,395.854,100.0,-44.009246826171875
162.79505038261414,100.0,395.932,100.0,-44.008872985839844
162.83098459243774,100.0,395.941,100.0,-44.01264572143555
162.85919642448425,100.0,395.972,100.0,-44.01546096801758
162.8920841217041,100.0,395.992,100.0,-44.01851272583008
162.92294192314148,100.0,395.997,100.0,-44.021480560302734
162.9551601409912,100.0,395.983,100.0,-44.024906158447266
162.9870445728302,100.0,395.98,100.0,-44.02546691894531
163.01917433738708,100.0,396.024,100.0,-44.02576446533203
163.0552999973297,100.0,396.038,100.0,-44.029998779296875
163.08380341529846,100.0,396.126,100.0,-44.034423828125
163.11563229560852,100.0,396.165,100.0,-44.03873825073242
163.14800357818604,100.0,396.216,100.0,-44.04366683959961
163.17949151992798,100.0,396.237,100.0,-44.0549201965332
163.2128598690033,100.0,396.195,100.0,-44.05830001831055
163.24522519111633,100.0,396.229,100.0,-44.059715270996094
163.28044509887695,100.0,396.251,100.0,-44.064823150634766
163.30874824523926,100.0,396.253,100.0,-44.06687927246094
163.3403549194336,100.0,396.245,100.0,-44.067440032958984
163.37359523773193,100.0,396.228,100.0,-44.06835174560547
163.4056670665741,100.0,396.265,100.0,-44.06961441040039
163.4379141330719,100.0,396.304,100.0,-44.07222366333008
163.47028613090515,100.0,396.256,100.0,-44.0721321105957
163.5063214302063,100.0,396.214,100.0,-44.06938934326172
163.53400254249573,100.0,396.206,100.0,-44.06793975830078
163.56496858596802,100.0,396.22,100.0,-44.06642150878906
163.5970697402954,100.0,396.259,100.0,-44.06578826904297
163.62950372695923,100.0,396.286,100.0,-44.06884002685547
163.6622383594513,100.0,396.342,100.0,-44.070682525634766
163.6942970752716,100.0,396.358,100.0,-44.074031829833984
163.7249457836151,100.0,396.347,100.0,-44.07724380493164
163.7580041885376,100.0,396.421,100.0,-44.08375549316406
163.78974270820618,100.0,396.551,100.0,-44.09043884277344
163.8221492767334,100.0,396.559,100.0,-44.09773635864258
163.85439538955688,100.0,396.57,100.0,-44.10847854614258
163.8786358833313,100.0,396.581,100.0,-44.112571716308594
163.90794491767883,100.0,396.586,100.0,-44.11579895019531
163.94188737869263,100.0,396.6,100.0,-44.11873245239258
163.9727382659912,100.0,396.473,100.0,-44.12131118774414
164.00662994384766,100.0,396.333,100.0,-44.10828399658203
164.0377151966095,100.0,396.223,100.0,-44.09654235839844
164.07021498680115,100.0,396.121,100.0,-44.087406158447266
164.1029555797577,100.0,396.143,100.0,-44.076045989990234
164.13454604148865,100.0,396.195,100.0,-44.06427764892578
164.1669201850891,100.0,396.165,100.0,-44.061439514160156
164.19929337501526,100.0,396.223,100.0,-44.05807113647461
164.23018503189087,100.0,396.244,100.0,-44.05890655517578
164.2622423171997,100.0,396.28,100.0,-44.06155014038086
164.29493761062622,100.0,396.305,100.0,-44.06332778930664
164.32785511016846,100.0,396.308,100.0,-44.06581115722656
164.35954666137695,100.0,396.292,100.0,-44.068885803222656
164.3916459083557,100.0,396.322,100.0,-44.06962585449219
164.42327737808228,100.0,396.338,100.0,-44.07152557373047
164.45641994476318,100.0,396.36,100.0,-44.076271057128906
164.48686265945435,100.0,396.385,100.0,-44.079322814941406
164.51885652542114,100.0,396.402,100.0,-44.08238220214844
164.54997944831848,100.0,396.47,100.0,-44.086700439453125
164.59110403060913,100.0,396.506,100.0,-44.09406280517578
164.62437868118286,100.0,396.55,100.0,-44.09797286987305
164.6485893726349,100.0,396.564,100.0,-44.1027717590332
164.68118739128113,100.0,396.594,100.0,-44.11121368408203
164.71179795265198,100.0,396.586,100.0,-44.114585876464844
164.74529790878296,100.0,396.589,100.0,-44.11674499511719
164.77666807174683,100.0,396.608,100.0,-44.11842727661133
164.80801033973694,100.0,396.636,100.0,-44.12268829345703
164.83995747566223,100.0,396.641,100.0,-44.12466812133789
164.8719928264618,100.0,396.677,100.0,-44.12629699707031
164.90746998786926,100.0,396.689,100.0,-44.13140869140625
164.93575978279114,100.0,396.728,100.0,-44.13482666015625
164.96873307228088,100.0,396.761,100.0,-44.13697814941406
165.00025415420532,100.0,396.742,100.0,-44.140289306640625
165.03249502182007,100.0,396.689,100.0,-44.1408576965332
165.08377528190613,100.0,396.68,100.0,-44.13850784301758
165.11245489120483,100.0,396.686,100.0,-44.137779235839844
165.144535779953,100.0,396.702,100.0,-44.13780975341797
165.17697739601135,100.0,396.526,100.0,-44.13314437866211
165.20846462249756,100.0,396.465,100.0,-44.11912536621094
165.2408468723297,100.0,396.416,100.0,-44.111202239990234
165.27359652519226,100.0,396.491,100.0,-44.1051025390625
165.3114151954651,100.0,396.485,100.0,-44.10222625732422
165.3440625667572,100.0,396.513,100.0,-44.101234436035156
165.38220191001892,100.0,396.538,100.0,-44.10318374633789
165.40934944152832,100.0,396.62,100.0,-44.10622024536133
165.44181513786316,100.0,396.623,100.0,-44.110206604003906
165.4733169078827,100.0,396.626,100.0,-44.11343765258789
165.5063557624817,100.0,396.645,100.0,-44.118900299072266
165.53871607780457,100.0,396.651,100.0,-44.12191390991211
165.56981134414673,100.0,396.629,100.0,-44.12363052368164
165.60159921646118,100.0,396.613,100.0,-44.12400436401367
165.6336109638214,100.0,396.588,100.0,-44.12218475341797
165.66670560836792,100.0,396.579,100.0,-44.120697021484375
165.69839000701904,100.0,396.527,100.0,-44.118141174316406
165.73181080818176,100.0,396.521,100.0,-44.11296081542969
165.76319360733032,100.0,396.496,100.0,-44.11006546020508
165.7954182624817,100.0,396.499,100.0,-44.10797119140625
165.82653880119324,100.0,396.504,100.0,-44.10692596435547
165.85864543914795,100.0,396.515,100.0,-44.10525131225586
165.89077019691467,100.0,396.529,100.0,-44.10505294799805
165.9233615398407,100.0,396.535,100.0,-44.10551834106445
165.95567417144775,100.0,396.548,100.0,-44.107234954833984
165.98799586296082,100.0,396.571,100.0,-44.1090087890625
166.02795600891113,100.0,396.579,100.0,-44.11043930053711
166.05914878845215,100.0,396.579,100.0,-44.11301040649414
166.09097743034363,100.0,396.598,100.0,-44.11375045776367
166.13143730163574,100.0,396.609,100.0,-44.11684036254883
166.1642518043518,100.0,396.649,100.0,-44.11974334716797
166.19550943374634,100.0,396.667,100.0,-44.122764587402344
166.22797775268555,100.0,396.684,100.0,-44.12502670288086
166.26062989234924,100.0,396.662,100.0,-44.12834930419922
166.29207110404968,100.0,396.698,100.0,-44.13050842285156
166.3241593837738,100.0,396.764,100.0,-44.133514404296875
166.3553717136383,100.0,396.844,100.0,-44.137168884277344
166.38855910301208,100.0,396.83,100.0,-44.14734649658203
166.41976714134216,100.0,396.852,100.0,-44.15132141113281
166.4530472755432,100.0,396.835,100.0,-44.15428924560547
166.48444247245789,100.0,396.854,100.0,-44.15641784667969
166.51492977142334,100.0,396.852,100.0,-44.157989501953125
166.5474922657013,100.0,396.877,100.0,-44.15902328491211
166.58048057556152,100.0,396.896,100.0,-44.16077423095703
166.61258721351624,100.0,396.918,100.0,-44.16477584838867
166.64502120018005,100.0,396.957,100.0,-44.166648864746094
166.67788982391357,100.0,396.976,100.0,-44.16963577270508
166.71037650108337,100.0,396.996,100.0,-44.17570114135742
166.74204659461975,100.0,396.998,100.0,-44.177703857421875
166.77306962013245,100.0,397.015,100.0,-44.17947769165039
166.81511569023132,100.0,396.995,100.0,-44.18203353881836
166.8457317352295,100.0,397.009,100.0,-44.182960510253906
166.87798762321472,100.0,397.136,100.0,-44.18685531616211
166.91066312789917,100.0,397.177,100.0,-44.197265625
166.94280552864075,100.0,397.188,100.0,-44.20181655883789
166.97441029548645,100.0,397.179,100.0,-44.20481872558594
167.0075831413269,100.0,397.218,100.0,-44.208595275878906
167.03879857063293,100.0,397.252,100.0,-44.21128463745117
167.07107067108154,100.0,397.268,100.0,-44.214656829833984
167.1029658317566,100.0,397.271,100.0,-44.21780014038086
167.1345090866089,100.0,397.282,100.0,-44.222530364990234
167.16693305969238,100.0,397.246,100.0,-44.224056243896484
167.19868302345276,100.0,397.262,100.0,-44.22358703613281
167.2327914237976,100.0,397.229,100.0,-44.22240447998047
167.2641522884369,100.0,397.198,100.0,-44.2199821472168
167.29625415802002,100.0,397.232,100.0,-44.21797180175781
167.327894449234,100.0,397.24,100.0,-44.21776580810547
167.3582947254181,100.0,397.237,100.0,-44.21776580810547
167.38970136642456,100.0,397.24,100.0,-44.217750549316406
167.4219527244568,100.0,397.234,100.0,-44.21814727783203
167.4452805519104,100.0,397.234,100.0,-44.217689514160156
167.47562384605408,100.0,397.227,100.0,-44.21766662597656
167.52472281455994,100.0,397.227,100.0,-44.21632385253906
167.5558590888977,100.0,397.213,100.0,-44.216156005859375
167.5887894630432,100.0,397.21,100.0,-44.21492385864258
167.61949014663696,100.0,397.229,100.0,-44.21394729614258
167.65167784690857,100.0,397.229,100.0,-44.21397018432617
167.6848132610321,100.0,397.196,100.0,-44.212581634521484
167.71625328063965,100.0,397.102,100.0,-44.21103286743164
167.74845361709595,100.0,397.064,100.0,-44.20634460449219
167.77984499931335,100.0,397.05,100.0,-44.201133728027344
167.81157898902893,100.0,397.084,100.0,-44.194461822509766
167.84366464614868,100.0,397.125,100.0,-44.194419860839844
167.87599444389343,100.0,397.158,100.0,-44.19464874267578
167.90909075737,100.0,397.22,100.0,-44.20015335083008
167.93846011161804,100.0,397.264,100.0,-44.205039978027344
167.97132754325867,100.0,397.336,100.0,-44.21185302734375
168.00368285179138,100.0,397.452,100.0,-44.22118377685547
168.03529524803162,100.0,397.541,100.0,-44.23898696899414
168.0675287246704,100.0,397.531,100.0,-44.246063232421875
168.10225534439087,100.0,397.533,100.0,-44.251495361328125
168.1347939968109,100.0,397.516,100.0,-44.25735855102539
168.159113407135,100.0,397.564,100.0,-44.25908279418945
168.2004165649414,100.0,397.597,100.0,-44.26228713989258
168.2223560810089,100.0,397.622,100.0,-44.26600646972656
168.26212573051453,100.0,397.584,100.0,-44.271629333496094
168.29512524604797,100.0,397.614,100.0,-44.27223205566406
168.32734179496765,100.0,397.658,100.0,-44.27381134033203
168.35932397842407,100.0,397.657,100.0,-44.278831481933594
168.39031600952148,100.0,397.659,100.0,-44.280181884765625
168.4217188358307,100.0,397.687,100.0,-44.28130340576172
168.45373725891113,100.0,397.778,100.0,-44.28321838378906
168.4704978466034,100.0,397.892,100.0,-44.288394927978516
168.50126910209656,100.0,398.01,100.0,-44.297054290771484
168.53591775894165,100.0,398.1,100.0,-44.3210563659668
168.56482934951782,100.0,397.964,100.0,-44.32480239868164
168.59655690193176,100.0,397.645,100.0,-44.32020950317383
168.62872791290283,100.0,397.534,100.0,-44.31032180786133
168.6600410938263,100.0,397.537,100.0,-44.28821563720703
168.69256901741028,100.0,397.531,100.0,-44.280452728271484
168.7238142490387,100.0,397.535,100.0,-44.27505874633789
168.75537705421448,100.0,397.56,100.0,-44.27043151855469
168.78769946098328,100.0,397.612,100.0,-44.268211364746094
168.81995749473572,100.0,397.607,100.0,-44.268253326416016
168.85999989509583,100.0,397.625,100.0,-44.26941680908203
168.89151787757874,100.0,397.641,100.0,-44.27070236206055
168.91011381149292,100.0,397.663,100.0,-44.27171325683594
168.94076585769653,100.0,397.699,100.0,-44.2734375
168.97238516807556,100.0,397.711,100.0,-44.27629089355469
169.00442337989807,100.0,397.744,100.0,-44.27899932861328
169.03649067878723,100.0,397.771,100.0,-44.28626251220703
169.06882572174072,100.0,397.785,100.0,-44.289161682128906
169.10058689117432,100.0,397.766,100.0,-44.29194641113281
169.13272714614868,100.0,397.788,100.0,-44.293251037597656
169.16508769989014,100.0,397.79,100.0,-44.296600341796875
169.19695854187012,100.0,397.87,100.0,-44.30024337768555
169.22956585884094,100.0,397.914,100.0,-44.30379104614258
169.26134276390076,100.0,397.945,100.0,-44.313018798828125
169.29317378997803,100.0,397.956,100.0,-44.31702423095703
169.32499623298645,100.0,397.968,100.0,-44.320980072021484
169.3577971458435,100.0,397.968,100.0,-44.323463439941406
169.38906288146973,100.0,397.962,100.0,-44.326290130615234
169.4209394454956,100.0,397.987,100.0,-44.32801818847656
169.4546937942505,100.0,398.017,100.0,-44.33016586303711
169.48679733276367,100.0,397.978,100.0,-44.331764221191406
169.51622700691223,100.0,397.972,100.0,-44.33118438720703
169.55676102638245,100.0,397.973,100.0,-44.33063507080078
169.58123898506165,100.0,397.973,100.0,-44.32991409301758
169.63013744354248,100.0,397.992,100.0,-44.33067321777344
169.6613667011261,100.0,398.045,100.0,-44.33246994018555
169.692969083786,100.0,398.076,100.0,-44.33426284790039
169.72649359703064,100.0,398.075,100.0,-44.336883544921875
169.75775527954102,100.0,398.039,100.0,-44.338802337646484
169.7914092540741,100.0,398.003,100.0,-44.337032318115234
169.82263588905334,100.0,398.034,100.0,-44.33647918701172
169.85485196113586,100.0,398.039,100.0,-44.33650207519531
169.8871259689331,100.0,398.061,100.0,-44.33769607543945
169.91908240318298,100.0,398.056,100.0,-44.338226318359375
169.9511022567749,100.0,398.098,100.0,-44.34022903442383
169.98581075668335,100.0,398.115,100.0,-44.34377670288086
170.0165934562683,100.0,398.12,100.0,-44.345420837402344
170.0477614402771,100.0,398.126,100.0,-44.346885681152344
170.08004593849182,100.0,398.128,100.0,-44.34758377075195
170.11273765563965,100.0,398.142,100.0,-44.349205017089844
170.14419198036194,100.0,398.159,100.0,-44.350257873535156
170.1768934726715,100.0,398.174,100.0,-44.35172653198242
170.2104892730713,100.0,398.199,100.0,-44.35478973388672
170.24010944366455,100.0,398.185,100.0,-44.35673904418945
170.27536630630493,100.0,398.154,100.0,-44.35759735107422
170.31600618362427,100.0,398.182,100.0,-44.35792922973633
170.35551691055298,100.0,398.196,100.0,-44.358211517333984
170.38854002952576,100.0,398.221,100.0,-44.36054992675781
170.42057299613953,100.0,398.184,100.0,-44.36054611206055
170.4535231590271,100.0,398.173,100.0,-44.360111236572266
170.48506712913513,100.0,398.2,100.0,-44.35970687866211
170.51667952537537,100.0,398.237,100.0,-44.3615608215332
170.5492262840271,100.0,398.298,100.0,-44.365055084228516
170.57977652549744,100.0,398.338,100.0,-44.3681755065918
170.61315298080444,100.0,398.343,100.0,-44.37547302246094
170.6442093849182,100.0,398.355,100.0,-44.37842559814453
170.6757447719574,100.0,398.327,100.0,-44.38063049316406
170.70809960365295,100.0,398.321,100.0,-44.381072998046875
170.74053192138672,100.0,398.346,100.0,-44.38205337524414
170.7728533744812,100.0,398.383,100.0,-44.38428497314453
170.8036549091339,100.0,398.386,100.0,-44.38593292236328
170.83789491653442,100.0,398.411,100.0,-44.38946533203125
170.86838221549988,100.0,398.425,100.0,-44.39088439941406
170.90070915222168,100.0,398.456,100.0,-44.392486572265625
170.9330883026123,100.0,398.484,100.0,-44.39494705200195
170.96490240097046,100.0,398.472,100.0,-44.39945983886719
170.99146437644958,100.0,398.458,100.0,-44.4007568359375
171.02454781532288,100.0,398.505,100.0,-44.40108108520508
171.04894948005676,100.0,398.505,100.0,-44.403221130371094
171.08036160469055,100.0,398.534,100.0,-44.40479278564453
171.11346197128296,100.0,398.509,100.0,-44.40781784057617
171.1444308757782,100.0,398.514,100.0,-44.408470153808594
171.17707419395447,100.0,398.499,100.0,-44.40888977050781
171.20981216430664,100.0,398.53,100.0,-44.40943908691406
171.24114608764648,100.0,398.645,100.0,-44.414920806884766
171.27375054359436,100.0,398.731,100.0,-44.422691345214844
171.30507516860962,100.0,398.91,100.0,-44.43238830566406
171.3373966217041,100.0,398.935,100.0,-44.45298767089844
171.37026643753052,100.0,398.941,100.0,-44.46039581298828
171.40238332748413,100.0,398.986,100.0,-44.46592712402344
171.43413710594177,100.0,399.042,100.0,-44.47188186645508
171.4661636352539,100.0,399.103,100.0,-44.482704162597656
171.498628616333,100.0,399.111,100.0,-44.489097595214844
171.52975416183472,100.0,399.218,100.0,-44.494144439697266
171.56218194961548,100.0,399.257,100.0,-44.510005950927734
171.59455013275146,100.0,399.351,100.0,-44.518009185791016
171.62566876411438,100.0,399.348,100.0,-44.52556610107422
171.65917873382568,100.0,399.273,100.0,-44.531002044677734
171.69125509262085,100.0,399.108,100.0,-44.5251579284668
171.72462725639343,100.0,398.824,100.0,-44.51185989379883
171.75744581222534,100.0,398.682,100.0,-44.497398376464844
171.78944754600525,100.0,398.668,100.0,-44.46612548828125
171.821679353714,100.0,398.665,100.0,-44.45518112182617
171.85347986221313,100.0,398.649,100.0,-44.44655990600586
171.8844723701477,100.0,398.646,100.0,-44.439517974853516
171.91660380363464,100.0,398.626,100.0,-44.42912673950195
171.94849753379822,100.0,398.62,100.0,-44.425193786621094
171.97997522354126,100.0,398.651,100.0,-44.423606872558594
172.01233530044556,100.0,398.701,100.0,-44.42219161987305
172.04430079460144,100.0,398.698,100.0,-44.423797607421875
172.07605290412903,100.0,398.693,100.0,-44.4250373840332
172.1087920665741,100.0,398.701,100.0,-44.4258918762207
172.1404721736908,100.0,398.685,100.0,-44.4261474609375
172.17203974723816,100.0,398.707,100.0,-44.426673889160156
172.20415997505188,100.0,398.715,100.0,-44.428077697753906
172.2378339767456,100.0,398.746,100.0,-44.43206787109375
172.26823687553406,100.0,398.704,100.0,-44.432411193847656
172.30080771446228,100.0,398.698,100.0,-44.43258285522461
172.3325502872467,100.0,398.748,100.0,-44.4324951171875
172.36483645439148,100.0,398.854,100.0,-44.44062423706055
172.3998098373413,100.0,399.111,100.0,-44.451080322265625
172.4317924976349,100.0,399.212,100.0,-44.46417236328125
172.4640908241272,100.0,399.324,100.0,-44.49411392211914
172.49639749526978,100.0,399.357,100.0,-44.50743103027344
172.52837300300598,100.0,399.46,100.0,-44.521846771240234
172.56031131744385,100.0,399.516,100.0,-44.534847259521484
172.59215021133423,100.0,399.511,100.0,-44.55213165283203
172.62495374679565,100.0,399.522,100.0,-44.557411193847656
172.6562659740448,100.0,399.522,100.0,-44.561641693115234
172.688542842865,100.0,399.552,100.0,-44.56704330444336
172.7198965549469,100.0,399.53,100.0,-44.56943893432617
172.75338649749756,100.0,399.583,100.0,-44.57008743286133
172.78507709503174,100.0,399.569,100.0,-44.572547912597656
172.81706714630127,100.0,399.697,100.0,-44.57720947265625
172.84886479377747,100.0,399.689,100.0,-44.582115173339844
172.88173961639404,100.0,399.707,100.0,-44.58533477783203
172.9134817123413,100.0,399.712,100.0,-44.590667724609375
172.94487643241882,100.0,399.726,100.0,-44.59282684326172
172.9773473739624,100.0,399.762,100.0,-44.59592056274414
173.00902676582336,100.0,399.723,100.0,-44.59797668457031
173.04162335395813,100.0,399.77,100.0,-44.59931182861328
173.0727186203003,100.0,399.784,100.0,-44.60094451904297
173.1092653274536,100.0,399.837,100.0,-44.602622985839844
173.14018845558167,100.0,399.775,100.0,-44.604759216308594
173.1807849407196,100.0,399.755,100.0,-44.603275299072266
173.21308970451355,100.0,399.758,100.0,-44.5993766784668
173.24540376663208,100.0,399.792,100.0,-44.59886169433594
173.2784388065338,100.0,399.87,100.0,-44.599796295166016
173.31623768806458,100.0,399.897,100.0,-44.6080207824707
173.3416769504547,100.0,399.923,100.0,-44.61100387573242
173.3741810321808,100.0,399.94,100.0,-44.614295959472656
173.40693521499634,100.0,399.915,100.0,-44.61743927001953
173.42410111427307,100.0,399.982,100.0,-44.61870574951172
173.45575308799744,100.0,400.001,100.0,-44.62238311767578
173.48887085914612,100.0,399.998,100.0,-44.628379821777344
173.52020859718323,100.0,400.081,100.0,-44.63386535644531
173.55394864082336,100.0,400.124,100.0,-44.63776397705078
173.58411240577698,100.0,400.164,100.0,-44.6424446105957
173.6154010295868,100.0,400.172,100.0,-44.651756286621094
173.6468780040741,100.0,400.195,100.0,-44.65578079223633
173.6747043132782,100.0,400.201,100.0,-44.65898132324219
173.715026140213,100.0,400.198,100.0,-44.66251754760742
173.74619483947754,100.0,400.195,100.0,-44.66344451904297
173.7792775630951,100.0,400.203,100.0,-44.664344787597656
173.81944727897644,100.0,400.2,100.0,-44.66515350341797
173.84545636177063,100.0,400.216,100.0,-44.66512680053711
173.87962889671326,100.0,400.249,100.0,-44.665653228759766
173.91146516799927,100.0,400.266,100.0,-44.667335510253906
173.9434015750885,100.0,400.31,100.0,-44.67198944091797
173.97615122795105,100.0,400.324,100.0,-44.67446517944336
174.0074234008789,100.0,400.338,100.0,-44.67686080932617
174.04060745239258,100.0,400.312,100.0,-44.67977523803711
174.0713710784912,100.0,400.306,100.0,-44.679786682128906
174.10359263420105,100.0,400.309,100.0,-44.67977523803711
174.13514494895935,100.0,400.395,100.0,-44.67979431152344
174.16772174835205,100.0,400.411,100.0,-44.6866455078125
174.20005464553833,100.0,400.48,100.0,-44.691001892089844
174.2319619655609,100.0,400.528,100.0,-44.695274353027344
174.26570916175842,100.0,400.588,100.0,-44.706905364990234
174.29511833190918,100.0,400.61,100.0,-44.71266174316406
174.3275716304779,100.0,400.665,100.0,-44.71775817871094
174.35889959335327,100.0,400.679,100.0,-44.723052978515625
174.3905429840088,100.0,400.69,100.0,-44.73133850097656
174.42396759986877,100.0,400.726,100.0,-44.735595703125
174.45546293258667,100.0,400.715,100.0,-44.738243103027344
174.4912109375,100.0,400.723,100.0,-44.74159622192383
174.5184302330017,100.0,400.721,100.0,-44.74269104003906
174.5585072040558,100.0,400.732,100.0,-44.743289947509766
174.5897343158722,100.0,400.732,100.0,-44.74534606933594
174.6232888698578,100.0,400.743,100.0,-44.745361328125
174.6562418937683,100.0,400.757,100.0,-44.745704650878906
174.69086480140686,100.0,400.74,100.0,-44.74616241455078
174.71944189071655,100.0,400.782,100.0,-44.74761199951172
174.7521584033966,100.0,400.79,100.0,-44.74863052368164
174.78331446647644,100.0,400.787,100.0,-44.74964904785156
174.815247297287,100.0,400.782,100.0,-44.75034713745117
174.84727454185486,100.0,400.801,100.0,-44.75115966796875
174.8797481060028,100.0,400.782,100.0,-44.75111770629883
174.91482186317444,100.0,400.771,100.0,-44.7500114440918
174.94536900520325,100.0,400.749,100.0,-44.748416900634766
174.9780149459839,100.0,400.783,100.0,-44.74855041503906
175.00866293907166,100.0,400.793,100.0,-44.748817443847656
175.0404086112976,100.0,400.801,100.0,-44.74942398071289
175.07322645187378,100.0,400.779,100.0,-44.74990463256836
175.10487365722656,100.0,400.812,100.0,-44.74930953979492
175.13744282722473,100.0,400.848,100.0,-44.75236129760742
175.17010521888733,100.0,400.867,100.0,-44.75483703613281
175.20299077033997,100.0,400.845,100.0,-44.75666427612305
175.24366188049316,100.0,400.828,100.0,-44.75688552856445
175.27084636688232,100.0,400.862,100.0,-44.75646209716797
175.31246256828308,100.0,400.876,100.0,-44.75752258300781
175.3437144756317,100.0,400.879,100.0,-44.76002502441406
175.3759744167328,100.0,400.881,100.0,-44.76190948486328
175.40877890586853,100.0,400.909,100.0,-44.762351989746094
175.44046902656555,100.0,400.906,100.0,-44.76478958129883
175.47285890579224,100.0,400.884,100.0,-44.764564514160156
175.50441646575928,100.0,400.882,100.0,-44.764930725097656
175.5358588695526,100.0,400.889,100.0,-44.764495849609375
175.56830096244812,100.0,400.884,100.0,-44.764102935791016
175.60071659088135,100.0,400.925,100.0,-44.76554870605469
175.63335418701172,100.0,400.939,100.0,-44.76721954345703
175.66742539405823,100.0,400.986,100.0,-44.77058792114258
175.69625878334045,100.0,400.981,100.0,-44.772972106933594
175.728276014328,100.0,400.973,100.0,-44.77455520629883
175.76105999946594,100.0,400.972,100.0,-44.775390625
175.7932002544403,100.0,400.941,100.0,-44.77610778808594
175.82520294189453,100.0,400.958,100.0,-44.77509307861328
175.8573353290558,100.0,400.961,100.0,-44.77497863769531
175.89144802093506,100.0,400.95,100.0,-44.774471282958984
175.9216685295105,100.0,400.992,100.0,-44.77501678466797
175.95408058166504,100.0,401.061,100.0,-44.776206970214844
175.9718108177185,100.0,401.061,100.0,-44.779991149902344
176.0137267112732,100.0,401.101,100.0,-44.78287887573242
176.0461823940277,100.0,401.118,100.0,-44.79039001464844
176.07634019851685,100.0,401.143,100.0,-44.794189453125
176.10716891288757,100.0,401.137,100.0,-44.79705047607422
176.1414613723755,100.0,401.145,100.0,-44.80062484741211
176.17129802703857,100.0,401.151,100.0,-44.802101135253906
176.20513653755188,100.0,401.176,100.0,-44.80420684814453
176.23550033569336,100.0,401.217,100.0,-44.80574417114258
176.26695084571838,100.0,401.227,100.0,-44.81066131591797
176.2975676059723,100.0,401.231,100.0,-44.81260681152344
176.31901478767395,100.0,401.206,100.0,-44.81418228149414
176.34579825401306,100.0,401.228,100.0,-44.81425476074219
176.37750029563904,100.0,401.208,100.0,-44.815147399902344
176.4104609489441,100.0,401.219,100.0,-44.81490707397461
176.44247674942017,100.0,401.252,100.0,-44.81656265258789
176.47409224510193,100.0,401.264,100.0,-44.81694793701172
176.50622296333313,100.0,401.275,100.0,-44.8183479309082
176.5423777103424,100.0,401.289,100.0,-44.82148361206055
176.5689136981964,100.0,401.295,100.0,-44.82294845581055
176.60165405273438,100.0,401.283,100.0,-44.82375717163086
176.6412000656128,100.0,401.305,100.0,-44.82514190673828
176.6666293144226,100.0,401.314,100.0,-44.826297760009766
176.69890427589417,100.0,401.33,100.0,-44.82779312133789
176.73153495788574,100.0,401.364,100.0,-44.82993698120117
176.76866745948792,100.0,401.378,100.0,-44.83393859863281
176.79593896865845,100.0,401.386,100.0,-44.835777282714844
176.82729935646057,100.0,401.378,100.0,-44.837120056152344
176.86033701896667,100.0,401.372,100.0,-44.83774948120117
176.89174723625183,100.0,401.355,100.0,-44.837833404541016
176.92330503463745,100.0,401.341,100.0,-44.837120056152344
176.95529508590698,100.0,401.33,100.0,-44.83592224121094
176.98811292648315,100.0,401.336,100.0,-44.8344841003418
177.02016472816467,100.0,401.344,100.0,-44.83221435546875
177.05165195465088,100.0,401.403,100.0,-44.832096099853516
177.0855712890625,100.0,401.463,100.0,-44.83445739746094
177.11691999435425,100.0,401.466,100.0,-44.84220504760742
177.1493842601776,100.0,401.466,100.0,-44.844810485839844
177.18096232414246,100.0,401.449,100.0,-44.84592819213867
177.21366047859192,100.0,401.485,100.0,-44.84685516357422
177.2457365989685,100.0,401.488,100.0,-44.850765228271484
177.27795386314392,100.0,401.513,100.0,-44.85309600830078
177.31035614013672,100.0,401.505,100.0,-44.85520935058594
177.34150791168213,100.0,401.535,100.0,-44.85790252685547
177.37498092651367,100.0,401.496,100.0,-44.85762023925781
177.415221452713,100.0,401.546,100.0,-44.85771942138672
177.44649124145508,100.0,401.571,100.0,-44.8593864440918
177.47956657409668,100.0,401.601,100.0,-44.861663818359375
177.51088166236877,100.0,401.615,100.0,-44.864627838134766
177.54337787628174,100.0,401.614,100.0,-44.86941146850586
177.57584238052368,100.0,401.622,100.0,-44.87094497680664
177.60764622688293,100.0,401.658,100.0,-44.87238693237305
177.64112067222595,100.0,401.675,100.0,-44.877540588378906
177.6719889640808,100.0,401.707,100.0,-44.88081359863281
177.70435309410095,100.0,401.696,100.0,-44.88279342651367
177.735773563385,100.0,401.707,100.0,-44.88422775268555
177.752854347229,100.0,401.707,100.0,-44.88570785522461
177.78418636322021,100.0,401.718,100.0,-44.8872184753418
177.81649565696716,100.0,401.716,100.0,-44.88896179199219
177.84779715538025,100.0,401.705,100.0,-44.88892364501953
177.8804750442505,100.0,401.693,100.0,-44.888309478759766
177.912780046463,100.0,401.707,100.0,-44.88788604736328
177.94446969032288,100.0,401.715,100.0,-44.887939453125
177.97678899765015,100.0,401.706,100.0,-44.888206481933594
178.00837588310242,100.0,401.72,100.0,-44.88798522949219
178.04479718208313,100.0,401.755,100.0,-44.888671875
178.0842833518982,100.0,401.803,100.0,-44.8902587890625
178.12342190742493,100.0,401.851,100.0,-44.89739227294922
178.15501308441162,100.0,401.846,100.0,-44.90087890625
178.1873767375946,100.0,401.848,100.0,-44.90329360961914
178.2204225063324,100.0,401.875,100.0,-44.90766906738281
178.25101709365845,100.0,401.891,100.0,-44.90998458862305
178.28413438796997,100.0,401.869,100.0,-44.911903381347656
178.31619882583618,100.0,401.905,100.0,-44.914161682128906
178.3481023311615,100.0,401.883,100.0,-44.9145393371582
178.37964963912964,100.0,401.875,100.0,-44.91441345214844
178.4125108718872,100.0,401.877,100.0,-44.91583251953125
178.44446659088135,100.0,401.918,100.0,-44.916622161865234
178.4765555858612,100.0,401.913,100.0,-44.91733169555664
178.50754642486572,100.0,401.918,100.0,-44.91802215576172
178.53888964653015,100.0,401.94,100.0,-44.918495178222656
178.57179522514343,100.0,401.985,100.0,-44.920413970947266
178.6048140525818,100.0,401.996,100.0,-44.922977447509766
178.62803316116333,100.0,402.036,100.0,-44.925357818603516
178.67533683776855,100.0,402.027,100.0,-44.93174743652344
178.70889854431152,100.0,402.044,100.0,-44.9332275390625
178.74027562141418,100.0,402.034,100.0,-44.935001373291016
178.77814197540283,100.0,402.053,100.0,-44.936668395996094
178.80336165428162,100.0,402.035,100.0,-44.93779754638672
178.83621072769165,100.0,402.032,100.0,-44.937835693359375
178.86979866027832,100.0,402.063,100.0,-44.93876266479492
178.89734315872192,100.0,402.083,100.0,-44.940391540527344
178.9259204864502,100.0,402.092,100.0,-44.94196319580078
178.96106243133545,100.0,402.139,100.0,-44.94487380981445
178.98836708068848,100.0,402.125,100.0,-44.947261810302734
179.0189266204834,100.0,402.153,100.0,-44.95045852661133
179.0508415699005,100.0,402.175,100.0,-44.95286560058594
179.08244848251343,100.0,402.172,100.0,-44.95451736450195
179.1201775074005,100.0,402.247,100.0,-44.96141815185547
179.14614081382751,100.0,402.231,100.0,-44.96334457397461
179.17884755134583,100.0,402.228,100.0,-44.96461486816406
179.20969891548157,100.0,402.246,100.0,-44.96549987792969
179.24066376686096,100.0,402.22,100.0,-44.96684646606445
179.27406930923462,100.0,402.246,100.0,-44.96660232543945
179.30736780166626,100.0,402.223,100.0,-44.967437744140625
179.33878135681152,100.0,402.223,100.0,-44.967041015625
179.3708300590515,100.0,402.262,100.0,-44.9665641784668
179.39542412757874,100.0,402.267,100.0,-44.967811584472656
179.4241726398468,100.0,402.267,100.0,-44.968929290771484
179.45639157295227,100.0,402.287,100.0,-44.96973419189453
179.4914755821228,100.0,402.283,100.0,-44.97200393676758
179.5287766456604,100.0,402.351,100.0,-44.974884033203125
179.55707550048828,100.0,402.366,100.0,-44.977638244628906
179.58908200263977,100.0,402.369,100.0,-44.98033142089844
179.6195650100708,100.0,402.383,100.0,-44.98462677001953
179.6436333656311,100.0,402.391,100.0,-44.98655700683594
179.6856017112732,100.0,402.408,100.0,-44.98796844482422
179.70851349830627,100.0,402.413,100.0,-44.98969268798828
179.73952221870422,100.0,402.435,100.0,-44.991153717041016
179.77097487449646,100.0,402.446,100.0,-44.995033264160156
179.80839204788208,100.0,402.469,100.0,-44.99738693237305
179.84351348876953,100.0,402.488,100.0,-45.00152587890625
179.86819052696228,100.0,402.5,100.0,-45.003440856933594
179.8985242843628,100.0,402.46,100.0,-45.00315475463867
179.94024419784546,100.0,402.494,100.0,-45.002845764160156
179.97463488578796,100.0,402.575,100.0,-45.00421142578125
180.00282764434814,100.0,402.704,100.0,-45.008262634277344
180.03902673721313,100.0,402.765,100.0,-45.0167350769043
180.06907439231873,100.0,402.848,100.0,-45.03491973876953
180.1077470779419,100.0,402.831,100.0,-45.043033599853516
180.14299392700195,100.0,402.848,100.0,-45.05312728881836
180.173357963562,100.0,402.859,100.0,-45.05766677856445
180.20778894424438,100.0,402.882,100.0,-45.06035232543945
180.24631643295288,100.0,402.904,100.0,-45.066139221191406
180.27229642868042,100.0,402.912,100.0,-45.06855773925781
180.30013465881348,100.0,402.906,100.0,-45.06999206542969
180.33882355690002,100.0,402.901,100.0,-45.070587158203125
180.3830189704895,100.0,402.948,100.0,-45.07162857055664
180.40877032279968,100.0,402.965,100.0,-45.0734748840332
180.43999910354614,100.0,402.954,100.0,-45.075469970703125
180.471519947052,100.0,402.957,100.0,-45.077125549316406
180.51310205459595,100.0,403.0,100.0,-45.07788848876953
180.53536677360535,100.0,403.0,100.0,-45.0798225402832
180.57378792762756,100.0,403.049,100.0,-45.08578872680664
180.59979057312012,100.0,403.06,100.0,-45.087623596191406
180.63080382347107,100.0,403.023,100.0,-45.089378356933594
180.66208744049072,100.0,403.021,100.0,-45.08906173706055
180.69540357589722,100.0,403.036,100.0,-45.08892822265625
180.7265019416809,100.0,403.061,100.0,-45.08893966674805
180.7582676410675,100.0,403.092,100.0,-45.089908599853516
180.7900915145874,100.0,403.103,100.0,-45.09186935424805
180.82499241828918,100.0,403.142,100.0,-45.096778869628906
180.8496012687683,100.0,403.131,100.0,-45.09855651855469
180.8802134990692,100.0,403.092,100.0,-45.099464416503906
180.92218685150146,100.0,403.114,100.0,-45.09914779663086
180.95831680297852,100.0,403.138,100.0,-45.10096740722656
180.99552726745605,100.0,403.16,100.0,-45.103050231933594
181.03072142601013,100.0,403.189,100.0,-45.105262756347656
181.05752420425415,100.0,403.163,100.0,-45.106895446777344
181.08928608894348,100.0,403.172,100.0,-45.106990814208984
181.1295871734619,100.0,403.205,100.0,-45.108551025390625
181.16265296936035,100.0,403.234,100.0,-45.10981750488281
181.1949338912964,100.0,403.304,100.0,-45.1162109375
181.22708797454834,100.0,403.321,100.0,-45.11967849731445
181.25998878479004,100.0,403.346,100.0,-45.12299346923828
181.29264616966248,100.0,403.349,100.0,-45.12651062011719
181.32415294647217,100.0,403.358,100.0,-45.13165283203125
181.35507893562317,100.0,403.318,100.0,-45.1318473815918
181.38669443130493,100.0,403.295,100.0,-45.13176727294922
181.42174172401428,100.0,403.326,100.0,-45.130985260009766
181.45067882537842,100.0,403.346,100.0,-45.13201141357422
181.48252868652344,100.0,403.352,100.0,-45.13298034667969
181.5158989429474,100.0,403.355,100.0,-45.13365173339844
181.54668378829956,100.0,403.341,100.0,-45.13400650024414
181.57877445220947,100.0,403.343,100.0,-45.13385772705078
181.62198209762573,100.0,403.363,100.0,-45.13559341430664
181.65170454978943,100.0,403.391,100.0,-45.136924743652344
181.683926820755,100.0,403.421,100.0,-45.13915252685547
181.71546339988708,100.0,403.481,100.0,-45.141075134277344
181.74690890312195,100.0,403.461,100.0,-45.14579772949219
181.77820301055908,100.0,403.444,100.0,-45.147438049316406
181.81025099754333,100.0,403.435,100.0,-45.147918701171875
181.84731197357178,100.0,403.415,100.0,-45.14687728881836
181.87518978118896,100.0,403.471,100.0,-45.14678192138672
181.89982271194458,100.0,403.477,100.0,-45.148292541503906
181.9319348335266,100.0,403.486,100.0,-45.149658203125
181.95760893821716,100.0,403.492,100.0,-45.151039123535156
181.99020743370056,100.0,403.466,100.0,-45.15229797363281
182.01775550842285,100.0,403.466,100.0,-45.152122497558594
182.05013966560364,100.0,403.462,100.0,-45.15156936645508
182.0825445652008,100.0,403.49,100.0,-45.15229034423828
182.121591091156,100.0,403.496,100.0,-45.15363311767578
182.15194129943848,100.0,403.51,100.0,-45.154720306396484
182.19109630584717,100.0,403.513,100.0,-45.155391693115234
182.2232689857483,100.0,403.535,100.0,-45.15756607055664
182.25503015518188,100.0,403.532,100.0,-45.15851593017578
182.2866039276123,100.0,403.535,100.0,-45.15932846069336
182.32571363449097,100.0,403.547,100.0,-45.16082763671875
182.34729743003845,100.0,403.53,100.0,-45.16077423095703
182.38152551651,100.0,403.532,100.0,-45.16077423095703
182.41265511512756,100.0,403.552,100.0,-45.16073226928711
182.44572567939758,100.0,403.597,100.0,-45.16206359863281
182.47724795341492,100.0,403.62,100.0,-45.16435241699219
182.50875616073608,100.0,403.628,100.0,-45.16704559326172
182.5402319431305,100.0,403.6,100.0,-45.1694221496582
182.57318568229675,100.0,403.596,100.0,-45.170284271240234
182.6005198955536,100.0,403.58,100.0,-45.16975402832031
182.63927507400513,100.0,403.596,100.0,-45.169883728027344
182.67132949829102,100.0,403.596,100.0,-45.17009735107422
182.73687720298767,100.0,403.672,100.0,-45.17195129394531
182.77331447601318,100.0,403.703,100.0,-45.17802810668945
182.79938578605652,100.0,403.72,100.0,-45.18128967285156
182.84211206436157,100.0,403.691,100.0,-45.18257141113281
182.87435269355774,100.0,403.691,100.0,-45.184085845947266
182.90677213668823,100.0,403.686,100.0,-45.184295654296875
182.93962860107422,100.0,403.737,100.0,-45.18616485595703
182.96644234657288,100.0,403.768,100.0,-45.18792724609375
182.98655533790588,100.0,403.768,100.0,-45.190528869628906
183.0220980644226,100.0,403.753,100.0,-45.19424819946289
183.05764627456665,100.0,403.727,100.0,-45.194580078125
183.09071350097656,100.0,403.728,100.0,-45.19367599487305
183.12250328063965,100.0,403.795,100.0,-45.192928314208984
183.15628385543823,100.0,403.807,100.0,-45.1950798034668
183.17579197883606,100.0,403.767,100.0,-45.19719314575195
183.20824599266052,100.0,403.751,100.0,-45.19709777832031
183.236985206604,100.0,403.717,100.0,-45.19629669189453
183.27181315422058,100.0,403.761,100.0,-45.19438171386719
183.30147099494934,100.0,403.773,100.0,-45.19499206542969
183.33306503295898,100.0,403.738,100.0,-45.196311950683594
183.36681723594666,100.0,403.786,100.0,-45.1949462890625
183.3979594707489,100.0,403.803,100.0,-45.19727325439453
183.42965817451477,100.0,403.792,100.0,-45.19786071777344
183.46168494224548,100.0,403.814,100.0,-45.199798583984375
183.4911048412323,100.0,403.833,100.0,-45.2006721496582
183.52565336227417,100.0,403.875,100.0,-45.20494079589844
183.55824780464172,100.0,403.897,100.0,-45.2080078125
183.5884084701538,100.0,403.926,100.0,-45.2115478515625
183.6209740638733,100.0,403.949,100.0,-45.217803955078125
183.65256690979004,100.0,403.974,100.0,-45.219879150390625
183.68476343154907,100.0,403.976,100.0,-45.222450256347656
183.71293950080872,100.0,403.956,100.0,-45.22443771362305
183.74849367141724,100.0,403.992,100.0,-45.22694778442383
183.77378106117249,100.0,404.043,100.0,-45.23068618774414
183.81259036064148,100.0,404.065,100.0,-45.2332763671875
183.8394694328308,100.0,404.057,100.0,-45.236106872558594
183.8702416419983,100.0,404.014,100.0,-45.23731231689453
183.9020082950592,100.0,404.036,100.0,-45.23796844482422
183.92894911766052,100.0,404.036,100.0,-45.238136291503906
183.96634769439697,100.0,404.009,100.0,-45.238182067871094
183.989173412323,100.0,404.011,100.0,-45.23700714111328
184.03119897842407,100.0,404.044,100.0,-45.235939025878906
184.0498034954071,100.0,404.044,100.0,-45.23655319213867
184.08210635185242,100.0,404.081,100.0,-45.23928451538086
184.11654210090637,100.0,404.081,100.0,-45.2405891418457
184.14240503311157,100.0,404.112,100.0,-45.24153518676758
184.17381358146667,100.0,404.073,100.0,-45.24334716796875
184.20387482643127,100.0,404.078,100.0,-45.24336624145508
184.23956942558289,100.0,404.1,100.0,-45.24437713623047
184.27383375167847,100.0,404.127,100.0,-45.24652862548828
184.30280709266663,100.0,404.122,100.0,-45.24746322631836
184.33970999717712,100.0,404.141,100.0,-45.24846649169922
184.36611652374268,100.0,404.18,100.0,-45.24964904785156
184.40066957473755,100.0,404.202,100.0,-45.254024505615234
184.42569184303284,100.0,404.221,100.0,-45.25634002685547
184.46537280082703,100.0,404.251,100.0,-45.25886535644531
184.4964566230774,100.0,404.259,100.0,-45.26331329345703
184.52853083610535,100.0,404.267,100.0,-45.26563262939453
184.55359077453613,100.0,404.29,100.0,-45.267677307128906
184.58807158470154,100.0,404.349,100.0,-45.2701416015625
184.62400269508362,100.0,404.417,100.0,-45.28053283691406
184.6492621898651,100.0,404.433,100.0,-45.28580856323242
184.67928075790405,100.0,404.446,100.0,-45.289520263671875
184.71074557304382,100.0,404.41,100.0,-45.293060302734375
184.74156618118286,100.0,404.449,100.0,-45.294151306152344
184.77334713935852,100.0,404.444,100.0,-45.29798126220703
184.8056161403656,100.0,404.444,100.0,-45.29899978637695
184.83497786521912,100.0,404.394,100.0,-45.29941177368164
184.86594319343567,100.0,404.411,100.0,-45.297767639160156
184.8996307849884,100.0,404.416,100.0,-45.29670333862305
184.93094396591187,100.0,404.408,100.0,-45.29597473144531
184.95739006996155,100.0,404.475,100.0,-45.29814910888672
184.98714804649353,100.0,404.461,100.0,-45.299171447753906
185.02242350578308,100.0,404.525,100.0,-45.30326461791992
185.06252431869507,100.0,404.52,100.0,-45.305580139160156
185.0832986831665,100.0,404.533,100.0,-45.30708312988281
185.11723971366882,100.0,404.514,100.0,-45.30870819091797
185.15744519233704,100.0,404.516,100.0,-45.30963134765625
185.1921455860138,100.0,404.539,100.0,-45.30972671508789
185.2293360233307,100.0,404.569,100.0,-45.31255340576172
185.25367856025696,100.0,404.586,100.0,-45.314002990722656
185.29195165634155,100.0,404.569,100.0,-45.315765380859375
185.32467985153198,100.0,404.561,100.0,-45.31638717651367
185.35498881340027,100.0,404.577,100.0,-45.317020416259766
185.38998079299927,100.0,404.608,100.0,-45.31816101074219
185.40815997123718,100.0,404.608,100.0,-45.3195686340332
185.44736552238464,0.0,404.602,0.0,-50.854095458984375
185.47448229789734,0.0,403.725,0.0,-52.78519058227539
185.51431441307068,0.0,401.35,0.0,-54.280372619628906
185.54014801979065,0.0,401.35,0.0,-55.4297981262207
185.5734784603119,0.0,399.868,0.0,-56.99430847167969
185.60440373420715,0.0,399.879,0.0,-57.551692962646484
185.63761949539185,0.0,399.874,0.0,-58.00161361694336
185.66948008537292,0.0,399.857,0.0,-58.364952087402344
185.70227575302124,0.0,399.866,0.0,-58.89652633666992
185.73457765579224,0.0,399.855,0.0,-59.089385986328125
185.76666712760925,0.0,399.852,0.0,-59.2455940246582
185.798757314682,0.0,399.804,0.0,-59.474117279052734
185.83029508590698,0.0,399.737,0.0,-59.55596923828125
185.86300587654114,0.0,399.695,0.0,-59.62147521972656
185.90406775474548,0.0,399.628,0.0,-59.714027404785156
185.93561816215515,0.0,399.528,0.0,-59.746185302734375
185.9678828716278,0.0,399.481,0.0,-59.77050018310547
185.99952697753906,0.0,399.431,0.0,-59.80324172973633
186.0313482284546,0.0,399.392,0.0,-59.813934326171875
186.06378817558289,0.0,399.299,0.0,-59.82210159301758
186.09631776809692,0.0,399.272,0.0,-59.8271369934082
186.12781190872192,0.0,399.23,0.0,-59.83318328857422
186.15982460975647,0.0,399.196,0.0,-59.83436965942383
186.19265794754028,0.0,399.149,0.0,-59.836124420166016
186.22655487060547,0.0,399.041,0.0,-59.83463668823242
186.257586479187,0.0,398.969,0.0,-59.83197021484375
186.29019904136658,0.0,398.916,0.0,-59.827510833740234
186.32388472557068,0.0,398.835,0.0,-59.815673828125
186.3542194366455,0.0,398.622,0.0,-59.806297302246094
186.38702869415283,0.0,398.539,0.0,-59.79534912109375
186.42612671852112,0.0,398.444,0.0,-59.771671295166016
186.4548625946045,0.0,398.288,0.0,-59.76017379760742
186.4881181716919,0.0,398.177,0.0,-59.74785232543945
186.52000284194946,0.0,398.001,0.0,-59.734230041503906
186.55709719657898,0.0,397.902,0.0,-59.69989013671875
186.5907654762268,0.0,397.626,0.0,-59.682498931884766
186.62231850624084,0.0,397.499,0.0,-59.643184661865234
186.65525484085083,0.0,397.389,0.0,-59.623958587646484
186.68734622001648,0.0,397.287,0.0,-59.60552215576172
186.72448134422302,0.0,397.099,0.0,-59.57133483886719
186.75345253944397,0.0,397.0,0.0,-59.55501937866211
186.7847912311554,0.0,396.918,0.0,-59.53972625732422
186.81678533554077,0.0,396.799,0.0,-59.523681640625
186.84865140914917,0.0,396.585,0.0,-59.50005340576172
186.88007044792175,0.0,396.436,0.0,-59.48633575439453
186.9123923778534,0.0,396.323,0.0,-59.47023010253906
186.94088459014893,0.0,396.133,0.0,-59.45378875732422
186.97375011444092,0.0,395.987,0.0,-59.43386459350586
187.00675225257874,0.0,395.68,0.0,-59.392242431640625
187.03728413581848,0.0,395.568,0.0,-59.369667053222656
187.069269657135,0.0,395.423,0.0,-59.348358154296875
187.10214757919312,0.0,395.262,0.0,-59.30401611328125
187.13344550132751,0.0,394.922,0.0,-59.28342819213867
187.1658308506012,0.0,394.799,0.0,-59.258148193359375
187.1985569000244,0.0,394.663,0.0,-59.2343864440918
187.22841715812683,0.0,394.462,0.0,-59.18595504760742
187.2682876586914,0.0,394.13,0.0,-59.160465240478516
187.30055475234985,0.0,393.96,0.0,-59.10884475708008
187.33204698562622,0.0,393.842,0.0,-59.08491897583008
187.36383938789368,0.0,393.72,0.0,-59.06239700317383
187.3950378894806,0.0,393.379,0.0,-59.039878845214844
187.42798852920532,0.0,393.177,0.0,-58.997737884521484
187.4578082561493,0.0,392.993,0.0,-58.97666549682617
187.48569798469543,0.0,392.839,0.0,-58.95376205444336
187.51857447624207,0.0,392.676,0.0,-58.93070983886719
187.55198884010315,0.0,392.538,0.0,-58.884315490722656
187.58261394500732,0.0,392.167,0.0,-58.86005401611328
187.61403155326843,0.0,392.018,0.0,-58.8345947265625
187.6515941619873,0.0,391.859,0.0,-58.78515625
187.6787645816803,0.0,391.712,0.0,-58.761104583740234
187.71041893959045,0.0,391.38,0.0,-58.73760986328125
187.74380779266357,0.0,391.157,0.0,-58.71279525756836
187.7774088382721,0.0,390.803,0.0,-58.65065383911133
187.80785512924194,0.0,390.616,0.0,-58.61714553833008
187.84065103530884,0.0,390.284,0.0,-58.58702087402344
187.87520337104797,0.0,390.064,0.0,-58.52519226074219
187.9035279750824,0.0,389.866,0.0,-58.49394989013672
187.93541550636292,0.0,389.693,0.0,-58.46390914916992
187.96705865859985,0.0,389.287,0.0,-58.43598937988281
188.00319814682007,0.0,389.153,0.0,-58.37657165527344
188.05439257621765,0.0,388.704,0.0,-58.324951171875
188.08677983283997,0.0,388.536,0.0,-58.30024719238281
188.11752820014954,0.0,388.361,0.0,-58.275508880615234
188.14910101890564,0.0,388.015,0.0,-58.25044631958008
188.18155980110168,0.0,387.833,0.0,-58.200191497802734
188.21345925331116,0.0,387.624,0.0,-58.17424392700195
188.24478197097778,0.0,387.414,0.0,-58.14679718017578
188.2767994403839,0.0,387.232,0.0,-58.08976745605469
188.3076593875885,0.0,386.825,0.0,-58.05973815917969
188.3398241996765,0.0,386.632,0.0,-58.03034210205078
188.37232637405396,0.0,386.409,0.0,-58.000938415527344
188.40778183937073,0.0,386.048,0.0,-57.94059753417969
188.43329691886902,0.0,385.859,0.0,-57.911380767822266
188.4646337032318,0.0,385.527,0.0,-57.88232421875
188.49708580970764,0.0,385.312,0.0,-57.847389221191406
188.52670979499817,0.0,385.115,0.0,-57.77937316894531
188.55684208869934,0.0,384.914,0.0,-57.7465934753418
188.5881118774414,0.0,384.504,0.0,-57.71364974975586
188.61958813667297,0.0,384.326,0.0,-57.68168258666992
188.64938139915466,0.0,384.119,0.0,-57.62029266357422
188.70758390426636,0.0,383.715,0.0,-57.558753967285156
188.73995637893677,0.0,383.475,0.0,-57.526649475097656
188.77139806747437,0.0,383.049,0.0,-57.49372482299805
188.80389714241028,0.0,382.8,0.0,-57.428077697753906
188.83612537384033,0.0,382.577,0.0,-57.403717041015625
188.8731608390808,0.0,382.17,0.0,-57.377140045166016
188.90531206130981,0.0,382.006,0.0,-57.32206726074219
188.93621373176575,0.0,381.816,0.0,-57.2947998046875
188.96804857254028,0.0,381.593,0.0,-57.267311096191406
189.00284910202026,0.0,381.398,0.0,-57.20916748046875
189.04012179374695,0.0,380.949,0.0,-57.17924499511719
189.07077407836914,0.0,380.715,0.0,-57.147796630859375
189.10315251350403,0.0,380.462,0.0,-57.08098220825195
189.13524317741394,0.0,380.06,0.0,-57.04707336425781
189.16734170913696,0.0,379.872,0.0,-57.01460647583008
189.19767332077026,0.0,379.682,0.0,-56.98322296142578
189.2294511795044,0.0,379.437,0.0,-56.920249938964844
189.26084637641907,0.0,378.963,0.0,-56.88717269897461
189.2925488948822,0.0,378.544,0.0,-56.85302734375
189.3248107433319,0.0,378.33,0.0,-56.810672760009766
189.35511755943298,0.0,378.161,0.0,-56.7342414855957
189.38703227043152,0.0,377.96,0.0,-56.69941711425781
189.42307472229004,0.0,377.595,0.0,-56.66722106933594
189.45661330223083,0.0,377.335,0.0,-56.60226058959961
189.49632501602173,0.0,376.853,0.0,-56.568992614746094
189.52789497375488,0.0,376.6,0.0,-56.49786376953125
189.5591742992401,0.0,376.352,0.0,-56.46135711669922
189.58274960517883,0.0,376.079,0.0,-56.42343521118164
189.6161618232727,0.0,375.886,0.0,-56.387794494628906
189.6529839038849,0.0,375.521,0.0,-56.32962417602539
189.68241143226624,0.0,375.356,0.0,-56.305320739746094
189.70931816101074,0.0,375.141,0.0,-56.281349182128906
189.7395942211151,0.0,374.941,0.0,-56.25550079345703
189.77094626426697,0.0,374.72,0.0,-56.22880554199219
189.80209112167358,0.0,374.202,0.0,-56.169734954833984
189.8335964679718,0.0,373.945,0.0,-56.13642120361328
189.86775588989258,0.0,373.739,0.0,-56.101524353027344
189.90285778045654,0.0,373.569,0.0,-56.035823822021484
189.93180990219116,0.0,373.396,0.0,-56.00570297241211
189.96174836158752,0.0,372.967,0.0,-55.975650787353516
189.99489998817444,0.0,372.705,0.0,-55.94451141357422
190.02579140663147,0.0,372.462,0.0,-55.87672805786133
190.05866408348083,0.0,371.969,0.0,-55.83112716674805
190.08959865570068,0.0,371.514,0.0,-55.7879638671875
190.12343883514404,0.0,371.286,0.0,-55.746856689453125
190.1539330482483,0.0,371.088,0.0,-55.670204162597656
190.2071487903595,0.0,370.684,0.0,-55.60176467895508
190.24722957611084,0.0,370.241,0.0,-55.5688362121582
190.27942752838135,0.0,369.962,0.0,-55.49881362915039
190.31163096427917,0.0,369.744,0.0,-55.463584899902344
190.34282398223877,0.0,369.507,0.0,-55.43817901611328
190.37562322616577,0.0,369.105,0.0,-55.410404205322266
190.4075095653534,0.0,368.876,0.0,-55.353145599365234
190.43958711624146,0.0,368.678,0.0,-55.3234748840332
190.4726278781891,0.0,368.464,0.0,-55.2939567565918
190.50475335121155,0.0,368.231,0.0,-55.2325325012207
190.53688192367554,0.0,367.74,0.0,-55.199729919433594
190.56776571273804,0.0,367.497,0.0,-55.16574478149414
190.60334610939026,0.0,367.257,0.0,-55.09572982788086
190.6319785118103,0.0,367.067,0.0,-55.062232971191406
190.67011332511902,0.0,366.585,0.0,-55.02803421020508
190.70312809944153,0.0,366.335,0.0,-54.957393646240234
190.73459839820862,0.0,365.842,0.0,-54.910823822021484
190.7662262916565,0.0,365.415,0.0,-54.86744689941406
190.80449795722961,0.0,365.206,0.0,-54.78874206542969
190.83063530921936,0.0,365.025,0.0,-54.75346755981445
190.871999502182,0.0,364.577,0.0,-54.71917724609375
190.89784598350525,0.0,364.329,0.0,-54.68463134765625
190.94703435897827,0.0,363.833,0.0,-54.61308670043945
190.98081922531128,0.0,363.631,0.0,-54.5424690246582
191.01137447357178,0.0,363.388,0.0,-54.517662048339844
191.0442545413971,0.0,363.209,0.0,-54.490135192871094
191.07445621490479,0.0,363.03,0.0,-54.463157653808594
191.10778307914734,0.0,362.589,0.0,-54.40751647949219
191.1400818824768,0.0,362.333,0.0,-54.378562927246094
191.16710710525513,0.0,362.082,0.0,-54.34716033935547
191.19090175628662,0.0,361.858,0.0,-54.31407165527344
191.23189902305603,0.0,361.423,0.0,-54.248252868652344
191.2634208202362,0.0,361.2,0.0,-54.21510314941406
191.29563117027283,0.0,360.991,0.0,-54.18183898925781
191.32731366157532,0.0,360.724,0.0,-54.14907455444336
191.35893750190735,0.0,360.509,0.0,-54.08005905151367
191.39146971702576,0.0,359.859,0.0,-54.04549026489258
191.42409682273865,0.0,359.617,0.0,-54.003082275390625
191.4567334651947,0.0,359.403,0.0,-53.922882080078125
191.48756408691406,0.0,359.18,0.0,-53.88517379760742
191.51989126205444,0.0,358.746,0.0,-53.84824752807617
191.5520248413086,0.0,358.506,0.0,-53.81293869018555
191.58412337303162,0.0,358.264,0.0,-53.74164581298828
191.6247832775116,0.0,357.77,0.0,-53.70497512817383
191.66468620300293,0.0,357.573,0.0,-53.634124755859375
191.69058895111084,0.0,357.352,0.0,-53.60932159423828
191.73152875900269,0.0,356.921,0.0,-53.555442810058594
191.76389694213867,0.0,356.708,0.0,-53.52656936645508
191.79613065719604,0.0,356.514,0.0,-53.49706268310547
191.82818245887756,0.0,356.288,0.0,-53.437522888183594
191.8596818447113,0.0,355.801,0.0,-53.40668487548828
191.89169430732727,0.0,355.593,0.0,-53.37322235107422
191.90812826156616,0.0,355.593,0.0,-53.340335845947266
191.93990206718445,0.0,354.877,0.0,-53.30617141723633
191.9722194671631,0.0,354.637,0.0,-53.261871337890625
192.0047013759613,0.0,354.468,0.0,-53.181060791015625
192.03704953193665,0.0,354.256,0.0,-53.14441680908203
192.06780290603638,0.0,353.832,0.0,-53.10984802246094
192.09984135627747,0.0,353.594,0.0,-53.07521438598633
192.13171577453613,0.0,353.382,0.0,-53.006187438964844
192.1642153263092,0.0,353.122,0.0,-52.97075271606445
192.19618940353394,0.0,352.884,0.0,-52.93519592285156
192.2243037223816,0.0,352.431,0.0,-52.899169921875
192.25425219535828,0.0,352.239,0.0,-52.83955383300781
192.2872416973114,0.0,352.023,0.0,-52.814029693603516
192.32374453544617,0.0,351.812,0.0,-52.787017822265625
192.35041284561157,0.0,351.546,0.0,-52.759037017822266
192.3888659477234,0.0,351.081,0.0,-52.69599151611328
192.42173194885254,0.0,350.841,0.0,-52.66316604614258
192.45383167266846,0.0,350.604,0.0,-52.629432678222656
192.48629522323608,0.0,350.134,0.0,-52.5601692199707
192.51882529258728,0.0,349.897,0.0,-52.52531433105469
192.55130815505981,0.0,349.689,0.0,-52.49016189575195
192.58352375030518,0.0,349.427,0.0,-52.42036056518555
192.61506152153015,0.0,348.767,0.0,-52.376808166503906
192.64731335639954,0.0,348.585,0.0,-52.33497619628906
192.68008184432983,0.0,348.351,0.0,-52.25933074951172
192.71161103248596,0.0,348.131,0.0,-52.22296905517578
192.74496960639954,0.0,347.688,0.0,-52.18740463256836
192.7717661857605,0.0,347.484,0.0,-52.152496337890625
192.80675530433655,0.0,347.261,0.0,-52.085262298583984
192.83608388900757,0.0,347.071,0.0,-52.0532112121582
192.86836099624634,0.0,346.862,0.0,-52.0302848815918
192.90120673179626,0.0,346.633,0.0,-52.00560760498047
192.93311262130737,0.0,346.177,0.0,-51.94965362548828
192.9650058746338,0.0,345.96,0.0,-51.91978073120117
193.00835752487183,0.0,345.749,0.0,-51.858585357666016
193.0487539768219,0.0,345.257,0.0,-51.82621765136719
193.081524848938,0.0,345.003,0.0,-51.75759506225586
193.11030268669128,0.0,344.586,0.0,-51.722869873046875
193.14248514175415,0.0,344.384,0.0,-51.68963623046875
193.17367506027222,0.0,344.176,0.0,-51.657196044921875
193.20903420448303,0.0,343.958,0.0,-51.59288024902344
193.239337682724,0.0,343.75,0.0,-51.56095886230469
193.27023363113403,0.0,343.099,0.0,-51.52817916870117
193.30020570755005,0.0,342.865,0.0,-51.487056732177734
193.3405725955963,0.0,342.64,0.0,-51.40866470336914
193.3718557357788,0.0,342.171,0.0,-51.37232971191406
193.40423440933228,0.0,341.958,0.0,-51.3347053527832
193.43676948547363,0.0,341.729,0.0,-51.26270294189453
193.46855425834656,0.0,341.446,0.0,-51.2249870300293
193.50044226646423,0.0,341.002,0.0,-51.188140869140625
193.5325996875763,0.0,340.74,0.0,-51.126609802246094
193.58002471923828,0.0,340.334,0.0,-51.09751510620117
193.61317467689514,0.0,340.081,0.0,-51.038753509521484
193.64468932151794,0.0,339.818,0.0,-51.0073127746582
193.67683696746826,0.0,339.616,0.0,-50.97372817993164
193.70829725265503,0.0,339.418,0.0,-50.90922164916992
193.74260354042053,0.0,339.103,0.0,-50.87861251831055
193.77548170089722,0.0,338.852,0.0,-50.85124206542969
193.81407260894775,0.0,338.489,0.0,-50.79059600830078
193.85664129257202,0.0,338.209,0.0,-50.73087692260742
193.88998341560364,0.0,337.95,0.0,-50.697181701660156
193.9207890033722,0.0,337.33,0.0,-50.66333770751953
193.95300841331482,0.0,337.146,0.0,-50.62232971191406
193.9847056865692,0.0,336.874,0.0,-50.54579544067383
194.01639914512634,0.0,336.644,0.0,-50.50789260864258
194.04822444915771,0.0,336.195,0.0,-50.47050857543945
194.0654411315918,0.0,336.195,0.0,-50.43442153930664
194.09696292877197,0.0,335.986,0.0,-50.399559020996094
194.12795066833496,0.0,335.577,0.0,-50.36531066894531
194.1596610546112,0.0,335.353,0.0,-50.29970932006836
194.19048762321472,0.0,335.188,0.0,-50.27610397338867
194.22148895263672,0.0,334.989,0.0,-50.25271224975586
194.25369453430176,0.0,334.767,0.0,-50.228023529052734
194.2858817577362,0.0,334.4,0.0,-50.1756706237793
194.31888151168823,0.0,334.189,0.0,-50.148807525634766
194.34993696212769,0.0,333.979,0.0,-50.120826721191406
194.38966417312622,0.0,333.502,0.0,-50.061458587646484
194.42188906669617,0.0,333.291,0.0,-50.029335021972656
194.45951652526855,0.0,333.092,0.0,-49.96574783325195
194.49172735214233,0.0,332.517,0.0,-49.935455322265625
194.5272057056427,0.0,332.226,0.0,-49.8970832824707
194.56039953231812,0.0,332.043,0.0,-49.819732666015625
194.59134244918823,0.0,331.847,0.0,-49.78451156616211
194.62246584892273,0.0,331.45,0.0,-49.74993133544922
194.658385515213,0.0,331.189,0.0,-49.682899475097656
194.6899778842926,0.0,331.001,0.0,-49.65802001953125
194.71833872795105,0.0,330.729,0.0,-49.63262176513672
194.75128173828125,0.0,330.487,0.0,-49.6032600402832
194.78226017951965,0.0,330.277,0.0,-49.54083251953125
194.81507444381714,0.0,330.059,0.0,-49.509193420410156
194.84710717201233,0.0,329.479,0.0,-49.46826934814453
194.90021109580994,0.0,329.003,0.0,-49.39531707763672
194.93248629570007,0.0,328.804,0.0,-49.32460403442383
194.96482920646667,0.0,328.613,0.0,-49.29161834716797
194.9960322380066,0.0,328.401,0.0,-49.25897216796875
195.02863717079163,0.0,328.054,0.0,-49.228309631347656
195.0606653690338,0.0,327.854,0.0,-49.16962432861328
195.0941219329834,0.0,327.645,0.0,-49.139892578125
195.12555718421936,0.0,327.385,0.0,-49.11862564086914
195.15734243392944,0.0,326.922,0.0,-49.09295654296875
195.18240308761597,0.0,326.717,0.0,-49.03553771972656
195.2076120376587,0.0,326.717,0.0,-49.00559997558594
195.2501413822174,0.0,326.426,0.0,-48.9799690246582
195.28937649726868,0.0,325.972,0.0,-48.92523193359375
195.32149815559387,0.0,325.721,0.0,-48.895477294921875
195.35495042800903,0.0,325.316,0.0,-48.86351776123047
195.3867301940918,0.0,325.132,0.0,-48.7862548828125
195.41706943511963,0.0,324.927,0.0,-48.75057601928711
195.44204378128052,0.0,324.687,0.0,-48.71458053588867
195.4714057445526,0.0,324.548,0.0,-48.68259811401367
195.50395035743713,0.0,324.149,0.0,-48.65028381347656
195.53643321990967,0.0,323.98,0.0,-48.59033203125
195.56907105445862,0.0,323.733,0.0,-48.56945037841797
195.60006403923035,0.0,323.52,0.0,-48.544593811035156
195.63212060928345,0.0,323.308,0.0,-48.51805877685547
195.66475796699524,0.0,322.891,0.0,-48.46157455444336
195.69666051864624,0.0,322.68,0.0,-48.43225860595703
195.72934675216675,0.0,322.471,0.0,-48.402320861816406
195.76108312606812,0.0,322.302,0.0,-48.343013763427734
195.79272317886353,0.0,321.951,0.0,-48.31267166137695
195.82453441619873,0.0,321.666,0.0,-48.28559112548828
195.85683679580688,0.0,321.472,0.0,-48.254268646240234
195.8815450668335,0.0,321.336,0.0,-48.223480224609375
195.91812252998352,0.0,320.633,0.0,-48.1643180847168
195.94977164268494,0.0,320.41,0.0,-48.12344741821289
195.9861297607422,0.0,320.235,0.0,-48.047950744628906
196.01446199417114,0.0,320.044,0.0,-48.01365661621094
196.04669165611267,0.0,319.869,0.0,-47.981475830078125
196.07951140403748,0.0,319.429,0.0,-47.94992446899414
196.1124768257141,0.0,319.213,0.0,-47.88433074951172
196.14360642433167,0.0,319.036,0.0,-47.85326385498047
196.17612600326538,0.0,318.835,0.0,-47.83094024658203
196.2118730545044,0.0,318.45,0.0,-47.781829833984375
196.23998546600342,0.0,318.268,0.0,-47.756038665771484
196.27197122573853,0.0,318.061,0.0,-47.73005294799805
196.303875207901,0.0,317.816,0.0,-47.702857971191406
196.33490538597107,0.0,317.619,0.0,-47.64341735839844
196.36751890182495,0.0,317.231,0.0,-47.6153450012207
196.3997004032135,0.0,317.029,0.0,-47.58558654785156
196.43100023269653,0.0,316.825,0.0,-47.555660247802734
196.46219968795776,0.0,316.825,0.0,-47.5037841796875
196.4883849620819,0.0,316.825,0.0,-47.48853302001953
196.51851344108582,0.0,316.825,0.0,-47.47825622558594
196.55110454559326,0.0,315.627,0.0,-47.4375
196.59138321876526,0.0,315.445,0.0,-47.349609375
196.62492895126343,0.0,315.06,0.0,-47.310638427734375
196.6516990661621,0.0,314.861,0.0,-47.27417755126953
196.6744740009308,0.0,314.861,0.0,-47.23926544189453
196.70491313934326,0.0,314.472,0.0,-47.205570220947266
196.7384786605835,0.0,314.259,0.0,-47.14985656738281
196.77115321159363,0.0,314.061,0.0,-47.12451934814453
196.80216312408447,0.0,313.865,0.0,-47.09824752807617
196.83814764022827,0.0,313.523,0.0,-47.044158935546875
196.86614990234375,0.0,313.326,0.0,-47.01832580566406
196.89943552017212,0.0,313.137,0.0,-46.99165725708008
196.93654227256775,0.0,312.927,0.0,-46.9365234375
196.96187663078308,0.0,312.694,0.0,-46.906532287597656
196.99370908737183,0.0,312.322,0.0,-46.877708435058594
197.03304862976074,0.0,312.154,0.0,-46.84852981567383
197.0665500164032,0.0,311.923,0.0,-46.79060745239258
197.0971224308014,0.0,311.325,0.0,-46.75235366821289
197.12943267822266,0.0,311.173,0.0,-46.715938568115234
197.16131901741028,0.0,311.173,0.0,-46.659141540527344
197.19112515449524,0.0,311.173,0.0,-46.642295837402344
197.22301983833313,0.0,311.173,0.0,-46.63084411621094
197.25486373901367,0.0,310.617,0.0,-46.62350082397461
197.29535007476807,0.0,310.048,0.0,-46.56011199951172
197.32504844665527,0.0,309.823,0.0,-46.52582550048828
197.34965825080872,0.0,309.587,0.0,-46.4913215637207
197.38860726356506,0.0,309.442,0.0,-46.424476623535156
197.42145371437073,0.0,309.076,0.0,-46.39479064941406
197.4536576271057,0.0,308.907,0.0,-46.36467742919922
197.48714590072632,0.0,308.686,0.0,-46.3057861328125
197.51722693443298,0.0,308.311,0.0,-46.268348693847656
197.55694699287415,0.0,307.943,0.0,-46.23373794555664
197.58846426010132,0.0,307.849,0.0,-46.17215347290039
197.6199553012848,0.0,307.609,0.0,-46.14189147949219
197.65258169174194,0.0,307.173,0.0,-46.10803985595703
197.68443036079407,0.0,307.001,0.0,-46.077213287353516
197.71737933158875,0.0,306.857,0.0,-46.02057647705078
197.74951314926147,0.0,306.64,0.0,-46.001155853271484
197.7883026599884,0.0,306.177,0.0,-45.95436096191406
197.8130440711975,0.0,305.936,0.0,-45.92605209350586
197.84553408622742,0.0,305.749,0.0,-45.89556121826172
197.87821412086487,0.0,305.564,0.0,-45.86565399169922
197.90847992897034,0.0,305.346,0.0,-45.83628463745117
197.94059109687805,0.0,305.053,0.0,-45.77739715576172
197.9728810787201,0.0,304.883,0.0,-45.751182556152344
198.0074725151062,0.0,304.723,0.0,-45.725311279296875
198.03746008872986,0.0,304.502,0.0,-45.67284393310547
198.07120728492737,0.0,303.97,0.0,-45.64532470703125
198.10676527023315,0.0,303.771,0.0,-45.611141204833984
198.13683128356934,0.0,303.602,0.0,-45.54655838012695
198.19111394882202,0.0,303.155,0.0,-45.483848571777344
198.22387027740479,0.0,303.012,0.0,-45.453731536865234
198.2545943260193,0.0,302.596,0.0,-45.421512603759766
198.28698682785034,0.0,302.486,0.0,-45.36471939086914
198.31939315795898,0.0,302.301,0.0,-45.338043212890625
198.35064029693604,0.0,302.132,0.0,-45.311885833740234
198.39012813568115,0.0,301.763,0.0,-45.27378845214844
198.42175602912903,0.0,301.534,0.0,-45.25127410888672
198.4449577331543,0.0,301.332,0.0,-45.225711822509766
198.488276720047,0.0,301.151,0.0,-45.172035217285156
198.51661205291748,0.0,300.81,0.0,-45.14455032348633
198.54183053970337,0.0,300.665,0.0,-45.118568420410156
198.5754144191742,0.0,300.378,0.0,-45.093833923339844
198.60510182380676,0.0,300.219,0.0,-45.0640869140625
198.6367847919464,0.0,300.069,0.0,-45.009151458740234
198.68914699554443,0.0,299.783,0.0,-44.95795440673828
198.72119402885437,0.0,299.254,0.0,-44.93498611450195
198.75998520851135,0.0,298.991,0.0,-44.90269470214844
198.79097604751587,0.0,298.858,0.0,-44.83723449707031
198.82172060012817,0.0,298.648,0.0,-44.8060188293457
198.8582248687744,0.0,298.312,0.0,-44.77773666381836
198.89059829711914,0.0,298.144,0.0,-44.721004486083984
198.94412875175476,0.0,297.71,0.0,-44.660953521728516
198.97583603858948,0.0,297.576,0.0,-44.633670806884766
199.003901720047,0.0,297.271,0.0,-44.60832595825195
199.04020500183105,0.0,297.097,0.0,-44.55790710449219
199.07116079330444,0.0,296.88,0.0,-44.530738830566406
199.09565663337708,0.0,296.661,0.0,-44.50200653076172
199.13155508041382,0.0,296.315,0.0,-44.474037170410156
199.16774940490723,0.0,296.142,0.0,-44.426822662353516
199.20022702217102,0.0,295.97,0.0,-44.40574264526367
199.23235368728638,0.0,295.788,0.0,-44.38365173339844
199.25797533988953,0.0,295.665,0.0,-44.36034393310547
199.29033946990967,0.0,295.295,0.0,-44.313385009765625
199.32177782058716,0.0,295.134,0.0,-44.28946304321289
199.35139203071594,0.0,294.956,0.0,-44.26557540893555
199.38950943946838,0.0,294.802,0.0,-44.21686935424805
199.42517590522766,0.0,294.363,0.0,-44.18987274169922
199.4577329158783,0.0,294.194,0.0,-44.16161346435547
199.49009656906128,0.0,294.007,0.0,-44.1062126159668
199.5237021446228,0.0,293.542,0.0,-44.074954986572266
199.54865074157715,0.0,293.36,0.0,-44.04377746582031
199.58197045326233,0.0,293.179,0.0,-44.01343536376953
199.6221799850464,0.0,293.005,0.0,-43.955020904541016
199.65433168411255,0.0,292.765,0.0,-43.9290885925293
199.68493676185608,0.0,292.563,0.0,-43.90553283691406
199.72413444519043,0.0,292.348,0.0,-43.8531379699707
199.7556562423706,0.0,291.949,0.0,-43.82472229003906
199.79105043411255,0.0,291.778,0.0,-43.7685546875
199.82134294509888,0.0,291.636,0.0,-43.742584228515625
199.85286164283752,0.0,291.458,0.0,-43.72394561767578
199.89271092414856,0.0,291.086,0.0,-43.68056106567383
199.92398953437805,0.0,290.903,0.0,-43.657081604003906
199.95622777938843,0.0,290.748,0.0,-43.632606506347656
199.98811721801758,0.0,290.5,0.0,-43.58728790283203
200.02014183998108,0.0,290.331,0.0,-43.565773010253906
200.05068397521973,0.0,290.121,0.0,-43.543373107910156
200.09256839752197,0.0,289.767,0.0,-43.493404388427734
200.12172770500183,0.0,289.602,0.0,-43.467674255371094
200.15382647514343,0.0,289.426,0.0,-43.442169189453125
200.19180274009705,0.0,289.238,0.0,-43.389862060546875
200.22157311439514,0.0,288.893,0.0,-43.36304473876953
200.25804376602173,0.0,288.588,0.0,-43.33679962158203
200.28992772102356,0.0,288.471,0.0,-43.276920318603516
200.3226616382599,0.0,288.278,0.0,-43.248443603515625
200.35489797592163,0.0,287.9,0.0,-43.2214241027832
200.38702654838562,0.0,287.713,0.0,-43.19242858886719
200.41919779777527,0.0,287.54,0.0,-43.1353645324707
200.44981956481934,0.0,287.39,0.0,-43.108680725097656
200.4817214012146,0.0,287.035,0.0,-43.08073043823242
200.5162742137909,0.0,286.825,0.0,-43.02658462524414
200.54500150680542,0.0,286.668,0.0,-43.00652313232422
200.57897758483887,0.0,286.573,0.0,-42.98583221435547
200.60750341415405,0.0,286.333,0.0,-42.96723175048828
200.63987135887146,0.0,286.005,0.0,-42.92241668701172
200.66950035095215,0.0,285.833,0.0,-42.89838790893555
200.70801424980164,0.0,285.703,0.0,-42.8739128112793
200.7407066822052,0.0,285.517,0.0,-42.82653045654297
200.77456974983215,0.0,285.228,0.0,-42.803749084472656
200.80489420890808,0.0,285.055,0.0,-42.780601501464844
200.83677768707275,0.0,284.876,0.0,-42.756744384765625
200.87424874305725,0.0,284.375,0.0,-42.70683288574219
200.9070131778717,0.0,284.234,0.0,-42.675045013427734
200.94119596481323,0.0,284.115,0.0,-42.61963653564453
200.9904544353485,0.0,283.783,0.0,-42.568443298339844
201.04059028625488,0.0,283.349,0.0,-42.510223388671875
201.0713541507721,0.0,283.193,0.0,-42.482818603515625
201.10247826576233,0.0,283.02,0.0,-42.455745697021484
201.14121079444885,0.0,282.741,0.0,-42.40675735473633
201.17291474342346,0.0,282.6,0.0,-42.38936996459961
201.19057631492615,0.0,282.478,0.0,-42.37136459350586
201.2221896648407,0.0,282.322,0.0,-42.3536491394043
201.25225377082825,0.0,282.158,0.0,-42.3347053527832
201.29798579216003,0.0,281.766,0.0,-42.29206848144531
201.32327461242676,0.0,281.585,0.0,-42.267539978027344
201.3555314540863,0.0,281.418,0.0,-42.242225646972656
201.39304494857788,0.0,281.251,0.0,-42.191566467285156
201.4163041114807,0.0,281.116,0.0,-42.167579650878906
201.4472677707672,0.0,280.809,0.0,-42.14341735839844
201.47952246665955,0.0,280.646,0.0,-42.12000274658203
201.5069272518158,0.0,280.491,0.0,-42.09632873535156
201.54103302955627,0.0,280.323,0.0,-42.048797607421875
201.56673407554626,0.0,279.999,0.0,-42.017913818359375
201.60150742530823,0.0,279.644,0.0,-41.989646911621094
201.63318467140198,0.0,279.503,0.0,-41.95985794067383
201.66699624061584,0.0,279.346,0.0,-41.905601501464844
201.69515800476074,0.0,279.166,0.0,-41.87879943847656
201.72425174713135,0.0,278.997,0.0,-41.852325439453125
201.75294947624207,0.0,278.844,0.0,-41.8267822265625
201.79238557815552,0.0,278.633,0.0,-41.78276062011719
201.81804728507996,0.0,278.483,0.0,-41.76818084716797
201.85843014717102,0.0,278.339,0.0,-41.751922607421875
201.88217639923096,0.0,278.168,0.0,-41.734580993652344
201.91669702529907,0.0,277.84,0.0,-41.69588088989258
201.9409704208374,0.0,277.657,0.0,-41.67398452758789
201.97424817085266,0.0,277.535,0.0,-41.65057373046875
202.00753450393677,0.0,277.271,0.0,-41.62855911254883
202.04127311706543,0.0,277.134,0.0,-41.57630920410156
202.0696518421173,0.0,276.934,0.0,-41.549537658691406
202.10047364234924,0.0,276.653,0.0,-41.52377700805664
202.1336464881897,0.0,276.571,0.0,-41.499603271484375
202.17129468917847,0.0,276.408,0.0,-41.45698165893555
202.2002396583557,0.0,275.843,0.0,-41.435028076171875
202.22482681274414,0.0,275.843,0.0,-41.40194320678711
202.25710797309875,0.0,275.55,0.0,-41.37135696411133
202.29959154129028,0.0,275.42,0.0,-41.31681823730469
202.3345057964325,0.0,275.115,0.0,-41.29255676269531
202.3662166595459,0.0,274.934,0.0,-41.242156982421875
202.39925456047058,0.0,274.782,0.0,-41.21735382080078
202.4379370212555,0.0,274.557,0.0,-41.193702697753906
202.45559549331665,0.0,274.557,0.0,-41.17308044433594
202.5075557231903,0.0,274.238,0.0,-41.129886627197266
202.53314328193665,0.0,274.053,0.0,-41.11422348022461
202.57450151443481,0.0,273.74,0.0,-41.075439453125
202.6082420349121,0.0,273.535,0.0,-41.054935455322266
202.63403391838074,0.0,273.383,0.0,-41.03168487548828
202.65793371200562,0.0,273.271,0.0,-41.00852966308594
202.6910126209259,0.0,273.092,0.0,-40.96428680419922
202.7232849597931,0.0,272.791,0.0,-40.94013977050781
202.75856685638428,0.0,272.568,0.0,-40.917724609375
202.78319311141968,0.0,272.409,0.0,-40.89223861694336
202.81763553619385,0.0,272.299,0.0,-40.84422302246094
202.84946155548096,0.0,272.015,0.0,-40.82223892211914
202.88151168823242,0.0,271.688,0.0,-40.800079345703125
202.90898776054382,0.0,271.528,0.0,-40.77043914794922
202.94083833694458,0.0,271.381,0.0,-40.71515655517578
202.98690915107727,0.0,271.096,0.0,-40.68900680541992
203.02466940879822,0.0,270.961,0.0,-40.64158248901367
203.0498242378235,0.0,270.789,0.0,-40.61774444580078
203.0912139415741,0.0,270.503,0.0,-40.5732536315918
203.11605501174927,0.0,270.355,0.0,-40.55051040649414
203.15686583518982,0.0,270.19,0.0,-40.52726745605469
203.18671870231628,0.0,269.9,0.0,-40.504756927490234
203.22392392158508,0.0,269.767,0.0,-40.470985412597656
203.26897740364075,0.0,269.446,0.0,-40.434814453125
203.3077974319458,0.0,269.307,0.0,-40.41392517089844
203.33717799186707,0.0,269.153,0.0,-40.39310836791992
203.36935257911682,0.0,268.894,0.0,-40.350032806396484
203.40208983421326,0.0,268.733,0.0,-40.32985305786133
203.44517540931702,0.0,268.589,0.0,-40.28736114501953
203.4812605381012,0.0,268.232,0.0,-40.26436996459961
203.5079367160797,0.0,268.072,0.0,-40.24044418334961
203.5330846309662,0.0,267.93,0.0,-40.21638488769531
203.57480716705322,0.0,267.685,0.0,-40.16577911376953
203.60689330101013,0.0,267.386,0.0,-40.14076614379883
203.63254523277283,0.0,267.219,0.0,-40.115234375
203.65831017494202,0.0,267.107,0.0,-40.08969497680664
203.7064347267151,0.0,266.781,0.0,-40.042423248291016
203.74880576133728,0.0,266.637,0.0,-39.99551010131836
203.78808546066284,0.0,266.365,0.0,-39.972652435302734
203.823477268219,0.0,266.161,0.0,-39.926856994628906
203.8460569381714,0.0,266.013,0.0,-39.90323257446289
203.87682509422302,0.0,265.844,0.0,-39.87910079956055
203.91882038116455,0.0,265.613,0.0,-39.84392547607422
203.94343781471252,0.0,265.474,0.0,-39.82720947265625
203.9729232788086,0.0,265.344,0.0,-39.80963134765625
204.0015950202942,0.0,265.212,0.0,-39.791744232177734
204.04029202461243,0.0,265.08,0.0,-39.773521423339844
204.066810131073,0.0,264.905,0.0,-39.734493255615234
204.10552287101746,0.0,264.591,0.0,-39.713314056396484
204.1338028907776,0.0,264.447,0.0,-39.69129180908203
204.16840291023254,0.0,264.278,0.0,-39.64638900756836
204.1979420185089,0.0,264.149,0.0,-39.62435531616211
204.2397427558899,0.0,263.863,0.0,-39.60307312011719
204.27666759490967,0.0,263.76,0.0,-39.560951232910156
204.3005175590515,0.0,263.487,0.0,-39.535030364990234
204.333247423172,0.0,263.225,0.0,-39.51234817504883
204.36897110939026,0.0,263.096,0.0,-39.466224670410156
204.40804767608643,0.0,262.825,0.0,-39.44258499145508
204.43333673477173,0.0,262.621,0.0,-39.421485900878906
204.45871591567993,0.0,262.621,0.0,-39.397769927978516
204.4940962791443,0.0,262.394,0.0,-39.35423278808594
204.52438759803772,0.0,262.25,0.0,-39.333709716796875
204.5500967502594,0.0,262.121,0.0,-39.319007873535156
204.5812430381775,0.0,261.963,0.0,-39.303375244140625
204.61976194381714,0.0,261.837,0.0,-39.26799774169922
204.65578174591064,0.0,261.466,0.0,-39.246063232421875
204.69048929214478,0.0,261.32,0.0,-39.223899841308594
204.72354578971863,0.0,261.049,0.0,-39.17914581298828
204.77426171302795,0.0,260.788,0.0,-39.13850021362305
204.8071744441986,0.0,260.68,0.0,-39.117801666259766
204.84480714797974,0.0,260.508,0.0,-39.077232360839844
204.86980509757996,0.0,260.37,0.0,-39.05619430541992
204.89690279960632,0.0,260.121,0.0,-39.03057861328125
204.92472958564758,0.0,259.983,0.0,-39.0060920715332
204.9609296321869,0.0,259.677,0.0,-38.982452392578125
204.99144220352173,0.0,259.488,0.0,-38.95830154418945
205.0337631702423,0.0,259.208,0.0,-38.90764236450195
205.07040143013,0.0,259.059,0.0,-38.861083984375
205.09805488586426,0.0,258.972,0.0,-38.8407096862793
205.13122296333313,0.0,258.807,0.0,-38.8192138671875
205.16218781471252,0.0,258.554,0.0,-38.798316955566406
205.19402241706848,0.0,258.422,0.0,-38.75822830200195
205.23215889930725,0.0,258.261,0.0,-38.74396896362305
205.25906229019165,0.0,258.129,0.0,-38.727333068847656
205.28711128234863,0.0,258.004,0.0,-38.71004867553711
205.32456970214844,0.0,257.775,0.0,-38.674129486083984
205.35071301460266,0.0,257.585,0.0,-38.657325744628906
205.38444638252258,0.0,257.409,0.0,-38.63742446899414
205.42348289489746,0.0,257.152,0.0,-38.59415817260742
205.455824136734,0.0,256.988,0.0,-38.5736083984375
205.50618648529053,0.0,256.742,0.0,-38.53146743774414
205.53857684135437,0.0,256.652,0.0,-38.51116180419922
205.57282614707947,0.0,256.488,0.0,-38.47272872924805
205.60359525680542,0.0,255.987,0.0,-38.44395065307617
205.6266040802002,0.0,255.987,0.0,-38.416114807128906
205.66538524627686,0.0,255.781,0.0,-38.391597747802734
205.69761061668396,0.0,255.694,0.0,-38.34945297241211
205.72484064102173,0.0,255.615,0.0,-38.33197784423828
205.7705955505371,0.0,255.309,0.0,-38.293373107910156
205.7988908290863,0.0,255.17,0.0,-38.2733039855957
205.8323986530304,0.0,254.993,0.0,-38.25146484375
205.86470770835876,0.0,254.775,0.0,-38.2309455871582
205.90786910057068,0.0,254.62,0.0,-38.201480865478516
205.93270635604858,0.0,254.523,0.0,-38.18467330932617
205.97046446800232,0.0,254.399,0.0,-38.15212631225586
205.99511098861694,0.0,254.259,0.0,-38.13449478149414
206.02523159980774,0.0,254.035,0.0,-38.11814880371094
206.0575315952301,0.0,253.859,0.0,-38.100860595703125
206.09034156799316,0.0,253.726,0.0,-38.08110809326172
206.11592650413513,0.0,253.569,0.0,-38.061256408691406
206.14843440055847,0.0,253.472,0.0,-38.021080017089844
206.18572306632996,0.0,253.166,0.0,-38.00129699707031
206.20751404762268,0.0,252.885,0.0,-37.9800910949707
206.2465410232544,0.0,252.733,0.0,-37.92656707763672
206.3026168346405,0.0,252.522,0.0,-37.88102722167969
206.33292841911316,0.0,252.255,0.0,-37.85954284667969
206.36901664733887,0.0,252.171,0.0,-37.8200798034668
206.40266704559326,0.0,251.989,0.0,-37.79917526245117
206.4366579055786,0.0,251.738,0.0,-37.77877426147461
206.4644260406494,0.0,251.58,0.0,-37.758888244628906
206.48872184753418,0.0,251.58,0.0,-37.737972259521484
206.52048087120056,0.0,251.332,0.0,-37.707279205322266
206.55715036392212,0.0,251.182,0.0,-37.690895080566406
206.59086632728577,0.0,251.1,0.0,-37.672977447509766
206.62172555923462,0.0,250.862,0.0,-37.64161682128906
206.65725469589233,0.0,250.706,0.0,-37.62452697753906
206.69098567962646,0.0,250.539,0.0,-37.60576629638672
206.72227382659912,0.0,250.387,0.0,-37.564002990722656
206.76026487350464,0.0,250.05,0.0,-37.54279327392578
206.79018425941467,0.0,249.929,0.0,-37.51905822753906
206.81459522247314,0.0,249.851,0.0,-37.49665832519531
206.84858298301697,0.0,249.68,0.0,-37.45586013793945
206.89039373397827,0.0,249.418,0.0,-37.43494415283203
206.91465187072754,0.0,249.273,0.0,-37.41436767578125
206.94587445259094,0.0,249.182,0.0,-37.374488830566406
206.97170400619507,0.0,249.045,0.0,-37.35515213012695
207.00832080841064,0.0,248.9,0.0,-37.335174560546875
207.03379249572754,0.0,248.802,0.0,-37.31666564941406
207.07513213157654,0.0,248.514,0.0,-37.28260803222656
207.10894298553467,0.0,248.386,0.0,-37.267086029052734
207.13803243637085,0.0,248.241,0.0,-37.250736236572266
207.164142370224,0.0,248.139,0.0,-37.23301696777344
207.20650935173035,0.0,247.896,0.0,-37.19916915893555
207.238534450531,0.0,247.777,0.0,-37.18165588378906
207.2863597869873,0.0,247.497,0.0,-37.14584732055664
207.3236744403839,0.0,247.399,0.0,-37.10862350463867
207.35649752616882,0.0,247.136,0.0,-37.09052276611328
207.38799166679382,0.0,247.03,0.0,-37.07162857055664
207.41886019706726,0.0,246.897,0.0,-37.05354690551758
207.45195937156677,0.0,246.607,0.0,-37.009395599365234
207.49095225334167,0.0,246.354,0.0,-36.98516082763672
207.5236256122589,0.0,246.191,0.0,-36.93877029418945
207.57423853874207,0.0,245.972,0.0,-36.897438049316406
207.60467863082886,0.0,245.854,0.0,-36.87765121459961
207.63368344306946,0.0,245.787,0.0,-36.860599517822266
207.6585943698883,0.0,245.614,0.0,-36.84120559692383
207.68983697891235,0.0,245.366,0.0,-36.82268524169922
207.72860026359558,0.0,245.229,0.0,-36.784088134765625
207.7588129043579,0.0,245.131,0.0,-36.765953063964844
207.791672706604,0.0,245.006,0.0,-36.75297164916992
207.82310795783997,0.0,244.827,0.0,-36.72439956665039
207.84740495681763,0.0,244.717,0.0,-36.71108627319336
207.88673567771912,0.0,244.588,0.0,-36.6971435546875
207.90930008888245,0.0,244.494,0.0,-36.6818962097168
207.9439091682434,0.0,244.31,0.0,-36.66709899902344
207.9769847393036,0.0,244.111,0.0,-36.62970733642578
208.01109290122986,0.0,243.967,0.0,-36.61343765258789
208.0347924232483,0.0,243.837,0.0,-36.595741271972656
208.0738935470581,0.0,243.711,0.0,-36.559085845947266
208.10168480873108,0.0,243.572,0.0,-36.539920806884766
208.13007807731628,0.0,243.179,0.0,-36.52188491821289
208.15746974945068,0.0,243.031,0.0,-36.49653244018555
208.1891267299652,0.0,242.868,0.0,-36.47167205810547
208.2251455783844,0.0,242.762,0.0,-36.423744201660156
208.25999760627747,0.0,242.618,0.0,-36.40496826171875
208.28755235671997,0.0,242.514,0.0,-36.38758087158203
208.31949949264526,0.0,242.395,0.0,-36.37079620361328
208.3517985343933,0.0,242.238,0.0,-36.335147857666016
208.38896799087524,0.0,241.915,0.0,-36.314517974853516
208.42497277259827,0.0,241.796,0.0,-36.27272033691406
208.45501446723938,0.0,241.736,0.0,-36.25539779663086
208.48600053787231,0.0,241.634,0.0,-36.24302291870117
208.5172233581543,0.0,241.561,0.0,-36.23017883300781
208.54992866516113,0.0,241.363,0.0,-36.20533752441406
208.58107376098633,0.0,241.211,0.0,-36.192535400390625
208.61306858062744,0.0,241.087,0.0,-36.17717742919922
208.64627289772034,0.0,240.907,0.0,-36.14183807373047
208.67787265777588,0.0,240.714,0.0,-36.123008728027344
208.70660614967346,0.0,240.58,0.0,-36.106170654296875
208.7384843826294,0.0,240.493,0.0,-36.08843994140625
208.77029991149902,0.0,240.4,0.0,-36.071990966796875
208.80218505859375,0.0,240.246,0.0,-36.038578033447266
208.8327910900116,0.0,239.99,0.0,-36.021766662597656
208.86561846733093,0.0,239.721,0.0,-36.002960205078125
208.89380478858948,0.0,239.576,0.0,-35.97803497314453
208.92348265647888,0.0,239.463,0.0,-35.93092346191406
208.95743441581726,0.0,239.326,0.0,-35.90861129760742
208.9900827407837,0.0,239.147,0.0,-35.88865661621094
209.02000403404236,0.0,239.029,0.0,-35.87041091918945
209.05199003219604,0.0,238.953,0.0,-35.8361930847168
209.08404803276062,0.0,238.816,0.0,-35.81894302368164
209.11589431762695,0.0,238.584,0.0,-35.80092239379883
209.14977192878723,0.0,238.48,0.0,-35.76734924316406
209.17915153503418,0.0,238.367,0.0,-35.75078201293945
209.21222043037415,0.0,238.215,0.0,-35.7325553894043
209.2428641319275,0.0,237.866,0.0,-35.71388244628906
209.27516722679138,0.0,237.667,0.0,-35.68183898925781
209.30706477165222,0.0,237.574,0.0,-35.660072326660156
209.3406219482422,0.0,237.486,0.0,-35.640296936035156
209.37468433380127,0.0,237.395,0.0,-35.60549545288086
209.40262365341187,0.0,237.237,0.0,-35.590545654296875
209.42687320709229,0.0,237.13,0.0,-35.57625198364258
209.4573154449463,0.0,237.018,0.0,-35.56165313720703
209.48985075950623,0.0,236.916,0.0,-35.54659652709961
209.52240872383118,0.0,236.838,0.0,-35.517635345458984
209.5549943447113,0.0,236.534,0.0,-35.50182342529297
209.59114933013916,0.0,236.471,0.0,-35.48365020751953
209.61651229858398,0.0,236.207,0.0,-35.46784973144531
209.64407181739807,0.0,236.122,0.0,-35.44544219970703
209.6878261566162,0.0,235.897,0.0,-35.40583419799805
209.7230293750763,0.0,235.779,0.0,-35.36882400512695
209.75563621520996,0.0,235.675,0.0,-35.351165771484375
209.7865273952484,0.0,235.417,0.0,-35.33291244506836
209.82463383674622,0.0,235.365,0.0,-35.298927307128906
209.85057663917542,0.0,235.192,0.0,-35.280609130859375
209.88924551010132,0.0,235.073,0.0,-35.262386322021484
209.91565442085266,0.0,234.942,0.0,-35.243736267089844
209.940265417099,0.0,234.812,0.0,-35.22480010986328
209.97686409950256,0.0,234.661,0.0,-35.192237854003906
210.00739240646362,0.0,234.567,0.0,-35.181480407714844
210.04034852981567,0.0,234.452,0.0,-35.170143127441406
210.07438683509827,0.0,234.193,0.0,-35.143348693847656
210.1042149066925,0.0,234.054,0.0,-35.12760543823242
210.13770294189453,0.0,233.918,0.0,-35.1104621887207
210.16888642311096,0.0,233.848,0.0,-35.09235763549805
210.19938039779663,0.0,233.77,0.0,-35.061466217041016
210.23959493637085,0.0,233.584,0.0,-35.04633712768555
210.2770938873291,0.0,233.462,0.0,-35.017051696777344
210.30319094657898,0.0,233.343,0.0,-35.00117492675781
210.34348058700562,0.0,232.944,0.0,-34.97882843017578
210.38474655151367,0.0,232.825,0.0,-34.93525695800781
210.41737747192383,0.0,232.61,0.0,-34.915855407714844
210.44939422607422,0.0,232.528,0.0,-34.879127502441406
210.48110961914062,0.0,232.417,0.0,-34.861915588378906
210.51263284683228,0.0,232.322,0.0,-34.84554672241211
210.54476237297058,0.0,232.103,0.0,-34.82961654663086
210.5774803161621,0.0,232.006,0.0,-34.80146789550781
210.60871124267578,0.0,231.888,0.0,-34.789207458496094
210.64220333099365,0.0,231.767,0.0,-34.775657653808594
210.6736490726471,0.0,231.539,0.0,-34.744686126708984
210.70605421066284,0.0,231.449,0.0,-34.72917556762695
210.75083446502686,0.0,231.35,0.0,-34.699424743652344
210.78157258033752,0.0,231.141,0.0,-34.68494415283203
210.8130807876587,0.0,230.992,0.0,-34.669677734375
210.84415578842163,0.0,230.904,0.0,-34.65245819091797
210.87570142745972,0.0,230.74,0.0,-34.61775588989258
210.92768144607544,0.0,230.489,0.0,-34.58072280883789
210.95637774467468,0.0,230.377,0.0,-34.5621223449707
210.98736310005188,0.0,230.171,0.0,-34.545387268066406
211.01987481117249,0.0,230.059,0.0,-34.52791213989258
211.05174136161804,0.0,229.941,0.0,-34.49311065673828
211.0830533504486,0.0,229.796,0.0,-34.47440719604492
211.11554503440857,0.0,229.638,0.0,-34.458194732666016
211.14647436141968,0.0,229.521,0.0,-34.44256591796875
211.17888236045837,0.0,229.438,0.0,-34.411415100097656
211.21108174324036,0.0,229.286,0.0,-34.394287109375
211.2444245815277,0.0,229.158,0.0,-34.37655258178711
211.28452730178833,0.0,229.015,0.0,-34.35246276855469
211.315899848938,0.0,228.89,0.0,-34.34084701538086
211.34695839881897,0.0,228.809,0.0,-34.32746505737305
211.37949538230896,0.0,228.534,0.0,-34.29920959472656
211.41202092170715,0.0,228.447,0.0,-34.28279113769531
211.44398283958435,0.0,228.32,0.0,-34.26726531982422
211.47650289535522,0.0,228.198,0.0,-34.233680725097656
211.5079836845398,0.0,228.033,0.0,-34.218414306640625
211.54053783416748,0.0,227.966,0.0,-34.203407287597656
211.5732970237732,0.0,227.914,0.0,-34.1898193359375
211.60452008247375,0.0,227.82,0.0,-34.1656494140625
211.63617539405823,0.0,227.553,0.0,-34.151058197021484
211.6687331199646,0.0,227.306,0.0,-34.13523864746094
211.7004165649414,0.0,227.232,0.0,-34.094268798828125
211.73307943344116,0.0,227.134,0.0,-34.076168060302734
211.75564551353455,0.0,227.073,0.0,-34.06045150756836
211.78400659561157,0.0,226.956,0.0,-34.04423522949219
211.81573677062988,0.0,226.85,0.0,-34.0280876159668
211.84747457504272,0.0,226.62,0.0,-34.0117073059082
211.8805866241455,0.0,226.521,0.0,-33.978736877441406
211.91236662864685,0.0,226.453,0.0,-33.96417236328125
211.9446156024933,0.0,226.289,0.0,-33.953765869140625
211.97681951522827,0.0,226.076,0.0,-33.92568588256836
212.0091164112091,0.0,225.943,0.0,-33.9106559753418
212.0405797958374,0.0,225.893,0.0,-33.89426040649414
212.07829403877258,0.0,225.809,0.0,-33.866798400878906
212.1047806739807,0.0,225.639,0.0,-33.854225158691406
212.1366753578186,0.0,225.531,0.0,-33.84110641479492
212.16974878311157,0.0,225.436,0.0,-33.82722091674805
212.20118260383606,0.0,225.353,0.0,-33.7998046875
212.23276329040527,0.0,225.254,0.0,-33.786006927490234
212.26500988006592,0.0,224.895,0.0,-33.77132797241211
212.29808020591736,0.0,224.776,0.0,-33.750465393066406
212.32020664215088,0.0,224.706,0.0,-33.73012161254883
212.35193705558777,0.0,224.616,0.0,-33.69549560546875
212.3847851753235,0.0,224.511,0.0,-33.678951263427734
212.41658568382263,0.0,224.291,0.0,-33.66321563720703
212.45683646202087,0.0,224.157,0.0,-33.6286506652832
212.5076563358307,0.0,223.952,0.0,-33.59438705444336
212.5387725830078,0.0,223.83,0.0,-33.577232360839844
212.5713551044464,0.0,223.743,0.0,-33.56482696533203
212.60321187973022,0.0,223.556,0.0,-33.540164947509766
212.6361849308014,0.0,223.488,0.0,-33.527183532714844
212.66846871376038,0.0,223.401,0.0,-33.51510238647461
212.699946641922,0.0,223.31,0.0,-33.49046325683594
212.7325313091278,0.0,223.115,0.0,-33.47754669189453
212.76411390304565,0.0,223.024,0.0,-33.46421813964844
212.79655122756958,0.0,222.931,0.0,-33.45085906982422
212.82972979545593,0.0,222.835,0.0,-33.4237060546875
212.85241746902466,0.0,222.728,0.0,-33.409393310546875
212.88420343399048,0.0,222.51,0.0,-33.393287658691406
212.91635584831238,0.0,222.436,0.0,-33.37823486328125
212.9489986896515,0.0,222.226,0.0,-33.3642578125
212.98012113571167,0.0,222.133,0.0,-33.32768249511719
213.01237797737122,0.0,222.014,0.0,-33.309776306152344
213.0447974205017,0.0,221.826,0.0,-33.29315948486328
213.0791940689087,0.0,221.674,0.0,-33.258567810058594
213.10801577568054,0.0,221.674,0.0,-33.24530029296875
213.1396517753601,0.0,221.451,0.0,-33.226497650146484
213.1647183895111,0.0,221.378,0.0,-33.209716796875
213.19072151184082,0.0,221.295,0.0,-33.194087982177734
213.24076533317566,0.0,221.232,0.0,-33.173831939697266
213.2784652709961,0.0,221.099,0.0,-33.155433654785156
213.30568385124207,0.0,220.857,0.0,-33.14411544799805
213.33752822875977,0.0,220.728,0.0,-33.129730224609375
213.3692705631256,0.0,220.623,0.0,-33.113929748535156
213.40207314491272,0.0,220.544,0.0,-33.08320617675781
213.43394494056702,0.0,220.353,0.0,-33.067405700683594
213.46626472473145,0.0,220.289,0.0,-33.053009033203125
213.50441789627075,0.0,220.223,0.0,-33.027854919433594
213.53090238571167,0.0,220.163,0.0,-33.0167350769043
213.56294441223145,0.0,219.893,0.0,-33.00539779663086
213.59599900245667,0.0,219.768,0.0,-32.9895133972168
213.62657713890076,0.0,219.693,0.0,-32.95732116699219
213.65890502929688,0.0,219.606,0.0,-32.94252014160156
213.69150495529175,0.0,219.408,0.0,-32.927001953125
213.72311091423035,0.0,219.285,0.0,-32.91227340698242
213.75616002082825,0.0,219.188,0.0,-32.88096237182617
213.78770542144775,0.0,219.127,0.0,-32.86717224121094
213.82042336463928,0.0,219.048,0.0,-32.853965759277344
213.8519492149353,0.0,218.844,0.0,-32.825843811035156
213.88373064994812,0.0,218.747,0.0,-32.815738677978516
213.9078710079193,0.0,218.649,0.0,-32.80460739135742
213.94844722747803,0.0,218.561,0.0,-32.792625427246094
213.9808828830719,0.0,218.351,0.0,-32.767887115478516
214.01260042190552,0.0,218.271,0.0,-32.75389862060547
214.04572820663452,0.0,218.183,0.0,-32.740440368652344
214.07766723632812,0.0,218.084,0.0,-32.71327590942383
214.10851955413818,0.0,217.971,0.0,-32.70056915283203
214.14103865623474,0.0,217.858,0.0,-32.68948745727539
214.17310452461243,0.0,217.735,0.0,-32.67688751220703
214.20564246177673,0.0,217.609,0.0,-32.64712142944336
214.2371859550476,0.0,217.403,0.0,-32.63109588623047
214.26863050460815,0.0,217.308,0.0,-32.615478515625
214.3006353378296,0.0,217.164,0.0,-32.60014343261719
214.33339405059814,0.0,217.067,0.0,-32.566375732421875
214.3661811351776,0.0,216.977,0.0,-32.55051803588867
214.39724445343018,0.0,216.769,0.0,-32.53608322143555
214.42949438095093,0.0,216.693,0.0,-32.50495147705078
214.4659526348114,0.0,216.606,0.0,-32.49052429199219
214.4904613494873,0.0,216.528,0.0,-32.47686767578125
214.52364468574524,0.0,216.339,0.0,-32.46263122558594
214.55622124671936,0.0,216.265,0.0,-32.44175338745117
214.58030605316162,0.0,216.203,0.0,-32.43116760253906
214.62069749832153,0.0,216.129,0.0,-32.42111587524414
214.65523529052734,0.0,215.935,0.0,-32.39990234375
214.70964217185974,0.0,215.683,0.0,-32.37315368652344
214.74195837974548,0.0,215.61,0.0,-32.357933044433594
214.77349472045898,0.0,215.534,0.0,-32.34379959106445
214.80697441101074,0.0,215.43,0.0,-32.31635284423828
214.83841967582703,0.0,215.278,0.0,-32.30226516723633
214.87093210220337,0.0,215.117,0.0,-32.289649963378906
214.90309119224548,0.0,214.982,0.0,-32.27384567260742
214.93520379066467,0.0,214.861,0.0,-32.23904037475586
214.96221899986267,0.0,214.815,0.0,-32.22421646118164
214.98955011367798,0.0,214.715,0.0,-32.20930480957031
215.02102065086365,0.0,214.583,0.0,-32.19546127319336
215.0550320148468,0.0,214.463,0.0,-32.16913604736328
215.08472084999084,0.0,214.386,0.0,-32.15589904785156
215.11671781539917,0.0,214.282,0.0,-32.14204406738281
215.14899849891663,0.0,214.109,0.0,-32.128753662109375
215.1802954673767,0.0,214.004,0.0,-32.10862731933594
215.21232175827026,0.0,213.878,0.0,-32.09675216674805
215.24512481689453,0.0,213.831,0.0,-32.082984924316406
215.28162360191345,0.0,213.699,0.0,-32.05702590942383
215.34222316741943,0.0,213.486,0.0,-32.032508850097656
215.37712836265564,0.0,213.406,0.0,-32.0203742980957
215.40875911712646,0.0,213.336,0.0,-31.996768951416016
215.4418749809265,0.0,213.123,0.0,-31.983985900878906
215.47343111038208,0.0,213.041,0.0,-31.970375061035156
215.5073938369751,0.0,212.931,0.0,-31.942895889282227
215.53820848464966,0.0,212.724,0.0,-31.923913955688477
215.57154512405396,0.0,212.564,0.0,-31.905614852905273
215.60296297073364,0.0,212.509,0.0,-31.88979721069336
215.63518738746643,0.0,212.426,0.0,-31.862581253051758
215.66748046875,0.0,212.384,0.0,-31.85118293762207
215.69900488853455,0.0,212.246,0.0,-31.840167999267578
215.73121905326843,0.0,212.145,0.0,-31.817758560180664
215.76351809501648,0.0,212.033,0.0,-31.804670333862305
215.79647064208984,0.0,211.946,0.0,-31.79525375366211
215.82721209526062,0.0,211.783,0.0,-31.78501319885254
215.85980820655823,0.0,211.706,0.0,-31.763446807861328
215.89179372787476,0.0,211.621,0.0,-31.752363204956055
215.92412042617798,0.0,211.535,0.0,-31.74088478088379
215.95824074745178,0.0,211.458,0.0,-31.717327117919922
215.98785710334778,0.0,211.274,0.0,-31.704206466674805
216.0202181339264,0.0,211.17,0.0,-31.69169044494629
216.05761337280273,0.0,211.11,0.0,-31.666086196899414
216.09026837348938,0.0,210.757,0.0,-31.648649215698242
216.11510181427002,0.0,210.63,0.0,-31.62965965270996
216.15697741508484,0.0,210.534,0.0,-31.592069625854492
216.18765425682068,0.0,210.49,0.0,-31.576833724975586
216.21991848945618,0.0,210.335,0.0,-31.562393188476562
216.25517201423645,0.0,210.282,0.0,-31.53693389892578
216.28405857086182,0.0,210.187,0.0,-31.524457931518555
216.3162088394165,0.0,210.174,0.0,-31.51500129699707
216.34723377227783,0.0,210.089,0.0,-31.504844665527344
216.38203191757202,0.0,209.898,0.0,-31.48426055908203
216.41070532798767,0.0,209.798,0.0,-31.47516632080078
216.4436707496643,0.0,209.668,0.0,-31.464611053466797
216.47481226921082,0.0,209.607,0.0,-31.45165252685547
216.5061547756195,0.0,209.444,0.0,-31.42743682861328
216.5388698577881,0.0,209.376,0.0,-31.415483474731445
216.5756537914276,0.0,209.316,0.0,-31.40404510498047
216.61565923690796,0.0,209.144,0.0,-31.38142204284668
216.6474485397339,0.0,209.071,0.0,-31.369918823242188
216.6814227104187,0.0,208.988,0.0,-31.347013473510742
216.7122621536255,0.0,208.88,0.0,-31.334156036376953
216.74458527565002,0.0,208.679,0.0,-31.32111930847168
216.7687177658081,0.0,208.499,0.0,-31.30698013305664
216.80127239227295,0.0,208.421,0.0,-31.289138793945312
216.84272861480713,0.0,208.337,0.0,-31.257200241088867
216.87431859970093,0.0,208.206,0.0,-31.244707107543945
216.9078381061554,0.0,208.139,0.0,-31.21902847290039
216.93883061408997,0.0,208.081,0.0,-31.20771026611328
216.98879384994507,0.0,207.997,0.0,-31.188560485839844
217.01939702033997,0.0,207.918,0.0,-31.18267059326172
217.05238509178162,0.0,207.86,0.0,-31.17544937133789
217.08370208740234,0.0,207.631,0.0,-31.15947151184082
217.12167501449585,0.0,207.525,0.0,-31.147300720214844
217.15682864189148,0.0,207.471,0.0,-31.12210464477539
217.1865255832672,0.0,207.298,0.0,-31.109792709350586
217.21914505958557,0.0,207.227,0.0,-31.097312927246094
217.25075364112854,0.0,207.146,0.0,-31.085294723510742
217.2823920249939,0.0,207.038,0.0,-31.059953689575195
217.31567668914795,0.0,206.872,0.0,-31.04612159729004
217.34714579582214,0.0,206.767,0.0,-31.033281326293945
217.38165187835693,0.0,206.643,0.0,-31.004417419433594
217.41181135177612,0.0,206.54,0.0,-30.989015579223633
217.44435596466064,0.0,206.392,0.0,-30.975078582763672
217.47685408592224,0.0,206.294,0.0,-30.961442947387695
217.51107549667358,0.0,206.207,0.0,-30.93366813659668
217.53462314605713,0.0,206.123,0.0,-30.92015838623047
217.57454657554626,0.0,205.912,0.0,-30.906200408935547
217.6076536178589,0.0,205.826,0.0,-30.877099990844727
217.63965559005737,0.0,205.737,0.0,-30.866714477539062
217.67083263397217,0.0,205.691,0.0,-30.855642318725586
217.70168614387512,0.0,205.674,0.0,-30.84583854675293
217.73449277877808,0.0,205.543,0.0,-30.83106231689453
217.76658535003662,0.0,205.479,0.0,-30.822601318359375
217.79841017723083,0.0,205.38,0.0,-30.81399917602539
217.83339166641235,0.0,205.318,0.0,-30.793928146362305
217.8631820678711,0.0,205.08,0.0,-30.782272338867188
217.89490485191345,0.0,204.973,0.0,-30.768482208251953
217.92722845077515,0.0,204.879,0.0,-30.753931045532227
217.95954823493958,0.0,204.732,0.0,-30.722524642944336
217.99141645431519,0.0,204.675,0.0,-30.707763671875
218.02315020561218,0.0,204.528,0.0,-30.692848205566406
218.05736470222473,0.0,204.451,0.0,-30.667442321777344
218.08811163902283,0.0,204.374,0.0,-30.655197143554688
218.11958289146423,0.0,204.292,0.0,-30.642953872680664
218.1502959728241,0.0,204.124,0.0,-30.629453659057617
218.18283915519714,0.0,204.033,0.0,-30.604808807373047
218.22313165664673,0.0,203.964,0.0,-30.595794677734375
218.25901246070862,0.0,203.742,0.0,-30.576261520385742
218.29501509666443,0.0,203.654,0.0,-30.56345558166504
218.32702112197876,0.0,203.581,0.0,-30.55049705505371
218.35878086090088,0.0,203.441,0.0,-30.525590896606445
218.3905942440033,0.0,203.407,0.0,-30.514205932617188
218.42318391799927,0.0,203.335,0.0,-30.504621505737305
218.45862317085266,0.0,203.265,0.0,-30.484941482543945
218.48789834976196,0.0,203.187,0.0,-30.47464370727539
218.52008938789368,0.0,203.053,0.0,-30.46381187438965
218.5512614250183,0.0,203.004,0.0,-30.453908920288086
218.58362650871277,0.0,202.937,0.0,-30.435544967651367
218.6155993938446,0.0,202.875,0.0,-30.42637825012207
218.64746928215027,0.0,202.654,0.0,-30.413955688476562
218.67451333999634,0.0,202.541,0.0,-30.401575088500977
218.71688151359558,0.0,202.515,0.0,-30.37673568725586
218.74879503250122,0.0,202.37,0.0,-30.36479949951172
218.7804811000824,0.0,202.307,0.0,-30.354028701782227
218.8127760887146,0.0,202.196,0.0,-30.33157730102539
218.84383296966553,0.0,202.131,0.0,-30.320106506347656
218.87517189979553,0.0,202.061,0.0,-30.308900833129883
218.91092014312744,0.0,201.87,0.0,-30.29242706298828
218.94055199623108,0.0,201.777,0.0,-30.28125762939453
218.98325300216675,0.0,201.592,0.0,-30.25554656982422
219.03974676132202,0.0,201.444,0.0,-30.230337142944336
219.0736207962036,0.0,201.375,0.0,-30.21830940246582
219.10384798049927,0.0,201.296,0.0,-30.20671844482422
219.13598775863647,0.0,201.238,0.0,-30.184192657470703
219.16807103157043,0.0,201.151,0.0,-30.175189971923828
219.20046043395996,0.0,201.12,0.0,-30.166397094726562
219.22403717041016,0.0,201.059,0.0,-30.158889770507812
219.26603603363037,0.0,200.951,0.0,-30.1411190032959
219.2985520362854,0.0,200.676,0.0,-30.126445770263672
219.32954168319702,0.0,200.66,0.0,-30.111635208129883
219.36169600486755,0.0,200.546,0.0,-30.086977005004883
219.39401841163635,0.0,200.503,0.0,-30.075624465942383
219.42581295967102,0.0,200.288,0.0,-30.064926147460938
219.4579782485962,0.0,200.217,0.0,-30.037405014038086
219.49027347564697,0.0,200.164,0.0,-30.025476455688477
219.52212691307068,0.0,200.105,0.0,-30.014392852783203
219.55564379692078,0.0,199.976,0.0,-30.006439208984375
219.58682131767273,0.0,199.934,0.0,-29.990558624267578
219.6187081336975,0.0,199.854,0.0,-29.982616424560547
219.6499011516571,0.0,199.782,0.0,-29.97368812561035
219.69079327583313,0.0,199.586,0.0,-29.95428466796875
219.73578143119812,0.0,199.503,0.0,-29.929935455322266
219.78371715545654,0.0,199.325,0.0,-29.904705047607422
219.81588768959045,0.0,199.175,0.0,-29.891563415527344
219.8479287624359,0.0,199.128,0.0,-29.87929916381836
219.87946105003357,0.0,198.981,0.0,-29.86843490600586
219.91174817085266,0.0,198.971,0.0,-29.843822479248047
219.94500994682312,0.0,198.869,0.0,-29.83389663696289
219.9770863056183,0.0,198.772,0.0,-29.824844360351562
220.00908374786377,0.0,198.659,0.0,-29.80210304260254
220.0410556793213,0.0,198.538,0.0,-29.788129806518555
220.0742666721344,0.0,198.507,0.0,-29.77661895751953
220.11088871955872,0.0,198.414,0.0,-29.757652282714844
220.13737177848816,0.0,198.33,0.0,-29.747411727905273
220.17015075683594,0.0,198.226,0.0,-29.740081787109375
220.20141768455505,0.0,198.126,0.0,-29.73062515258789
220.23558282852173,0.0,198.016,0.0,-29.708972930908203
220.27494621276855,0.0,197.98,0.0,-29.69945526123047
220.3103482723236,0.0,197.9,0.0,-29.681926727294922
220.33809089660645,0.0,197.83,0.0,-29.672409057617188
220.3700728416443,0.0,197.617,0.0,-29.66156578063965
220.4022662639618,0.0,197.536,0.0,-29.64881706237793
220.4336712360382,0.0,197.496,0.0,-29.625167846679688
220.49047207832336,0.0,197.243,0.0,-29.598356246948242
220.5218789577484,0.0,197.091,0.0,-29.583667755126953
220.55389380455017,0.0,197.021,0.0,-29.569921493530273
220.58678579330444,0.0,196.951,0.0,-29.54461097717285
220.61830759048462,0.0,196.877,0.0,-29.532573699951172
220.64929294586182,0.0,196.78,0.0,-29.519811630249023
220.68097019195557,0.0,196.701,0.0,-29.50872039794922
220.71358346939087,0.0,196.663,0.0,-29.492631912231445
220.74519395828247,0.0,196.617,0.0,-29.486488342285156
220.77813625335693,0.0,196.549,0.0,-29.480390548706055
220.8080232143402,0.0,196.485,0.0,-29.473388671875
220.83291125297546,0.0,196.399,0.0,-29.465837478637695
220.86471557617188,0.0,196.24,0.0,-29.445825576782227
220.89676523208618,0.0,196.152,0.0,-29.435842514038086
220.9299499988556,0.0,196.108,0.0,-29.424962997436523
220.96212005615234,0.0,196.042,0.0,-29.405485153198242
220.9924521446228,0.0,195.93,0.0,-29.39491081237793
221.02467250823975,0.0,195.833,0.0,-29.38613510131836
221.05709266662598,0.0,195.702,0.0,-29.375812530517578
221.0892734527588,0.0,195.601,0.0,-29.349140167236328
221.12105774879456,0.0,195.532,0.0,-29.3361873626709
221.14572024345398,0.0,195.506,0.0,-29.325641632080078
221.17395210266113,0.0,195.415,0.0,-29.314231872558594
221.2157940864563,0.0,195.315,0.0,-29.29446792602539
221.2610239982605,0.0,195.143,0.0,-29.27240562438965
221.28643894195557,0.0,195.028,0.0,-29.26447868347168
221.3197591304779,0.0,194.971,0.0,-29.254079818725586
221.35554575920105,0.0,194.932,0.0,-29.24420166015625
221.38831663131714,0.0,194.808,0.0,-29.226726531982422
221.41982126235962,0.0,194.732,0.0,-29.217857360839844
221.45266723632812,0.0,194.628,0.0,-29.20834732055664
221.486314535141,0.0,194.529,0.0,-29.184890747070312
221.5164155960083,0.0,194.432,0.0,-29.17346954345703
221.54871153831482,0.0,194.415,0.0,-29.163589477539062
221.5811996459961,0.0,194.361,0.0,-29.155784606933594
221.6132299900055,0.0,194.338,0.0,-29.1416015625
221.64537262916565,0.0,194.093,0.0,-29.13329315185547
221.6775040626526,0.0,193.975,0.0,-29.120956420898438
221.71126914024353,0.0,193.929,0.0,-29.094768524169922
221.74222540855408,0.0,193.883,0.0,-29.083938598632812
221.7739541530609,0.0,193.796,0.0,-29.07245635986328
221.80607438087463,0.0,193.717,0.0,-29.06211280822754
221.83949899673462,0.0,193.645,0.0,-29.044130325317383
221.87457656860352,0.0,193.609,0.0,-29.03601837158203
221.91334223747253,0.0,193.434,0.0,-29.01598358154297
221.95683574676514,0.0,193.361,0.0,-29.008512496948242
221.98884987831116,0.0,193.191,0.0,-28.989757537841797
222.02053833007812,0.0,193.077,0.0,-28.979598999023438
222.0522849559784,0.0,193.025,0.0,-28.967479705810547
222.08781456947327,0.0,193.004,0.0,-28.947574615478516
222.11671924591064,0.0,192.872,0.0,-28.938011169433594
222.14843893051147,0.0,192.78,0.0,-28.928836822509766
222.18127298355103,0.0,192.693,0.0,-28.91840934753418
222.21356463432312,0.0,192.612,0.0,-28.895694732666016
222.24861431121826,0.0,192.481,0.0,-28.884716033935547
222.27738189697266,0.0,192.338,0.0,-28.873868942260742
222.31327176094055,0.0,192.273,0.0,-28.847131729125977
222.3417682647705,0.0,192.229,0.0,-28.835880279541016
222.37352514266968,0.0,192.181,0.0,-28.825733184814453
222.40428471565247,0.0,192.086,0.0,-28.817028045654297
222.4366888999939,0.0,192.019,0.0,-28.799293518066406
222.46987748146057,0.0,191.924,0.0,-28.792879104614258
222.50120210647583,0.0,191.868,0.0,-28.78447151184082
222.51717352867126,0.0,191.795,0.0,-28.77614974975586
222.5494089126587,0.0,191.755,0.0,-28.767173767089844
222.58889365196228,0.0,191.612,0.0,-28.751474380493164
222.62208724021912,0.0,191.555,0.0,-28.74195098876953
222.65602731704712,0.0,191.499,0.0,-28.732696533203125
222.68819046020508,0.0,191.44,0.0,-28.714757919311523
222.7196969985962,0.0,191.342,0.0,-28.706417083740234
222.75198602676392,0.0,191.267,0.0,-28.698280334472656
222.78872537612915,0.0,191.221,0.0,-28.68097496032715
222.81489253044128,0.0,191.147,0.0,-28.671894073486328
222.84559965133667,0.0,190.947,0.0,-28.656957626342773
222.87836742401123,0.0,190.801,0.0,-28.641958236694336
222.9108612537384,0.0,190.776,0.0,-28.617923736572266
222.95060443878174,0.0,190.73,0.0,-28.608205795288086
222.98180532455444,0.0,190.583,0.0,-28.598127365112305
223.01522946357727,0.0,190.488,0.0,-28.576387405395508
223.04631447792053,0.0,190.427,0.0,-28.565536499023438
223.07874011993408,0.0,190.358,0.0,-28.557695388793945
223.1106255054474,0.0,190.248,0.0,-28.549278259277344
223.12749695777893,0.0,190.248,0.0,-28.541248321533203
223.15920329093933,0.0,190.192,0.0,-28.53300666809082
223.19097328186035,0.0,190.066,0.0,-28.517385482788086
223.22251677513123,0.0,190.033,0.0,-28.50846290588379
223.25467944145203,0.0,189.97,0.0,-28.500680923461914
223.2944393157959,0.0,189.868,0.0,-28.483844757080078
223.32431411743164,0.0,189.797,0.0,-28.4762020111084
223.35062789916992,0.0,189.755,0.0,-28.467798233032227
223.390118598938,0.0,189.691,0.0,-28.451793670654297
223.42277812957764,0.0,189.526,0.0,-28.441457748413086
223.4485924243927,0.0,189.493,0.0,-28.43146324157715
223.47395181655884,0.0,189.493,0.0,-28.42283058166504
223.52264666557312,0.0,189.376,0.0,-28.405405044555664
223.5539252758026,0.0,189.207,0.0,-28.395263671875
223.58519077301025,0.0,189.121,0.0,-28.384754180908203
223.61774611473083,0.0,189.061,0.0,-28.36277198791504
223.64941811561584,0.0,189.014,0.0,-28.35300064086914
223.6828110218048,0.0,188.946,0.0,-28.343093872070312
223.71415543556213,0.0,188.842,0.0,-28.328929901123047
223.74644231796265,0.0,188.81,0.0,-28.321609497070312
223.7786705493927,0.0,188.75,0.0,-28.315088272094727
223.8112244606018,0.0,188.698,0.0,-28.308002471923828
223.84191465377808,0.0,188.487,0.0,-28.29188346862793
223.87418580055237,0.0,188.436,0.0,-28.28040313720703
223.9074182510376,0.0,188.346,0.0,-28.269847869873047
223.93970131874084,0.0,188.282,0.0,-28.24730682373047
223.97180438041687,0.0,188.127,0.0,-28.237384796142578
224.02117729187012,0.0,188.026,0.0,-28.215213775634766
224.05200386047363,0.0,187.934,0.0,-28.205169677734375
224.0918755531311,0.0,187.782,0.0,-28.179580688476562
224.12431693077087,0.0,187.748,0.0,-28.167490005493164
224.15643501281738,0.0,187.688,0.0,-28.157167434692383
224.18900680541992,0.0,187.662,0.0,-28.14163589477539
224.22126078605652,0.0,187.572,0.0,-28.132909774780273
224.25272607803345,0.0,187.544,0.0,-28.125507354736328
224.2847981452942,0.0,187.427,0.0,-28.11652183532715
224.31720995903015,0.0,187.396,0.0,-28.102294921875
224.34986662864685,0.0,187.308,0.0,-28.09764862060547
224.38163709640503,0.0,187.296,0.0,-28.090843200683594
224.4138593673706,0.0,187.156,0.0,-28.079307556152344
224.44576001167297,0.0,187.133,0.0,-28.0716552734375
224.47796845436096,0.0,187.017,0.0,-28.065214157104492
224.50816178321838,0.0,186.947,0.0,-28.055801391601562
224.54814052581787,0.0,186.803,0.0,-28.037006378173828
224.5814015865326,0.0,186.786,0.0,-28.026325225830078
224.61489009857178,0.0,186.702,0.0,-28.00814437866211
224.6437315940857,0.0,186.656,0.0,-27.99919891357422
224.67649674415588,0.0,186.568,0.0,-27.99102020263672
224.7083921432495,0.0,186.436,0.0,-27.983182907104492
224.74195265769958,0.0,186.396,0.0,-27.962200164794922
224.77442026138306,0.0,186.295,0.0,-27.950820922851562
224.8038194179535,0.0,186.221,0.0,-27.941530227661133
224.8418698310852,0.0,186.131,0.0,-27.92254638671875
224.87339639663696,0.0,186.087,0.0,-27.913341522216797
224.9057047367096,0.0,186.001,0.0,-27.903095245361328
224.93721079826355,0.0,185.882,0.0,-27.892343521118164
224.97018957138062,0.0,185.815,0.0,-27.87728500366211
225.00204491615295,0.0,185.765,0.0,-27.869359970092773
225.05747961997986,0.0,185.613,0.0,-27.854755401611328
225.09075117111206,0.0,185.506,0.0,-27.836078643798828
225.12091970443726,0.0,185.418,0.0,-27.826885223388672
225.1524543762207,0.0,185.425,0.0,-27.816551208496094
225.18489146232605,0.0,185.344,0.0,-27.809326171875
225.2172727584839,0.0,185.308,0.0,-27.79318618774414
225.24855589866638,0.0,185.225,0.0,-27.78594970703125
225.28051257133484,0.0,185.178,0.0,-27.779136657714844
225.31527376174927,0.0,185.091,0.0,-27.763896942138672
225.34412384033203,0.0,184.914,0.0,-27.75037384033203
225.37514328956604,0.0,184.763,0.0,-27.737056732177734
225.4068570137024,0.0,184.697,0.0,-27.724206924438477
225.43840432167053,0.0,184.651,0.0,-27.701108932495117
225.46266627311707,0.0,184.607,0.0,-27.69135856628418
225.4916431903839,0.0,184.607,0.0,-27.68433380126953
225.522132396698,0.0,184.494,0.0,-27.67940902709961
225.55660796165466,0.0,184.419,0.0,-27.67135238647461
225.59067797660828,0.0,184.338,0.0,-27.65484046936035
225.6214201450348,0.0,184.288,0.0,-27.647247314453125
225.6536409854889,0.0,184.287,0.0,-27.63974952697754
225.68505811691284,0.0,184.223,0.0,-27.63437843322754
225.71725153923035,0.0,184.132,0.0,-27.622211456298828
225.7487337589264,0.0,184.041,0.0,-27.615657806396484
225.7810378074646,0.0,183.976,0.0,-27.607200622558594
225.81465768814087,0.0,183.911,0.0,-27.58922576904297
225.84556436538696,0.0,183.857,0.0,-27.58032989501953
225.87692975997925,0.0,183.785,0.0,-27.572546005249023
225.9099578857422,0.0,183.743,0.0,-27.56528663635254
225.94252133369446,0.0,183.606,0.0,-27.547657012939453
225.97318840026855,0.0,183.512,0.0,-27.53588104248047
226.0067789554596,0.0,183.38,0.0,-27.52398681640625
226.0403254032135,0.0,183.317,0.0,-27.50221824645996
226.0705463886261,0.0,183.313,0.0,-27.494239807128906
226.09886074066162,0.0,183.271,0.0,-27.486783981323242
226.1394305229187,0.0,183.193,0.0,-27.47481918334961
226.1723735332489,0.0,183.145,0.0,-27.469892501831055
226.19709944725037,0.0,183.127,0.0,-27.464509963989258
226.22385478019714,0.0,183.035,0.0,-27.460025787353516
226.26513600349426,0.0,182.998,0.0,-27.446626663208008
226.2945694923401,0.0,182.874,0.0,-27.439834594726562
226.3261799812317,0.0,182.832,0.0,-27.431961059570312
226.35775685310364,0.0,182.762,0.0,-27.42451286315918
226.39225125312805,0.0,182.68,0.0,-27.406761169433594
226.4213035106659,0.0,182.543,0.0,-27.396329879760742
226.4543013572693,0.0,182.503,0.0,-27.386455535888672
226.4859116077423,0.0,182.439,0.0,-27.377565383911133
226.51761841773987,0.0,182.399,0.0,-27.360130310058594
226.55081820487976,0.0,182.295,0.0,-27.352550506591797
226.58290553092957,0.0,182.189,0.0,-27.34435272216797
226.61811661720276,0.0,182.127,0.0,-27.32382583618164
226.65308094024658,0.0,182.078,0.0,-27.314346313476562
226.68468356132507,0.0,181.988,0.0,-27.30541229248047
226.71790885925293,0.0,181.94,0.0,-27.28935432434082
226.74928736686707,0.0,181.896,0.0,-27.281864166259766
226.78319644927979,0.0,181.855,0.0,-27.274799346923828
226.81232738494873,0.0,181.703,0.0,-27.2697811126709
226.84394931793213,0.0,181.614,0.0,-27.255510330200195
226.87623238563538,0.0,181.541,0.0,-27.24603271484375
226.89270901679993,0.0,181.485,0.0,-27.236064910888672
226.94129943847656,0.0,181.448,0.0,-27.217880249023438
226.9726812839508,0.0,181.312,0.0,-27.20884895324707
227.00571012496948,0.0,181.278,0.0,-27.19945526123047
227.0364429950714,0.0,181.21,0.0,-27.191211700439453
227.0690724849701,0.0,181.161,0.0,-27.174030303955078
227.10057473182678,0.0,181.041,0.0,-27.165969848632812
227.13318181037903,0.0,181.014,0.0,-27.157161712646484
227.1666579246521,0.0,180.951,0.0,-27.141672134399414
227.22362208366394,0.0,180.854,0.0,-27.12628173828125
227.25395107269287,0.0,180.81,0.0,-27.118999481201172
227.28628730773926,0.0,180.684,0.0,-27.111160278320312
227.319100856781,0.0,180.616,0.0,-27.094070434570312
227.35111141204834,0.0,180.548,0.0,-27.087690353393555
227.3836634159088,0.0,180.465,0.0,-27.08033561706543
227.4150631427765,0.0,180.412,0.0,-27.071590423583984
227.44832825660706,0.0,180.36,0.0,-27.057785034179688
227.47923636436462,0.0,180.334,0.0,-27.051027297973633
227.5115315914154,0.0,180.273,0.0,-27.045127868652344
227.54381489753723,0.0,180.192,0.0,-27.03023910522461
227.574383020401,0.0,180.084,0.0,-27.022598266601562
227.60608839988708,0.0,180.003,0.0,-27.014284133911133
227.6396210193634,0.0,179.955,0.0,-27.00486183166504
227.66684865951538,0.0,179.875,0.0,-26.986164093017578
227.69813418388367,0.0,179.817,0.0,-26.97757339477539
227.73774361610413,0.0,179.78,0.0,-26.970352172851562
227.76999711990356,0.0,179.75,0.0,-26.95762062072754
227.8013515472412,0.0,179.519,0.0,-26.947376251220703
227.83255219459534,0.0,179.453,0.0,-26.93617820739746
227.8644461631775,0.0,179.368,0.0,-26.9251766204834
227.89678645133972,0.0,179.28,0.0,-26.90130615234375
227.92743062973022,0.0,179.212,0.0,-26.889453887939453
227.95934772491455,0.0,179.121,0.0,-26.877994537353516
227.99460649490356,0.0,179.069,0.0,-26.859596252441406
228.02288675308228,0.0,179.018,0.0,-26.85100555419922
228.05473947525024,0.0,178.949,0.0,-26.84195899963379
228.0862958431244,0.0,178.826,0.0,-26.832178115844727
228.1186089515686,0.0,178.763,0.0,-26.814130783081055
228.1507511138916,0.0,178.733,0.0,-26.80759620666504
228.18184542655945,0.0,178.72,0.0,-26.801769256591797
228.20818161964417,0.0,178.672,0.0,-26.797191619873047
228.23898482322693,0.0,178.689,0.0,-26.792095184326172
228.27148723602295,0.0,178.587,0.0,-26.785409927368164
228.3037006855011,0.0,178.539,0.0,-26.78070068359375
228.34033370018005,0.0,178.507,0.0,-26.775440216064453
228.36775827407837,0.0,178.455,0.0,-26.764732360839844
228.40749216079712,0.0,178.338,0.0,-26.75806427001953
228.44399285316467,0.0,178.219,0.0,-26.74092674255371
228.47211337089539,0.0,178.167,0.0,-26.731321334838867
228.50296235084534,0.0,178.113,0.0,-26.722768783569336
228.53601360321045,0.0,178.107,0.0,-26.71579360961914
228.5681836605072,0.0,178.051,0.0,-26.704519271850586
228.6000816822052,0.0,177.928,0.0,-26.695079803466797
228.63199758529663,0.0,177.797,0.0,-26.684932708740234
228.66438269615173,0.0,177.714,0.0,-26.675212860107422
228.69703793525696,0.0,177.672,0.0,-26.655073165893555
228.7298092842102,0.0,177.644,0.0,-26.646940231323242
228.75287222862244,0.0,177.622,0.0,-26.640153884887695
228.78418564796448,0.0,177.567,0.0,-26.63302230834961
228.8161437511444,0.0,177.487,0.0,-26.62645721435547
228.84810757637024,0.0,177.422,0.0,-26.615262985229492
228.8798108100891,0.0,177.393,0.0,-26.609342575073242
228.9113552570343,0.0,177.322,0.0,-26.603939056396484
228.94520235061646,0.0,177.191,0.0,-26.589630126953125
228.9755663871765,0.0,177.153,0.0,-26.58136749267578
229.0072364807129,0.0,177.096,0.0,-26.57377052307129
229.03943061828613,0.0,177.046,0.0,-26.565889358520508
229.08118343353271,0.0,176.939,0.0,-26.550596237182617
229.11150002479553,0.0,176.892,0.0,-26.542552947998047
229.14517903327942,0.0,176.86,0.0,-26.52777671813965
229.17549467086792,0.0,176.804,0.0,-26.520423889160156
229.20636320114136,0.0,176.602,0.0,-26.513286590576172
229.23882675170898,0.0,176.568,0.0,-26.501529693603516
229.2714192867279,0.0,176.503,0.0,-26.481271743774414
229.30682921409607,0.0,176.497,0.0,-26.473604202270508
229.33830165863037,0.0,176.448,0.0,-26.467052459716797
229.36988401412964,0.0,176.426,0.0,-26.456527709960938
229.40188145637512,0.0,176.378,0.0,-26.451148986816406
229.4340422153473,0.0,176.352,0.0,-26.4462947845459
229.4662845134735,0.0,176.175,0.0,-26.438901901245117
229.49820280075073,0.0,176.105,0.0,-26.42642593383789
229.5311918258667,0.0,176.049,0.0,-26.4183406829834
229.56212759017944,0.0,176.031,0.0,-26.410114288330078
229.59603071212769,0.0,175.993,0.0,-26.396963119506836
229.62636733055115,0.0,175.931,0.0,-26.391456604003906
229.64487266540527,0.0,175.931,0.0,-26.385896682739258
229.67466187477112,0.0,175.856,0.0,-26.38037109375
229.70937061309814,0.0,175.796,0.0,-26.37491226196289
229.74132466316223,0.0,175.75,0.0,-26.368532180786133
229.7737636566162,0.0,175.614,0.0,-26.35163688659668
229.80500960350037,0.0,175.583,0.0,-26.34266471862793
229.8315658569336,0.0,175.474,0.0,-26.33320426940918
229.87236714363098,0.0,175.455,0.0,-26.317520141601562
229.9043412208557,0.0,175.37,0.0,-26.308874130249023
229.9353883266449,0.0,175.245,0.0,-26.300064086914062
229.96733498573303,0.0,175.206,0.0,-26.29092025756836
229.99994254112244,0.0,175.159,0.0,-26.27462387084961
230.0313594341278,0.0,175.119,0.0,-26.26717758178711
230.0640172958374,0.0,175.085,0.0,-26.261829376220703
230.096417427063,0.0,174.983,0.0,-26.249847412109375
230.128182888031,0.0,174.938,0.0,-26.24390983581543
230.16042232513428,0.0,174.871,0.0,-26.237817764282227
230.19341158866882,0.0,174.823,0.0,-26.2235164642334
230.2242567539215,0.0,174.715,0.0,-26.21693229675293
230.25623655319214,0.0,174.668,0.0,-26.20911407470703
230.28821849822998,0.0,174.607,0.0,-26.201473236083984
230.32101964950562,0.0,174.539,0.0,-26.184661865234375
230.35361576080322,0.0,174.496,0.0,-26.17796516418457
230.38544535636902,0.0,174.446,0.0,-26.171710968017578
230.42648649215698,0.0,174.366,0.0,-26.15711784362793
230.47203421592712,0.0,174.228,0.0,-26.137866973876953
230.51134181022644,0.0,174.184,0.0,-26.130807876586914
230.5452482700348,0.0,174.153,0.0,-26.118703842163086
230.57610321044922,0.0,174.137,0.0,-26.113950729370117
230.60825872421265,0.0,174.091,0.0,-26.108728408813477
230.64079928398132,0.0,173.979,0.0,-26.1033878326416
230.67260479927063,0.0,173.926,0.0,-26.091724395751953
230.70495915412903,0.0,173.864,0.0,-26.086090087890625
230.73638248443604,0.0,173.809,0.0,-26.079483032226562
230.77138996124268,0.0,173.771,0.0,-26.065717697143555
230.8012924194336,0.0,173.621,0.0,-26.056861877441406
230.83209109306335,0.0,173.584,0.0,-26.04810333251953
230.86805272102356,0.0,173.512,0.0,-26.040145874023438
230.90706944465637,0.0,173.429,0.0,-26.023189544677734
230.93860697746277,0.0,173.359,0.0,-26.015504837036133
230.9717836380005,0.0,173.325,0.0,-25.99940299987793
231.00373601913452,0.0,173.312,0.0,-25.993366241455078
231.03608465194702,0.0,173.171,0.0,-25.984764099121094
231.06831169128418,0.0,173.119,0.0,-25.976905822753906
231.0993995666504,0.0,173.1,0.0,-25.962554931640625
231.1317274570465,0.0,173.101,0.0,-25.957977294921875
231.15803623199463,0.0,173.056,0.0,-25.95293426513672
231.1975452899933,0.0,172.955,0.0,-25.941421508789062
231.22848105430603,0.0,172.879,0.0,-25.933815002441406
231.26142358779907,0.0,172.827,0.0,-25.928298950195312
231.2922830581665,0.0,172.771,0.0,-25.92221450805664
231.32423377037048,0.0,172.707,0.0,-25.9090633392334
231.35569095611572,0.0,172.68,0.0,-25.90338134765625
231.3874795436859,0.0,172.655,0.0,-25.898208618164062
231.42373418807983,0.0,172.587,0.0,-25.88736915588379
231.45412635803223,0.0,172.457,0.0,-25.880104064941406
231.4856767654419,0.0,172.363,0.0,-25.872224807739258
231.5190827846527,0.0,172.312,0.0,-25.862531661987305
231.55057644844055,0.0,172.286,0.0,-25.84534454345703
231.5830614566803,0.0,172.156,0.0,-25.836454391479492
231.61402010917664,0.0,172.076,0.0,-25.827648162841797
231.64838314056396,0.0,172.062,0.0,-25.810102462768555
231.67860102653503,0.0,172.02,0.0,-25.802734375
231.71073055267334,0.0,171.995,0.0,-25.796382904052734
231.74376773834229,0.0,171.924,0.0,-25.79123878479004
231.77600121498108,0.0,171.907,0.0,-25.780376434326172
231.80710196495056,0.0,171.851,0.0,-25.77694320678711
231.8390440940857,0.0,171.814,0.0,-25.772302627563477
231.87344932556152,0.0,171.754,0.0,-25.761638641357422
231.89762473106384,0.0,171.626,0.0,-25.753995895385742
231.93875193595886,0.0,171.568,0.0,-25.746496200561523
231.97220253944397,0.0,171.547,0.0,-25.731979370117188
232.00315380096436,0.0,171.456,0.0,-25.725528717041016
232.03607153892517,0.0,171.412,0.0,-25.718753814697266
232.06835293769836,0.0,171.369,0.0,-25.712020874023438
232.10041499137878,0.0,171.336,0.0,-25.69918441772461
232.132080078125,0.0,171.144,0.0,-25.692237854003906
232.1651909351349,0.0,171.101,0.0,-25.681678771972656
232.196293592453,0.0,171.075,0.0,-25.663917541503906
232.227148771286,0.0,171.026,0.0,-25.65593719482422
232.2591187953949,0.0,171.029,0.0,-25.650278091430664
232.2911672592163,0.0,170.941,0.0,-25.643218994140625
232.3239665031433,0.0,170.888,0.0,-25.63124656677246
232.3561887741089,0.0,170.815,0.0,-25.62371063232422
232.38968777656555,0.0,170.79,0.0,-25.618255615234375
232.42021560668945,0.0,170.658,0.0,-25.613357543945312
232.45294213294983,0.0,170.629,0.0,-25.599117279052734
232.47393894195557,0.0,170.611,0.0,-25.592884063720703
232.50495219230652,0.0,170.57,0.0,-25.587671279907227
232.53793382644653,0.0,170.55,0.0,-25.582275390625
232.5736653804779,0.0,170.51,0.0,-25.572677612304688
232.60693788528442,0.0,170.399,0.0,-25.566429138183594
232.63379955291748,0.0,170.302,0.0,-25.560043334960938
232.67332649230957,0.0,170.217,0.0,-25.54142951965332
232.7059726715088,0.0,170.113,0.0,-25.531326293945312
232.7377908229828,0.0,170.083,0.0,-25.52228355407715
232.77429509162903,0.0,170.028,0.0,-25.506383895874023
232.80066776275635,0.0,169.987,0.0,-25.498844146728516
232.8332326412201,0.0,169.944,0.0,-25.491594314575195
232.86441922187805,0.0,169.871,0.0,-25.484947204589844
232.8973879814148,0.0,169.833,0.0,-25.472396850585938
232.92886900901794,0.0,169.786,0.0,-25.466041564941406
232.96135663986206,0.0,169.753,0.0,-25.461502075195312
232.99062824249268,0.0,169.726,0.0,-25.45697593688965
233.02344012260437,0.0,169.64,0.0,-25.448240280151367
233.05431365966797,0.0,169.591,0.0,-25.443031311035156
233.0864119529724,0.0,169.581,0.0,-25.43728256225586
233.11696672439575,0.0,169.536,0.0,-25.43275260925293
233.14859580993652,0.0,169.454,0.0,-25.423173904418945
233.1811215877533,0.0,169.368,0.0,-25.41748046875
233.2129418849945,0.0,169.341,0.0,-25.40978240966797
233.24871969223022,0.0,169.306,0.0,-25.396636962890625
233.28563928604126,0.0,169.294,0.0,-25.392114639282227
233.32054996490479,0.0,169.255,0.0,-25.388351440429688
233.36025214195251,0.0,169.133,0.0,-25.377626419067383
233.39105248451233,0.0,169.062,0.0,-25.37131690979004
233.4246940612793,0.0,169.016,0.0,-25.356307983398438
233.45543217658997,0.0,168.967,0.0,-25.348804473876953
233.48717427253723,0.0,168.92,0.0,-25.341350555419922
233.52507281303406,0.0,168.801,0.0,-25.325624465942383
233.55397152900696,0.0,168.743,0.0,-25.316999435424805
233.58730483055115,0.0,168.689,0.0,-25.310678482055664
233.62018060684204,0.0,168.62,0.0,-25.303874969482422
233.6504373550415,0.0,168.62,0.0,-25.292072296142578
233.68247389793396,0.0,168.599,0.0,-25.287639617919922
233.71501183509827,0.0,168.589,0.0,-25.283674240112305
233.74848318099976,0.0,168.564,0.0,-25.277360916137695
233.77894401550293,0.0,168.508,0.0,-25.272876739501953
233.8106243610382,0.0,168.377,0.0,-25.267574310302734
233.84331846237183,0.0,168.279,0.0,-25.26041603088379
233.87520051002502,0.0,168.221,0.0,-25.241718292236328
233.90654516220093,0.0,168.182,0.0,-25.233177185058594
233.93823909759521,0.0,168.11,0.0,-25.22418212890625
233.97421050071716,0.0,168.073,0.0,-25.210737228393555
234.01243662834167,0.0,168.038,0.0,-25.20456314086914
234.0410885810852,0.0,167.914,0.0,-25.198713302612305
234.0673336982727,0.0,167.854,0.0,-25.19076156616211
234.107807636261,0.0,167.814,0.0,-25.176362991333008
234.13966345787048,0.0,167.785,0.0,-25.17034339904785
234.17561745643616,0.0,167.75,0.0,-25.159400939941406
234.20412516593933,0.0,167.703,0.0,-25.155595779418945
234.23673057556152,0.0,167.653,0.0,-25.151020050048828
234.26955127716064,0.0,167.624,0.0,-25.145715713500977
234.30011463165283,0.0,167.534,0.0,-25.133407592773438
234.33144307136536,0.0,167.468,0.0,-25.126686096191406
234.36403107643127,0.0,167.463,0.0,-25.12042999267578
234.40066003799438,0.0,167.471,0.0,-25.11272430419922
234.4272975921631,0.0,167.449,0.0,-25.10980987548828
234.45965123176575,0.0,167.421,0.0,-25.10765266418457
234.4925947189331,0.0,167.347,0.0,-25.10531234741211
234.52368092536926,0.0,167.299,0.0,-25.09535026550293
234.55389595031738,0.0,167.224,0.0,-25.088356018066406
234.59097170829773,0.0,167.135,0.0,-25.081375122070312
234.61511516571045,0.0,167.135,0.0,-25.074371337890625
234.6496970653534,0.0,167.069,0.0,-25.06232261657715
234.68055987358093,0.0,166.996,0.0,-25.057748794555664
234.70983004570007,0.0,166.976,0.0,-25.051443099975586
234.7510244846344,0.0,166.842,0.0,-25.039020538330078
234.7907383441925,0.0,166.824,0.0,-25.03138542175293
234.82618713378906,0.0,166.759,0.0,-25.017696380615234
234.85408854484558,0.0,166.673,0.0,-25.01045036315918
234.88650226593018,0.0,166.628,0.0,-25.003442764282227
234.92041635513306,0.0,166.569,0.0,-24.996458053588867
234.952383518219,0.0,166.525,0.0,-24.981552124023438
234.9833960533142,0.0,166.449,0.0,-24.975318908691406
235.0162889957428,0.0,166.444,0.0,-24.96852684020996
235.05077457427979,0.0,166.412,0.0,-24.958433151245117
235.10133624076843,0.0,166.352,0.0,-24.949430465698242
235.13983058929443,0.0,166.311,0.0,-24.944995880126953
235.17307996749878,0.0,166.283,0.0,-24.941251754760742
235.20522928237915,0.0,166.269,0.0,-24.934289932250977
235.23675966262817,0.0,166.198,0.0,-24.92912483215332
235.2690794467926,0.0,166.126,0.0,-24.922401428222656
235.30172324180603,0.0,166.051,0.0,-24.9123477935791
235.33366322517395,0.0,166.038,0.0,-24.907146453857422
235.36653470993042,0.0,165.995,0.0,-24.90286636352539
235.39784693717957,0.0,165.933,0.0,-24.898033142089844
235.43039989471436,0.0,165.819,0.0,-24.88580894470215
235.462904214859,0.0,165.8,0.0,-24.87830352783203
235.49629068374634,0.0,165.776,0.0,-24.871992111206055
235.52805042266846,0.0,165.706,0.0,-24.85943603515625
235.55977702140808,0.0,165.642,0.0,-24.853172302246094
235.59490656852722,0.0,165.6,0.0,-24.847122192382812
235.62448287010193,0.0,165.547,0.0,-24.83432388305664
235.65638065338135,0.0,165.489,0.0,-24.827045440673828
235.68901991844177,0.0,165.41,0.0,-24.820554733276367
235.70661568641663,0.0,165.41,0.0,-24.813711166381836
235.7367889881134,0.0,165.371,0.0,-24.80710220336914
235.76763463020325,0.0,165.306,0.0,-24.801895141601562
235.80034828186035,0.0,165.296,0.0,-24.791133880615234
235.83710098266602,0.0,165.261,0.0,-24.78630828857422
235.86483502388,0.0,165.221,0.0,-24.78289031982422
235.90577220916748,0.0,165.172,0.0,-24.775569915771484
235.93264389038086,0.0,165.128,0.0,-24.771747589111328
235.970538854599,0.0,165.089,0.0,-24.767229080200195
236.00688862800598,0.0,164.971,0.0,-24.756092071533203
236.0480489730835,0.0,164.932,0.0,-24.74936866760254
236.08118176460266,0.0,164.874,0.0,-24.736316680908203
236.11219787597656,0.0,164.826,0.0,-24.73086929321289
236.14515042304993,0.0,164.783,0.0,-24.724937438964844
236.1848168373108,0.0,164.717,0.0,-24.71341323852539
236.21564173698425,0.0,164.656,0.0,-24.70775032043457
236.25126266479492,0.0,164.601,0.0,-24.69396209716797
236.28010392189026,0.0,164.537,0.0,-24.686054229736328
236.30694150924683,0.0,164.514,0.0,-24.679285049438477
236.333899974823,0.0,164.46,0.0,-24.672100067138672
236.36449217796326,0.0,164.428,0.0,-24.66551971435547
236.39770984649658,0.0,164.293,0.0,-24.658193588256836
236.43250346183777,0.0,164.267,0.0,-24.64246368408203
236.4770278930664,0.0,164.204,0.0,-24.629051208496094
236.50422263145447,0.0,164.174,0.0,-24.62358283996582
236.54111051559448,0.0,164.143,0.0,-24.619693756103516
236.58223819732666,0.0,164.093,0.0,-24.612136840820312
236.61486077308655,0.0,164.07,0.0,-24.608423233032227
236.65227890014648,0.0,164.003,0.0,-24.59964942932129
236.68814778327942,0.0,163.897,0.0,-24.594715118408203
236.71343970298767,0.0,163.888,0.0,-24.58791732788086
236.74062991142273,0.0,163.875,0.0,-24.582576751708984
236.77321219444275,0.0,163.837,0.0,-24.578197479248047
236.807697057724,0.0,163.838,0.0,-24.570220947265625
236.8378791809082,0.0,163.692,0.0,-24.564685821533203
236.870099067688,0.0,163.648,0.0,-24.557830810546875
236.90200853347778,0.0,163.579,0.0,-24.54305076599121
236.93465280532837,0.0,163.544,0.0,-24.53575897216797
236.9731035232544,0.0,163.442,0.0,-24.52811622619629
237.00639462471008,0.0,163.412,0.0,-24.513750076293945
237.03710174560547,0.0,163.388,0.0,-24.507808685302734
237.07049918174744,0.0,163.332,0.0,-24.503246307373047
237.1069757938385,0.0,163.305,0.0,-24.49422836303711
237.14231276512146,0.0,163.268,0.0,-24.490501403808594
237.17200922966003,0.0,163.189,0.0,-24.486370086669922
237.2072982788086,0.0,163.105,0.0,-24.474384307861328
237.2398543357849,0.0,163.071,0.0,-24.46795082092285
237.278959274292,0.0,163.034,0.0,-24.455875396728516
237.3083312511444,0.0,162.975,0.0,-24.45042610168457
237.34094166755676,0.0,162.968,0.0,-24.445171356201172
237.36500000953674,0.0,162.967,0.0,-24.441116333007812
237.39744687080383,0.0,162.922,0.0,-24.438234329223633
237.44090747833252,0.0,162.832,0.0,-24.430513381958008
237.47378087043762,0.0,162.807,0.0,-24.425214767456055
237.50569343566895,0.0,162.769,0.0,-24.415252685546875
237.53891730308533,0.0,162.665,0.0,-24.40974235534668
237.57320594787598,0.0,162.616,0.0,-24.403236389160156
237.60448122024536,0.0,162.553,0.0,-24.3887939453125
237.63653874397278,0.0,162.506,0.0,-24.381210327148438
237.66439986228943,0.0,162.49,0.0,-24.374969482421875
237.69211530685425,0.0,162.478,0.0,-24.369943618774414
237.7228753566742,0.0,162.382,0.0,-24.364513397216797
237.7555751800537,0.0,162.329,0.0,-24.351804733276367
237.7914342880249,0.0,162.295,0.0,-24.345556259155273
237.8210005760193,0.0,162.271,0.0,-24.341032028198242
237.85691833496094,0.0,162.197,0.0,-24.331783294677734
237.8817958831787,0.0,162.14,0.0,-24.327167510986328
237.9214265346527,0.0,162.124,0.0,-24.32149887084961
237.95347595214844,0.0,162.069,0.0,-24.313217163085938
237.97972702980042,0.0,162.041,0.0,-24.3085994720459
238.00704765319824,0.0,161.984,0.0,-24.304134368896484
238.03892850875854,0.0,161.929,0.0,-24.298564910888672
238.0712206363678,0.0,161.883,0.0,-24.292224884033203
238.0977063179016,0.0,161.812,0.0,-24.28567123413086
238.13360500335693,0.0,161.76,0.0,-24.270009994506836
238.16964888572693,0.0,161.699,0.0,-24.262819290161133
238.20434284210205,0.0,161.697,0.0,-24.251646041870117
238.2341513633728,0.0,161.677,0.0,-24.24744987487793
238.26608967781067,0.0,161.61,0.0,-24.243629455566406
238.30101943016052,0.0,161.554,0.0,-24.23904037475586
238.33993911743164,0.0,161.503,0.0,-24.227251052856445
238.37216329574585,0.0,161.437,0.0,-24.221378326416016
238.39268493652344,0.0,161.437,0.0,-24.21574592590332
238.42420268058777,0.0,161.325,0.0,-24.20920753479004
238.45604062080383,0.0,161.245,0.0,-24.193769454956055
238.49041104316711,0.0,161.209,0.0,-24.186031341552734
238.5247437953949,0.0,161.204,0.0,-24.18036651611328
238.55664539337158,0.0,161.157,0.0,-24.17269515991211
238.58933067321777,0.0,161.129,0.0,-24.1688175201416
238.613587141037,0.0,161.106,0.0,-24.164945602416992
238.65556645393372,0.0,161.057,0.0,-24.156673431396484
238.68196034431458,0.0,160.97,0.0,-24.15276527404785
238.72126245498657,0.0,160.911,0.0,-24.14699935913086
238.75412559509277,0.0,160.888,0.0,-24.134506225585938
238.7879762649536,0.0,160.857,0.0,-24.128726959228516
238.82023215293884,0.0,160.834,0.0,-24.12479591369629
238.85236048698425,0.0,160.816,0.0,-24.117719650268555
238.88455414772034,0.0,160.779,0.0,-24.11384391784668
238.90972805023193,0.0,160.749,0.0,-24.109853744506836
238.9406750202179,0.0,160.724,0.0,-24.106779098510742
238.97269797325134,0.0,160.67,0.0,-24.10386085510254
239.00424766540527,0.0,160.64,0.0,-24.09526824951172
239.04488682746887,0.0,160.577,0.0,-24.090620040893555
239.07372522354126,0.0,160.539,0.0,-24.086179733276367
239.10901761054993,0.0,160.525,0.0,-24.077350616455078
239.13807821273804,0.0,160.468,0.0,-24.072078704833984
239.16348528862,0.0,160.42,0.0,-24.06824493408203
239.20609331130981,0.0,160.351,0.0,-24.05912208557129
239.2367343902588,0.0,160.287,0.0,-24.054039001464844
239.2690372467041,0.0,160.231,0.0,-24.047664642333984
239.30727434158325,0.0,160.131,0.0,-24.033811569213867
239.33819484710693,0.0,160.079,0.0,-24.02623748779297
239.3745129108429,0.0,160.058,0.0,-24.018470764160156
239.40683007240295,0.0,160.007,0.0,-24.004901885986328
239.43999123573303,0.0,159.962,0.0,-23.99842643737793
239.46625971794128,0.0,159.933,0.0,-23.993213653564453
239.4989709854126,0.0,159.918,0.0,-23.988264083862305
239.53718209266663,0.0,159.898,0.0,-23.980342864990234
239.56889081001282,0.0,159.793,0.0,-23.975746154785156
239.60652494430542,0.0,159.755,0.0,-23.964311599731445
239.6335563659668,0.0,159.715,0.0,-23.95848846435547
239.6657269001007,0.0,159.683,0.0,-23.95292854309082
239.69905591011047,0.0,159.633,0.0,-23.94820213317871
239.72333574295044,0.0,159.633,0.0,-23.94344711303711
239.75365734100342,0.0,159.58,0.0,-23.93703842163086
239.7969455718994,0.0,159.55,0.0,-23.93342399597168
239.82412123680115,0.0,159.514,0.0,-23.92963409423828
239.8563768863678,0.0,159.412,0.0,-23.920286178588867
239.8862612247467,0.0,159.367,0.0,-23.91444969177246
239.90871906280518,0.0,159.338,0.0,-23.908302307128906
239.94988250732422,0.0,159.337,0.0,-23.90259552001953
239.97614550590515,0.0,159.33,0.0,-23.898406982421875
240.00720405578613,0.0,159.295,0.0,-23.891407012939453
240.0383484363556,0.0,159.179,0.0,-23.887012481689453
240.0686662197113,0.0,159.119,0.0,-23.88075828552246
240.10112285614014,0.0,159.119,0.0,-23.8736572265625
240.13342452049255,0.0,159.051,0.0,-23.861797332763672
240.16583490371704,0.0,159.035,0.0,-23.85626792907715
240.19139051437378,0.0,158.963,0.0,-23.849241256713867
240.2218885421753,0.0,158.884,0.0,-23.84282684326172
240.25665807724,0.0,158.822,0.0,-23.82857322692871
240.28633952140808,0.0,158.794,0.0,-23.821876525878906
240.31807661056519,0.0,158.748,0.0,-23.815067291259766
240.35013675689697,0.0,158.707,0.0,-23.809350967407227
240.38833951950073,0.0,158.684,0.0,-23.8013973236084
240.42266154289246,0.0,158.667,0.0,-23.797760009765625
240.45700907707214,0.0,158.605,0.0,-23.7912540435791
240.4886839389801,0.0,158.578,0.0,-23.787446975708008
240.5204107761383,0.0,158.54,0.0,-23.78363800048828
240.55669808387756,0.0,158.527,0.0,-23.77577018737793
240.5864577293396,0.0,158.526,0.0,-23.77299690246582
240.62184190750122,0.0,158.481,0.0,-23.77131462097168
240.652902841568,0.0,158.442,0.0,-23.76836395263672
240.67568564414978,0.0,158.399,0.0,-23.764678955078125
240.71658945083618,0.0,158.28,0.0,-23.753864288330078
240.74918723106384,0.0,158.273,0.0,-23.747352600097656
240.7811312675476,0.0,158.23,0.0,-23.736766815185547
240.80738019943237,0.0,158.205,0.0,-23.731714248657227
240.844801902771,0.0,158.106,0.0,-23.72667121887207
240.8753523826599,0.0,158.093,0.0,-23.720251083374023
240.90760469436646,0.0,158.047,0.0,-23.709260940551758
240.93988013267517,0.0,158.012,0.0,-23.703617095947266
240.97302961349487,0.0,158.016,0.0,-23.69968605041504
241.00593304634094,0.0,157.943,0.0,-23.694499969482422
241.03530097007751,0.0,157.926,0.0,-23.69034194946289
241.07454466819763,0.0,157.878,0.0,-23.686656951904297
241.1053102016449,0.0,157.824,0.0,-23.676679611206055
241.13527727127075,0.0,157.789,0.0,-23.672531127929688
241.16206645965576,0.0,157.747,0.0,-23.668094635009766
241.19805145263672,0.0,157.749,0.0,-23.663143157958984
241.224773645401,0.0,157.721,0.0,-23.65964126586914
241.25689697265625,0.0,157.697,0.0,-23.652408599853516
241.28905987739563,0.0,157.547,0.0,-23.6472225189209
241.32116746902466,0.0,157.483,0.0,-23.63979148864746
241.35280060768127,0.0,157.425,0.0,-23.63159942626953
241.38484168052673,0.0,157.427,0.0,-23.61684799194336
241.4158616065979,0.0,157.355,0.0,-23.611127853393555
241.44771766662598,0.0,157.324,0.0,-23.60513687133789
241.48005032539368,0.0,157.294,0.0,-23.599483489990234
241.51166892051697,0.0,157.281,0.0,-23.589738845825195
241.54259586334229,0.0,157.281,0.0,-23.586620330810547
241.56813621520996,0.0,157.24,0.0,-23.582763671875
241.59917187690735,0.0,157.197,0.0,-23.579254150390625
241.634432554245,0.0,157.124,0.0,-23.57032012939453
241.67360997200012,0.0,157.13,0.0,-23.566593170166016
241.70467948913574,0.0,157.035,0.0,-23.563968658447266
241.7219500541687,0.0,157.035,0.0,-23.55996322631836
241.7523431777954,0.0,157.005,0.0,-23.555347442626953
241.78437495231628,0.0,156.938,0.0,-23.545150756835938
241.8270137310028,0.0,156.908,0.0,-23.54055404663086
241.86011600494385,0.0,156.863,0.0,-23.53257942199707
241.89051294326782,0.0,156.813,0.0,-23.528423309326172
241.9153552055359,0.0,156.76,0.0,-23.523353576660156
241.94896006584167,0.0,156.692,0.0,-23.51744842529297
241.9730622768402,0.0,156.653,0.0,-23.510272979736328
242.00664639472961,0.0,156.637,0.0,-23.497568130493164
242.03790259361267,0.0,156.619,0.0,-23.492616653442383
242.0683310031891,0.0,156.497,0.0,-23.487377166748047
242.09958577156067,0.0,156.476,0.0,-23.48015022277832
242.13924717903137,0.0,156.432,0.0,-23.467592239379883
242.17188096046448,0.0,156.377,0.0,-23.461193084716797
242.20387744903564,0.0,156.358,0.0,-23.45598602294922
242.23677492141724,0.0,156.33,0.0,-23.447053909301758
242.26843857765198,0.0,156.332,0.0,-23.444021224975586
242.30035161972046,0.0,156.333,0.0,-23.441993713378906
242.34043645858765,0.0,156.297,0.0,-23.4387264251709
242.37449860572815,0.0,156.278,0.0,-23.437152862548828
242.4074535369873,0.0,156.216,0.0,-23.433372497558594
242.44184613227844,0.0,156.198,0.0,-23.430278778076172
242.47500610351562,0.0,156.158,0.0,-23.427337646484375
242.510755777359,0.0,156.137,0.0,-23.42000961303711
242.54296135902405,0.0,156.076,0.0,-23.416561126708984
242.5682508945465,0.0,156.066,0.0,-23.412416458129883
242.60949301719666,0.0,156.015,0.0,-23.404401779174805
242.65129399299622,0.0,155.93,0.0,-23.39975357055664
242.68519258499146,0.0,155.848,0.0,-23.386486053466797
242.71754264831543,0.0,155.773,0.0,-23.3792667388916
242.74335312843323,0.0,155.744,0.0,-23.37232208251953
242.76948070526123,0.0,155.724,0.0,-23.365978240966797
242.8088517189026,0.0,155.685,0.0,-23.354848861694336
242.8391945362091,0.0,155.675,0.0,-23.350332260131836
242.87085461616516,0.0,155.614,0.0,-23.34453582763672
242.90304446220398,0.0,155.597,0.0,-23.340103149414062
242.92688822746277,0.0,155.557,0.0,-23.33643341064453
242.96793246269226,0.0,155.55,0.0,-23.329133987426758
243.00901675224304,0.0,155.403,0.0,-23.32147789001465
243.0386688709259,0.0,155.368,0.0,-23.31513023376465
243.07109451293945,0.0,155.345,0.0,-23.308996200561523
243.10222482681274,0.0,155.357,0.0,-23.303537368774414
243.14077496528625,0.0,155.316,0.0,-23.298198699951172
243.17390537261963,0.0,155.298,0.0,-23.29472541809082
243.21036767959595,0.0,155.253,0.0,-23.287389755249023
243.2370104789734,0.0,155.241,0.0,-23.283920288085938
243.26811814308167,0.0,155.22,0.0,-23.281383514404297
243.30777978897095,0.0,155.192,0.0,-23.27593231201172
243.33343720436096,0.0,155.141,0.0,-23.271747589111328
243.37323665618896,0.0,155.028,0.0,-23.265195846557617
243.41151642799377,0.0,155.029,0.0,-23.254703521728516
243.43562841415405,0.0,155.014,0.0,-23.25088119506836
243.46458625793457,0.0,154.968,0.0,-23.2462215423584
243.49663043022156,0.0,154.946,0.0,-23.241920471191406
243.5288529396057,0.0,154.787,0.0,-23.235002517700195
243.56167721748352,0.0,154.779,0.0,-23.221113204956055
243.59390807151794,0.0,154.765,0.0,-23.216453552246094
243.62664604187012,0.0,154.735,0.0,-23.212520599365234
243.6606149673462,0.0,154.68,0.0,-23.204753875732422
243.68996500968933,0.0,154.647,0.0,-23.200654983520508
243.72094058990479,0.0,154.67,0.0,-23.196346282958984
243.7532925605774,0.0,154.617,0.0,-23.194223403930664
243.78537464141846,0.0,154.581,0.0,-23.18651008605957
243.81708002090454,0.0,154.505,0.0,-23.182279586791992
243.8612403869629,0.0,154.527,0.0,-23.17469024658203
243.88835978507996,0.0,154.505,0.0,-23.171939849853516
243.92072176933289,0.0,154.456,0.0,-23.169279098510742
243.95327854156494,0.0,154.363,0.0,-23.1661376953125
243.9850778579712,0.0,154.311,0.0,-23.15331268310547
244.02386212348938,0.0,154.24,0.0,-23.145999908447266
244.05429887771606,0.0,154.196,0.0,-23.139951705932617
244.09591364860535,0.0,154.151,0.0,-23.12717056274414
244.13531041145325,0.0,154.123,0.0,-23.117637634277344
244.16511964797974,0.0,154.099,0.0,-23.113365173339844
244.1974709033966,0.0,154.082,0.0,-23.10960578918457
244.23016500473022,0.0,154.085,0.0,-23.10724639892578
244.25610160827637,0.0,154.09,0.0,-23.105670928955078
244.29028058052063,0.0,154.067,0.0,-23.104068756103516
244.32488203048706,0.0,154.017,0.0,-23.10296630859375
244.34926962852478,0.0,153.987,0.0,-23.1002140045166
244.38522243499756,0.0,153.937,0.0,-23.092639923095703
244.42034888267517,0.0,153.884,0.0,-23.08944320678711
244.43974542617798,0.0,153.855,0.0,-23.08493995666504
244.48314499855042,0.0,153.823,0.0,-23.080432891845703
244.5165309906006,0.0,153.766,0.0,-23.070276260375977
244.54053163528442,0.0,153.766,0.0,-23.065956115722656
244.57405543327332,0.0,153.717,0.0,-23.06106185913086
244.61183047294617,0.0,153.676,0.0,-23.052698135375977
244.63604712486267,0.0,153.647,0.0,-23.048215866088867
244.66580939292908,0.0,153.624,0.0,-23.04400062561035
244.70000314712524,0.0,153.557,0.0,-23.03978157043457
244.73427724838257,0.0,153.504,0.0,-23.029468536376953
244.75954627990723,0.0,153.478,0.0,-23.024246215820312
244.78749465942383,0.0,153.443,0.0,-23.018964767456055
244.81788778305054,0.0,153.399,0.0,-23.01326560974121
244.8523142337799,0.0,153.387,0.0,-23.008588790893555
244.8819031715393,0.0,153.314,0.0,-23.005212783813477
244.9191346168518,0.0,153.283,0.0,-22.996482849121094
244.954087972641,0.0,153.267,0.0,-22.992189407348633
244.99091339111328,0.0,153.221,0.0,-22.98357391357422
245.0220205783844,0.0,153.209,0.0,-22.980302810668945
245.0618541240692,0.0,153.14,0.0,-22.97266387939453
245.08603954315186,0.0,153.145,0.0,-22.969356536865234
245.11574363708496,0.0,153.064,0.0,-22.963623046875
245.14722180366516,0.0,153.017,0.0,-22.95823860168457
245.1789710521698,0.0,152.966,0.0,-22.953506469726562
245.2065908908844,0.0,152.95,0.0,-22.947938919067383
245.24249982833862,0.0,152.885,0.0,-22.937042236328125
245.27170538902283,0.0,152.839,0.0,-22.930591583251953
245.31126737594604,0.0,152.856,0.0,-22.923219680786133
245.36506366729736,0.0,152.799,0.0,-22.917583465576172
245.40474796295166,0.0,152.696,0.0,-22.913618087768555
245.43566989898682,0.0,152.655,0.0,-22.902036666870117
245.46281599998474,0.0,152.609,0.0,-22.895790100097656
245.5026876926422,0.0,152.59,0.0,-22.890405654907227
245.54612112045288,0.0,152.55,0.0,-22.88141632080078
245.57194924354553,0.0,152.503,0.0,-22.878360748291016
245.59612488746643,0.0,152.447,0.0,-22.874267578125
245.64112210273743,0.0,152.381,0.0,-22.8638973236084
245.66476821899414,0.0,152.372,0.0,-22.85869026184082
245.69015049934387,0.0,152.348,0.0,-22.85453224182129
245.74024963378906,0.0,152.299,0.0,-22.846467971801758
245.77351307868958,0.0,152.274,0.0,-22.842748641967773
245.80647897720337,0.0,152.247,0.0,-22.83906364440918
245.83792519569397,0.0,152.226,0.0,-22.83177375793457
245.87042379379272,0.0,152.152,0.0,-22.82771110534668
245.90169215202332,0.0,152.145,0.0,-22.823244094848633
245.94099688529968,0.0,152.124,0.0,-22.81635284423828
245.97341561317444,0.0,151.998,0.0,-22.81102752685547
246.00413870811462,0.0,151.986,0.0,-22.804784774780273
246.03603291511536,0.0,151.922,0.0,-22.793285369873047
246.07466864585876,0.0,151.897,0.0,-22.78753089904785
246.10116505622864,0.0,151.882,0.0,-22.782697677612305
246.13800144195557,0.0,151.84,0.0,-22.774089813232422
246.16291332244873,0.0,151.822,0.0,-22.770532608032227
246.19328236579895,0.0,151.828,0.0,-22.768028259277344
246.23699188232422,0.0,151.792,0.0,-22.76581573486328
246.2680311203003,0.0,151.79,0.0,-22.763805389404297
246.30814361572266,0.0,151.772,0.0,-22.762372970581055
246.33810949325562,0.0,151.745,0.0,-22.75906753540039
246.37024855613708,0.0,151.674,0.0,-22.75739288330078
246.4019980430603,0.0,151.63,0.0,-22.753293991088867
246.43718218803406,0.0,151.582,0.0,-22.74286651611328
246.46746349334717,0.0,151.547,0.0,-22.738441467285156
246.506831407547,0.0,151.518,0.0,-22.734037399291992
246.54012274742126,0.0,151.476,0.0,-22.72461700439453
246.57211589813232,0.0,151.435,0.0,-22.719152450561523
246.60414004325867,0.0,151.419,0.0,-22.71521759033203
246.6393437385559,0.0,151.378,0.0,-22.70749282836914
246.6720790863037,0.0,151.324,0.0,-22.702171325683594
246.71342730522156,0.0,151.235,0.0,-22.6904296875
246.73991179466248,0.0,151.209,0.0,-22.68480110168457
246.77106618881226,0.0,151.192,0.0,-22.67996597290039
246.8029124736786,0.0,151.152,0.0,-22.674781799316406
246.8386890888214,0.0,151.128,0.0,-22.668622970581055
246.86822509765625,0.0,151.092,0.0,-22.665706634521484
246.90007185935974,0.0,151.064,0.0,-22.662166595458984
246.94075775146484,0.0,151.01,0.0,-22.653654098510742
246.97296929359436,0.0,150.97,0.0,-22.650062561035156
247.01576852798462,0.0,150.902,0.0,-22.641551971435547
247.05414080619812,0.0,150.871,0.0,-22.63682746887207
247.08860516548157,0.0,150.847,0.0,-22.62765121459961
247.11969113349915,0.0,150.789,0.0,-22.623600006103516
247.15078926086426,0.0,150.775,0.0,-22.619096755981445
247.18759775161743,0.0,150.761,0.0,-22.611915588378906
247.21885657310486,0.0,150.753,0.0,-22.609222412109375
247.2506721019745,0.0,150.718,0.0,-22.606473922729492
247.26766633987427,0.0,150.718,0.0,-22.603975296020508
247.31374859809875,0.0,150.669,0.0,-22.598054885864258
247.34480023384094,0.0,150.664,0.0,-22.595808029174805
247.37741827964783,0.0,150.628,0.0,-22.592754364013672
247.409588098526,0.0,150.546,0.0,-22.589366912841797
247.44022345542908,0.0,150.491,0.0,-22.58302116394043
247.47261428833008,0.0,150.477,0.0,-22.577869415283203
247.51459527015686,0.0,150.458,0.0,-22.569202423095703
247.53956985473633,0.0,150.392,0.0,-22.56637954711914
247.5648639202118,0.0,150.378,0.0,-22.561622619628906
247.59806537628174,0.0,150.314,0.0,-22.557554244995117
247.6338460445404,0.0,150.308,0.0,-22.55191993713379
247.67343401908875,0.0,150.279,0.0,-22.543685913085938
247.70738101005554,0.0,150.225,0.0,-22.540346145629883
247.74880719184875,0.0,150.135,0.0,-22.530561447143555
247.7729992866516,0.0,150.095,0.0,-22.5247802734375
247.805317401886,0.0,150.066,0.0,-22.518848419189453
247.83095788955688,0.0,150.043,0.0,-22.513267517089844
247.86347770690918,0.0,149.959,0.0,-22.501014709472656
247.9001760482788,0.0,149.936,0.0,-22.49480438232422
247.93862009048462,0.0,149.924,0.0,-22.486328125
247.9987452030182,0.0,149.882,0.0,-22.479698181152344
248.01932740211487,0.0,149.789,0.0,-22.47330093383789
248.05601286888123,0.0,149.729,0.0,-22.46695899963379
248.09938192367554,0.0,149.688,0.0,-22.455671310424805
248.13371777534485,0.0,149.678,0.0,-22.451480865478516
248.1738555431366,0.0,149.639,0.0,-22.446447372436523
248.19890069961548,0.0,149.637,0.0,-22.44304656982422
248.2271409034729,0.0,149.611,0.0,-22.440568923950195
248.25310230255127,0.0,149.599,0.0,-22.437793731689453
248.289897441864,0.0,149.574,0.0,-22.432659149169922
248.32353138923645,0.0,149.519,0.0,-22.42951774597168
248.3582730293274,0.0,149.484,0.0,-22.426250457763672
248.39125227928162,0.0,149.498,0.0,-22.420320510864258
248.44835543632507,0.0,149.494,0.0,-22.417552947998047
248.47201204299927,0.0,149.476,0.0,-22.41693878173828
248.50643944740295,0.0,149.436,0.0,-22.41588592529297
248.5348517894745,0.0,149.371,0.0,-22.413557052612305
248.57206749916077,0.0,149.319,0.0,-22.40378761291504
248.6071422100067,0.0,149.208,0.0,-22.397724151611328
248.64007711410522,0.0,149.143,0.0,-22.382568359375
248.6660795211792,0.0,149.122,0.0,-22.375675201416016
248.69889092445374,0.0,149.13,0.0,-22.370901107788086
248.72469806671143,0.0,149.141,0.0,-22.367435455322266
248.77320909500122,0.0,149.148,0.0,-22.365005493164062
248.79950499534607,0.0,149.118,0.0,-22.364286422729492
248.8334596157074,0.0,149.067,0.0,-22.362668991088867
248.8738534450531,0.0,148.914,0.0,-22.35288429260254
248.90647149085999,0.0,148.923,0.0,-22.345842361450195
248.93958973884583,0.0,148.941,0.0,-22.338176727294922
249.00255703926086,0.0,148.862,0.0,-22.335086822509766
249.0407440662384,0.0,148.814,0.0,-22.325855255126953
249.06498908996582,0.0,148.767,0.0,-22.320167541503906
249.0978524684906,0.0,148.725,0.0,-22.315759658813477
249.14093947410583,0.0,148.706,0.0,-22.306734085083008
249.17569875717163,0.0,148.618,0.0,-22.302637100219727
249.22295308113098,0.0,148.59,0.0,-22.291664123535156
249.2538993358612,0.0,148.537,0.0,-22.286718368530273
249.29050993919373,0.0,148.532,0.0,-22.278263092041016
249.31631731987,0.0,148.515,0.0,-22.274932861328125
249.34974312782288,0.0,148.502,0.0,-22.27203369140625
249.3837490081787,0.0,148.476,0.0,-22.269969940185547
249.41601085662842,0.0,148.487,0.0,-22.266674041748047
249.45008087158203,0.0,148.473,0.0,-22.265853881835938
249.4739067554474,0.0,148.492,0.0,-22.264820098876953
249.50704550743103,0.0,148.48,0.0,-22.264995574951172
249.5379683971405,0.0,148.461,0.0,-22.263994216918945
249.56912779808044,0.0,148.367,0.0,-22.26129722595215
249.60071682929993,0.0,148.327,0.0,-22.257631301879883
249.6294846534729,0.0,148.299,0.0,-22.25326156616211
249.67015743255615,0.0,148.315,0.0,-22.246274948120117
249.7021608352661,0.0,148.293,0.0,-22.24452018737793
249.73497796058655,0.0,148.278,0.0,-22.2423095703125
249.76669073104858,0.0,148.241,0.0,-22.237022399902344
249.79128003120422,0.0,148.192,0.0,-22.232715606689453
249.82186698913574,0.0,148.179,0.0,-22.228992462158203
249.85414385795593,0.0,148.146,0.0,-22.224882125854492
249.8897750377655,0.0,148.095,0.0,-22.21677017211914
249.91803979873657,0.0,148.048,0.0,-22.211807250976562
249.95674061775208,0.0,148.029,0.0,-22.20734214782715
250.0062289237976,0.0,147.929,0.0,-22.196147918701172
250.04258561134338,0.0,147.919,0.0,-22.187856674194336
250.07037138938904,0.0,147.86,0.0,-22.183902740478516
250.10177278518677,0.0,147.827,0.0,-22.179826736450195
250.1501808166504,0.0,147.735,0.0,-22.169902801513672
250.175119638443,0.0,147.716,0.0,-22.16436195373535
250.2064187526703,0.0,147.684,0.0,-22.15949058532715
250.2421886920929,0.0,147.67,0.0,-22.15045166015625
250.26999402046204,0.0,147.611,0.0,-22.144989013671875
250.30190896987915,0.0,147.611,0.0,-22.141029357910156
250.33371663093567,0.0,147.57,0.0,-22.138153076171875
250.36587834358215,0.0,147.563,0.0,-22.13147735595703
250.39872550964355,0.0,147.535,0.0,-22.12823486328125
250.42794561386108,0.0,147.471,0.0,-22.123672485351562
250.45663046836853,0.0,147.441,0.0,-22.119937896728516
250.49199080467224,0.0,147.427,0.0,-22.112585067749023
250.54104471206665,0.0,147.393,0.0,-22.106210708618164
250.5695607662201,0.0,147.379,0.0,-22.10362434387207
250.60163617134094,0.0,147.367,0.0,-22.101825714111328
250.63638401031494,0.0,147.379,0.0,-22.100128173828125
250.66173481941223,0.0,147.363,0.0,-22.099510192871094
250.69250106811523,0.0,147.339,0.0,-22.097623825073242
250.72352409362793,0.0,147.315,0.0,-22.096403121948242
250.7514317035675,0.0,147.285,0.0,-22.094606399536133
250.7860107421875,0.0,147.249,0.0,-22.092105865478516
250.8167290687561,0.0,147.186,0.0,-22.083755493164062
250.8484616279602,0.0,147.145,0.0,-22.079078674316406
250.87711882591248,0.0,147.131,0.0,-22.0748233795166
250.91888332366943,0.0,147.096,0.0,-22.066938400268555
250.94909119606018,0.0,147.099,0.0,-22.064010620117188
250.97738099098206,0.0,147.037,0.0,-22.059314727783203
251.00221514701843,0.0,147.041,0.0,-22.056026458740234
251.04490065574646,0.0,146.969,0.0,-22.047107696533203
251.0697741508484,0.0,146.921,0.0,-22.042089462280273
251.1015431880951,0.0,146.881,0.0,-22.036720275878906
251.1347677707672,0.0,146.86,0.0,-22.03318214416504
251.15934538841248,0.0,146.86,0.0,-22.029342651367188
251.20056819915771,0.0,146.826,0.0,-22.023210525512695
251.2260057926178,0.0,146.786,0.0,-22.020793914794922
251.2524139881134,0.0,146.76,0.0,-22.017436981201172
251.2919294834137,0.0,146.726,0.0,-22.011167526245117
251.31687951087952,0.0,146.7,0.0,-22.00803565979004
251.34622621536255,0.0,146.654,0.0,-22.00470542907715
251.3792245388031,0.0,146.624,0.0,-22.000383377075195
251.4085624217987,0.0,146.607,0.0,-21.9959659576416
251.45321440696716,0.0,146.548,0.0,-21.987695693969727
251.48537516593933,0.0,146.466,0.0,-21.98353385925293
251.50318694114685,0.0,146.423,0.0,-21.977067947387695
251.5384874343872,0.0,146.372,0.0,-21.9704647064209
251.5745222568512,0.0,146.364,0.0,-21.957870483398438
251.59829211235046,0.0,146.338,0.0,-21.952714920043945
251.62868404388428,0.0,146.327,0.0,-21.94849967956543
251.66854906082153,0.0,146.31,0.0,-21.943498611450195
251.6937439441681,0.0,146.299,0.0,-21.940887451171875
251.72073483467102,0.0,146.293,0.0,-21.9390869140625
251.75271916389465,0.0,146.256,0.0,-21.937652587890625
251.78613924980164,0.0,146.26,0.0,-21.93519401550293
251.82249283790588,0.0,146.224,0.0,-21.931394577026367
251.857280254364,0.0,146.218,0.0,-21.929576873779297
251.8830509185791,0.0,146.205,0.0,-21.928096771240234
251.92543411254883,0.0,146.183,0.0,-21.924854278564453
251.95609498023987,0.0,146.162,0.0,-21.92346954345703
251.98741459846497,0.0,146.11,0.0,-21.92167091369629
252.0247414112091,0.0,146.088,0.0,-21.915447235107422
252.05740237236023,0.0,146.055,0.0,-21.912803649902344
252.080885887146,0.0,146.043,0.0,-21.909523010253906
252.1185338497162,0.0,146.017,0.0,-21.903453826904297
252.15507078170776,0.0,145.934,0.0,-21.899385452270508
252.18077063560486,0.0,145.899,0.0,-21.894672393798828
252.21378540992737,0.0,145.868,0.0,-21.88971710205078
252.23822283744812,0.0,145.84,0.0,-21.884750366210938
252.27484250068665,0.0,145.847,0.0,-21.876636505126953
252.30101799964905,0.0,145.835,0.0,-21.87378692626953
252.3318591117859,0.0,145.819,0.0,-21.871089935302734
252.36944890022278,0.0,145.786,0.0,-21.866790771484375
252.39982771873474,0.0,145.751,0.0,-21.864818572998047
252.43085932731628,0.0,145.724,0.0,-21.86199188232422
252.455974817276,0.0,145.637,0.0,-21.858835220336914
252.49781131744385,0.0,145.565,0.0,-21.845548629760742
252.53856539726257,0.0,145.532,0.0,-21.83995819091797
252.57143092155457,0.0,145.523,0.0,-21.829708099365234
252.60239267349243,0.0,145.49,0.0,-21.82654571533203
252.63497948646545,0.0,145.466,0.0,-21.822921752929688
252.66634726524353,0.0,145.463,0.0,-21.81931495666504
252.69268989562988,0.0,145.428,0.0,-21.81324005126953
252.72571778297424,0.0,145.397,0.0,-21.80953598022461
252.7518081665039,0.0,145.352,0.0,-21.804981231689453
252.79529118537903,0.0,145.307,0.0,-21.796390533447266
252.8205542564392,0.0,145.256,0.0,-21.79138946533203
252.85273432731628,0.0,145.241,0.0,-21.787097930908203
252.88123106956482,0.0,145.222,0.0,-21.783191680908203
252.91259479522705,0.0,145.178,0.0,-21.77928924560547
252.94216299057007,0.0,145.161,0.0,-21.77246856689453
252.97414469718933,0.0,145.145,0.0,-21.76948356628418
253.00229287147522,0.0,145.166,0.0,-21.768259048461914
253.0350501537323,0.0,145.159,0.0,-21.76751136779785
253.0730447769165,0.0,145.137,0.0,-21.76517105102539
253.10593152046204,0.0,145.097,0.0,-21.764440536499023
253.13230204582214,0.0,145.09,0.0,-21.76235580444336
253.16253638267517,0.0,145.1,0.0,-21.760604858398438
253.1960744857788,0.0,145.097,0.0,-21.759235382080078
253.22048234939575,0.0,145.04,0.0,-21.75753402709961
253.25870013237,0.0,144.996,0.0,-21.755340576171875
253.28974843025208,0.0,144.951,0.0,-21.75192642211914
253.3187575340271,0.0,144.928,0.0,-21.743301391601562
253.34952759742737,0.0,144.878,0.0,-21.738075256347656
253.39027190208435,0.0,144.843,0.0,-21.7338924407959
253.42366194725037,0.0,144.822,0.0,-21.725629806518555
253.47405624389648,0.0,144.798,0.0,-21.71959114074707
253.50628399848938,0.0,144.798,0.0,-21.717357635498047
253.53296875953674,0.0,144.755,0.0,-21.71491241455078
253.56504607200623,0.0,144.744,0.0,-21.712261199951172
253.59801721572876,0.0,144.711,0.0,-21.706867218017578
253.63842916488647,0.0,144.605,0.0,-21.702991485595703
253.66468048095703,0.0,144.593,0.0,-21.697383880615234
253.70516109466553,0.0,144.565,0.0,-21.689268112182617
253.73149633407593,0.0,144.541,0.0,-21.685609817504883
253.75736594200134,0.0,144.55,0.0,-21.681949615478516
253.79168462753296,0.0,144.504,0.0,-21.679676055908203
253.82938647270203,0.0,144.487,0.0,-21.67397689819336
253.85494375228882,0.0,144.421,0.0,-21.671390533447266
253.88009881973267,0.0,144.414,0.0,-21.666790008544922
253.9131486415863,0.0,144.357,0.0,-21.66311264038086
253.94807243347168,0.0,144.282,0.0,-21.65292739868164
253.9889943599701,0.0,144.227,0.0,-21.647388458251953
254.01846027374268,0.0,144.182,0.0,-21.634357452392578
254.0676670074463,0.0,144.132,0.0,-21.62297821044922
254.09667658805847,0.0,144.145,0.0,-21.619535446166992
254.13929390907288,0.0,144.131,0.0,-21.6173095703125
254.17075514793396,0.0,144.107,0.0,-21.612445831298828
254.19845628738403,0.0,144.088,0.0,-21.60987091064453
254.2335982322693,0.0,144.095,0.0,-21.608503341674805
254.26652693748474,0.0,144.098,0.0,-21.607515335083008
254.29164242744446,0.0,144.084,0.0,-21.607067108154297
254.31825828552246,0.0,144.037,0.0,-21.603914260864258
254.3472249507904,0.0,144.004,0.0,-21.602224349975586
254.3880832195282,0.0,143.992,0.0,-21.599687576293945
254.41204571723938,0.0,143.985,0.0,-21.597373962402344
254.45424485206604,0.0,143.996,0.0,-21.594310760498047
254.47870874404907,0.0,143.947,0.0,-21.593830108642578
254.503812789917,0.0,143.909,0.0,-21.591537475585938
254.53275179862976,0.0,143.888,0.0,-21.588300704956055
254.5653531551361,0.0,143.852,0.0,-21.585050582885742
254.59795784950256,0.0,143.81,0.0,-21.578125
254.64021801948547,0.0,143.772,0.0,-21.574325561523438
254.67319250106812,0.0,143.737,0.0,-21.56522560119629
254.70644664764404,0.0,143.685,0.0,-21.560270309448242
254.73797416687012,0.0,143.689,0.0,-21.555889129638672
254.76976346969604,0.0,143.65,0.0,-21.549015045166016
254.80241894721985,0.0,143.636,0.0,-21.545644760131836
254.83520483970642,0.0,143.518,0.0,-21.538511276245117
254.8744659423828,0.0,143.48,0.0,-21.52720069885254
254.90722513198853,0.0,143.475,0.0,-21.522768020629883
254.94053602218628,0.0,143.428,0.0,-21.517738342285156
254.98067021369934,0.0,143.402,0.0,-21.510034561157227
255.02229046821594,0.0,143.338,0.0,-21.50109100341797
255.05421924591064,0.0,143.331,0.0,-21.49808692932129
255.08922815322876,0.0,143.309,0.0,-21.495681762695312
255.11640691757202,0.0,143.288,0.0,-21.493106842041016
255.15557146072388,0.0,143.232,0.0,-21.48894691467285
255.1893970966339,0.0,143.22,0.0,-21.485258102416992
255.2152557373047,0.0,143.217,0.0,-21.48208999633789
255.24060726165771,0.0,143.172,0.0,-21.479700088500977
255.27286028862,0.0,143.168,0.0,-21.473411560058594
255.30595588684082,0.0,143.107,0.0,-21.469968795776367
255.3372447490692,0.0,143.074,0.0,-21.4664363861084
255.3691041469574,0.0,143.05,0.0,-21.462499618530273
255.401221036911,0.0,143.013,0.0,-21.454265594482422
255.43390727043152,0.0,142.994,0.0,-21.4501953125
255.45720839500427,0.0,142.994,0.0,-21.44732093811035
255.50027775764465,0.0,142.998,0.0,-21.4438419342041
255.5355498790741,0.0,142.984,0.0,-21.44253921508789
255.5707950592041,0.0,142.956,0.0,-21.43975257873535
255.60726761817932,0.0,142.934,0.0,-21.43777084350586
255.63888549804688,0.0,142.918,0.0,-21.436391830444336
255.66871976852417,0.0,142.883,0.0,-21.43480110168457
255.6988079547882,0.0,142.828,0.0,-21.43079376220703
255.7342734336853,0.0,142.816,0.0,-21.427112579345703
255.76556825637817,0.0,142.8,0.0,-21.423900604248047
255.7967987060547,0.0,142.757,0.0,-21.41689109802246
255.82805824279785,0.0,142.723,0.0,-21.41327476501465
255.86039447784424,0.0,142.696,0.0,-21.409873962402344
255.89276933670044,0.0,142.671,0.0,-21.406261444091797
255.924738407135,0.0,142.643,0.0,-21.398706436157227
255.95675420761108,0.0,142.604,0.0,-21.39478302001953
255.98953652381897,0.0,142.55,0.0,-21.391368865966797
256.0214591026306,0.0,142.52,0.0,-21.381874084472656
256.05368304252625,0.0,142.522,0.0,-21.378456115722656
256.08676075935364,0.0,142.504,0.0,-21.37523651123047
256.11775827407837,0.0,142.468,0.0,-21.37271499633789
256.15082836151123,0.0,142.458,0.0,-21.367019653320312
256.17816281318665,0.0,142.445,0.0,-21.364620208740234
256.222727060318,0.0,142.409,0.0,-21.360788345336914
256.25771951675415,0.0,142.378,0.0,-21.358787536621094
256.28952836990356,0.0,142.333,0.0,-21.356096267700195
256.322021484375,0.0,142.3,0.0,-21.348939895629883
256.3457341194153,0.0,142.3,0.0,-21.345678329467773
256.38867473602295,0.0,142.277,0.0,-21.341930389404297
256.41375756263733,0.0,142.246,0.0,-21.339614868164062
256.4527733325958,0.0,142.182,0.0,-21.333904266357422
256.4851748943329,0.0,142.14,0.0,-21.32990074157715
256.5241756439209,0.0,142.097,0.0,-21.319931030273438
256.55607628822327,0.0,142.045,0.0,-21.3138427734375
256.5872218608856,0.0,141.974,0.0,-21.30797576904297
256.62326669692993,0.0,141.974,0.0,-21.297565460205078
256.6534707546234,0.0,141.988,0.0,-21.294939041137695
256.6863126754761,0.0,141.937,0.0,-21.29088592529297
256.7191753387451,0.0,141.93,0.0,-21.28803825378418
256.7525477409363,0.0,141.877,0.0,-21.281944274902344
256.7830295562744,0.0,141.886,0.0,-21.279579162597656
256.81556963920593,0.0,141.851,0.0,-21.276472091674805
256.8482584953308,0.0,141.833,0.0,-21.271976470947266
256.8899030685425,0.0,141.803,0.0,-21.27039337158203
256.92350673675537,0.0,141.801,0.0,-21.266387939453125
256.9519793987274,0.0,141.8,0.0,-21.26519775390625
256.99035930633545,0.0,141.786,0.0,-21.26443862915039
257.02256178855896,0.0,141.77,0.0,-21.26209259033203
257.0544481277466,0.0,141.728,0.0,-21.260831832885742
257.090128660202,0.0,141.729,0.0,-21.25860595703125
257.12281918525696,0.0,141.685,0.0,-21.254138946533203
257.1557397842407,0.0,141.601,0.0,-21.25121307373047
257.1817262172699,0.0,141.589,0.0,-21.24635124206543
257.2202320098877,0.0,141.585,0.0,-21.242223739624023
257.25254797935486,0.0,141.534,0.0,-21.234521865844727
257.2844994068146,0.0,141.462,0.0,-21.228181838989258
257.3243250846863,0.0,141.41,0.0,-21.216785430908203
257.35508966445923,0.0,141.41,0.0,-21.212797164916992
257.3865587711334,0.0,141.41,0.0,-21.20989990234375
257.4095859527588,0.0,141.385,0.0,-21.20679473876953
257.45055174827576,0.0,141.357,0.0,-21.20164680480957
257.48237919807434,0.0,141.318,0.0,-21.199783325195312
257.5149962902069,0.0,141.338,0.0,-21.196880340576172
257.5404098033905,0.0,141.318,0.0,-21.19564437866211
257.5733370780945,0.0,141.273,0.0,-21.190441131591797
257.6049358844757,0.0,141.232,0.0,-21.18842315673828
257.64025688171387,0.0,141.204,0.0,-21.185298919677734
257.66822600364685,0.0,141.206,0.0,-21.18186378479004
257.691038608551,0.0,141.153,0.0,-21.1794490814209
257.72553396224976,0.0,141.111,0.0,-21.170867919921875
257.75644755363464,0.0,141.058,0.0,-21.166471481323242
257.7894501686096,0.0,141.041,0.0,-21.16197967529297
257.82486748695374,0.0,141.037,0.0,-21.15487289428711
257.8485977649689,0.0,141.0,0.0,-21.151105880737305
257.8806645870209,0.0,140.953,0.0,-21.146398544311523
257.92136812210083,0.0,140.897,0.0,-21.1415958404541
257.9427111148834,0.0,140.881,0.0,-21.137060165405273
257.97522735595703,0.0,140.834,0.0,-21.128211975097656
258.0079777240753,0.0,140.779,0.0,-21.122339248657227
258.04192304611206,0.0,140.753,0.0,-21.11690902709961
258.074343919754,0.0,140.735,0.0,-21.109167098999023
258.1056635379791,0.0,140.741,0.0,-21.106605529785156
258.13579082489014,0.0,140.744,0.0,-21.105083465576172
258.1596848964691,0.0,140.758,0.0,-21.104236602783203
258.2137289047241,0.0,140.74,0.0,-21.10413360595703
258.2492866516113,0.0,140.735,0.0,-21.103618621826172
258.27838015556335,0.0,140.698,0.0,-21.102516174316406
258.3069157600403,0.0,140.675,0.0,-21.101299285888672
258.3376462459564,0.0,140.665,0.0,-21.09952735900879
258.3702538013458,0.0,140.632,0.0,-21.097864151000977
258.4023413658142,0.0,140.621,0.0,-21.093015670776367
258.4406623840332,0.0,140.539,0.0,-21.08997344970703
258.474303483963,0.0,140.509,0.0,-21.081249237060547
258.50393748283386,0.0,140.49,0.0,-21.07715606689453
258.5387899875641,0.0,140.43,0.0,-21.0728759765625
258.5888559818268,0.0,140.418,0.0,-21.0646915435791
258.6213188171387,0.0,140.36,0.0,-21.061059951782227
258.6523461341858,0.0,140.349,0.0,-21.053319931030273
258.67826986312866,0.0,140.325,0.0,-21.050750732421875
258.716347694397,0.0,140.307,0.0,-21.047924041748047
258.74998450279236,0.0,140.275,0.0,-21.042875289916992
258.7797977924347,0.0,140.282,0.0,-21.040231704711914
258.81171345710754,0.0,140.244,0.0,-21.03864288330078
258.8432557582855,0.0,140.226,0.0,-21.03597640991211
258.87591910362244,0.0,140.157,0.0,-21.030651092529297
258.90719079971313,0.0,140.168,0.0,-21.02660369873047
258.94055128097534,0.0,140.15,0.0,-21.024089813232422
258.97433495521545,0.0,140.15,0.0,-21.019733428955078
259.00247716903687,0.0,140.142,0.0,-21.01814842224121
259.03379678726196,0.0,140.133,0.0,-21.017070770263672
259.07411885261536,0.0,140.119,0.0,-21.014724731445312
259.10574102401733,0.0,140.076,0.0,-21.012062072753906
259.1378421783447,0.0,140.027,0.0,-21.009626388549805
259.161244392395,0.0,140.027,0.0,-21.006319046020508
259.2023980617523,0.0,139.982,0.0,-20.998733520507812
259.2310833930969,0.0,139.975,0.0,-20.996118545532227
259.25785517692566,0.0,139.963,0.0,-20.993736267089844
259.2915606498718,0.0,139.951,0.0,-20.99152946472168
259.3161268234253,0.0,139.905,0.0,-20.988033294677734
259.3513000011444,0.0,139.814,0.0,-20.979097366333008
259.38019371032715,0.0,139.785,0.0,-20.97504234313965
259.4124116897583,0.0,139.795,0.0,-20.97084617614746
259.44518542289734,0.0,139.784,0.0,-20.968183517456055
259.4763615131378,0.0,139.781,0.0,-20.96403694152832
259.5075578689575,0.0,139.755,0.0,-20.962812423706055
259.54096722602844,0.0,139.731,0.0,-20.96092414855957
259.57618832588196,0.0,139.726,0.0,-20.956745147705078
259.60714650154114,0.0,139.676,0.0,-20.95465087890625
259.638210773468,0.0,139.661,0.0,-20.951871871948242
259.6601972579956,0.0,139.666,0.0,-20.949230194091797
259.7015781402588,0.0,139.7,0.0,-20.947792053222656
259.73343229293823,0.0,139.683,0.0,-20.947406768798828
259.7596848011017,0.0,139.635,0.0,-20.945213317871094
259.79139494895935,0.0,139.577,0.0,-20.942584991455078
259.82065320014954,0.0,139.533,0.0,-20.939287185668945
259.85261511802673,0.0,139.512,0.0,-20.930946350097656
259.8840596675873,0.0,139.464,0.0,-20.925922393798828
259.91511631011963,0.0,139.447,0.0,-20.921464920043945
259.9414870738983,0.0,139.43,0.0,-20.91745376586914
259.97079205513,0.0,139.356,0.0,-20.913204193115234
260.00438380241394,0.0,139.353,0.0,-20.906017303466797
260.03596687316895,0.0,139.329,0.0,-20.90291404724121
260.0681207180023,0.0,139.322,0.0,-20.899673461914062
260.1094169616699,0.0,139.279,0.0,-20.894960403442383
260.1421573162079,0.0,139.243,0.0,-20.891918182373047
260.17498445510864,0.0,139.224,0.0,-20.884714126586914
260.2057087421417,0.0,139.202,0.0,-20.881248474121094
260.2373523712158,0.0,139.178,0.0,-20.878440856933594
260.268901348114,0.0,139.125,0.0,-20.875720977783203
260.3014898300171,0.0,139.104,0.0,-20.86762046813965
260.331796169281,0.0,139.09,0.0,-20.864158630371094
260.3639078140259,0.0,139.058,0.0,-20.860729217529297
260.3977015018463,0.0,139.034,0.0,-20.85782814025879
260.4397361278534,0.0,138.993,0.0,-20.851028442382812
260.461012840271,0.0,138.993,0.0,-20.848112106323242
260.48725509643555,0.0,138.96,0.0,-20.84464454650879
260.51807975769043,0.0,138.931,0.0,-20.84108543395996
260.5516846179962,0.0,138.916,0.0,-20.835756301879883
260.5897262096405,0.0,138.881,0.0,-20.83393096923828
260.62151551246643,0.0,138.857,0.0,-20.831214904785156
260.65758538246155,0.0,138.789,0.0,-20.82426643371582
260.6920075416565,0.0,138.775,0.0,-20.820369720458984
260.7220242023468,0.0,138.761,0.0,-20.81693458557129
260.75426745414734,0.0,138.713,0.0,-20.809846878051758
260.78594398498535,0.0,138.689,0.0,-20.806705474853516
260.8177418708801,0.0,138.65,0.0,-20.80344009399414
260.84847807884216,0.0,138.65,0.0,-20.799448013305664
260.8812794685364,0.0,138.631,0.0,-20.793659210205078
260.9140498638153,0.0,138.593,0.0,-20.79060173034668
260.94580602645874,0.0,138.578,0.0,-20.787822723388672
260.97732758522034,0.0,138.578,0.0,-20.78336524963379
261.00827074050903,0.0,138.569,0.0,-20.781723022460938
261.04006695747375,0.0,138.54,0.0,-20.779396057128906
261.0723373889923,0.0,138.504,0.0,-20.776744842529297
261.1060950756073,0.0,138.462,0.0,-20.770877838134766
261.13654947280884,0.0,138.453,0.0,-20.767972946166992
261.1619973182678,0.0,138.443,0.0,-20.765880584716797
261.19279193878174,0.0,138.46,0.0,-20.763996124267578
261.2270133495331,0.0,138.421,0.0,-20.76144790649414
261.2577123641968,0.0,138.363,0.0,-20.758941650390625
261.2875714302063,0.0,138.323,0.0,-20.75583839416504
261.32059717178345,0.0,138.356,0.0,-20.75189781188965
261.3582196235657,0.0,138.342,0.0,-20.74867057800293
261.38983941078186,0.0,138.307,0.0,-20.74757194519043
261.42092275619507,0.0,138.276,0.0,-20.745386123657227
261.45328426361084,0.0,138.239,0.0,-20.738887786865234
261.48518896102905,0.0,138.21,0.0,-20.734989166259766
261.5167534351349,0.0,138.15,0.0,-20.73114776611328
261.54785203933716,0.0,138.102,0.0,-20.72676658630371
261.5813338756561,0.0,138.105,0.0,-20.717727661132812
261.61294531822205,0.0,138.093,0.0,-20.714460372924805
261.64465856552124,0.0,138.034,0.0,-20.710922241210938
261.67793107032776,0.0,138.011,0.0,-20.703258514404297
261.7082598209381,0.0,137.983,0.0,-20.699317932128906
261.740775346756,0.0,137.985,0.0,-20.6965274810791
261.7732970714569,0.0,137.981,0.0,-20.694543838500977
261.8051607608795,0.0,137.952,0.0,-20.692508697509766
261.8365864753723,0.0,137.927,0.0,-20.69053840637207
261.8678114414215,0.0,137.868,0.0,-20.6881160736084
261.9062852859497,0.0,137.82,0.0,-20.680015563964844
261.9382781982422,0.0,137.813,0.0,-20.67593765258789
261.97103691101074,0.0,137.801,0.0,-20.672649383544922
262.0028645992279,0.0,137.764,0.0,-20.666141510009766
262.0343539714813,0.0,137.749,0.0,-20.662996292114258
262.0723693370819,0.0,137.738,0.0,-20.660602569580078
262.11337423324585,0.0,137.692,0.0,-20.655941009521484
262.15276288986206,0.0,137.617,0.0,-20.648143768310547
262.18402194976807,0.0,137.622,0.0,-20.644577026367188
262.21563696861267,0.0,137.581,0.0,-20.640262603759766
262.2477135658264,0.0,137.563,0.0,-20.636423110961914
262.27890157699585,0.0,137.543,0.0,-20.630645751953125
262.3108494281769,0.0,137.569,0.0,-20.629667282104492
262.34270429611206,0.0,137.541,0.0,-20.627901077270508
262.3788859844208,0.0,137.494,0.0,-20.62570571899414
262.4064242839813,0.0,137.44,0.0,-20.623323440551758
262.4365234375,0.0,137.409,0.0,-20.619356155395508
262.4686200618744,0.0,137.407,0.0,-20.615131378173828
262.50104212760925,0.0,137.402,0.0,-20.609397888183594
262.5318212509155,0.0,137.39,0.0,-20.607465744018555
262.5637927055359,0.0,137.388,0.0,-20.605745315551758
262.5800738334656,0.0,137.388,0.0,-20.604476928710938
262.6114842891693,0.0,137.334,0.0,-20.601959228515625
262.6431007385254,0.0,137.324,0.0,-20.599563598632812
262.6747856140137,0.0,137.295,0.0,-20.597429275512695
262.70757246017456,0.0,137.268,0.0,-20.591588973999023
262.73956513404846,0.0,137.251,0.0,-20.589323043823242
262.7714190483093,0.0,137.219,0.0,-20.586994171142578
262.80427074432373,0.0,137.187,0.0,-20.580455780029297
262.84461188316345,0.0,137.099,0.0,-20.57660675048828
262.87797689437866,0.0,137.098,0.0,-20.567373275756836
262.90979051589966,0.0,137.123,0.0,-20.565515518188477
262.94180178642273,0.0,137.131,0.0,-20.564571380615234
262.97293972969055,0.0,137.095,0.0,-20.56391143798828
263.0044753551483,0.0,137.031,0.0,-20.561965942382812
263.03721356391907,0.0,136.972,0.0,-20.558189392089844
263.0666811466217,0.0,136.972,0.0,-20.55292320251465
263.0984673500061,0.0,136.93,0.0,-20.548988342285156
263.1295726299286,0.0,136.925,0.0,-20.540708541870117
263.16113805770874,0.0,136.899,0.0,-20.53802490234375
263.1947329044342,0.0,136.881,0.0,-20.535015106201172
263.2301001548767,0.0,136.847,0.0,-20.52855682373047
263.2564618587494,0.0,136.834,0.0,-20.525436401367188
263.2894115447998,0.0,136.839,0.0,-20.523056030273438
263.32104539871216,0.0,136.829,0.0,-20.521711349487305
263.35363602638245,0.0,136.785,0.0,-20.517696380615234
263.3847873210907,0.0,136.774,0.0,-20.51528549194336
263.4169375896454,0.0,136.694,0.0,-20.512222290039062
263.4588270187378,0.0,136.65,0.0,-20.503005981445312
263.489266872406,0.0,136.63,0.0,-20.498472213745117
263.53034234046936,0.0,136.581,0.0,-20.489810943603516
263.5548951625824,0.0,136.581,0.0,-20.486713409423828
263.5869576931,0.0,136.565,0.0,-20.483821868896484
263.61851263046265,0.0,136.513,0.0,-20.479576110839844
263.65047430992126,0.0,136.463,0.0,-20.47646713256836
263.682457447052,0.0,136.452,0.0,-20.470359802246094
263.71446919441223,0.0,136.469,0.0,-20.467300415039062
263.7467336654663,0.0,136.452,0.0,-20.4658203125
263.7784790992737,0.0,136.416,0.0,-20.461477279663086
263.81087350845337,0.0,136.354,0.0,-20.458072662353516
263.8427224159241,0.0,136.34,0.0,-20.454509735107422
263.87400937080383,0.0,136.352,0.0,-20.451326370239258
263.9066758155823,0.0,136.369,0.0,-20.449018478393555
263.9378960132599,0.0,136.336,0.0,-20.44768524169922
263.96880626678467,0.0,136.296,0.0,-20.44650650024414
264.00024795532227,0.0,136.305,0.0,-20.44405746459961
264.03995871543884,0.0,136.32,0.0,-20.44237518310547
264.07176446914673,0.0,136.298,0.0,-20.441682815551758
264.10696816444397,0.0,136.274,0.0,-20.43946075439453
264.13577914237976,0.0,136.279,0.0,-20.438642501831055
264.1600923538208,0.0,136.261,0.0,-20.437362670898438
264.2060580253601,0.0,136.201,0.0,-20.432209014892578
264.25520300865173,0.0,136.142,0.0,-20.427043914794922
264.2864842414856,0.0,136.135,0.0,-20.423927307128906
264.31797194480896,0.0,136.123,0.0,-20.421337127685547
264.35639905929565,0.0,136.102,0.0,-20.41633415222168
264.39249563217163,0.0,136.055,0.0,-20.41346549987793
264.415643453598,0.0,136.055,0.0,-20.41036033630371
264.4470899105072,0.0,136.032,0.0,-20.408082962036133
264.4785249233246,0.0,136.013,0.0,-20.405481338500977
264.51043820381165,0.0,135.956,0.0,-20.398452758789062
264.5417718887329,0.0,135.911,0.0,-20.39522361755371
264.5735547542572,0.0,135.876,0.0,-20.390972137451172
264.6069459915161,0.0,135.868,0.0,-20.382598876953125
264.6376371383667,0.0,135.828,0.0,-20.37816619873047
264.67115926742554,0.0,135.821,0.0,-20.37502098083496
264.6953513622284,0.0,135.81,0.0,-20.37232780456543
264.72412371635437,0.0,135.812,0.0,-20.369945526123047
264.75608372688293,0.0,135.807,0.0,-20.367050170898438
264.7882215976715,0.0,135.78,0.0,-20.36506462097168
264.82013154029846,0.0,135.763,0.0,-20.362958908081055
264.85678696632385,0.0,135.712,0.0,-20.358306884765625
264.88046288490295,0.0,135.693,0.0,-20.356016159057617
264.9224715232849,0.0,135.667,0.0,-20.35358428955078
264.9418053627014,0.0,135.629,0.0,-20.35074806213379
264.97376823425293,0.0,135.613,0.0,-20.347097396850586
265.0072853565216,0.0,135.631,0.0,-20.341665267944336
265.039803981781,0.0,135.603,0.0,-20.34058380126953
265.0729022026062,0.0,135.612,0.0,-20.33871078491211
265.1067454814911,0.0,135.56,0.0,-20.334999084472656
265.13567447662354,0.0,135.535,0.0,-20.33193016052246
265.16681027412415,0.0,135.478,0.0,-20.329267501831055
265.1991047859192,0.0,135.487,0.0,-20.325366973876953
265.22988724708557,0.0,135.474,0.0,-20.32051658630371
265.2573444843292,0.0,135.483,0.0,-20.319217681884766
265.291109085083,0.0,135.417,0.0,-20.315574645996094
265.3246097564697,0.0,135.348,0.0,-20.312009811401367
265.35685539245605,0.0,135.319,0.0,-20.302717208862305
265.38939929008484,0.0,135.327,0.0,-20.299602508544922
265.42120122909546,0.0,135.32,0.0,-20.297054290771484
265.4398567676544,0.0,135.305,0.0,-20.29460906982422
265.4749643802643,0.0,135.248,0.0,-20.291316986083984
265.50687050819397,0.0,135.201,0.0,-20.283769607543945
265.5377116203308,0.0,135.154,0.0,-20.28059196472168
265.5714330673218,0.0,135.159,0.0,-20.276321411132812
265.6068739891052,0.0,135.196,0.0,-20.27179527282715
265.6321687698364,0.0,135.22,0.0,-20.271772384643555
265.6607983112335,0.0,135.208,0.0,-20.272916793823242
265.708815574646,0.0,135.158,0.0,-20.271869659423828
265.73504757881165,0.0,135.094,0.0,-20.26972770690918
265.7573425769806,0.0,135.094,0.0,-20.266550064086914
265.78345704078674,0.0,135.054,0.0,-20.262535095214844
265.8158531188965,0.0,135.009,0.0,-20.258085250854492
265.84751892089844,0.0,134.995,0.0,-20.254356384277344
265.89081144332886,0.0,134.962,0.0,-20.248714447021484
265.9169907569885,0.0,134.972,0.0,-20.245561599731445
265.94251680374146,0.0,134.944,0.0,-20.243684768676758
265.97581672668457,0.0,134.946,0.0,-20.241199493408203
266.0090482234955,0.0,134.895,0.0,-20.236186981201172
266.04010677337646,0.0,134.88,0.0,-20.233131408691406
266.06470370292664,0.0,134.865,0.0,-20.23027992248535
266.10667848587036,0.0,134.833,0.0,-20.224607467651367
266.1373293399811,0.0,134.838,0.0,-20.222980499267578
266.1694221496582,0.0,134.776,0.0,-20.221864700317383
266.1912667751312,0.0,134.783,0.0,-20.218534469604492
266.2261004447937,0.0,134.753,0.0,-20.216386795043945
266.2582709789276,0.0,134.753,0.0,-20.210575103759766
266.28852343559265,0.0,134.715,0.0,-20.209381103515625
266.3227524757385,0.0,134.696,0.0,-20.20699691772461
266.35422015190125,0.0,134.663,0.0,-20.204486846923828
266.3865213394165,0.0,134.552,0.0,-20.19647789001465
266.4188618659973,0.0,134.544,0.0,-20.190710067749023
266.44968724250793,0.0,134.558,0.0,-20.186063766479492
266.4832603931427,0.0,134.556,0.0,-20.181093215942383
266.5135774612427,0.0,134.532,0.0,-20.179401397705078
266.5454812049866,0.0,134.514,0.0,-20.17745018005371
266.57662296295166,0.0,134.516,0.0,-20.175334930419922
266.60921478271484,0.0,134.518,0.0,-20.17307472229004
266.64078974723816,0.0,134.495,0.0,-20.171585083007812
266.6716561317444,0.0,134.395,0.0,-20.168212890625
266.69453048706055,0.0,134.395,0.0,-20.163890838623047
266.73584938049316,0.0,134.362,0.0,-20.157289505004883
266.7674968242645,0.0,134.386,0.0,-20.155488967895508
266.798992395401,0.0,134.32,0.0,-20.153568267822266
266.8391098976135,0.0,134.298,0.0,-20.146678924560547
266.8716654777527,0.0,134.263,0.0,-20.142688751220703
266.90269207954407,0.0,134.2,0.0,-20.139751434326172
266.93314814567566,0.0,134.2,0.0,-20.132524490356445
266.95745754241943,0.0,134.193,0.0,-20.12982940673828
266.9917142391205,0.0,134.198,0.0,-20.12748146057129
267.02609372138977,0.0,134.203,0.0,-20.12602996826172
267.05071568489075,0.0,134.174,0.0,-20.125268936157227
267.08472537994385,0.0,134.144,0.0,-20.121200561523438
267.11434674263,0.0,134.11,0.0,-20.11897087097168
267.14662981033325,0.0,134.101,0.0,-20.116458892822266
267.1782851219177,0.0,134.093,0.0,-20.114273071289062
267.2100098133087,0.0,134.074,0.0,-20.110252380371094
267.2417368888855,0.0,134.092,0.0,-20.1094913482666
267.27398109436035,0.0,134.096,0.0,-20.10902976989746
267.3093318939209,0.0,134.061,0.0,-20.107553482055664
267.3391478061676,0.0,134.036,0.0,-20.105518341064453
267.3711006641388,0.0,134.003,0.0,-20.101911544799805
267.402024269104,0.0,133.995,0.0,-20.099987030029297
267.43498706817627,0.0,133.991,0.0,-20.096891403198242
267.46068572998047,0.0,133.969,0.0,-20.095006942749023
267.4899537563324,0.0,133.917,0.0,-20.091474533081055
267.52150535583496,0.0,133.882,0.0,-20.087383270263672
267.5543258190155,0.0,133.84,0.0,-20.08265495300293
267.58552980422974,0.0,133.827,0.0,-20.076440811157227
267.6272768974304,0.0,133.837,0.0,-20.073955535888672
267.6751198768616,0.0,133.813,0.0,-20.07166290283203
267.6920750141144,0.0,133.79,0.0,-20.070066452026367
267.73111367225647,0.0,133.764,0.0,-20.065412521362305
267.7693738937378,0.0,133.773,0.0,-20.06366539001465
267.8022584915161,0.0,133.764,0.0,-20.062686920166016
267.83538699150085,0.0,133.734,0.0,-20.059738159179688
267.8654854297638,0.0,133.651,0.0,-20.05646514892578
267.89718198776245,0.0,133.639,0.0,-20.052448272705078
267.9303557872772,0.0,133.613,0.0,-20.048959732055664
267.96197867393494,0.0,133.601,0.0,-20.04207992553711
267.98972749710083,0.0,133.599,0.0,-20.03964614868164
268.0204634666443,0.0,133.566,0.0,-20.036510467529297
268.0535247325897,0.0,133.492,0.0,-20.03262710571289
268.08527636528015,0.0,133.466,0.0,-20.023916244506836
268.11805033683777,0.0,133.444,0.0,-20.019792556762695
268.1496648788452,0.0,133.456,0.0,-20.017263412475586
268.19091057777405,0.0,133.435,0.0,-20.012245178222656
268.22097277641296,0.0,133.412,0.0,-20.011014938354492
268.2538740634918,0.0,133.393,0.0,-20.009248733520508
268.28521156311035,0.0,133.333,0.0,-20.00522232055664
268.31684279441833,0.0,133.295,0.0,-20.00187873840332
268.3498513698578,0.0,133.281,0.0,-19.99783706665039
268.3809151649475,0.0,133.278,0.0,-19.994266510009766
268.40947008132935,0.0,133.237,0.0,-19.987836837768555
268.4399299621582,0.0,133.226,0.0,-19.984966278076172
268.47253251075745,0.0,133.226,0.0,-19.98260498046875
268.50378608703613,0.0,133.259,0.0,-19.98093032836914
268.535329580307,0.0,133.292,0.0,-19.98288345336914
268.5724425315857,0.0,133.216,0.0,-19.981773376464844
268.60516119003296,0.0,133.183,0.0,-19.98040199279785
268.62996196746826,0.0,133.16,0.0,-19.978069305419922
268.66999769210815,0.0,133.149,0.0,-19.973888397216797
268.7024896144867,0.0,133.073,0.0,-19.971942901611328
268.73464035987854,0.0,133.052,0.0,-19.963048934936523
268.765784740448,0.0,133.029,0.0,-19.958873748779297
268.7972159385681,0.0,133.021,0.0,-19.955442428588867
268.82608103752136,0.0,132.991,0.0,-19.95212745666504
268.8456552028656,0.0,132.991,0.0,-19.949243545532227
268.89062428474426,0.0,133.014,0.0,-19.94716453552246
268.91182255744934,0.0,133.01,0.0,-19.946619033813477
268.9419860839844,0.0,133.003,0.0,-19.946029663085938
268.97358751296997,0.0,132.96,0.0,-19.945693969726562
269.00765919685364,0.0,132.913,0.0,-19.943740844726562
269.04126620292664,0.0,132.897,0.0,-19.937936782836914
269.0731291770935,0.0,132.885,0.0,-19.93543243408203
269.11209654808044,0.0,132.899,0.0,-19.93201446533203
269.14249444007874,0.0,132.888,0.0,-19.930864334106445
269.1639492511749,0.0,132.884,0.0,-19.930044174194336
269.1928176879883,0.0,132.836,0.0,-19.929349899291992
269.2250337600708,0.0,132.796,0.0,-19.926898956298828
269.2674198150635,0.0,132.743,0.0,-19.91996192932129
269.2987802028656,0.0,132.752,0.0,-19.916048049926758
269.3144795894623,0.0,132.752,0.0,-19.913516998291016
269.3462715148926,0.0,132.733,0.0,-19.911596298217773
269.3777379989624,0.0,132.738,0.0,-19.909517288208008
269.41003680229187,0.0,132.729,0.0,-19.90699005126953
269.4412031173706,0.0,132.74,0.0,-19.906600952148438
269.4740562438965,0.0,132.736,0.0,-19.906240463256836
269.50519704818726,0.0,132.658,0.0,-19.905139923095703
269.535852432251,0.0,132.63,0.0,-19.89973258972168
269.5683798789978,0.0,132.599,0.0,-19.89687728881836
269.5996787548065,0.0,132.58,0.0,-19.89347267150879
269.64075660705566,0.0,132.544,0.0,-19.886690139770508
269.67281889915466,0.0,132.551,0.0,-19.88362693786621
269.7075011730194,0.0,132.519,0.0,-19.881675720214844
269.7355284690857,0.0,132.524,0.0,-19.877168655395508
269.76004672050476,0.0,132.531,0.0,-19.876211166381836
269.7904119491577,0.0,132.5,0.0,-19.874290466308594
269.8174686431885,0.0,132.483,0.0,-19.87220573425293
269.85518288612366,0.0,132.438,0.0,-19.871004104614258
269.88686323165894,0.0,132.405,0.0,-19.86441421508789
269.9200987815857,0.0,132.372,0.0,-19.860370635986328
269.9508099555969,0.0,132.282,0.0,-19.853755950927734
269.98324036598206,0.0,132.278,0.0,-19.848608016967773
270.0155031681061,0.0,132.247,0.0,-19.84036636352539
270.04680371284485,0.0,132.24,0.0,-19.836952209472656
270.0791959762573,0.0,132.254,0.0,-19.834686279296875
270.11228227615356,0.0,132.25,0.0,-19.832691192626953
270.14261865615845,0.0,132.221,0.0,-19.832069396972656
270.16194319725037,0.0,132.198,0.0,-19.83051300048828
270.1901013851166,0.0,132.162,0.0,-19.82847785949707
270.2222328186035,0.0,132.15,0.0,-19.82552719116211
270.2543168067932,0.0,132.136,0.0,-19.822874069213867
270.2866599559784,0.0,132.101,0.0,-19.817094802856445
270.31789779663086,0.0,132.083,0.0,-19.81423568725586
270.3497643470764,0.0,132.07,0.0,-19.811870574951172
270.38958716392517,0.0,132.035,0.0,-19.806570053100586
270.4212484359741,0.0,131.989,0.0,-19.80362319946289
270.4413511753082,0.0,131.989,0.0,-19.80026626586914
270.47107100486755,0.0,131.971,0.0,-19.79759979248047
270.5214500427246,0.0,131.918,0.0,-19.792362213134766
270.56147813796997,0.0,131.908,0.0,-19.786375045776367
270.58715891838074,0.0,131.901,0.0,-19.784086227416992
270.6178545951843,0.0,131.906,0.0,-19.782669067382812
270.65070128440857,0.0,131.908,0.0,-19.78162956237793
270.6777832508087,0.0,131.892,0.0,-19.7811279296875
270.7083010673523,0.0,131.884,0.0,-19.780197143554688
270.7410235404968,0.0,131.884,0.0,-19.778656005859375
270.7906289100647,0.0,131.871,0.0,-19.776935577392578
270.82136368751526,0.0,131.871,0.0,-19.776630401611328
270.85323190689087,0.0,131.853,0.0,-19.776491165161133
270.8852753639221,0.0,131.829,0.0,-19.775123596191406
270.9175171852112,0.0,131.798,0.0,-19.773820877075195
270.94953775405884,0.0,131.793,0.0,-19.771591186523438
270.98200011253357,0.0,131.77,0.0,-19.769739151000977
271.0068881511688,0.0,131.779,0.0,-19.767423629760742
271.03986859321594,0.0,131.78,0.0,-19.765195846557617
271.07219791412354,0.0,131.737,0.0,-19.763240814208984
271.1043384075165,0.0,131.708,0.0,-19.761350631713867
271.13624382019043,0.0,131.684,0.0,-19.755828857421875
271.17686581611633,0.0,131.646,0.0,-19.753278732299805
271.2075045108795,0.0,131.622,0.0,-19.75018310546875
271.2482876777649,0.0,131.582,0.0,-19.742752075195312
271.27867245674133,0.0,131.539,0.0,-19.738494873046875
271.3108079433441,0.0,131.563,0.0,-19.732885360717773
271.34276390075684,0.0,131.555,0.0,-19.731279373168945
271.3743414878845,0.0,131.57,0.0,-19.730792999267578
271.40655398368835,0.0,131.502,0.0,-19.729530334472656
271.4381904602051,0.0,131.481,0.0,-19.723955154418945
271.47050619125366,0.0,131.445,0.0,-19.72034454345703
271.5030620098114,0.0,131.452,0.0,-19.71767234802246
271.5347194671631,0.0,131.436,0.0,-19.716026306152344
271.5675263404846,0.0,131.412,0.0,-19.71285057067871
271.59865713119507,0.0,131.378,0.0,-19.710979461669922
271.629921913147,0.0,131.371,0.0,-19.708221435546875
271.66282653808594,0.0,131.359,0.0,-19.704326629638672
271.69314789772034,0.0,131.356,0.0,-19.70262908935547
271.7253520488739,0.0,131.341,0.0,-19.701305389404297
271.7564015388489,0.0,131.307,0.0,-19.699764251708984
271.7888596057892,0.0,131.293,0.0,-19.694835662841797
271.8210663795471,0.0,131.307,0.0,-19.692951202392578
271.85293793678284,0.0,131.322,0.0,-19.692317962646484
271.8894147872925,0.0,131.325,0.0,-19.6929874420166
271.91868448257446,0.0,131.294,0.0,-19.692102432250977
271.96286058425903,0.0,131.243,0.0,-19.688501358032227
271.9898064136505,0.0,131.236,0.0,-19.68645668029785
272.0217878818512,0.0,131.206,0.0,-19.68370246887207
272.0538446903229,0.0,131.152,0.0,-19.68115997314453
272.0894479751587,0.0,131.146,0.0,-19.674560546875
272.1174695491791,0.0,131.12,0.0,-19.671281814575195
272.14946603775024,0.0,131.103,0.0,-19.668140411376953
272.1816101074219,0.0,131.028,0.0,-19.664901733398438
272.21412801742554,0.0,131.016,0.0,-19.656343460083008
272.2464847564697,0.0,131.011,0.0,-19.65342140197754
272.2774143218994,0.0,130.982,0.0,-19.65108871459961
272.31414341926575,0.0,130.994,0.0,-19.646610260009766
272.3417434692383,0.0,130.974,0.0,-19.644800186157227
272.3728723526001,0.0,130.993,0.0,-19.64340591430664
272.40536284446716,0.0,130.984,0.0,-19.643253326416016
272.4408006668091,0.0,130.962,0.0,-19.64215850830078
272.4697985649109,0.0,130.938,0.0,-19.641332626342773
272.50015783309937,0.0,130.939,0.0,-19.639787673950195
272.53196001052856,0.0,130.913,0.0,-19.638736724853516
272.56475377082825,0.0,130.908,0.0,-19.635419845581055
272.5962736606598,0.0,130.867,0.0,-19.632625579833984
272.6388819217682,0.0,130.852,0.0,-19.627790451049805
272.6703288555145,0.0,130.83,0.0,-19.62547492980957
272.7012617588043,0.0,130.821,0.0,-19.623411178588867
272.7327401638031,0.0,130.785,0.0,-19.620784759521484
272.7659511566162,0.0,130.749,0.0,-19.615299224853516
272.79734206199646,0.0,130.746,0.0,-19.612821578979492
272.8298194408417,0.0,130.749,0.0,-19.611019134521484
272.8645508289337,0.0,130.742,0.0,-19.60845375061035
272.89441990852356,0.0,130.756,0.0,-19.607807159423828
272.92575097084045,0.0,130.74,0.0,-19.60799789428711
272.9578332901001,0.0,130.72,0.0,-19.607572555541992
272.9895761013031,0.0,130.674,0.0,-19.605119705200195
273.0217821598053,0.0,130.64,0.0,-19.602840423583984
273.05403304100037,0.0,130.644,0.0,-19.5997371673584
273.0885126590729,0.0,130.663,0.0,-19.596832275390625
273.1203281879425,0.0,130.574,0.0,-19.59259796142578
273.1555471420288,0.0,130.568,0.0,-19.59067726135254
273.18803691864014,0.0,130.519,0.0,-19.583585739135742
273.2199468612671,0.0,130.57,0.0,-19.58259391784668
273.25231528282166,0.0,130.534,0.0,-19.58122444152832
273.2831518650055,0.0,130.532,0.0,-19.57947540283203
273.3244295120239,0.0,130.493,0.0,-19.575580596923828
273.35717821121216,0.0,130.45,0.0,-19.573701858520508
273.3887560367584,0.0,130.425,0.0,-19.567169189453125
273.4219489097595,0.0,130.426,0.0,-19.564666748046875
273.45332074165344,0.0,130.422,0.0,-19.562889099121094
273.4850232601166,0.0,130.418,0.0,-19.561460494995117
273.5177972316742,0.0,130.374,0.0,-19.559263229370117
273.54929280281067,0.0,130.371,0.0,-19.556970596313477
273.58119082450867,0.0,130.341,0.0,-19.55517578125
273.6132347583771,0.0,130.34,0.0,-19.550731658935547
273.64610862731934,0.0,130.274,0.0,-19.548484802246094
273.6903359889984,0.0,130.266,0.0,-19.542016983032227
273.72027111053467,0.0,130.25,0.0,-19.539894104003906
273.75353240966797,0.0,130.269,0.0,-19.537654876708984
273.78406047821045,0.0,130.252,0.0,-19.53683853149414
273.81455397605896,0.0,130.207,0.0,-19.532873153686523
273.8468334674835,0.0,130.209,0.0,-19.53095245361328
273.87936329841614,0.0,130.182,0.0,-19.529159545898438
273.9167387485504,0.0,130.16,0.0,-19.524812698364258
273.943532705307,0.0,130.121,0.0,-19.521461486816406
273.97631764411926,0.0,130.1,0.0,-19.51810073852539
274.00739574432373,0.0,130.076,0.0,-19.514612197875977
274.04089641571045,0.0,130.051,0.0,-19.509424209594727
274.07371377944946,0.0,130.047,0.0,-19.507225036621094
274.0974369049072,0.0,130.03,0.0,-19.505483627319336
274.12851071357727,0.0,130.006,0.0,-19.50354766845703
274.16642117500305,0.0,129.984,0.0,-19.498517990112305
274.1910789012909,0.0,129.97,0.0,-19.496007919311523
274.2339928150177,0.0,129.951,0.0,-19.493812561035156
274.2669699192047,0.0,129.912,0.0,-19.48876190185547
274.29847145080566,0.0,129.85,0.0,-19.48484230041504
274.315945148468,0.0,129.85,0.0,-19.481014251708984
274.3472502231598,0.0,129.9,0.0,-19.478565216064453
274.3795404434204,0.0,129.902,0.0,-19.478530883789062
274.4161157608032,0.0,129.886,0.0,-19.478315353393555
274.4441523551941,0.0,129.85,0.0,-19.47660255432129
274.47521138191223,0.0,129.812,0.0,-19.473793029785156
274.5060577392578,0.0,129.812,0.0,-19.47206687927246
274.5388870239258,0.0,129.801,0.0,-19.46894645690918
274.570707321167,0.0,129.77,0.0,-19.46654510498047
274.6022205352783,0.0,129.758,0.0,-19.464292526245117
274.634343624115,0.0,129.751,0.0,-19.462657928466797
274.665470123291,0.0,129.739,0.0,-19.46010971069336
274.697279214859,0.0,129.733,0.0,-19.458942413330078
274.73712515830994,0.0,129.72,0.0,-19.457889556884766
274.7797293663025,0.0,129.726,0.0,-19.4554500579834
274.8119406700134,0.0,129.7,0.0,-19.45517921447754
274.84313678741455,0.0,129.683,0.0,-19.452693939208984
274.8761336803436,0.0,129.648,0.0,-19.451499938964844
274.9077537059784,0.0,129.649,0.0,-19.449190139770508
274.9400658607483,0.0,129.636,0.0,-19.445783615112305
274.9729428291321,0.0,129.605,0.0,-19.44321632385254
275.0039961338043,0.0,129.598,0.0,-19.44178009033203
275.0361144542694,0.0,129.603,0.0,-19.44000244140625
275.06815457344055,0.0,129.59,0.0,-19.437637329101562
275.1003782749176,0.0,129.574,0.0,-19.436054229736328
275.1321134567261,0.0,129.519,0.0,-19.433277130126953
275.1656103134155,0.0,129.501,0.0,-19.42776870727539
275.1969439983368,0.0,129.488,0.0,-19.425172805786133
275.22859811782837,0.0,129.473,0.0,-19.42263412475586
275.25707936286926,0.0,129.475,0.0,-19.420772552490234
275.2889754772186,0.0,129.39,0.0,-19.4165096282959
275.3209879398346,0.0,129.374,0.0,-19.412857055664062
275.3533217906952,0.0,129.358,0.0,-19.409467697143555
275.385422706604,0.0,129.372,0.0,-19.406288146972656
275.41767168045044,0.0,129.335,0.0,-19.4027099609375
275.4516773223877,0.0,129.324,0.0,-19.400449752807617
275.4845995903015,0.0,129.313,0.0,-19.398357391357422
275.5167758464813,0.0,129.323,0.0,-19.395410537719727
275.5474338531494,0.0,129.28,0.0,-19.39493179321289
275.5790202617645,0.0,129.24,0.0,-19.392696380615234
275.6154365539551,0.0,129.205,0.0,-19.38547706604004
275.64421224594116,0.0,129.179,0.0,-19.3814697265625
275.67635798454285,0.0,129.186,0.0,-19.378786087036133
275.7082939147949,0.0,129.179,0.0,-19.376962661743164
275.74127769470215,0.0,129.155,0.0,-19.37305450439453
275.77237582206726,0.0,129.15,0.0,-19.371261596679688
275.8166148662567,0.0,129.122,0.0,-19.367019653320312
275.84493041038513,0.0,129.106,0.0,-19.365779876708984
275.8770806789398,0.0,129.075,0.0,-19.36426544189453
275.90832901000977,0.0,129.089,0.0,-19.36190414428711
275.94128918647766,0.0,129.053,0.0,-19.358427047729492
275.97283959388733,0.0,129.063,0.0,-19.356801986694336
276.0044174194336,0.0,129.045,0.0,-19.3560733795166
276.03643679618835,0.0,129.024,0.0,-19.354860305786133
276.0687930583954,0.0,128.991,0.0,-19.35053062438965
276.09984040260315,0.0,128.938,0.0,-19.346385955810547
276.1321051120758,0.0,128.903,0.0,-19.34328842163086
276.1645133495331,0.0,128.924,0.0,-19.337635040283203
276.1913456916809,0.0,128.905,0.0,-19.335487365722656
276.23003244400024,0.0,128.914,0.0,-19.333232879638672
276.26765179634094,0.0,128.866,0.0,-19.33039093017578
276.29418087005615,0.0,128.881,0.0,-19.329345703125
276.33086585998535,0.0,128.85,0.0,-19.327558517456055
276.3639760017395,0.0,128.831,0.0,-19.326074600219727
276.395840883255,0.0,128.799,0.0,-19.32158088684082
276.4285171031952,0.0,128.778,0.0,-19.318750381469727
276.4612867832184,0.0,128.752,0.0,-19.316545486450195
276.49248814582825,0.0,128.751,0.0,-19.312122344970703
276.5248610973358,0.0,128.737,0.0,-19.310752868652344
276.55619764328003,0.0,128.688,0.0,-19.309215545654297
276.58814787864685,0.0,128.678,0.0,-19.30607795715332
276.619836807251,0.0,128.652,0.0,-19.300329208374023
276.65234565734863,0.0,128.65,0.0,-19.298032760620117
276.68412733078003,0.0,128.631,0.0,-19.296289443969727
276.71802377700806,0.0,128.62,0.0,-19.292346954345703
276.74875712394714,0.0,128.584,0.0,-19.289342880249023
276.780699968338,0.0,128.583,0.0,-19.287263870239258
276.8132224082947,0.0,128.586,0.0,-19.285730361938477
276.8406915664673,0.0,128.606,0.0,-19.285009384155273
276.8733868598938,0.0,128.584,0.0,-19.284364700317383
276.9030177593231,0.0,128.568,0.0,-19.284215927124023
276.92676401138306,0.0,128.568,0.0,-19.28327178955078
276.967853307724,0.0,128.563,0.0,-19.28246307373047
276.9988522529602,0.0,128.521,0.0,-19.280195236206055
277.0309474468231,0.0,128.479,0.0,-19.276758193969727
277.06266140937805,0.0,128.472,0.0,-19.274017333984375
277.09461212158203,0.0,128.456,0.0,-19.27029037475586
277.1265995502472,0.0,128.456,0.0,-19.268495559692383
277.1594524383545,0.0,128.447,0.0,-19.267202377319336
277.19263887405396,0.0,128.424,0.0,-19.263629913330078
277.22310090065,0.0,128.386,0.0,-19.262371063232422
277.2559223175049,0.0,128.371,0.0,-19.2598934173584
277.28976106643677,0.0,128.372,0.0,-19.2574405670166
277.32169008255005,0.0,128.362,0.0,-19.254289627075195
277.35346007347107,0.0,128.334,0.0,-19.253015518188477
277.3943808078766,0.0,128.312,0.0,-19.248517990112305
277.42111921310425,0.0,128.244,0.0,-19.243879318237305
277.4529058933258,0.0,128.212,0.0,-19.239343643188477
277.4847774505615,0.0,128.197,0.0,-19.235654830932617
277.518399477005,0.0,128.193,0.0,-19.229646682739258
277.5482680797577,0.0,128.194,0.0,-19.227771759033203
277.5814130306244,0.0,128.162,0.0,-19.224977493286133
277.63143730163574,0.0,128.16,0.0,-19.221637725830078
277.6623866558075,0.0,128.106,0.0,-19.21981430053711
277.69515347480774,0.0,128.091,0.0,-19.21448516845703
277.7274091243744,0.0,128.058,0.0,-19.21120262145996
277.7610127925873,0.0,128.044,0.0,-19.208789825439453
277.7925856113434,0.0,128.018,0.0,-19.205167770385742
277.82474875450134,0.0,128.01,0.0,-19.202821731567383
277.8574619293213,0.0,128.009,0.0,-19.200794219970703
277.89393162727356,0.0,127.985,0.0,-19.197267532348633
277.9175946712494,0.0,127.982,0.0,-19.195682525634766
277.9547927379608,0.0,127.915,0.0,-19.193147659301758
277.97117042541504,0.0,127.915,0.0,-19.189916610717773
278.0018877983093,0.0,127.851,0.0,-19.186025619506836
278.0361838340759,0.0,127.859,0.0,-19.181964874267578
278.06926918029785,0.0,127.86,0.0,-19.177398681640625
278.0999562740326,0.0,127.861,0.0,-19.176111221313477
278.1316227912903,0.0,127.849,0.0,-19.175453186035156
278.1644320487976,0.0,127.813,0.0,-19.174354553222656
278.1958725452423,0.0,127.803,0.0,-19.170076370239258
278.22842144966125,0.0,127.774,0.0,-19.16739845275879
278.26111006736755,0.0,127.718,0.0,-19.164730072021484
278.2951443195343,0.0,127.704,0.0,-19.15791130065918
278.3278896808624,0.0,127.692,0.0,-19.155031204223633
278.3605980873108,0.0,127.672,0.0,-19.152095794677734
278.39256954193115,0.0,127.616,0.0,-19.14691925048828
278.4401104450226,0.0,127.616,0.0,-19.143863677978516
278.48910689353943,0.0,127.626,0.0,-19.140926361083984
278.5220878124237,0.0,127.597,0.0,-19.139575958251953
278.5530390739441,0.0,127.55,0.0,-19.13802719116211
278.58551239967346,0.0,127.557,0.0,-19.134967803955078
278.6166253089905,0.0,127.542,0.0,-19.133010864257812
278.6489267349243,0.0,127.538,0.0,-19.12936019897461
278.6808829307556,0.0,127.511,0.0,-19.127506256103516
278.71268010139465,0.0,127.516,0.0,-19.125762939453125
278.74525022506714,0.0,127.518,0.0,-19.124134063720703
278.77669763565063,0.0,127.527,0.0,-19.124149322509766
278.8092231750488,0.0,127.525,0.0,-19.12497329711914
278.84111738204956,0.0,127.504,0.0,-19.124900817871094
278.8740270137787,0.0,127.49,0.0,-19.12286949157715
278.90453243255615,0.0,127.48,0.0,-19.122037887573242
278.93653321266174,0.0,127.477,0.0,-19.121047973632812
278.97076892852783,0.0,127.454,0.0,-19.11920166015625
278.9976599216461,0.0,127.459,0.0,-19.11797332763672
279.02272748947144,0.0,127.441,0.0,-19.11730194091797
279.05715775489807,0.0,127.447,0.0,-19.116092681884766
279.09029483795166,0.0,127.43,0.0,-19.115474700927734
279.1221740245819,0.0,127.372,0.0,-19.112407684326172
279.1552700996399,0.0,127.356,0.0,-19.109668731689453
279.18760919570923,0.0,127.356,0.0,-19.10694694519043
279.2196102142334,0.0,127.359,0.0,-19.10354995727539
279.2508623600006,0.0,127.353,0.0,-19.102319717407227
279.2839570045471,0.0,127.351,0.0,-19.10228729248047
279.2999486923218,0.0,127.351,0.0,-19.10141372680664
279.33160614967346,0.0,127.348,0.0,-19.100976943969727
279.36379837989807,0.0,127.322,0.0,-19.100414276123047
279.3961412906647,0.0,127.298,0.0,-19.096879959106445
279.4280455112457,0.0,127.2,0.0,-19.091228485107422
279.46048736572266,0.0,127.178,0.0,-19.086009979248047
279.49595379829407,0.0,127.161,0.0,-19.078115463256836
279.5225872993469,0.0,127.157,0.0,-19.075462341308594
279.5544912815094,0.0,127.101,0.0,-19.0733585357666
279.58673667907715,0.0,127.085,0.0,-19.069496154785156
279.61829590797424,0.0,127.085,0.0,-19.063552856445312
279.65006828308105,0.0,127.131,0.0,-19.06161117553711
279.68201875686646,0.0,127.12,0.0,-19.06216812133789
279.7147870063782,0.0,127.125,0.0,-19.062257766723633
279.74924635887146,0.0,127.082,0.0,-19.062923431396484
279.78095149993896,0.0,127.073,0.0,-19.06155014038086
279.8131892681122,0.0,127.048,0.0,-19.060197830200195
279.845427274704,0.0,127.039,0.0,-19.056344985961914
279.87735533714294,0.0,127.01,0.0,-19.053791046142578
279.9095468521118,0.0,126.962,0.0,-19.051570892333984
279.9451985359192,0.0,126.947,0.0,-19.045177459716797
279.9738094806671,0.0,126.938,0.0,-19.042512893676758
280.0058569908142,0.0,126.946,0.0,-19.040895462036133
280.0376853942871,0.0,126.98,0.0,-19.040632247924805
280.0695858001709,0.0,126.951,0.0,-19.040298461914062
280.10092544555664,0.0,126.931,0.0,-19.038944244384766
280.1339931488037,0.0,126.908,0.0,-19.037982940673828
280.1649830341339,0.0,126.881,0.0,-19.036359786987305
280.1973948478699,0.0,126.866,0.0,-19.03214454650879
280.2300531864166,0.0,126.838,0.0,-19.03033447265625
280.2625093460083,0.0,126.846,0.0,-19.027849197387695
280.2952928543091,0.0,126.831,0.0,-19.024654388427734
280.32619524002075,0.0,126.804,0.0,-19.022886276245117
280.3580870628357,0.0,126.763,0.0,-19.021020889282227
280.3901891708374,0.0,126.735,0.0,-19.017948150634766
280.4303410053253,0.0,126.722,0.0,-19.012420654296875
280.47274827957153,0.0,126.727,0.0,-19.008216857910156
280.50495886802673,0.0,126.705,0.0,-19.00611686706543
280.53610372543335,0.0,126.676,0.0,-19.00375747680664
280.57223987579346,0.0,126.678,0.0,-19.00023078918457
280.60377621650696,0.0,126.647,0.0,-18.997928619384766
280.63610577583313,0.0,126.623,0.0,-18.9952449798584
280.66853642463684,0.0,126.586,0.0,-18.99222755432129
280.7006485462189,0.0,126.557,0.0,-18.987503051757812
280.7338080406189,0.0,126.556,0.0,-18.9848575592041
280.76486468315125,0.0,126.542,0.0,-18.98288345336914
280.79708981513977,0.0,126.558,0.0,-18.979747772216797
280.82824301719666,0.0,126.532,0.0,-18.979360580444336
280.8603856563568,0.0,126.503,0.0,-18.978076934814453
280.8927700519562,0.0,126.474,0.0,-18.975969314575195
280.9088592529297,0.0,126.442,0.0,-18.973222732543945
280.94150948524475,0.0,126.451,0.0,-18.969858169555664
280.9732131958008,0.0,126.426,0.0,-18.965167999267578
281.0047061443329,0.0,126.445,0.0,-18.96358299255371
281.03610587120056,0.0,126.467,0.0,-18.962974548339844
281.07157945632935,0.0,126.47,0.0,-18.96419334411621
281.10589385032654,0.0,126.456,0.0,-18.96420669555664
281.1358358860016,0.0,126.377,0.0,-18.960983276367188
281.1661145687103,0.0,126.379,0.0,-18.958574295043945
281.19783091545105,0.0,126.365,0.0,-18.955076217651367
281.2308793067932,0.0,126.38,0.0,-18.95439910888672
281.2606520652771,0.0,126.377,0.0,-18.953838348388672
281.28544211387634,0.0,126.346,0.0,-18.953487396240234
281.32083010673523,0.0,126.357,0.0,-18.951379776000977
281.35588479042053,0.0,126.355,0.0,-18.951107025146484
281.3864755630493,0.0,126.368,0.0,-18.95075798034668
281.4141845703125,0.0,126.344,0.0,-18.95110321044922
281.43995428085327,0.0,126.298,0.0,-18.950424194335938
281.47298431396484,0.0,126.292,0.0,-18.94598388671875
281.5072121620178,0.0,126.244,0.0,-18.94283103942871
281.54010367393494,0.0,126.212,0.0,-18.940086364746094
281.57408833503723,0.0,126.176,0.0,-18.93264389038086
281.6043565273285,0.0,126.132,0.0,-18.928300857543945
281.6405508518219,0.0,126.137,0.0,-18.924497604370117
281.6735563278198,0.0,126.111,0.0,-18.918867111206055
281.7076177597046,0.0,126.115,0.0,-18.917078018188477
281.7400612831116,0.0,126.113,0.0,-18.915557861328125
281.77444410324097,0.0,126.13,0.0,-18.91435432434082
281.8054852485657,0.0,126.094,0.0,-18.91290283203125
281.8466866016388,0.0,126.043,0.0,-18.908790588378906
281.88804864883423,0.0,126.064,0.0,-18.907304763793945
281.9234182834625,0.0,126.048,0.0,-18.90546989440918
281.9478089809418,0.0,126.068,0.0,-18.905534744262695
281.9724943637848,0.0,126.046,0.0,-18.90475082397461
282.00627613067627,0.0,125.998,0.0,-18.90423011779785
282.0408203601837,0.0,125.996,0.0,-18.901893615722656
282.07220458984375,0.0,125.932,0.0,-18.896835327148438
282.10694193840027,0.0,125.9,0.0,-18.893653869628906
282.1399116516113,0.0,125.868,0.0,-18.889942169189453
282.1731173992157,0.0,125.881,0.0,-18.88300323486328
282.1972978115082,0.0,125.881,0.0,-18.8812255859375
282.2223126888275,0.0,125.882,0.0,-18.880006790161133
282.25821113586426,0.0,125.847,0.0,-18.878881454467773
282.2894706726074,0.0,125.814,0.0,-18.876941680908203
282.32148337364197,0.0,125.8,0.0,-18.871532440185547
282.3546817302704,0.0,125.755,0.0,-18.86859893798828
282.3890771865845,0.0,125.757,0.0,-18.86556053161621
282.42277216911316,0.0,125.736,0.0,-18.860984802246094
282.4563019275665,0.0,125.715,0.0,-18.85834503173828
282.4881479740143,0.0,125.702,0.0,-18.857009887695312
282.526652097702,0.0,125.681,0.0,-18.852611541748047
282.5645453929901,0.0,125.65,0.0,-18.85007095336914
282.58960914611816,0.0,125.636,0.0,-18.847761154174805
282.6232044696808,0.0,125.634,0.0,-18.843793869018555
282.6478273868561,0.0,125.601,0.0,-18.841201782226562
282.68215465545654,0.0,125.605,0.0,-18.8394832611084
282.71510887145996,0.0,125.574,0.0,-18.836971282958984
282.7402148246765,0.0,125.57,0.0,-18.835145950317383
282.77358627319336,0.0,125.543,0.0,-18.83254051208496
282.8055419921875,0.0,125.539,0.0,-18.830759048461914
282.832617521286,0.0,125.485,0.0,-18.829322814941406
282.8670127391815,0.0,125.46,0.0,-18.826051712036133
282.8993716239929,0.0,125.426,0.0,-18.819168090820312
282.9391932487488,0.0,125.428,0.0,-18.816062927246094
282.95650839805603,0.0,125.43,0.0,-18.813867568969727
282.9864046573639,0.0,125.422,0.0,-18.812376022338867
283.02286648750305,0.0,125.437,0.0,-18.810701370239258
283.0499587059021,0.0,125.435,0.0,-18.81049156188965
283.0812134742737,0.0,125.435,0.0,-18.810604095458984
283.12393832206726,0.0,125.408,0.0,-18.809595108032227
283.1567943096161,0.0,125.416,0.0,-18.809221267700195
283.1857852935791,0.0,125.366,0.0,-18.808177947998047
283.21405386924744,0.0,125.359,0.0,-18.806190490722656
283.23854541778564,0.0,125.33,0.0,-18.804439544677734
283.2759804725647,0.0,125.329,0.0,-18.800064086914062
283.3017613887787,0.0,125.303,0.0,-18.7976016998291
283.33320331573486,0.0,125.31,0.0,-18.796079635620117
283.36713671684265,0.0,125.325,0.0,-18.795623779296875
283.4018099308014,0.0,125.301,0.0,-18.794097900390625
283.43585419654846,0.0,125.299,0.0,-18.7933292388916
283.4641184806824,0.0,125.298,0.0,-18.792728424072266
283.4971685409546,0.0,125.304,0.0,-18.792285919189453
283.52510118484497,0.0,125.297,0.0,-18.792261123657227
283.55013060569763,0.0,125.26,0.0,-18.79209327697754
283.5902225971222,0.0,125.264,0.0,-18.790468215942383
283.6150643825531,0.0,125.226,0.0,-18.78943634033203
283.64948081970215,0.0,125.208,0.0,-18.78459930419922
283.6889374256134,0.0,125.16,0.0,-18.78289794921875
283.7131097316742,0.0,125.167,0.0,-18.779468536376953
283.7386326789856,0.0,125.176,0.0,-18.777183532714844
283.77558636665344,0.0,125.151,0.0,-18.77389144897461
283.8067181110382,0.0,125.197,0.0,-18.774372100830078
283.834481716156,0.0,125.199,0.0,-18.774904251098633
283.87222957611084,0.0,125.155,0.0,-18.774084091186523
283.89743971824646,0.0,125.091,0.0,-18.769485473632812
283.9404261112213,0.0,125.088,0.0,-18.766735076904297
283.97484946250916,0.0,125.026,0.0,-18.75889015197754
284.00824761390686,0.0,125.01,0.0,-18.75619125366211
284.0374000072479,0.0,124.984,0.0,-18.753528594970703
284.07217741012573,0.0,124.971,0.0,-18.750478744506836
284.0984094142914,0.0,124.978,0.0,-18.746854782104492
284.1335892677307,0.0,124.982,0.0,-18.74538230895996
284.1658732891083,0.0,124.98,0.0,-18.744516372680664
284.2026689052582,0.0,124.972,0.0,-18.74404525756836
284.2402460575104,0.0,124.968,0.0,-18.74335289001465
284.2754271030426,0.0,124.944,0.0,-18.7413330078125
284.29960775375366,0.0,124.941,0.0,-18.740201950073242
284.33286809921265,0.0,124.904,0.0,-18.73873519897461
284.3732762336731,0.0,124.925,0.0,-18.73625946044922
284.4020013809204,0.0,124.896,0.0,-18.734704971313477
284.4279224872589,0.0,124.911,0.0,-18.734210968017578
284.4595913887024,0.0,124.889,0.0,-18.73297882080078
284.500679731369,0.0,124.877,0.0,-18.730470657348633
284.53166937828064,0.0,124.839,0.0,-18.728206634521484
284.564204454422,0.0,124.812,0.0,-18.72539520263672
284.58252596855164,0.0,124.791,0.0,-18.722415924072266
284.6140396595001,0.0,124.772,0.0,-18.720195770263672
284.6539602279663,0.0,124.751,0.0,-18.715394973754883
284.68118929862976,0.0,124.73,0.0,-18.713356018066406
284.7060751914978,0.0,124.744,0.0,-18.71099281311035
284.7502975463867,0.0,124.762,0.0,-18.70981788635254
284.77551007270813,0.0,124.742,0.0,-18.70904541015625
284.8002152442932,0.0,124.76,0.0,-18.70928955078125
284.83169960975647,0.0,124.696,0.0,-18.707334518432617
284.87063097953796,0.0,124.693,0.0,-18.7054386138916
284.9028949737549,0.0,124.677,0.0,-18.702167510986328
284.93456077575684,0.0,124.625,0.0,-18.700258255004883
284.9677538871765,0.0,124.618,0.0,-18.697311401367188
284.9989380836487,0.0,124.591,0.0,-18.691856384277344
285.0321915149689,0.0,124.572,0.0,-18.688858032226562
285.06419372558594,0.0,124.537,0.0,-18.686302185058594
285.09616708755493,0.0,124.504,0.0,-18.68329429626465
285.12879037857056,0.0,124.518,0.0,-18.677597045898438
285.1603515148163,0.0,124.493,0.0,-18.6750431060791
285.191691160202,0.0,124.468,0.0,-18.672134399414062
285.223836183548,0.0,124.412,0.0,-18.66878318786621
285.2563076019287,0.0,124.401,0.0,-18.66251564025879
285.2890236377716,0.0,124.429,0.0,-18.66012191772461
285.3381927013397,0.0,124.398,0.0,-18.65839385986328
285.36239290237427,0.0,124.402,0.0,-18.657180786132812
285.3934552669525,0.0,124.376,0.0,-18.656526565551758
285.4262993335724,0.0,124.383,0.0,-18.654285430908203
285.4577169418335,0.0,124.373,0.0,-18.654144287109375
285.48941445350647,0.0,124.346,0.0,-18.653377532958984
285.5204474925995,0.0,124.377,0.0,-18.651742935180664
285.55368304252625,0.0,124.391,0.0,-18.65264320373535
285.58565616607666,0.0,124.356,0.0,-18.651639938354492
285.6169345378876,0.0,124.298,0.0,-18.651147842407227
285.6510977745056,0.0,124.246,0.0,-18.6441707611084
285.6821095943451,0.0,124.256,0.0,-18.64139747619629
285.714373588562,0.0,124.244,0.0,-18.63850212097168
285.7466080188751,0.0,124.242,0.0,-18.636690139770508
285.7790515422821,0.0,124.226,0.0,-18.633647918701172
285.8108115196228,0.0,124.183,0.0,-18.630657196044922
285.84293818473816,0.0,124.172,0.0,-18.62797737121582
285.865953207016,0.0,124.155,0.0,-18.626005172729492
285.89785599708557,0.0,124.168,0.0,-18.62386703491211
285.929340839386,0.0,124.161,0.0,-18.621990203857422
285.9618365764618,0.0,124.17,0.0,-18.621315002441406
285.99323320388794,0.0,124.13,0.0,-18.621261596679688
286.02827548980713,0.0,124.136,0.0,-18.618703842163086
286.05823159217834,0.0,124.12,0.0,-18.61777687072754
286.09034633636475,0.0,124.127,0.0,-18.616762161254883
286.12619519233704,0.0,124.106,0.0,-18.6152286529541
286.1538755893707,0.0,124.11,0.0,-18.614601135253906
286.18572521209717,0.0,124.075,0.0,-18.612716674804688
286.21785593032837,0.0,124.039,0.0,-18.61036491394043
286.25297474861145,0.0,124.025,0.0,-18.605792999267578
286.28214621543884,0.0,124.012,0.0,-18.60356330871582
286.314227104187,0.0,124.029,0.0,-18.602636337280273
286.35168504714966,0.0,123.997,0.0,-18.599117279052734
286.38999676704407,0.0,123.974,0.0,-18.59714126586914
286.42220735549927,0.0,123.928,0.0,-18.594268798828125
286.4539053440094,0.0,123.86,0.0,-18.590072631835938
286.4859313964844,0.0,123.856,0.0,-18.58571434020996
286.51833844184875,0.0,123.874,0.0,-18.582273483276367
286.5514314174652,0.0,123.888,0.0,-18.57978057861328
286.5818581581116,0.0,123.893,0.0,-18.580062866210938
286.6148784160614,0.0,123.861,0.0,-18.579875946044922
286.64645075798035,0.0,123.85,0.0,-18.578479766845703
286.679194688797,0.0,123.828,0.0,-18.57506561279297
286.7105436325073,0.0,123.794,0.0,-18.57250213623047
286.7423720359802,0.0,123.755,0.0,-18.570316314697266
286.77701234817505,0.0,123.757,0.0,-18.564756393432617
286.80709171295166,0.0,123.742,0.0,-18.56243133544922
286.8316550254822,0.0,123.751,0.0,-18.561111450195312
286.8628611564636,0.0,123.737,0.0,-18.55960464477539
286.89792561531067,0.0,123.719,0.0,-18.55811882019043
286.9327998161316,0.0,123.711,0.0,-18.555419921875
286.96584391593933,0.0,123.712,0.0,-18.554542541503906
287.0036313533783,0.0,123.663,0.0,-18.552324295043945
287.0299937725067,0.0,123.659,0.0,-18.55035972595215
287.06187653541565,0.0,123.649,0.0,-18.54875946044922
287.09357261657715,0.0,123.642,0.0,-18.54718780517578
287.1265320777893,0.0,123.625,0.0,-18.54454231262207
287.15784788131714,0.0,123.605,0.0,-18.54317855834961
287.19018483161926,0.0,123.606,0.0,-18.54136848449707
287.22223234176636,0.0,123.563,0.0,-18.54009437561035
287.25289368629456,0.0,123.543,0.0,-18.5345401763916
287.2856090068817,0.0,123.509,0.0,-18.53141975402832
287.31751441955566,0.0,123.502,0.0,-18.528682708740234
287.3499779701233,0.0,123.481,0.0,-18.5238037109375
287.38249135017395,0.0,123.456,0.0,-18.520872116088867
287.4138572216034,0.0,123.441,0.0,-18.518081665039062
287.44013237953186,0.0,123.411,0.0,-18.516033172607422
287.4714102745056,0.0,123.413,0.0,-18.513301849365234
287.50349283218384,0.0,123.396,0.0,-18.50930404663086
287.5421450138092,0.0,123.387,0.0,-18.507429122924805
287.57398867607117,0.0,123.387,0.0,-18.506092071533203
287.60560297966003,0.0,123.387,0.0,-18.504562377929688
287.63707160949707,0.0,123.322,0.0,-18.502262115478516
287.67078042030334,0.0,123.316,0.0,-18.499786376953125
287.7022466659546,0.0,123.31,0.0,-18.49597930908203
287.7332625389099,0.0,123.305,0.0,-18.494522094726562
287.76557874679565,0.0,123.284,0.0,-18.493497848510742
287.79796171188354,0.0,123.257,0.0,-18.491924285888672
287.82943201065063,0.0,123.245,0.0,-18.48752212524414
287.861855506897,0.0,123.217,0.0,-18.484785079956055
287.8943684101105,0.0,123.164,0.0,-18.48251724243164
287.92759346961975,0.0,123.145,0.0,-18.475399017333984
287.9585783481598,0.0,123.122,0.0,-18.472810745239258
287.98723459243774,0.0,123.12,0.0,-18.469961166381836
288.01866912841797,0.0,123.119,0.0,-18.467792510986328
288.0515432357788,0.0,123.127,0.0,-18.465410232543945
288.08158111572266,0.0,123.115,0.0,-18.465213775634766
288.11487770080566,0.0,123.114,0.0,-18.464372634887695
288.14533376693726,0.0,123.086,0.0,-18.463783264160156
288.1824882030487,0.0,123.093,0.0,-18.461071014404297
288.20933389663696,0.0,123.097,0.0,-18.46063232421875
288.2425787448883,0.0,123.098,0.0,-18.460552215576172
288.2746751308441,0.0,123.089,0.0,-18.460615158081055
288.30769443511963,0.0,123.086,0.0,-18.46011734008789
288.3400661945343,0.0,123.052,0.0,-18.459491729736328
288.3718514442444,0.0,123.045,0.0,-18.458148956298828
288.40425658226013,0.0,123.023,0.0,-18.45504379272461
288.436550617218,0.0,123.027,0.0,-18.453855514526367
288.4683349132538,0.0,123.026,0.0,-18.45296287536621
288.4939122200012,0.0,123.035,0.0,-18.452714920043945
288.5361375808716,0.0,122.997,0.0,-18.451583862304688
288.56571531295776,0.0,122.989,0.0,-18.45023536682129
288.59823751449585,0.0,122.977,0.0,-18.448915481567383
288.6300268173218,0.0,122.916,0.0,-18.445158004760742
288.66259717941284,0.0,122.919,0.0,-18.44210433959961
288.69454193115234,0.0,122.9,0.0,-18.439937591552734
288.72735261917114,0.0,122.893,0.0,-18.435466766357422
288.7605051994324,0.0,122.91,0.0,-18.43490982055664
288.79239416122437,0.0,122.927,0.0,-18.434307098388672
288.8236038684845,0.0,122.925,0.0,-18.43463134765625
288.85511898994446,0.0,122.892,0.0,-18.433732986450195
288.9038076400757,0.0,122.85,0.0,-18.43035316467285
288.93166995048523,0.0,122.821,0.0,-18.427446365356445
288.97212314605713,0.0,122.792,0.0,-18.424427032470703
289.00447177886963,0.0,122.807,0.0,-18.420459747314453
289.0374114513397,0.0,122.778,0.0,-18.418298721313477
289.0688600540161,0.0,122.765,0.0,-18.41616439819336
289.1041429042816,0.0,122.74,0.0,-18.41230010986328
289.1330442428589,0.0,122.739,0.0,-18.410736083984375
289.16544103622437,0.0,122.739,0.0,-18.40957260131836
289.1973350048065,0.0,122.741,0.0,-18.40876007080078
289.2300536632538,0.0,122.714,0.0,-18.408740997314453
289.26127004623413,0.0,122.704,0.0,-18.40730857849121
289.2942237854004,0.0,122.667,0.0,-18.405853271484375
289.329603433609,0.0,122.626,0.0,-18.399585723876953
289.3580617904663,0.0,122.622,0.0,-18.39666748046875
289.39052844047546,0.0,122.599,0.0,-18.394624710083008
289.42361545562744,0.0,122.609,0.0,-18.392044067382812
289.4559509754181,0.0,122.623,0.0,-18.390098571777344
289.4853403568268,0.0,122.589,0.0,-18.388404846191406
289.5188989639282,0.0,122.57,0.0,-18.38747787475586
289.55331563949585,0.0,122.546,0.0,-18.38350486755371
289.5831310749054,0.0,122.513,0.0,-18.38046646118164
289.62358045578003,0.0,122.517,0.0,-18.378334045410156
289.65113639831543,0.0,122.505,0.0,-18.376821517944336
289.6897647380829,0.0,122.534,0.0,-18.375333786010742
289.723748922348,0.0,122.516,0.0,-18.37549591064453
289.75554513931274,0.0,122.523,0.0,-18.375484466552734
289.78887271881104,0.0,122.507,0.0,-18.375385284423828
289.8199589252472,0.0,122.505,0.0,-18.37470245361328
289.85203194618225,0.0,122.475,0.0,-18.37415313720703
289.8830358982086,0.0,122.444,0.0,-18.370832443237305
289.9141900539398,0.0,122.435,0.0,-18.368783950805664
289.9456145763397,0.0,122.417,0.0,-18.36688804626465
289.97967076301575,0.0,122.419,0.0,-18.363224029541016
290.00793051719666,0.0,122.392,0.0,-18.360994338989258
290.0391957759857,0.0,122.362,0.0,-18.35938835144043
290.07190585136414,0.0,122.349,0.0,-18.35692024230957
290.1032166481018,0.0,122.333,0.0,-18.35211944580078
290.13208389282227,0.0,122.335,0.0,-18.350414276123047
290.1641962528229,0.0,122.347,0.0,-18.349685668945312
290.1957747936249,0.0,122.353,0.0,-18.348621368408203
290.2295129299164,0.0,122.32,0.0,-18.347492218017578
290.2601218223572,0.0,122.27,0.0,-18.34451675415039
290.294371843338,0.0,122.237,0.0,-18.340909957885742
290.32292652130127,0.0,122.221,0.0,-18.338205337524414
290.3514440059662,0.0,122.197,0.0,-18.335533142089844
290.38807010650635,0.0,122.197,0.0,-18.330413818359375
290.41970920562744,0.0,122.201,0.0,-18.328794479370117
290.4560809135437,0.0,122.196,0.0,-18.326940536499023
290.48479747772217,0.0,122.131,0.0,-18.32438850402832
290.5170068740845,0.0,122.126,0.0,-18.321754455566406
290.54704451560974,0.0,122.126,0.0,-18.31960678100586
290.5727128982544,0.0,122.134,0.0,-18.31804656982422
290.61396765708923,0.0,122.071,0.0,-18.315895080566406
290.6561613082886,0.0,122.07,0.0,-18.311098098754883
290.68806552886963,0.0,122.082,0.0,-18.30905532836914
290.72010111808777,0.0,122.1,0.0,-18.308624267578125
290.7368428707123,0.0,122.1,0.0,-18.30914306640625
290.7676827907562,0.0,122.077,0.0,-18.308835983276367
290.8007299900055,0.0,122.044,0.0,-18.308513641357422
290.8331604003906,0.0,122.029,0.0,-18.305198669433594
290.8659152984619,0.0,122.046,0.0,-18.304630279541016
290.8974983692169,0.0,122.022,0.0,-18.303972244262695
290.93017983436584,0.0,121.971,0.0,-18.302003860473633
290.96184158325195,0.0,121.945,0.0,-18.299299240112305
290.99376821517944,0.0,121.957,0.0,-18.296186447143555
291.02491664886475,0.0,121.968,0.0,-18.294361114501953
291.064391374588,0.0,121.994,0.0,-18.29340362548828
291.0808880329132,0.0,121.969,0.0,-18.29400062561035
291.12045431137085,0.0,121.943,0.0,-18.293481826782227
291.14761662483215,0.0,121.886,0.0,-18.292055130004883
291.18886137008667,0.0,121.858,0.0,-18.286497116088867
291.22113728523254,0.0,121.857,0.0,-18.28329086303711
291.25392627716064,0.0,121.886,0.0,-18.280261993408203
291.2856092453003,0.0,121.856,0.0,-18.27863311767578
291.31791281700134,0.0,121.854,0.0,-18.27842140197754
291.35053873062134,0.0,121.838,0.0,-18.277286529541016
291.3827226161957,0.0,121.811,0.0,-18.273618698120117
291.4155685901642,0.0,121.792,0.0,-18.27120018005371
291.4468924999237,0.0,121.794,0.0,-18.271133422851562
291.4779646396637,0.0,121.804,0.0,-18.26952362060547
291.5109143257141,0.0,121.718,0.0,-18.264663696289062
291.54313564300537,0.0,121.722,0.0,-18.26173210144043
291.5755636692047,0.0,121.728,0.0,-18.259552001953125
291.60752964019775,0.0,121.703,0.0,-18.256549835205078
291.6397182941437,0.0,121.698,0.0,-18.255023956298828
291.67156052589417,0.0,121.678,0.0,-18.25372314453125
291.7059998512268,0.0,121.65,0.0,-18.24951934814453
291.7326135635376,0.0,121.636,0.0,-18.247089385986328
291.7570450305939,0.0,121.636,0.0,-18.245344161987305
291.785587310791,0.0,121.617,0.0,-18.243837356567383
291.82263684272766,0.0,121.622,0.0,-18.242218017578125
291.85605335235596,0.0,121.613,0.0,-18.240249633789062
291.8892674446106,0.0,121.571,0.0,-18.238121032714844
291.9213864803314,0.0,121.568,0.0,-18.23622703552246
291.9536864757538,0.0,121.529,0.0,-18.232017517089844
291.9867293834686,0.0,121.538,0.0,-18.230392456054688
292.008220911026,0.0,121.545,0.0,-18.229522705078125
292.0342206954956,0.0,121.54,0.0,-18.228729248046875
292.06646966934204,0.0,121.558,0.0,-18.228960037231445
292.0988268852234,0.0,121.511,0.0,-18.228422164916992
292.130291223526,0.0,121.439,0.0,-18.225814819335938
292.16257762908936,0.0,121.426,0.0,-18.22201919555664
292.1951644420624,0.0,121.42,0.0,-18.218618392944336
292.2240812778473,0.0,121.408,0.0,-18.215822219848633
292.2564265727997,0.0,121.427,0.0,-18.21186065673828
292.2884199619293,0.0,121.418,0.0,-18.2111759185791
292.31944704055786,0.0,121.402,0.0,-18.210363388061523
292.3506007194519,0.0,121.385,0.0,-18.209152221679688
292.38297057151794,0.0,121.356,0.0,-18.205251693725586
292.4236788749695,0.0,121.347,0.0,-18.203990936279297
292.45785999298096,0.0,121.351,0.0,-18.201187133789062
292.49630093574524,0.0,121.343,0.0,-18.20069122314453
292.53092551231384,0.0,121.331,0.0,-18.198694229125977
292.5601062774658,0.0,121.317,0.0,-18.19732666015625
292.59209513664246,0.0,121.279,0.0,-18.19474983215332
292.62479734420776,0.0,121.239,0.0,-18.191787719726562
292.65833282470703,0.0,121.21,0.0,-18.185630798339844
292.68794226646423,0.0,121.207,0.0,-18.183029174804688
292.7202079296112,0.0,121.183,0.0,-18.18111801147461
292.73704528808594,0.0,121.189,0.0,-18.17873191833496
292.77260279655457,0.0,121.175,0.0,-18.1772403717041
292.80415987968445,0.0,121.161,0.0,-18.175601959228516
292.8366553783417,0.0,121.155,0.0,-18.17208480834961
292.86789202690125,0.0,121.146,0.0,-18.17107391357422
292.900484085083,0.0,121.15,0.0,-18.170011520385742
292.93367314338684,0.0,121.163,0.0,-18.16965675354004
292.9630227088928,0.0,121.127,0.0,-18.169395446777344
292.99546337127686,0.0,121.115,0.0,-18.16826629638672
293.0277986526489,0.0,121.106,0.0,-18.16696548461914
293.059184551239,0.0,121.096,0.0,-18.164297103881836
293.089727640152,0.0,121.094,0.0,-18.163236618041992
293.1221523284912,0.0,121.063,0.0,-18.162322998046875
293.1636588573456,0.0,121.049,0.0,-18.158672332763672
293.2069137096405,0.0,121.052,0.0,-18.156940460205078
293.236620426178,0.0,121.054,0.0,-18.15630531311035
293.29923462867737,0.0,120.994,0.0,-18.152523040771484
293.3300037384033,0.0,120.919,0.0,-18.144088745117188
293.36162281036377,0.0,120.925,0.0,-18.141075134277344
293.3930962085724,0.0,120.932,0.0,-18.13909339904785
293.4260311126709,0.0,120.938,0.0,-18.13795280456543
293.4581198692322,0.0,120.975,0.0,-18.138153076171875
293.48982071876526,0.0,120.991,0.0,-18.139310836791992
293.5208315849304,0.0,120.975,0.0,-18.140953063964844
293.5538966655731,0.0,120.933,0.0,-18.141618728637695
293.5865111351013,0.0,120.841,0.0,-18.137836456298828
293.61848974227905,0.0,120.823,0.0,-18.13374900817871
293.65027689933777,0.0,120.834,0.0,-18.129898071289062
293.6825530529022,0.0,120.81,0.0,-18.124649047851562
293.71469140052795,0.0,120.823,0.0,-18.12310791015625
293.74569511413574,0.0,120.808,0.0,-18.122509002685547
293.77704191207886,0.0,120.852,0.0,-18.121000289916992
293.8095529079437,0.0,120.869,0.0,-18.123149871826172
293.83541107177734,0.0,120.859,0.0,-18.123870849609375
293.8730220794678,0.0,120.876,0.0,-18.12583351135254
293.8992278575897,0.0,120.845,0.0,-18.126773834228516
293.9399015903473,0.0,120.82,0.0,-18.12481689453125
293.97226548194885,0.0,120.797,0.0,-18.122791290283203
294.0044243335724,0.0,120.771,0.0,-18.120216369628906
294.0362169742584,0.0,120.727,0.0,-18.116785049438477
294.0688741207123,0.0,120.718,0.0,-18.113842010498047
294.1006591320038,0.0,120.707,0.0,-18.111249923706055
294.13344526290894,0.0,120.698,0.0,-18.106353759765625
294.1664066314697,0.0,120.712,0.0,-18.104835510253906
294.1975955963135,0.0,120.696,0.0,-18.104326248168945
294.23009729385376,0.0,120.71,0.0,-18.10333824157715
294.26266980171204,0.0,120.691,0.0,-18.102428436279297
294.29496145248413,0.0,120.67,0.0,-18.101411819458008
294.3268280029297,0.0,120.643,0.0,-18.100271224975586
294.3651349544525,0.0,120.662,0.0,-18.097675323486328
294.3967697620392,0.0,120.631,0.0,-18.095733642578125
294.4290328025818,0.0,120.635,0.0,-18.094507217407227
294.4611849784851,0.0,120.621,0.0,-18.092723846435547
294.4940378665924,0.0,120.648,0.0,-18.093095779418945
294.5257863998413,0.0,120.593,0.0,-18.092018127441406
294.5585491657257,0.0,120.527,0.0,-18.086368560791016
294.58915996551514,0.0,120.548,0.0,-18.084230422973633
294.6175229549408,0.0,120.536,0.0,-18.08264923095703
294.6587653160095,0.0,120.545,0.0,-18.079463958740234
294.69035267829895,0.0,120.51,0.0,-18.07906723022461
294.7219092845917,0.0,120.515,0.0,-18.077363967895508
294.7542622089386,0.0,120.534,0.0,-18.076332092285156
294.7870261669159,0.0,120.5,0.0,-18.074892044067383
294.81911420822144,0.0,120.491,0.0,-18.07400131225586
294.8510072231293,0.0,120.44,0.0,-18.073001861572266
294.88989758491516,0.0,120.426,0.0,-18.067432403564453
294.9207479953766,0.0,120.379,0.0,-18.06414222717285
294.95151591300964,0.0,120.372,0.0,-18.060964584350586
294.98439860343933,0.0,120.363,0.0,-18.055953979492188
295.01545786857605,0.0,120.364,0.0,-18.054277420043945
295.0478391647339,0.0,120.374,0.0,-18.05278205871582
295.07891058921814,0.0,120.355,0.0,-18.05243492126465
295.1105844974518,0.0,120.333,0.0,-18.04987144470215
295.1443564891815,0.0,120.318,0.0,-18.048099517822266
295.17573523521423,0.0,120.296,0.0,-18.04589080810547
295.20968890190125,0.0,120.259,0.0,-18.0419921875
295.2387728691101,0.0,120.267,0.0,-18.03988265991211
295.2718846797943,0.0,120.263,0.0,-18.038679122924805
295.3209271430969,0.0,120.265,0.0,-18.036731719970703
295.37959146499634,0.0,120.228,0.0,-18.0358943939209
295.42261934280396,0.0,120.178,0.0,-18.03266716003418
295.45428466796875,0.0,120.167,0.0,-18.029945373535156
295.48522210121155,0.0,120.168,0.0,-18.02566146850586
295.5175426006317,0.0,120.147,0.0,-18.023601531982422
295.5498003959656,0.0,120.112,0.0,-18.02197265625
295.5817883014679,0.0,120.074,0.0,-18.019330978393555
295.6138987541199,0.0,120.062,0.0,-18.01262855529785
295.64490389823914,0.0,120.063,0.0,-18.009662628173828
295.6768922805786,0.0,120.092,0.0,-18.008146286010742
295.7102906703949,0.0,120.095,0.0,-18.008644104003906
295.7412142753601,0.0,120.081,0.0,-18.0084171295166
295.7736032009125,0.0,120.072,0.0,-18.007949829101562
295.8053684234619,0.0,120.027,0.0,-18.00615882873535
295.83757972717285,0.0,120.02,0.0,-18.002962112426758
295.8696756362915,0.0,119.999,0.0,-18.001873016357422
295.90349078178406,0.0,119.991,0.0,-18.00023078918457
295.9388122558594,0.0,119.994,0.0,-17.997770309448242
295.9700722694397,0.0,119.987,0.0,-17.997085571289062
296.0015377998352,0.0,119.978,0.0,-17.996339797973633
296.0340223312378,0.0,119.944,0.0,-17.99342155456543
296.065226316452,0.0,119.908,0.0,-17.990615844726562
296.1021890640259,0.0,119.882,0.0,-17.988313674926758
296.1423006057739,0.0,119.893,0.0,-17.983110427856445
296.1739447116852,0.0,119.88,0.0,-17.982131958007812
296.2061491012573,0.0,119.89,0.0,-17.980918884277344
296.23755621910095,0.0,119.882,0.0,-17.97989845275879
296.2692081928253,0.0,119.854,0.0,-17.978347778320312
296.3016767501831,0.0,119.86,0.0,-17.977352142333984
296.33632493019104,0.0,119.872,0.0,-17.976926803588867
296.3664515018463,0.0,119.827,0.0,-17.97710418701172
296.3971996307373,0.0,119.818,0.0,-17.97541618347168
296.42911100387573,0.0,119.822,0.0,-17.97379493713379
296.4570372104645,0.0,119.825,0.0,-17.972774505615234
296.4897906780243,0.0,119.837,0.0,-17.972198486328125
296.52210664749146,0.0,119.8,0.0,-17.97235870361328
296.5543510913849,0.0,119.799,0.0,-17.970983505249023
296.587685585022,0.0,119.801,0.0,-17.969257354736328
296.618638753891,0.0,119.8,0.0,-17.968706130981445
296.65094900131226,0.0,119.795,0.0,-17.968372344970703
296.682847738266,0.0,119.793,0.0,-17.967954635620117
296.715943813324,0.0,119.77,0.0,-17.966400146484375
296.7473111152649,0.0,119.71,0.0,-17.96463966369629
296.79006361961365,0.0,119.672,0.0,-17.957862854003906
296.82102274894714,0.0,119.644,0.0,-17.953792572021484
296.8465840816498,0.0,119.612,0.0,-17.949373245239258
296.8927707672119,0.0,119.62,0.0,-17.943796157836914
296.9254982471466,0.0,119.634,0.0,-17.942840576171875
296.9571077823639,0.0,119.657,0.0,-17.94261932373047
296.98953342437744,0.0,119.638,0.0,-17.9431095123291
297.0320289134979,0.0,119.621,0.0,-17.942829132080078
297.06309628486633,0.0,119.617,0.0,-17.941442489624023
297.0960581302643,0.0,119.62,0.0,-17.940868377685547
297.1281065940857,0.0,119.596,0.0,-17.94061279296875
297.16011476516724,0.0,119.546,0.0,-17.936546325683594
297.1925325393677,0.0,119.551,0.0,-17.934768676757812
297.22429966926575,0.0,119.538,0.0,-17.933252334594727
297.2561857700348,0.0,119.516,0.0,-17.931602478027344
297.2895510196686,0.0,119.487,0.0,-17.926679611206055
297.3213686943054,0.0,119.443,0.0,-17.924049377441406
297.35436844825745,0.0,119.459,0.0,-17.920795440673828
297.38541769981384,0.0,119.472,0.0,-17.91831398010254
297.41679668426514,0.0,119.462,0.0,-17.917423248291016
297.4491081237793,0.0,119.466,0.0,-17.9169864654541
297.48089385032654,0.0,119.41,0.0,-17.915260314941406
297.52253890037537,0.0,119.353,0.0,-17.909160614013672
297.5729064941406,0.0,119.317,0.0,-17.902395248413086
297.61199402809143,0.0,119.345,0.0,-17.898820877075195
297.64376878738403,0.0,119.357,0.0,-17.89825439453125
297.6761860847473,0.0,119.339,0.0,-17.898420333862305
297.7074270248413,0.0,119.324,0.0,-17.89788818359375
297.7398796081543,0.0,119.263,0.0,-17.89518928527832
297.7724599838257,0.0,119.251,0.0,-17.892452239990234
297.8037211894989,0.0,119.259,0.0,-17.889917373657227
297.8360342979431,0.0,119.258,0.0,-17.88724708557129
297.8681871891022,0.0,119.2,0.0,-17.886499404907227
297.90143299102783,0.0,119.168,0.0,-17.883529663085938
297.932977437973,0.0,119.124,0.0,-17.87997817993164
297.96520495414734,0.0,119.113,0.0,-17.87163734436035
297.9977159500122,0.0,119.122,0.0,-17.869155883789062
298.02978467941284,0.0,119.164,0.0,-17.86836051940918
298.0660560131073,0.0,119.122,0.0,-17.86715316772461
298.09742522239685,0.0,119.099,0.0,-17.865158081054688
298.129052400589,0.0,119.047,0.0,-17.862834930419922
298.16270756721497,0.0,119.046,0.0,-17.857580184936523
298.1936619281769,0.0,119.013,0.0,-17.855941772460938
298.2264680862427,0.0,118.996,0.0,-17.853395462036133
298.26666283607483,0.0,119.024,0.0,-17.849775314331055
298.30054807662964,0.0,118.994,0.0,-17.84941291809082
298.340078830719,0.0,118.947,0.0,-17.846418380737305
298.3709828853607,0.0,118.927,0.0,-17.843883514404297
298.403457403183,0.0,118.962,0.0,-17.841182708740234
298.43752336502075,0.0,118.956,0.0,-17.840110778808594
298.4680685997009,0.0,118.959,0.0,-17.83990478515625
298.49966955184937,0.0,118.964,0.0,-17.840927124023438
298.5323135852814,0.0,118.972,0.0,-17.840919494628906
298.56537342071533,0.0,118.967,0.0,-17.84149169921875
298.6054654121399,0.0,118.901,0.0,-17.840845108032227
298.6378273963928,0.0,118.879,0.0,-17.835773468017578
298.66906666755676,0.0,118.869,0.0,-17.833332061767578
298.7008423805237,0.0,118.848,0.0,-17.83063316345215
298.7331438064575,0.0,118.87,0.0,-17.829166412353516
298.7649579048157,0.0,118.858,0.0,-17.82753562927246
298.79704236984253,0.0,118.849,0.0,-17.826496124267578
298.82939052581787,0.0,118.833,0.0,-17.82576560974121
298.86465191841125,0.0,118.84,0.0,-17.824100494384766
298.89402890205383,0.0,118.844,0.0,-17.823741912841797
298.92502307891846,0.0,118.802,0.0,-17.82369613647461
298.9573781490326,0.0,118.771,0.0,-17.821958541870117
298.9899203777313,0.0,118.746,0.0,-17.816932678222656
299.02323842048645,0.0,118.738,0.0,-17.81456756591797
299.0555384159088,0.0,118.754,0.0,-17.812477111816406
299.0885455608368,0.0,118.734,0.0,-17.810171127319336
299.1207332611084,0.0,118.749,0.0,-17.8087158203125
299.14803743362427,0.0,118.746,0.0,-17.8087158203125
299.17938137054443,0.0,118.759,0.0,-17.80866241455078
299.21211290359497,0.0,118.77,0.0,-17.810199737548828
299.2444953918457,0.0,118.768,0.0,-17.810916900634766
299.27740597724915,0.0,118.756,0.0,-17.810930252075195
299.3136932849884,0.0,118.76,0.0,-17.811382293701172
299.3416566848755,0.0,118.737,0.0,-17.81069564819336
299.3738794326782,0.0,118.728,0.0,-17.8098201751709
299.4056956768036,0.0,118.709,0.0,-17.808380126953125
299.43756198883057,0.0,118.683,0.0,-17.805835723876953
299.46937894821167,0.0,118.671,0.0,-17.804323196411133
299.50146555900574,0.0,118.644,0.0,-17.802692413330078
299.53325176239014,0.0,118.634,0.0,-17.800342559814453
299.56567907333374,0.0,118.609,0.0,-17.79652214050293
299.5971157550812,0.0,118.607,0.0,-17.794265747070312
299.6412887573242,0.0,118.587,0.0,-17.790359497070312
299.67300629615784,0.0,118.565,0.0,-17.787092208862305
299.7067172527313,0.0,118.561,0.0,-17.785396575927734
299.7407076358795,0.0,118.538,0.0,-17.782020568847656
299.77235674858093,0.0,118.545,0.0,-17.780866622924805
299.80500531196594,0.0,118.531,0.0,-17.77988624572754
299.83807945251465,0.0,118.536,0.0,-17.778221130371094
299.86854100227356,0.0,118.532,0.0,-17.777690887451172
299.90190076828003,0.0,118.507,0.0,-17.77630043029785
299.93275713920593,0.0,118.503,0.0,-17.77600860595703
299.9655418395996,0.0,118.503,0.0,-17.774227142333984
299.9968407154083,0.0,118.513,0.0,-17.773719787597656
300.0283398628235,0.0,118.472,0.0,-17.773807525634766
300.0638928413391,0.0,118.423,0.0,-17.769777297973633
300.09327721595764,0.0,118.4,0.0,-17.76715660095215
300.12594175338745,0.0,118.399,0.0,-17.76422882080078
300.15727043151855,0.0,118.388,0.0,-17.761993408203125
300.19088101387024,0.0,118.395,0.0,-17.758617401123047
300.21999526023865,0.0,118.345,0.0,-17.757720947265625
300.2526445388794,0.0,118.349,0.0,-17.755006790161133
300.2886724472046,0.0,118.319,0.0,-17.750547409057617
300.317343711853,0.0,118.311,0.0,-17.748279571533203
300.3486566543579,0.0,118.276,0.0,-17.74577522277832
300.3809428215027,0.0,118.278,0.0,-17.743297576904297
300.420845746994,0.0,118.265,0.0,-17.739768981933594
300.4507191181183,0.0,118.278,0.0,-17.739023208618164
300.4741747379303,0.0,118.283,0.0,-17.73874855041504
300.50545477867126,0.0,118.251,0.0,-17.73824691772461
300.53842067718506,0.0,118.226,0.0,-17.735027313232422
300.570618391037,0.0,118.198,0.0,-17.732423782348633
300.60223507881165,0.0,118.198,0.0,-17.73049545288086
300.63421726226807,0.0,118.221,0.0,-17.728588104248047
300.6668725013733,0.0,118.215,0.0,-17.727684020996094
300.7004351615906,0.0,118.205,0.0,-17.727890014648438
300.7321472167969,0.0,118.183,0.0,-17.727705001831055
300.7639789581299,0.0,118.129,0.0,-17.7242431640625
300.7964584827423,0.0,118.118,0.0,-17.721900939941406
300.8289999961853,0.0,118.098,0.0,-17.719701766967773
300.8603546619415,0.0,118.079,0.0,-17.717239379882812
300.8938522338867,0.0,118.04,0.0,-17.71133041381836
300.92479276657104,0.0,118.047,0.0,-17.70858383178711
300.95730924606323,0.0,118.086,0.0,-17.70684814453125
300.9901821613312,0.0,118.091,0.0,-17.707847595214844
301.0213317871094,0.0,118.099,0.0,-17.708736419677734
301.0534861087799,0.0,118.081,0.0,-17.709793090820312
301.0848014354706,0.0,118.074,0.0,-17.709625244140625
301.1175284385681,0.0,118.035,0.0,-17.7073974609375
301.14992451667786,0.0,118.008,0.0,-17.704879760742188
301.19016790390015,0.0,117.981,0.0,-17.699687957763672
301.2219831943512,0.0,117.955,0.0,-17.69689178466797
301.25545382499695,0.0,117.965,0.0,-17.69522476196289
301.28588795661926,0.0,117.97,0.0,-17.69426727294922
301.3190264701843,0.0,117.932,0.0,-17.693126678466797
301.35041308403015,0.0,117.928,0.0,-17.691234588623047
301.382559299469,0.0,117.904,0.0,-17.68967628479004
301.41533875465393,0.0,117.891,0.0,-17.685914993286133
301.4481017589569,0.0,117.872,0.0,-17.684234619140625
301.47791743278503,0.0,117.823,0.0,-17.682214736938477
301.5100953578949,0.0,117.823,0.0,-17.678674697875977
301.54264307022095,0.0,117.804,0.0,-17.673261642456055
301.57497906684875,0.0,117.821,0.0,-17.670507431030273
301.60683035850525,0.0,117.824,0.0,-17.669902801513672
301.64028334617615,0.0,117.823,0.0,-17.669519424438477
301.6719272136688,0.0,117.827,0.0,-17.669666290283203
301.70359086990356,0.0,117.835,0.0,-17.670068740844727
301.73604369163513,0.0,117.832,0.0,-17.67057991027832
301.77359914779663,0.0,117.815,0.0,-17.670520782470703
301.80430006980896,0.0,117.785,0.0,-17.669010162353516
301.843763589859,0.0,117.746,0.0,-17.664323806762695
301.87825751304626,0.0,117.757,0.0,-17.66275978088379
301.9101107120514,0.0,117.752,0.0,-17.662078857421875
301.9422290325165,0.0,117.726,0.0,-17.66065788269043
301.9749460220337,0.0,117.73,0.0,-17.659343719482422
302.0074062347412,0.0,117.73,0.0,-17.658554077148438
302.04186153411865,0.0,117.719,0.0,-17.65717887878418
302.0712685585022,0.0,117.713,0.0,-17.656429290771484
302.1041965484619,0.0,117.696,0.0,-17.65582275390625
302.1353394985199,0.0,117.693,0.0,-17.654693603515625
302.1687662601471,0.0,117.665,0.0,-17.651897430419922
302.20004868507385,0.0,117.664,0.0,-17.649974822998047
302.23133516311646,0.0,117.65,0.0,-17.649051666259766
302.2669689655304,0.0,117.639,0.0,-17.646448135375977
302.30155515670776,0.0,117.616,0.0,-17.644489288330078
302.3332154750824,0.0,117.59,0.0,-17.642366409301758
302.36502170562744,0.0,117.597,0.0,-17.639188766479492
302.39758944511414,0.0,117.607,0.0,-17.638765335083008
302.4304175376892,0.0,117.572,0.0,-17.63703727722168
302.46182775497437,0.0,117.562,0.0,-17.6361026763916
302.49330830574036,0.0,117.531,0.0,-17.634254455566406
302.52473998069763,0.0,117.531,0.0,-17.632091522216797
302.5583860874176,0.0,117.53,0.0,-17.63048553466797
302.5994668006897,0.0,117.514,0.0,-17.627517700195312
302.63899207115173,0.0,117.5,0.0,-17.62644386291504
302.6713888645172,0.0,117.483,0.0,-17.622947692871094
302.7033636569977,0.0,117.483,0.0,-17.62181854248047
302.73563838005066,0.0,117.482,0.0,-17.62101936340332
302.7687568664551,0.0,117.479,0.0,-17.619916915893555
302.8002016544342,0.0,117.437,0.0,-17.618202209472656
302.8354630470276,0.0,117.425,0.0,-17.616561889648438
302.8680145740509,0.0,117.402,0.0,-17.612640380859375
302.90018939971924,0.0,117.384,0.0,-17.61024284362793
302.93227553367615,0.0,117.32,0.0,-17.607330322265625
302.9679534435272,0.0,117.34,0.0,-17.601648330688477
302.99747228622437,0.0,117.35,0.0,-17.60064697265625
303.0288710594177,0.0,117.34,0.0,-17.599544525146484
303.06123876571655,0.0,117.322,0.0,-17.599031448364258
303.09378266334534,0.0,117.303,0.0,-17.595975875854492
303.12606406211853,0.0,117.312,0.0,-17.594715118408203
303.1579179763794,0.0,117.325,0.0,-17.594200134277344
303.1743130683899,0.0,117.308,0.0,-17.59442710876465
303.2069139480591,0.0,117.301,0.0,-17.593963623046875
303.24231719970703,0.0,117.267,0.0,-17.591567993164062
303.2709846496582,0.0,117.213,0.0,-17.588762283325195
303.3020935058594,0.0,117.179,0.0,-17.585865020751953
303.3449065685272,0.0,117.194,0.0,-17.58012580871582
303.3726136684418,0.0,117.182,0.0,-17.578636169433594
303.40513134002686,0.0,117.183,0.0,-17.577068328857422
303.4433090686798,0.0,117.181,0.0,-17.575153350830078
303.46901750564575,0.0,117.18,0.0,-17.57455062866211
303.5012183189392,0.0,117.18,0.0,-17.574167251586914
303.5323529243469,0.0,117.159,0.0,-17.573904037475586
303.5644180774689,0.0,117.132,0.0,-17.572933197021484
303.5966718196869,0.0,117.125,0.0,-17.56949234008789
303.6286287307739,0.0,117.115,0.0,-17.567888259887695
303.6603353023529,0.0,117.083,0.0,-17.566341400146484
303.6934320926666,0.0,117.064,0.0,-17.56191635131836
303.72451066970825,0.0,117.034,0.0,-17.5601863861084
303.75761890411377,0.0,117.016,0.0,-17.557668685913086
303.78892612457275,0.0,116.975,0.0,-17.555049896240234
303.82108426094055,0.0,116.971,0.0,-17.548715591430664
303.85310196876526,0.0,116.986,0.0,-17.546512603759766
303.8867964744568,0.0,116.976,0.0,-17.54553985595703
303.91941833496094,0.0,116.982,0.0,-17.5441951751709
303.95150685310364,0.0,116.996,0.0,-17.543867111206055
303.9787414073944,0.0,116.995,0.0,-17.544286727905273
304.006707906723,0.0,116.954,0.0,-17.544649124145508
304.03944158554077,0.0,116.917,0.0,-17.54328155517578
304.07291769981384,0.0,116.911,0.0,-17.538591384887695
304.1054389476776,0.0,116.856,0.0,-17.535621643066406
304.1373703479767,0.0,116.863,0.0,-17.532480239868164
304.1698522567749,0.0,116.855,0.0,-17.528600692749023
304.2032616138458,0.0,116.846,0.0,-17.526897430419922
304.2333552837372,0.0,116.882,0.0,-17.527015686035156
304.26538920402527,0.0,116.88,0.0,-17.527626037597656
304.296635389328,0.0,116.863,0.0,-17.527191162109375
304.33027935028076,0.0,116.821,0.0,-17.52692222595215
304.36144042015076,0.0,116.792,0.0,-17.525014877319336
304.39437556266785,0.0,116.771,0.0,-17.519834518432617
304.42949390411377,0.0,116.767,0.0,-17.517641067504883
304.47022819519043,0.0,116.75,0.0,-17.51333236694336
304.5025146007538,0.0,116.747,0.0,-17.5119686126709
304.5344331264496,0.0,116.74,0.0,-17.51087188720703
304.5700261592865,0.0,116.727,0.0,-17.508525848388672
304.59898114204407,0.0,116.715,0.0,-17.50782012939453
304.62998509407043,0.0,116.698,0.0,-17.506637573242188
304.6615514755249,0.0,116.676,0.0,-17.505084991455078
304.7022683620453,0.0,116.635,0.0,-17.500015258789062
304.7285807132721,0.0,116.648,0.0,-17.49755096435547
304.7555937767029,0.0,116.654,0.0,-17.49627685546875
304.79380917549133,0.0,116.652,0.0,-17.495128631591797
304.8264787197113,0.0,116.669,0.0,-17.495534896850586
304.85893726348877,0.0,116.644,0.0,-17.494874954223633
304.8906092643738,0.0,116.642,0.0,-17.49367904663086
304.9234631061554,0.0,116.622,0.0,-17.492576599121094
304.95054030418396,0.0,116.625,0.0,-17.49193000793457
304.9830322265625,0.0,116.63,0.0,-17.491619110107422
305.0192017555237,0.0,116.576,0.0,-17.49088478088379
305.04766273498535,0.0,116.569,0.0,-17.488920211791992
305.0798325538635,0.0,116.565,0.0,-17.48716163635254
305.1106445789337,0.0,116.562,0.0,-17.48569107055664
305.14290380477905,0.0,116.543,0.0,-17.482818603515625
305.175630569458,0.0,116.553,0.0,-17.48175811767578
305.20710039138794,0.0,116.58,0.0,-17.481252670288086
305.2390561103821,0.0,116.598,0.0,-17.4820556640625
305.27089047431946,0.0,116.555,0.0,-17.48284149169922
305.302405834198,0.0,116.523,0.0,-17.48103904724121
305.33500576019287,0.0,116.447,0.0,-17.478052139282227
305.3667047023773,0.0,116.449,0.0,-17.4742374420166
305.4002957344055,0.0,116.439,0.0,-17.468910217285156
305.43250942230225,0.0,116.446,0.0,-17.467327117919922
305.46405124664307,0.0,116.5,0.0,-17.46689224243164
305.49691677093506,0.0,116.48,0.0,-17.46841049194336
305.5293414592743,0.0,116.472,0.0,-17.46830940246582
305.5612835884094,0.0,116.451,0.0,-17.468286514282227
305.5935044288635,0.0,116.431,0.0,-17.46498680114746
305.62606859207153,0.0,116.425,0.0,-17.464149475097656
305.6578345298767,0.0,116.403,0.0,-17.46330451965332
305.69010758399963,0.0,116.372,0.0,-17.461782455444336
305.72336602211,0.0,116.343,0.0,-17.456825256347656
305.7545564174652,0.0,116.321,0.0,-17.45442771911621
305.78647112846375,0.0,116.302,0.0,-17.451717376708984
305.81951808929443,0.0,116.339,0.0,-17.448347091674805
305.8506405353546,0.0,116.32,0.0,-17.44720458984375
305.8826789855957,0.0,116.303,0.0,-17.446901321411133
305.91455340385437,0.0,116.253,0.0,-17.445524215698242
305.94652676582336,0.0,116.273,0.0,-17.440954208374023
305.9779484272003,0.0,116.249,0.0,-17.43888282775879
306.00425720214844,0.0,116.246,0.0,-17.437232971191406
306.0359799861908,0.0,116.225,0.0,-17.435577392578125
306.06830286979675,0.0,116.18,0.0,-17.43090057373047
306.1062693595886,0.0,116.164,0.0,-17.427947998046875
306.1343686580658,0.0,116.167,0.0,-17.425880432128906
306.1763746738434,0.0,116.182,0.0,-17.422042846679688
306.2065236568451,0.0,116.182,0.0,-17.422229766845703
306.2396285533905,0.0,116.162,0.0,-17.422466278076172
306.2713670730591,0.0,116.127,0.0,-17.42047882080078
306.3036983013153,0.0,116.103,0.0,-17.419042587280273
306.3358519077301,0.0,116.08,0.0,-17.41699981689453
306.3725907802582,0.0,116.091,0.0,-17.41316795349121
306.4002950191498,0.0,116.061,0.0,-17.410892486572266
306.43213272094727,0.0,116.051,0.0,-17.409257888793945
306.4696297645569,0.0,116.017,0.0,-17.405080795288086
306.4958872795105,0.0,116.031,0.0,-17.40376091003418
306.5221698284149,0.0,116.036,0.0,-17.403038024902344
306.555584192276,0.0,116.026,0.0,-17.402145385742188
306.58870220184326,0.0,116.031,0.0,-17.401832580566406
306.6211693286896,0.0,116.024,0.0,-17.401172637939453
306.65227484703064,0.0,116.016,0.0,-17.400590896606445
306.68480229377747,0.0,116.012,0.0,-17.400039672851562
306.71709394454956,0.0,115.967,0.0,-17.39925765991211
306.7500069141388,0.0,115.975,0.0,-17.396886825561523
306.7822518348694,0.0,115.98,0.0,-17.395870208740234
306.82220697402954,0.0,115.986,0.0,-17.3952693939209
306.86074566841125,0.0,115.986,0.0,-17.395259857177734
306.89551854133606,0.0,115.986,0.0,-17.39539337158203
306.92467427253723,0.0,115.909,0.0,-17.392271041870117
306.9567520618439,0.0,115.895,0.0,-17.38931655883789
306.988538980484,0.0,115.903,0.0,-17.38742446899414
307.0209536552429,0.0,115.901,0.0,-17.384918212890625
307.05388712882996,0.0,115.906,0.0,-17.38433837890625
307.08928513526917,0.0,115.906,0.0,-17.38395118713379
307.1214208602905,0.0,115.876,0.0,-17.382322311401367
307.15264201164246,0.0,115.824,0.0,-17.381303787231445
307.18480229377747,0.0,115.831,0.0,-17.378389358520508
307.21706771850586,0.0,115.805,0.0,-17.376489639282227
307.2489640712738,0.0,115.818,0.0,-17.372634887695312
307.28214621543884,0.0,115.799,0.0,-17.37169647216797
307.3136329650879,0.0,115.788,0.0,-17.370243072509766
307.34531474113464,0.0,115.775,0.0,-17.36707878112793
307.37812209129333,0.0,115.766,0.0,-17.365497589111328
307.40913796424866,0.0,115.762,0.0,-17.36371612548828
307.44121837615967,0.0,115.727,0.0,-17.36287498474121
307.4735321998596,0.0,115.739,0.0,-17.35982322692871
307.50617694854736,0.0,115.732,0.0,-17.35882568359375
307.53982877731323,0.0,115.712,0.0,-17.35724639892578
307.5802114009857,0.0,115.662,0.0,-17.353254318237305
307.6195945739746,0.0,115.643,0.0,-17.34992218017578
307.6524758338928,0.0,115.638,0.0,-17.346044540405273
307.6848542690277,0.0,115.648,0.0,-17.344768524169922
307.7185299396515,0.0,115.646,0.0,-17.34400177001953
307.7491788864136,0.0,115.594,0.0,-17.343774795532227
307.78139090538025,0.0,115.595,0.0,-17.34149169921875
307.81426787376404,0.0,115.578,0.0,-17.339841842651367
307.84609150886536,0.0,115.584,0.0,-17.33677864074707
307.87797451019287,0.0,115.556,0.0,-17.33567237854004
307.9098575115204,0.0,115.569,0.0,-17.33401107788086
307.9413502216339,0.0,115.564,0.0,-17.333349227905273
307.97441387176514,0.0,115.558,0.0,-17.33202362060547
308.0071556568146,0.0,115.492,0.0,-17.33039093017578
308.0381188392639,0.0,115.475,0.0,-17.32760238647461
308.06936025619507,0.0,115.477,0.0,-17.324806213378906
308.10085678100586,0.0,115.5,0.0,-17.32230567932129
308.1316056251526,0.0,115.507,0.0,-17.32229232788086
308.16407465934753,0.0,115.484,0.0,-17.322065353393555
308.1976795196533,0.0,115.46,0.0,-17.319747924804688
308.22779083251953,0.0,115.479,0.0,-17.319421768188477
308.25438499450684,0.0,115.453,0.0,-17.31814193725586
308.2984380722046,0.0,115.452,0.0,-17.316526412963867
308.3548984527588,0.0,115.445,0.0,-17.31524085998535
308.3867881298065,0.0,115.453,0.0,-17.314884185791016
308.4186522960663,0.0,115.424,0.0,-17.315000534057617
308.45044112205505,0.0,115.389,0.0,-17.3118839263916
308.4836394786835,0.0,115.388,0.0,-17.310150146484375
308.513858795166,0.0,115.416,0.0,-17.308822631835938
308.546790599823,0.0,115.404,0.0,-17.30874252319336
308.5785553455353,0.0,115.312,0.0,-17.306852340698242
308.61054277420044,0.0,115.275,0.0,-17.303300857543945
308.63861536979675,0.0,115.315,0.0,-17.299060821533203
308.6730422973633,0.0,115.317,0.0,-17.2965087890625
308.7043161392212,0.0,115.329,0.0,-17.296297073364258
308.7351279258728,0.0,115.292,0.0,-17.296541213989258
308.76781463623047,0.0,115.302,0.0,-17.29490852355957
308.8017418384552,0.0,115.263,0.0,-17.291955947875977
308.8324918746948,0.0,115.278,0.0,-17.290969848632812
308.8641436100006,0.0,115.278,0.0,-17.29027557373047
308.8987526893616,0.0,115.274,0.0,-17.28845977783203
308.9286768436432,0.0,115.258,0.0,-17.288358688354492
308.96171283721924,0.0,115.257,0.0,-17.287668228149414
309.0012536048889,0.0,115.189,0.0,-17.28462028503418
309.0247917175293,0.0,115.153,0.0,-17.28205108642578
309.0557596683502,0.0,115.149,0.0,-17.278614044189453
309.08854246139526,0.0,115.154,0.0,-17.275859832763672
309.1243963241577,0.0,115.129,0.0,-17.27161979675293
309.1519048213959,0.0,115.124,0.0,-17.26959800720215
309.1889400482178,0.0,115.121,0.0,-17.26816177368164
309.2056634426117,0.0,115.096,0.0,-17.267009735107422
309.23741388320923,0.0,115.108,0.0,-17.265153884887695
309.2689995765686,0.0,115.078,0.0,-17.264305114746094
309.30148911476135,0.0,115.06,0.0,-17.26038360595703
309.3331711292267,0.0,115.056,0.0,-17.258682250976562
309.36515188217163,0.0,115.048,0.0,-17.256654739379883
309.398695230484,0.0,115.05,0.0,-17.255014419555664
309.4296407699585,0.0,115.047,0.0,-17.254491806030273
309.4620280265808,0.0,115.076,0.0,-17.255386352539062
309.49409341812134,0.0,115.09,0.0,-17.256065368652344
309.5257635116577,0.0,115.086,0.0,-17.25783920288086
309.5578134059906,0.0,115.074,0.0,-17.258638381958008
309.59004259109497,0.0,115.044,0.0,-17.2587947845459
309.6236262321472,0.0,115.035,0.0,-17.256502151489258
309.6534297466278,0.0,114.941,0.0,-17.253938674926758
309.6860191822052,0.0,114.949,0.0,-17.249731063842773
309.71926760673523,0.0,114.942,0.0,-17.246864318847656
309.7516369819641,0.0,114.944,0.0,-17.242006301879883
309.79236245155334,0.0,114.935,0.0,-17.24088478088379
309.82463479042053,0.0,114.916,0.0,-17.238082885742188
309.8558826446533,0.0,114.871,0.0,-17.234922409057617
309.8883481025696,0.0,114.849,0.0,-17.23263931274414
309.9204089641571,0.0,114.853,0.0,-17.230031967163086
309.9530394077301,0.0,114.875,0.0,-17.227916717529297
309.9850058555603,0.0,114.846,0.0,-17.226511001586914
310.01705741882324,0.0,114.816,0.0,-17.224668502807617
310.0489251613617,0.0,114.816,0.0,-17.22162628173828
310.0806221961975,0.0,114.819,0.0,-17.22084617614746
310.1138045787811,0.0,114.853,0.0,-17.220325469970703
310.14529371261597,0.0,114.838,0.0,-17.22142791748047
310.1775279045105,0.0,114.759,0.0,-17.22266387939453
310.208966255188,0.0,114.731,0.0,-17.219478607177734
310.23979473114014,0.0,114.729,0.0,-17.215896606445312
310.2750244140625,0.0,114.742,0.0,-17.211572647094727
310.3050467967987,0.0,114.726,0.0,-17.209117889404297
310.3364067077637,0.0,114.716,0.0,-17.207969665527344
310.3694405555725,0.0,114.733,0.0,-17.206741333007812
310.4010350704193,0.0,114.75,0.0,-17.20725440979004
310.431706905365,0.0,114.725,0.0,-17.207168579101562
310.45763087272644,0.0,114.684,0.0,-17.206787109375
310.4877042770386,0.0,114.668,0.0,-17.204830169677734
310.525511264801,0.0,114.639,0.0,-17.199905395507812
310.55284428596497,0.0,114.634,0.0,-17.197601318359375
310.58417797088623,0.0,114.635,0.0,-17.195934295654297
310.61570715904236,0.0,114.631,0.0,-17.194887161254883
310.6478314399719,0.0,114.631,0.0,-17.19306182861328
310.6800262928009,0.0,114.608,0.0,-17.191585540771484
310.71269178390503,0.0,114.578,0.0,-17.189254760742188
310.7444803714752,0.0,114.538,0.0,-17.187524795532227
310.77456164360046,0.0,114.545,0.0,-17.183425903320312
310.80209279060364,0.0,114.53,0.0,-17.18186378479004
310.83449244499207,0.0,114.544,0.0,-17.18010711669922
310.8667447566986,0.0,114.53,0.0,-17.179418563842773
310.8982288837433,0.0,114.55,0.0,-17.178489685058594
310.9311203956604,0.0,114.507,0.0,-17.178190231323242
310.9639644622803,0.0,114.479,0.0,-17.17668342590332
310.9996392726898,0.0,114.454,0.0,-17.17167091369629
311.027206659317,0.0,114.437,0.0,-17.168914794921875
311.0602135658264,0.0,114.436,0.0,-17.167577743530273
311.0887506008148,0.0,114.426,0.0,-17.165868759155273
311.1186246871948,0.0,114.423,0.0,-17.164209365844727
311.14401388168335,0.0,114.407,0.0,-17.162883758544922
311.17650032043457,0.0,114.4,0.0,-17.159805297851562
311.2077622413635,0.0,114.397,0.0,-17.15863037109375
311.23951148986816,0.0,114.403,0.0,-17.157634735107422
311.27479314804077,0.0,114.411,0.0,-17.157567977905273
311.3036422729492,0.0,114.406,0.0,-17.15758514404297
311.3326382637024,0.0,114.409,0.0,-17.157665252685547
311.3647999763489,0.0,114.408,0.0,-17.157913208007812
311.4009323120117,0.0,114.385,0.0,-17.15828514099121
311.4294650554657,0.0,114.329,0.0,-17.15753746032715
311.4608418941498,0.0,114.327,0.0,-17.154651641845703
311.49272298812866,0.0,114.327,0.0,-17.15238380432129
311.5246660709381,0.0,114.319,0.0,-17.149091720581055
311.5567116737366,0.0,114.307,0.0,-17.148088455200195
311.5886912345886,0.0,114.313,0.0,-17.14670181274414
311.62091612815857,0.0,114.322,0.0,-17.14594268798828
311.65373516082764,0.0,114.331,0.0,-17.146114349365234
311.68529176712036,0.0,114.314,0.0,-17.146541595458984
311.71804547309875,0.0,114.296,0.0,-17.146081924438477
311.74950885772705,0.0,114.289,0.0,-17.143938064575195
311.7770617008209,0.0,114.266,0.0,-17.142187118530273
311.80662870407104,0.0,114.253,0.0,-17.140335083007812
311.83923053741455,0.0,114.243,0.0,-17.138532638549805
311.8754680156708,0.0,114.26,0.0,-17.137187957763672
311.9024910926819,0.0,114.271,0.0,-17.137439727783203
311.93555998802185,0.0,114.241,0.0,-17.13642692565918
311.9671869277954,0.0,114.213,0.0,-17.135692596435547
311.9993152618408,0.0,114.206,0.0,-17.132566452026367
312.0320575237274,0.0,114.223,0.0,-17.131385803222656
312.0643491744995,0.0,114.207,0.0,-17.131240844726562
312.1013181209564,0.0,114.197,0.0,-17.12957191467285
312.1283869743347,0.0,114.146,0.0,-17.127260208129883
312.1602203845978,0.0,114.153,0.0,-17.125019073486328
312.1918098926544,0.0,114.145,0.0,-17.123638153076172
312.2243158817291,0.0,114.139,0.0,-17.121063232421875
312.25645208358765,0.0,114.132,0.0,-17.1198787689209
312.2877414226532,0.0,114.085,0.0,-17.11801528930664
312.3191101551056,0.0,114.101,0.0,-17.115673065185547
312.35081815719604,0.0,114.081,0.0,-17.112998962402344
312.3887720108032,0.0,114.1,0.0,-17.112627029418945
312.42030572891235,0.0,114.066,0.0,-17.112321853637695
312.4526357650757,0.0,114.043,0.0,-17.108734130859375
312.4854214191437,0.0,113.998,0.0,-17.107196807861328
312.52295207977295,0.0,113.978,0.0,-17.100961685180664
312.556143283844,0.0,113.988,0.0,-17.09867286682129
312.6006691455841,0.0,113.968,0.0,-17.095666885375977
312.6289312839508,0.0,113.996,0.0,-17.094741821289062
312.66134333610535,0.0,113.963,0.0,-17.09494972229004
312.6940960884094,0.0,113.998,0.0,-17.09380340576172
312.7342908382416,0.0,113.941,0.0,-17.093650817871094
312.77007484436035,0.0,113.901,0.0,-17.092082977294922
312.80221819877625,0.0,113.92,0.0,-17.087936401367188
312.833966255188,0.0,113.907,0.0,-17.086441040039062
312.8657259941101,0.0,113.884,0.0,-17.085147857666016
312.9007647037506,0.0,113.852,0.0,-17.080888748168945
312.9326066970825,0.0,113.846,0.0,-17.07872200012207
312.9639537334442,0.0,113.825,0.0,-17.076244354248047
312.9902148246765,0.0,113.828,0.0,-17.074535369873047
313.03142285346985,0.0,113.795,0.0,-17.07065200805664
313.05597281455994,0.0,113.787,0.0,-17.069080352783203
313.08274483680725,0.0,113.783,0.0,-17.067617416381836
313.1141619682312,0.0,113.809,0.0,-17.066404342651367
313.1555006504059,0.0,113.808,0.0,-17.066364288330078
313.1881124973297,0.0,113.774,0.0,-17.066728591918945
313.2201223373413,0.0,113.745,0.0,-17.06565284729004
313.23998618125916,0.0,113.766,0.0,-17.06366729736328
313.2842378616333,0.0,113.718,0.0,-17.061397552490234
313.3180961608887,0.0,113.731,0.0,-17.059446334838867
313.3490378856659,0.0,113.704,0.0,-17.058551788330078
313.3803880214691,0.0,113.71,0.0,-17.055761337280273
313.4173686504364,0.0,113.705,0.0,-17.05532455444336
313.44696402549744,0.0,113.714,0.0,-17.054550170898438
313.4772140979767,0.0,113.704,0.0,-17.053916931152344
313.504310131073,0.0,113.675,0.0,-17.05238914489746
313.55254912376404,0.0,113.651,0.0,-17.049415588378906
313.58011746406555,0.0,113.657,0.0,-17.04833221435547
313.6109001636505,0.0,113.665,0.0,-17.04789161682129
313.62704253196716,0.0,113.663,0.0,-17.047527313232422
313.6590852737427,0.0,113.658,0.0,-17.047094345092773
313.69129180908203,0.0,113.647,0.0,-17.04635238647461
313.727196931839,0.0,113.628,0.0,-17.044851303100586
313.75456285476685,0.0,113.635,0.0,-17.043977737426758
313.7877278327942,0.0,113.615,0.0,-17.04364585876465
313.81913018226624,0.0,113.598,0.0,-17.042600631713867
313.8583860397339,0.0,113.541,0.0,-17.038440704345703
313.88876390457153,0.0,113.574,0.0,-17.035619735717773
313.9276502132416,0.0,113.523,0.0,-17.03223991394043
313.95592999458313,0.0,113.545,0.0,-17.030427932739258
313.9877851009369,0.0,113.52,0.0,-17.02985191345215
314.0213723182678,0.0,113.507,0.0,-17.028423309326172
314.0520589351654,0.0,113.504,0.0,-17.025562286376953
314.0837879180908,0.0,113.47,0.0,-17.023296356201172
314.11613941192627,0.0,113.483,0.0,-17.02153205871582
314.1472043991089,0.0,113.48,0.0,-17.02078628540039
314.17831087112427,0.0,113.49,0.0,-17.020160675048828
314.207279920578,0.0,113.47,0.0,-17.019390106201172
314.240318775177,0.0,113.467,0.0,-17.018016815185547
314.27442598342896,0.0,113.417,0.0,-17.017732620239258
314.3119387626648,0.0,113.414,0.0,-17.01366424560547
314.3398017883301,0.0,113.405,0.0,-17.011951446533203
314.37055802345276,0.0,113.405,0.0,-17.01069450378418
314.40442156791687,0.0,113.413,0.0,-17.009159088134766
314.43540620803833,0.0,113.411,0.0,-17.009071350097656
314.46789479255676,0.0,113.389,0.0,-17.008983612060547
314.5063910484314,0.0,113.371,0.0,-17.00725555419922
314.53840732574463,0.0,113.377,0.0,-17.006067276000977
314.5693099498749,0.0,113.371,0.0,-17.005455017089844
314.6031742095947,0.0,113.357,0.0,-17.003732681274414
314.6396498680115,0.0,113.344,0.0,-17.002843856811523
314.6770405769348,0.0,113.351,0.0,-17.00132179260254
314.7366750240326,0.0,113.34,0.0,-17.00003433227539
314.7599413394928,0.0,113.307,0.0,-16.998266220092773
314.7860143184662,0.0,113.295,0.0,-16.996444702148438
314.81865906715393,0.0,113.303,0.0,-16.995342254638672
314.85339164733887,0.0,113.311,0.0,-16.99446678161621
314.882390499115,0.0,113.327,0.0,-16.995065689086914
314.9128987789154,0.0,113.303,0.0,-16.995576858520508
314.94390988349915,0.0,113.303,0.0,-16.995006561279297
314.9756009578705,0.0,113.302,0.0,-16.994606018066406
315.0067629814148,0.0,113.301,0.0,-16.99421501159668
315.03907108306885,0.0,113.311,0.0,-16.9940185546875
315.07044410705566,0.0,113.302,0.0,-16.994319915771484
315.10369896888733,0.0,113.314,0.0,-16.994647979736328
315.13559579849243,0.0,113.316,0.0,-16.994932174682617
315.1728262901306,0.0,113.309,0.0,-16.995342254638672
315.19409942626953,0.0,113.279,0.0,-16.995386123657227
315.236426115036,0.0,113.259,0.0,-16.9930477142334
315.2797555923462,0.0,113.255,0.0,-16.990278244018555
315.30562829971313,0.0,113.27,0.0,-16.989940643310547
315.3369255065918,0.0,113.259,0.0,-16.989246368408203
315.3772623538971,0.0,113.24,0.0,-16.98748016357422
315.4035668373108,0.0,113.211,0.0,-16.985416412353516
315.4309546947479,0.0,113.19,0.0,-16.982973098754883
315.469172000885,0.0,113.187,0.0,-16.98003387451172
315.4928710460663,0.0,113.187,0.0,-16.978775024414062
315.523672580719,0.0,113.192,0.0,-16.97823143005371
315.57328176498413,0.0,113.138,0.0,-16.976743698120117
315.596985578537,0.0,113.138,0.0,-16.976058959960938
315.6376302242279,0.0,113.102,0.0,-16.971397399902344
315.66958141326904,0.0,113.074,0.0,-16.968889236450195
315.69180941581726,0.0,113.046,0.0,-16.965835571289062
315.73346304893494,0.0,113.046,0.0,-16.9594669342041
315.7663757801056,0.0,113.063,0.0,-16.957599639892578
315.7971794605255,0.0,113.073,0.0,-16.956954956054688
315.8296551704407,0.0,113.067,0.0,-16.9567928314209
315.8600833415985,0.0,113.068,0.0,-16.956947326660156
315.88817143440247,0.0,113.062,0.0,-16.956968307495117
315.9206295013428,0.0,113.05,0.0,-16.95679473876953
315.9468548297882,0.0,113.047,0.0,-16.95621681213379
315.9795527458191,0.0,113.004,0.0,-16.953548431396484
316.005211353302,0.0,112.999,0.0,-16.951730728149414
316.03769159317017,0.0,112.988,0.0,-16.949922561645508
316.0732989311218,0.0,112.927,0.0,-16.946529388427734
316.10594749450684,0.0,112.954,0.0,-16.94230842590332
316.1428620815277,0.0,112.951,0.0,-16.941364288330078
316.1666536331177,0.0,112.967,0.0,-16.941383361816406
316.19492292404175,0.0,112.962,0.0,-16.941259384155273
316.2291793823242,0.0,112.892,0.0,-16.93703842163086
316.25715470314026,0.0,112.881,0.0,-16.935163497924805
316.2893896102905,0.0,112.878,0.0,-16.933324813842773
316.3228476047516,0.0,112.866,0.0,-16.931852340698242
316.353285074234,0.0,112.835,0.0,-16.928264617919922
316.3866500854492,0.0,112.854,0.0,-16.926361083984375
316.41522097587585,0.0,112.871,0.0,-16.925765991210938
316.4470818042755,0.0,112.869,0.0,-16.926097869873047
316.4808945655823,0.0,112.875,0.0,-16.92685317993164
316.5103089809418,0.0,112.818,0.0,-16.92642593383789
316.5430557727814,0.0,112.818,0.0,-16.924640655517578
316.57252192497253,0.0,112.804,0.0,-16.923316955566406
316.60555839538574,0.0,112.824,0.0,-16.92146110534668
316.63806772232056,0.0,112.836,0.0,-16.92229461669922
316.66871547698975,0.0,112.819,0.0,-16.922489166259766
316.6928143501282,0.0,112.781,0.0,-16.921972274780273
316.7239899635315,0.0,112.751,0.0,-16.92002296447754
316.7598145008087,0.0,112.747,0.0,-16.915081024169922
316.7845103740692,0.0,112.744,0.0,-16.91329574584961
316.8209173679352,0.0,112.742,0.0,-16.912187576293945
316.8532428741455,0.0,112.749,0.0,-16.910612106323242
316.8849411010742,0.0,112.756,0.0,-16.91059112548828
316.91756319999695,0.0,112.741,0.0,-16.910001754760742
316.94921135902405,0.0,112.714,0.0,-16.908885955810547
316.98089241981506,0.0,112.705,0.0,-16.906761169433594
317.0123357772827,0.0,112.705,0.0,-16.905744552612305
317.0438799858093,0.0,112.691,0.0,-16.905014038085938
317.07524394989014,0.0,112.684,0.0,-16.903915405273438
317.10670232772827,0.0,112.587,0.0,-16.8990535736084
317.13170433044434,0.0,112.561,0.0,-16.895105361938477
317.1640272140503,0.0,112.557,0.0,-16.891029357910156
317.2062683105469,0.0,112.558,0.0,-16.885412216186523
317.23814129829407,0.0,112.544,0.0,-16.883373260498047
317.26979970932007,0.0,112.529,0.0,-16.8815975189209
317.3102123737335,0.0,112.538,0.0,-16.878684997558594
317.33603382110596,0.0,112.547,0.0,-16.878379821777344
317.3674454689026,0.0,112.554,0.0,-16.87865447998047
317.40685200691223,0.0,112.531,0.0,-16.87806510925293
317.43766593933105,0.0,112.497,0.0,-16.876123428344727
317.46896266937256,0.0,112.484,0.0,-16.873855590820312
317.5020492076874,0.0,112.497,0.0,-16.872468948364258
317.5224304199219,0.0,112.498,0.0,-16.872020721435547
317.5566654205322,0.0,112.498,0.0,-16.871681213378906
317.59682273864746,0.0,112.477,0.0,-16.87078094482422
317.6301372051239,0.0,112.444,0.0,-16.868419647216797
317.6605293750763,0.0,112.441,0.0,-16.8670597076416
317.69242787361145,0.0,112.43,0.0,-16.86594581604004
317.7250699996948,0.0,112.429,0.0,-16.864686965942383
317.75692224502563,0.0,112.42,0.0,-16.86255645751953
317.78889513015747,0.0,112.403,0.0,-16.861835479736328
317.82105016708374,0.0,112.411,0.0,-16.860626220703125
317.85539293289185,0.0,112.409,0.0,-16.85964584350586
317.88533306121826,0.0,112.411,0.0,-16.859445571899414
317.91822052001953,0.0,112.36,0.0,-16.858001708984375
317.9501519203186,0.0,112.347,0.0,-16.856142044067383
317.97385573387146,0.0,112.337,0.0,-16.85421371459961
318.0063886642456,0.0,112.327,0.0,-16.85057258605957
318.0392541885376,0.0,112.326,0.0,-16.849212646484375
318.069619178772,0.0,112.294,0.0,-16.846881866455078
318.10061955451965,0.0,112.266,0.0,-16.844099044799805
318.1392638683319,0.0,112.277,0.0,-16.840730667114258
318.1660623550415,0.0,112.287,0.0,-16.840328216552734
318.1924376487732,0.0,112.291,0.0,-16.840091705322266
318.224365234375,0.0,112.291,0.0,-16.84014892578125
318.2574326992035,0.0,112.233,0.0,-16.838436126708984
318.28920102119446,0.0,112.228,0.0,-16.83662223815918
318.32286047935486,0.0,112.237,0.0,-16.83507537841797
318.3480861186981,0.0,112.242,0.0,-16.834320068359375
318.38357162475586,0.0,112.216,0.0,-16.833539962768555
318.4172134399414,0.0,112.223,0.0,-16.83243751525879
318.4575412273407,0.0,112.222,0.0,-16.831565856933594
318.4900588989258,0.0,112.212,0.0,-16.831626892089844
318.53196716308594,0.0,112.203,0.0,-16.8302059173584
318.5807113647461,0.0,112.199,0.0,-16.82857894897461
318.61320090293884,0.0,112.217,0.0,-16.829055786132812
318.65702080726624,0.0,112.253,0.0,-16.831567764282227
318.67864060401917,0.0,112.261,0.0,-16.833332061767578
318.72185349464417,0.0,112.253,0.0,-16.83429718017578
318.7561581134796,0.0,112.232,0.0,-16.834928512573242
318.7864887714386,0.0,112.216,0.0,-16.83409881591797
318.8197212219238,0.0,112.187,0.0,-16.83224868774414
318.84723687171936,0.0,112.157,0.0,-16.829572677612305
318.88964343070984,0.0,112.161,0.0,-16.826141357421875
318.9138443470001,0.0,112.159,0.0,-16.825103759765625
318.9490246772766,0.0,112.143,0.0,-16.82425308227539
318.97411847114563,0.0,112.099,0.0,-16.822961807250977
319.0061445236206,0.0,112.08,0.0,-16.817899703979492
319.0398418903351,0.0,112.06,0.0,-16.815534591674805
319.0729274749756,0.0,112.091,0.0,-16.81292152404785
319.104944229126,0.0,112.09,0.0,-16.81177520751953
319.13537096977234,0.0,112.107,0.0,-16.810997009277344
319.16109681129456,0.0,112.107,0.0,-16.811630249023438
319.2067623138428,0.0,112.045,0.0,-16.808645248413086
319.2463526725769,0.0,112.018,0.0,-16.80757713317871
319.2734968662262,0.0,112.019,0.0,-16.805463790893555
319.3060269355774,0.0,112.003,0.0,-16.8021297454834
319.339154958725,0.0,112.011,0.0,-16.801136016845703
319.37032747268677,0.0,111.977,0.0,-16.79971694946289
319.39759969711304,0.0,111.977,0.0,-16.797969818115234
319.4393615722656,0.0,111.964,0.0,-16.795209884643555
319.46674513816833,0.0,111.963,0.0,-16.79409408569336
319.4943208694458,0.0,111.977,0.0,-16.79388427734375
319.52627325057983,0.0,111.975,0.0,-16.793787002563477
319.55560064315796,0.0,111.981,0.0,-16.79302215576172
319.58819007873535,0.0,111.964,0.0,-16.7934627532959
319.6207444667816,0.0,111.993,0.0,-16.793140411376953
319.64621901512146,0.0,111.958,0.0,-16.79415512084961
319.6825256347656,0.0,111.898,0.0,-16.7905330657959
319.71317172050476,0.0,111.849,0.0,-16.78755760192871
319.74854135513306,0.0,111.839,0.0,-16.783964157104492
319.77936935424805,0.0,111.857,0.0,-16.780824661254883
319.807932138443,0.0,111.841,0.0,-16.777381896972656
319.8327353000641,0.0,111.886,0.0,-16.777921676635742
319.867027759552,0.0,111.87,0.0,-16.777191162109375
319.8984625339508,0.0,111.845,0.0,-16.777238845825195
319.9388585090637,0.0,111.817,0.0,-16.774438858032227
319.9647958278656,0.0,111.843,0.0,-16.774160385131836
319.98967480659485,0.0,111.797,0.0,-16.772075653076172
320.0217938423157,0.0,111.796,0.0,-16.770774841308594
320.0557224750519,0.0,111.761,0.0,-16.767175674438477
320.08339071273804,0.0,111.759,0.0,-16.765329360961914
320.11362957954407,0.0,111.744,0.0,-16.763341903686523
320.1578345298767,0.0,111.718,0.0,-16.75852394104004
320.1850152015686,0.0,111.73,0.0,-16.75771713256836
320.2184166908264,0.0,111.732,0.0,-16.75725555419922
320.25102615356445,0.0,111.75,0.0,-16.757898330688477
320.28282356262207,0.0,111.729,0.0,-16.757787704467773
320.3143219947815,0.0,111.709,0.0,-16.7574520111084
320.35899209976196,0.0,111.685,0.0,-16.755908966064453
320.3834295272827,0.0,111.685,0.0,-16.754314422607422
320.4193847179413,0.0,111.66,0.0,-16.753557205200195
320.45228576660156,0.0,111.653,0.0,-16.751556396484375
320.4753849506378,0.0,111.646,0.0,-16.74976921081543
320.5161888599396,0.0,111.619,0.0,-16.745410919189453
320.5488259792328,0.0,111.641,0.0,-16.7437744140625
320.582937002182,0.0,111.643,0.0,-16.74344253540039
320.61220502853394,0.0,111.631,0.0,-16.742956161499023
320.6449418067932,0.0,111.599,0.0,-16.742429733276367
320.6779406070709,0.0,111.57,0.0,-16.74094581604004
320.7169864177704,0.0,111.552,0.0,-16.736955642700195
320.75939774513245,0.0,111.529,0.0,-16.732446670532227
320.7956049442291,0.0,111.566,0.0,-16.73148536682129
320.8179717063904,0.0,111.566,0.0,-16.73148536682129
320.8510572910309,0.0,111.525,0.0,-16.73113250732422
320.88890314102173,0.0,111.527,0.0,-16.728601455688477
320.92243099212646,0.0,111.468,0.0,-16.72539710998535
320.9522180557251,0.0,111.511,0.0,-16.723407745361328
320.9844899177551,0.0,111.526,0.0,-16.723331451416016
321.0161144733429,0.0,111.518,0.0,-16.72403335571289
321.0406575202942,0.0,111.493,0.0,-16.72429847717285
321.0735547542572,0.0,111.474,0.0,-16.723508834838867
321.10590648651123,0.0,111.437,0.0,-16.722150802612305
321.1391534805298,0.0,111.421,0.0,-16.717973709106445
321.1709101200104,0.0,111.419,0.0,-16.715810775756836
321.2032699584961,0.0,111.403,0.0,-16.714115142822266
321.2354085445404,0.0,111.388,0.0,-16.71015167236328
321.2666187286377,0.0,111.384,0.0,-16.70901870727539
321.30857825279236,0.0,111.391,0.0,-16.706987380981445
321.3448431491852,0.0,111.372,0.0,-16.70539665222168
321.3718674182892,0.0,111.34,0.0,-16.704570770263672
321.40373039245605,0.0,111.324,0.0,-16.70265769958496
321.4355764389038,0.0,111.325,0.0,-16.699077606201172
321.4684991836548,0.0,111.301,0.0,-16.696985244750977
321.4987037181854,0.0,111.338,0.0,-16.69649314880371
321.533371925354,0.0,111.352,0.0,-16.697500228881836
321.59221935272217,0.0,111.31,0.0,-16.696884155273438
321.61949586868286,0.0,111.31,0.0,-16.69605827331543
321.6443500518799,0.0,111.278,0.0,-16.695472717285156
321.6847174167633,0.0,111.268,0.0,-16.692514419555664
321.7110311985016,0.0,111.242,0.0,-16.691125869750977
321.75096797943115,0.0,111.222,0.0,-16.689016342163086
321.7833409309387,0.0,111.19,0.0,-16.684001922607422
321.8163025379181,0.0,111.182,0.0,-16.68151092529297
321.8498754501343,0.0,111.176,0.0,-16.679323196411133
321.8912732601166,0.0,111.182,0.0,-16.675752639770508
321.9228539466858,0.0,111.189,0.0,-16.67510414123535
321.9403929710388,0.0,111.181,0.0,-16.67497444152832
321.97289419174194,0.0,111.179,0.0,-16.67461395263672
322.00734877586365,0.0,111.18,0.0,-16.674320220947266
322.03869104385376,0.0,111.16,0.0,-16.67333221435547
322.0804660320282,0.0,111.143,0.0,-16.672426223754883
322.11759877204895,0.0,111.134,0.0,-16.670223236083984
322.1491355895996,0.0,111.137,0.0,-16.66944122314453
322.1857943534851,0.0,111.135,0.0,-16.668594360351562
322.2132294178009,0.0,111.143,0.0,-16.668685913085938
322.2451455593109,0.0,111.146,0.0,-16.66893196105957
322.27619075775146,0.0,111.139,0.0,-16.6687068939209
322.30543971061707,0.0,111.129,0.0,-16.668743133544922
322.33750915527344,0.0,111.122,0.0,-16.66815948486328
322.3702256679535,0.0,111.136,0.0,-16.667720794677734
322.4014699459076,0.0,111.114,0.0,-16.668004989624023
322.43536496162415,0.0,111.122,0.0,-16.666719436645508
322.4736590385437,0.0,111.119,0.0,-16.666738510131836
322.50450325012207,0.0,111.119,0.0,-16.666656494140625
322.5407009124756,0.0,111.071,0.0,-16.6656551361084
322.57145833969116,0.0,111.086,0.0,-16.66388511657715
322.6029188632965,0.0,111.069,0.0,-16.663175582885742
322.636479139328,0.0,111.081,0.0,-16.661531448364258
322.66616654396057,0.0,111.066,0.0,-16.661834716796875
322.69761991500854,0.0,111.047,0.0,-16.6608829498291
322.73085737228394,0.0,111.01,0.0,-16.659379959106445
322.7625231742859,0.0,111.007,0.0,-16.654537200927734
322.79449939727783,0.0,110.993,0.0,-16.652324676513672
322.82612562179565,0.0,111.009,0.0,-16.650495529174805
322.8532838821411,0.0,110.993,0.0,-16.649974822998047
322.8858850002289,0.0,111.009,0.0,-16.648895263671875
322.91488552093506,0.0,111.003,0.0,-16.648649215698242
322.94690442085266,0.0,110.975,0.0,-16.64733123779297
322.97356128692627,0.0,110.973,0.0,-16.646276473999023
323.02332615852356,0.0,110.979,0.0,-16.645057678222656
323.0501573085785,0.0,111.0,0.0,-16.645801544189453
323.08811616897583,0.0,110.968,0.0,-16.64693832397461
323.12042570114136,0.0,110.905,0.0,-16.646028518676758
323.1523778438568,0.0,110.87,0.0,-16.642711639404297
323.1842758655548,0.0,110.859,0.0,-16.634746551513672
323.2168378829956,0.0,110.937,0.0,-16.6322021484375
323.2485466003418,0.0,110.947,0.0,-16.63357925415039
323.2811586856842,0.0,110.936,0.0,-16.635129928588867
323.3012659549713,0.0,110.923,0.0,-16.635923385620117
323.3462173938751,0.0,110.867,0.0,-16.635160446166992
323.37790083885193,0.0,110.83,0.0,-16.6331787109375
323.4096579551697,0.0,110.781,0.0,-16.625776290893555
323.44175910949707,0.0,110.755,0.0,-16.621749877929688
323.473908662796,0.0,110.756,0.0,-16.618330001831055
323.5058596134186,0.0,110.766,0.0,-16.615808486938477
323.5359983444214,0.0,110.764,0.0,-16.613250732421875
323.56891894340515,0.0,110.771,0.0,-16.612770080566406
323.60168075561523,0.0,110.78,0.0,-16.61176872253418
323.6327745914459,0.0,110.761,0.0,-16.612165451049805
323.66515493392944,0.0,110.737,0.0,-16.610490798950195
323.69701409339905,0.0,110.74,0.0,-16.609710693359375
323.7231869697571,0.0,110.689,0.0,-16.607032775878906
323.76197624206543,0.0,110.689,0.0,-16.60359001159668
323.7910144329071,0.0,110.683,0.0,-16.602264404296875
323.8235878944397,0.0,110.685,0.0,-16.601314544677734
323.8550446033478,0.0,110.668,0.0,-16.600736618041992
323.87693548202515,0.0,110.686,0.0,-16.599647521972656
323.9096767902374,0.0,110.672,0.0,-16.5997257232666
323.94501972198486,0.0,110.668,0.0,-16.59922981262207
323.9737367630005,0.0,110.644,0.0,-16.598735809326172
324.0170588493347,0.0,110.64,0.0,-16.5965518951416
324.04885029792786,0.0,110.609,0.0,-16.59565544128418
324.0654048919678,0.0,110.619,0.0,-16.59371566772461
324.09751415252686,0.0,110.614,0.0,-16.59269142150879
324.128210067749,0.0,110.617,0.0,-16.591747283935547
324.1609597206116,0.0,110.609,0.0,-16.590499877929688
324.1930162906647,0.0,110.58,0.0,-16.58879280090332
324.22449564933777,0.0,110.531,0.0,-16.587108612060547
324.2619173526764,0.0,110.535,0.0,-16.582225799560547
324.28894329071045,0.0,110.515,0.0,-16.579906463623047
324.3174648284912,0.0,110.538,0.0,-16.57914924621582
324.35929465293884,0.0,110.553,0.0,-16.57961654663086
324.4133961200714,0.0,110.534,0.0,-16.579187393188477
324.455203294754,0.0,110.574,0.0,-16.57898712158203
324.4868469238281,0.0,110.559,0.0,-16.580751419067383
324.53476762771606,0.0,110.544,0.0,-16.581130981445312
324.56608176231384,0.0,110.518,0.0,-16.580886840820312
324.6062481403351,0.0,110.498,0.0,-16.579607009887695
324.6406409740448,0.0,110.435,0.0,-16.57708168029785
324.67054533958435,0.0,110.455,0.0,-16.573278427124023
324.6925609111786,0.0,110.42,0.0,-16.57122039794922
324.72574615478516,0.0,110.437,0.0,-16.568208694458008
324.7556703090668,0.0,110.449,0.0,-16.566650390625
324.7893042564392,0.0,110.416,0.0,-16.564191818237305
324.8209226131439,0.0,110.422,0.0,-16.56402015686035
324.8518121242523,0.0,110.413,0.0,-16.563026428222656
324.8891019821167,0.0,110.433,0.0,-16.561992645263672
324.9157192707062,0.0,110.387,0.0,-16.560161590576172
324.9468355178833,0.0,110.363,0.0,-16.55779266357422
324.9753279685974,0.0,110.321,0.0,-16.555601119995117
325.0108275413513,0.0,110.331,0.0,-16.550813674926758
325.04336857795715,0.0,110.327,0.0,-16.549318313598633
325.0763363838196,0.0,110.305,0.0,-16.547311782836914
325.10674023628235,0.0,110.269,0.0,-16.54474449157715
325.13949847221375,0.0,110.269,0.0,-16.540700912475586
325.1717360019684,0.0,110.26,0.0,-16.539079666137695
325.20230293273926,0.0,110.267,0.0,-16.537912368774414
325.2354578971863,0.0,110.247,0.0,-16.53738784790039
325.2603278160095,0.0,110.235,0.0,-16.53559684753418
325.2899258136749,0.0,110.225,0.0,-16.534488677978516
325.3218252658844,0.0,110.208,0.0,-16.533287048339844
325.35358476638794,0.0,110.205,0.0,-16.531715393066406
325.38919615745544,0.0,110.203,0.0,-16.529457092285156
325.42317247390747,0.0,110.227,0.0,-16.52977180480957
325.4488408565521,0.0,110.218,0.0,-16.53008460998535
325.4849576950073,0.0,110.228,0.0,-16.530010223388672
325.51857018470764,0.0,110.199,0.0,-16.529590606689453
325.54910230636597,0.0,110.2,0.0,-16.529033660888672
325.5817711353302,0.0,110.175,0.0,-16.52865219116211
325.6132891178131,0.0,110.154,0.0,-16.525516510009766
325.64430570602417,0.0,110.138,0.0,-16.52347183227539
325.6745533943176,0.0,110.146,0.0,-16.52190399169922
325.70825123786926,0.0,110.172,0.0,-16.52112579345703
325.7399892807007,0.0,110.172,0.0,-16.52214813232422
325.7716042995453,0.0,110.162,0.0,-16.522144317626953
325.804256439209,0.0,110.109,0.0,-16.521135330200195
325.83869099617004,0.0,110.092,0.0,-16.517070770263672
325.8665750026703,0.0,110.074,0.0,-16.51470184326172
325.905885219574,0.0,110.077,0.0,-16.512924194335938
325.9372169971466,0.0,110.098,0.0,-16.511796951293945
325.96975588798523,0.0,110.105,0.0,-16.511859893798828
326.00048899650574,0.0,110.105,0.0,-16.512256622314453
326.02242493629456,0.0,110.079,0.0,-16.51261329650879
326.0563507080078,0.0,110.063,0.0,-16.5118408203125
326.08309626579285,0.0,110.07,0.0,-16.51061248779297
326.11560463905334,0.0,110.07,0.0,-16.50965118408203
326.14672565460205,0.0,110.08,0.0,-16.509340286254883
326.18877959251404,0.0,110.054,0.0,-16.50867462158203
326.2395284175873,0.0,110.048,0.0,-16.507373809814453
326.2892589569092,0.0,110.024,0.0,-16.504806518554688
326.31534814834595,0.0,110.018,0.0,-16.503671646118164
326.3472776412964,0.0,109.993,0.0,-16.501785278320312
326.3795392513275,0.0,110.013,0.0,-16.500370025634766
326.4106159210205,0.0,110.011,0.0,-16.50016212463379
326.443076133728,0.0,110.027,0.0,-16.50052833557129
326.47479367256165,0.0,110.028,0.0,-16.501047134399414
326.5059542655945,0.0,109.997,0.0,-16.50043296813965
326.53938007354736,0.0,109.981,0.0,-16.498565673828125
326.57012701034546,0.0,109.958,0.0,-16.497690200805664
326.6057710647583,0.0,109.955,0.0,-16.496084213256836
326.630859375,0.0,109.953,0.0,-16.494754791259766
326.65965700149536,0.0,109.938,0.0,-16.493682861328125
326.7046408653259,0.0,109.926,0.0,-16.491424560546875
326.7391333580017,0.0,109.911,0.0,-16.488502502441406
326.76923727989197,0.0,109.888,0.0,-16.48668098449707
326.80585193634033,0.0,109.895,0.0,-16.484989166259766
326.8394293785095,0.0,109.88,0.0,-16.482709884643555
326.8643431663513,0.0,109.879,0.0,-16.481704711914062
326.90402483940125,0.0,109.852,0.0,-16.48098373413086
326.93998408317566,0.0,109.855,0.0,-16.478267669677734
326.9680829048157,0.0,109.84,0.0,-16.476858139038086
327.00037574768066,0.0,109.827,0.0,-16.47439956665039
327.03971219062805,0.0,109.793,0.0,-16.471332550048828
327.07021164894104,0.0,109.785,0.0,-16.469432830810547
327.10229086875916,0.0,109.77,0.0,-16.468324661254883
327.13348507881165,0.0,109.75,0.0,-16.466611862182617
327.16650795936584,0.0,109.742,0.0,-16.46263313293457
327.19808197021484,0.0,109.744,0.0,-16.461334228515625
327.2402672767639,0.0,109.739,0.0,-16.45899772644043
327.27070593833923,0.0,109.711,0.0,-16.45853614807129
327.30342721939087,0.0,109.702,0.0,-16.457073211669922
327.336142539978,0.0,109.641,0.0,-16.45563507080078
327.3723328113556,0.0,109.658,0.0,-16.45012664794922
327.4023640155792,0.0,109.63,0.0,-16.44863510131836
327.434504032135,0.0,109.694,0.0,-16.446386337280273
327.473091840744,0.0,109.692,0.0,-16.448375701904297
327.50321769714355,0.0,109.663,0.0,-16.449020385742188
327.53873586654663,0.0,109.626,0.0,-16.44635772705078
327.570680141449,0.0,109.603,0.0,-16.44419288635254
327.6164960861206,0.0,109.615,0.0,-16.44137954711914
327.6523177623749,0.0,109.565,0.0,-16.44045066833496
327.68995451927185,0.0,109.575,0.0,-16.436574935913086
327.73928904533386,0.0,109.572,0.0,-16.43369483947754
327.7700526714325,0.0,109.577,0.0,-16.433549880981445
327.8016254901886,0.0,109.57,0.0,-16.433210372924805
327.8345515727997,0.0,109.52,0.0,-16.431961059570312
327.8733582496643,0.0,109.545,0.0,-16.42961311340332
327.90434765815735,0.0,109.529,0.0,-16.428699493408203
327.93977975845337,0.0,109.531,0.0,-16.42799186706543
327.96828532218933,0.0,109.494,0.0,-16.4261531829834
328.00063586235046,0.0,109.504,0.0,-16.424787521362305
328.02594661712646,0.0,109.497,0.0,-16.424211502075195
328.055011510849,0.0,109.506,0.0,-16.42353057861328
328.09117555618286,0.0,109.481,0.0,-16.42300033569336
328.11912727355957,0.0,109.457,0.0,-16.422082901000977
328.1520266532898,0.0,109.464,0.0,-16.4204158782959
328.18867111206055,0.0,109.488,0.0,-16.419471740722656
328.21989941596985,0.0,109.487,0.0,-16.42057228088379
328.2522201538086,0.0,109.464,0.0,-16.42070770263672
328.28900837898254,0.0,109.459,0.0,-16.419078826904297
328.31655716896057,0.0,109.48,0.0,-16.419374465942383
328.3460741043091,0.0,109.445,0.0,-16.418170928955078
328.38984751701355,0.0,109.427,0.0,-16.415863037109375
328.4184081554413,0.0,109.417,0.0,-16.414390563964844
328.4495632648468,0.0,109.417,0.0,-16.413293838500977
328.47352600097656,0.0,109.409,0.0,-16.412153244018555
328.5059287548065,0.0,109.396,0.0,-16.410938262939453
328.5368220806122,0.0,109.405,0.0,-16.40987777709961
328.56834745407104,0.0,109.403,0.0,-16.409137725830078
328.60069584846497,0.0,109.399,0.0,-16.408748626708984
328.63876605033875,0.0,109.39,0.0,-16.409162521362305
328.67134380340576,0.0,109.373,0.0,-16.40726089477539
328.70308327674866,0.0,109.393,0.0,-16.407203674316406
328.7348473072052,0.0,109.378,0.0,-16.40618896484375
328.7733778953552,0.0,109.385,0.0,-16.40528106689453
328.80549120903015,0.0,109.318,0.0,-16.405487060546875
328.8410758972168,0.0,109.283,0.0,-16.400583267211914
328.87098240852356,0.0,109.284,0.0,-16.39768409729004
328.9016361236572,0.0,109.279,0.0,-16.39553451538086
328.9335210323334,0.0,109.261,0.0,-16.39371681213379
328.97354102134705,0.0,109.254,0.0,-16.38963508605957
329.0045440196991,0.0,109.261,0.0,-16.388294219970703
329.0421450138092,0.0,109.247,0.0,-16.38657569885254
329.0790390968323,0.0,109.193,0.0,-16.38398551940918
329.1049633026123,0.0,109.164,0.0,-16.381629943847656
329.13735604286194,0.0,109.14,0.0,-16.378662109375
329.1694974899292,0.0,109.161,0.0,-16.37390899658203
329.20141410827637,0.0,109.188,0.0,-16.373023986816406
329.23350405693054,0.0,109.175,0.0,-16.37334632873535
329.2662560939789,0.0,109.183,0.0,-16.373374938964844
329.30615305900574,0.0,109.122,0.0,-16.37249755859375
329.33222913742065,0.0,109.113,0.0,-16.37045669555664
329.37226128578186,0.0,109.103,0.0,-16.36675262451172
329.4029767513275,0.0,109.11,0.0,-16.36571502685547
329.43566131591797,0.0,109.131,0.0,-16.36498260498047
329.4677393436432,0.0,109.097,0.0,-16.365352630615234
329.4994115829468,0.0,109.084,0.0,-16.364351272583008
329.5314772129059,0.0,109.056,0.0,-16.363088607788086
329.5733380317688,0.0,109.069,0.0,-16.3599796295166
329.6037414073944,0.0,109.067,0.0,-16.359256744384766
329.6354603767395,0.0,109.061,0.0,-16.358673095703125
329.66709566116333,0.0,109.038,0.0,-16.356624603271484
329.6995141506195,0.0,109.009,0.0,-16.354877471923828
329.74167943000793,0.0,108.996,0.0,-16.35120964050293
329.77246379852295,0.0,109.008,0.0,-16.35032844543457
329.80792784690857,0.0,109.002,0.0,-16.349586486816406
329.8401880264282,0.0,109.015,0.0,-16.349063873291016
329.87220788002014,0.0,109.02,0.0,-16.34941864013672
329.9040629863739,0.0,109.021,0.0,-16.349788665771484
329.9351363182068,0.0,108.982,0.0,-16.34978675842285
329.9667499065399,0.0,108.974,0.0,-16.347257614135742
329.999103307724,0.0,108.953,0.0,-16.345439910888672
330.03082847595215,0.0,108.957,0.0,-16.344249725341797
330.0630874633789,0.0,108.956,0.0,-16.3433780670166
330.0948829650879,0.0,108.967,0.0,-16.34256935119629
330.1282207965851,0.0,108.962,0.0,-16.34264373779297
330.1590437889099,0.0,108.951,0.0,-16.3425350189209
330.2058472633362,0.0,108.938,0.0,-16.34218406677246
330.23003792762756,0.0,108.921,0.0,-16.341289520263672
330.2531018257141,0.0,108.894,0.0,-16.339920043945312
330.28888034820557,0.0,108.899,0.0,-16.337764739990234
330.3281717300415,0.0,108.889,0.0,-16.336223602294922
330.3525757789612,0.0,108.903,0.0,-16.334829330444336
330.3936252593994,0.0,108.901,0.0,-16.333999633789062
330.4219264984131,0.0,108.87,0.0,-16.332443237304688
330.45338582992554,0.0,108.893,0.0,-16.33237648010254
330.4740991592407,0.0,108.893,0.0,-16.332242965698242
330.505802154541,0.0,108.848,0.0,-16.331592559814453
330.5387477874756,0.0,108.839,0.0,-16.3298282623291
330.57030296325684,0.0,108.826,0.0,-16.326311111450195
330.6010022163391,0.0,108.823,0.0,-16.3248291015625
330.63330698013306,0.0,108.805,0.0,-16.322978973388672
330.6672468185425,0.0,108.748,0.0,-16.317487716674805
330.7042317390442,0.0,108.794,0.0,-16.31508445739746
330.7361810207367,0.0,108.811,0.0,-16.315227508544922
330.75324511528015,0.0,108.822,0.0,-16.31612205505371
330.78583335876465,0.0,108.803,0.0,-16.317338943481445
330.81951117515564,0.0,108.732,0.0,-16.316478729248047
330.8543610572815,0.0,108.719,0.0,-16.313983917236328
330.8868956565857,0.0,108.69,0.0,-16.31155776977539
330.91809272766113,0.0,108.69,0.0,-16.306230545043945
330.94968843460083,0.0,108.65,0.0,-16.303604125976562
330.9898738861084,0.0,108.661,0.0,-16.30088996887207
331.02154564857483,0.0,108.687,0.0,-16.299293518066406
331.05353140830994,0.0,108.736,0.0,-16.301023483276367
331.0850336551666,0.0,108.742,0.0,-16.302806854248047
331.11777329444885,0.0,108.74,0.0,-16.305763244628906
331.1557586193085,0.0,108.709,0.0,-16.30573081970215
331.19007897377014,0.0,108.672,0.0,-16.30548667907715
331.2198648452759,0.0,108.666,0.0,-16.302228927612305
331.2516288757324,0.0,108.646,0.0,-16.300230026245117
331.2844774723053,0.0,108.652,0.0,-16.29897689819336
331.3187093734741,0.0,108.66,0.0,-16.298269271850586
331.35802578926086,0.0,108.647,0.0,-16.297924041748047
331.38885140419006,0.0,108.628,0.0,-16.297151565551758
331.42175912857056,0.0,108.603,0.0,-16.294450759887695
331.4539556503296,0.0,108.587,0.0,-16.292739868164062
331.48582005500793,0.0,108.558,0.0,-16.290790557861328
331.5197112560272,0.0,108.56,0.0,-16.286182403564453
331.5496232509613,0.0,108.572,0.0,-16.284202575683594
331.58178305625916,0.0,108.536,0.0,-16.283782958984375
331.61381006240845,0.0,108.51,0.0,-16.28200912475586
331.65571784973145,0.0,108.493,0.0,-16.277355194091797
331.68838477134705,0.0,108.497,0.0,-16.27543067932129
331.7199068069458,0.0,108.471,0.0,-16.27220344543457
331.7522783279419,0.0,108.478,0.0,-16.271039962768555
331.7771592140198,0.0,108.452,0.0,-16.269123077392578
331.80671525001526,0.0,108.439,0.0,-16.26717185974121
331.8398153781891,0.0,108.437,0.0,-16.2659912109375
331.8730502128601,0.0,108.42,0.0,-16.263277053833008
331.9059958457947,0.0,108.425,0.0,-16.262371063232422
331.9319016933441,0.0,108.428,0.0,-16.261873245239258
331.97128105163574,0.0,108.392,0.0,-16.26088523864746
332.0029137134552,0.0,108.371,0.0,-16.25942039489746
332.0357141494751,0.0,108.363,0.0,-16.25747299194336
332.0668668746948,0.0,108.369,0.0,-16.25569725036621
332.0992488861084,0.0,108.391,0.0,-16.255414962768555
332.130056142807,0.0,108.353,0.0,-16.255489349365234
332.16135144233704,0.0,108.308,0.0,-16.254009246826172
332.20547223091125,0.0,108.327,0.0,-16.2495059967041
332.23685669898987,0.0,108.307,0.0,-16.248476028442383
332.26849484443665,0.0,108.326,0.0,-16.246557235717773
332.300345659256,0.0,108.312,0.0,-16.245763778686523
332.3350942134857,0.0,108.318,0.0,-16.245214462280273
332.3682391643524,0.0,108.295,0.0,-16.24410629272461
332.39969396591187,0.0,108.292,0.0,-16.243267059326172
332.42619466781616,0.0,108.266,0.0,-16.2415828704834
332.4564106464386,0.0,108.237,0.0,-16.2398738861084
332.48613715171814,0.0,108.203,0.0,-16.23785400390625
332.5185766220093,0.0,108.2,0.0,-16.232603073120117
332.5571255683899,0.0,108.191,0.0,-16.230501174926758
332.58760166168213,0.0,108.223,0.0,-16.228782653808594
332.6144471168518,0.0,108.198,0.0,-16.229042053222656
332.6475214958191,0.0,108.206,0.0,-16.228548049926758
332.68664717674255,0.0,108.222,0.0,-16.22835350036621
332.70870447158813,0.0,108.205,0.0,-16.22893714904785
332.75143456459045,0.0,108.202,0.0,-16.229042053222656
332.7740340232849,0.0,108.198,0.0,-16.228784561157227
332.7988829612732,0.0,108.167,0.0,-16.22846031188965
332.8351078033447,0.0,108.139,0.0,-16.22694969177246
332.8711009025574,0.0,108.114,0.0,-16.22186851501465
332.8979289531708,0.0,108.138,0.0,-16.22035789489746
332.92973589897156,0.0,108.163,0.0,-16.219667434692383
332.9611928462982,0.0,108.167,0.0,-16.220239639282227
332.992582321167,0.0,108.131,0.0,-16.220903396606445
333.02480387687683,0.0,108.1,0.0,-16.217960357666016
333.056086063385,0.0,108.064,0.0,-16.21613121032715
333.0884358882904,0.0,108.054,0.0,-16.213592529296875
333.122677564621,0.0,108.054,0.0,-16.209524154663086
333.1521921157837,0.0,108.04,0.0,-16.207656860351562
333.19583201408386,0.0,108.048,0.0,-16.20568084716797
333.2241153717041,0.0,108.041,0.0,-16.204927444458008
333.25612235069275,0.0,108.042,0.0,-16.204450607299805
333.28645300865173,0.0,108.046,0.0,-16.20431137084961
333.323504447937,0.0,108.067,0.0,-16.205331802368164
333.34920620918274,0.0,108.057,0.0,-16.206039428710938
333.38841009140015,0.0,108.054,0.0,-16.206209182739258
333.4202129840851,0.0,108.048,0.0,-16.205982208251953
333.4520332813263,0.0,108.037,0.0,-16.205890655517578
333.47302508354187,0.0,108.033,0.0,-16.20539093017578
333.5148060321808,0.0,108.005,0.0,-16.204864501953125
333.5462689399719,0.0,107.97,0.0,-16.200672149658203
333.6065311431885,0.0,107.923,0.0,-16.195470809936523
333.63860535621643,0.0,107.942,0.0,-16.19277000427246
333.66996598243713,0.0,107.948,0.0,-16.190895080566406
333.73250102996826,0.0,107.959,0.0,-16.19032859802246
333.7641427516937,0.0,107.955,0.0,-16.190597534179688
333.79048466682434,0.0,107.94,0.0,-16.190689086914062
333.8217430114746,0.0,107.909,0.0,-16.188520431518555
333.85436248779297,0.0,107.892,0.0,-16.18657112121582
333.8795690536499,0.0,107.886,0.0,-16.18486213684082
333.91813254356384,0.0,107.933,0.0,-16.18451690673828
333.94105982780457,0.0,107.928,0.0,-16.18535041809082
333.97216176986694,0.0,107.952,0.0,-16.187255859375
334.00393629074097,0.0,107.914,0.0,-16.186796188354492
334.03599524497986,0.0,107.903,0.0,-16.18600845336914
334.0768709182739,0.0,107.873,0.0,-16.18362808227539
334.10918498039246,0.0,107.894,0.0,-16.182395935058594
334.14096331596375,0.0,107.891,0.0,-16.182363510131836
334.17252469062805,0.0,107.886,0.0,-16.181774139404297
334.20552587509155,0.0,107.875,0.0,-16.181650161743164
334.23859763145447,0.0,107.864,0.0,-16.181123733520508
334.2723104953766,0.0,107.864,0.0,-16.179668426513672
334.302996635437,0.0,107.855,0.0,-16.178844451904297
334.34669494628906,0.0,107.842,0.0,-16.177257537841797
334.37886691093445,0.0,107.82,0.0,-16.175901412963867
334.4204332828522,0.0,107.815,0.0,-16.173412322998047
334.4531865119934,0.0,107.824,0.0,-16.172916412353516
334.4856526851654,0.0,107.807,0.0,-16.17173194885254
334.5225830078125,0.0,107.817,0.0,-16.17086410522461
334.5456063747406,0.0,107.81,0.0,-16.17051887512207
334.57250142097473,0.0,107.817,0.0,-16.17058563232422
334.6039900779724,0.0,107.798,0.0,-16.16987419128418
334.63613843917847,0.0,107.771,0.0,-16.168224334716797
334.66784954071045,0.0,107.769,0.0,-16.167110443115234
334.69954919815063,0.0,107.759,0.0,-16.164901733398438
334.7321467399597,0.0,107.774,0.0,-16.164033889770508
334.7723500728607,0.0,107.77,0.0,-16.163658142089844
334.8206000328064,0.0,107.73,0.0,-16.163692474365234
334.85522508621216,0.0,107.75,0.0,-16.16207504272461
334.887734413147,0.0,107.729,0.0,-16.161697387695312
334.92235803604126,0.0,107.707,0.0,-16.158794403076172
334.95137214660645,0.0,107.699,0.0,-16.15671157836914
334.9768431186676,0.0,107.707,0.0,-16.15556526184082
335.02442932128906,0.0,107.692,0.0,-16.154088973999023
335.053893327713,0.0,107.68,0.0,-16.153465270996094
335.08687353134155,0.0,107.672,0.0,-16.152442932128906
335.11807775497437,0.0,107.664,0.0,-16.1513614654541
335.1499059200287,0.0,107.633,0.0,-16.14811134338379
335.1819877624512,0.0,107.598,0.0,-16.14592933654785
335.2220878601074,0.0,107.6,0.0,-16.14161491394043
335.25379943847656,0.0,107.593,0.0,-16.139991760253906
335.2855749130249,0.0,107.56,0.0,-16.138214111328125
335.3187835216522,0.0,107.533,0.0,-16.1361083984375
335.35046219825745,0.0,107.506,0.0,-16.13027572631836
335.38268852233887,0.0,107.503,0.0,-16.1278018951416
335.4228324890137,0.0,107.55,0.0,-16.127038955688477
335.4538679122925,0.0,107.556,0.0,-16.12752342224121
335.485892534256,0.0,107.551,0.0,-16.128223419189453
335.52390909194946,0.0,107.53,0.0,-16.128820419311523
335.57366156578064,0.0,107.527,0.0,-16.12763786315918
335.59873390197754,0.0,107.504,0.0,-16.12737274169922
335.6301987171173,0.0,107.497,0.0,-16.126251220703125
335.66382026672363,0.0,107.49,0.0,-16.125137329101562
335.70103216171265,0.0,107.469,0.0,-16.123220443725586
335.7222445011139,0.0,107.469,0.0,-16.121761322021484
335.76641368865967,0.0,107.447,0.0,-16.12009620666504
335.79535365104675,0.0,107.429,0.0,-16.116605758666992
335.8246364593506,0.0,107.422,0.0,-16.114887237548828
335.8515522480011,0.0,107.408,0.0,-16.11302947998047
335.88392519950867,0.0,107.385,0.0,-16.111236572265625
335.91593647003174,0.0,107.373,0.0,-16.10936737060547
335.9471082687378,0.0,107.363,0.0,-16.105680465698242
335.97957372665405,0.0,107.353,0.0,-16.10393524169922
336.0117359161377,0.0,107.374,0.0,-16.10354232788086
336.04416036605835,0.0,107.36,0.0,-16.102764129638672
336.0763747692108,0.0,107.356,0.0,-16.10164451599121
336.10590171813965,0.0,107.356,0.0,-16.101287841796875
336.131795167923,0.0,107.353,0.0,-16.1009464263916
336.17250514030457,0.0,107.326,0.0,-16.09992218017578
336.20470905303955,0.0,107.3,0.0,-16.09892463684082
336.23893451690674,0.0,107.31,0.0,-16.09711265563965
336.2841603755951,0.0,107.322,0.0,-16.095943450927734
336.3245544433594,0.0,107.341,0.0,-16.096580505371094
336.35678577423096,0.0,107.325,0.0,-16.09728240966797
336.38900876045227,0.0,107.3,0.0,-16.097192764282227
336.42100262641907,0.0,107.301,0.0,-16.09610939025879
336.4541792869568,0.0,107.31,0.0,-16.09517478942871
336.4859879016876,0.0,107.298,0.0,-16.094783782958984
336.51773619651794,0.0,107.292,0.0,-16.09430503845215
336.5493025779724,0.0,107.275,0.0,-16.092578887939453
336.58257603645325,0.0,107.261,0.0,-16.09114646911621
336.61317920684814,0.0,107.227,0.0,-16.089948654174805
336.6498441696167,0.0,107.221,0.0,-16.085857391357422
336.68171977996826,0.0,107.224,0.0,-16.08456039428711
336.7144842147827,0.0,107.217,0.0,-16.08331298828125
336.74940180778503,0.0,107.202,0.0,-16.081340789794922
336.778418302536,0.0,107.191,0.0,-16.080347061157227
336.8110280036926,0.0,107.155,0.0,-16.07916831970215
336.84289169311523,0.0,107.135,0.0,-16.076797485351562
336.87586402893066,0.0,107.13,0.0,-16.07242774963379
336.90705585479736,0.0,107.136,0.0,-16.070716857910156
336.93847393989563,0.0,107.129,0.0,-16.069713592529297
336.9744870662689,0.0,107.123,0.0,-16.0677490234375
337.0142743587494,0.0,107.114,0.0,-16.067153930664062
337.0379886627197,0.0,107.087,0.0,-16.06629753112793
337.07310819625854,0.0,107.072,0.0,-16.062652587890625
337.1026728153229,0.0,107.049,0.0,-16.060274124145508
337.1357100009918,0.0,107.056,0.0,-16.058378219604492
337.16751408576965,0.0,107.063,0.0,-16.057401657104492
337.19946336746216,0.0,107.083,0.0,-16.0576229095459
337.2319145202637,0.0,107.071,0.0,-16.057655334472656
337.26374673843384,0.0,107.047,0.0,-16.057401657104492
337.29860162734985,0.0,107.023,0.0,-16.055004119873047
337.3271577358246,0.0,107.02,0.0,-16.0537052154541
337.3593053817749,0.0,106.998,0.0,-16.05183219909668
337.3909685611725,0.0,106.986,0.0,-16.049938201904297
337.4232530593872,0.0,106.983,0.0,-16.047359466552734
337.4548144340515,0.0,106.996,0.0,-16.046537399291992
337.48708629608154,0.0,106.978,0.0,-16.046510696411133
337.51767468452454,0.0,106.966,0.0,-16.045793533325195
337.5491132736206,0.0,106.937,0.0,-16.043441772460938
337.59719681739807,0.0,106.931,0.0,-16.04045295715332
337.62885880470276,0.0,106.951,0.0,-16.0396728515625
337.66111850738525,0.0,106.93,0.0,-16.039716720581055
337.7016615867615,0.0,106.922,0.0,-16.03803062438965
337.73487639427185,0.0,106.897,0.0,-16.036298751831055
337.75992703437805,0.0,106.878,0.0,-16.035057067871094
337.7927370071411,0.0,106.873,0.0,-16.033355712890625
337.82541394233704,0.0,106.872,0.0,-16.03076934814453
337.85746240615845,0.0,106.893,0.0,-16.030845642089844
337.88884687423706,0.0,106.878,0.0,-16.030879974365234
337.92484879493713,0.0,106.842,0.0,-16.028593063354492
337.95234060287476,0.0,106.821,0.0,-16.02635383605957
337.9847905635834,0.0,106.808,0.0,-16.024131774902344
338.0172290802002,0.0,106.813,0.0,-16.022010803222656
338.0481081008911,0.0,106.791,0.0,-16.019550323486328
338.0807340145111,0.0,106.775,0.0,-16.017738342285156
338.1128616333008,0.0,106.767,0.0,-16.016067504882812
338.14435482025146,0.0,106.76,0.0,-16.01442527770996
338.1755826473236,0.0,106.777,0.0,-16.012493133544922
338.20688939094543,0.0,106.797,0.0,-16.012710571289062
338.2391493320465,0.0,106.783,0.0,-16.013784408569336
338.27093172073364,0.0,106.773,0.0,-16.014083862304688
338.30245757102966,0.0,106.744,0.0,-16.013216018676758
338.33497166633606,0.0,106.739,0.0,-16.01215171813965
338.36704325675964,0.0,106.727,0.0,-16.011165618896484
338.3998713493347,0.0,106.723,0.0,-16.008878707885742
338.44881415367126,0.0,106.684,0.0,-16.005428314208984
338.4856197834015,0.0,106.67,0.0,-16.003646850585938
338.5173478126526,0.0,106.679,0.0,-16.001989364624023
338.5331463813782,0.0,106.694,0.0,-16.001144409179688
338.56522369384766,0.0,106.671,0.0,-16.00118064880371
338.6011965274811,0.0,106.661,0.0,-15.999252319335938
338.6279947757721,0.0,106.64,0.0,-15.997613906860352
338.6600515842438,0.0,106.645,0.0,-15.99598217010498
338.6920349597931,0.0,106.625,0.0,-15.995408058166504
338.72466707229614,0.0,106.632,0.0,-15.993583679199219
338.75587606430054,0.0,106.614,0.0,-15.992423057556152
338.7886166572571,0.0,106.618,0.0,-15.991747856140137
338.8203845024109,0.0,106.64,0.0,-15.992120742797852
338.85246205329895,0.0,106.635,0.0,-15.992709159851074
338.8854911327362,0.0,106.616,0.0,-15.992878913879395
338.91683769226074,0.0,106.606,0.0,-15.992250442504883
338.94879508018494,0.0,106.602,0.0,-15.990493774414062
338.9805941581726,0.0,106.581,0.0,-15.98992919921875
339.0124843120575,0.0,106.554,0.0,-15.9886474609375
339.04452419281006,0.0,106.544,0.0,-15.986560821533203
339.07706928253174,0.0,106.522,0.0,-15.982152938842773
339.1028640270233,0.0,106.535,0.0,-15.980881690979004
339.1401970386505,0.0,106.566,0.0,-15.981002807617188
339.17180585861206,0.0,106.589,0.0,-15.981402397155762
339.20671129226685,0.0,106.592,0.0,-15.983918190002441
339.2370595932007,0.0,106.561,0.0,-15.984244346618652
339.2690095901489,0.0,106.559,0.0,-15.98385238647461
339.30166888237,0.0,106.556,0.0,-15.983114242553711
339.3325934410095,0.0,106.546,0.0,-15.982427597045898
339.36514949798584,0.0,106.51,0.0,-15.982300758361816
339.39628291130066,0.0,106.503,0.0,-15.980339050292969
339.42867517471313,0.0,106.499,0.0,-15.977043151855469
339.4568474292755,0.0,106.502,0.0,-15.976035118103027
339.49138021469116,0.0,106.512,0.0,-15.975715637207031
339.51835227012634,0.0,106.465,0.0,-15.974750518798828
339.55159854888916,0.0,106.439,0.0,-15.970285415649414
339.59947872161865,0.0,106.461,0.0,-15.968284606933594
339.63024163246155,0.0,106.487,0.0,-15.966695785522461
339.6621527671814,0.0,106.472,0.0,-15.967768669128418
339.6934540271759,0.0,106.476,0.0,-15.968016624450684
339.7271282672882,0.0,106.434,0.0,-15.96860122680664
339.75777220726013,0.0,106.459,0.0,-15.967180252075195
339.7888991832733,0.0,106.445,0.0,-15.96716594696045
339.826367855072,0.0,106.433,0.0,-15.965230941772461
339.863404750824,0.0,106.422,0.0,-15.964668273925781
339.8953540325165,0.0,106.408,0.0,-15.963807106018066
339.92908573150635,0.0,106.399,0.0,-15.961263656616211
339.9702262878418,0.0,106.426,0.0,-15.960321426391602
339.9865930080414,0.0,106.438,0.0,-15.960766792297363
340.0191259384155,0.0,106.409,0.0,-15.961654663085938
340.05167031288147,0.0,106.416,0.0,-15.96109676361084
340.0925073623657,0.0,106.359,0.0,-15.95931625366211
340.1176698207855,0.0,106.325,0.0,-15.957340240478516
340.15316128730774,0.0,106.304,0.0,-15.95132064819336
340.18493270874023,0.0,106.31,0.0,-15.949228286743164
340.2097361087799,0.0,106.286,0.0,-15.946659088134766
340.25158047676086,0.0,106.318,0.0,-15.945173263549805
340.2792465686798,0.0,106.312,0.0,-15.944805145263672
340.3115191459656,0.0,106.325,0.0,-15.945125579833984
340.33942103385925,0.0,106.308,0.0,-15.94471549987793
340.366411447525,0.0,106.29,0.0,-15.943693161010742
340.40291714668274,0.0,106.263,0.0,-15.940196990966797
340.433096408844,0.0,106.242,0.0,-15.93834400177002
340.46364760398865,0.0,106.248,0.0,-15.937220573425293
340.4953033924103,0.0,106.244,0.0,-15.936410903930664
340.5370182991028,0.0,106.229,0.0,-15.934200286865234
340.5769522190094,0.0,106.21,0.0,-15.931838989257812
340.6032192707062,0.0,106.226,0.0,-15.930943489074707
340.63511061668396,0.0,106.216,0.0,-15.93098258972168
340.666259765625,0.0,106.197,0.0,-15.930648803710938
340.7016615867615,0.0,106.197,0.0,-15.92892074584961
340.73058819770813,0.0,106.181,0.0,-15.927740097045898
340.76325249671936,0.0,106.217,0.0,-15.92868423461914
340.7940511703491,0.0,106.199,0.0,-15.929168701171875
340.82653284072876,0.0,106.187,0.0,-15.928101539611816
340.8578803539276,0.0,106.175,0.0,-15.927072525024414
340.889226436615,0.0,106.106,0.0,-15.925349235534668
340.92127895355225,0.0,106.098,0.0,-15.922125816345215
340.953542470932,0.0,106.068,0.0,-15.91598892211914
340.98641562461853,0.0,106.056,0.0,-15.91295337677002
341.01784467697144,0.0,106.073,0.0,-15.911391258239746
341.05000948905945,0.0,106.088,0.0,-15.91031265258789
341.08219289779663,0.0,106.09,0.0,-15.910198211669922
341.11475563049316,0.0,106.101,0.0,-15.910259246826172
341.14666080474854,0.0,106.11,0.0,-15.9108304977417
341.17849349975586,0.0,106.104,0.0,-15.911005020141602
341.21065640449524,0.0,106.083,0.0,-15.911684036254883
341.2417526245117,0.0,106.097,0.0,-15.911368370056152
341.2747268676758,0.0,106.099,0.0,-15.911750793457031
341.3054313659668,0.0,106.058,0.0,-15.910798072814941
341.3461244106293,0.0,106.067,0.0,-15.909770965576172
341.37939858436584,0.0,106.077,0.0,-15.9095458984375
341.41823053359985,0.0,106.072,0.0,-15.909153938293457
341.45007729530334,0.0,106.052,0.0,-15.909215927124023
341.4821152687073,0.0,106.056,0.0,-15.908058166503906
341.5135555267334,0.0,106.059,0.0,-15.908243179321289
341.54516553878784,0.0,106.021,0.0,-15.908076286315918
341.5780203342438,0.0,106.006,0.0,-15.90445613861084
341.60984802246094,0.0,106.011,0.0,-15.903213500976562
341.64236307144165,0.0,105.994,0.0,-15.90157413482666
341.674010515213,0.0,105.994,0.0,-15.900931358337402
341.70628809928894,0.0,105.971,0.0,-15.898152351379395
341.7393660545349,0.0,105.952,0.0,-15.89605712890625
341.77034163475037,0.0,105.952,0.0,-15.89448356628418
341.8046643733978,0.0,105.943,0.0,-15.89192008972168
341.83524322509766,0.0,105.93,0.0,-15.891061782836914
341.866721868515,0.0,105.918,0.0,-15.88990592956543
341.89846539497375,0.0,105.912,0.0,-15.88856029510498
341.939688205719,0.0,105.866,0.0,-15.884742736816406
341.9633584022522,0.0,105.85,0.0,-15.882554054260254
341.9977774620056,0.0,105.845,0.0,-15.880252838134766
342.03480219841003,0.0,105.826,0.0,-15.875614166259766
342.07006335258484,0.0,105.83,0.0,-15.874092102050781
342.1019937992096,0.0,105.861,0.0,-15.873159408569336
342.1332414150238,0.0,105.87,0.0,-15.874774932861328
342.16508412361145,0.0,105.849,0.0,-15.875285148620605
342.1974799633026,0.0,105.82,0.0,-15.87514877319336
342.2299282550812,0.0,105.802,0.0,-15.872185707092285
342.2614028453827,0.0,105.799,0.0,-15.870805740356445
342.2936511039734,0.0,105.791,0.0,-15.869457244873047
342.3251111507416,0.0,105.792,0.0,-15.868680000305176
342.35776019096375,0.0,105.798,0.0,-15.867721557617188
342.39012598991394,0.0,105.79,0.0,-15.867249488830566
342.4220881462097,0.0,105.802,0.0,-15.866933822631836
342.45472502708435,0.0,105.773,0.0,-15.867105484008789
342.48631501197815,0.0,105.771,0.0,-15.866243362426758
342.5194945335388,0.0,105.734,0.0,-15.865532875061035
342.5507652759552,0.0,105.74,0.0,-15.863470077514648
342.584689617157,0.0,105.743,0.0,-15.86137580871582
342.61467123031616,0.0,105.748,0.0,-15.86076831817627
342.645973443985,0.0,105.746,0.0,-15.860554695129395
342.6857144832611,0.0,105.701,0.0,-15.858931541442871
342.7174189090729,0.0,105.704,0.0,-15.857288360595703
342.7418601512909,0.0,105.717,0.0,-15.856188774108887
342.77323150634766,0.0,105.73,0.0,-15.85593032836914
342.8053765296936,0.0,105.743,0.0,-15.85721492767334
342.83691668510437,0.0,105.725,0.0,-15.857186317443848
342.8689250946045,0.0,105.734,0.0,-15.857490539550781
342.9056701660156,0.0,105.722,0.0,-15.857632637023926
342.9339323043823,0.0,105.727,0.0,-15.857707977294922
342.965341091156,0.0,105.72,0.0,-15.857494354248047
342.99531650543213,0.0,105.673,0.0,-15.856804847717285
343.02172112464905,0.0,105.677,0.0,-15.854865074157715
343.05391478538513,0.0,105.675,0.0,-15.852493286132812
343.0856053829193,0.0,105.668,0.0,-15.851701736450195
343.11793661117554,0.0,105.694,0.0,-15.850828170776367
343.1496002674103,0.0,105.693,0.0,-15.851279258728027
343.18145203590393,0.0,105.661,0.0,-15.850942611694336
343.213267326355,0.0,105.673,0.0,-15.85007095336914
343.24618268013,0.0,105.651,0.0,-15.84992790222168
343.27886939048767,0.0,105.662,0.0,-15.848633766174316
343.30976486206055,0.0,105.66,0.0,-15.84898567199707
343.3411774635315,0.0,105.657,0.0,-15.848653793334961
343.37205934524536,0.0,105.639,0.0,-15.848296165466309
343.3978295326233,0.0,105.639,0.0,-15.847288131713867
343.42988634109497,0.0,105.639,0.0,-15.845976829528809
343.45828127861023,0.0,105.639,0.0,-15.845573425292969
343.49041414260864,0.0,105.58,0.0,-15.84281063079834
343.5223922729492,0.0,105.584,0.0,-15.840746879577637
343.5550651550293,0.0,105.587,0.0,-15.83837604522705
343.58719658851624,0.0,105.6,0.0,-15.838239669799805
343.6198010444641,0.0,105.573,0.0,-15.837042808532715
343.6565158367157,0.0,105.547,0.0,-15.835393905639648
343.6830241680145,0.0,105.508,0.0,-15.833877563476562
343.714640378952,0.0,105.515,0.0,-15.831111907958984
343.747181892395,0.0,105.505,0.0,-15.829317092895508
343.7793004512787,0.0,105.476,0.0,-15.82504653930664
343.8106610774994,0.0,105.456,0.0,-15.823412895202637
343.8445363044739,0.0,105.456,0.0,-15.821123123168945
343.8805322647095,0.0,105.476,0.0,-15.819012641906738
343.908536195755,0.0,105.477,0.0,-15.818809509277344
343.94028997421265,0.0,105.48,0.0,-15.819347381591797
343.9704918861389,0.0,105.489,0.0,-15.819320678710938
344.00339007377625,0.0,105.473,0.0,-15.819430351257324
344.0355384349823,0.0,105.443,0.0,-15.81798267364502
344.0702397823334,0.0,105.43,0.0,-15.816364288330078
344.1055238246918,0.0,105.395,0.0,-15.812003135681152
344.1614453792572,0.0,105.381,0.0,-15.808198928833008
344.1919207572937,0.0,105.375,0.0,-15.807025909423828
344.2242419719696,0.0,105.385,0.0,-15.80593204498291
344.2566885948181,0.0,105.392,0.0,-15.805647850036621
344.28790283203125,0.0,105.396,0.0,-15.805766105651855
344.32030296325684,0.0,105.374,0.0,-15.806079864501953
344.35524559020996,0.0,105.367,0.0,-15.804712295532227
344.38509821891785,0.0,105.359,0.0,-15.803770065307617
344.41625475883484,0.0,105.348,0.0,-15.803171157836914
344.44845604896545,0.0,105.33,0.0,-15.802291870117188
344.4821083545685,0.0,105.33,0.0,-15.799870491027832
344.5126485824585,0.0,105.357,0.0,-15.80025577545166
344.54392766952515,0.0,105.321,0.0,-15.800514221191406
344.57342171669006,0.0,105.307,0.0,-15.799327850341797
344.6044955253601,0.0,105.277,0.0,-15.79786205291748
344.63598823547363,0.0,105.293,0.0,-15.794410705566406
344.668514251709,0.0,105.312,0.0,-15.79440689086914
344.6999771595001,0.0,105.31,0.0,-15.794367790222168
344.7326395511627,0.0,105.263,0.0,-15.792461395263672
344.7642865180969,0.0,105.258,0.0,-15.79080867767334
344.7907295227051,0.0,105.261,0.0,-15.789703369140625
344.82237792015076,0.0,105.256,0.0,-15.788895606994629
344.84666681289673,0.0,105.272,0.0,-15.788108825683594
344.87853026390076,0.0,105.264,0.0,-15.788220405578613
344.9113552570343,0.0,105.254,0.0,-15.787060737609863
344.94125056266785,0.0,105.244,0.0,-15.786784172058105
344.973788022995,0.0,105.241,0.0,-15.786191940307617
345.0074894428253,0.0,105.259,0.0,-15.78602123260498
345.03842663764954,0.0,105.238,0.0,-15.785927772521973
345.0691006183624,0.0,105.231,0.0,-15.785426139831543
345.100546836853,0.0,105.22,0.0,-15.78477668762207
345.13872241973877,0.0,105.221,0.0,-15.783199310302734
345.17080211639404,0.0,105.188,0.0,-15.782271385192871
345.2084937095642,0.0,105.172,0.0,-15.778785705566406
345.2356312274933,0.0,105.179,0.0,-15.777667045593262
345.2689161300659,0.0,105.17,0.0,-15.776468276977539
345.30039954185486,0.0,105.153,0.0,-15.775836944580078
345.3337860107422,0.0,105.153,0.0,-15.773385047912598
345.3650469779968,0.0,105.143,0.0,-15.772205352783203
345.39624309539795,0.0,105.139,0.0,-15.771340370178223
345.42795968055725,0.0,105.165,0.0,-15.770551681518555
345.4600546360016,0.0,105.123,0.0,-15.769942283630371
345.4914298057556,0.0,105.122,0.0,-15.768935203552246
345.52867913246155,0.0,105.102,0.0,-15.768158912658691
345.55940294265747,0.0,105.153,0.0,-15.766944885253906
345.5940582752228,0.0,105.164,0.0,-15.768054962158203
345.6267263889313,0.0,105.155,0.0,-15.769413948059082
345.6588625907898,0.0,105.135,0.0,-15.769847869873047
345.68657088279724,0.0,105.116,0.0,-15.768863677978516
345.71879601478577,0.0,105.067,0.0,-15.766865730285645
345.7510395050049,0.0,105.042,0.0,-15.76455020904541
345.78381609916687,0.0,105.037,0.0,-15.759403228759766
345.81687021255493,0.0,105.013,0.0,-15.756633758544922
345.84805941581726,0.0,105.009,0.0,-15.754798889160156
345.8832516670227,0.0,105.01,0.0,-15.751744270324707
345.91370725631714,0.0,105.022,0.0,-15.751326560974121
345.9446439743042,0.0,105.014,0.0,-15.750730514526367
345.9759156703949,0.0,105.044,0.0,-15.750328063964844
346.0077452659607,0.0,105.028,0.0,-15.751616477966309
346.04009771347046,0.0,104.995,0.0,-15.751755714416504
346.07188153266907,0.0,104.952,0.0,-15.750518798828125
346.1083462238312,0.0,104.956,0.0,-15.745906829833984
346.13581442832947,0.0,104.946,0.0,-15.744242668151855
346.1674919128418,0.0,104.943,0.0,-15.742841720581055
346.20601630210876,0.0,104.925,0.0,-15.741687774658203
346.24789214134216,0.0,104.942,0.0,-15.7391357421875
346.28048968315125,0.0,104.913,0.0,-15.737651824951172
346.31101846694946,0.0,104.88,0.0,-15.73531436920166
346.3432126045227,0.0,104.858,0.0,-15.732096672058105
346.37712121009827,0.0,104.855,0.0,-15.730217933654785
346.4090859889984,0.0,104.866,0.0,-15.728076934814453
346.45736145973206,0.0,104.872,0.0,-15.727943420410156
346.4888987541199,0.0,104.888,0.0,-15.728606224060059
346.5204575061798,0.0,104.857,0.0,-15.727873802185059
346.5524263381958,0.0,104.805,0.0,-15.726226806640625
346.5847113132477,0.0,104.774,0.0,-15.722257614135742
346.61630511283875,0.0,104.771,0.0,-15.719703674316406
346.64920234680176,0.0,104.749,0.0,-15.717665672302246
346.68129658699036,0.0,104.752,0.0,-15.715234756469727
346.7132234573364,0.0,104.775,0.0,-15.712662696838379
346.7460958957672,0.0,104.78,0.0,-15.712678909301758
346.7784307003021,0.0,104.787,0.0,-15.712971687316895
346.81061244010925,0.0,104.778,0.0,-15.713690757751465
346.8414080142975,0.0,104.752,0.0,-15.713006973266602
346.8732407093048,0.0,104.767,0.0,-15.71227741241455
346.90501403808594,0.0,104.764,0.0,-15.71239185333252
346.9366488456726,0.0,104.746,0.0,-15.71169662475586
346.9727065563202,0.0,104.728,0.0,-15.710437774658203
347.02301597595215,0.0,104.732,0.0,-15.709451675415039
347.05926728248596,0.0,104.713,0.0,-15.707658767700195
347.086882352829,0.0,104.682,0.0,-15.706892967224121
347.1197702884674,0.0,104.663,0.0,-15.70504093170166
347.1518108844757,0.0,104.664,0.0,-15.702855110168457
347.1839756965637,0.0,104.619,0.0,-15.699272155761719
347.21617102622986,0.0,104.641,0.0,-15.696702003479004
347.23958563804626,0.0,104.63,0.0,-15.695698738098145
347.27124881744385,0.0,104.647,0.0,-15.694523811340332
347.3030478954315,0.0,104.675,0.0,-15.694391250610352
347.3351094722748,0.0,104.659,0.0,-15.695783615112305
347.3667047023773,0.0,104.67,0.0,-15.69624137878418
347.39816308021545,0.0,104.678,0.0,-15.696889877319336
347.43064165115356,0.0,104.669,0.0,-15.697765350341797
347.46211647987366,0.0,104.649,0.0,-15.697540283203125
347.4928345680237,0.0,104.593,0.0,-15.695161819458008
347.5242862701416,0.0,104.595,0.0,-15.692974090576172
347.5551359653473,0.0,104.567,0.0,-15.691402435302734
347.5872526168823,0.0,104.605,0.0,-15.688876152038574
347.6199908256531,0.0,104.576,0.0,-15.687569618225098
347.651202917099,0.0,104.58,0.0,-15.686478614807129
347.6901624202728,0.0,104.533,0.0,-15.683662414550781
347.714967250824,0.0,104.542,0.0,-15.68192195892334
347.7391040325165,0.0,104.511,0.0,-15.681007385253906
347.77192759513855,0.0,104.481,0.0,-15.67905330657959
347.8136041164398,0.0,104.494,0.0,-15.674845695495605
347.8455231189728,0.0,104.491,0.0,-15.67375659942627
347.87708854675293,0.0,104.519,0.0,-15.672853469848633
347.91073966026306,0.0,104.532,0.0,-15.674419403076172
347.9412577152252,0.0,104.546,0.0,-15.67585277557373
347.9731373786926,0.0,104.518,0.0,-15.677005767822266
348.00598645210266,0.0,104.512,0.0,-15.6767578125
348.039160490036,0.0,104.481,0.0,-15.674757957458496
348.0703647136688,0.0,104.467,0.0,-15.673394203186035
348.10128140449524,0.0,104.461,0.0,-15.671955108642578
348.1363728046417,0.0,104.447,0.0,-15.669057846069336
348.16565561294556,0.0,104.426,0.0,-15.667004585266113
348.1975576877594,0.0,104.414,0.0,-15.664958953857422
348.23011565208435,0.0,104.397,0.0,-15.663848876953125
348.26239824295044,0.0,104.387,0.0,-15.660048484802246
348.2896339893341,0.0,104.403,0.0,-15.659339904785156
348.31895112991333,0.0,104.386,0.0,-15.658138275146484
348.36122941970825,0.0,104.409,0.0,-15.657073974609375
348.38966131210327,0.0,104.378,0.0,-15.657526969909668
348.4219808578491,0.0,104.343,0.0,-15.656627655029297
348.4529528617859,0.0,104.344,0.0,-15.654511451721191
348.48461413383484,0.0,104.342,0.0,-15.65174674987793
348.5168972015381,0.0,104.365,0.0,-15.652033805847168
348.5482771396637,0.0,104.39,0.0,-15.652100563049316
348.58041286468506,0.0,104.382,0.0,-15.653251647949219
348.59667706489563,0.0,104.315,0.0,-15.653848648071289
348.6281819343567,0.0,104.316,0.0,-15.651535034179688
348.6602382659912,0.0,104.283,0.0,-15.647159576416016
348.69267225265503,0.0,104.287,0.0,-15.645315170288086
348.7246026992798,0.0,104.245,0.0,-15.643732070922852
348.757839679718,0.0,104.221,0.0,-15.641009330749512
348.7891674041748,0.0,104.191,0.0,-15.63440227508545
348.8206570148468,0.0,104.208,0.0,-15.632441520690918
348.8493905067444,0.0,104.243,0.0,-15.632474899291992
348.8851718902588,0.0,104.269,0.0,-15.634211540222168
348.9134430885315,0.0,104.277,0.0,-15.635482788085938
348.9452455043793,0.0,104.244,0.0,-15.635133743286133
348.9772193431854,0.0,104.198,0.0,-15.63491153717041
349.00945353507996,0.0,104.187,0.0,-15.631057739257812
349.04069232940674,0.0,104.194,0.0,-15.629509925842285
349.0736906528473,0.0,104.227,0.0,-15.62865924835205
349.1105978488922,0.0,104.219,0.0,-15.629762649536133
349.1373641490936,0.0,104.193,0.0,-15.629341125488281
349.1689178943634,0.0,104.2,0.0,-15.628678321838379
349.20148062705994,0.0,104.189,0.0,-15.628500938415527
349.2336959838867,0.0,104.187,0.0,-15.627462387084961
349.2655415534973,0.0,104.201,0.0,-15.627717971801758
349.2969243526459,0.0,104.155,0.0,-15.626941680908203
349.32973170280457,0.0,104.14,0.0,-15.62545108795166
349.35451793670654,0.0,104.154,0.0,-15.62370491027832
349.3867709636688,0.0,104.149,0.0,-15.622252464294434
349.4187822341919,0.0,104.145,0.0,-15.621561050415039
349.4517831802368,0.0,104.125,0.0,-15.62148666381836
349.48239398002625,0.0,104.127,0.0,-15.620208740234375
349.514666557312,0.0,104.14,0.0,-15.619261741638184
349.54676938056946,0.0,104.122,0.0,-15.618481636047363
349.57945013046265,0.0,104.124,0.0,-15.618461608886719
349.61107301712036,0.0,104.105,0.0,-15.617715835571289
349.64336800575256,0.0,104.125,0.0,-15.616716384887695
349.6756966114044,0.0,104.089,0.0,-15.616816520690918
349.7077679634094,0.0,104.081,0.0,-15.615415573120117
349.738849401474,0.0,104.06,0.0,-15.612405776977539
349.7744619846344,0.0,104.053,0.0,-15.610895156860352
349.8121802806854,0.0,104.042,0.0,-15.607961654663086
349.838659286499,0.0,104.013,0.0,-15.605620384216309
349.87113094329834,0.0,103.998,0.0,-15.602685928344727
349.9028844833374,0.0,104.048,0.0,-15.601020812988281
349.938524723053,0.0,104.076,0.0,-15.603806495666504
349.96720719337463,0.0,104.095,0.0,-15.606132507324219
349.9989221096039,0.0,104.065,0.0,-15.607422828674316
350.03036069869995,0.0,104.042,0.0,-15.607735633850098
350.06250286102295,0.0,104.001,0.0,-15.604795455932617
350.0944240093231,0.0,103.985,0.0,-15.6024169921875
350.1268253326416,0.0,103.975,0.0,-15.600191116333008
350.1631529331207,0.0,103.961,0.0,-15.596667289733887
350.19134545326233,0.0,103.96,0.0,-15.59528923034668
350.22229266166687,0.0,103.97,0.0,-15.594232559204102
350.2555549144745,0.0,103.949,0.0,-15.593887329101562
350.28736639022827,0.0,103.877,0.0,-15.59060287475586
350.31997513771057,0.0,103.859,0.0,-15.587328910827637
350.3515291213989,0.0,103.843,0.0,-15.584098815917969
350.37756538391113,0.0,103.872,0.0,-15.5809965133667
350.41694712638855,0.0,103.889,0.0,-15.579825401306152
350.44188690185547,0.0,103.868,0.0,-15.578968048095703
350.48059701919556,0.0,103.834,0.0,-15.577535629272461
350.50540375709534,0.0,103.863,0.0,-15.575909614562988
350.5468647480011,0.0,103.889,0.0,-15.577125549316406
350.5872621536255,0.0,103.869,0.0,-15.578493118286133
350.61914253234863,0.0,103.841,0.0,-15.577241897583008
350.6513023376465,0.0,103.826,0.0,-15.575689315795898
350.68867444992065,0.0,103.787,0.0,-15.5719575881958
350.71525263786316,0.0,103.784,0.0,-15.569988250732422
350.74674105644226,0.0,103.764,0.0,-15.567682266235352
350.7774510383606,0.0,103.794,0.0,-15.567220687866211
350.8089909553528,0.0,103.827,0.0,-15.566925048828125
350.8409867286682,0.0,103.836,0.0,-15.568778991699219
350.8725905418396,0.0,103.815,0.0,-15.57005500793457
350.9047062397003,0.0,103.809,0.0,-15.570198059082031
350.94563841819763,0.0,103.763,0.0,-15.568106651306152
350.9876892566681,0.0,103.721,0.0,-15.564388275146484
351.01803183555603,0.0,103.738,0.0,-15.562044143676758
351.0502369403839,0.0,103.716,0.0,-15.560992240905762
351.0826735496521,0.0,103.7,0.0,-15.559306144714355
351.1145784854889,0.0,103.719,0.0,-15.556745529174805
351.1459023952484,0.0,103.719,0.0,-15.556478500366211
351.1862881183624,0.0,103.7,0.0,-15.556157112121582
351.21097588539124,0.0,103.662,0.0,-15.55516242980957
351.249981880188,0.0,103.627,0.0,-15.550311088562012
351.28163957595825,0.0,103.653,0.0,-15.547736167907715
351.31428241729736,0.0,103.683,0.0,-15.547579765319824
351.34605050086975,0.0,103.679,0.0,-15.54799747467041
351.378937959671,0.0,103.698,0.0,-15.549173355102539
351.4114451408386,0.0,103.66,0.0,-15.548995971679688
351.44354033470154,0.0,103.635,0.0,-15.548406600952148
351.4730267524719,0.0,103.648,0.0,-15.547012329101562
351.5150303840637,0.0,103.618,0.0,-15.545926094055176
351.5472388267517,0.0,103.614,0.0,-15.544498443603516
351.5720419883728,0.0,103.611,0.0,-15.543267250061035
351.6040618419647,0.0,103.593,0.0,-15.542231559753418
351.62856459617615,0.0,103.583,0.0,-15.540718078613281
351.67040395736694,0.0,103.617,0.0,-15.539285659790039
351.6918671131134,0.0,103.617,0.0,-15.53958797454834
351.7252871990204,0.0,103.627,0.0,-15.539402961730957
351.7659692764282,0.0,103.596,0.0,-15.539518356323242
351.7910249233246,0.0,103.594,0.0,-15.53895378112793
351.82300329208374,0.0,103.591,0.0,-15.538424491882324
351.8554718494415,0.0,103.58,0.0,-15.537418365478516
351.88490653038025,0.0,103.593,0.0,-15.536840438842773
351.9234519004822,0.0,103.569,0.0,-15.536102294921875
351.94586515426636,0.0,103.579,0.0,-15.535879135131836
351.9788372516632,0.0,103.595,0.0,-15.536242485046387
352.00582456588745,0.0,103.596,0.0,-15.53671932220459
352.0388877391815,0.0,103.586,0.0,-15.537095069885254
352.0752167701721,0.0,103.556,0.0,-15.535807609558105
352.1119875907898,0.0,103.566,0.0,-15.534832000732422
352.13395524024963,0.0,103.566,0.0,-15.533891677856445
352.16575741767883,0.0,103.581,0.0,-15.534210205078125
352.19782042503357,0.0,103.566,0.0,-15.534744262695312
352.2287971973419,0.0,103.56,0.0,-15.534546852111816
352.27059507369995,0.0,103.561,0.0,-15.533082008361816
352.3053524494171,0.0,103.572,0.0,-15.533105850219727
352.3315191268921,0.0,103.567,0.0,-15.533605575561523
352.3625783920288,0.0,103.552,0.0,-15.533333778381348
352.40190172195435,0.0,103.511,0.0,-15.531560897827148
352.43181228637695,0.0,103.52,0.0,-15.529912948608398
352.457861661911,0.0,103.503,0.0,-15.529038429260254
352.49037170410156,0.0,103.492,0.0,-15.526187896728516
352.5198781490326,0.0,103.479,0.0,-15.52452278137207
352.55134558677673,0.0,103.507,0.0,-15.524698257446289
352.5930950641632,0.0,103.52,0.0,-15.52513313293457
352.6227798461914,0.0,103.525,0.0,-15.525772094726562
352.64589190483093,0.0,103.495,0.0,-15.525032043457031
352.6788001060486,0.0,103.503,0.0,-15.524820327758789
352.7099840641022,0.0,103.439,0.0,-15.523420333862305
352.742121219635,0.0,103.442,0.0,-15.519043922424316
352.7735936641693,0.0,103.452,0.0,-15.517745018005371
352.7998700141907,0.0,103.447,0.0,-15.517200469970703
352.83707785606384,0.0,103.455,0.0,-15.516610145568848
352.8713300228119,0.0,103.422,0.0,-15.516927719116211
352.89711260795593,0.0,103.421,0.0,-15.515462875366211
352.9348855018616,0.0,103.417,0.0,-15.514322280883789
352.96553111076355,0.0,103.427,0.0,-15.512985229492188
352.99835085868835,0.0,103.39,0.0,-15.512185096740723
353.0371603965759,0.0,103.367,0.0,-15.510638236999512
353.0657217502594,0.0,103.335,0.0,-15.505576133728027
353.1016778945923,0.0,103.354,0.0,-15.502974510192871
353.1333820819855,0.0,103.385,0.0,-15.502195358276367
353.16543674468994,0.0,103.388,0.0,-15.50372314453125
353.1955192089081,0.0,103.378,0.0,-15.503946304321289
353.22792887687683,0.0,103.358,0.0,-15.503700256347656
353.25953459739685,0.0,103.34,0.0,-15.503171920776367
353.299355506897,0.0,103.322,0.0,-15.500458717346191
353.33333230018616,0.0,103.295,0.0,-15.498894691467285
353.3726873397827,0.0,103.292,0.0,-15.49540901184082
353.4043319225311,0.0,103.285,0.0,-15.49395751953125
353.4400632381439,0.0,103.269,0.0,-15.49134635925293
353.4685249328613,0.0,103.276,0.0,-15.4906005859375
353.5003523826599,0.0,103.278,0.0,-15.490080833435059
353.53267455101013,0.0,103.289,0.0,-15.489816665649414
353.56509256362915,0.0,103.283,0.0,-15.489824295043945
353.5959641933441,0.0,103.264,0.0,-15.489973068237305
353.615966796875,0.0,103.264,0.0,-15.489330291748047
353.6448178291321,0.0,103.235,0.0,-15.488873481750488
353.6769208908081,0.0,103.178,0.0,-15.48734188079834
353.70847034454346,0.0,103.172,0.0,-15.483803749084473
353.74059414863586,0.0,103.169,0.0,-15.478516578674316
353.7719738483429,0.0,103.196,0.0,-15.477227210998535
353.8042531013489,0.0,103.182,0.0,-15.47696590423584
353.841534614563,0.0,103.186,0.0,-15.47590446472168
353.868825674057,0.0,103.187,0.0,-15.475746154785156
353.90042328834534,0.0,103.199,0.0,-15.476181983947754
353.9328510761261,0.0,103.186,0.0,-15.475855827331543
353.96474719047546,0.0,103.175,0.0,-15.475369453430176
353.99015951156616,0.0,103.141,0.0,-15.473636627197266
354.0316712856293,0.0,103.137,0.0,-15.47217082977295
354.0663719177246,0.0,103.075,0.0,-15.466068267822266
354.09428095817566,0.0,103.074,0.0,-15.46382999420166
354.12659430503845,0.0,103.071,0.0,-15.462038040161133
354.1587097644806,0.0,103.075,0.0,-15.46072006225586
354.1749224662781,0.0,103.083,0.0,-15.459938049316406
354.2067496776581,0.0,103.1,0.0,-15.459736824035645
354.2381925582886,0.0,103.096,0.0,-15.460733413696289
354.27057456970215,0.0,103.104,0.0,-15.461874008178711
354.3033413887024,0.0,103.083,0.0,-15.462340354919434
354.3348431587219,0.0,103.075,0.0,-15.461859703063965
354.36682319641113,0.0,103.073,0.0,-15.460624694824219
354.39795422554016,0.0,103.084,0.0,-15.460350036621094
354.42911529541016,0.0,103.054,0.0,-15.46051025390625
354.4621317386627,0.0,103.018,0.0,-15.459406852722168
354.4936695098877,0.0,103.019,0.0,-15.455350875854492
354.5255742073059,0.0,103.007,0.0,-15.453554153442383
354.557359457016,0.0,103.012,0.0,-15.452547073364258
354.58859968185425,0.0,103.002,0.0,-15.451689720153809
354.6216850280762,0.0,103.009,0.0,-15.450197219848633
354.65352034568787,0.0,103.006,0.0,-15.449764251708984
354.68507409095764,0.0,102.977,0.0,-15.449265480041504
354.72276973724365,0.0,102.967,0.0,-15.446921348571777
354.7583475112915,0.0,102.937,0.0,-15.445775985717773
354.7910873889923,0.0,102.943,0.0,-15.442354202270508
354.8188133239746,0.0,102.976,0.0,-15.442937850952148
354.85092997550964,0.0,102.982,0.0,-15.44327163696289
354.8836441040039,0.0,102.986,0.0,-15.443825721740723
354.9150514602661,0.0,102.989,0.0,-15.445116996765137
354.9486141204834,0.0,102.979,0.0,-15.446155548095703
354.9784462451935,0.0,102.972,0.0,-15.446060180664062
355.0110478401184,0.0,102.948,0.0,-15.44571304321289
355.04263377189636,0.0,102.933,0.0,-15.442876815795898
355.0746099948883,0.0,102.932,0.0,-15.441638946533203
355.10706973075867,0.0,102.951,0.0,-15.440837860107422
355.1390061378479,0.0,102.949,0.0,-15.44092082977295
355.1715407371521,0.0,102.936,0.0,-15.440420150756836
355.20336389541626,0.0,102.952,0.0,-15.44072437286377
355.2350993156433,0.0,102.942,0.0,-15.440019607543945
355.26741790771484,0.0,102.926,0.0,-15.43941593170166
355.2997295856476,0.0,102.908,0.0,-15.438197135925293
355.3311893939972,0.0,102.9,0.0,-15.43727970123291
355.36310601234436,0.0,102.877,0.0,-15.436261177062988
355.4036567211151,0.0,102.879,0.0,-15.433592796325684
355.4290130138397,0.0,102.89,0.0,-15.432622909545898
355.46068692207336,0.0,102.849,0.0,-15.432371139526367
355.493036031723,0.0,102.777,0.0,-15.427772521972656
355.5243995189667,0.0,102.757,0.0,-15.423992156982422
355.555451631546,0.0,102.781,0.0,-15.420281410217285
355.5883758068085,0.0,102.824,0.0,-15.418482780456543
355.62023186683655,0.0,102.841,0.0,-15.420122146606445
355.65191674232483,0.0,102.789,0.0,-15.42019271850586
355.6836197376251,0.0,102.797,0.0,-15.418997764587402
355.71686005592346,0.0,102.813,0.0,-15.418767929077148
355.7481372356415,0.0,102.824,0.0,-15.419513702392578
355.7802131175995,0.0,102.763,0.0,-15.4185791015625
355.81194972991943,0.0,102.754,0.0,-15.416888236999512
355.84431076049805,0.0,102.743,0.0,-15.413554191589355
355.87515664100647,0.0,102.765,0.0,-15.41322135925293
355.9072859287262,0.0,102.777,0.0,-15.413515090942383
355.94237446784973,0.0,102.748,0.0,-15.41191291809082
355.97048902511597,0.0,102.723,0.0,-15.411417007446289
356.0023744106293,0.0,102.725,0.0,-15.410025596618652
356.0347797870636,0.0,102.691,0.0,-15.409076690673828
356.07042956352234,0.0,102.668,0.0,-15.404780387878418
356.1054251194,0.0,102.664,0.0,-15.402769088745117
356.14421105384827,0.0,102.692,0.0,-15.401045799255371
356.19542598724365,0.0,102.672,0.0,-15.399624824523926
356.2276964187622,0.0,102.646,0.0,-15.399231910705566
356.26013946533203,0.0,102.64,0.0,-15.39788818359375
356.29544615745544,0.0,102.632,0.0,-15.395408630371094
356.3238716125488,0.0,102.636,0.0,-15.394670486450195
356.3555600643158,0.0,102.625,0.0,-15.393440246582031
356.38813638687134,0.0,102.613,0.0,-15.392794609069824
356.4190945625305,0.0,102.587,0.0,-15.390070915222168
356.45089197158813,0.0,102.624,0.0,-15.39030647277832
356.48387718200684,0.0,102.61,0.0,-15.389744758605957
356.5144407749176,0.0,102.601,0.0,-15.389570236206055
356.5468235015869,0.0,102.562,0.0,-15.387153625488281
356.57966566085815,0.0,102.527,0.0,-15.384222030639648
356.61223697662354,0.0,102.513,0.0,-15.381420135498047
356.6429762840271,0.0,102.526,0.0,-15.377007484436035
356.69141578674316,0.0,102.544,0.0,-15.376583099365234
356.7238337993622,0.0,102.537,0.0,-15.377559661865234
356.7549283504486,0.0,102.52,0.0,-15.377662658691406
356.7865445613861,0.0,102.517,0.0,-15.377080917358398
356.81959199905396,0.0,102.515,0.0,-15.376111030578613
356.85176372528076,0.0,102.505,0.0,-15.375898361206055
356.8870143890381,0.0,102.484,0.0,-15.375274658203125
356.9194760322571,0.0,102.488,0.0,-15.37314224243164
356.9440860748291,0.0,102.499,0.0,-15.373022079467773
356.9763960838318,0.0,102.52,0.0,-15.373727798461914
357.00781893730164,0.0,102.513,0.0,-15.374438285827637
357.0439610481262,0.0,102.504,0.0,-15.374601364135742
357.0710153579712,0.0,102.509,0.0,-15.374741554260254
357.1034948825836,0.0,102.497,0.0,-15.374370574951172
357.1355793476105,0.0,102.45,0.0,-15.373015403747559
357.1674892902374,0.0,102.456,0.0,-15.369917869567871
357.19937777519226,0.0,102.466,0.0,-15.369449615478516
357.2307803630829,0.0,102.473,0.0,-15.369415283203125
357.2627537250519,0.0,102.416,0.0,-15.369085311889648
357.2939975261688,0.0,102.38,0.0,-15.363560676574707
357.32574343681335,0.0,102.36,0.0,-15.36109447479248
357.3577415943146,0.0,102.386,0.0,-15.358397483825684
357.38956785202026,0.0,102.405,0.0,-15.357460021972656
357.4209861755371,0.0,102.417,0.0,-15.358378410339355
357.4531192779541,0.0,102.414,0.0,-15.358911514282227
357.48602533340454,0.0,102.408,0.0,-15.35924243927002
357.5210554599762,0.0,102.411,0.0,-15.359481811523438
357.54772210121155,0.0,102.379,0.0,-15.359162330627441
357.58206152915955,0.0,102.333,0.0,-15.358105659484863
357.61250710487366,0.0,102.323,0.0,-15.355388641357422
357.64557695388794,0.0,102.321,0.0,-15.350942611694336
357.67820477485657,0.0,102.317,0.0,-15.349053382873535
357.7089605331421,0.0,102.323,0.0,-15.34789752960205
357.74439454078674,0.0,102.337,0.0,-15.347498893737793
357.77259588241577,0.0,102.342,0.0,-15.347905158996582
357.80518436431885,0.0,102.316,0.0,-15.347173690795898
357.8366014957428,0.0,102.261,0.0,-15.344972610473633
357.86800241470337,0.0,102.243,0.0,-15.340213775634766
357.9006235599518,0.0,102.241,0.0,-15.338274002075195
357.9332025051117,0.0,102.264,0.0,-15.337800979614258
357.96428966522217,0.0,102.256,0.0,-15.337495803833008
357.997398853302,0.0,102.253,0.0,-15.336389541625977
358.02819871902466,0.0,102.218,0.0,-15.336111068725586
358.0596692562103,0.0,102.217,0.0,-15.334477424621582
358.0922739505768,0.0,102.219,0.0,-15.332390785217285
358.1234381198883,0.0,102.193,0.0,-15.330835342407227
358.15552735328674,0.0,102.2,0.0,-15.329560279846191
358.18809056282043,0.0,102.196,0.0,-15.328924179077148
358.2200245857239,0.0,102.19,0.0,-15.327653884887695
358.2440769672394,0.0,102.207,0.0,-15.327905654907227
358.2714776992798,0.0,102.209,0.0,-15.32823371887207
358.3051302433014,0.0,102.235,0.0,-15.32895278930664
358.3367974758148,0.0,102.186,0.0,-15.330220222473145
358.37062335014343,0.0,102.157,0.0,-15.327180862426758
358.4027433395386,0.0,102.114,0.0,-15.32386589050293
358.43407225608826,0.0,102.101,0.0,-15.322225570678711
358.4663143157959,0.0,102.102,0.0,-15.31957721710205
358.4992060661316,0.0,102.116,0.0,-15.31675910949707
358.5297031402588,0.0,102.083,0.0,-15.314764022827148
358.5609347820282,0.0,102.135,0.0,-15.31546401977539
358.5960931777954,0.0,102.085,0.0,-15.31441593170166
358.6248788833618,0.0,102.089,0.0,-15.313423156738281
358.6587347984314,0.0,102.04,0.0,-15.312707901000977
358.6906781196594,0.0,102.041,0.0,-15.310148239135742
358.7230944633484,0.0,102.087,0.0,-15.308587074279785
358.7541093826294,0.0,102.094,0.0,-15.309103965759277
358.78550148010254,0.0,102.113,0.0,-15.30984878540039
358.8219678401947,0.0,102.099,0.0,-15.311816215515137
358.85690426826477,0.0,102.094,0.0,-15.311935424804688
358.88857889175415,0.0,102.072,0.0,-15.31218147277832
358.9233753681183,0.0,102.072,0.0,-15.310949325561523
358.9530646800995,0.0,102.043,0.0,-15.31019115447998
358.98909282684326,0.0,101.978,0.0,-15.30879020690918
359.03053164482117,0.0,101.973,0.0,-15.301905632019043
359.05690455436707,0.0,101.997,0.0,-15.300142288208008
359.0864956378937,0.0,102.011,0.0,-15.299250602722168
359.1210036277771,0.0,101.99,0.0,-15.298334121704102
359.1502847671509,0.0,101.945,0.0,-15.295823097229004
359.1822030544281,0.0,101.917,0.0,-15.292757987976074
359.2142114639282,0.0,101.933,0.0,-15.290614128112793
359.2474009990692,0.0,101.95,0.0,-15.288750648498535
359.27429366111755,0.0,101.972,0.0,-15.288930892944336
359.3083803653717,0.0,101.958,0.0,-15.290055274963379
359.34568643569946,0.0,101.973,0.0,-15.291330337524414
359.37410140037537,0.0,101.934,0.0,-15.292476654052734
359.4064145088196,0.0,101.933,0.0,-15.2913818359375
359.43887186050415,0.0,101.903,0.0,-15.29052734375
359.46285247802734,0.0,101.879,0.0,-15.288640022277832
359.4898953437805,0.0,101.891,0.0,-15.286209106445312
359.5219404697418,0.0,101.898,0.0,-15.284186363220215
359.5525770187378,0.0,101.902,0.0,-15.283867835998535
359.5894627571106,0.0,101.921,0.0,-15.283499717712402
359.62221121788025,0.0,101.92,0.0,-15.284781455993652
359.6476948261261,0.0,101.849,0.0,-15.282266616821289
359.6783080101013,0.0,101.835,0.0,-15.279769897460938
359.7226507663727,0.0,101.844,0.0,-15.277138710021973
359.7518804073334,0.0,101.887,0.0,-15.27812671661377
359.7840361595154,0.0,101.866,0.0,-15.278055191040039
359.8006315231323,0.0,101.866,0.0,-15.278040885925293
359.8315727710724,0.0,101.886,0.0,-15.27890682220459
359.8639862537384,0.0,101.846,0.0,-15.279609680175781
359.89562010765076,0.0,101.829,0.0,-15.277084350585938
359.927853345871,0.0,101.815,0.0,-15.27589225769043
359.95954608917236,0.0,101.856,0.0,-15.2744140625
359.99863958358765,0.0,101.877,0.0,-15.276420593261719
360.0247986316681,0.0,101.861,0.0,-15.277609825134277
360.05579686164856,0.0,101.85,0.0,-15.27779483795166
360.0877788066864,0.0,101.845,0.0,-15.27749252319336
360.12002086639404,0.0,101.809,0.0,-15.275238990783691
360.15169167518616,0.0,101.785,0.0,-15.272838592529297
360.1831543445587,0.0,101.713,0.0,-15.269035339355469
360.2057886123657,0.0,101.713,0.0,-15.265080451965332
360.2403702735901,0.0,101.741,0.0,-15.26228141784668
360.27288126945496,0.0,101.728,0.0,-15.259771347045898
360.3045928478241,0.0,101.762,0.0,-15.26020336151123
360.334344625473,0.0,101.763,0.0,-15.260639190673828
360.369877576828,0.0,101.728,0.0,-15.258772850036621
360.399480342865,0.0,101.696,0.0,-15.256872177124023
360.43453431129456,0.0,101.674,0.0,-15.254530906677246
360.4668653011322,0.0,101.639,0.0,-15.252776145935059
360.5000493526459,0.0,101.633,0.0,-15.247472763061523
360.53056478500366,0.0,101.615,0.0,-15.245790481567383
360.56191325187683,0.0,101.637,0.0,-15.243806838989258
360.59404850006104,0.0,101.607,0.0,-15.243270874023438
360.6260242462158,0.0,101.604,0.0,-15.240087509155273
360.65264797210693,0.0,101.593,0.0,-15.239229202270508
360.68999910354614,0.0,101.612,0.0,-15.238177299499512
360.7206974029541,0.0,101.583,0.0,-15.23823356628418
360.75147819519043,0.0,101.583,0.0,-15.236337661743164
360.77657294273376,0.0,101.591,0.0,-15.236127853393555
360.8151521682739,0.0,101.568,0.0,-15.235816955566406
360.8314800262451,0.0,101.568,0.0,-15.234878540039062
360.87454056739807,0.0,101.516,0.0,-15.230916023254395
360.9052765369415,0.0,101.534,0.0,-15.229835510253906
360.93858885765076,0.0,101.533,0.0,-15.228768348693848
360.956524848938,0.0,101.533,0.0,-15.22825813293457
360.98965334892273,0.0,101.551,0.0,-15.227882385253906
361.03741693496704,0.0,101.55,0.0,-15.228898048400879
361.07408380508423,0.0,101.541,0.0,-15.228750228881836
361.10324716567993,0.0,101.531,0.0,-15.228886604309082
361.1342144012451,0.0,101.521,0.0,-15.228610038757324
361.1671304702759,0.0,101.511,0.0,-15.228012084960938
361.1991295814514,0.0,101.491,0.0,-15.22658634185791
361.23093700408936,0.0,101.484,0.0,-15.225292205810547
361.26284408569336,0.0,101.464,0.0,-15.22403335571289
361.30085277557373,0.0,101.465,0.0,-15.220969200134277
361.3275065422058,0.0,101.463,0.0,-15.21993350982666
361.35985565185547,0.0,101.465,0.0,-15.2190523147583
361.3918387889862,0.0,101.476,0.0,-15.218626976013184
361.42343521118164,0.0,101.465,0.0,-15.218523025512695
361.4561402797699,0.0,101.463,0.0,-15.218260765075684
361.4719786643982,0.0,101.429,0.0,-15.216668128967285
361.5041344165802,0.0,101.422,0.0,-15.215180397033691
361.53617334365845,0.0,101.417,0.0,-15.213862419128418
361.56748938560486,0.0,101.431,0.0,-15.213432312011719
361.6003067493439,0.0,101.449,0.0,-15.213794708251953
361.63137650489807,0.0,101.431,0.0,-15.213547706604004
361.6641335487366,0.0,101.427,0.0,-15.213224411010742
361.7064781188965,0.0,101.418,0.0,-15.212788581848145
361.7373390197754,0.0,101.431,0.0,-15.212356567382812
361.7754578590393,0.0,101.434,0.0,-15.212518692016602
361.8085525035858,0.0,101.432,0.0,-15.21290397644043
361.8371822834015,0.0,101.421,0.0,-15.213140487670898
361.87006998062134,0.0,101.431,0.0,-15.212882041931152
361.9018256664276,0.0,101.403,0.0,-15.21214771270752
361.9331068992615,0.0,101.407,0.0,-15.211413383483887
361.96528601646423,0.0,101.401,0.0,-15.211033821105957
362.00042057037354,0.0,101.401,0.0,-15.210123062133789
362.02885580062866,0.0,101.394,0.0,-15.209552764892578
362.0610103607178,0.0,101.404,0.0,-15.208712577819824
362.09213948249817,0.0,101.413,0.0,-15.208925247192383
362.12383008003235,0.0,101.402,0.0,-15.209484100341797
362.1554756164551,0.0,101.401,0.0,-15.209453582763672
362.1865816116333,0.0,101.379,0.0,-15.20852279663086
362.2199103832245,0.0,101.368,0.0,-15.207399368286133
362.2415566444397,0.0,101.373,0.0,-15.206506729125977
362.28195548057556,0.0,101.375,0.0,-15.205801010131836
362.322811126709,0.0,101.414,0.0,-15.206177711486816
362.35311222076416,0.0,101.38,0.0,-15.208681106567383
362.38637614250183,0.0,101.37,0.0,-15.208114624023438
362.41841173171997,0.0,101.36,0.0,-15.207263946533203
362.4402892589569,0.0,101.321,0.0,-15.206196784973145
362.4748945236206,0.0,101.321,0.0,-15.20186996459961
362.51163053512573,0.0,101.301,0.0,-15.199898719787598
362.53626537323,0.0,101.309,0.0,-15.198110580444336
362.5687253475189,0.0,101.32,0.0,-15.197099685668945
362.6007511615753,0.0,101.317,0.0,-15.196515083312988
362.63284373283386,0.0,101.293,0.0,-15.195645332336426
362.6638481616974,0.0,101.237,0.0,-15.194672584533691
362.6917006969452,0.0,101.244,0.0,-15.191606521606445
362.72670459747314,0.0,101.214,0.0,-15.186786651611328
362.7583887577057,0.0,101.241,0.0,-15.185821533203125
362.78567266464233,0.0,101.262,0.0,-15.186016082763672
362.8216140270233,0.0,101.268,0.0,-15.185970306396484
362.85440325737,0.0,101.247,0.0,-15.186056137084961
362.8868851661682,0.0,101.236,0.0,-15.185300827026367
362.9176700115204,0.0,101.267,0.0,-15.18576717376709
362.94992780685425,0.0,101.253,0.0,-15.186446189880371
362.97450041770935,0.0,101.247,0.0,-15.186466217041016
363.0041136741638,0.0,101.206,0.0,-15.186257362365723
363.03598046302795,0.0,101.2,0.0,-15.184401512145996
363.0677328109741,0.0,101.202,0.0,-15.182743072509766
363.10092186927795,0.0,101.221,0.0,-15.1809663772583
363.13945031166077,0.0,101.236,0.0,-15.181076049804688
363.17534375190735,0.0,101.244,0.0,-15.182774543762207
363.208135843277,0.0,101.203,0.0,-15.183323860168457
363.2410442829132,0.0,101.197,0.0,-15.182256698608398
363.2727963924408,0.0,101.193,0.0,-15.181200981140137
363.30477929115295,0.0,101.188,0.0,-15.179312705993652
363.33683705329895,0.0,101.189,0.0,-15.17904281616211
363.3684492111206,0.0,101.169,0.0,-15.178483009338379
363.4019055366516,0.0,101.135,0.0,-15.174877166748047
363.43226981163025,0.0,101.134,0.0,-15.173042297363281
363.46460485458374,0.0,101.133,0.0,-15.17162036895752
363.496205329895,0.0,101.139,0.0,-15.171066284179688
363.5286867618561,0.0,101.118,0.0,-15.169097900390625
363.5607180595398,0.0,101.107,0.0,-15.167649269104004
363.5923626422882,0.0,101.09,0.0,-15.165860176086426
363.6260998249054,0.0,101.071,0.0,-15.162519454956055
363.6561086177826,0.0,101.068,0.0,-15.161249160766602
363.6867377758026,0.0,101.06,0.0,-15.160197257995605
363.71951508522034,0.0,101.049,0.0,-15.159103393554688
363.751088142395,0.0,101.033,0.0,-15.157026290893555
363.7836928367615,0.0,101.081,0.0,-15.15568733215332
363.8156170845032,0.0,101.081,0.0,-15.15672492980957
363.8557107448578,0.0,101.053,0.0,-15.157742500305176
363.8880045413971,0.0,101.011,0.0,-15.157278060913086
363.92105627059937,0.0,100.999,0.0,-15.155194282531738
363.95234513282776,0.0,101.001,0.0,-15.151643753051758
363.98407006263733,0.0,101.01,0.0,-15.151265144348145
364.0051004886627,0.0,101.01,0.0,-15.15068531036377
364.0463032722473,0.0,101.026,0.0,-15.151165962219238
364.0783746242523,0.0,101.016,0.0,-15.15114974975586
364.10086131095886,0.0,100.995,0.0,-15.150134086608887
364.1416461467743,0.0,100.977,0.0,-15.148965835571289
364.174631357193,0.0,100.977,0.0,-15.14687442779541
364.22088718414307,0.0,100.962,0.0,-15.146646499633789
364.2523648738861,0.0,100.939,0.0,-15.143619537353516
364.2840406894684,0.0,100.918,0.0,-15.141355514526367
364.31573271751404,0.0,100.908,0.0,-15.139232635498047
364.34731698036194,0.0,100.916,0.0,-15.13823127746582
364.38662934303284,0.0,100.917,0.0,-15.136606216430664
364.4186210632324,0.0,100.929,0.0,-15.136573791503906
364.4440190792084,0.0,100.976,0.0,-15.13668441772461
364.4714663028717,0.0,100.976,0.0,-15.13879108428955
364.5050106048584,0.0,100.95,0.0,-15.141780853271484
364.5358610153198,0.0,100.938,0.0,-15.141732215881348
364.5680935382843,0.0,100.894,0.0,-15.14120864868164
364.5981674194336,0.0,100.886,0.0,-15.138975143432617
364.6331067085266,0.0,100.898,0.0,-15.135090827941895
364.6648852825165,0.0,100.909,0.0,-15.134496688842773
364.6972725391388,0.0,100.913,0.0,-15.134533882141113
364.72886753082275,0.0,100.897,0.0,-15.135228157043457
364.7605481147766,0.0,100.889,0.0,-15.134689331054688
364.79283022880554,0.0,100.905,0.0,-15.133962631225586
364.82585525512695,0.0,100.879,0.0,-15.133139610290527
364.8582422733307,0.0,100.87,0.0,-15.132044792175293
364.8888039588928,0.0,100.843,0.0,-15.131056785583496
364.921968460083,0.0,100.826,0.0,-15.12935733795166
364.95339012145996,0.0,100.849,0.0,-15.126821517944336
364.9859642982483,0.0,100.846,0.0,-15.126317024230957
365.0192005634308,0.0,100.829,0.0,-15.126469612121582
365.0505304336548,0.0,100.791,0.0,-15.125406265258789
365.0818741321564,0.0,100.809,0.0,-15.121976852416992
365.12226843833923,0.0,100.79,0.0,-15.120370864868164
365.15435767173767,0.0,100.807,0.0,-15.119085311889648
365.1858286857605,0.0,100.799,0.0,-15.119029998779297
365.2181029319763,0.0,100.804,0.0,-15.118694305419922
365.2527620792389,0.0,100.795,0.0,-15.11913776397705
365.3057792186737,0.0,100.784,0.0,-15.1187744140625
365.3386390209198,0.0,100.775,0.0,-15.11804485321045
365.37114572525024,0.0,100.784,0.0,-15.117132186889648
365.40390038490295,0.0,100.763,0.0,-15.11575698852539
365.4346046447754,0.0,100.779,0.0,-15.115079879760742
365.4673068523407,0.0,100.767,0.0,-15.115134239196777
365.50006771087646,0.0,100.786,0.0,-15.114704132080078
365.53186535835266,0.0,100.782,0.0,-15.11544132232666
365.5639305114746,0.0,100.742,0.0,-15.114645004272461
365.59581303596497,0.0,100.713,0.0,-15.113380432128906
365.62921667099,0.0,100.724,0.0,-15.110026359558105
365.6613247394562,0.0,100.722,0.0,-15.109060287475586
365.6928753852844,0.0,100.74,0.0,-15.108980178833008
365.7251818180084,0.0,100.74,0.0,-15.109079360961914
365.7579152584076,0.0,100.721,0.0,-15.10850715637207
365.79701709747314,0.0,100.692,0.0,-15.107756614685059
365.8361785411835,0.0,100.689,0.0,-15.104973793029785
365.86910343170166,0.0,100.697,0.0,-15.104029655456543
365.90344524383545,0.0,100.695,0.0,-15.103726387023926
365.9328706264496,0.0,100.685,0.0,-15.103425025939941
365.9657950401306,0.0,100.679,0.0,-15.102804183959961
365.9977159500122,0.0,100.667,0.0,-15.102105140686035
366.0231063365936,0.0,100.681,0.0,-15.101092338562012
366.05632042884827,0.0,100.66,0.0,-15.09970474243164
366.0957021713257,0.0,100.632,0.0,-15.099041938781738
366.13688230514526,0.0,100.625,0.0,-15.094968795776367
366.1691405773163,0.0,100.608,0.0,-15.094022750854492
366.20129227638245,0.0,100.601,0.0,-15.092620849609375
366.2335433959961,0.0,100.604,0.0,-15.090434074401855
366.2653362751007,0.0,100.587,0.0,-15.088982582092285
366.29763293266296,0.0,100.581,0.0,-15.088034629821777
366.32976388931274,0.0,100.587,0.0,-15.086681365966797
366.3620321750641,0.0,100.577,0.0,-15.085987091064453
366.39415431022644,0.0,100.585,0.0,-15.086002349853516
366.42579531669617,0.0,100.561,0.0,-15.085892677307129
366.458060503006,0.0,100.569,0.0,-15.0844087600708
366.48936462402344,0.0,100.569,0.0,-15.084115028381348
366.5211751461029,0.0,100.587,0.0,-15.083929061889648
366.5543270111084,0.0,100.608,0.0,-15.086461067199707
366.5854539871216,0.0,100.573,0.0,-15.087481498718262
366.6181151866913,0.0,100.541,0.0,-15.086820602416992
366.6497411727905,0.0,100.5,0.0,-15.084983825683594
366.6821677684784,0.0,100.476,0.0,-15.078974723815918
366.7223446369171,0.0,100.481,0.0,-15.076275825500488
366.7552351951599,0.0,100.462,0.0,-15.072283744812012
366.78827953338623,0.0,100.447,0.0,-15.069953918457031
366.8209111690521,0.0,100.461,0.0,-15.068296432495117
366.85502529144287,0.0,100.466,0.0,-15.067450523376465
366.88666129112244,0.0,100.451,0.0,-15.066715240478516
366.91896867752075,0.0,100.402,0.0,-15.06460952758789
366.95229268074036,0.0,100.432,0.0,-15.06233024597168
366.98326206207275,0.0,100.444,0.0,-15.062705039978027
367.01515340805054,0.0,100.44,0.0,-15.062884330749512
367.04747891426086,0.0,100.394,0.0,-15.0623197555542
367.0800018310547,0.0,100.402,0.0,-15.059935569763184
367.11126160621643,0.0,100.405,0.0,-15.059350967407227
367.14278960227966,0.0,100.396,0.0,-15.059074401855469
367.17425179481506,0.0,100.377,0.0,-15.058530807495117
367.20629048347473,0.0,100.38,0.0,-15.05675220489502
367.2375981807709,0.0,100.372,0.0,-15.056201934814453
367.272607088089,0.0,100.385,0.0,-15.055486679077148
367.30464577674866,0.0,100.371,0.0,-15.055006980895996
367.3336091041565,0.0,100.385,0.0,-15.054521560668945
367.36400961875916,0.0,100.357,0.0,-15.054900169372559
367.43446683883667,0.0,100.323,0.0,-15.052989959716797
367.46582221984863,0.0,100.333,0.0,-15.051253318786621
367.49097418785095,0.0,100.309,0.0,-15.05036735534668
367.52136516571045,0.0,100.297,0.0,-15.048712730407715
367.5607087612152,0.0,100.288,0.0,-15.045289993286133
367.5846977233887,0.0,100.29,0.0,-15.044122695922852
367.6173470020294,0.0,100.312,0.0,-15.04385757446289
367.64907813072205,0.0,100.317,0.0,-15.044037818908691
367.6825578212738,0.0,100.317,0.0,-15.044778823852539
367.7148060798645,0.0,100.279,0.0,-15.043487548828125
367.7452881336212,0.0,100.268,0.0,-15.042399406433105
367.7771236896515,0.0,100.252,0.0,-15.041259765625
367.809730052948,0.0,100.286,0.0,-15.040045738220215
367.8415365219116,0.0,100.285,0.0,-15.040276527404785
367.8743007183075,0.0,100.247,0.0,-15.040492057800293
367.90754437446594,0.0,100.235,0.0,-15.038555145263672
367.9387505054474,0.0,100.241,0.0,-15.037163734436035
367.96979665756226,0.0,100.253,0.0,-15.036375045776367
368.0017247200012,0.0,100.25,0.0,-15.036307334899902
368.0320906639099,0.0,100.223,0.0,-15.035964012145996
368.0634136199951,0.0,100.202,0.0,-15.034832000732422
368.0872263908386,0.0,100.19,0.0,-15.03310775756836
368.119078874588,0.0,100.167,0.0,-15.031306266784668
368.1509187221527,0.0,100.124,0.0,-15.028987884521484
368.18486618995667,0.0,100.095,0.0,-15.023368835449219
368.2200286388397,0.0,100.12,0.0,-15.019983291625977
368.26206707954407,0.0,100.117,0.0,-15.018145561218262
368.3004574775696,0.0,100.148,0.0,-15.017073631286621
368.3322367668152,0.0,100.132,0.0,-15.017422676086426
368.36453676223755,0.0,100.164,0.0,-15.01859188079834
368.39586067199707,0.0,100.158,0.0,-15.019632339477539
368.43031549453735,0.0,100.05,0.0,-15.016192436218262
368.45941162109375,0.0,100.025,0.0,-15.012063026428223
368.4927976131439,0.0,100.02,0.0,-15.008586883544922
368.52298951148987,0.0,100.048,0.0,-15.00609016418457
368.5545244216919,0.0,100.066,0.0,-15.005705833435059
368.58590483665466,0.0,100.071,0.0,-15.006216049194336
368.6172363758087,0.0,100.074,0.0,-15.006797790527344
368.6486554145813,0.0,100.072,0.0,-15.006756782531738
368.68080854415894,0.0,100.055,0.0,-15.006939888000488
368.7206437587738,0.0,100.076,0.0,-15.007635116577148
368.75249910354614,0.0,100.062,0.0,-15.007664680480957
368.7850568294525,0.0,100.066,0.0,-15.007723808288574
368.8165514469147,0.0,100.065,0.0,-15.007953643798828
368.8484354019165,0.0,100.055,0.0,-15.008115768432617
368.88157081604004,0.0,100.018,0.0,-15.007072448730469
368.933452129364,0.0,100.006,0.0,-15.004363059997559
368.9563629627228,0.0,100.006,0.0,-15.002985954284668
368.9806241989136,0.0,100.006,0.0,-15.001953125
369.0044264793396,0.0,100.004,0.0,-15.001104354858398
369.036438703537,0.0,99.995,0.0,-15.000104904174805
369.0683250427246,0.0,99.99,0.0,-14.999410629272461
369.0998339653015,0.0,99.976,0.0,-14.998659133911133
369.13278913497925,0.0,99.983,0.0,-14.996981620788574
369.16464018821716,0.0,99.992,0.0,-14.996976852416992
369.1962945461273,0.0,99.998,0.0,-14.997892379760742
369.2276084423065,0.0,99.998,0.0,-14.998003005981445
369.2614059448242,0.0,99.971,0.0,-14.997096061706543
369.2927141189575,0.0,99.942,0.0,-14.99511432647705
369.32544016838074,0.0,99.904,0.0,-14.99327564239502
369.35800886154175,0.0,99.913,0.0,-14.989593505859375
369.38936591148376,0.0,99.902,0.0,-14.988240242004395
369.4220473766327,0.0,99.906,0.0,-14.986777305603027
369.45514941215515,0.0,99.926,0.0,-14.986044883728027
369.48693919181824,0.0,99.913,0.0,-14.985435485839844
369.5187270641327,0.0,99.887,0.0,-14.985261917114258
369.53437900543213,0.0,99.864,0.0,-14.984077453613281
369.56668972969055,0.0,99.872,0.0,-14.982237815856934
369.5972647666931,0.0,99.868,0.0,-14.981197357177734
369.630126953125,0.0,99.911,0.0,-14.98141098022461
369.66371726989746,0.0,99.882,0.0,-14.981958389282227
369.7030682563782,0.0,99.865,0.0,-14.981578826904297
369.73465371131897,0.0,99.848,0.0,-14.97917366027832
369.7674026489258,0.0,99.839,0.0,-14.977725982666016
369.8004996776581,0.0,99.876,0.0,-14.979165077209473
369.832510471344,0.0,99.859,0.0,-14.97881031036377
369.8643682003021,0.0,99.826,0.0,-14.977035522460938
369.8957853317261,0.0,99.845,0.0,-14.976492881774902
369.92839002609253,0.0,99.862,0.0,-14.97677993774414
369.9610552787781,0.0,99.888,0.0,-14.977334976196289
369.99200081825256,0.0,99.877,0.0,-14.97865104675293
370.0244584083557,0.0,99.858,0.0,-14.979228019714355
370.05658626556396,0.0,99.812,0.0,-14.978562355041504
370.0836908817291,0.0,99.781,0.0,-14.976473808288574
370.12020993232727,0.0,99.773,0.0,-14.9735746383667
370.15143632888794,0.0,99.765,0.0,-14.971023559570312
370.1834771633148,0.0,99.782,0.0,-14.967745780944824
370.2151131629944,0.0,99.795,0.0,-14.968189239501953
370.2408263683319,0.0,99.768,0.0,-14.967945098876953
370.2717318534851,0.0,99.753,0.0,-14.966662406921387
370.3152804374695,0.0,99.717,0.0,-14.962385177612305
370.3354015350342,0.0,99.725,0.0,-14.960684776306152
370.37848114967346,0.0,99.719,0.0,-14.959421157836914
370.3949384689331,0.0,99.712,0.0,-14.958246231079102
370.4334063529968,0.0,99.696,0.0,-14.955595016479492
370.46633315086365,0.0,99.699,0.0,-14.954614639282227
370.49812269210815,0.0,99.701,0.0,-14.953996658325195
370.53066778182983,0.0,99.736,0.0,-14.953868865966797
370.5631728172302,0.0,99.689,0.0,-14.955921173095703
370.59567403793335,0.0,99.671,0.0,-14.954700469970703
370.65053820610046,0.0,99.639,0.0,-14.95179557800293
370.6598913669586,0.0,99.639,0.0,-14.949533462524414
370.6909382343292,0.0,99.619,0.0,-14.946991920471191
370.7225387096405,0.0,99.621,0.0,-14.94507884979248
370.75470304489136,0.0,99.609,0.0,-14.943740844726562
370.7867360115051,0.0,99.633,0.0,-14.941308975219727
370.8182420730591,0.0,99.614,0.0,-14.941510200500488
370.8489968776703,0.0,99.639,0.0,-14.940925598144531
370.8879361152649,0.0,99.614,0.0,-14.941545486450195
370.9194118976593,0.0,99.598,0.0,-14.941104888916016
370.95109724998474,0.0,99.574,0.0,-14.94013500213623
370.98277401924133,0.0,99.574,0.0,-14.937138557434082
371.0075557231903,0.0,99.581,0.0,-14.93648910522461
371.0371165275574,0.0,99.577,0.0,-14.935867309570312
371.0779502391815,0.0,99.587,0.0,-14.935223579406738
371.1021137237549,0.0,99.584,0.0,-14.935401916503906
371.1343846321106,0.0,99.594,0.0,-14.935958862304688
371.1664979457855,0.0,99.601,0.0,-14.936677932739258
371.19823455810547,0.0,99.598,0.0,-14.936928749084473
371.2302429676056,0.0,99.565,0.0,-14.937359809875488
371.2563831806183,0.0,99.562,0.0,-14.935433387756348
371.2937753200531,0.0,99.517,0.0,-14.932873725891113
371.3194634914398,0.0,99.513,0.0,-14.930756568908691
371.34776878356934,0.0,99.493,0.0,-14.928274154663086
371.3780996799469,0.0,99.511,0.0,-14.92643928527832
371.42100191116333,0.0,99.502,0.0,-14.925020217895508
371.4532651901245,0.0,99.458,0.0,-14.924027442932129
371.48426723480225,0.0,99.451,0.0,-14.919975280761719
371.5161702632904,0.0,99.444,0.0,-14.918264389038086
371.5387043952942,0.0,99.444,0.0,-14.916998863220215
371.56922721862793,0.0,99.466,0.0,-14.917003631591797
371.60295271873474,0.0,99.454,0.0,-14.917401313781738
371.63487100601196,0.0,99.439,0.0,-14.916600227355957
371.6671905517578,0.0,99.43,0.0,-14.915767669677734
371.69078731536865,0.0,99.42,0.0,-14.914793014526367
371.73709177970886,0.0,99.401,0.0,-14.912839889526367
371.77043533325195,0.0,99.368,0.0,-14.91145133972168
371.8014905452728,0.0,99.362,0.0,-14.909039497375488
371.8349461555481,0.0,99.396,0.0,-14.90530776977539
371.8643925189972,0.0,99.398,0.0,-14.905632972717285
371.8970513343811,0.0,99.376,0.0,-14.906025886535645
371.92816948890686,0.0,99.368,0.0,-14.905458450317383
371.9573543071747,0.0,99.335,0.0,-14.90283489227295
371.99082493782043,0.0,99.347,0.0,-14.901121139526367
372.0232994556427,0.0,99.349,0.0,-14.90064811706543
372.0593259334564,0.0,99.347,0.0,-14.900209426879883
372.0882902145386,0.0,99.346,0.0,-14.900053024291992
372.119015455246,0.0,99.342,0.0,-14.899682998657227
372.14860582351685,0.0,99.362,0.0,-14.899566650390625
372.18300461769104,0.0,99.365,0.0,-14.901130676269531
372.208132982254,0.0,99.338,0.0,-14.900627136230469
372.23641705513,0.0,99.316,0.0,-14.899341583251953
372.2684283256531,0.0,99.313,0.0,-14.8982515335083
372.3009030818939,0.0,99.336,0.0,-14.898069381713867
372.3334541320801,0.0,99.326,0.0,-14.89808464050293
372.3648524284363,0.0,99.331,0.0,-14.898157119750977
372.4040608406067,0.0,99.303,0.0,-14.897189140319824
372.434850692749,0.0,99.305,0.0,-14.895795822143555
372.46177911758423,0.0,99.308,0.0,-14.895402908325195
372.50202322006226,0.0,99.303,0.0,-14.89525318145752
372.5185778141022,0.0,99.296,0.0,-14.894953727722168
372.54965353012085,0.0,99.299,0.0,-14.894454956054688
372.58448219299316,0.0,99.267,0.0,-14.892720222473145
372.6126012802124,0.0,99.288,0.0,-14.892594337463379
372.648197889328,0.0,99.287,0.0,-14.892399787902832
372.67892241477966,0.0,99.304,0.0,-14.892233848571777
372.7217984199524,0.0,99.284,0.0,-14.892498016357422
372.7391562461853,0.0,99.275,0.0,-14.892251014709473
372.7763018608093,0.0,99.275,0.0,-14.891702651977539
372.8093070983887,0.0,99.266,0.0,-14.890628814697266
372.8407368659973,0.0,99.269,0.0,-14.8902587890625
372.8726439476013,0.0,99.256,0.0,-14.889867782592773
372.90274238586426,0.0,99.267,0.0,-14.889167785644531
372.93695402145386,0.0,99.244,0.0,-14.888120651245117
372.9683060646057,0.0,99.226,0.0,-14.886622428894043
373.00017499923706,0.0,99.249,0.0,-14.885782241821289
373.0350785255432,0.0,99.251,0.0,-14.885985374450684
373.07264399528503,0.0,99.281,0.0,-14.8873872756958
373.1280879974365,0.0,99.234,0.0,-14.88835334777832
373.13921308517456,0.0,99.24,0.0,-14.887290954589844
373.16598081588745,0.0,99.2,0.0,-14.886734008789062
373.19801473617554,0.0,99.206,0.0,-14.884638786315918
373.23623728752136,0.0,99.231,0.0,-14.883319854736328
373.26086592674255,0.0,99.222,0.0,-14.882990837097168
373.29296875,0.0,99.205,0.0,-14.882843971252441
373.32510924339294,0.0,99.157,0.0,-14.881956100463867
373.35816264152527,0.0,99.159,0.0,-14.87731647491455
373.3910160064697,0.0,99.146,0.0,-14.875289916992188
373.4134900569916,0.0,99.155,0.0,-14.874141693115234
373.4548146724701,0.0,99.126,0.0,-14.873086929321289
373.48458528518677,0.0,99.143,0.0,-14.870692253112793
373.51856446266174,0.0,99.139,0.0,-14.870096206665039
373.54914379119873,0.0,99.148,0.0,-14.871109962463379
373.58147859573364,0.0,99.128,0.0,-14.87088680267334
373.6163921356201,0.0,99.128,0.0,-14.869196891784668
373.653400182724,0.0,99.093,0.0,-14.867254257202148
373.6887319087982,0.0,99.09,0.0,-14.86450481414795
373.7188940048218,0.0,99.067,0.0,-14.8635892868042
373.75154066085815,0.0,99.086,0.0,-14.86196231842041
373.7834150791168,0.0,99.078,0.0,-14.860776901245117
373.8117890357971,0.0,99.085,0.0,-14.860393524169922
373.8345136642456,0.0,99.062,0.0,-14.860438346862793
373.87041759490967,0.0,99.068,0.0,-14.859550476074219
373.9039657115936,0.0,99.073,0.0,-14.859159469604492
373.936576128006,0.0,99.064,0.0,-14.858729362487793
373.9628429412842,0.0,99.095,0.0,-14.859776496887207
373.9999167919159,0.0,99.041,0.0,-14.858898162841797
374.03332710266113,0.0,99.026,0.0,-14.856183052062988
374.0644042491913,0.0,98.998,0.0,-14.853866577148438
374.08285450935364,0.0,99.025,0.0,-14.853249549865723
374.12774419784546,0.0,99.014,0.0,-14.851806640625
374.16110491752625,0.0,99.006,0.0,-14.850584983825684
374.191734790802,0.0,99.038,0.0,-14.851432800292969
374.2242896556854,0.0,99.004,0.0,-14.850700378417969
374.2567744255066,0.0,98.981,0.0,-14.849583625793457
374.2895362377167,0.0,98.965,0.0,-14.847488403320312
374.3203065395355,0.0,98.978,0.0,-14.84616756439209
374.3522984981537,0.0,98.991,0.0,-14.845733642578125
374.3867130279541,0.0,98.997,0.0,-14.845845222473145
374.41715598106384,0.0,99.004,0.0,-14.846402168273926
374.4492905139923,0.0,98.99,0.0,-14.847160339355469
374.4899318218231,0.0,98.96,0.0,-14.84672737121582
374.5241913795471,0.0,98.931,0.0,-14.845641136169434
374.55564403533936,0.0,98.942,0.0,-14.843608856201172
374.59733271598816,0.0,98.951,0.0,-14.842019081115723
374.63643431663513,0.0,98.939,0.0,-14.841058731079102
374.66833448410034,0.0,98.929,0.0,-14.840142250061035
374.70070147514343,0.0,98.922,0.0,-14.840096473693848
374.7336449623108,0.0,98.948,0.0,-14.83957576751709
374.76558351516724,0.0,98.92,0.0,-14.838746070861816
374.79792380332947,0.0,98.91,0.0,-14.837714195251465
374.82895135879517,0.0,98.895,0.0,-14.837030410766602
374.8610966205597,0.0,98.915,0.0,-14.834916114807129
374.89301776885986,0.0,98.941,0.0,-14.835092544555664
374.92464089393616,0.0,98.925,0.0,-14.836355209350586
374.95644760131836,0.0,98.913,0.0,-14.836688041687012
374.98893308639526,0.0,98.858,0.0,-14.835599899291992
375.022745847702,0.0,98.842,0.0,-14.833356857299805
375.053763628006,0.0,98.824,0.0,-14.830977439880371
375.0889618396759,0.0,98.817,0.0,-14.826179504394531
375.12078738212585,0.0,98.815,0.0,-14.823824882507324
375.15110182762146,0.0,98.833,0.0,-14.822644233703613
375.18317770957947,0.0,98.831,0.0,-14.822542190551758
375.2227141857147,0.0,98.812,0.0,-14.822442054748535
375.25486874580383,0.0,98.756,0.0,-14.8216552734375
375.28927516937256,0.0,98.731,0.0,-14.815484046936035
375.320871591568,0.0,98.722,0.0,-14.812644958496094
375.3547112941742,0.0,98.781,0.0,-14.812192916870117
375.38636660575867,0.0,98.787,0.0,-14.813420295715332
375.4179654121399,0.0,98.761,0.0,-14.812933921813965
375.44968128204346,0.0,98.755,0.0,-14.812355995178223
375.4816474914551,0.0,98.754,0.0,-14.81216812133789
375.5144910812378,0.0,98.766,0.0,-14.811783790588379
375.5454800128937,0.0,98.769,0.0,-14.812108993530273
375.5766673088074,0.0,98.758,0.0,-14.812525749206543
375.6105396747589,0.0,98.749,0.0,-14.811991691589355
375.6410756111145,0.0,98.73,0.0,-14.81135368347168
375.6738359928131,0.0,98.724,0.0,-14.810428619384766
375.70547699928284,0.0,98.726,0.0,-14.809492111206055
375.73758125305176,0.0,98.714,0.0,-14.807943344116211
375.7689051628113,0.0,98.694,0.0,-14.807164192199707
375.8014678955078,0.0,98.684,0.0,-14.805840492248535
375.8365623950958,0.0,98.67,0.0,-14.802793502807617
375.86615562438965,0.0,98.679,0.0,-14.801945686340332
375.9060604572296,0.0,98.678,0.0,-14.80141830444336
375.93944692611694,0.0,98.681,0.0,-14.800715446472168
375.9711935520172,0.0,98.676,0.0,-14.80038070678711
376.0054085254669,0.0,98.656,0.0,-14.79965591430664
376.04910945892334,0.0,98.648,0.0,-14.798171043395996
376.08419013023376,0.0,98.672,0.0,-14.79738998413086
376.1202895641327,0.0,98.671,0.0,-14.797722816467285
376.1522397994995,0.0,98.676,0.0,-14.798117637634277
376.18776178359985,0.0,98.637,0.0,-14.79747200012207
376.21604585647583,0.0,98.559,0.0,-14.795862197875977
376.24873757362366,0.0,98.55,0.0,-14.792083740234375
376.28062915802,0.0,98.573,0.0,-14.788820266723633
376.3131413459778,0.0,98.567,0.0,-14.785943984985352
376.3455457687378,0.0,98.58,0.0,-14.785866737365723
376.37794494628906,0.0,98.558,0.0,-14.785482406616211
376.40981698036194,0.0,98.562,0.0,-14.783626556396484
376.441175699234,0.0,98.543,0.0,-14.782347679138184
376.4737446308136,0.0,98.545,0.0,-14.781493186950684
376.50539326667786,0.0,98.589,0.0,-14.780420303344727
376.53765082359314,0.0,98.563,0.0,-14.78209114074707
376.56991052627563,0.0,98.574,0.0,-14.782700538635254
376.60092329978943,0.0,98.564,0.0,-14.783206939697266
376.63270020484924,0.0,98.55,0.0,-14.783209800720215
376.66458010673523,0.0,98.523,0.0,-14.781532287597656
376.7046980857849,0.0,98.496,0.0,-14.780278205871582
376.7312572002411,0.0,98.504,0.0,-14.778203964233398
376.7628924846649,0.0,98.52,0.0,-14.775888442993164
376.7960379123688,0.0,98.527,0.0,-14.775931358337402
376.82866621017456,0.0,98.508,0.0,-14.776297569274902
376.86074900627136,0.0,98.491,0.0,-14.77476692199707
376.8894212245941,0.0,98.467,0.0,-14.772979736328125
376.9242992401123,0.0,98.463,0.0,-14.771886825561523
376.95599007606506,0.0,98.454,0.0,-14.770660400390625
376.9877984523773,0.0,98.44,0.0,-14.767836570739746
377.02049136161804,0.0,98.442,0.0,-14.766776084899902
377.0510218143463,0.0,98.432,0.0,-14.76516342163086
377.0840895175934,0.0,98.448,0.0,-14.764385223388672
377.11609983444214,0.0,98.416,0.0,-14.763299942016602
377.1485412120819,0.0,98.422,0.0,-14.762667655944824
377.17996072769165,0.0,98.413,0.0,-14.761174201965332
377.2066035270691,0.0,98.382,0.0,-14.76073932647705
377.247172832489,0.0,98.35,0.0,-14.756621360778809
377.2680289745331,0.0,98.356,0.0,-14.754971504211426
377.29979705810547,0.0,98.303,0.0,-14.751526832580566
377.3323800563812,0.0,98.319,0.0,-14.74892520904541
377.36353969573975,0.0,98.325,0.0,-14.746743202209473
377.3959000110626,0.0,98.337,0.0,-14.74636173248291
377.43699955940247,0.0,98.344,0.0,-14.746831893920898
377.4694344997406,0.0,98.351,0.0,-14.747417449951172
377.5014247894287,0.0,98.358,0.0,-14.748217582702637
377.53482365608215,0.0,98.354,0.0,-14.749176025390625
377.5503103733063,0.0,98.329,0.0,-14.749788284301758
377.5828607082367,0.0,98.283,0.0,-14.749245643615723
377.6137230396271,0.0,98.295,0.0,-14.745668411254883
377.645388841629,0.0,98.292,0.0,-14.744986534118652
377.67583107948303,0.0,98.305,0.0,-14.744121551513672
377.70873975753784,0.0,98.294,0.0,-14.744038581848145
377.7416648864746,0.0,98.287,0.0,-14.74291706085205
377.77245593070984,0.0,98.283,0.0,-14.742294311523438
377.7998025417328,0.0,98.251,0.0,-14.741472244262695
377.83790612220764,0.0,98.233,0.0,-14.737977981567383
377.8667929172516,0.0,98.227,0.0,-14.736276626586914
377.8985502719879,0.0,98.244,0.0,-14.735721588134766
377.92995047569275,0.0,98.212,0.0,-14.734835624694824
377.97012996673584,0.0,98.185,0.0,-14.73112678527832
378.00167441368103,0.0,98.184,0.0,-14.729412078857422
378.0331826210022,0.0,98.165,0.0,-14.727638244628906
378.063839673996,0.0,98.149,0.0,-14.724846839904785
378.0890896320343,0.0,98.117,0.0,-14.723320960998535
378.12008714675903,0.0,98.105,0.0,-14.720858573913574
378.1441569328308,0.0,98.103,0.0,-14.718515396118164
378.18417048454285,0.0,98.111,0.0,-14.716689109802246
378.2158000469208,0.0,98.134,0.0,-14.715822219848633
378.24738478660583,0.0,98.133,0.0,-14.716123580932617
378.2787239551544,0.0,98.131,0.0,-14.716377258300781
378.3137364387512,0.0,98.124,0.0,-14.716438293457031
378.3431763648987,0.0,98.1,0.0,-14.715982437133789
378.37484312057495,0.0,98.094,0.0,-14.715089797973633
378.407258272171,0.0,98.1,0.0,-14.714193344116211
378.4386079311371,0.0,98.099,0.0,-14.713494300842285
378.4713068008423,0.0,98.114,0.0,-14.714059829711914
378.4931664466858,0.0,98.114,0.0,-14.714410781860352
378.51948165893555,0.0,98.113,0.0,-14.714675903320312
378.5513894557953,0.0,98.092,0.0,-14.71457576751709
378.5876815319061,0.0,98.1,0.0,-14.713886260986328
378.6191303730011,0.0,98.104,0.0,-14.714007377624512
378.65076208114624,0.0,98.112,0.0,-14.714630126953125
378.6781747341156,0.0,98.124,0.0,-14.714966773986816
378.71444296836853,0.0,98.102,0.0,-14.715446472167969
378.74646043777466,0.0,98.125,0.0,-14.716190338134766
378.77041602134705,0.0,98.114,0.0,-14.716315269470215
378.80324721336365,0.0,98.125,0.0,-14.716883659362793
378.83982372283936,0.0,98.117,0.0,-14.717233657836914
378.8713595867157,0.0,98.107,0.0,-14.717273712158203
378.9036545753479,0.0,98.122,0.0,-14.716888427734375
378.9363775253296,0.0,98.125,0.0,-14.71761417388916
378.9671039581299,0.0,98.108,0.0,-14.717496871948242
378.993460893631,0.0,98.083,0.0,-14.717113494873047
379.02333188056946,0.0,98.063,0.0,-14.71576976776123
379.0627987384796,0.0,98.05,0.0,-14.711912155151367
379.11858582496643,0.0,98.049,0.0,-14.708219528198242
379.1453869342804,0.0,98.04,0.0,-14.707551956176758
379.1911675930023,0.0,98.046,0.0,-14.706307411193848
379.2223205566406,0.0,98.035,0.0,-14.705497741699219
379.2533257007599,0.0,98.044,0.0,-14.704987525939941
379.2898516654968,0.0,98.036,0.0,-14.704710960388184
379.32159972190857,0.0,98.03,0.0,-14.704262733459473
379.3543198108673,0.0,98.026,0.0,-14.704113006591797
379.3796727657318,0.0,98.016,0.0,-14.70368766784668
379.4171853065491,0.0,97.99,0.0,-14.701343536376953
379.4503948688507,0.0,97.972,0.0,-14.699362754821777
379.47397112846375,0.0,97.989,0.0,-14.698578834533691
379.50637316703796,0.0,97.99,0.0,-14.698052406311035
379.5401849746704,0.0,97.98,0.0,-14.697683334350586
379.57245087623596,0.0,97.968,0.0,-14.697047233581543
379.600501537323,0.0,97.989,0.0,-14.696084022521973
379.6658413410187,0.0,97.982,0.0,-14.696080207824707
379.69566655158997,0.0,97.961,0.0,-14.696049690246582
379.72715163230896,0.0,97.944,0.0,-14.695170402526855
379.758661031723,0.0,97.956,0.0,-14.693803787231445
379.790323972702,0.0,97.957,0.0,-14.69294548034668
379.82226634025574,0.0,97.938,0.0,-14.692423820495605
379.8548786640167,0.0,97.933,0.0,-14.691546440124512
379.88793778419495,0.0,97.926,0.0,-14.689760208129883
379.9182822704315,0.0,97.907,0.0,-14.688277244567871
379.9501111507416,0.0,97.875,0.0,-14.686492919921875
379.98083090782166,0.0,97.846,0.0,-14.684479713439941
380.01323795318604,0.0,97.852,0.0,-14.679935455322266
380.03992342948914,0.0,97.862,0.0,-14.679008483886719
380.0706934928894,0.0,97.861,0.0,-14.678304672241211
380.1035575866699,0.0,97.841,0.0,-14.67697525024414
380.1345317363739,0.0,97.798,0.0,-14.67503547668457
380.16604709625244,0.0,97.788,0.0,-14.671049118041992
380.2071964740753,0.0,97.822,0.0,-14.6693754196167
380.23935651779175,0.0,97.784,0.0,-14.66916275024414
380.27174043655396,0.0,97.796,0.0,-14.667938232421875
380.3141407966614,0.0,97.747,0.0,-14.66525650024414
380.3384246826172,0.0,97.751,0.0,-14.663705825805664
380.3701479434967,0.0,97.707,0.0,-14.662400245666504
380.4025819301605,0.0,97.722,0.0,-14.659773826599121
380.4345898628235,0.0,97.703,0.0,-14.658437728881836
380.46682596206665,0.0,97.73,0.0,-14.656516075134277
380.4984173774719,0.0,97.713,0.0,-14.656797409057617
380.5298523902893,0.0,97.742,0.0,-14.656027793884277
380.56291484832764,0.0,97.725,0.0,-14.656578063964844
380.5943968296051,0.0,97.718,0.0,-14.656233787536621
380.6255009174347,0.0,97.726,0.0,-14.656351089477539
380.6575245857239,0.0,97.707,0.0,-14.655731201171875
380.6893723011017,0.0,97.73,0.0,-14.655888557434082
380.7214879989624,0.0,97.734,0.0,-14.656587600708008
380.75392389297485,0.0,97.72,0.0,-14.656573295593262
380.7858622074127,0.0,97.707,0.0,-14.655919075012207
380.82181334495544,0.0,97.729,0.0,-14.656246185302734
380.85429072380066,0.0,97.717,0.0,-14.656798362731934
380.8910629749298,0.0,97.727,0.0,-14.656845092773438
380.91833877563477,0.0,97.701,0.0,-14.657235145568848
380.94809770584106,0.0,97.667,0.0,-14.656460762023926
380.9718430042267,0.0,97.648,0.0,-14.654449462890625
381.0041756629944,0.0,97.612,0.0,-14.652114868164062
381.04193687438965,0.0,97.615,0.0,-14.646439552307129
381.06936407089233,0.0,97.619,0.0,-14.645185470581055
381.1000487804413,0.0,97.61,0.0,-14.643884658813477
381.133118391037,0.0,97.617,0.0,-14.642549514770508
381.1654214859009,0.0,97.615,0.0,-14.641294479370117
381.19271326065063,0.0,97.64,0.0,-14.641956329345703
381.22443866729736,0.0,97.624,0.0,-14.643059730529785
381.2614142894745,0.0,97.625,0.0,-14.64273452758789
381.2919716835022,0.0,97.606,0.0,-14.641658782958984
381.32449221611023,0.0,97.601,0.0,-14.640785217285156
381.35639452934265,0.0,97.626,0.0,-14.641109466552734
381.38821029663086,0.0,97.606,0.0,-14.641477584838867
381.4199569225311,0.0,97.587,0.0,-14.639772415161133
381.45229864120483,0.0,97.57,0.0,-14.638175964355469
381.49260115623474,0.0,97.569,0.0,-14.63671588897705
381.52326226234436,0.0,97.568,0.0,-14.635868072509766
381.5562551021576,0.0,97.517,0.0,-14.635205268859863
381.59117555618286,0.0,97.498,0.0,-14.629801750183105
381.6184515953064,0.0,97.488,0.0,-14.627779006958008
381.649943113327,0.0,97.527,0.0,-14.625763893127441
381.6886396408081,0.0,97.525,0.0,-14.625974655151367
381.71989488601685,0.0,97.501,0.0,-14.624909400939941
381.7534980773926,0.0,97.506,0.0,-14.624302864074707
381.78534030914307,0.0,97.479,0.0,-14.624094009399414
381.81684398651123,0.0,97.495,0.0,-14.622597694396973
381.84845495224,0.0,97.455,0.0,-14.621528625488281
381.8815474510193,0.0,97.459,0.0,-14.619991302490234
381.9146273136139,0.0,97.449,0.0,-14.617895126342773
381.94378447532654,0.0,97.471,0.0,-14.617998123168945
381.9792366027832,0.0,97.467,0.0,-14.617412567138672
382.01628613471985,0.0,97.486,0.0,-14.618497848510742
382.0415437221527,0.0,97.487,0.0,-14.61931037902832
382.0698890686035,0.0,97.481,0.0,-14.619718551635742
382.1016321182251,0.0,97.483,0.0,-14.62014389038086
382.1328692436218,0.0,97.462,0.0,-14.620328903198242
382.163489818573,0.0,97.456,0.0,-14.619120597839355
382.19601488113403,0.0,97.441,0.0,-14.618632316589355
382.2283172607422,0.0,97.441,0.0,-14.617647171020508
382.2610659599304,0.0,97.438,0.0,-14.616907119750977
382.2911443710327,0.0,97.415,0.0,-14.615360260009766
382.31909584999084,0.0,97.404,0.0,-14.614123344421387
382.3549997806549,0.0,97.394,0.0,-14.612732887268066
382.3953695297241,0.0,97.394,0.0,-14.609962463378906
382.427946805954,0.0,97.388,0.0,-14.609199523925781
382.45957803726196,0.0,97.383,0.0,-14.608396530151367
382.4916694164276,0.0,97.381,0.0,-14.606945991516113
382.5365288257599,0.0,97.383,0.0,-14.607275009155273
382.56792068481445,0.0,97.37,0.0,-14.606014251708984
382.59931111335754,0.0,97.357,0.0,-14.60498046875
382.63008666038513,0.0,97.357,0.0,-14.604090690612793
382.661696434021,0.0,97.366,0.0,-14.603439331054688
382.69381523132324,0.0,97.35,0.0,-14.602645874023438
382.72620844841003,0.0,97.309,0.0,-14.60041332244873
382.759325504303,0.0,97.298,0.0,-14.599312782287598
382.7895677089691,0.0,97.328,0.0,-14.597452163696289
382.8202428817749,0.0,97.313,0.0,-14.596630096435547
382.8521285057068,0.0,97.33,0.0,-14.596854209899902
382.88411021232605,0.0,97.266,0.0,-14.594381332397461
382.9186177253723,0.0,97.253,0.0,-14.590902328491211
382.9530494213104,0.0,97.255,0.0,-14.589372634887695
382.9764356613159,0.0,97.284,0.0,-14.588327407836914
383.0040521621704,0.0,97.286,0.0,-14.588790893554688
383.0363759994507,0.0,97.293,0.0,-14.589284896850586
383.071293592453,0.0,97.282,0.0,-14.590436935424805
383.1024854183197,0.0,97.269,0.0,-14.5905122756958
383.13455533981323,0.0,97.258,0.0,-14.590055465698242
383.1666667461395,0.0,97.239,0.0,-14.587896347045898
383.19839310646057,0.0,97.224,0.0,-14.586824417114258
383.23152923583984,0.0,97.217,0.0,-14.585441589355469
383.26465582847595,0.0,97.229,0.0,-14.584115028381348
383.29543685913086,0.0,97.237,0.0,-14.583637237548828
383.32837867736816,0.0,97.222,0.0,-14.584097862243652
383.36047434806824,0.0,97.218,0.0,-14.5834379196167
383.3918604850769,0.0,97.159,0.0,-14.579849243164062
383.42446994781494,0.0,97.171,0.0,-14.578113555908203
383.4570965766907,0.0,97.196,0.0,-14.578242301940918
383.48876214027405,0.0,97.193,0.0,-14.578006744384766
383.5213851928711,0.0,97.18,0.0,-14.5770263671875
383.5550606250763,0.0,97.16,0.0,-14.575671195983887
383.59428906440735,0.0,97.203,0.0,-14.577716827392578
383.6253204345703,0.0,97.209,0.0,-14.578116416931152
383.6577560901642,0.0,97.188,0.0,-14.578702926635742
383.6921374797821,0.0,97.181,0.0,-14.578043937683105
383.76798582077026,0.0,97.18,0.0,-14.577790260314941
383.8195466995239,0.0,97.193,0.0,-14.577574729919434
383.8502633571625,0.0,97.18,0.0,-14.577342987060547
383.8807713985443,0.0,97.17,0.0,-14.577052116394043
383.9166078567505,0.0,97.155,0.0,-14.575319290161133
383.94442081451416,0.0,97.135,0.0,-14.573644638061523
383.9768650531769,0.0,97.13,0.0,-14.571950912475586
384.00923895835876,0.0,97.135,0.0,-14.570878028869629
384.0431344509125,0.0,97.136,0.0,-14.569903373718262
384.07548236846924,0.0,97.109,0.0,-14.568503379821777
384.1021909713745,0.0,97.106,0.0,-14.567326545715332
384.1336762905121,0.0,97.079,0.0,-14.566198348999023
384.1666564941406,0.0,97.094,0.0,-14.563819885253906
384.1984169483185,0.0,97.101,0.0,-14.563644409179688
384.2302188873291,0.0,97.114,0.0,-14.563549041748047
384.262535572052,0.0,97.114,0.0,-14.564058303833008
384.2946755886078,0.0,97.087,0.0,-14.56455135345459
384.3262073993683,0.0,97.085,0.0,-14.563788414001465
384.357547044754,0.0,97.098,0.0,-14.563140869140625
384.39047741889954,0.0,97.097,0.0,-14.563212394714355
384.42303800582886,0.0,97.112,0.0,-14.563684463500977
384.4548077583313,0.0,97.097,0.0,-14.564291954040527
384.48729491233826,0.0,97.088,0.0,-14.564149856567383
384.5195400714874,0.0,97.09,0.0,-14.5634126663208
384.5517451763153,0.0,97.103,0.0,-14.562971115112305
384.5939886569977,0.0,97.095,0.0,-14.563488960266113
384.6316909790039,0.0,97.066,0.0,-14.563493728637695
384.6683053970337,0.0,97.042,0.0,-14.560441970825195
384.6996214389801,0.0,97.076,0.0,-14.5604248046875
384.733327627182,0.0,97.051,0.0,-14.559382438659668
384.76940393447876,0.0,97.024,0.0,-14.558533668518066
384.7960674762726,0.0,96.996,0.0,-14.556851387023926
384.8292043209076,0.0,97.014,0.0,-14.554399490356445
384.86164927482605,0.0,97.009,0.0,-14.553289413452148
384.8782870769501,0.0,97.009,0.0,-14.55225658416748
384.9111268520355,0.0,97.042,0.0,-14.551495552062988
384.942590713501,0.0,97.024,0.0,-14.552254676818848
384.9733974933624,0.0,97.018,0.0,-14.551135063171387
385.0061264038086,0.0,97.002,0.0,-14.551140785217285
385.0429148674011,0.0,97.006,0.0,-14.550209999084473
385.0712206363678,0.0,97.013,0.0,-14.550305366516113
385.102974653244,0.0,96.969,0.0,-14.548559188842773
385.13392448425293,0.0,96.935,0.0,-14.546356201171875
385.1671497821808,0.0,96.928,0.0,-14.542174339294434
385.1992063522339,0.0,96.965,0.0,-14.542252540588379
385.2316327095032,0.0,96.969,0.0,-14.542527198791504
385.25537610054016,0.0,96.963,0.0,-14.542529106140137
385.2996332645416,0.0,96.92,0.0,-14.541296005249023
385.33781266212463,0.0,96.91,0.0,-14.53988265991211
385.3710935115814,0.0,96.922,0.0,-14.537728309631348
385.40358448028564,0.0,96.893,0.0,-14.537328720092773
385.4350781440735,0.0,96.912,0.0,-14.535841941833496
385.46888065338135,0.0,96.91,0.0,-14.535249710083008
385.4992878437042,0.0,96.934,0.0,-14.53553295135498
385.5313799381256,0.0,96.931,0.0,-14.536335945129395
385.5634663105011,0.0,96.921,0.0,-14.536864280700684
385.5967586040497,0.0,96.899,0.0,-14.535992622375488
385.62948870658875,0.0,96.877,0.0,-14.535331726074219
385.6592643260956,0.0,96.887,0.0,-14.533921241760254
385.71363377571106,0.0,96.874,0.0,-14.532685279846191
385.7468521595001,0.0,96.891,0.0,-14.5319242477417
385.7777292728424,0.0,96.86,0.0,-14.530720710754395
385.80970430374146,0.0,96.845,0.0,-14.529189109802246
385.84222412109375,0.0,96.818,0.0,-14.525249481201172
385.87407755851746,0.0,96.807,0.0,-14.523938179016113
385.9050614833832,0.0,96.798,0.0,-14.522506713867188
385.937712430954,0.0,96.808,0.0,-14.521069526672363
385.9702215194702,0.0,96.82,0.0,-14.519643783569336
386.000816822052,0.0,96.819,0.0,-14.519927024841309
386.03399419784546,0.0,96.797,0.0,-14.520151138305664
386.0633645057678,0.0,96.778,0.0,-14.519441604614258
386.103298664093,0.0,96.791,0.0,-14.516620635986328
386.13555359840393,0.0,96.785,0.0,-14.516584396362305
386.1709129810333,0.0,96.785,0.0,-14.516204833984375
386.1946048736572,0.0,96.74,0.0,-14.514243125915527
386.233934879303,0.0,96.733,0.0,-14.512052536010742
386.26408553123474,0.0,96.705,0.0,-14.510822296142578
386.2980842590332,0.0,96.728,0.0,-14.508152961730957
386.3291015625,0.0,96.718,0.0,-14.507328987121582
386.36166882514954,0.0,96.717,0.0,-14.505903244018555
386.39468455314636,0.0,96.699,0.0,-14.50550651550293
386.4448039531708,0.0,96.684,0.0,-14.504018783569336
386.4735689163208,0.0,96.714,0.0,-14.50300121307373
386.5061128139496,0.0,96.694,0.0,-14.503520011901855
386.53862833976746,0.0,96.679,0.0,-14.50312614440918
386.57123374938965,0.0,96.662,0.0,-14.502209663391113
386.602055311203,0.0,96.684,0.0,-14.500887870788574
386.6353714466095,0.0,96.676,0.0,-14.500828742980957
386.66903829574585,0.0,96.683,0.0,-14.500550270080566
386.69882225990295,0.0,96.672,0.0,-14.50017261505127
386.72378754615784,0.0,96.642,0.0,-14.49865436553955
386.7561593055725,0.0,96.617,0.0,-14.49730396270752
386.7961313724518,0.0,96.618,0.0,-14.494111061096191
386.8287479877472,0.0,96.615,0.0,-14.492987632751465
386.8608615398407,0.0,96.598,0.0,-14.49186897277832
386.895565032959,0.0,96.591,0.0,-14.48942756652832
386.9238419532776,0.0,96.585,0.0,-14.488545417785645
386.95596647262573,0.0,96.575,0.0,-14.48766040802002
386.9881064891815,0.0,96.558,0.0,-14.486605644226074
387.0203626155853,0.0,96.582,0.0,-14.484029769897461
387.0529589653015,0.0,96.599,0.0,-14.48424243927002
387.0857353210449,0.0,96.605,0.0,-14.485170364379883
387.1198172569275,0.0,96.575,0.0,-14.485746383666992
387.14945554733276,0.0,96.573,0.0,-14.485189437866211
387.183171749115,0.0,96.579,0.0,-14.484959602355957
387.21373987197876,0.0,96.586,0.0,-14.485065460205078
387.24539494514465,0.0,96.566,0.0,-14.484972953796387
387.2888376712799,0.0,96.543,0.0,-14.484612464904785
387.32040143013,0.0,96.567,0.0,-14.483484268188477
387.3517322540283,0.0,96.557,0.0,-14.483160018920898
387.38317680358887,0.0,96.57,0.0,-14.483186721801758
387.41472840309143,0.0,96.564,0.0,-14.483526229858398
387.4560430049896,0.0,96.566,0.0,-14.483685493469238
387.4788815975189,0.0,96.543,0.0,-14.48283576965332
387.5130932331085,0.0,96.547,0.0,-14.4823637008667
387.5456488132477,0.0,96.549,0.0,-14.479988098144531
387.57651948928833,0.0,96.553,0.0,-14.48031234741211
387.6083273887634,0.0,96.562,0.0,-14.480754852294922
387.6401128768921,0.0,96.531,0.0,-14.481494903564453
387.67285799980164,0.0,96.486,0.0,-14.478691101074219
387.7046160697937,0.0,96.504,0.0,-14.47675895690918
387.7373025417328,0.0,96.503,0.0,-14.476046562194824
387.7718241214752,0.0,96.491,0.0,-14.474571228027344
387.8028748035431,0.0,96.462,0.0,-14.473225593566895
387.8355944156647,0.0,96.479,0.0,-14.471671104431152
387.86733770370483,0.0,96.474,0.0,-14.47121810913086
387.8998429775238,0.0,96.467,0.0,-14.470032691955566
387.93230509757996,0.0,96.444,0.0,-14.468589782714844
387.9647045135498,0.0,96.418,0.0,-14.467175483703613
387.9967758655548,0.0,96.416,0.0,-14.463926315307617
388.02925062179565,0.0,96.392,0.0,-14.462858200073242
388.0625524520874,0.0,96.402,0.0,-14.46107292175293
388.0926423072815,0.0,96.431,0.0,-14.460161209106445
388.1248276233673,0.0,96.407,0.0,-14.460466384887695
388.15517497062683,0.0,96.4,0.0,-14.460050582885742
388.18661618232727,0.0,96.376,0.0,-14.459477424621582
388.2125792503357,0.0,96.337,0.0,-14.458066940307617
388.2456912994385,0.0,96.337,0.0,-14.453349113464355
388.27764344215393,0.0,96.367,0.0,-14.452754974365234
388.3090271949768,0.0,96.393,0.0,-14.452685356140137
388.33881068229675,0.0,96.384,0.0,-14.453773498535156
388.3709008693695,0.0,96.348,0.0,-14.453204154968262
388.40261244773865,0.0,96.359,0.0,-14.45287036895752
388.43520164489746,0.0,96.356,0.0,-14.45214557647705
388.46558141708374,0.0,96.375,0.0,-14.45199966430664
388.49960255622864,0.0,96.339,0.0,-14.451798439025879
388.53071904182434,0.0,96.337,0.0,-14.451114654541016
388.5630271434784,0.0,96.328,0.0,-14.450533866882324
388.5956678390503,0.0,96.322,0.0,-14.449406623840332
388.62785840034485,0.0,96.309,0.0,-14.448677062988281
388.660373210907,0.0,96.322,0.0,-14.447598457336426
388.6961953639984,0.0,96.327,0.0,-14.447388648986816
388.72436714172363,0.0,96.31,0.0,-14.44770622253418
388.7566201686859,0.0,96.279,0.0,-14.447013854980469
388.7897446155548,0.0,96.246,0.0,-14.44520378112793
388.82101607322693,0.0,96.221,0.0,-14.439301490783691
388.84755754470825,0.0,96.198,0.0,-14.43594741821289
388.879408121109,0.0,96.191,0.0,-14.433115005493164
388.9158980846405,0.0,96.196,0.0,-14.431112289428711
388.95512342453003,0.0,96.214,0.0,-14.42945671081543
388.9883906841278,0.0,96.203,0.0,-14.429283142089844
389.02033162117004,0.0,96.211,0.0,-14.428805351257324
389.0528607368469,0.0,96.213,0.0,-14.428956985473633
389.0846939086914,0.0,96.213,0.0,-14.429126739501953
389.11685967445374,0.0,96.18,0.0,-14.429305076599121
389.1494393348694,0.0,96.173,0.0,-14.428215026855469
389.1814842224121,0.0,96.139,0.0,-14.427042007446289
389.2130537033081,0.0,96.124,0.0,-14.424747467041016
389.2460572719574,0.0,96.149,0.0,-14.421663284301758
389.27766823768616,0.0,96.21,0.0,-14.421616554260254
389.3103232383728,0.0,96.19,0.0,-14.423730850219727
389.3419930934906,0.0,96.199,0.0,-14.424568176269531
389.3748564720154,0.0,96.169,0.0,-14.425215721130371
389.4060974121094,0.0,96.159,0.0,-14.424501419067383
389.4381060600281,0.0,96.126,0.0,-14.423133850097656
389.47123885154724,0.0,96.103,0.0,-14.419404029846191
389.5021221637726,0.0,96.129,0.0,-14.418866157531738
389.53535556793213,0.0,96.119,0.0,-14.418068885803223
389.57265520095825,0.0,96.074,0.0,-14.41596508026123
389.6058974266052,0.0,96.037,0.0,-14.414052963256836
389.6304612159729,0.0,96.061,0.0,-14.411064147949219
389.6627526283264,0.0,96.064,0.0,-14.409810066223145
389.6956412792206,0.0,96.09,0.0,-14.409553527832031
389.7270681858063,0.0,96.07,0.0,-14.410101890563965
389.7599730491638,0.0,96.042,0.0,-14.409646034240723
389.7922797203064,0.0,96.023,0.0,-14.408158302307129
389.8243305683136,0.0,96.023,0.0,-14.404824256896973
389.85618686676025,0.0,96.028,0.0,-14.403979301452637
389.88926124572754,0.0,96.027,0.0,-14.403753280639648
389.9223234653473,0.0,96.03,0.0,-14.402955055236816
389.9471309185028,0.0,96.03,0.0,-14.40280532836914
389.98730754852295,0.0,96.033,0.0,-14.402856826782227
390.019651889801,0.0,96.054,0.0,-14.404373168945312
390.0511050224304,0.0,96.049,0.0,-14.405055046081543
390.0839595794678,0.0,96.049,0.0,-14.405396461486816
390.11557960510254,0.0,96.043,0.0,-14.405682563781738
390.147563457489,0.0,96.04,0.0,-14.405549049377441
390.17890095710754,0.0,96.04,0.0,-14.405471801757812
390.2107436656952,0.0,96.04,0.0,-14.405426979064941
390.2424840927124,0.0,96.041,0.0,-14.40540599822998
390.2821304798126,0.0,96.04,0.0,-14.405445098876953
390.32271337509155,0.0,96.04,0.0,-14.405734062194824
390.36087703704834,0.0,96.026,0.0,-14.405152320861816
390.3924968242645,0.0,96.011,0.0,-14.404668807983398
390.4249393939972,0.0,96.014,0.0,-14.403045654296875
390.45537972450256,0.0,96.023,0.0,-14.402952194213867
390.4869079589844,0.0,96.011,0.0,-14.402389526367188
390.5228159427643,0.0,96.042,0.0,-14.402668952941895
390.55184960365295,0.0,96.031,0.0,-14.403518676757812
390.5849394798279,0.0,96.022,0.0,-14.40372371673584
390.6212639808655,0.0,96.008,0.0,-14.402767181396484
390.64777421951294,0.0,95.997,0.0,-14.401359558105469
390.6798689365387,0.0,95.965,0.0,-14.40066146850586
390.7121217250824,0.0,95.969,0.0,-14.398792266845703
390.7482793331146,0.0,95.982,0.0,-14.397130012512207
390.7750108242035,0.0,95.975,0.0,-14.3965482711792
390.80747270584106,0.0,95.998,0.0,-14.397005081176758
390.84018993377686,0.0,95.987,0.0,-14.397466659545898
390.8713536262512,0.0,95.988,0.0,-14.397375106811523
390.90348267555237,0.0,95.982,0.0,-14.397135734558105
390.9359436035156,0.0,95.985,0.0,-14.397092819213867
390.96334505081177,0.0,95.992,0.0,-14.397074699401855
390.9888405799866,0.0,96.002,0.0,-14.397369384765625
391.0232136249542,0.0,96.027,0.0,-14.399055480957031
391.05450534820557,0.0,96.008,0.0,-14.400400161743164
391.0945587158203,0.0,95.993,0.0,-14.400643348693848
391.127742767334,0.0,95.963,0.0,-14.399728775024414
391.15913248062134,0.0,95.978,0.0,-14.398231506347656
391.1908676624298,0.0,95.982,0.0,-14.39770793914795
391.2236862182617,0.0,95.972,0.0,-14.396890640258789
391.25518560409546,0.0,95.934,0.0,-14.394848823547363
391.287406206131,0.0,95.93,0.0,-14.392696380615234
391.3196048736572,0.0,95.912,0.0,-14.391472816467285
391.34998774528503,0.0,95.927,0.0,-14.38916015625
391.3834636211395,0.0,95.921,0.0,-14.388447761535645
391.41600131988525,0.0,95.928,0.0,-14.387969970703125
391.4488854408264,0.0,95.937,0.0,-14.388228416442871
391.48063039779663,0.0,95.945,0.0,-14.3888578414917
391.50650000572205,0.0,95.939,0.0,-14.389369010925293
391.5393362045288,0.0,95.936,0.0,-14.389533042907715
391.5702369213104,0.0,95.929,0.0,-14.389551162719727
391.60178422927856,0.0,95.859,0.0,-14.38691520690918
391.63464426994324,0.0,95.852,0.0,-14.384343147277832
391.6677963733673,0.0,95.837,0.0,-14.382087707519531
391.69938111305237,0.0,95.824,0.0,-14.377433776855469
391.7310121059418,0.0,95.851,0.0,-14.377161026000977
391.77453684806824,0.0,95.861,0.0,-14.37674331665039
391.804571390152,0.0,95.882,0.0,-14.377732276916504
391.83725023269653,0.0,95.85,0.0,-14.376770973205566
391.86919474601746,0.0,95.851,0.0,-14.376483917236328
391.9016010761261,0.0,95.848,0.0,-14.376134872436523
391.9339985847473,0.0,95.847,0.0,-14.375967025756836
391.9658913612366,0.0,95.823,0.0,-14.375322341918945
391.9990577697754,0.0,95.827,0.0,-14.373703002929688
392.0309057235718,0.0,95.822,0.0,-14.373369216918945
392.06347918510437,0.0,95.841,0.0,-14.372933387756348
392.0963816642761,0.0,95.84,0.0,-14.373748779296875
392.12826919555664,0.0,95.821,0.0,-14.374067306518555
392.1602656841278,0.0,95.825,0.0,-14.373537063598633
392.192857503891,0.0,95.809,0.0,-14.373315811157227
392.2242455482483,0.0,95.79,0.0,-14.371078491210938
392.25695729255676,0.0,95.784,0.0,-14.37038803100586
392.2887146472931,0.0,95.773,0.0,-14.36924934387207
392.3219187259674,0.0,95.753,0.0,-14.366108894348145
392.3537046909332,0.0,95.71,0.0,-14.36292552947998
392.38580870628357,0.0,95.689,0.0,-14.359747886657715
392.41876578330994,0.0,95.699,0.0,-14.357215881347656
392.45228385925293,0.0,95.713,0.0,-14.355239868164062
392.4884388446808,0.0,95.695,0.0,-14.35466480255127
392.52573466300964,0.0,95.677,0.0,-14.352387428283691
392.5563144683838,0.0,95.664,0.0,-14.350825309753418
392.58476543426514,0.0,95.671,0.0,-14.349676132202148
392.6167047023773,0.0,95.671,0.0,-14.349142074584961
392.6491346359253,0.0,95.696,0.0,-14.349576950073242
392.68147253990173,0.0,95.706,0.0,-14.35028076171875
392.71359395980835,0.0,95.674,0.0,-14.351289749145508
392.74474000930786,0.0,95.669,0.0,-14.350765228271484
392.77720522880554,0.0,95.675,0.0,-14.350021362304688
392.809641122818,0.0,95.656,0.0,-14.348962783813477
392.8421468734741,0.0,95.639,0.0,-14.348344802856445
392.8748528957367,0.0,95.621,0.0,-14.34557056427002
392.9068355560303,0.0,95.656,0.0,-14.345829010009766
392.93848848342896,0.0,95.65,0.0,-14.345645904541016
392.9712104797363,0.0,95.64,0.0,-14.345706939697266
393.0034604072571,0.0,95.597,0.0,-14.343330383300781
393.03635478019714,0.0,95.572,0.0,-14.340737342834473
393.06738781929016,0.0,95.592,0.0,-14.33877182006836
393.100421667099,0.0,95.629,0.0,-14.338239669799805
393.1424570083618,0.0,95.637,0.0,-14.339370727539062
393.1728410720825,0.0,95.624,0.0,-14.341073989868164
393.20848512649536,0.0,95.597,0.0,-14.339308738708496
393.2407910823822,0.0,95.59,0.0,-14.33897876739502
393.27255845069885,0.0,95.573,0.0,-14.337370872497559
393.3052098751068,0.0,95.562,0.0,-14.336770057678223
393.33829617500305,0.0,95.597,0.0,-14.335664749145508
393.374329328537,0.0,95.586,0.0,-14.33637809753418
393.40196418762207,0.0,95.586,0.0,-14.336457252502441
393.43535327911377,0.0,95.535,0.0,-14.33440113067627
393.46612524986267,0.0,95.51,0.0,-14.331199645996094
393.49806475639343,0.0,95.5,0.0,-14.327536582946777
393.528728723526,0.0,95.514,0.0,-14.326770782470703
393.5599048137665,0.0,95.492,0.0,-14.325302124023438
393.59297728538513,0.0,95.452,0.0,-14.324214935302734
393.6227831840515,0.0,95.48,0.0,-14.32174301147461
393.649489402771,0.0,95.497,0.0,-14.31951904296875
393.6821722984314,0.0,95.479,0.0,-14.320170402526855
393.7146739959717,0.0,95.46,0.0,-14.319971084594727
393.75148272514343,0.0,95.443,0.0,-14.317702293395996
393.77730655670166,0.0,95.46,0.0,-14.317617416381836
393.8097758293152,0.0,95.433,0.0,-14.317388534545898
393.84295558929443,0.0,95.479,0.0,-14.316122055053711
393.8733983039856,0.0,95.448,0.0,-14.31793212890625
393.93714809417725,0.0,95.494,0.0,-14.317630767822266
393.97050309181213,0.0,95.482,0.0,-14.319055557250977
394.0017433166504,0.0,95.431,0.0,-14.318668365478516
394.0334072113037,0.0,95.426,0.0,-14.317275047302246
394.06578397750854,0.0,95.392,0.0,-14.316009521484375
394.0968532562256,0.0,95.396,0.0,-14.313627243041992
394.12869453430176,0.0,95.386,0.0,-14.31032943725586
394.16233015060425,0.0,95.407,0.0,-14.309215545654297
394.1955232620239,0.0,95.407,0.0,-14.309152603149414
394.2265634536743,0.0,95.387,0.0,-14.308338165283203
394.25916814804077,0.0,95.381,0.0,-14.307498931884766
394.29110622406006,0.0,95.373,0.0,-14.307013511657715
394.3225350379944,0.0,95.418,0.0,-14.306214332580566
394.3553328514099,0.0,95.402,0.0,-14.307897567749023
394.3875529766083,0.0,95.39,0.0,-14.307711601257324
394.42045426368713,0.0,95.331,0.0,-14.307173728942871
394.45061135292053,0.0,95.358,0.0,-14.304447174072266
394.4824938774109,0.0,95.344,0.0,-14.303803443908691
394.5144066810608,0.0,95.373,0.0,-14.302750587463379
394.54620146751404,0.0,95.358,0.0,-14.303187370300293
394.58690667152405,0.0,95.333,0.0,-14.302545547485352
394.6205790042877,0.0,95.349,0.0,-14.30143928527832
394.64619159698486,0.0,95.321,0.0,-14.301284790039062
394.68351340293884,0.0,95.327,0.0,-14.298859596252441
394.71585869789124,0.0,95.318,0.0,-14.298458099365234
394.7509021759033,0.0,95.301,0.0,-14.296615600585938
394.7798738479614,0.0,95.239,0.0,-14.29312801361084
394.8121123313904,0.0,95.218,0.0,-14.289588928222656
394.84385561943054,0.0,95.233,0.0,-14.285979270935059
394.8770852088928,0.0,95.285,0.0,-14.286142349243164
394.9083471298218,0.0,95.27,0.0,-14.286609649658203
394.94130063056946,0.0,95.262,0.0,-14.286688804626465
394.97544836997986,0.0,95.2,0.0,-14.28579330444336
395.0049421787262,0.0,95.219,0.0,-14.283588409423828
395.04066944122314,0.0,95.199,0.0,-14.28272819519043
395.0700855255127,0.0,95.187,0.0,-14.281270980834961
395.1022779941559,0.0,95.188,0.0,-14.2781400680542
395.1338965892792,0.0,95.18,0.0,-14.27741527557373
395.1662526130676,0.0,95.2,0.0,-14.276573181152344
395.2005491256714,0.0,95.199,0.0,-14.27701187133789
395.23809242248535,0.0,95.209,0.0,-14.277713775634766
395.27030420303345,0.0,95.195,0.0,-14.278214454650879
395.31077694892883,0.0,95.21,0.0,-14.278584480285645
395.33954787254333,0.0,95.195,0.0,-14.278692245483398
395.36441922187805,0.0,95.2,0.0,-14.278507232666016
395.4055151939392,0.0,95.166,0.0,-14.277266502380371
395.43783593177795,0.0,95.159,0.0,-14.275964736938477
395.4702866077423,0.0,95.156,0.0,-14.27481746673584
395.5020315647125,0.0,95.13,0.0,-14.273370742797852
395.5359265804291,0.0,95.123,0.0,-14.271854400634766
395.5660400390625,0.0,95.121,0.0,-14.270421981811523
395.6032118797302,0.0,95.113,0.0,-14.268077850341797
395.6285512447357,0.0,95.15,0.0,-14.26786994934082
395.66083693504333,0.0,95.151,0.0,-14.268632888793945
395.6931903362274,0.0,95.134,0.0,-14.269301414489746
395.72563338279724,0.0,95.134,0.0,-14.269035339355469
395.76663398742676,0.0,95.077,0.0,-14.267851829528809
395.7975170612335,0.0,95.059,0.0,-14.265703201293945
395.8285713195801,0.0,95.05,0.0,-14.261131286621094
395.86139845848083,0.0,95.066,0.0,-14.260157585144043
395.89158296585083,0.0,95.103,0.0,-14.260249137878418
395.92610239982605,0.0,95.101,0.0,-14.261751174926758
395.9567759037018,0.0,95.094,0.0,-14.261979103088379
395.9883985519409,0.0,95.088,0.0,-14.262186050415039
396.02474784851074,0.0,95.037,0.0,-14.260794639587402
396.0655610561371,0.0,95.023,0.0,-14.258955001831055
396.10574102401733,0.0,95.014,0.0,-14.254510879516602
396.1380739212036,0.0,95.013,0.0,-14.253235816955566
396.1700096130371,0.0,95.027,0.0,-14.252252578735352
396.2027268409729,0.0,95.048,0.0,-14.25295639038086
396.2337577342987,0.0,95.032,0.0,-14.253135681152344
396.26622700691223,0.0,95.016,0.0,-14.253141403198242
396.30306911468506,0.0,94.991,0.0,-14.250998497009277
396.33052492141724,0.0,94.986,0.0,-14.249654769897461
396.36280512809753,0.0,94.989,0.0,-14.249072074890137
396.3941926956177,0.0,94.997,0.0,-14.24836540222168
396.42548179626465,0.0,94.999,0.0,-14.248178482055664
396.4578685760498,0.0,94.998,0.0,-14.248161315917969
396.4905731678009,0.0,95.007,0.0,-14.248557090759277
396.52897334098816,0.0,94.988,0.0,-14.248377799987793
396.55460143089294,0.0,94.969,0.0,-14.248004913330078
396.5869209766388,0.0,94.945,0.0,-14.246942520141602
396.6185019016266,0.0,94.949,0.0,-14.245138168334961
396.6510672569275,0.0,94.942,0.0,-14.242875099182129
396.6815490722656,0.0,94.936,0.0,-14.241961479187012
396.71420097351074,0.0,94.952,0.0,-14.241037368774414
396.7396647930145,0.0,94.959,0.0,-14.241031646728516
396.78488063812256,0.0,94.963,0.0,-14.241766929626465
396.8269112110138,0.0,94.932,0.0,-14.241178512573242
396.881135225296,0.0,94.913,0.0,-14.238625526428223
396.9132676124573,0.0,94.928,0.0,-14.237649917602539
396.9440758228302,0.0,94.931,0.0,-14.237641334533691
396.9782176017761,0.0,94.931,0.0,-14.237936973571777
397.00891876220703,0.0,94.928,0.0,-14.23794937133789
397.04372358322144,0.0,94.948,0.0,-14.238320350646973
397.0772659778595,0.0,94.962,0.0,-14.240367889404297
397.1060893535614,0.0,94.967,0.0,-14.241334915161133
397.13907837867737,0.0,94.984,0.0,-14.242300987243652
397.17119455337524,0.0,94.976,0.0,-14.243764877319336
397.20378613471985,0.0,94.969,0.0,-14.245084762573242
397.2350559234619,0.0,94.95,0.0,-14.24527359008789
397.2670295238495,0.0,94.91,0.0,-14.244613647460938
397.30171751976013,0.0,94.912,0.0,-14.240798950195312
397.3271698951721,0.0,94.864,0.0,-14.237539291381836
397.3659784793854,0.0,94.878,0.0,-14.235243797302246
397.3982970714569,0.0,94.881,0.0,-14.233870506286621
397.43058705329895,0.0,94.913,0.0,-14.23363971710205
397.46223425865173,0.0,94.901,0.0,-14.233688354492188
397.50225925445557,0.0,94.893,0.0,-14.233263969421387
397.541380405426,0.0,94.881,0.0,-14.232633590698242
397.5734603404999,0.0,94.87,0.0,-14.232171058654785
397.6054904460907,0.0,94.851,0.0,-14.230914115905762
397.6384446620941,0.0,94.856,0.0,-14.229655265808105
397.67069578170776,0.0,94.864,0.0,-14.228918075561523
397.7037706375122,0.0,94.824,0.0,-14.22690486907959
397.73639369010925,0.0,94.79,0.0,-14.224738121032715
397.76691150665283,0.0,94.789,0.0,-14.222468376159668
397.7986190319061,0.0,94.807,0.0,-14.220712661743164
397.83181405067444,0.0,94.8,0.0,-14.219481468200684
397.87236618995667,0.0,94.834,0.0,-14.219131469726562
397.9043197631836,0.0,94.822,0.0,-14.220576286315918
397.9368221759796,0.0,94.826,0.0,-14.221063613891602
397.9695575237274,0.0,94.77,0.0,-14.219876289367676
397.9998323917389,0.0,94.763,0.0,-14.218231201171875
398.0321207046509,0.0,94.757,0.0,-14.21529769897461
398.0649063587189,0.0,94.768,0.0,-14.214254379272461
398.0958242416382,0.0,94.751,0.0,-14.213951110839844
398.12911677360535,0.0,94.747,0.0,-14.211837768554688
398.16126585006714,0.0,94.707,0.0,-14.211323738098145
398.19312357902527,0.0,94.712,0.0,-14.209288597106934
398.2334694862366,0.0,94.715,0.0,-14.207077026367188
398.25757241249084,0.0,94.727,0.0,-14.206478118896484
398.2854640483856,0.0,94.713,0.0,-14.206567764282227
398.32309889793396,0.0,94.711,0.0,-14.206093788146973
398.35559821128845,0.0,94.685,0.0,-14.204318046569824
398.38736963272095,0.0,94.707,0.0,-14.204227447509766
398.41477727890015,0.0,94.705,0.0,-14.20411491394043
398.4464445114136,0.0,94.681,0.0,-14.203813552856445
398.4787425994873,0.0,94.622,0.0,-14.199684143066406
398.51057171821594,0.0,94.603,0.0,-14.196471214294434
398.542697429657,0.0,94.576,0.0,-14.194036483764648
398.57494163513184,0.0,94.657,0.0,-14.191078186035156
398.60649514198303,0.0,94.64,0.0,-14.191903114318848
398.6384913921356,0.0,94.641,0.0,-14.192306518554688
398.67054891586304,0.0,94.636,0.0,-14.192713737487793
398.7024247646332,0.0,94.652,0.0,-14.193697929382324
398.7338252067566,0.0,94.634,0.0,-14.194378852844238
398.76626658439636,0.0,94.604,0.0,-14.194181442260742
398.7977030277252,0.0,94.562,0.0,-14.192798614501953
398.82974886894226,0.0,94.548,0.0,-14.187273979187012
398.86191964149475,0.0,94.55,0.0,-14.185297012329102
398.89369773864746,0.0,94.578,0.0,-14.184154510498047
398.93495631217957,0.0,94.593,0.0,-14.18484878540039
398.96471214294434,0.0,94.618,0.0,-14.18647575378418
399.00477170944214,0.0,94.597,0.0,-14.187596321105957
399.03822588920593,0.0,94.592,0.0,-14.187602996826172
399.0691156387329,0.0,94.547,0.0,-14.18574047088623
399.10454845428467,0.0,94.569,0.0,-14.1847505569458
399.13352370262146,0.0,94.582,0.0,-14.184540748596191
399.1657774448395,0.0,94.602,0.0,-14.184951782226562
399.19736766815186,0.0,94.535,0.0,-14.186134338378906
399.2292356491089,0.0,94.523,0.0,-14.183158874511719
399.2618181705475,0.0,94.532,0.0,-14.181495666503906
399.293719291687,0.0,94.541,0.0,-14.180615425109863
399.3291115760803,0.0,94.522,0.0,-14.179366111755371
399.3575279712677,0.0,94.527,0.0,-14.178851127624512
399.39003109931946,0.0,94.479,0.0,-14.178651809692383
399.4216978549957,0.0,94.498,0.0,-14.17634391784668
399.45402669906616,0.0,94.482,0.0,-14.174017906188965
399.5038616657257,0.0,94.501,0.0,-14.173076629638672
399.5364668369293,0.0,94.482,0.0,-14.172348976135254
399.5682647228241,0.0,94.506,0.0,-14.172831535339355
399.6050386428833,0.0,94.506,0.0,-14.17287540435791
399.63132309913635,0.0,94.521,0.0,-14.173968315124512
399.6726896762848,0.0,94.504,0.0,-14.174124717712402
399.70472621917725,0.0,94.486,0.0,-14.174983978271484
399.72692227363586,0.0,94.456,0.0,-14.174210548400879
399.76052379608154,0.0,94.443,0.0,-14.172368049621582
399.7927830219269,0.0,94.443,0.0,-14.170415878295898
399.8286497592926,0.0,94.459,0.0,-14.16848373413086
399.85815501213074,0.0,94.472,0.0,-14.16833782196045
399.8895342350006,0.0,94.477,0.0,-14.168632507324219
399.9215624332428,0.0,94.492,0.0,-14.169097900390625
399.9540650844574,0.0,94.509,0.0,-14.171629905700684
399.98945665359497,0.0,94.435,0.0,-14.171221733093262
400.0205454826355,0.0,94.442,0.0,-14.169404983520508
400.0554792881012,0.0,94.393,0.0,-14.16541862487793
400.08451533317566,0.0,94.382,0.0,-14.162748336791992
400.115914106369,0.0,94.39,0.0,-14.161052703857422
400.1477482318878,0.0,94.385,0.0,-14.158646583557129
400.17983841896057,0.0,94.418,0.0,-14.157111167907715
400.2111985683441,0.0,94.411,0.0,-14.15804672241211
400.2424864768982,0.0,94.417,0.0,-14.158519744873047
400.2798116207123,0.0,94.401,0.0,-14.159040451049805
400.30728816986084,0.0,94.369,0.0,-14.158042907714844
400.3394384384155,0.0,94.36,0.0,-14.156881332397461
400.37191104888916,0.0,94.318,0.0,-14.155635833740234
400.40364718437195,0.0,94.329,0.0,-14.151361465454102
400.4286518096924,0.0,94.295,0.0,-14.148754119873047
400.459534406662,0.0,94.278,0.0,-14.146072387695312
400.49281764030457,0.0,94.311,0.0,-14.145483016967773
400.52231431007385,0.0,94.329,0.0,-14.145042419433594
400.5635437965393,0.0,94.346,0.0,-14.14664363861084
400.595755815506,0.0,94.345,0.0,-14.14781379699707
400.6278760433197,0.0,94.345,0.0,-14.148995399475098
400.6592946052551,0.0,94.346,0.0,-14.149476051330566
400.691606760025,0.0,94.329,0.0,-14.14915657043457
400.7231225967407,0.0,94.329,0.0,-14.148930549621582
400.755494594574,0.0,94.281,0.0,-14.147836685180664
400.78844714164734,0.0,94.272,0.0,-14.145955085754395
400.8197159767151,0.0,94.268,0.0,-14.144145965576172
400.8533341884613,0.0,94.268,0.0,-14.141453742980957
400.88468384742737,0.0,94.224,0.0,-14.13921070098877
400.91698932647705,0.0,94.232,0.0,-14.137054443359375
400.9497630596161,0.0,94.215,0.0,-14.13576889038086
400.9803602695465,0.0,94.258,0.0,-14.134684562683105
401.01333951950073,0.0,94.279,0.0,-14.1355562210083
401.05033588409424,0.0,94.27,0.0,-14.136777877807617
401.0895824432373,0.0,94.24,0.0,-14.136617660522461
401.1169784069061,0.0,94.245,0.0,-14.136266708374023
401.15982127189636,0.0,94.242,0.0,-14.135217666625977
401.19065594673157,0.0,94.235,0.0,-14.135143280029297
401.2224588394165,0.0,94.235,0.0,-14.134819030761719
401.2568709850311,0.0,94.229,0.0,-14.134278297424316
401.28840136528015,0.0,94.22,0.0,-14.133973121643066
401.3203296661377,0.0,94.193,0.0,-14.133382797241211
401.35757207870483,0.0,94.156,0.0,-14.129077911376953
401.3837170600891,0.0,94.148,0.0,-14.125774383544922
401.41649532318115,0.0,94.151,0.0,-14.124143600463867
401.44952487945557,0.0,94.175,0.0,-14.123056411743164
401.48184037208557,0.0,94.158,0.0,-14.12277603149414
401.51208901405334,0.0,94.147,0.0,-14.121973037719727
401.54379081726074,0.0,94.11,0.0,-14.12055778503418
401.57205843925476,0.0,94.11,0.0,-14.118794441223145
401.5977294445038,0.0,94.086,0.0,-14.117478370666504
401.631600856781,0.0,94.104,0.0,-14.114786148071289
401.6626477241516,0.0,94.093,0.0,-14.113823890686035
401.69500494003296,0.0,94.107,0.0,-14.11372184753418
401.72719502449036,0.0,94.09,0.0,-14.11369514465332
401.7586078643799,0.0,94.119,0.0,-14.113691329956055
401.82263469696045,0.0,94.092,0.0,-14.114823341369629
401.85644912719727,0.0,94.058,0.0,-14.112180709838867
401.88726353645325,0.0,94.071,0.0,-14.111259460449219
401.9206578731537,0.0,94.042,0.0,-14.109912872314453
401.9522268772125,0.0,94.009,0.0,-14.10836410522461
401.9847927093506,0.0,94.001,0.0,-14.103565216064453
402.01455426216125,0.0,94.026,0.0,-14.102922439575195
402.04818964004517,0.0,94.076,0.0,-14.104033470153809
402.0823357105255,0.0,94.085,0.0,-14.107030868530273
402.10594964027405,0.0,94.065,0.0,-14.108255386352539
402.13189482688904,0.0,94.059,0.0,-14.10838794708252
402.16324973106384,0.0,94.048,0.0,-14.108259201049805
402.1955530643463,0.0,94.017,0.0,-14.107715606689453
402.22616600990295,0.0,93.997,0.0,-14.106012344360352
402.2582290172577,0.0,94.019,0.0,-14.101202964782715
402.2908847332001,0.0,94.045,0.0,-14.101143836975098
402.3232777118683,0.0,94.072,0.0,-14.102227210998535
402.35570526123047,0.0,94.045,0.0,-14.1046724319458
402.38599491119385,0.0,94.023,0.0,-14.104106903076172
402.4183223247528,0.0,94.009,0.0,-14.103477478027344
402.45054745674133,0.0,94.021,0.0,-14.102630615234375
402.4825942516327,0.0,94.03,0.0,-14.102795600891113
402.5222330093384,0.0,94.008,0.0,-14.102119445800781
402.57525086402893,0.0,93.982,0.0,-14.099502563476562
402.60604214668274,0.0,94.001,0.0,-14.09812068939209
402.6382384300232,0.0,94.017,0.0,-14.098325729370117
402.6714518070221,0.0,94.035,0.0,-14.099181175231934
402.7032473087311,0.0,94.033,0.0,-14.100621223449707
402.734849691391,0.0,93.958,0.0,-14.101350784301758
402.76697540283203,0.0,93.947,0.0,-14.099099159240723
402.79997158050537,0.0,93.964,0.0,-14.096907615661621
402.83131194114685,0.0,93.99,0.0,-14.096318244934082
402.86357259750366,0.0,93.97,0.0,-14.09579086303711
402.89661598205566,0.0,93.913,0.0,-14.094860076904297
402.9284508228302,0.0,93.887,0.0,-14.092315673828125
402.9594883918762,0.0,93.916,0.0,-14.088193893432617
402.9920608997345,0.0,93.914,0.0,-14.087309837341309
403.02396059036255,0.0,93.939,0.0,-14.088810920715332
403.0560164451599,0.0,93.925,0.0,-14.088447570800781
403.08733010292053,0.0,93.923,0.0,-14.088114738464355
403.1207854747772,0.0,93.893,0.0,-14.08780288696289
403.151654958725,0.0,93.899,0.0,-14.086332321166992
403.18305683135986,0.0,93.916,0.0,-14.085143089294434
403.21542167663574,0.0,93.936,0.0,-14.085338592529297
403.23912596702576,0.0,93.94,0.0,-14.086359977722168
403.281690120697,0.0,93.911,0.0,-14.086907386779785
403.31223821640015,0.0,93.902,0.0,-14.085664749145508
403.345636844635,0.0,93.898,0.0,-14.0852689743042
403.3776798248291,0.0,93.887,0.0,-14.084816932678223
403.4101002216339,0.0,93.885,0.0,-14.083355903625488
403.4415099620819,0.0,93.86,0.0,-14.081977844238281
403.4736227989197,0.0,93.871,0.0,-14.080769538879395
403.50698161125183,0.0,93.874,0.0,-14.080141067504883
403.5390594005585,0.0,93.874,0.0,-14.080026626586914
403.5702497959137,0.0,93.878,0.0,-14.080133438110352
403.6020939350128,0.0,93.888,0.0,-14.080913543701172
403.63396406173706,0.0,93.885,0.0,-14.08146858215332
403.66753029823303,0.0,93.89,0.0,-14.081624984741211
403.699490070343,0.0,93.891,0.0,-14.08197021484375
403.73272728919983,0.0,93.883,0.0,-14.082507133483887
403.7629346847534,0.0,93.876,0.0,-14.082387924194336
403.79398012161255,0.0,93.864,0.0,-14.082010269165039
403.82675194740295,0.0,93.834,0.0,-14.081222534179688
403.85925459861755,0.0,93.83,0.0,-14.077770233154297
403.89018750190735,0.0,93.797,0.0,-14.076054573059082
403.92200469970703,0.0,93.807,0.0,-14.073870658874512
403.9582004547119,0.0,93.795,0.0,-14.071203231811523
403.9959797859192,0.0,93.81,0.0,-14.069884300231934
404.0297567844391,0.0,93.823,0.0,-14.069786071777344
404.0613362789154,0.0,93.81,0.0,-14.070178985595703
404.0947606563568,0.0,93.804,0.0,-14.069869995117188
404.12644267082214,0.0,93.786,0.0,-14.070292472839355
404.15830969810486,0.0,93.786,0.0,-14.069561958312988
404.18977975845337,0.0,93.803,0.0,-14.068746566772461
404.2227735519409,0.0,93.746,0.0,-14.068856239318848
404.25331711769104,0.0,93.765,0.0,-14.066573143005371
404.2847716808319,0.0,93.75,0.0,-14.064940452575684
404.31633138656616,0.0,93.77,0.0,-14.063806533813477
404.34867095947266,0.0,93.777,0.0,-14.063804626464844
404.3839294910431,0.0,93.784,0.0,-14.064708709716797
404.41319823265076,0.0,93.767,0.0,-14.064468383789062
404.44530868530273,0.0,93.773,0.0,-14.06401252746582
404.47794675827026,0.0,93.764,0.0,-14.064230918884277
404.510133266449,0.0,93.77,0.0,-14.064172744750977
404.5437548160553,0.0,93.756,0.0,-14.063703536987305
404.57471895217896,0.0,93.757,0.0,-14.062646865844727
404.60851550102234,0.0,93.748,0.0,-14.062215805053711
404.63817048072815,0.0,93.738,0.0,-14.061515808105469
404.6864683628082,0.0,93.691,0.0,-14.059127807617188
404.70749020576477,0.0,93.677,0.0,-14.05722427368164
404.7405548095703,0.0,93.687,0.0,-14.055194854736328
404.7717561721802,0.0,93.674,0.0,-14.054080963134766
404.8039629459381,0.0,93.657,0.0,-14.052712440490723
404.83601331710815,0.0,93.665,0.0,-14.05002212524414
404.8681962490082,0.0,93.643,0.0,-14.049325942993164
404.9011402130127,0.0,93.662,0.0,-14.047908782958984
404.9334828853607,0.0,93.666,0.0,-14.047677993774414
404.96455693244934,0.0,93.658,0.0,-14.048072814941406
404.99744987487793,0.0,93.648,0.0,-14.047745704650879
405.0296094417572,0.0,93.624,0.0,-14.047109603881836
405.06082940101624,0.0,93.615,0.0,-14.044172286987305
405.0947895050049,0.0,93.626,0.0,-14.043535232543945
405.12540769577026,0.0,93.616,0.0,-14.041655540466309
405.15868377685547,0.0,93.608,0.0,-14.040651321411133
405.1906135082245,0.0,93.575,0.0,-14.03884220123291
405.20696330070496,0.0,93.585,0.0,-14.037908554077148
405.2377917766571,0.0,93.56,0.0,-14.036182403564453
405.26865553855896,0.0,93.555,0.0,-14.034895896911621
405.30340814590454,0.0,93.586,0.0,-14.03374195098877
405.33585572242737,0.0,93.62,0.0,-14.034945487976074
405.3753294944763,0.0,93.618,0.0,-14.036654472351074
405.40616178512573,0.0,93.593,0.0,-14.037927627563477
405.4322714805603,0.0,93.562,0.0,-14.036582946777344
405.46246361732483,0.0,93.574,0.0,-14.034503936767578
405.49494218826294,0.0,93.571,0.0,-14.034521102905273
405.5276598930359,0.0,93.598,0.0,-14.034439086914062
405.55973625183105,0.0,93.591,0.0,-14.036118507385254
405.5921440124512,0.0,93.601,0.0,-14.037301063537598
405.6232225894928,0.0,93.584,0.0,-14.03793716430664
405.6556053161621,0.0,93.58,0.0,-14.037724494934082
405.6873800754547,0.0,93.547,0.0,-14.035775184631348
405.71846103668213,0.0,93.539,0.0,-14.03419303894043
405.7516577243805,0.0,93.518,0.0,-14.032358169555664
405.7841286659241,0.0,93.497,0.0,-14.028579711914062
405.80991530418396,0.0,93.504,0.0,-14.027260780334473
405.83788418769836,0.0,93.5,0.0,-14.02610969543457
405.87056255340576,0.0,93.499,0.0,-14.025259017944336
405.90124440193176,0.0,93.506,0.0,-14.024599075317383
405.9342894554138,0.0,93.446,0.0,-14.024031639099121
405.9661600589752,0.0,93.412,0.0,-14.021540641784668
405.99889087677,0.0,93.384,0.0,-14.018226623535156
406.0348138809204,0.0,93.388,0.0,-14.011907577514648
406.0602569580078,0.0,93.418,0.0,-14.011200904846191
406.084397315979,0.0,93.423,0.0,-14.010931968688965
406.1297678947449,0.0,93.424,0.0,-14.011335372924805
406.1610035896301,0.0,93.434,0.0,-14.011575698852539
406.1946885585785,0.0,93.458,0.0,-14.012922286987305
406.2258839607239,0.0,93.447,0.0,-14.013293266296387
406.2593569755554,0.0,93.456,0.0,-14.014727592468262
406.2906234264374,0.0,93.428,0.0,-14.014243125915527
406.32396149635315,0.0,93.428,0.0,-14.013893127441406
406.3562378883362,0.0,93.387,0.0,-14.013647079467773
406.38836884498596,0.0,93.384,0.0,-14.011038780212402
406.4213762283325,0.0,93.364,0.0,-14.009668350219727
406.45141792297363,0.0,93.374,0.0,-14.007801055908203
406.4852867126465,0.0,93.374,0.0,-14.006086349487305
406.51514744758606,0.0,93.381,0.0,-14.00568962097168
406.5486145019531,0.0,93.347,0.0,-14.005589485168457
406.57970666885376,0.0,93.347,0.0,-14.004120826721191
406.6130440235138,0.0,93.288,0.0,-13.999733924865723
406.64394521713257,0.0,93.247,0.0,-13.997152328491211
406.67692613601685,0.0,93.25,0.0,-13.993570327758789
406.71029472351074,0.0,93.279,0.0,-13.990275382995605
406.74079728126526,0.0,93.286,0.0,-13.99008846282959
406.7743389606476,0.0,93.313,0.0,-13.990639686584473
406.8047173023224,0.0,93.321,0.0,-13.991630554199219
406.84634923934937,0.0,93.3,0.0,-13.99284553527832
406.8715968132019,0.0,93.289,0.0,-13.992467880249023
406.9047849178314,0.0,93.283,0.0,-13.99221420288086
406.93734908103943,0.0,93.266,0.0,-13.99155044555664
406.9687418937683,0.0,93.249,0.0,-13.990642547607422
407.0006847381592,0.0,93.249,0.0,-13.989261627197266
407.0332601070404,0.0,93.261,0.0,-13.987970352172852
407.06498885154724,0.0,93.285,0.0,-13.987346649169922
407.0969407558441,0.0,93.25,0.0,-13.988370895385742
407.1290018558502,0.0,93.253,0.0,-13.987726211547852
407.16102600097656,0.0,93.2,0.0,-13.9849214553833
407.1931254863739,0.0,93.204,0.0,-13.983220100402832
407.225692987442,0.0,93.193,0.0,-13.982109069824219
407.25861501693726,0.0,93.213,0.0,-13.980425834655762
407.29066038131714,0.0,93.213,0.0,-13.98028564453125
407.3225562572479,0.0,93.186,0.0,-13.979084968566895
407.353755235672,0.0,93.189,0.0,-13.978616714477539
407.38677525520325,0.0,93.137,0.0,-13.975381851196289
407.4106650352478,0.0,93.151,0.0,-13.973398208618164
407.45429253578186,0.0,93.153,0.0,-13.972500801086426
407.4846353530884,0.0,93.183,0.0,-13.971434593200684
407.5567479133606,0.0,93.141,0.0,-13.97240161895752
407.5869538784027,0.0,93.108,0.0,-13.96953010559082
407.61957812309265,0.0,93.081,0.0,-13.967132568359375
407.65178656578064,0.0,93.091,0.0,-13.965072631835938
407.68424463272095,0.0,93.098,0.0,-13.963431358337402
407.715115070343,0.0,93.103,0.0,-13.963293075561523
407.747097492218,0.0,93.138,0.0,-13.96302604675293
407.7794530391693,0.0,93.115,0.0,-13.964547157287598
407.81299090385437,0.0,93.1,0.0,-13.964400291442871
407.84507036209106,0.0,93.115,0.0,-13.964755058288574
407.8765244483948,0.0,93.115,0.0,-13.96354866027832
407.9100811481476,0.0,93.115,0.0,-13.964658737182617
407.9388861656189,0.0,93.081,0.0,-13.963643074035645
407.9649815559387,0.0,93.079,0.0,-13.962882041931152
407.9971182346344,0.0,93.067,0.0,-13.962236404418945
408.029114484787,0.0,93.049,0.0,-13.961258888244629
408.0643343925476,0.0,93.089,0.0,-13.960127830505371
408.0932216644287,0.0,93.087,0.0,-13.960641860961914
408.12552762031555,0.0,93.097,0.0,-13.960981369018555
408.1610233783722,0.0,93.065,0.0,-13.960908889770508
408.1899182796478,0.0,93.048,0.0,-13.959610939025879
408.2292172908783,0.0,93.021,0.0,-13.957536697387695
408.26199221611023,0.0,93.021,0.0,-13.954694747924805
408.28599095344543,0.0,93.021,0.0,-13.953784942626953
408.32516622543335,0.0,93.045,0.0,-13.953116416931152
408.36097717285156,0.0,93.002,0.0,-13.952280044555664
408.390620470047,0.0,92.993,0.0,-13.95088005065918
408.42100715637207,0.0,92.958,0.0,-13.947860717773438
408.45379400253296,0.0,92.957,0.0,-13.94607162475586
408.4857487678528,0.0,92.992,0.0,-13.945148468017578
408.52122139930725,0.0,93.008,0.0,-13.946221351623535
408.55303835868835,0.0,92.949,0.0,-13.945497512817383
408.585791349411,0.0,92.942,0.0,-13.942754745483398
408.6171724796295,0.0,92.963,0.0,-13.942644119262695
408.6502103805542,0.0,92.958,0.0,-13.942390441894531
408.68124127388,0.0,92.95,0.0,-13.942863464355469
408.7137506008148,0.0,92.892,0.0,-13.942643165588379
408.7450442314148,0.0,92.931,0.0,-13.939756393432617
408.7779002189636,0.0,92.906,0.0,-13.939196586608887
408.81184816360474,0.0,92.928,0.0,-13.937601089477539
408.8420386314392,0.0,92.928,0.0,-13.937984466552734
408.8747491836548,0.0,92.917,0.0,-13.937856674194336
408.90627694129944,0.0,92.894,0.0,-13.937329292297363
408.9630501270294,0.0,92.881,0.0,-13.934244155883789
408.99055790901184,0.0,92.864,0.0,-13.933162689208984
409.0371687412262,0.0,92.879,0.0,-13.93114948272705
409.066130399704,0.0,92.897,0.0,-13.931055068969727
409.0965564250946,0.0,92.882,0.0,-13.931525230407715
409.128276348114,0.0,92.881,0.0,-13.931295394897461
409.16060304641724,0.0,92.848,0.0,-13.929606437683105
409.1928644180298,0.0,92.86,0.0,-13.92898178100586
409.22495460510254,0.0,92.865,0.0,-13.92924690246582
409.26139855384827,0.0,92.876,0.0,-13.929264068603516
409.28955578804016,0.0,92.865,0.0,-13.92905044555664
409.3218295574188,0.0,92.845,0.0,-13.928070068359375
409.3539900779724,0.0,92.828,0.0,-13.927337646484375
409.38651633262634,0.0,92.832,0.0,-13.925145149230957
409.417329788208,0.0,92.833,0.0,-13.9246187210083
409.4491205215454,0.0,92.839,0.0,-13.924284934997559
409.4868950843811,0.0,92.843,0.0,-13.92452621459961
409.5121605396271,0.0,92.836,0.0,-13.924678802490234
409.546861410141,0.0,92.829,0.0,-13.924569129943848
409.5790374279022,0.0,92.848,0.0,-13.924212455749512
409.6102440357208,0.0,92.842,0.0,-13.924945831298828
409.6433787345886,0.0,92.848,0.0,-13.92569637298584
409.67435359954834,0.0,92.833,0.0,-13.925954818725586
409.696072101593,0.0,92.839,0.0,-13.925537109375
409.7304689884186,0.0,92.834,0.0,-13.925475120544434
409.7620222568512,0.0,92.841,0.0,-13.925342559814453
409.7940812110901,0.0,92.853,0.0,-13.925944328308105
409.82597970962524,0.0,92.84,0.0,-13.925871849060059
409.8578405380249,0.0,92.835,0.0,-13.926326751708984
409.8900566101074,0.0,92.846,0.0,-13.92616081237793
409.92197012901306,0.0,92.835,0.0,-13.926313400268555
409.9547109603882,0.0,92.836,0.0,-13.925972938537598
409.9866142272949,0.0,92.838,0.0,-13.925968170166016
410.01888394355774,0.0,92.838,0.0,-13.925844192504883
410.0504779815674,0.0,92.828,0.0,-13.925752639770508
410.0820553302765,0.0,92.824,0.0,-13.925264358520508
410.1143479347229,0.0,92.809,0.0,-13.923263549804688
410.1453607082367,0.0,92.786,0.0,-13.922562599182129
410.1787531375885,0.0,92.779,0.0,-13.92106819152832
410.2117156982422,0.0,92.778,0.0,-13.91850471496582
410.24259090423584,0.0,92.785,0.0,-13.917949676513672
410.27418398857117,0.0,92.773,0.0,-13.91750431060791
410.3057072162628,0.0,92.784,0.0,-13.916723251342773
410.3386342525482,0.0,92.771,0.0,-13.915997505187988
410.38819122314453,0.0,92.751,0.0,-13.913745880126953
410.4132070541382,0.0,92.726,0.0,-13.911977767944336
410.4535653591156,0.0,92.727,0.0,-13.910685539245605
410.4848208427429,0.0,92.743,0.0,-13.910562515258789
410.5168421268463,0.0,92.732,0.0,-13.910194396972656
410.5492730140686,0.0,92.722,0.0,-13.909656524658203
410.57718682289124,0.0,92.693,0.0,-13.908851623535156
410.60110092163086,0.0,92.709,0.0,-13.90704345703125
410.63761472702026,0.0,92.733,0.0,-13.9068603515625
410.66433668136597,0.0,92.705,0.0,-13.905776977539062
410.697514295578,0.0,92.692,0.0,-13.905308723449707
410.7294616699219,0.0,92.677,0.0,-13.904435157775879
410.7620646953583,0.0,92.709,0.0,-13.903558731079102
410.7915053367615,0.0,92.713,0.0,-13.904067993164062
410.8241562843323,0.0,92.697,0.0,-13.90507984161377
410.85652709007263,0.0,92.704,0.0,-13.90462875366211
410.8893165588379,0.0,92.68,0.0,-13.903583526611328
410.9213869571686,0.0,92.68,0.0,-13.902823448181152
410.95357394218445,0.0,92.671,0.0,-13.902848243713379
410.9861648082733,0.0,92.629,0.0,-13.899470329284668
411.01897072792053,0.0,92.619,0.0,-13.897181510925293
411.0503442287445,0.0,92.635,0.0,-13.8961181640625
411.1142635345459,0.0,92.606,0.0,-13.891495704650879
411.1512610912323,0.0,92.574,0.0,-13.890678405761719
411.18261194229126,0.0,92.588,0.0,-13.888751029968262
411.21493554115295,0.0,92.594,0.0,-13.888005256652832
411.24737310409546,0.0,92.608,0.0,-13.887674331665039
411.27951550483704,0.0,92.608,0.0,-13.888052940368652
411.313111782074,0.0,92.598,0.0,-13.888265609741211
411.3440742492676,0.0,92.591,0.0,-13.888920783996582
411.3770258426666,0.0,92.605,0.0,-13.888450622558594
411.4092583656311,0.0,92.566,0.0,-13.888704299926758
411.44235706329346,0.0,92.605,0.0,-13.887861251831055
411.4728727340698,0.0,92.595,0.0,-13.88728141784668
411.50520420074463,0.0,92.592,0.0,-13.887487411499023
411.5392200946808,0.0,92.586,0.0,-13.887360572814941
411.5683526992798,0.0,92.592,0.0,-13.887490272521973
411.59888339042664,0.0,92.579,0.0,-13.887063980102539
411.63207626342773,0.0,92.56,0.0,-13.886669158935547
411.66797280311584,0.0,92.567,0.0,-13.885208129882812
411.7004544734955,0.0,92.553,0.0,-13.884873390197754
411.7320189476013,0.0,92.556,0.0,-13.884048461914062
411.76503920555115,0.0,92.566,0.0,-13.883957862854004
411.7960503101349,0.0,92.56,0.0,-13.883953094482422
411.8374590873718,0.0,92.563,0.0,-13.883678436279297
411.8685760498047,0.0,92.546,0.0,-13.883540153503418
411.8951599597931,0.0,92.535,0.0,-13.882862091064453
411.9255521297455,0.0,92.505,0.0,-13.881892204284668
411.95817852020264,0.0,92.472,0.0,-13.879900932312012
411.9902548789978,0.0,92.478,0.0,-13.87503719329834
412.0214922428131,0.0,92.481,0.0,-13.87326431274414
412.0536539554596,0.0,92.467,0.0,-13.872355461120605
412.0875163078308,0.0,92.464,0.0,-13.870064735412598
412.11854696273804,0.0,92.46,0.0,-13.869134902954102
412.1510741710663,0.0,92.454,0.0,-13.86821174621582
412.1834042072296,0.0,92.433,0.0,-13.867837905883789
412.21644592285156,0.0,92.442,0.0,-13.86574649810791
412.2465760707855,0.0,92.442,0.0,-13.865272521972656
412.2796800136566,0.0,92.428,0.0,-13.86495304107666
412.31295704841614,0.0,92.435,0.0,-13.863802909851074
412.3439610004425,0.0,92.424,0.0,-13.863651275634766
412.3756408691406,0.0,92.426,0.0,-13.863112449645996
412.4082934856415,0.0,92.415,0.0,-13.862818717956543
412.4401445388794,0.0,92.43,0.0,-13.862327575683594
412.488849401474,0.0,92.439,0.0,-13.8627290725708
412.5202651023865,0.0,92.438,0.0,-13.863237380981445
412.5747401714325,0.0,92.369,0.0,-13.863927841186523
412.5894227027893,0.0,92.369,0.0,-13.861291885375977
412.6222746372223,0.0,92.342,0.0,-13.85814094543457
412.65362453460693,0.0,92.35,0.0,-13.854978561401367
412.6894328594208,0.0,92.365,0.0,-13.8533296585083
412.720335483551,0.0,92.351,0.0,-13.852526664733887
412.7519407272339,0.0,92.373,0.0,-13.852874755859375
412.7877776622772,0.0,92.322,0.0,-13.851459503173828
412.8152928352356,0.0,92.326,0.0,-13.850032806396484
412.8478844165802,0.0,92.331,0.0,-13.849138259887695
412.8803300857544,0.0,92.353,0.0,-13.848699569702148
412.9145185947418,0.0,92.37,0.0,-13.850564002990723
412.94491267204285,0.0,92.346,0.0,-13.851091384887695
412.97705078125,0.0,92.321,0.0,-13.850980758666992
413.0133287906647,0.0,92.312,0.0,-13.848657608032227
413.0410702228546,0.0,92.315,0.0,-13.84787368774414
413.07323932647705,0.0,92.309,0.0,-13.846457481384277
413.106294631958,0.0,92.299,0.0,-13.84598159790039
413.13973474502563,0.0,92.301,0.0,-13.844758987426758
413.16796588897705,0.0,92.277,0.0,-13.843421936035156
413.20067620277405,0.0,92.254,0.0,-13.842085838317871
413.2246470451355,0.0,92.249,0.0,-13.840458869934082
413.2718105316162,0.0,92.248,0.0,-13.83792781829834
413.304425239563,0.0,92.274,0.0,-13.83753776550293
413.34469056129456,0.0,92.291,0.0,-13.839028358459473
413.3762948513031,0.0,92.293,0.0,-13.83997917175293
413.4084734916687,0.0,92.287,0.0,-13.84124755859375
413.440407037735,0.0,92.267,0.0,-13.842287063598633
413.48990774154663,0.0,92.226,0.0,-13.839962005615234
413.5213735103607,0.0,92.251,0.0,-13.838000297546387
413.5531544685364,0.0,92.271,0.0,-13.837554931640625
413.5848488807678,0.0,92.276,0.0,-13.8380765914917
413.61829471588135,0.0,92.247,0.0,-13.838848114013672
413.6492450237274,0.0,92.238,0.0,-13.838129043579102
413.6828739643097,0.0,92.247,0.0,-13.837211608886719
413.7143585681915,0.0,92.217,0.0,-13.835417747497559
413.7458906173706,0.0,92.189,0.0,-13.833117485046387
413.78871607780457,0.0,92.23,0.0,-13.831604957580566
413.8187975883484,0.0,92.197,0.0,-13.830599784851074
413.8512771129608,0.0,92.201,0.0,-13.830022811889648
413.8834400177002,0.0,92.154,0.0,-13.829190254211426
413.9159286022186,0.0,92.158,0.0,-13.825557708740234
413.94816040992737,0.0,92.154,0.0,-13.824295043945312
413.98064041137695,0.0,92.163,0.0,-13.823362350463867
414.00525999069214,0.0,92.184,0.0,-13.823062896728516
414.0493884086609,0.0,92.188,0.0,-13.824166297912598
414.0907726287842,0.0,92.16,0.0,-13.824238777160645
414.1221854686737,0.0,92.148,0.0,-13.823834419250488
414.154367685318,0.0,92.15,0.0,-13.823003768920898
414.186621427536,0.0,92.162,0.0,-13.822473526000977
414.2192282676697,0.0,92.151,0.0,-13.822256088256836
414.25094079971313,0.0,92.126,0.0,-13.821390151977539
414.2840623855591,0.0,92.108,0.0,-13.820326805114746
414.322101354599,0.0,92.105,0.0,-13.817483901977539
414.35354828834534,0.0,92.126,0.0,-13.817399978637695
414.38934445381165,0.0,92.121,0.0,-13.817198753356934
414.41820669174194,0.0,92.131,0.0,-13.817486763000488
414.4503080844879,0.0,92.119,0.0,-13.817233085632324
414.48247718811035,0.0,92.109,0.0,-13.817062377929688
414.5138187408447,0.0,92.074,0.0,-13.815313339233398
414.5461959838867,0.0,92.057,0.0,-13.813763618469238
414.57826685905457,0.0,92.078,0.0,-13.811880111694336
414.6161754131317,0.0,92.086,0.0,-13.81129264831543
414.64342999458313,0.0,92.061,0.0,-13.810535430908203
414.67661356925964,0.0,92.066,0.0,-13.809690475463867
414.70756483078003,0.0,92.048,0.0,-13.809281349182129
414.7413160800934,0.0,92.081,0.0,-13.808860778808594
414.78147864341736,0.0,92.062,0.0,-13.808404922485352
414.82215881347656,0.0,92.079,0.0,-13.808876037597656
414.8516676425934,0.0,92.081,0.0,-13.809469223022461
414.8821134567261,0.0,92.066,0.0,-13.80994987487793
414.91423058509827,0.0,92.054,0.0,-13.809036254882812
414.9460394382477,0.0,92.056,0.0,-13.808616638183594
414.97844552993774,0.0,92.053,0.0,-13.808184623718262
415.01105260849,0.0,92.004,0.0,-13.806400299072266
415.0421304702759,0.0,91.992,0.0,-13.80342960357666
415.0749216079712,0.0,91.967,0.0,-13.801708221435547
415.10735750198364,0.0,91.964,0.0,-13.799360275268555
415.1389744281769,0.0,91.937,0.0,-13.794897079467773
415.1715054512024,0.0,91.971,0.0,-13.792840957641602
415.2032859325409,0.0,91.994,0.0,-13.792859077453613
415.2412419319153,0.0,92.011,0.0,-13.795456886291504
415.2673771381378,0.0,91.988,0.0,-13.795740127563477
415.29895997047424,0.0,91.96,0.0,-13.794734001159668
415.31609892845154,0.0,91.96,0.0,-13.794073104858398
415.3516597747803,0.0,91.981,0.0,-13.793468475341797
415.38322257995605,0.0,91.974,0.0,-13.79404354095459
415.4155271053314,0.0,91.948,0.0,-13.793302536010742
415.4554491043091,0.0,91.948,0.0,-13.79261589050293
415.4813516139984,0.0,91.906,0.0,-13.790349960327148
415.51685976982117,0.0,91.929,0.0,-13.787484169006348
415.54520535469055,0.0,91.925,0.0,-13.787455558776855
415.5771930217743,0.0,91.925,0.0,-13.787304878234863
415.609512090683,0.0,91.918,0.0,-13.787225723266602
415.6414170265198,0.0,91.914,0.0,-13.786816596984863
415.6744980812073,0.0,91.912,0.0,-13.786484718322754
415.70625853538513,0.0,91.929,0.0,-13.786174774169922
415.7360978126526,0.0,91.894,0.0,-13.786678314208984
415.77074241638184,0.0,91.857,0.0,-13.784708023071289
415.8023178577423,0.0,91.833,0.0,-13.782599449157715
415.83346939086914,0.0,91.878,0.0,-13.779993057250977
415.8669590950012,0.0,91.879,0.0,-13.77992057800293
415.8982479572296,0.0,91.885,0.0,-13.780221939086914
415.92987275123596,0.0,91.833,0.0,-13.779313087463379
415.96639108657837,0.0,91.825,0.0,-13.776039123535156
415.99479365348816,0.0,91.832,0.0,-13.775136947631836
416.02630066871643,0.0,91.827,0.0,-13.774271011352539
416.0582597255707,0.0,91.825,0.0,-13.773642539978027
416.09159898757935,0.0,91.801,0.0,-13.772747993469238
416.1233069896698,0.0,91.807,0.0,-13.771495819091797
416.155371427536,0.0,91.821,0.0,-13.770818710327148
416.1818423271179,0.0,91.811,0.0,-13.770923614501953
416.21853137016296,0.0,91.823,0.0,-13.770849227905273
416.2541751861572,0.0,91.807,0.0,-13.771141052246094
416.28732538223267,0.0,91.806,0.0,-13.770726203918457
416.32038497924805,0.0,91.794,0.0,-13.769657135009766
416.35008907318115,0.0,91.771,0.0,-13.768319129943848
416.3829576969147,0.0,91.773,0.0,-13.767146110534668
416.417133808136,0.0,91.792,0.0,-13.766576766967773
416.45188570022583,0.0,91.796,0.0,-13.766948699951172
416.48458766937256,0.0,91.839,0.0,-13.768231391906738
416.5160880088806,0.0,91.796,0.0,-13.769733428955078
416.5488657951355,0.0,91.777,0.0,-13.76867389678955
416.5805399417877,0.0,91.752,0.0,-13.766818046569824
416.61242270469666,0.0,91.766,0.0,-13.765401840209961
416.62819147109985,0.0,91.766,0.0,-13.764162063598633
416.6597957611084,0.0,91.766,0.0,-13.763985633850098
416.69183111190796,0.0,91.738,0.0,-13.763651847839355
416.723836183548,0.0,91.738,0.0,-13.762494087219238
416.75752997398376,0.0,91.761,0.0,-13.761625289916992
416.788747549057,0.0,91.785,0.0,-13.761946678161621
416.82160902023315,0.0,91.793,0.0,-13.764581680297852
416.8560471534729,0.0,91.735,0.0,-13.76589298248291
416.89161372184753,0.0,91.712,0.0,-13.761984825134277
416.92488288879395,0.0,91.7,0.0,-13.759761810302734
416.9633185863495,0.0,91.715,0.0,-13.75886344909668
416.99605798721313,0.0,91.73,0.0,-13.758041381835938
417.028023481369,0.0,91.733,0.0,-13.758206367492676
417.06021094322205,0.0,91.727,0.0,-13.758024215698242
417.09311628341675,0.0,91.731,0.0,-13.757987976074219
417.12417793273926,0.0,91.714,0.0,-13.75817584991455
417.1562077999115,0.0,91.709,0.0,-13.757627487182617
417.18827962875366,0.0,91.709,0.0,-13.757011413574219
417.2212383747101,0.0,91.666,0.0,-13.7550048828125
417.25345158576965,0.0,91.632,0.0,-13.753240585327148
417.2852735519409,0.0,91.634,0.0,-13.750475883483887
417.3188850879669,0.0,91.663,0.0,-13.748150825500488
417.34874176979065,0.0,91.688,0.0,-13.748882293701172
417.38147163391113,0.0,91.644,0.0,-13.749612808227539
417.41454315185547,0.0,91.604,0.0,-13.748361587524414
417.4463517665863,0.0,91.615,0.0,-13.744220733642578
417.4727234840393,0.0,91.658,0.0,-13.744890213012695
417.504652261734,0.0,91.651,0.0,-13.745155334472656
417.53776240348816,0.0,91.659,0.0,-13.746150970458984
417.5733730792999,0.0,91.634,0.0,-13.745802879333496
417.6066823005676,0.0,91.607,0.0,-13.744129180908203
417.64067244529724,0.0,91.63,0.0,-13.74361801147461
417.67150354385376,0.0,91.638,0.0,-13.743210792541504
417.7036612033844,0.0,91.643,0.0,-13.743541717529297
417.73572039604187,0.0,91.644,0.0,-13.744033813476562
417.76880288124084,0.0,91.636,0.0,-13.744126319885254
417.7991735935211,0.0,91.611,0.0,-13.74424934387207
417.81878685951233,0.0,91.611,0.0,-13.743310928344727
417.84783816337585,0.0,91.57,0.0,-13.741594314575195
417.8789806365967,0.0,91.56,0.0,-13.73957347869873
417.910603761673,0.0,91.571,0.0,-13.737617492675781
417.9424045085907,0.0,91.574,0.0,-13.73597240447998
417.9752869606018,0.0,91.568,0.0,-13.735272407531738
418.0059139728546,0.0,91.563,0.0,-13.734724998474121
418.0427646636963,0.0,91.559,0.0,-13.733607292175293
418.07133293151855,0.0,91.548,0.0,-13.732744216918945
418.1032381057739,0.0,91.553,0.0,-13.732322692871094
418.13400864601135,0.0,91.517,0.0,-13.731611251831055
418.1677198410034,0.0,91.516,0.0,-13.72875690460205
418.199214220047,0.0,91.483,0.0,-13.726444244384766
418.23139476776123,0.0,91.467,0.0,-13.724699974060059
418.2562186717987,0.0,91.456,0.0,-13.72272777557373
418.2983043193817,0.0,91.441,0.0,-13.718973159790039
418.33013701438904,0.0,91.449,0.0,-13.71737289428711
418.3624212741852,0.0,91.45,0.0,-13.716531753540039
418.3950433731079,0.0,91.449,0.0,-13.71557903289795
418.42655181884766,0.0,91.462,0.0,-13.715238571166992
418.45904898643494,0.0,91.466,0.0,-13.715659141540527
418.4948868751526,0.0,91.471,0.0,-13.716879844665527
418.5223240852356,0.0,91.48,0.0,-13.717819213867188
418.5775203704834,0.0,91.39,0.0,-13.715866088867188
418.6099286079407,0.0,91.377,0.0,-13.713351249694824
418.6418209075928,0.0,91.397,0.0,-13.709883689880371
418.673308134079,0.0,91.386,0.0,-13.708684921264648
418.7062277793884,0.0,91.404,0.0,-13.708562850952148
418.74366545677185,0.0,91.409,0.0,-13.709121704101562
418.7703957557678,0.0,91.396,0.0,-13.708694458007812
418.80235958099365,0.0,91.425,0.0,-13.70961856842041
418.8350245952606,0.0,91.412,0.0,-13.710367202758789
418.8664617538452,0.0,91.435,0.0,-13.710960388183594
418.89848136901855,0.0,91.448,0.0,-13.711896896362305
418.9353768825531,0.0,91.441,0.0,-13.71318531036377
418.9594521522522,0.0,91.439,0.0,-13.713899612426758
418.98794627189636,0.0,91.419,0.0,-13.714374542236328
419.0199065208435,0.0,91.362,0.0,-13.711153030395508
419.0534722805023,0.0,91.361,0.0,-13.709538459777832
419.1015450954437,0.0,91.365,0.0,-13.70657730102539
419.12898325920105,0.0,91.337,0.0,-13.7056884765625
419.1615514755249,0.0,91.304,0.0,-13.703853607177734
419.2032730579376,0.0,91.321,0.0,-13.699646949768066
419.2357642650604,0.0,91.365,0.0,-13.698623657226562
419.25383400917053,0.0,91.36,0.0,-13.699726104736328
419.28795075416565,0.0,91.377,0.0,-13.700408935546875
419.31961584091187,0.0,91.367,0.0,-13.70228385925293
419.3512909412384,0.0,91.336,0.0,-13.701467514038086
419.38361406326294,0.0,91.32,0.0,-13.701698303222656
419.4208252429962,0.0,91.331,0.0,-13.699857711791992
419.45574975013733,0.0,91.336,0.0,-13.699682235717773
419.48794651031494,0.0,91.265,0.0,-13.697806358337402
419.5203149318695,0.0,91.276,0.0,-13.694091796875
419.5631785392761,0.0,91.295,0.0,-13.692818641662598
419.59538078308105,0.0,91.327,0.0,-13.69247055053711
419.6283040046692,0.0,91.314,0.0,-13.693822860717773
419.6526427268982,0.0,91.308,0.0,-13.694355010986328
419.67759680747986,0.0,91.338,0.0,-13.694541931152344
419.7211027145386,0.0,91.356,0.0,-13.697847366333008
419.7712378501892,0.0,91.32,0.0,-13.698740005493164
419.8045873641968,0.0,91.287,0.0,-13.697781562805176
419.85328459739685,0.0,91.282,0.0,-13.694830894470215
419.8862726688385,0.0,91.251,0.0,-13.693903923034668
419.91948199272156,0.0,91.245,0.0,-13.690123558044434
419.95352053642273,0.0,91.245,0.0,-13.688776016235352
419.9847502708435,0.0,91.218,0.0,-13.687051773071289
420.0061457157135,0.0,91.218,0.0,-13.685333251953125
420.0503206253052,0.0,91.21,0.0,-13.68294620513916
420.08526277542114,0.0,91.21,0.0,-13.68194580078125
420.11966490745544,0.0,91.205,0.0,-13.680548667907715
420.1474771499634,0.0,91.173,0.0,-13.680015563964844
420.1857190132141,0.0,91.169,0.0,-13.678301811218262
420.21190786361694,0.0,91.166,0.0,-13.67685317993164
420.23836398124695,0.0,91.166,0.0,-13.675654411315918
420.27847838401794,0.0,91.147,0.0,-13.673096656799316
420.3121404647827,0.0,91.147,0.0,-13.672100067138672
420.3442931175232,0.0,91.138,0.0,-13.670500755310059
420.37418007850647,0.0,91.157,0.0,-13.67066764831543
420.4068787097931,0.0,91.14,0.0,-13.670845031738281
420.43852972984314,0.0,91.174,0.0,-13.670312881469727
420.4637861251831,0.0,91.18,0.0,-13.671372413635254
420.49069452285767,0.0,91.16,0.0,-13.672481536865234
420.5210723876953,0.0,91.152,0.0,-13.672260284423828
420.5570468902588,0.0,91.111,0.0,-13.670437812805176
420.58816266059875,0.0,91.117,0.0,-13.66897201538086
420.6204948425293,0.0,91.11,0.0,-13.667204856872559
420.64487981796265,0.0,91.103,0.0,-13.666236877441406
420.6821801662445,0.0,91.098,0.0,-13.665313720703125
420.7108242511749,0.0,91.091,0.0,-13.664342880249023
420.7455656528473,0.0,91.031,0.0,-13.660662651062012
420.77781105041504,0.0,91.045,0.0,-13.658350944519043
420.80233550071716,0.0,91.033,0.0,-13.65719985961914
420.8440990447998,0.0,91.042,0.0,-13.656176567077637
420.87773728370667,0.0,91.026,0.0,-13.655550003051758
420.9099895954132,0.0,91.045,0.0,-13.65444278717041
420.9424841403961,0.0,91.032,0.0,-13.653924942016602
420.9730575084686,0.0,91.07,0.0,-13.654292106628418
421.00549936294556,0.0,91.046,0.0,-13.655499458312988
421.0379295349121,0.0,91.035,0.0,-13.655460357666016
421.07848954200745,0.0,91.022,0.0,-13.654586791992188
421.11009192466736,0.0,91.033,0.0,-13.653836250305176
421.1414952278137,0.0,91.001,0.0,-13.653746604919434
421.162752866745,0.0,91.004,0.0,-13.652362823486328
421.1931426525116,0.0,90.994,0.0,-13.65035343170166
421.23902130126953,0.0,91.01,0.0,-13.650086402893066
421.2777678966522,0.0,91.006,0.0,-13.649866104125977
