Time(s),Setpoint (C),Temperature (C),TotalOutput (%),PIDOutput (%)
0.28960394859313965,0.0,28.518,0.0,-4.7121477127075195
0.32029104232788086,0.0,28.509,0.0,-4.721765995025635
0.35164475440979004,0.0,28.456,0.0,-4.717556953430176
0.39200329780578613,0.0,28.446,0.0,-4.687276840209961
0.419358491897583,0.0,28.447,0.0,-4.666182518005371
0.45096564292907715,0.0,28.456,0.0,-4.64339017868042
0.4710829257965088,0.0,28.441,0.0,-4.619480133056641
0.5154964923858643,0.0,28.46,0.0,-4.569761753082275
0.5419268608093262,0.0,28.47,0.0,-4.546945571899414
0.5781831741333008,0.0,28.493,0.0,-4.525379180908203
0.6102144718170166,0.0,28.523,0.0,-4.5057196617126465
0.6421909332275391,0.0,28.497,0.0,-4.471246719360352
0.6736078262329102,0.0,28.513,0.0,-4.454216957092285
0.7058987617492676,0.0,28.497,0.0,-4.439034461975098
0.7375645637512207,0.0,28.502,0.0,-4.42418909072876
0.7702295780181885,0.0,28.536,0.0,-4.399150371551514
0.8020012378692627,0.0,28.545,0.0,-4.3889923095703125
0.8346273899078369,0.0,28.513,0.0,-4.379884719848633
0.8659160137176514,0.0,28.503,0.0,-4.360637664794922
0.897843599319458,0.0,28.471,0.0,-4.350833892822266
0.9290850162506104,0.0,28.481,0.0,-4.341415882110596
0.961306095123291,0.0,28.509,0.0,-4.334341526031494
0.9935812950134277,0.0,28.515,0.0,-4.3246588706970215
1.0193655490875244,0.0,28.526,0.0,-4.32091760635376
1.0547983646392822,0.0,28.527,0.0,-4.317425727844238
1.0854792594909668,0.0,28.527,0.0,-4.314228057861328
1.1190834045410156,0.0,28.512,0.0,-4.307651519775391
1.1526424884796143,0.0,28.49,0.0,-4.304520130157471
1.184124231338501,0.0,28.492,0.0,-4.300786972045898
1.21651029586792,0.0,28.502,0.0,-4.295943260192871
1.2489986419677734,0.0,28.489,0.0,-4.293725490570068
1.2821640968322754,0.0,28.487,0.0,-4.2912139892578125
1.3171346187591553,0.0,28.499,0.0,-4.287530899047852
1.3461475372314453,0.0,28.507,0.0,-4.286581039428711
1.377676010131836,0.0,28.507,0.0,-4.286526203155518
1.4096617698669434,0.0,28.498,0.0,-4.285497665405273
1.442138671875,0.0,28.492,0.0,-4.282806873321533
1.474494457244873,0.0,28.473,0.0,-4.280832767486572
1.506460428237915,0.0,28.489,0.0,-4.280473709106445
1.5425763130187988,0.0,28.51,0.0,-4.279603481292725
1.5697071552276611,0.0,28.541,0.0,-4.280898571014404
1.6035056114196777,0.0,28.51,0.0,-4.280534267425537
1.6349050998687744,0.0,28.513,0.0,-4.280317306518555
1.666663646697998,0.0,28.491,0.0,-4.278736591339111
1.6988675594329834,0.0,28.492,0.0,-4.277852535247803
1.727276086807251,0.0,28.518,0.0,-4.27717399597168
1.752626657485962,0.0,28.502,0.0,-4.2777099609375
1.7840404510498047,0.0,28.517,0.0,-4.277423858642578
1.8209271430969238,0.0,28.464,0.0,-4.277108669281006
1.8516604900360107,0.0,28.465,0.0,-4.275286674499512
1.8838756084442139,0.0,28.451,0.0,-4.2739033699035645
1.9190876483917236,0.0,28.452,0.0,-4.270986557006836
1.9487793445587158,0.0,28.452,0.0,-4.270022869110107
1.980285882949829,0.0,28.446,0.0,-4.269326686859131
2.018097162246704,0.0,28.448,0.0,-4.26796293258667
2.045442819595337,0.0,28.462,0.0,-4.268146514892578
2.0770208835601807,0.0,28.452,0.0,-4.267881870269775
2.1092734336853027,0.0,28.489,0.0,-4.26890754699707
2.141423463821411,0.0,28.503,0.0,-4.270933151245117
2.173368453979492,0.0,28.491,0.0,-4.272207736968994
2.205906391143799,0.0,28.479,0.0,-4.27268648147583
2.2213590145111084,0.0,28.487,0.0,-4.272546291351318
2.2547011375427246,0.0,28.484,0.0,-4.272767543792725
2.28518009185791,0.0,28.483,0.0,-4.272806167602539
2.3181562423706055,0.0,28.494,0.0,-4.273230075836182
2.350149393081665,0.0,28.476,0.0,-4.272264003753662
2.382107973098755,0.0,28.483,0.0,-4.27205753326416
2.4099442958831787,0.0,28.473,0.0,-4.272190093994141
2.4534990787506104,0.0,28.501,0.0,-4.273050308227539
2.486179828643799,0.0,28.505,0.0,-4.273707389831543
2.502328395843506,0.0,28.515,0.0,-4.274377822875977
2.5342371463775635,0.0,28.507,0.0,-4.275307655334473
2.5683181285858154,0.0,28.508,0.0,-4.275997638702393
2.6033530235290527,0.0,28.49,0.0,-4.2754740715026855
2.635287046432495,0.0,28.459,0.0,-4.275393962860107
2.6693778038024902,0.0,28.449,0.0,-4.272356986999512
2.7000904083251953,0.0,28.414,0.0,-4.270910739898682
2.7307703495025635,0.0,28.435,0.0,-4.268328666687012
2.763198137283325,0.0,28.428,0.0,-4.267226696014404
2.795227527618408,0.0,28.415,0.0,-4.266468524932861
2.8275063037872314,0.0,28.403,0.0,-4.265011310577393
2.8591761589050293,0.0,28.399,0.0,-4.263402938842773
2.886801242828369,0.0,28.402,0.0,-4.262018203735352
2.9195985794067383,0.0,28.432,0.0,-4.261689186096191
2.943824052810669,0.0,28.445,0.0,-4.262718677520752
2.986126184463501,0.0,28.435,0.0,-4.26345682144165
3.0040805339813232,0.0,28.412,0.0,-4.263711929321289
3.0353400707244873,0.0,28.396,0.0,-4.262960433959961
3.070430278778076,0.0,28.407,0.0,-4.261250019073486
3.102905511856079,0.0,28.407,0.0,-4.260904312133789
3.1365044116973877,0.0,28.396,0.0,-4.261204242706299
3.1676180362701416,0.0,28.393,0.0,-4.259756565093994
3.2008109092712402,0.0,28.376,0.0,-4.258528709411621
3.2358367443084717,0.0,28.366,0.0,-4.257182598114014
3.2539680004119873,0.0,28.389,0.0,-4.256167888641357
3.285187244415283,0.0,28.393,0.0,-4.256377696990967
3.3200454711914062,0.0,28.477,0.0,-4.259138584136963
3.3529555797576904,0.0,28.457,0.0,-4.262442588806152
3.386965274810791,0.0,28.456,0.0,-4.264163970947266
3.4198720455169678,0.0,28.439,0.0,-4.266139030456543
3.452932119369507,0.0,28.456,0.0,-4.266240119934082
3.471442461013794,0.0,28.406,0.0,-4.267019271850586
3.5031356811523438,0.0,28.405,0.0,-4.265508651733398
3.5361788272857666,0.0,28.395,0.0,-4.264286518096924
3.578198194503784,0.0,28.404,0.0,-4.261394023895264
3.6054556369781494,0.0,28.376,0.0,-4.2610626220703125
3.6368579864501953,0.0,28.397,0.0,-4.25963830947876
3.6701509952545166,0.0,28.395,0.0,-4.259199142456055
3.703372001647949,0.0,28.458,0.0,-4.260125637054443
3.736382246017456,0.0,28.465,0.0,-4.262406826019287
3.770096778869629,0.0,28.478,0.0,-4.266605854034424
3.8052732944488525,0.0,28.443,0.0,-4.267616271972656
3.8361635208129883,0.0,28.433,0.0,-4.267540454864502
3.8686866760253906,0.0,28.399,0.0,-4.265216827392578
3.9037606716156006,0.0,28.408,0.0,-4.264172077178955
3.93587064743042,0.0,28.421,0.0,-4.263486385345459
3.9636402130126953,0.0,28.425,0.0,-4.263376235961914
3.9976730346679688,0.0,28.433,0.0,-4.263862609863281
4.019703149795532,0.0,28.422,0.0,-4.263711929321289
4.069511890411377,0.0,28.404,0.0,-4.262749195098877
4.107739210128784,0.0,28.411,0.0,-4.262391090393066
4.128361940383911,0.0,28.413,0.0,-4.262202262878418
4.1628546714782715,0.0,28.432,0.0,-4.261767387390137
4.202951669692993,0.0,28.424,0.0,-4.262786865234375
4.233968019485474,0.0,28.435,0.0,-4.262988567352295
4.253932952880859,0.0,28.426,0.0,-4.263607978820801
4.2863171100616455,0.0,28.43,0.0,-4.26370906829834
4.31940484046936,0.0,28.431,0.0,-4.264183044433594
4.351287841796875,0.0,28.41,0.0,-4.264357089996338
4.382561445236206,0.0,28.38,0.0,-4.263606548309326
4.41422176361084,0.0,28.401,0.0,-4.261764049530029
4.445521354675293,0.0,28.379,0.0,-4.259974002838135
4.477181673049927,0.0,28.4,0.0,-4.2589335441589355
4.503162384033203,0.0,28.371,0.0,-4.259024620056152
4.534383296966553,0.0,28.366,0.0,-4.257891654968262
4.568450689315796,0.0,28.371,0.0,-4.256222248077393
4.602041244506836,0.0,28.385,0.0,-4.255233287811279
4.634506464004517,0.0,28.381,0.0,-4.255624771118164
4.665489435195923,0.0,28.37,0.0,-4.255781173706055
4.702554941177368,0.0,28.342,0.0,-4.254429817199707
4.734586715698242,0.0,28.367,0.0,-4.253275394439697
4.770159959793091,0.0,28.395,0.0,-4.254791736602783
4.799850940704346,0.0,28.429,0.0,-4.257271766662598
4.836469650268555,0.0,28.42,0.0,-4.25932502746582
4.863237380981445,0.0,28.414,0.0,-4.260408401489258
4.900366544723511,0.0,28.393,0.0,-4.260546684265137
4.935924768447876,0.0,28.378,0.0,-4.259356498718262
4.970179796218872,0.0,28.375,0.0,-4.257961750030518
5.018918991088867,0.0,28.387,0.0,-4.257638454437256
5.054652452468872,0.0,28.36,0.0,-4.256566524505615
5.092617750167847,0.0,28.404,0.0,-4.258065223693848
5.126031160354614,0.0,28.428,0.0,-4.259767532348633
5.15111517906189,0.0,28.45,0.0,-4.262005805969238
5.18280029296875,0.0,28.427,0.0,-4.262761116027832
5.214587211608887,0.0,28.393,0.0,-4.262617111206055
5.237064361572266,0.0,28.393,0.0,-4.261776924133301
5.278301954269409,0.0,28.417,0.0,-4.261603355407715
5.318086624145508,0.0,28.419,0.0,-4.263217926025391
5.350057601928711,0.0,28.408,0.0,-4.263287544250488
5.38126802444458,0.0,28.401,0.0,-4.262866497039795
5.412912607192993,0.0,28.432,0.0,-4.262236595153809
5.4459075927734375,0.0,28.387,0.0,-4.263029098510742
5.476874828338623,0.0,28.379,0.0,-4.261749267578125
5.502476453781128,0.0,28.368,0.0,-4.260417938232422
5.536311626434326,0.0,28.366,0.0,-4.2589263916015625
5.5693519115448,0.0,28.384,0.0,-4.257506370544434
5.601431131362915,0.0,28.383,0.0,-4.258423328399658
5.637587547302246,0.0,28.39,0.0,-4.258049964904785
5.672102689743042,0.0,28.385,0.0,-4.257871627807617
5.701744318008423,0.0,28.377,0.0,-4.257395267486572
5.731651782989502,0.0,28.396,0.0,-4.257833003997803
5.763301134109497,0.0,28.4,0.0,-4.257633686065674
5.786299228668213,0.0,28.392,0.0,-4.258200168609619
5.821065902709961,0.0,28.407,0.0,-4.259026050567627
5.853606939315796,0.0,28.414,0.0,-4.2598772048950195
5.887470006942749,0.0,28.402,0.0,-4.260030746459961
5.920594930648804,0.0,28.385,0.0,-4.26052713394165
5.944705009460449,0.0,28.407,0.0,-4.259809494018555
5.986394166946411,0.0,28.398,0.0,-4.260175704956055
6.018407821655273,0.0,28.423,0.0,-4.260043621063232
6.05190896987915,0.0,28.379,0.0,-4.261022567749023
6.085744619369507,0.0,28.367,0.0,-4.259927749633789
6.120695114135742,0.0,28.35,0.0,-4.256814956665039
6.152758836746216,0.0,28.375,0.0,-4.256554126739502
6.183824300765991,0.0,28.367,0.0,-4.256321430206299
6.220304727554321,0.0,28.357,0.0,-4.255017280578613
6.253017902374268,0.0,28.351,0.0,-4.254034519195557
6.285067319869995,0.0,28.334,0.0,-4.253416061401367
6.3226025104522705,0.0,28.341,0.0,-4.251647472381592
6.3498759269714355,0.0,28.3,0.0,-4.24948787689209
6.382060527801514,0.0,28.311,0.0,-4.248304843902588
6.412930011749268,0.0,28.371,0.0,-4.248890399932861
6.445307016372681,0.0,28.389,0.0,-4.252385139465332
6.471691370010376,0.0,28.385,0.0,-4.253749847412109
6.518765926361084,0.0,28.328,0.0,-4.252076625823975
6.552526235580444,0.0,28.345,0.0,-4.251137733459473
6.584696054458618,0.0,28.344,0.0,-4.251136779785156
6.62131142616272,0.0,28.392,0.0,-4.25264835357666
6.651853799819946,0.0,28.415,0.0,-4.254310607910156
6.674687147140503,0.0,28.414,0.0,-4.256563186645508
6.717856407165527,0.0,28.376,0.0,-4.258256912231445
6.752946853637695,0.0,28.372,0.0,-4.258340835571289
6.786027431488037,0.0,28.393,0.0,-4.257824897766113
6.82750940322876,0.0,28.357,0.0,-4.2573442459106445
6.853067398071289,0.0,28.357,0.0,-4.256389141082764
6.884734630584717,0.0,28.348,0.0,-4.255644798278809
6.915262699127197,0.0,28.343,0.0,-4.254688739776611
6.947217702865601,0.0,28.336,0.0,-4.252718448638916
6.985284805297852,0.0,28.33,0.0,-4.251641750335693
7.004385471343994,0.0,28.333,0.0,-4.250863075256348
7.03559684753418,0.0,28.322,0.0,-4.250401020050049
7.07123589515686,0.0,28.319,0.0,-4.248867034912109
7.098970174789429,0.0,28.29,0.0,-4.247102737426758
7.131262302398682,0.0,28.293,0.0,-4.245886325836182
7.162889242172241,0.0,28.316,0.0,-4.245728015899658
7.20323920249939,0.0,28.329,0.0,-4.246501445770264
7.237039566040039,0.0,28.331,0.0,-4.247117042541504
7.271613121032715,0.0,28.315,0.0,-4.247335433959961
7.301278114318848,0.0,28.285,0.0,-4.247177600860596
7.336331844329834,0.0,28.292,0.0,-4.245766639709473
7.368313550949097,0.0,28.285,0.0,-4.244984149932861
7.402973175048828,0.0,28.315,0.0,-4.244239807128906
7.435441493988037,0.0,28.308,0.0,-4.2448272705078125
7.472191572189331,0.0,28.315,0.0,-4.245450496673584
7.501327037811279,0.0,28.299,0.0,-4.245135307312012
7.533843040466309,0.0,28.312,0.0,-4.245574951171875
7.550232887268066,0.0,28.312,0.0,-4.2457990646362305
7.580732345581055,0.0,28.312,0.0,-4.245980262756348
7.611785173416138,0.0,28.301,0.0,-4.246547222137451
7.643238306045532,0.0,28.3,0.0,-4.246108531951904
7.67530632019043,0.0,28.292,0.0,-4.2451090812683105
7.706900358200073,0.0,28.279,0.0,-4.244089126586914
7.7374043464660645,0.0,28.281,0.0,-4.243393898010254
7.771576404571533,0.0,28.307,0.0,-4.241880416870117
7.8009562492370605,0.0,28.307,0.0,-4.2428202629089355
7.833181858062744,0.0,28.319,0.0,-4.243561744689941
7.866027593612671,0.0,28.311,0.0,-4.244649410247803
7.897493600845337,0.0,28.307,0.0,-4.245180130004883
7.929722309112549,0.0,28.312,0.0,-4.245406627655029
7.9620959758758545,0.0,28.259,0.0,-4.245792865753174
7.997457027435303,0.0,28.256,0.0,-4.242250919342041
8.025018453598022,0.0,28.257,0.0,-4.241053581237793
8.056945085525513,0.0,28.274,0.0,-4.240183353424072
8.086781024932861,0.0,28.279,0.0,-4.240199089050293
8.118146896362305,0.0,28.275,0.0,-4.240438461303711
8.154582738876343,0.0,28.284,0.0,-4.240887641906738
8.185695886611938,0.0,28.3,0.0,-4.241684436798096
8.22229266166687,0.0,28.295,0.0,-4.242959976196289
8.248969793319702,0.0,28.273,0.0,-4.242379188537598
8.301269054412842,0.0,28.255,0.0,-4.2407379150390625
8.333664417266846,0.0,28.274,0.0,-4.240716934204102
8.365663766860962,0.0,28.268,0.0,-4.24070930480957
8.398744106292725,0.0,28.291,0.0,-4.240484714508057
8.42928671836853,0.0,28.272,0.0,-4.241268157958984
8.462005138397217,0.0,28.288,0.0,-4.241082191467285
8.496762037277222,0.0,28.26,0.0,-4.240853309631348
8.525488376617432,0.0,28.256,0.0,-4.240100383758545
8.557295322418213,0.0,28.254,0.0,-4.238852024078369
8.590046644210815,0.0,28.253,0.0,-4.2384843826293945
8.624260425567627,0.0,28.256,0.0,-4.238065242767334
8.654273271560669,0.0,28.261,0.0,-4.238206386566162
8.686324834823608,0.0,28.262,0.0,-4.2386627197265625
8.716671228408813,0.0,28.293,0.0,-4.238731384277344
8.74911117553711,0.0,28.309,0.0,-4.241824150085449
8.78203797340393,0.0,28.295,0.0,-4.24257230758667
8.803567886352539,0.0,28.305,0.0,-4.243564605712891
8.836950540542603,0.0,28.273,0.0,-4.242979049682617
8.873486995697021,0.0,28.262,0.0,-4.240143775939941
8.902896642684937,0.0,28.251,0.0,-4.239858627319336
8.93478512763977,0.0,28.261,0.0,-4.239180088043213
8.966695785522461,0.0,28.258,0.0,-4.239080905914307
8.999094486236572,0.0,28.24,0.0,-4.2383623123168945
9.031045198440552,0.0,28.264,0.0,-4.237587928771973
9.062598943710327,0.0,28.273,0.0,-4.238006114959717
9.09795880317688,0.0,28.277,0.0,-4.239441871643066
9.127000331878662,0.0,28.258,0.0,-4.239207744598389
9.158700466156006,0.0,28.304,0.0,-4.239407062530518
9.19055438041687,0.0,28.311,0.0,-4.241117477416992
9.221884727478027,0.0,28.278,0.0,-4.242587566375732
9.253715515136719,0.0,28.245,0.0,-4.241079807281494
9.286782264709473,0.0,28.232,0.0,-4.239067554473877
9.318840980529785,0.0,28.269,0.0,-4.23780632019043
9.352467775344849,0.0,28.287,0.0,-4.239609241485596
9.385302066802979,0.0,28.284,0.0,-4.240428447723389
9.42222547531128,0.0,28.26,0.0,-4.24133825302124
9.448930978775024,0.0,28.282,0.0,-4.240749835968018
9.481638669967651,0.0,28.312,0.0,-4.241214752197266
9.520256519317627,0.0,28.317,0.0,-4.244284629821777
9.551974058151245,0.0,28.276,0.0,-4.244513988494873
9.585623264312744,0.0,28.24,0.0,-4.243837356567383
9.617277383804321,0.0,28.231,0.0,-4.2417893409729
9.64997148513794,0.0,28.217,0.0,-4.237712383270264
9.68222451210022,0.0,28.193,0.0,-4.235418796539307
9.714491605758667,0.0,28.212,0.0,-4.233325958251953
9.746615171432495,0.0,28.219,0.0,-4.232235908508301
9.77883768081665,0.0,28.247,0.0,-4.233212471008301
9.810646057128906,0.0,28.26,0.0,-4.234538555145264
9.84921932220459,0.0,28.262,0.0,-4.236583709716797
9.872482061386108,0.0,28.243,0.0,-4.2364702224731445
9.901108264923096,0.0,28.241,0.0,-4.236388206481934
9.933782815933228,0.0,28.217,0.0,-4.236246109008789
9.966304540634155,0.0,28.223,0.0,-4.235134124755859
9.99823808670044,0.0,28.229,0.0,-4.23403787612915
10.030265808105469,0.0,28.268,0.0,-4.233960151672363
10.062503337860107,0.0,28.27,0.0,-4.2355499267578125
10.098526239395142,0.0,28.278,0.0,-4.238231658935547
10.125836610794067,0.0,28.253,0.0,-4.239112377166748
10.158213138580322,0.0,28.288,0.0,-4.238903999328613
10.191478490829468,0.0,28.293,0.0,-4.24020528793335
10.236485719680786,0.0,28.261,0.0,-4.242414951324463
10.275176286697388,100.0,28.22,100.0,1.1605077981948853
10.302022695541382,100.0,28.21,100.0,3.0826809406280518
10.336995363235474,100.0,28.199,100.0,4.621915817260742
10.370879888534546,100.0,28.219,100.0,5.852115631103516
10.40285849571228,100.0,28.247,100.0,7.620791435241699
10.434107780456543,100.0,28.276,100.0,8.247912406921387
10.46659255027771,100.0,28.322,100.0,8.74923324584961
10.500311851501465,100.0,28.372,100.0,9.468597412109375
10.531395673751831,100.0,28.431,100.0,9.722393035888672
10.562992811203003,100.0,28.49,100.0,9.923084259033203
10.59411072731018,100.0,28.558,100.0,10.08134937286377
10.625893592834473,100.0,28.692,100.0,10.303083419799805
10.658188104629517,100.0,28.816,100.0,10.377728462219238
10.674868822097778,100.0,28.944,100.0,10.432635307312012
10.705763578414917,100.0,29.091,100.0,10.47169303894043
10.7384774684906,100.0,29.232,100.0,10.497376441955566
10.774362087249756,100.0,29.473,100.0,10.51570987701416
10.802849054336548,100.0,29.622,100.0,10.51286792755127
10.834068536758423,100.0,29.887,100.0,10.50687026977539
10.866457223892212,100.0,30.063,100.0,10.496904373168945
10.899457216262817,100.0,30.217,100.0,10.466232299804688
10.937915563583374,100.0,30.647,100.0,10.445552825927734
10.974224328994751,100.0,30.854,100.0,10.394668579101562
11.004713773727417,100.0,31.095,100.0,10.36496639251709
11.035858392715454,100.0,31.346,100.0,10.332457542419434
11.066351652145386,100.0,31.846,100.0,10.297741889953613
11.098562479019165,100.0,32.105,100.0,10.22397232055664
11.130672693252563,100.0,32.357,100.0,10.196069717407227
11.162514925003052,100.0,32.634,100.0,10.165160179138184
11.194815635681152,100.0,32.901,100.0,10.130900382995605
11.227057933807373,100.0,33.49,100.0,10.056199073791504
11.25937032699585,100.0,33.814,100.0,10.014748573303223
11.291374444961548,100.0,34.161,100.0,9.970535278320312
11.324796199798584,100.0,34.528,100.0,9.872896194458008
11.355413675308228,100.0,35.182,100.0,9.821596145629883
11.38735580444336,100.0,35.862,100.0,9.77016830444336
11.419954538345337,100.0,36.195,100.0,9.703639030456543
11.452464580535889,100.0,36.566,100.0,9.577383041381836
11.48414945602417,100.0,37.325,100.0,9.516707420349121
11.516717195510864,100.0,37.739,100.0,9.454376220703125
11.548196077346802,100.0,38.144,100.0,9.327417373657227
11.578954219818115,100.0,38.579,100.0,9.262353897094727
11.610617399215698,100.0,38.973,100.0,9.197981834411621
11.636740684509277,100.0,39.382,100.0,9.133581161499023
11.666940927505493,100.0,40.224,100.0,9.069180488586426
11.704716444015503,100.0,40.67,100.0,8.937451362609863
11.736490726470947,100.0,41.123,100.0,8.869819641113281
11.768617153167725,100.0,41.604,100.0,8.800163269042969
11.802797317504883,100.0,42.539,100.0,8.693098068237305
11.832788228988647,100.0,43.014,100.0,8.632984161376953
11.864646673202515,100.0,43.488,100.0,8.569479942321777
11.896600246429443,100.0,44.001,100.0,8.503422737121582
11.929033517837524,100.0,45.017,100.0,8.362655639648438
11.960893869400024,100.0,45.538,100.0,8.288393020629883
12.00192666053772,100.0,46.061,100.0,8.134572982788086
12.033618688583374,100.0,47.653,100.0,8.033823013305664
12.051288366317749,100.0,47.653,100.0,7.936399459838867
12.08230209350586,100.0,48.192,100.0,7.841934680938721
12.113583326339722,100.0,49.337,100.0,7.748781681060791
12.145476341247559,100.0,49.897,100.0,7.656113147735596
12.1775963306427,100.0,50.443,100.0,7.475049018859863
12.20963430404663,100.0,50.993,100.0,7.386544227600098
12.24135971069336,100.0,51.606,100.0,7.29637336730957
12.276888132095337,100.0,52.822,100.0,7.139935493469238
12.305343627929688,100.0,53.478,100.0,7.066938877105713
12.33644413948059,100.0,54.045,100.0,6.987031936645508
12.370959758758545,100.0,54.674,100.0,6.905517101287842
12.404526233673096,100.0,55.848,100.0,6.732890605926514
12.435316801071167,100.0,56.464,100.0,6.645663261413574
12.469126224517822,100.0,57.079,100.0,6.5565385818481445
12.504147052764893,100.0,57.706,100.0,6.373969078063965
12.534574031829834,100.0,59.638,100.0,6.251875877380371
12.56736445426941,100.0,60.301,100.0,6.135959625244141
12.59901762008667,100.0,60.947,100.0,6.023029327392578
12.629974365234375,100.0,61.581,100.0,5.806448936462402
12.661549806594849,100.0,62.254,100.0,5.700436115264893
12.693121433258057,100.0,63.551,100.0,5.59730339050293
12.727174758911133,100.0,64.233,100.0,5.390542030334473
12.756900072097778,100.0,64.887,100.0,5.288044452667236
12.788907051086426,100.0,65.543,100.0,5.21382474899292
12.82027792930603,100.0,66.13,100.0,5.133904933929443
12.852993488311768,100.0,67.4,100.0,4.9666337966918945
12.885053157806396,100.0,68.033,100.0,4.879518508911133
12.91715121269226,100.0,68.669,100.0,4.790428638458252
12.953752756118774,100.0,69.232,100.0,4.610689163208008
12.981248617172241,100.0,69.857,100.0,4.5204691886901855
13.014314889907837,100.0,71.507,100.0,4.4089250564575195
13.036990880966187,100.0,71.507,100.0,4.304861068725586
13.07110595703125,100.0,72.6,100.0,4.2072319984436035
13.102588891983032,100.0,73.105,100.0,4.023703098297119
13.13502812385559,100.0,73.633,100.0,3.9375314712524414
13.167520523071289,100.0,74.584,100.0,3.855893850326538
13.204161167144775,100.0,75.077,100.0,3.7013726234436035
13.230603694915771,100.0,75.561,100.0,3.626845121383667
13.263684749603271,100.0,76.058,100.0,3.5530989170074463
13.295413255691528,100.0,76.532,100.0,3.480862855911255
13.327549457550049,100.0,77.554,100.0,3.3731613159179688
13.359252214431763,100.0,78.091,100.0,3.312410354614258
13.39157509803772,100.0,78.6,100.0,3.2472119331359863
13.422821044921875,100.0,79.104,100.0,3.179680347442627
13.455148458480835,100.0,80.126,100.0,3.040178060531616
13.486685991287231,100.0,80.668,100.0,2.9680123329162598
13.50356149673462,100.0,80.668,100.0,2.893557071685791
13.535183668136597,100.0,82.267,100.0,2.8174026012420654
13.570091009140015,100.0,82.804,100.0,2.7181334495544434
13.603813886642456,100.0,83.332,100.0,2.531376600265503
13.63381028175354,100.0,83.909,100.0,2.4405925273895264
13.66590666770935,100.0,85.04,100.0,2.3507578372955322
13.698657512664795,100.0,85.644,100.0,2.2620766162872314
13.720961332321167,100.0,86.217,100.0,2.1725056171417236
13.76842737197876,100.0,87.443,100.0,1.9948683977127075
13.804670095443726,100.0,87.985,100.0,1.8147084712982178
13.835291385650635,100.0,88.597,100.0,1.7247692346572876
13.865623712539673,100.0,89.18,100.0,1.6352540254592896
13.898809909820557,100.0,90.36,100.0,1.5467936992645264
13.930739164352417,100.0,90.912,100.0,1.4604694843292236
13.962497234344482,100.0,91.486,100.0,1.4711863994598389
13.994707345962524,100.0,92.076,100.0,1.5046812295913696
14.030086755752563,100.0,92.66,100.0,1.6099894046783447
14.060189485549927,100.0,93.901,100.0,1.670229434967041
14.086928606033325,100.0,94.526,100.0,1.7292283773422241
14.119381427764893,100.0,95.154,100.0,1.7843084335327148
14.151005506515503,100.0,96.409,100.0,1.8330656290054321
14.183598756790161,100.0,97.014,100.0,1.8504046201705933
14.215204000473022,100.0,98.265,100.0,1.848101019859314
14.246247053146362,100.0,98.867,100.0,1.8366785049438477
14.279561042785645,100.0,99.482,100.0,1.7829431295394897
14.310873985290527,100.0,100.08,100.0,1.7389193773269653
14.343062400817871,100.0,100.691,100.0,1.6820950508117676
14.375398635864258,100.0,101.971,100.0,1.6108243465423584
14.407490730285645,100.0,102.607,100.0,1.4229649305343628
14.437855958938599,100.0,103.268,100.0,1.3363368511199951
14.471113204956055,100.0,103.902,100.0,1.229703664779663
14.505566358566284,100.0,105.184,100.0,0.9638528823852539
14.534573793411255,100.0,105.824,100.0,0.8040536046028137
14.566655397415161,100.0,106.46,100.0,0.6273025870323181
14.60058045387268,100.0,107.116,100.0,0.43401655554771423
14.634968280792236,100.0,108.446,100.0,-0.004461690783500671
14.667514085769653,100.0,109.097,100.0,-0.2497531771659851
14.698732376098633,100.0,109.762,100.0,-0.5114241242408752
14.731292009353638,100.0,111.049,100.0,-1.0595622062683105
14.76335096359253,100.0,112.396,100.0,-1.2959811687469482
14.794298887252808,100.0,113.02,100.0,-1.5042455196380615
14.826376914978027,100.0,113.659,100.0,-1.6888095140457153
14.859509468078613,100.0,114.348,100.0,-2.0089757442474365
14.890249490737915,100.0,115.02,100.0,-2.1521389484405518
14.922855138778687,100.0,116.388,100.0,-2.2872114181518555
14.955364227294922,100.0,117.016,100.0,-2.5370516777038574
14.98707127571106,100.0,117.7,100.0,-2.654632568359375
15.035511493682861,100.0,119.059,100.0,-2.8812308311462402
15.067482709884644,100.0,119.719,100.0,-2.9904680252075195
15.09922194480896,100.0,120.398,100.0,-3.069774866104126
15.132665157318115,100.0,121.769,100.0,-3.2438156604766846
15.172179460525513,100.0,122.505,100.0,-3.336430549621582
15.203948974609375,100.0,123.201,100.0,-3.4339122772216797
15.237023115158081,100.0,124.583,100.0,-3.6337265968322754
15.268842220306396,100.0,125.293,100.0,-3.735856533050537
15.301481008529663,100.0,125.985,100.0,-3.839550256729126
15.333476781845093,100.0,127.379,100.0,-4.077548027038574
15.364955186843872,100.0,128.737,100.0,-4.20402193069458
15.39724612236023,100.0,129.447,100.0,-4.325314998626709
15.429063081741333,100.0,130.168,100.0,-4.443479537963867
15.461143493652344,100.0,130.859,100.0,-4.672850608825684
15.493646383285522,100.0,132.294,100.0,-4.785922527313232
15.52481722831726,100.0,132.993,100.0,-4.8968706130981445
15.557828664779663,100.0,133.696,100.0,-5.114839553833008
15.589835405349731,100.0,134.371,100.0,-5.221402645111084
15.621720552444458,100.0,135.062,100.0,-5.3271260261535645
15.653444051742554,100.0,136.472,100.0,-5.403199195861816
15.686297416687012,100.0,137.191,100.0,-5.573834419250488
15.719520807266235,100.0,137.944,100.0,-5.666771411895752
15.751701593399048,100.0,138.675,100.0,-5.764858245849609
15.784308910369873,100.0,140.1,100.0,-5.967266082763672
15.816832304000854,100.0,140.842,100.0,-6.071606159210205
15.84837794303894,100.0,141.559,100.0,-6.178071022033691
15.887205123901367,100.0,142.984,100.0,-6.422284126281738
15.917727947235107,100.0,144.462,100.0,-6.552638530731201
15.95228624343872,100.0,145.251,100.0,-6.680107593536377
15.984708309173584,100.0,145.975,100.0,-6.9281535148620605
16.018122673034668,100.0,146.719,100.0,-7.04793643951416
16.050224781036377,100.0,148.141,100.0,-7.164673805236816
16.065091848373413,100.0,148.141,100.0,-7.278757095336914
16.097721099853516,100.0,148.947,100.0,-7.394862651824951
16.12953805923462,100.0,149.718,100.0,-7.478711128234863
16.161935806274414,100.0,151.187,100.0,-7.665106296539307
16.203023195266724,100.0,151.888,100.0,-7.764298915863037
16.23625874519348,100.0,152.617,100.0,-7.9673075675964355
16.26947855949402,100.0,154.961,100.0,-8.10625171661377
16.300945043563843,100.0,155.701,100.0,-8.241109848022461
16.332378387451172,100.0,156.415,100.0,-8.494915008544922
16.365243911743164,100.0,157.183,100.0,-8.617291450500488
16.39850401878357,100.0,158.726,100.0,-8.737203598022461
16.435399532318115,100.0,159.548,100.0,-8.978792190551758
16.462127685546875,100.0,160.35,100.0,-9.100242614746094
16.494989156723022,100.0,161.102,100.0,-9.219623565673828
16.52690601348877,100.0,162.615,100.0,-9.337784767150879
16.55878186225891,100.0,163.368,100.0,-9.53857421875
16.58796191215515,100.0,164.135,100.0,-9.629118919372559
16.619426488876343,100.0,164.947,100.0,-9.72535514831543
16.654335737228394,100.0,165.745,100.0,-9.827956199645996
16.685526609420776,100.0,167.335,100.0,-10.044731140136719
16.719709634780884,100.0,168.096,100.0,-10.157591819763184
16.749367475509644,100.0,168.855,100.0,-10.270956993103027
16.76890802383423,100.0,169.596,100.0,-10.38463306427002
16.800641775131226,100.0,170.352,100.0,-10.497764587402344
16.833856344223022,100.0,171.11,100.0,-10.724692344665527
16.865469932556152,100.0,173.507,100.0,-10.873796463012695
16.896511793136597,100.0,174.289,100.0,-11.016569137573242
16.934112787246704,100.0,175.053,100.0,-11.285579681396484
16.961793422698975,100.0,175.789,100.0,-11.412213325500488
16.993434190750122,100.0,176.573,100.0,-11.536748886108398
17.02551031112671,100.0,178.176,100.0,-11.660035133361816
17.05780267715454,100.0,178.994,100.0,-11.906024932861328
17.089584589004517,100.0,179.763,100.0,-11.994782447814941
17.1201913356781,100.0,180.501,100.0,-12.089377403259277
17.153244972229004,100.0,181.226,100.0,-12.187292098999023
17.184910535812378,100.0,182.729,100.0,-12.389071464538574
17.216550827026367,100.0,183.534,100.0,-12.494319915771484
17.251729726791382,100.0,184.322,100.0,-12.603497505187988
17.269022941589355,100.0,185.083,100.0,-12.715043067932129
17.3039391040802,100.0,185.838,100.0,-12.827271461486816
17.334718227386475,100.0,186.556,100.0,-13.050949096679688
17.369468450546265,100.0,188.801,100.0,-13.194747924804688
17.400542974472046,100.0,189.52,100.0,-13.330413818359375
17.433435678482056,100.0,190.256,100.0,-13.583842277526855
17.465977907180786,100.0,190.956,100.0,-13.703248023986816
17.497713088989258,100.0,191.723,100.0,-13.82154655456543
17.529987812042236,100.0,193.28,100.0,-13.941187858581543
17.56301760673523,100.0,194.018,100.0,-14.17369270324707
17.595449686050415,100.0,194.747,100.0,-14.256599426269531
17.627105474472046,100.0,195.457,100.0,-14.345132827758789
17.659228801727295,100.0,196.948,100.0,-14.5341796875
17.691124200820923,100.0,197.649,100.0,-14.634225845336914
17.72313165664673,100.0,198.331,100.0,-14.735169410705566
17.75536036491394,100.0,199.051,100.0,-14.836027145385742
17.78644871711731,100.0,199.771,100.0,-15.042134284973145
17.819108247756958,100.0,201.241,100.0,-15.146921157836914
17.851513862609863,100.0,201.955,100.0,-15.253594398498535
17.883152961730957,100.0,203.385,100.0,-15.360328674316406
17.91581678390503,100.0,204.079,100.0,-15.626404762268066
17.947385549545288,100.0,205.502,100.0,-15.750267028808594
17.98646903038025,100.0,206.179,100.0,-15.985116958618164
18.020933866500854,100.0,206.88,100.0,-16.09754753112793
18.053080320358276,100.0,208.315,100.0,-16.208189010620117
18.084836959838867,100.0,209.036,100.0,-16.42778968811035
18.117263555526733,100.0,209.715,100.0,-16.534975051879883
18.150365829467773,100.0,210.434,100.0,-16.61190414428711
18.182262659072876,100.0,211.827,100.0,-16.6956844329834
18.21464729309082,100.0,212.556,100.0,-16.87494659423828
18.24640655517578,100.0,213.226,100.0,-16.971120834350586
18.277673721313477,100.0,213.946,100.0,-17.068042755126953
18.31068515777588,100.0,214.627,100.0,-17.267818450927734
18.33593988418579,100.0,215.314,100.0,-17.368595123291016
18.367876529693604,100.0,216.668,100.0,-17.49786949157715
18.400125980377197,100.0,218.038,100.0,-17.620399475097656
18.432072162628174,100.0,218.736,100.0,-17.73895835876465
18.464595079421997,100.0,219.452,100.0,-17.967784881591797
18.49704909324646,100.0,220.151,100.0,-18.07917022705078
18.52968955039978,100.0,220.816,100.0,-18.18747329711914
18.560630559921265,100.0,222.115,100.0,-18.34671974182129
18.59286069869995,100.0,222.802,100.0,-18.431825637817383
18.62524724006653,100.0,223.46,100.0,-18.520973205566406
18.662936210632324,100.0,224.145,100.0,-18.705886840820312
18.688021183013916,100.0,224.805,100.0,-18.80076789855957
18.719055652618408,100.0,226.15,100.0,-18.896955490112305
18.754355669021606,100.0,226.842,100.0,-18.994308471679688
18.785680294036865,100.0,227.528,100.0,-19.193403244018555
18.816589832305908,100.0,228.874,100.0,-19.32197380065918
18.850830554962158,100.0,230.204,100.0,-19.444469451904297
18.88810157775879,100.0,230.892,100.0,-19.674732208251953
18.917123317718506,100.0,231.564,100.0,-19.785226821899414
18.948919773101807,100.0,232.231,100.0,-19.893077850341797
18.98066282272339,100.0,233.573,100.0,-19.999008178710938
19.013251781463623,100.0,234.233,100.0,-20.178722381591797
19.04513955116272,100.0,234.838,100.0,-20.259042739868164
19.076353788375854,100.0,235.452,100.0,-20.341096878051758
19.1126446723938,100.0,236.064,100.0,-20.510204315185547
19.141908168792725,100.0,237.391,100.0,-20.597078323364258
19.17412304878235,100.0,238.063,100.0,-20.688568115234375
19.190098524093628,100.0,238.693,100.0,-20.78237533569336
19.222434043884277,100.0,239.348,100.0,-20.87621307373047
19.254048347473145,100.0,239.927,100.0,-20.971149444580078
19.28886318206787,100.0,240.547,100.0,-21.156238555908203
19.31791639328003,100.0,241.897,100.0,-21.27936363220215
19.34990882873535,100.0,243.203,100.0,-21.39666748046875
19.38607382774353,100.0,243.802,100.0,-21.509735107421875
19.418140411376953,100.0,244.406,100.0,-21.719989776611328
19.454375505447388,100.0,245.647,100.0,-21.81928062438965
19.48534893989563,100.0,246.278,100.0,-22.015094757080078
19.51832938194275,100.0,246.89,100.0,-22.110692977905273
19.55109167098999,100.0,247.526,100.0,-22.20600128173828
19.588202953338623,100.0,248.693,100.0,-22.36441421508789
19.61416220664978,100.0,249.326,100.0,-22.435386657714844
19.64688014984131,100.0,249.942,100.0,-22.51175308227539
19.678901433944702,100.0,250.581,100.0,-22.591646194458008
19.710811138153076,100.0,251.151,100.0,-22.758989334106445
19.74372434616089,100.0,252.318,100.0,-22.843093872070312
19.77546501159668,100.0,252.88,100.0,-22.928020477294922
19.807350873947144,100.0,253.471,100.0,-23.012468338012695
19.84000849723816,100.0,254.617,100.0,-23.207096099853516
19.87175941467285,100.0,255.219,100.0,-23.312097549438477
19.90432333946228,100.0,256.445,100.0,-23.41377830505371
19.936938524246216,100.0,257.025,100.0,-23.610225677490234
19.969557762145996,100.0,257.64,100.0,-23.705791473388672
20.00002694129944,100.0,258.196,100.0,-23.798063278198242
20.03240132331848,100.0,259.339,100.0,-23.88811492919922
20.06523895263672,100.0,259.881,100.0,-24.063697814941406
20.105271100997925,100.0,260.443,100.0,-24.125730514526367
20.13678812980652,100.0,261.59,100.0,-24.26409149169922
20.169228076934814,100.0,262.164,100.0,-24.338125228881836
20.200340270996094,100.0,262.724,100.0,-24.414838790893555
20.231905221939087,100.0,263.272,100.0,-24.49309539794922
20.26442289352417,100.0,263.872,100.0,-24.653823852539062
20.296040773391724,100.0,265.515,100.0,-24.73490333557129
20.327244520187378,100.0,266.055,100.0,-24.839698791503906
20.35924220085144,100.0,266.639,100.0,-24.938892364501953
20.390963554382324,100.0,267.193,100.0,-25.128873825073242
20.422454118728638,100.0,268.329,100.0,-25.220073699951172
20.45310401916504,100.0,268.863,100.0,-25.309938430786133
20.483882188796997,100.0,269.445,100.0,-25.397151947021484
20.516912698745728,100.0,269.996,100.0,-25.570209503173828
20.55034875869751,100.0,270.516,100.0,-25.653749465942383
20.581061124801636,100.0,271.058,100.0,-25.736446380615234
20.615975856781006,100.0,272.132,100.0,-25.859302520751953
20.64357280731201,100.0,272.67,100.0,-25.926748275756836
20.67455554008484,100.0,273.225,100.0,-25.997068405151367
20.70569372177124,100.0,273.791,100.0,-26.07037353515625
20.737952709197998,100.0,274.927,100.0,-26.146499633789062
20.77064824104309,100.0,275.473,100.0,-26.304729461669922
20.804371118545532,100.0,276.041,100.0,-26.385459899902344
20.83487582206726,100.0,276.577,100.0,-26.46744728088379
20.87081813812256,100.0,277.685,100.0,-26.631362915039062
20.90117835998535,100.0,278.203,100.0,-26.713760375976562
20.934728622436523,100.0,278.743,100.0,-26.794918060302734
20.966123342514038,100.0,279.278,100.0,-26.956951141357422
21.00156307220459,100.0,280.901,100.0,-27.060749053955078
21.034432411193848,100.0,281.418,100.0,-27.15926170349121
21.066146850585938,100.0,281.962,100.0,-27.34336280822754
21.098386526107788,100.0,282.48,100.0,-27.43070411682129
21.129971742630005,100.0,283.536,100.0,-27.51669692993164
21.16174077987671,100.0,284.03,100.0,-27.600032806396484
21.19367814064026,100.0,284.573,100.0,-27.761362075805664
21.225240230560303,100.0,285.064,100.0,-27.83985137939453
21.25724959373474,100.0,285.602,100.0,-27.896066665649414
21.291374683380127,100.0,286.633,100.0,-28.022308349609375
21.31998634338379,100.0,287.14,100.0,-28.090042114257812
21.351865768432617,100.0,287.68,100.0,-28.159503936767578
21.384199857711792,100.0,288.204,100.0,-28.231731414794922
21.416172981262207,100.0,288.691,100.0,-28.378807067871094
21.448055505752563,100.0,289.693,100.0,-28.453670501708984
21.48081660270691,100.0,290.208,100.0,-28.527294158935547
21.52091383934021,100.0,291.2,100.0,-28.69693374633789
21.553018808364868,100.0,292.2,100.0,-28.787080764770508
21.584936380386353,100.0,292.74,100.0,-28.873966217041016
21.617696046829224,100.0,293.255,100.0,-29.04325294494629
21.649599075317383,100.0,293.806,100.0,-29.126815795898438
21.681718826293945,100.0,294.779,100.0,-29.207107543945312
21.717443227767944,100.0,295.253,100.0,-29.36237335205078
21.746020317077637,100.0,295.674,100.0,-29.43496322631836
21.778342247009277,100.0,296.183,100.0,-29.508224487304688
21.81070351600647,100.0,297.124,100.0,-29.5804386138916
21.843053102493286,100.0,297.618,100.0,-29.68764877319336
21.875155448913574,100.0,298.087,100.0,-29.747323989868164
21.90709376335144,100.0,298.599,100.0,-29.80919075012207
21.938188314437866,100.0,299.09,100.0,-29.874624252319336
21.970213651657104,100.0,300.053,100.0,-30.010101318359375
22.002191305160522,100.0,300.484,100.0,-30.079483032226562
22.03502917289734,100.0,300.945,100.0,-30.14740753173828
22.068256616592407,100.0,301.451,100.0,-30.28557777404785
22.10079526901245,100.0,302.426,100.0,-30.35556411743164
22.1329083442688,100.0,302.921,100.0,-30.427270889282227
22.168649911880493,100.0,303.374,100.0,-30.570993423461914
22.197250843048096,100.0,304.25,100.0,-30.659093856811523
22.228461742401123,100.0,305.16,100.0,-30.74212646484375
22.26022219657898,100.0,305.633,100.0,-30.82194709777832
22.285226821899414,100.0,306.082,100.0,-30.89963150024414
22.317108631134033,100.0,306.529,100.0,-31.04745864868164
22.348968982696533,100.0,306.982,100.0,-31.118858337402344
22.380953550338745,100.0,307.888,100.0,-31.188077926635742
22.41266179084778,100.0,308.3,100.0,-31.257795333862305
22.4445583820343,100.0,308.705,100.0,-31.39027214050293
22.47610902786255,100.0,309.11,100.0,-31.45381736755371
22.508126497268677,100.0,309.975,100.0,-31.51685333251953
22.53987169265747,100.0,310.411,100.0,-31.580406188964844
22.56966781616211,100.0,310.851,100.0,-31.689598083496094
22.60385513305664,100.0,311.283,100.0,-31.73958969116211
22.634984016418457,100.0,311.692,100.0,-31.79278564453125
22.667778253555298,100.0,312.138,100.0,-31.905174255371094
22.69646406173706,100.0,312.951,100.0,-31.962976455688477
22.728394269943237,100.0,313.396,100.0,-32.02168273925781
22.76036834716797,100.0,313.825,100.0,-32.082366943359375
22.792022943496704,100.0,314.284,100.0,-32.20742416381836
22.823585510253906,100.0,315.142,100.0,-32.27142333984375
22.856079578399658,100.0,316.01,100.0,-32.33529281616211
22.887516498565674,100.0,316.435,100.0,-32.417755126953125
22.920828819274902,100.0,316.866,100.0,-32.57106399536133
22.95189380645752,100.0,317.275,100.0,-32.64280319213867
22.982893228530884,100.0,318.118,100.0,-32.712066650390625
23.01854133605957,100.0,318.548,100.0,-32.84724426269531
23.05068063735962,100.0,318.989,100.0,-32.914085388183594
23.083698272705078,100.0,319.373,100.0,-32.97832107543945
23.119837999343872,100.0,320.191,100.0,-33.073326110839844
23.151957035064697,100.0,320.587,100.0,-33.125274658203125
23.184654235839844,100.0,321.013,100.0,-33.17868423461914
23.21726632118225,100.0,321.417,100.0,-33.291343688964844
23.24959945678711,100.0,322.231,100.0,-33.3488655090332
23.280504941940308,100.0,322.654,100.0,-33.407371520996094
23.313579559326172,100.0,323.087,100.0,-33.46710968017578
23.345221996307373,100.0,323.459,100.0,-33.587860107421875
23.377806186676025,100.0,324.659,100.0,-33.66468048095703
23.409969806671143,100.0,325.08,100.0,-33.73723220825195
23.441850185394287,100.0,325.449,100.0,-33.874305725097656
23.474007606506348,100.0,325.82,100.0,-33.938018798828125
23.506561517715454,100.0,326.585,100.0,-34.00027847290039
23.53854465484619,100.0,326.998,100.0,-34.060787200927734
23.57062578201294,100.0,327.403,100.0,-34.182159423828125
23.603407382965088,100.0,327.801,100.0,-34.24238967895508
23.639687061309814,100.0,328.597,100.0,-34.30278778076172
23.671915769577026,100.0,328.958,100.0,-34.42033004760742
23.704265117645264,100.0,329.332,100.0,-34.461814880371094
23.735711336135864,100.0,329.67,100.0,-34.5063362121582
23.770676612854004,100.0,330.402,100.0,-34.598445892333984
23.79810929298401,100.0,330.789,100.0,-34.64750289916992
23.830249786376953,100.0,331.175,100.0,-34.698631286621094
23.846554279327393,100.0,331.567,100.0,-34.75135803222656
23.879424571990967,100.0,331.943,100.0,-34.80558395385742
23.911677598953247,100.0,332.319,100.0,-34.860313415527344
23.94619131088257,100.0,332.713,100.0,-34.97161865234375
23.97583532333374,100.0,333.126,100.0,-35.0294303894043
24.007076263427734,100.0,334.228,100.0,-35.08588790893555
24.03854012489319,100.0,334.605,100.0,-35.15810012817383
24.070313453674316,100.0,334.997,100.0,-35.29322814941406
24.103115558624268,100.0,335.359,100.0,-35.35672378540039
24.135000705718994,100.0,336.115,100.0,-35.41889190673828
24.171079397201538,100.0,336.516,100.0,-35.53977966308594
24.202125310897827,100.0,336.921,100.0,-35.60035705566406
24.23443078994751,100.0,337.27,100.0,-35.658695220947266
24.267053604125977,100.0,337.972,100.0,-35.70064163208008
24.29894733428955,100.0,338.35,100.0,-35.790130615234375
24.336441040039062,100.0,338.725,100.0,-35.838417053222656
24.371124267578125,100.0,339.098,100.0,-35.939964294433594
24.40322232246399,100.0,339.78,100.0,-35.99142074584961
24.434934377670288,100.0,340.132,100.0,-36.04230880737305
24.467524528503418,100.0,340.476,100.0,-36.09352493286133
24.501004695892334,100.0,341.218,100.0,-36.19689178466797
24.531532526016235,100.0,341.577,100.0,-36.25001525878906
24.564595699310303,100.0,342.33,100.0,-36.30329513549805
24.59758996963501,100.0,342.675,100.0,-36.438926696777344
24.627300262451172,100.0,343.013,100.0,-36.50096130371094
24.65892457962036,100.0,343.729,100.0,-36.56140899658203
24.702106714248657,100.0,344.069,100.0,-36.6761589050293
24.734727144241333,100.0,344.759,100.0,-36.73098373413086
24.766563415527344,100.0,345.1,100.0,-36.78511428833008
24.79900574684143,100.0,345.483,100.0,-36.892486572265625
24.83190107345581,100.0,345.875,100.0,-36.94788360595703
24.86428189277649,100.0,346.231,100.0,-37.002689361572266
24.8967125415802,100.0,346.968,100.0,-37.09775161743164
24.927369832992554,100.0,347.326,100.0,-37.140647888183594
24.960800170898438,100.0,347.654,100.0,-37.18596267700195
24.99086046218872,100.0,348.009,100.0,-37.23193359375
25.024088859558105,100.0,348.662,100.0,-37.32661437988281
25.053746938705444,100.0,349.005,100.0,-37.3746223449707
25.08493423461914,100.0,349.308,100.0,-37.42339324951172
25.12180256843567,100.0,349.647,100.0,-37.51946258544922
25.153030157089233,100.0,349.986,100.0,-37.56839370727539
25.184945344924927,100.0,351.053,100.0,-37.633201599121094
25.21701145172119,100.0,351.378,100.0,-37.69570541381836
25.23673987388611,100.0,351.689,100.0,-37.754905700683594
25.273343563079834,100.0,352.015,100.0,-37.8651123046875
25.301772832870483,100.0,352.347,100.0,-37.91810989379883
25.3336124420166,100.0,352.66,100.0,-37.969398498535156
25.366125106811523,100.0,353.335,100.0,-38.0199089050293
25.397616147994995,100.0,353.651,100.0,-38.096031188964844
25.430103302001953,100.0,353.983,100.0,-38.13741683959961
25.461426496505737,100.0,354.342,100.0,-38.180660247802734
25.49897813796997,100.0,354.662,100.0,-38.27277374267578
25.525519371032715,100.0,355.315,100.0,-38.3203125
25.558199882507324,100.0,355.646,100.0,-38.36747741699219
25.59012269973755,100.0,355.923,100.0,-38.41523742675781
25.62233281135559,100.0,356.249,100.0,-38.50782775878906
25.654132843017578,100.0,357.248,100.0,-38.56897735595703
25.686209678649902,100.0,357.551,100.0,-38.6279296875
25.724764108657837,100.0,357.844,100.0,-38.73626708984375
25.7528555393219,100.0,358.154,100.0,-38.787315368652344
25.785172700881958,100.0,358.804,100.0,-38.838035583496094
25.82058048248291,100.0,359.139,100.0,-38.887908935546875
25.852487325668335,100.0,359.493,100.0,-38.98863983154297
25.884480476379395,100.0,359.847,100.0,-39.04008865356445
25.916639804840088,100.0,360.496,100.0,-39.09107208251953
25.948827266693115,100.0,360.8,100.0,-39.18995666503906
25.979289293289185,100.0,361.091,100.0,-39.224998474121094
26.011938333511353,100.0,361.42,100.0,-39.26165771484375
26.046006441116333,100.0,362.047,100.0,-39.30121612548828
26.076218128204346,100.0,362.336,100.0,-39.384742736816406
26.108484745025635,100.0,362.618,100.0,-39.427249908447266
26.140026092529297,100.0,362.961,100.0,-39.46946334838867
26.173331022262573,100.0,363.245,100.0,-39.557952880859375
26.20425820350647,100.0,363.871,100.0,-39.60285186767578
26.23674440383911,100.0,364.156,100.0,-39.64801788330078
26.26803183555603,100.0,364.797,100.0,-39.69246292114258
26.286189794540405,100.0,365.115,100.0,-39.751312255859375
26.319209575653076,100.0,365.407,100.0,-39.80770492553711
26.35109305381775,100.0,365.706,100.0,-39.912357330322266
26.382896900177002,100.0,366.004,100.0,-39.96197509765625
26.41432809829712,100.0,366.621,100.0,-40.01033020019531
26.452732801437378,100.0,366.886,100.0,-40.10432815551758
26.48649549484253,100.0,367.226,100.0,-40.15147018432617
26.51905846595764,100.0,367.857,100.0,-40.198265075683594
26.551193952560425,100.0,368.197,100.0,-40.29375457763672
26.583747148513794,100.0,368.47,100.0,-40.32852554321289
26.615529775619507,100.0,368.749,100.0,-40.36435317993164
26.64936590194702,100.0,369.326,100.0,-40.43867874145508
26.68021297454834,100.0,369.613,100.0,-40.47815704345703
26.711681842803955,100.0,369.906,100.0,-40.51835250854492
26.743502855300903,100.0,370.182,100.0,-40.55937957763672
26.7755868434906,100.0,370.453,100.0,-40.64105987548828
26.803900241851807,100.0,370.74,100.0,-40.682273864746094
26.83581304550171,100.0,371.686,100.0,-40.72413635253906
26.867864847183228,100.0,371.99,100.0,-40.7816162109375
26.900146484375,100.0,372.307,100.0,-40.88987731933594
26.931599617004395,100.0,372.617,100.0,-40.94175338745117
26.963526725769043,100.0,373.225,100.0,-40.991729736328125
26.99554204940796,100.0,373.49,100.0,-41.041141510009766
27.029114723205566,100.0,373.775,100.0,-41.13373565673828
27.05915594100952,100.0,374.059,100.0,-41.166622161865234
27.09069561958313,100.0,374.33,100.0,-41.2015266418457
27.122766256332397,100.0,374.913,100.0,-41.237491607666016
27.153476238250732,100.0,375.189,100.0,-41.314979553222656
27.185939073562622,100.0,375.468,100.0,-41.35425567626953
27.220297813415527,100.0,375.739,100.0,-41.394039154052734
27.252302885055542,100.0,376.332,100.0,-41.474693298339844
27.2842960357666,100.0,376.625,100.0,-41.51661682128906
27.315457582473755,100.0,376.921,100.0,-41.55908203125
27.35219717025757,100.0,377.188,100.0,-41.644283294677734
27.385045289993286,100.0,378.041,100.0,-41.686031341552734
27.417304754257202,100.0,378.369,100.0,-41.740501403808594
27.451417922973633,100.0,378.645,100.0,-41.844825744628906
27.48131489753723,100.0,378.915,100.0,-41.893028259277344
27.513378143310547,100.0,379.441,100.0,-41.93951416015625
27.54562258720398,100.0,379.709,100.0,-41.98357391357422
27.578450679779053,100.0,380.004,100.0,-42.06971740722656
27.610464334487915,100.0,380.277,100.0,-42.11220932006836
27.64297389984131,100.0,380.847,100.0,-42.1536979675293
27.67741107940674,100.0,381.128,100.0,-42.23877716064453
27.706854581832886,100.0,381.391,100.0,-42.28028869628906
27.739163160324097,100.0,381.656,100.0,-42.31005096435547
27.77051877975464,100.0,381.907,100.0,-42.34189224243164
27.80297350883484,100.0,382.439,100.0,-42.4085578918457
27.834425926208496,100.0,382.702,100.0,-42.44427490234375
27.87171173095703,100.0,382.953,100.0,-42.480770111083984
27.903497219085693,100.0,383.502,100.0,-42.55548095703125
27.936739206314087,100.0,383.767,100.0,-42.59395217895508
27.968071460723877,100.0,384.026,100.0,-42.632713317871094
27.999483346939087,100.0,384.269,100.0,-42.671451568603516
28.03204870223999,100.0,384.511,100.0,-42.746986389160156
28.06460952758789,100.0,385.368,100.0,-42.79881286621094
28.09479832649231,100.0,385.646,100.0,-42.84782409667969
28.127562284469604,100.0,385.892,100.0,-42.940040588378906
28.15808892250061,100.0,386.097,100.0,-42.98109436035156
28.18987226486206,100.0,386.337,100.0,-43.02070617675781
28.22141408920288,100.0,386.83,100.0,-43.0589599609375
28.253582239151,100.0,387.103,100.0,-43.1246223449707
28.285666704177856,100.0,387.376,100.0,-43.15511703491211
28.317694902420044,100.0,387.621,100.0,-43.188053131103516
28.35250210762024,100.0,387.869,100.0,-43.25611877441406
28.382742166519165,100.0,388.386,100.0,-43.29104995727539
28.418467044830322,100.0,388.64,100.0,-43.327369689941406
28.45192003250122,100.0,388.908,100.0,-43.4017448425293
28.48328471183777,100.0,389.441,100.0,-43.43960189819336
28.515312433242798,100.0,389.733,100.0,-43.478492736816406
28.548357248306274,100.0,390.266,100.0,-43.518821716308594
28.5867018699646,100.0,390.749,100.0,-43.61791229248047
28.61896014213562,100.0,391.008,100.0,-43.66313171386719
28.653966188430786,100.0,391.256,100.0,-43.74894714355469
28.685768365859985,100.0,391.491,100.0,-43.789215087890625
28.718103647232056,100.0,391.959,100.0,-43.828495025634766
28.750848293304443,100.0,392.202,100.0,-43.903221130371094
28.7824387550354,100.0,392.425,100.0,-43.93917465209961
28.81454372406006,100.0,392.665,100.0,-43.974937438964844
28.846414804458618,100.0,393.189,100.0,-44.01115798950195
28.862781524658203,100.0,393.189,100.0,-44.037078857421875
28.894562244415283,100.0,393.476,100.0,-44.06640625
28.93673300743103,100.0,393.977,100.0,-44.133758544921875
28.967949151992798,100.0,394.234,100.0,-44.168270111083984
29.003790855407715,100.0,394.454,100.0,-44.238525390625
29.03255009651184,100.0,394.641,100.0,-44.27128982543945
29.063673734664917,100.0,395.243,100.0,-44.303592681884766
29.095648288726807,100.0,395.43,100.0,-44.343017578125
29.127323150634766,100.0,395.642,100.0,-44.41455841064453
29.159082651138306,100.0,395.817,100.0,-44.4471435546875
29.191662788391113,100.0,396.217,100.0,-44.478607177734375
29.22348403930664,100.0,396.352,100.0,-44.509639739990234
29.256128311157227,100.0,396.506,100.0,-44.563499450683594
29.286653518676758,100.0,396.655,100.0,-44.58809280395508
29.318464517593384,100.0,396.776,100.0,-44.61039352416992
29.35318422317505,100.0,397.126,100.0,-44.65013122558594
29.384548664093018,100.0,397.311,100.0,-44.66790771484375
29.416659116744995,100.0,397.479,100.0,-44.68780517578125
29.454357862472534,100.0,397.622,100.0,-44.72926712036133
29.48564314842224,100.0,397.87,100.0,-44.74901580810547
29.518229007720947,100.0,398.019,100.0,-44.76789474487305
29.55012345314026,100.0,398.184,100.0,-44.78730010986328
29.582504987716675,100.0,398.454,100.0,-44.82826614379883
29.61441397666931,100.0,398.591,100.0,-44.848079681396484
29.64682936668396,100.0,398.719,100.0,-44.8678092956543
29.681317567825317,100.0,398.875,100.0,-44.907291412353516
29.710647344589233,100.0,399.193,100.0,-44.93495178222656
29.742823839187622,100.0,399.514,100.0,-44.96244812011719
29.775133848190308,100.0,399.687,100.0,-44.98849868774414
29.8068585395813,100.0,399.832,100.0,-45.0395622253418
29.838984966278076,100.0,399.949,100.0,-45.06245803833008
29.872217416763306,100.0,400.245,100.0,-45.085357666015625
29.905468463897705,100.0,400.388,100.0,-45.12363815307617
29.936068296432495,100.0,400.532,100.0,-45.14070510864258
29.967687129974365,100.0,400.669,100.0,-45.15869903564453
30.003154277801514,100.0,400.898,100.0,-45.19459915161133
30.05382752418518,100.0,401.005,100.0,-45.228973388671875
30.085263967514038,100.0,401.284,100.0,-45.24690628051758
30.11781907081604,100.0,401.427,100.0,-45.26530456542969
30.148475646972656,100.0,401.609,100.0,-45.2844123840332
30.180956840515137,100.0,401.717,100.0,-45.32560348510742
30.21343159675598,100.0,402.109,100.0,-45.350830078125
30.24459981918335,100.0,402.274,100.0,-45.374717712402344
30.276775121688843,100.0,402.418,100.0,-45.398983001708984
30.308729887008667,100.0,402.572,100.0,-45.446266174316406
30.340454816818237,100.0,402.709,100.0,-45.469120025634766
30.37202262878418,100.0,402.957,100.0,-45.490543365478516
30.405404567718506,100.0,403.085,100.0,-45.53181838989258
30.43674921989441,100.0,403.188,100.0,-45.546417236328125
30.468847274780273,100.0,403.319,100.0,-45.56088638305664
30.50036597251892,100.0,403.445,100.0,-45.57646179199219
30.53685474395752,100.0,403.654,100.0,-45.60804748535156
30.56924319267273,100.0,403.76,100.0,-45.6237678527832
30.60587215423584,100.0,403.88,100.0,-45.65538024902344
30.63346219062805,100.0,404.016,100.0,-45.6724853515625
30.66524624824524,100.0,404.13,100.0,-45.68949890136719
30.696584463119507,100.0,404.551,100.0,-45.71332550048828
30.73662829399109,100.0,404.667,100.0,-45.75871276855469
30.76871085166931,100.0,404.772,100.0,-45.77907180786133
30.807241439819336,100.0,405.034,100.0,-45.819190979003906
30.834709644317627,100.0,405.164,100.0,-45.839168548583984
30.867552042007446,100.0,405.271,100.0,-45.858055114746094
30.898534536361694,100.0,405.382,100.0,-45.871612548828125
30.930968046188354,100.0,405.614,100.0,-45.90037536621094
30.963160514831543,100.0,405.755,100.0,-45.91570281982422
30.99488592147827,100.0,405.889,100.0,-45.9324951171875
31.032447576522827,100.0,406.008,100.0,-45.967811584472656
31.056107997894287,100.0,406.155,100.0,-45.9866828918457
31.0840961933136,100.0,406.292,100.0,-46.006065368652344
31.11671733856201,100.0,406.574,100.0,-46.026039123535156
31.14998459815979,100.0,406.853,100.0,-46.04639434814453
31.18309473991394,100.0,406.961,100.0,-46.09687423706055
31.215081214904785,100.0,407.058,100.0,-46.11848449707031
31.247549533843994,100.0,407.256,100.0,-46.138736724853516
31.282623291015625,100.0,407.351,100.0,-46.174232482910156
31.311389684677124,100.0,407.491,100.0,-46.192325592041016
31.343716859817505,100.0,407.602,100.0,-46.20994567871094
31.376703023910522,100.0,407.884,100.0,-46.22254943847656
31.40860080718994,100.0,408.021,100.0,-46.25324249267578
31.437695503234863,100.0,408.161,100.0,-46.270652770996094
31.468801736831665,100.0,408.302,100.0,-46.28902053833008
31.5070960521698,100.0,408.443,100.0,-46.32794189453125
31.534809827804565,100.0,408.704,100.0,-46.34838104248047
31.56783151626587,100.0,408.845,100.0,-46.3680305480957
31.603412628173828,100.0,408.958,100.0,-46.388160705566406
31.635417938232422,100.0,409.076,100.0,-46.42638397216797
31.666549921035767,100.0,409.328,100.0,-46.445587158203125
31.69857120513916,100.0,409.432,100.0,-46.46443176269531
31.732139348983765,100.0,409.67,100.0,-46.50523376464844
31.76281237602234,100.0,409.782,100.0,-46.526615142822266
31.794970989227295,100.0,410.118,100.0,-46.548892974853516
31.827334880828857,100.0,410.224,100.0,-46.57244110107422
31.85956358909607,100.0,410.383,100.0,-46.61640167236328
31.890916109085083,100.0,410.497,100.0,-46.63740158081055
31.922870635986328,100.0,410.612,100.0,-46.65740203857422
31.95745873451233,100.0,410.887,100.0,-46.69281005859375
31.985901355743408,100.0,411.015,100.0,-46.708595275878906
32.0188775062561,100.0,411.121,100.0,-46.725135803222656
32.050782203674316,100.0,411.222,100.0,-46.7413444519043
32.085466384887695,100.0,411.479,100.0,-46.77306365966797
32.1187698841095,100.0,411.582,100.0,-46.79042053222656
32.15871262550354,100.0,411.702,100.0,-46.82419204711914
32.186554193496704,100.0,411.816,100.0,-46.84115982055664
32.2194390296936,100.0,412.165,100.0,-46.8564567565918
32.25100612640381,100.0,412.165,100.0,-46.87882995605469
32.283830404281616,100.0,412.432,100.0,-46.91804504394531
32.315547466278076,100.0,412.559,100.0,-46.940086364746094
32.34840106964111,100.0,412.726,100.0,-46.960636138916016
32.383461475372314,100.0,412.82,100.0,-46.994449615478516
32.41135907173157,100.0,412.913,100.0,-47.010047912597656
32.44413137435913,100.0,413.037,100.0,-47.026329040527344
32.47592830657959,100.0,413.161,100.0,-47.04315185546875
32.50784468650818,100.0,413.435,100.0,-47.069725036621094
32.540807485580444,100.0,413.501,100.0,-47.085357666015625
32.57212471961975,100.0,413.614,100.0,-47.09928894042969
32.60824751853943,100.0,413.704,100.0,-47.1280517578125
32.63753914833069,100.0,413.892,100.0,-47.141845703125
32.66857385635376,100.0,413.986,100.0,-47.155784606933594
32.70092415809631,100.0,414.057,100.0,-47.169639587402344
32.73553204536438,100.0,414.262,100.0,-47.20014572143555
32.76355576515198,100.0,414.383,100.0,-47.21804428100586
32.795576095581055,100.0,414.62,100.0,-47.23720169067383
32.82763862609863,100.0,414.753,100.0,-47.25492477416992
32.85356378555298,100.0,414.844,100.0,-47.273338317871094
32.88683795928955,100.0,414.946,100.0,-47.30720520019531
32.91943049430847,100.0,415.073,100.0,-47.324554443359375
32.95053243637085,100.0,415.255,100.0,-47.34056854248047
32.98641347885132,100.0,415.327,100.0,-47.370460510253906
33.01449275016785,100.0,415.437,100.0,-47.385215759277344
33.045918226242065,100.0,415.556,100.0,-47.395751953125
33.077876806259155,100.0,415.692,100.0,-47.408042907714844
33.10916495323181,100.0,415.913,100.0,-47.43803787231445
33.14146184921265,100.0,416.034,100.0,-47.4532356262207
33.17012643814087,100.0,416.117,100.0,-47.469242095947266
33.20130395889282,100.0,416.212,100.0,-47.48427963256836
33.235780239105225,100.0,416.301,100.0,-47.5134162902832
33.26457357406616,100.0,416.471,100.0,-47.52650451660156
33.29589295387268,100.0,416.595,100.0,-47.540138244628906
33.32789659500122,100.0,416.732,100.0,-47.555076599121094
33.360400676727295,100.0,416.844,100.0,-47.588233947753906
33.3934063911438,100.0,417.139,100.0,-47.60920333862305
33.42361068725586,100.0,417.236,100.0,-47.62807846069336
33.460816621780396,100.0,417.334,100.0,-47.66294860839844
33.48824644088745,100.0,417.408,100.0,-47.678382873535156
33.51958084106445,100.0,417.522,100.0,-47.694244384765625
33.553677797317505,100.0,417.742,100.0,-47.710105895996094
33.58501696586609,100.0,417.869,100.0,-47.74330520629883
33.61913824081421,100.0,417.958,100.0,-47.75559997558594
33.65099620819092,100.0,418.036,100.0,-47.76799011230469
33.68585181236267,100.0,418.119,100.0,-47.791969299316406
33.718369007110596,100.0,418.309,100.0,-47.80489730834961
33.749637603759766,100.0,418.403,100.0,-47.81757736206055
33.781490325927734,100.0,418.508,100.0,-47.83053970336914
33.81347584724426,100.0,418.563,100.0,-47.85627365112305
33.845240354537964,100.0,418.904,100.0,-47.870262145996094
33.877745151519775,100.0,419.023,100.0,-47.88921356201172
33.910542726516724,100.0,419.136,100.0,-47.92664337158203
33.94113826751709,100.0,419.177,100.0,-47.9419059753418
33.97330570220947,100.0,419.42,100.0,-47.95894241333008
34.004643201828,100.0,419.497,100.0,-47.97545623779297
34.03652811050415,100.0,419.649,100.0,-48.00794219970703
34.06748819351196,100.0,419.759,100.0,-48.02511215209961
34.10062789916992,100.0,419.847,100.0,-48.04125213623047
34.13697648048401,100.0,420.065,100.0,-48.07096862792969
34.16497492790222,100.0,420.12,100.0,-48.08335876464844
34.196064710617065,100.0,420.219,100.0,-48.09442138671875
34.23733067512512,100.0,420.35,100.0,-48.117000579833984
34.287922620773315,100.0,420.555,100.0,-48.13967514038086
34.318854331970215,100.0,420.669,100.0,-48.1523323059082
34.35160756111145,100.0,420.763,100.0,-48.166160583496094
34.38621520996094,100.0,420.834,100.0,-48.19303512573242
34.41749572753906,100.0,420.939,100.0,-48.20674133300781
34.44899320602417,100.0,421.249,100.0,-48.2255859375
34.4813871383667,100.0,421.312,100.0,-48.24344253540039
34.51246786117554,100.0,421.403,100.0,-48.2743034362793
34.54505228996277,100.0,421.497,100.0,-48.289207458496094
34.576706886291504,100.0,421.606,100.0,-48.304534912109375
34.61096692085266,100.0,421.779,100.0,-48.334022521972656
34.64141225814819,100.0,421.867,100.0,-48.3441047668457
34.67318153381348,100.0,421.962,100.0,-48.35482406616211
34.70657014846802,100.0,422.065,100.0,-48.3663444519043
34.73787260055542,100.0,422.251,100.0,-48.39168930053711
34.77048468589783,100.0,422.329,100.0,-48.404762268066406
34.80331015586853,100.0,422.4,100.0,-48.41741943359375
34.83456635475159,100.0,422.517,100.0,-48.42945861816406
34.86681294441223,100.0,422.588,100.0,-48.455665588378906
34.89900255203247,100.0,422.888,100.0,-48.46842575073242
34.93170976638794,100.0,423.002,100.0,-48.48651885986328
34.964191198349,100.0,423.126,100.0,-48.52300262451172
35.00275754928589,100.0,423.287,100.0,-48.54124069213867
35.03663468360901,100.0,423.386,100.0,-48.571834564208984
35.06868386268616,100.0,423.48,100.0,-48.586788177490234
35.101802825927734,100.0,423.571,100.0,-48.60139083862305
35.13289523124695,100.0,423.775,100.0,-48.611900329589844
35.164849281311035,100.0,423.842,100.0,-48.63604736328125
35.196653604507446,100.0,423.947,100.0,-48.64778518676758
35.229843854904175,100.0,424.046,100.0,-48.6605224609375
35.26296091079712,100.0,424.155,100.0,-48.68788528442383
35.31855869293213,100.0,424.402,100.0,-48.715309143066406
35.350306272506714,100.0,424.441,100.0,-48.7281608581543
35.382832288742065,100.0,424.649,100.0,-48.73899841308594
35.41421318054199,100.0,424.749,100.0,-48.771541595458984
35.44595956802368,100.0,424.872,100.0,-48.788455963134766
35.47966957092285,100.0,425.056,100.0,-48.803688049316406
35.510191202163696,100.0,425.153,100.0,-48.81953811645508
35.54257297515869,100.0,425.251,100.0,-48.850502014160156
35.574491024017334,100.0,425.359,100.0,-48.866172790527344
35.60712003707886,100.0,425.544,100.0,-48.88104248046875
35.639443159103394,100.0,425.653,100.0,-48.91138458251953
35.67046546936035,100.0,425.719,100.0,-48.92249298095703
35.70309591293335,100.0,425.802,100.0,-48.933082580566406
35.73808312416077,100.0,425.978,100.0,-48.954750061035156
35.76991558074951,100.0,426.102,100.0,-48.96665954589844
35.80334401130676,100.0,426.244,100.0,-48.980350494384766
35.834251403808594,100.0,426.393,100.0,-48.996177673339844
35.867716789245605,100.0,426.558,100.0,-49.030052185058594
35.8993456363678,100.0,426.597,100.0,-49.04557800292969
35.93223214149475,100.0,426.66,100.0,-49.05846405029297
35.96337962150574,100.0,426.744,100.0,-49.08226776123047
35.99555850028992,100.0,426.835,100.0,-49.09458541870117
36.026947259902954,100.0,427.06,100.0,-49.108367919921875
36.05911445617676,100.0,427.3,100.0,-49.122745513916016
36.091384172439575,100.0,427.393,100.0,-49.16219711303711
36.12443947792053,100.0,427.47,100.0,-49.179344177246094
36.154961347579956,100.0,427.611,100.0,-49.19417190551758
36.18777823448181,100.0,427.723,100.0,-49.223350524902344
36.219640493392944,100.0,427.822,100.0,-49.23826599121094
36.25227499008179,100.0,427.949,100.0,-49.25434875488281
36.28350472450256,100.0,428.071,100.0,-49.265995025634766
36.31562948226929,100.0,428.286,100.0,-49.29367446899414
36.3535897731781,100.0,428.36,100.0,-49.30821990966797
36.3850519657135,100.0,428.451,100.0,-49.32180404663086
36.417792558670044,100.0,428.528,100.0,-49.348304748535156
36.454063415527344,100.0,428.689,100.0,-49.361289978027344
36.485578775405884,100.0,428.738,100.0,-49.37359619140625
36.519821882247925,100.0,428.81,100.0,-49.39506530761719
36.550926208496094,100.0,429.09,100.0,-49.4053840637207
36.5833957195282,100.0,429.213,100.0,-49.42158889770508
36.61574721336365,100.0,429.312,100.0,-49.45513153076172
36.647939682006836,100.0,429.425,100.0,-49.47193908691406
36.6799590587616,100.0,429.537,100.0,-49.488887786865234
36.711294412612915,100.0,429.714,100.0,-49.50450134277344
36.74322438240051,100.0,429.777,100.0,-49.5338020324707
36.77470827102661,100.0,429.835,100.0,-49.543724060058594
36.807037353515625,100.0,429.925,100.0,-49.553070068359375
36.839195728302,100.0,430.103,100.0,-49.57355499267578
36.87176871299744,100.0,430.198,100.0,-49.58519744873047
36.90327215194702,100.0,430.287,100.0,-49.59748458862305
36.93514394760132,100.0,430.366,100.0,-49.610023498535156
36.96762704849243,100.0,430.55,100.0,-49.634559631347656
36.998419523239136,100.0,430.631,100.0,-49.64764404296875
37.03071737289429,100.0,430.736,100.0,-49.66047286987305
37.06307244300842,100.0,430.815,100.0,-49.674110412597656
37.09501266479492,100.0,430.867,100.0,-49.698951721191406
37.12725281715393,100.0,431.125,100.0,-49.711822509765625
37.15352535247803,100.0,431.241,100.0,-49.727386474609375
37.18490266799927,100.0,431.337,100.0,-49.74359893798828
37.220229148864746,100.0,431.475,100.0,-49.77680587768555
37.25206899642944,100.0,431.57,100.0,-49.79348373413086
37.28403329849243,100.0,431.698,100.0,-49.8077392578125
37.315789222717285,100.0,431.75,100.0,-49.833213806152344
37.347564458847046,100.0,431.803,100.0,-49.84169006347656
37.37991762161255,100.0,431.896,100.0,-49.8497428894043
37.417003870010376,100.0,431.987,100.0,-49.86665344238281
37.45148777961731,100.0,432.112,100.0,-49.87470626831055
37.48363637924194,100.0,432.208,100.0,-49.885528564453125
37.515604972839355,100.0,432.344,100.0,-49.91144561767578
37.547354221343994,100.0,432.506,100.0,-49.925697326660156
37.579679012298584,100.0,432.574,100.0,-49.938926696777344
37.611610651016235,100.0,432.627,100.0,-49.951351165771484
37.64348268508911,100.0,432.798,100.0,-49.977691650390625
37.674854040145874,100.0,432.89,100.0,-49.99262237548828
37.70673680305481,100.0,433.011,100.0,-50.007362365722656
37.738303661346436,100.0,433.077,100.0,-50.0192985534668
37.771217823028564,100.0,433.142,100.0,-50.04142761230469
37.80252194404602,100.0,433.219,100.0,-50.05234909057617
37.83599138259888,100.0,433.427,100.0,-50.06403732299805
37.87073731422424,100.0,433.518,100.0,-50.086795806884766
37.90325450897217,100.0,433.633,100.0,-50.09735107421875
37.936606884002686,100.0,433.73,100.0,-50.10969161987305
37.96844959259033,100.0,433.902,100.0,-50.135406494140625
38.00158333778381,100.0,433.978,100.0,-50.14847946166992
38.03376030921936,100.0,434.056,100.0,-50.161128997802734
38.04952812194824,100.0,434.148,100.0,-50.17353057861328
38.081717014312744,100.0,434.241,100.0,-50.18632888793945
38.11848425865173,100.0,434.3,100.0,-50.211456298828125
38.14565443992615,100.0,434.419,100.0,-50.225059509277344
38.17768883705139,100.0,434.59,100.0,-50.23815155029297
38.21021771430969,100.0,434.8,100.0,-50.251556396484375
38.241962909698486,100.0,434.894,100.0,-50.28765869140625
38.274648904800415,100.0,434.998,100.0,-50.30492401123047
38.30647087097168,100.0,435.091,100.0,-50.318817138671875
38.34226727485657,100.0,435.186,100.0,-50.34454345703125
38.37063932418823,100.0,435.25,100.0,-50.35660934448242
38.40324115753174,100.0,435.396,100.0,-50.37135696411133
38.43639540672302,100.0,435.604,100.0,-50.386451721191406
38.469151735305786,100.0,435.716,100.0,-50.41281509399414
38.502890825271606,100.0,435.783,100.0,-50.42536544799805
38.51834058761597,100.0,435.891,100.0,-50.437164306640625
38.55496788024902,100.0,435.961,100.0,-50.450103759765625
38.58598613739014,100.0,436.028,100.0,-50.46234130859375
38.61809945106506,100.0,436.168,100.0,-50.48618698120117
38.652305126190186,100.0,436.264,100.0,-50.496826171875
38.68327021598816,100.0,436.353,100.0,-50.50839614868164
38.71911263465881,100.0,436.422,100.0,-50.531890869140625
38.746910572052,100.0,436.527,100.0,-50.544517517089844
38.778647661209106,100.0,436.819,100.0,-50.557342529296875
38.81092667579651,100.0,436.91,100.0,-50.575111389160156
38.84240674972534,100.0,437.004,100.0,-50.6082878112793
38.87523317337036,100.0,437.109,100.0,-50.62458419799805
38.90686345100403,100.0,437.243,100.0,-50.63927459716797
38.938859701156616,100.0,437.287,100.0,-50.65271759033203
38.971466302871704,100.0,437.33,100.0,-50.6742057800293
39.001317739486694,100.0,437.418,100.0,-50.684898376464844
39.03511071205139,100.0,437.529,100.0,-50.69712448120117
39.06619143486023,100.0,437.743,100.0,-50.70588302612305
39.098307609558105,100.0,437.806,100.0,-50.72852325439453
39.1309027671814,100.0,437.899,100.0,-50.7397575378418
39.16308641433716,100.0,438.003,100.0,-50.751686096191406
39.195313930511475,100.0,438.084,100.0,-50.77734375
39.22674012184143,100.0,438.239,100.0,-50.790470123291016
39.25227212905884,100.0,438.277,100.0,-50.80251693725586
39.285335063934326,100.0,438.318,100.0,-50.81275939941406
39.320112228393555,100.0,438.402,100.0,-50.83156204223633
39.35207509994507,100.0,438.575,100.0,-50.84577941894531
39.38513898849487,100.0,438.757,100.0,-50.86146545410156
39.419883251190186,100.0,438.837,100.0,-50.88861846923828
39.44831657409668,100.0,438.934,100.0,-50.90235900878906
39.480507135391235,100.0,439.039,100.0,-50.916725158691406
39.516510248184204,100.0,439.213,100.0,-50.930389404296875
39.53467893600464,100.0,439.213,100.0,-50.94435119628906
39.56595849990845,100.0,439.266,100.0,-50.954463958740234
39.59853529930115,100.0,439.376,100.0,-50.97174835205078
39.629791498184204,100.0,439.426,100.0,-50.980491638183594
39.662386655807495,100.0,439.53,100.0,-50.988712310791016
39.69371509552002,100.0,439.628,100.0,-51.01011657714844
39.72630000114441,100.0,439.823,100.0,-51.02643966674805
39.75836181640625,100.0,439.98,100.0,-51.042091369628906
39.79035925865173,100.0,440.093,100.0,-51.05649948120117
39.8227756023407,100.0,440.189,100.0,-51.08688735961914
39.85478901863098,100.0,440.251,100.0,-51.10053634643555
39.8861083984375,100.0,440.404,100.0,-51.11427688598633
39.91853070259094,100.0,440.454,100.0,-51.12678527832031
39.954142570495605,100.0,440.539,100.0,-51.14934539794922
39.986096143722534,100.0,440.608,100.0,-51.16043472290039
40.021645069122314,100.0,440.797,100.0,-51.177249908447266
40.071449279785156,100.0,440.972,100.0,-51.19939422607422
40.10268521308899,100.0,441.065,100.0,-51.21119689941406
40.133710861206055,100.0,441.154,100.0,-51.223602294921875
40.166141510009766,100.0,441.215,100.0,-51.23630142211914
40.19690155982971,100.0,441.296,100.0,-51.25990295410156
40.22996377944946,100.0,441.384,100.0,-51.270790100097656
40.261462688446045,100.0,441.486,100.0,-51.2799186706543
40.296775341033936,100.0,441.574,100.0,-51.302005767822266
40.32545256614685,100.0,441.671,100.0,-51.31425476074219
40.35798382759094,100.0,441.781,100.0,-51.327728271484375
40.39004588127136,100.0,441.916,100.0,-51.341556549072266
40.42262005805969,100.0,441.998,100.0,-51.36167526245117
40.4533052444458,100.0,442.101,100.0,-51.371002197265625
40.48616576194763,100.0,442.186,100.0,-51.38192367553711
40.52224850654602,100.0,442.316,100.0,-51.40699768066406
40.5500693321228,100.0,442.409,100.0,-51.419471740722656
40.58287024497986,100.0,442.498,100.0,-51.42988586425781
40.61971306800842,100.0,442.539,100.0,-51.45081329345703
40.6510648727417,100.0,442.614,100.0,-51.46089172363281
40.68691062927246,100.0,442.851,100.0,-51.47181701660156
40.72218465805054,100.0,442.928,100.0,-51.49937438964844
40.752206325531006,100.0,443.006,100.0,-51.51247787475586
40.78366804122925,100.0,443.177,100.0,-51.525978088378906
40.81587100028992,100.0,443.269,100.0,-51.538978576660156
40.846919775009155,100.0,443.36,100.0,-51.56571578979492
40.87943720817566,100.0,443.44,100.0,-51.57884216308594
40.91096544265747,100.0,443.507,100.0,-51.59115219116211
40.94792461395264,100.0,443.618,100.0,-51.61070251464844
40.97440552711487,100.0,443.692,100.0,-51.61851501464844
41.00684976577759,100.0,443.749,100.0,-51.627037048339844
41.03889846801758,100.0,443.815,100.0,-51.635414123535156
41.0705463886261,100.0,443.889,100.0,-51.65327072143555
41.104305028915405,100.0,444.07,100.0,-51.663002014160156
41.13528490066528,100.0,444.139,100.0,-51.67436218261719
41.17214608192444,100.0,444.222,100.0,-51.69696807861328
41.199957609176636,100.0,444.284,100.0,-51.7078857421875
41.23260259628296,100.0,444.492,100.0,-51.72125244140625
41.26552414894104,100.0,444.568,100.0,-51.73423767089844
41.2974157333374,100.0,444.66,100.0,-51.759918212890625
41.32907009124756,100.0,444.719,100.0,-51.771873474121094
41.36172437667847,100.0,444.766,100.0,-51.78247833251953
41.40254831314087,100.0,444.917,100.0,-51.798580169677734
41.436034202575684,100.0,444.993,100.0,-51.80767822265625
41.46882152557373,100.0,445.06,100.0,-51.81732940673828
41.501468658447266,100.0,445.209,100.0,-51.83761978149414
41.53341484069824,100.0,445.293,100.0,-51.847843170166016
41.56568098068237,100.0,445.358,100.0,-51.85871124267578
41.59927535057068,100.0,445.44,100.0,-51.88032531738281
41.63093328475952,100.0,445.615,100.0,-51.89161682128906
41.67352628707886,100.0,445.765,100.0,-51.918968200683594
41.699177265167236,100.0,445.814,100.0,-51.93216323852539
41.73179340362549,100.0,445.874,100.0,-51.94428634643555
41.762932538986206,100.0,446.014,100.0,-51.956298828125
41.80062127113342,100.0,446.099,100.0,-51.97935104370117
41.82792544364929,100.0,446.177,100.0,-51.991085052490234
41.8600172996521,100.0,446.246,100.0,-51.99955368041992
41.89183592796326,100.0,446.321,100.0,-52.00839614868164
41.924514055252075,100.0,446.46,100.0,-52.027496337890625
41.9733521938324,100.0,446.564,100.0,-52.048553466796875
42.00546407699585,100.0,446.734,100.0,-52.06055450439453
42.037291049957275,100.0,446.828,100.0,-52.072574615478516
42.06878733634949,100.0,446.889,100.0,-52.085235595703125
42.10156059265137,100.0,446.931,100.0,-52.107269287109375
42.137290716171265,100.0,447.018,100.0,-52.117183685302734
42.17029881477356,100.0,447.058,100.0,-52.12535095214844
42.20151662826538,100.0,447.157,100.0,-52.14209747314453
42.23395133018494,100.0,447.232,100.0,-52.15189743041992
42.26565480232239,100.0,447.41,100.0,-52.16291046142578
42.299509048461914,100.0,447.441,100.0,-52.18394470214844
42.33015465736389,100.0,447.496,100.0,-52.19080352783203
42.36308574676514,100.0,447.54,100.0,-52.19786834716797
42.39605188369751,100.0,447.565,100.0,-52.20464324951172
42.42676305770874,100.0,447.699,100.0,-52.21770477294922
42.45823693275452,100.0,447.779,100.0,-52.225120544433594
42.49081110954285,100.0,447.83,100.0,-52.23372268676758
42.52435064315796,100.0,447.822,100.0,-52.24762725830078
42.554187059402466,100.0,447.828,100.0,-52.25173568725586
42.58622908592224,100.0,447.97,100.0,-52.25617218017578
42.61866593360901,100.0,448.036,100.0,-52.26340103149414
42.64970397949219,100.0,448.079,100.0,-52.278831481933594
42.68242025375366,100.0,448.131,100.0,-52.2863883972168
42.71903443336487,100.0,448.249,100.0,-52.29415512084961
42.75053286552429,100.0,448.293,100.0,-52.310081481933594
42.781315326690674,100.0,448.345,100.0,-52.31782531738281
42.81275725364685,100.0,448.412,100.0,-52.326202392578125
42.853169202804565,100.0,448.523,100.0,-52.3427619934082
42.88711214065552,100.0,448.597,100.0,-52.34886932373047
42.91992497444153,100.0,448.624,100.0,-52.35626983642578
42.95129585266113,100.0,448.702,100.0,-52.36878204345703
42.98341631889343,100.0,448.717,100.0,-52.37483215332031
43.0149667263031,100.0,448.767,100.0,-52.379737854003906
43.04781126976013,100.0,448.801,100.0,-52.385231018066406
43.0793297290802,100.0,448.832,100.0,-52.395530700683594
43.110246896743774,100.0,448.882,100.0,-52.400123596191406
43.1429078578949,100.0,448.948,100.0,-52.404319763183594
43.175992488861084,100.0,448.985,100.0,-52.41556930541992
43.20685601234436,100.0,449.016,100.0,-52.420841217041016
43.252453327178955,100.0,449.117,100.0,-52.43205642700195
43.3011269569397,100.0,449.23,100.0,-52.446834564208984
43.333887338638306,100.0,449.302,100.0,-52.455345153808594
43.365304708480835,100.0,449.315,100.0,-52.46212387084961
43.400758028030396,100.0,449.435,100.0,-52.47217559814453
43.428751707077026,100.0,449.496,100.0,-52.47914123535156
43.46004867553711,100.0,449.566,100.0,-52.48674774169922
43.49295496940613,100.0,449.641,100.0,-52.49522399902344
43.52572154998779,100.0,449.681,100.0,-52.51313400268555
43.55741739273071,100.0,449.77,100.0,-52.52144241333008
43.58697271347046,100.0,449.802,100.0,-52.529170989990234
43.61858320236206,100.0,449.807,100.0,-52.53611755371094
43.65309143066406,100.0,449.814,100.0,-52.545265197753906
43.68403720855713,100.0,449.894,100.0,-52.54962921142578
43.715962409973145,100.0,449.944,100.0,-52.55432891845703
43.7490770816803,100.0,450.025,100.0,-52.56694030761719
43.802106618881226,100.0,450.131,100.0,-52.58184814453125
43.83480644226074,100.0,450.247,100.0,-52.59234619140625
43.865939140319824,100.0,450.33,100.0,-52.6026725769043
43.90063238143921,100.0,450.405,100.0,-52.62057876586914
43.93096208572388,100.0,450.477,100.0,-52.630462646484375
43.962258100509644,100.0,450.532,100.0,-52.6400146484375
43.994511127471924,100.0,450.66,100.0,-52.65081787109375
44.02747845649719,100.0,450.732,100.0,-52.6672248840332
44.058950662612915,100.0,450.817,100.0,-52.675174713134766
44.09206223487854,100.0,450.875,100.0,-52.68446731567383
44.12320637702942,100.0,450.949,100.0,-52.69366455078125
44.1553635597229,100.0,451.044,100.0,-52.71222686767578
44.1864869594574,100.0,451.087,100.0,-52.720924377441406
44.21880602836609,100.0,451.134,100.0,-52.72901153564453
44.25245475769043,100.0,451.183,100.0,-52.74443054199219
44.282981395721436,100.0,451.289,100.0,-52.751495361328125
44.32116460800171,100.0,451.358,100.0,-52.75938034057617
44.352816343307495,100.0,451.419,100.0,-52.77668762207031
44.385228872299194,100.0,451.533,100.0,-52.786041259765625
44.41756725311279,100.0,451.582,100.0,-52.79460144042969
44.45320534706116,100.0,451.665,100.0,-52.812252044677734
44.48245859146118,100.0,451.751,100.0,-52.822696685791016
44.51347875595093,100.0,451.782,100.0,-52.831626892089844
44.551966190338135,100.0,451.859,100.0,-52.847599029541016
44.57819604873657,100.0,451.885,100.0,-52.85384750366211
44.610419034957886,100.0,451.946,100.0,-52.86079406738281
44.642683267593384,100.0,451.976,100.0,-52.86698532104492
44.67878723144531,100.0,452.061,100.0,-52.8765983581543
44.70587468147278,100.0,452.128,100.0,-52.88151550292969
44.73829650878906,100.0,452.18,100.0,-52.88772964477539
44.770429611206055,100.0,452.217,100.0,-52.894325256347656
44.80264377593994,100.0,452.272,100.0,-52.90735626220703
44.835200786590576,100.0,452.381,100.0,-52.9139289855957
44.87027168273926,100.0,452.432,100.0,-52.921485900878906
44.905317068099976,100.0,452.518,100.0,-52.93819808959961
44.93539023399353,100.0,452.64,100.0,-52.94997787475586
44.96592974662781,100.0,452.801,100.0,-52.962928771972656
45.00185585021973,100.0,452.866,100.0,-52.98670959472656
45.0367591381073,100.0,452.903,100.0,-52.9968376159668
45.069801807403564,100.0,453.009,100.0,-53.0058479309082
45.102867126464844,100.0,453.095,100.0,-53.02552032470703
45.136159896850586,100.0,453.183,100.0,-53.0367546081543
45.16787099838257,100.0,453.248,100.0,-53.04496383666992
45.203336000442505,100.0,453.36,100.0,-53.062129974365234
45.232075929641724,100.0,453.415,100.0,-53.070587158203125
45.26534152030945,100.0,453.489,100.0,-53.07896423339844
45.29613280296326,100.0,453.527,100.0,-53.08807373046875
45.32843279838562,100.0,453.534,100.0,-53.102386474609375
45.36992383003235,100.0,453.655,100.0,-53.109107971191406
45.40446996688843,100.0,453.724,100.0,-53.12464904785156
45.43240165710449,100.0,453.817,100.0,-53.13441467285156
45.46449089050293,100.0,453.966,100.0,-53.14483642578125
45.496052503585815,100.0,454.037,100.0,-53.15537643432617
45.52839517593384,100.0,454.074,100.0,-53.175384521484375
45.55998110771179,100.0,454.113,100.0,-53.18376922607422
45.5919291973114,100.0,454.143,100.0,-53.191036224365234
45.623461961746216,100.0,454.256,100.0,-53.19849395751953
45.65519666671753,100.0,454.316,100.0,-53.21175765991211
45.687355756759644,100.0,454.366,100.0,-53.21809768676758
45.71913194656372,100.0,454.372,100.0,-53.22465515136719
45.75385117530823,100.0,454.525,100.0,-53.235496520996094
45.7848744392395,100.0,454.606,100.0,-53.243507385253906
45.81997084617615,100.0,454.682,100.0,-53.252689361572266
45.85447430610657,100.0,454.742,100.0,-53.272300720214844
45.8847918510437,100.0,454.819,100.0,-53.28057098388672
45.918718338012695,100.0,454.933,100.0,-53.28859329223633
45.950725078582764,100.0,454.986,100.0,-53.29914855957031
45.98330807685852,100.0,455.065,100.0,-53.319664001464844
46.015007972717285,100.0,455.179,100.0,-53.32981491088867
46.04650330543518,100.0,455.23,100.0,-53.33955764770508
46.079046964645386,100.0,455.289,100.0,-53.3578987121582
46.10983228683472,100.0,455.387,100.0,-53.36861038208008
46.142786264419556,100.0,455.522,100.0,-53.37931442260742
46.17494606971741,100.0,455.584,100.0,-53.38988494873047
46.20657730102539,100.0,455.611,100.0,-53.408775329589844
46.239474058151245,100.0,455.679,100.0,-53.417789459228516
46.27158236503601,100.0,455.726,100.0,-53.42624282836914
46.30421543121338,100.0,455.888,100.0,-53.43992614746094
46.33580660820007,100.0,455.965,100.0,-53.4487190246582
46.3688280582428,100.0,456.045,100.0,-53.458282470703125
46.40265774726868,100.0,456.093,100.0,-53.47805404663086
46.438172340393066,100.0,456.194,100.0,-53.4871826171875
46.47092032432556,100.0,456.235,100.0,-53.495731353759766
46.50579881668091,100.0,456.27,100.0,-53.510650634765625
46.5554621219635,100.0,456.372,100.0,-53.52507400512695
46.584381103515625,100.0,456.404,100.0,-53.53150177001953
46.61605763435364,100.0,456.627,100.0,-53.5426139831543
46.647786378860474,100.0,456.716,100.0,-53.553524017333984
46.681461811065674,100.0,456.775,100.0,-53.5762939453125
46.71129107475281,100.0,456.849,100.0,-53.58747100830078
46.74335050582886,100.0,456.921,100.0,-53.59864807128906
46.7744038105011,100.0,457.092,100.0,-53.61061477661133
46.80673432350159,100.0,457.149,100.0,-53.633968353271484
46.838717460632324,100.0,457.217,100.0,-53.644996643066406
46.870298624038696,100.0,457.272,100.0,-53.65299606323242
46.90805268287659,100.0,457.392,100.0,-53.668704986572266
46.935847759246826,100.0,457.438,100.0,-53.67711639404297
46.96868586540222,100.0,457.54,100.0,-53.6850471496582
47.00269818305969,100.0,457.617,100.0,-53.69496536254883
47.03355264663696,100.0,457.661,100.0,-53.71475601196289
47.06577825546265,100.0,457.763,100.0,-53.722900390625
47.09755778312683,100.0,457.861,100.0,-53.731590270996094
47.13220810890198,100.0,457.941,100.0,-53.75278091430664
47.1592800617218,100.0,457.977,100.0,-53.762184143066406
47.20637083053589,100.0,458.166,100.0,-53.78411102294922
47.23248910903931,100.0,458.25,100.0,-53.796356201171875
47.26805830001831,100.0,458.3,100.0,-53.807403564453125
47.29950308799744,100.0,458.343,100.0,-53.816383361816406
47.332077741622925,100.0,458.386,100.0,-53.830528259277344
47.36320400238037,100.0,458.412,100.0,-53.83644104003906
47.39565873146057,100.0,458.472,100.0,-53.84303283691406
47.43158173561096,100.0,458.563,100.0,-53.854000091552734
47.45931267738342,100.0,458.632,100.0,-53.85900115966797
47.50089144706726,100.0,458.701,100.0,-53.86531448364258
47.53264284133911,100.0,458.838,100.0,-53.88142776489258
47.565242767333984,100.0,458.909,100.0,-53.89000701904297
47.596096992492676,100.0,458.987,100.0,-53.89918518066406
47.63164472579956,100.0,459.055,100.0,-53.919219970703125
47.659220933914185,100.0,459.145,100.0,-53.930355072021484
47.69087338447571,100.0,459.283,100.0,-53.94190979003906
47.723331689834595,100.0,459.338,100.0,-53.95277404785156
47.754403829574585,100.0,459.397,100.0,-53.9729118347168
47.786261558532715,100.0,459.441,100.0,-53.98193359375
47.81775879859924,100.0,459.642,100.0,-53.99064636230469
47.84957194328308,100.0,459.719,100.0,-54.003108978271484
47.882272481918335,100.0,459.81,100.0,-54.02838134765625
47.91986632347107,100.0,459.921,100.0,-54.04249572753906
47.95172119140625,100.0,460.093,100.0,-54.056114196777344
47.98685264587402,100.0,460.157,100.0,-54.0830192565918
48.00906229019165,100.0,460.198,100.0,-54.09416961669922
48.0343804359436,100.0,460.263,100.0,-54.10222244262695
48.06715679168701,100.0,460.325,100.0,-54.1106071472168
48.099369764328,100.0,460.393,100.0,-54.11913299560547
48.130574226379395,100.0,460.491,100.0,-54.128028869628906
48.16294193267822,100.0,460.557,100.0,-54.14442443847656
48.19504427909851,100.0,460.634,100.0,-54.15285110473633
48.22706437110901,100.0,460.73,100.0,-54.162071228027344
48.25898575782776,100.0,460.842,100.0,-54.18512725830078
48.29049825668335,100.0,461.007,100.0,-54.19797134399414
48.32323503494263,100.0,461.11,100.0,-54.21051788330078
48.35357713699341,100.0,461.183,100.0,-54.223995208740234
48.385772705078125,100.0,461.227,100.0,-54.24819564819336
48.41822338104248,100.0,461.43,100.0,-54.26268005371094
48.449824810028076,100.0,461.533,100.0,-54.275482177734375
48.48312067985535,100.0,461.571,100.0,-54.30065155029297
48.51512885093689,100.0,461.615,100.0,-54.310813903808594
48.53700232505798,100.0,461.747,100.0,-54.3236083984375
48.5683970451355,100.0,461.78,100.0,-54.33428955078125
48.608773708343506,100.0,461.997,100.0,-54.36006546020508
48.637047290802,100.0,462.031,100.0,-54.371192932128906
48.667213916778564,100.0,462.12,100.0,-54.37918472290039
48.70222759246826,100.0,462.173,100.0,-54.388492584228516
48.73468279838562,100.0,462.284,100.0,-54.405487060546875
48.76629328727722,100.0,462.363,100.0,-54.41395568847656
48.7989866733551,100.0,462.453,100.0,-54.42325210571289
48.831517457962036,100.0,462.5,100.0,-54.443115234375
48.86306977272034,100.0,462.605,100.0,-54.45214080810547
48.89517521858215,100.0,462.619,100.0,-54.46070861816406
48.926841735839844,100.0,462.687,100.0,-54.467376708984375
48.959444761276245,100.0,462.761,100.0,-54.48320770263672
48.99117064476013,100.0,462.922,100.0,-54.49213409423828
49.0230028629303,100.0,463.009,100.0,-54.50230407714844
49.055575370788574,100.0,463.169,100.0,-54.513309478759766
49.085960149765015,100.0,463.281,100.0,-54.54357147216797
49.11848831176758,100.0,463.343,100.0,-54.55765151977539
49.14927911758423,100.0,463.499,100.0,-54.57229995727539
49.18453073501587,100.0,463.56,100.0,-54.59727478027344
49.21335053443909,100.0,463.647,100.0,-54.60961151123047
49.2458930015564,100.0,463.676,100.0,-54.61977005004883
49.277854919433594,100.0,463.766,100.0,-54.62702178955078
49.30376744270325,100.0,463.775,100.0,-54.63581848144531
49.33633327484131,100.0,463.955,100.0,-54.64990234375
49.36926293373108,100.0,464.013,100.0,-54.65974807739258
49.40068578720093,100.0,464.143,100.0,-54.66925048828125
49.43442153930664,100.0,464.227,100.0,-54.6939811706543
49.46682620048523,100.0,464.353,100.0,-54.70444869995117
49.49843430519104,100.0,464.465,100.0,-54.71589660644531
49.53103280067444,100.0,464.564,100.0,-54.72888946533203
49.56329655647278,100.0,464.59,100.0,-54.75358581542969
49.6026086807251,100.0,464.715,100.0,-54.76529312133789
49.63516616821289,100.0,464.754,100.0,-54.7840461730957
49.66689968109131,100.0,464.831,100.0,-54.79348373413086
49.69833326339722,100.0,464.895,100.0,-54.80290222167969
49.72936725616455,100.0,465.078,100.0,-54.81289291381836
49.76094961166382,100.0,465.145,100.0,-54.829444885253906
49.79273986816406,100.0,465.216,100.0,-54.83897399902344
49.824674129486084,100.0,465.321,100.0,-54.84878158569336
49.85987424850464,100.0,465.397,100.0,-54.87173080444336
49.88892650604248,100.0,465.595,100.0,-54.88456726074219
49.920652627944946,100.0,465.653,100.0,-54.897762298583984
49.95267868041992,100.0,465.724,100.0,-54.90983581542969
49.985373973846436,100.0,465.754,100.0,-54.93134307861328
50.02019667625427,100.0,465.868,100.0,-54.94054412841797
50.05263924598694,100.0,465.931,100.0,-54.94964599609375
50.08739447593689,100.0,466.011,100.0,-54.96862030029297
50.11940813064575,100.0,466.131,100.0,-54.98072052001953
50.15164494514465,100.0,466.332,100.0,-54.992835998535156
50.18455505371094,100.0,466.424,100.0,-55.02082443237305
50.215622425079346,100.0,466.559,100.0,-55.03677749633789
50.24811577796936,100.0,466.629,100.0,-55.05145263671875
50.27963924407959,100.0,466.768,100.0,-55.06458282470703
50.31195330619812,100.0,466.808,100.0,-55.084293365478516
50.344133615493774,100.0,466.892,100.0,-55.09323501586914
50.375778913497925,100.0,466.933,100.0,-55.103065490722656
50.411030530929565,100.0,467.036,100.0,-55.11996078491211
50.4403817653656,100.0,467.105,100.0,-55.12800216674805
50.47287201881409,100.0,467.182,100.0,-55.13654708862305
50.50549507141113,100.0,467.259,100.0,-55.14582061767578
50.5363667011261,100.0,467.337,100.0,-55.166015625
50.56842350959778,100.0,467.512,100.0,-55.180809020996094
50.600221395492554,100.0,467.682,100.0,-55.195133209228516
50.633121490478516,100.0,467.723,100.0,-55.209327697753906
50.669933795928955,100.0,467.782,100.0,-55.23268127441406
50.70137166976929,100.0,467.857,100.0,-55.243927001953125
50.73709177970886,100.0,468.006,100.0,-55.26029968261719
50.76796102523804,100.0,468.074,100.0,-55.269771575927734
50.80279731750488,100.0,468.146,100.0,-55.27937316894531
50.83494472503662,100.0,468.295,100.0,-55.29906463623047
50.86692476272583,100.0,468.373,100.0,-55.30961608886719
50.899357318878174,100.0,468.416,100.0,-55.32048797607422
50.93136978149414,100.0,468.503,100.0,-55.33013916015625
50.962703466415405,100.0,468.588,100.0,-55.35186767578125
50.995073556900024,100.0,468.769,100.0,-55.36305618286133
51.02664661407471,100.0,468.859,100.0,-55.37563705444336
51.05979776382446,100.0,468.919,100.0,-55.4005241394043
51.09097981452942,100.0,469.071,100.0,-55.415565490722656
51.12336778640747,100.0,469.168,100.0,-55.42698287963867
51.15450644493103,100.0,469.231,100.0,-55.438907623291016
51.17514681816101,100.0,469.231,100.0,-55.45017623901367
51.21874237060547,100.0,469.427,100.0,-55.47475051879883
51.249918699264526,100.0,469.516,100.0,-55.4880485534668
51.28065299987793,100.0,469.728,100.0,-55.501705169677734
51.312864542007446,100.0,469.837,100.0,-55.52362060546875
51.345102310180664,100.0,469.897,100.0,-55.536842346191406
51.37708902359009,100.0,469.975,100.0,-55.54896545410156
51.41169476509094,100.0,470.034,100.0,-55.5721435546875
51.45310711860657,100.0,470.198,100.0,-55.582069396972656
51.484177112579346,100.0,470.311,100.0,-55.594078063964844
51.503241777420044,100.0,470.385,100.0,-55.607486724853516
51.53443217277527,100.0,470.494,100.0,-55.63422775268555
51.56728672981262,100.0,470.599,100.0,-55.646934509277344
51.5993549823761,100.0,470.696,100.0,-55.657928466796875
51.63048028945923,100.0,470.75,100.0,-55.66986846923828
51.66231632232666,100.0,470.799,100.0,-55.690547943115234
51.693729639053345,100.0,470.899,100.0,-55.70171356201172
51.73551821708679,100.0,471.178,100.0,-55.73242950439453
51.766863107681274,100.0,471.229,100.0,-55.746063232421875
51.7999267578125,100.0,471.322,100.0,-55.759857177734375
51.831137895584106,100.0,471.444,100.0,-55.77179718017578
51.863272190093994,100.0,471.558,100.0,-55.79679489135742
51.89509153366089,100.0,471.642,100.0,-55.806365966796875
51.92689347267151,100.0,471.767,100.0,-55.8166389465332
51.95890259742737,100.0,471.897,100.0,-55.829185485839844
51.99056386947632,100.0,472.049,100.0,-55.857810974121094
52.022521018981934,100.0,472.122,100.0,-55.87091827392578
52.05505728721619,100.0,472.16,100.0,-55.88345718383789
52.088279008865356,100.0,472.198,100.0,-55.90324401855469
52.118916749954224,100.0,472.337,100.0,-55.91294860839844
52.15346074104309,100.0,472.415,100.0,-55.9223747253418
52.18639945983887,100.0,472.544,100.0,-55.944786071777344
52.21994733810425,100.0,472.637,100.0,-55.95771789550781
52.25284695625305,100.0,472.9,100.0,-55.97608184814453
52.28850817680359,100.0,472.968,100.0,-56.005977630615234
52.3165500164032,100.0,473.041,100.0,-56.01941680908203
52.348649978637695,100.0,473.081,100.0,-56.03081512451172
52.38137435913086,100.0,473.236,100.0,-56.04315948486328
52.41270112991333,100.0,473.292,100.0,-56.06467819213867
52.445483446121216,100.0,473.369,100.0,-56.07524108886719
52.47753691673279,100.0,473.429,100.0,-56.082763671875
52.51478433609009,100.0,473.53,100.0,-56.10002136230469
52.54131722450256,100.0,473.675,100.0,-56.1092414855957
52.57312297821045,100.0,473.773,100.0,-56.119422912597656
52.606041431427,100.0,473.866,100.0,-56.13081359863281
52.63810992240906,100.0,473.986,100.0,-56.156742095947266
52.66999864578247,100.0,474.145,100.0,-56.170936584472656
52.702106952667236,100.0,474.208,100.0,-56.18385696411133
52.73963499069214,100.0,474.27,100.0,-56.2071418762207
52.76631450653076,100.0,474.299,100.0,-56.21644973754883
52.80193758010864,100.0,474.439,100.0,-56.227142333984375
52.83325552940369,100.0,474.529,100.0,-56.23656463623047
52.86973977088928,100.0,474.612,100.0,-56.257991790771484
52.90128517150879,100.0,474.681,100.0,-56.268768310546875
52.94080376625061,100.0,474.835,100.0,-56.29078674316406
52.96839880943298,100.0,474.876,100.0,-56.29880142211914
53.000473737716675,100.0,474.957,100.0,-56.306129455566406
53.032747983932495,100.0,475.002,100.0,-56.31462097167969
53.06539344787598,100.0,475.089,100.0,-56.329864501953125
53.09735059738159,100.0,475.142,100.0,-56.33685302734375
53.13002395629883,100.0,475.219,100.0,-56.34394836425781
53.16598057746887,100.0,475.228,100.0,-56.35834503173828
53.19308042526245,100.0,475.301,100.0,-56.365699768066406
53.22478675842285,100.0,475.361,100.0,-56.3720703125
53.25732612609863,100.0,475.492,100.0,-56.37785339355469
53.289408922195435,100.0,475.547,100.0,-56.396541595458984
53.31807827949524,100.0,475.616,100.0,-56.40606689453125
53.34997320175171,100.0,475.697,100.0,-56.41636657714844
53.38188314437866,100.0,475.828,100.0,-56.425785064697266
53.414433002471924,100.0,475.86,100.0,-56.445037841796875
53.44691753387451,100.0,475.932,100.0,-56.454444885253906
53.47902202606201,100.0,475.969,100.0,-56.46278381347656
53.511420011520386,100.0,476.089,100.0,-56.468746185302734
53.54318070411682,100.0,476.124,100.0,-56.48179626464844
53.570191621780396,100.0,476.228,100.0,-56.48855972290039
53.60117554664612,100.0,476.283,100.0,-56.497703552246094
53.63598585128784,100.0,476.323,100.0,-56.50663375854492
53.66672945022583,100.0,476.36,100.0,-56.52216339111328
53.700129985809326,100.0,476.422,100.0,-56.527347564697266
53.732195138931274,100.0,476.437,100.0,-56.53360366821289
53.76749014854431,100.0,476.523,100.0,-56.54573059082031
53.79546070098877,100.0,476.552,100.0,-56.55200958251953
53.82814812660217,100.0,476.721,100.0,-56.558597564697266
53.8522744178772,100.0,476.796,100.0,-56.56824493408203
53.88474130630493,100.0,476.822,100.0,-56.57844543457031
53.91712832450867,100.0,476.858,100.0,-56.59471893310547
53.94908952713013,100.0,476.905,100.0,-56.60223388671875
53.98099374771118,100.0,476.927,100.0,-56.60854721069336
54.018017292022705,100.0,477.029,100.0,-56.61991882324219
54.04477143287659,100.0,477.084,100.0,-56.62527084350586
54.07664966583252,100.0,477.198,100.0,-56.631317138671875
54.11031699180603,100.0,477.242,100.0,-56.6403923034668
54.14207434654236,100.0,477.336,100.0,-56.65788269042969
54.17292261123657,100.0,477.344,100.0,-56.66554641723633
54.20502710342407,100.0,477.417,100.0,-56.671409606933594
54.243125915527344,100.0,477.448,100.0,-56.68507385253906
54.27001476287842,100.0,477.504,100.0,-56.692039489746094
54.29977583885193,100.0,477.574,100.0,-56.698883056640625
54.336121559143066,100.0,477.603,100.0,-56.704872131347656
54.36766743659973,100.0,477.644,100.0,-56.715904235839844
54.402734994888306,100.0,477.734,100.0,-56.72105026245117
54.43370842933655,100.0,477.743,100.0,-56.72722625732422
54.46756434440613,100.0,477.799,100.0,-56.73771667480469
54.49779462814331,100.0,477.839,100.0,-56.74345397949219
54.530531883239746,100.0,477.855,100.0,-56.748207092285156
54.56287741661072,100.0,477.922,100.0,-56.75318145751953
54.59484577178955,100.0,477.986,100.0,-56.76383972167969
54.62750744819641,100.0,478.052,100.0,-56.768131256103516
54.658897399902344,100.0,478.123,100.0,-56.773895263671875
54.69245672225952,100.0,478.217,100.0,-56.7901496887207
54.72377800941467,100.0,478.333,100.0,-56.799652099609375
54.75516629219055,100.0,478.372,100.0,-56.80875778198242
54.7874698638916,100.0,478.406,100.0,-56.817081451416016
54.819525718688965,100.0,478.437,100.0,-56.831321716308594
54.85117840766907,100.0,478.526,100.0,-56.83742904663086
54.88514184951782,100.0,478.544,100.0,-56.844261169433594
54.91908383369446,100.0,478.556,100.0,-56.85447692871094
54.9510235786438,100.0,478.666,100.0,-56.86224365234375
54.98187851905823,100.0,478.78,100.0,-56.86962127685547
55.0039484500885,100.0,478.78,100.0,-56.87803649902344
55.03432750701904,100.0,478.815,100.0,-56.88565444946289
55.066163539886475,100.0,478.899,100.0,-56.896812438964844
55.100929260253906,100.0,478.928,100.0,-56.902610778808594
55.13318610191345,100.0,478.982,100.0,-56.907958984375
55.16754746437073,100.0,479.026,100.0,-56.92018508911133
55.19726634025574,100.0,479.091,100.0,-56.927345275878906
55.22995376586914,100.0,479.15,100.0,-56.93341827392578
55.26208281517029,100.0,479.185,100.0,-56.939361572265625
55.29343104362488,100.0,479.336,100.0,-56.95550537109375
55.32594585418701,100.0,479.409,100.0,-56.966278076171875
55.357099771499634,100.0,479.5,100.0,-56.97617721557617
55.39356875419617,100.0,479.528,100.0,-56.99321746826172
55.420706272125244,100.0,479.541,100.0,-56.99946212768555
55.45341110229492,100.0,479.569,100.0,-57.00507736206055
55.48438382148743,100.0,479.589,100.0,-57.00987243652344
55.52030873298645,100.0,479.628,100.0,-57.01545715332031
55.54768705368042,100.0,479.658,100.0,-57.0184440612793
55.57918310165405,100.0,479.716,100.0,-57.02168273925781
55.610827922821045,100.0,479.77,100.0,-57.02629852294922
55.643757581710815,100.0,479.866,100.0,-57.0380859375
55.67042326927185,100.0,479.901,100.0,-57.044342041015625
55.702775716781616,100.0,479.962,100.0,-57.05033493041992
55.73683404922485,100.0,479.977,100.0,-57.057220458984375
55.769631147384644,100.0,480.04,100.0,-57.069541931152344
55.79938054084778,100.0,480.156,100.0,-57.07728958129883
55.831512212753296,100.0,480.242,100.0,-57.084930419921875
55.86320424079895,100.0,480.287,100.0,-57.094120025634766
55.89542007446289,100.0,480.354,100.0,-57.1119384765625
55.92761278152466,100.0,480.45,100.0,-57.120849609375
55.97147846221924,100.0,480.515,100.0,-57.138057708740234
56.00165867805481,100.0,480.565,100.0,-57.1466064453125
56.03331971168518,100.0,480.64,100.0,-57.154598236083984
56.06918406486511,100.0,480.662,100.0,-57.16786193847656
56.09805727005005,100.0,480.685,100.0,-57.17314910888672
56.12867093086243,100.0,480.711,100.0,-57.177947998046875
56.1607882976532,100.0,480.754,100.0,-57.1812858581543
56.195831060409546,100.0,480.85,100.0,-57.19117736816406
56.22435140609741,100.0,480.883,100.0,-57.196292877197266
56.25573778152466,100.0,480.926,100.0,-57.201297760009766
56.2879638671875,100.0,480.941,100.0,-57.206642150878906
56.321096897125244,100.0,480.984,100.0,-57.215972900390625
56.35240197181702,100.0,481.086,100.0,-57.221588134765625
56.38710045814514,100.0,481.139,100.0,-57.227752685546875
56.42140984535217,100.0,481.225,100.0,-57.242889404296875
56.4528751373291,100.0,481.308,100.0,-57.25259017944336
56.48466992378235,100.0,481.388,100.0,-57.26294708251953
56.51973032951355,100.0,481.436,100.0,-57.278480529785156
56.550941467285156,100.0,481.51,100.0,-57.28718185424805
56.58145499229431,100.0,481.548,100.0,-57.29513931274414
56.61454129219055,100.0,481.661,100.0,-57.30402374267578
56.64602541923523,100.0,481.687,100.0,-57.31805419921875
56.678382396698,100.0,481.73,100.0,-57.323326110839844
56.71057462692261,100.0,481.755,100.0,-57.32883071899414
56.745869398117065,100.0,481.791,100.0,-57.33872985839844
56.774550914764404,100.0,481.846,100.0,-57.343048095703125
56.805545806884766,100.0,481.883,100.0,-57.347511291503906
56.83693552017212,100.0,481.942,100.0,-57.3521728515625
56.87284278869629,100.0,481.996,100.0,-57.36431121826172
56.90150332450867,100.0,482.027,100.0,-57.370216369628906
56.933393239974976,100.0,482.185,100.0,-57.37907791137695
56.970903396606445,100.0,482.216,100.0,-57.395164489746094
56.99756598472595,100.0,482.239,100.0,-57.4016227722168
57.03660345077515,100.0,482.388,100.0,-57.409542083740234
57.06976675987244,100.0,482.516,100.0,-57.43007278442383
57.10415029525757,100.0,482.586,100.0,-57.44174575805664
57.13599634170532,100.0,482.639,100.0,-57.450382232666016
57.17108750343323,100.0,482.702,100.0,-57.46795654296875
57.200315713882446,100.0,482.739,100.0,-57.47430419921875
57.233922243118286,100.0,482.764,100.0,-57.4803581237793
57.26593208312988,100.0,482.793,100.0,-57.485687255859375
57.297465562820435,100.0,482.859,100.0,-57.49683380126953
57.33008909225464,100.0,482.981,100.0,-57.502506256103516
57.36199402809143,100.0,483.002,100.0,-57.51038360595703
57.378504514694214,100.0,483.005,100.0,-57.5169792175293
57.40972137451172,100.0,483.059,100.0,-57.521827697753906
57.44202637672424,100.0,483.082,100.0,-57.52747344970703
57.47483277320862,100.0,483.228,100.0,-57.54205322265625
57.506540060043335,100.0,483.246,100.0,-57.54988098144531
57.5353000164032,100.0,483.283,100.0,-57.55632400512695
57.571916341781616,100.0,483.309,100.0,-57.566646575927734
57.600433349609375,100.0,483.374,100.0,-57.57281494140625
57.63317346572876,100.0,483.404,100.0,-57.5784912109375
57.66517734527588,100.0,483.545,100.0,-57.58647537231445
57.696648597717285,100.0,483.599,100.0,-57.59841537475586
57.73003435134888,100.0,483.625,100.0,-57.605064392089844
57.761208057403564,100.0,483.64,100.0,-57.6109504699707
57.78642797470093,100.0,483.708,100.0,-57.615779876708984
57.82275080680847,100.0,483.763,100.0,-57.62882995605469
57.851197242736816,100.0,483.833,100.0,-57.63622283935547
57.88424301147461,100.0,483.816,100.0,-57.642059326171875
57.91651153564453,100.0,483.813,100.0,-57.645511627197266
57.94879508018494,100.0,483.881,100.0,-57.65195846557617
57.981406927108765,100.0,484.072,100.0,-57.66294479370117
58.013179063797,100.0,484.223,100.0,-57.67494201660156
58.046913862228394,100.0,484.285,100.0,-57.69749450683594
58.085779666900635,100.0,484.345,100.0,-57.708221435546875
58.11717104911804,100.0,484.541,100.0,-57.72011184692383
58.14943718910217,100.0,484.629,100.0,-57.746482849121094
58.18190312385559,100.0,484.748,100.0,-57.761348724365234
58.21432375907898,100.0,484.77,100.0,-57.772377014160156
58.24780464172363,100.0,484.893,100.0,-57.79094696044922
58.27846384048462,100.0,484.927,100.0,-57.799896240234375
58.31067776679993,100.0,485.058,100.0,-57.80775833129883
58.342981815338135,100.0,485.105,100.0,-57.81885528564453
58.375138998031616,100.0,485.238,100.0,-57.838741302490234
58.4065420627594,100.0,485.325,100.0,-57.848899841308594
58.43892502784729,100.0,485.445,100.0,-57.85991287231445
58.47273015975952,100.0,485.564,100.0,-57.88753890991211
58.50420355796814,100.0,485.678,100.0,-57.901100158691406
58.536229610443115,100.0,485.718,100.0,-57.91301345825195
58.568198919296265,100.0,485.782,100.0,-57.9233512878418
58.60115456581116,100.0,485.871,100.0,-57.94449234008789
58.63549327850342,100.0,486.108,100.0,-57.95779037475586
58.6749165058136,100.0,486.209,100.0,-57.98688507080078
58.70045566558838,100.0,486.357,100.0,-58.00392150878906
58.732956647872925,100.0,486.549,100.0,-58.0245475769043
58.765254735946655,100.0,486.922,100.0,-58.04733657836914
58.79740858078003,100.0,487.14,100.0,-58.100345611572266
58.82904410362244,100.0,487.37,100.0,-58.12113952636719
58.86252188682556,100.0,487.573,100.0,-58.14607238769531
58.892717599868774,100.0,487.771,100.0,-58.17304229736328
58.90844368934631,100.0,487.917,100.0,-58.20134353637695
58.94129991531372,100.0,488.099,100.0,-58.22844696044922
58.97351050376892,100.0,488.294,100.0,-58.28466796875
59.00548219680786,100.0,488.746,100.0,-58.31484603881836
59.03719902038574,100.0,488.941,100.0,-58.34699249267578
59.07468771934509,100.0,489.126,100.0,-58.410240173339844
59.10131573677063,100.0,489.3,100.0,-58.440574645996094
59.13456153869629,100.0,489.657,100.0,-58.477806091308594
59.16621279716492,100.0,489.964,100.0,-58.51297378540039
59.20407271385193,100.0,490.13,100.0,-58.57381820678711
59.23492074012756,100.0,490.247,100.0,-58.600341796875
59.26873183250427,100.0,490.669,100.0,-58.627506256103516
59.300955057144165,100.0,490.839,100.0,-58.67064666748047
59.333364486694336,100.0,491.044,100.0,-58.694618225097656
59.36549639701843,100.0,491.209,100.0,-58.720420837402344
59.39913749694824,100.0,491.519,100.0,-58.769989013671875
59.43027353286743,100.0,491.692,100.0,-58.794620513916016
59.46271634101868,100.0,491.859,100.0,-58.81958770751953
59.49441432952881,100.0,491.995,100.0,-58.844573974609375
59.526721239089966,100.0,492.121,100.0,-58.890541076660156
59.55831718444824,100.0,492.322,100.0,-58.911983489990234
59.590537548065186,100.0,492.484,100.0,-58.93014907836914
59.624016523361206,100.0,492.617,100.0,-58.96912384033203
59.65638875961304,100.0,492.75,100.0,-58.98847198486328
59.685486793518066,100.0,493.18,100.0,-59.01478576660156
59.71764087677002,100.0,493.299,100.0,-59.03935623168945
59.75169062614441,100.0,493.382,100.0,-59.081932067871094
59.78165030479431,100.0,493.507,100.0,-59.10126876831055
59.81410789489746,100.0,493.727,100.0,-59.11932373046875
59.84454941749573,100.0,493.852,100.0,-59.13698959350586
59.87672829627991,100.0,493.979,100.0,-59.17256546020508
59.90254592895508,100.0,494.09,100.0,-59.18988037109375
59.93399262428284,100.0,494.161,100.0,-59.205108642578125
59.97028636932373,100.0,494.331,100.0,-59.21895217895508
60.0004460811615,100.0,494.409,100.0,-59.2388801574707
60.03260397911072,100.0,494.531,100.0,-59.24910354614258
60.06371474266052,100.0,494.63,100.0,-59.261138916015625
60.09644293785095,100.0,494.738,100.0,-59.27363967895508
60.12832760810852,100.0,495.016,100.0,-59.302494049072266
60.16042399406433,100.0,495.181,100.0,-59.319053649902344
60.19306397438049,100.0,495.257,100.0,-59.3378791809082
60.23488116264343,100.0,495.42,100.0,-59.371028900146484
60.2667396068573,100.0,495.487,100.0,-59.3853759765625
60.299498319625854,100.0,495.6,100.0,-59.412288665771484
60.33108329772949,100.0,495.785,100.0,-59.429935455322266
60.36316132545471,100.0,496.0,100.0,-59.44719696044922
60.39509987831116,100.0,496.122,100.0,-59.464202880859375
60.426536083221436,100.0,496.21,100.0,-59.49784851074219
60.458500623703,100.0,496.289,100.0,-59.51285171508789
60.49048924446106,100.0,496.344,100.0,-59.525882720947266
60.52324819564819,100.0,496.48,100.0,-59.53895568847656
60.554654598236084,100.0,496.582,100.0,-59.556358337402344
60.586745500564575,100.0,496.671,100.0,-59.566139221191406
60.61988973617554,100.0,496.728,100.0,-59.5766487121582
60.65180826187134,100.0,496.911,100.0,-59.597679138183594
60.68629431724548,100.0,497.02,100.0,-59.608848571777344
60.71673369407654,100.0,497.139,100.0,-59.621334075927734
60.75102210044861,100.0,497.21,100.0,-59.648292541503906
60.80117058753967,100.0,497.356,100.0,-59.672828674316406
60.83321142196655,100.0,497.437,100.0,-59.68471908569336
60.86501169204712,100.0,497.574,100.0,-59.697654724121094
60.89682722091675,100.0,497.609,100.0,-59.708255767822266
60.92844080924988,100.0,497.621,100.0,-59.723976135253906
60.95997762680054,100.0,497.736,100.0,-59.733360290527344
60.99153518676758,100.0,497.824,100.0,-59.74365997314453
61.02298617362976,100.0,498.019,100.0,-59.75383758544922
61.05570077896118,100.0,498.047,100.0,-59.77138137817383
61.08696389198303,100.0,498.092,100.0,-59.779911041259766
61.11924362182617,100.0,498.181,100.0,-59.78779602050781
61.15312337875366,100.0,498.231,100.0,-59.80570983886719
61.18251132965088,100.0,498.41,100.0,-59.814735412597656
61.21427583694458,100.0,498.454,100.0,-59.82576370239258
61.24779963493347,100.0,498.522,100.0,-59.83557891845703
61.27024531364441,100.0,498.577,100.0,-59.845458984375
61.30356764793396,100.0,498.606,100.0,-59.862770080566406
61.33583402633667,100.0,498.76,100.0,-59.871952056884766
61.36911416053772,100.0,498.886,100.0,-59.88136672973633
61.40458941459656,100.0,499.084,100.0,-59.91047286987305
61.43487310409546,100.0,499.167,100.0,-59.926605224609375
61.467432498931885,100.0,499.255,100.0,-59.940513610839844
61.499659299850464,100.0,499.337,100.0,-59.96434020996094
61.53135824203491,100.0,499.42,100.0,-59.97649002075195
61.56338667869568,100.0,499.485,100.0,-59.988006591796875
61.595619201660156,100.0,499.546,100.0,-59.998863220214844
61.62784957885742,100.0,499.64,100.0,-60.01349639892578
61.67546105384827,100.0,499.701,100.0,-60.02072525024414
61.70657444000244,100.0,499.815,100.0,-60.03512191772461
61.739370822906494,100.0,499.871,100.0,-60.043121337890625
61.77133536338806,100.0,499.969,100.0,-60.051124572753906
61.80277371406555,100.0,500.05,100.0,-60.07133483886719
61.8346631526947,100.0,500.151,100.0,-60.08312225341797
61.86768341064453,100.0,500.385,100.0,-60.09700012207031
61.89971375465393,100.0,500.463,100.0,-60.11172866821289
61.93199324607849,100.0,500.571,100.0,-60.140708923339844
61.96412467956543,100.0,500.635,100.0,-60.15431213378906
61.99565076828003,100.0,500.728,100.0,-60.16621017456055
62.02788162231445,100.0,500.714,100.0,-60.183685302734375
62.068514823913574,100.0,500.742,100.0,-60.18964385986328
62.10094928741455,100.0,500.819,100.0,-60.19367218017578
62.134876012802124,100.0,500.957,100.0,-60.20193099975586
62.167381048202515,100.0,501.044,100.0,-60.21061706542969
62.19922590255737,100.0,501.135,100.0,-60.220489501953125
62.23165225982666,100.0,501.251,100.0,-60.24224090576172
62.26404047012329,100.0,501.317,100.0,-60.25213623046875
62.295717000961304,100.0,501.404,100.0,-60.262054443359375
62.33667612075806,100.0,501.591,100.0,-60.28440856933594
62.368329763412476,100.0,501.668,100.0,-60.29697036743164
62.40133762359619,100.0,501.776,100.0,-60.32299041748047
62.43232440948486,100.0,501.822,100.0,-60.33489227294922
62.46482038497925,100.0,501.884,100.0,-60.34614181518555
62.49643087387085,100.0,502.025,100.0,-60.357513427734375
62.528685331344604,100.0,502.094,100.0,-60.37920379638672
62.56013751029968,100.0,502.189,100.0,-60.390953063964844
62.592225551605225,100.0,502.247,100.0,-60.40190505981445
62.6235888004303,100.0,502.399,100.0,-60.41358184814453
62.655460357666016,100.0,502.486,100.0,-60.430606842041016
62.68712592124939,100.0,502.582,100.0,-60.44032669067383
62.719470262527466,100.0,502.633,100.0,-60.45131301879883
62.75105428695679,100.0,502.716,100.0,-60.461395263671875
62.78697490692139,100.0,502.804,100.0,-60.48162078857422
62.81892156600952,100.0,502.86,100.0,-60.49034118652344
62.85639476776123,100.0,502.894,100.0,-60.506378173828125
62.88395714759827,100.0,503.086,100.0,-60.51553726196289
62.916736364364624,100.0,503.187,100.0,-60.526248931884766
62.949092626571655,100.0,503.27,100.0,-60.538246154785156
62.98114371299744,100.0,503.303,100.0,-60.560768127441406
63.01251244544983,100.0,503.331,100.0,-60.56936264038086
63.045263051986694,100.0,503.476,100.0,-60.578739166259766
63.08246326446533,100.0,503.522,100.0,-60.597023010253906
63.108969926834106,100.0,503.547,100.0,-60.604312896728516
63.140735387802124,100.0,503.628,100.0,-60.60942459106445
63.17267060279846,100.0,503.615,100.0,-60.616268157958984
63.20516586303711,100.0,503.635,100.0,-60.62403106689453
63.23629856109619,100.0,503.618,100.0,-60.62641525268555
63.26906085014343,100.0,503.635,100.0,-60.62710189819336
63.30099940299988,100.0,503.689,100.0,-60.6279296875
63.33347177505493,100.0,503.724,100.0,-60.63349914550781
63.36472034454346,100.0,503.795,100.0,-60.63726806640625
63.405580282211304,100.0,503.787,100.0,-60.643333435058594
63.43300414085388,100.0,503.795,100.0,-60.645103454589844
63.46556258201599,100.0,503.813,100.0,-60.64680099487305
63.50291347503662,100.0,503.817,100.0,-60.64873504638672
63.535244941711426,100.0,503.81,100.0,-60.6487922668457
63.568116903305054,100.0,503.815,100.0,-60.64956283569336
63.60540008544922,100.0,503.789,100.0,-60.647579193115234
63.632617235183716,100.0,503.82,100.0,-60.64745330810547
63.665183305740356,100.0,503.845,100.0,-60.648231506347656
63.697771072387695,100.0,503.89,100.0,-60.65056228637695
63.72958159446716,100.0,503.982,100.0,-60.65643310546875
63.76153635978699,100.0,504.027,100.0,-60.66030502319336
63.79374623298645,100.0,504.05,100.0,-60.66503143310547
63.83214712142944,100.0,504.085,100.0,-60.67423629760742
63.85711121559143,100.0,504.13,100.0,-60.679622650146484
63.890493392944336,100.0,504.166,100.0,-60.68343734741211
63.918851137161255,100.0,504.184,100.0,-60.68788146972656
63.951109409332275,100.0,504.229,100.0,-60.69188690185547
63.98264527320862,100.0,504.293,100.0,-60.70288848876953
64.01373314857483,100.0,504.399,100.0,-60.711936950683594
64.04640913009644,100.0,504.52,100.0,-60.72123718261719
64.0801637172699,100.0,504.583,100.0,-60.740509033203125
64.10949802398682,100.0,504.646,100.0,-60.750423431396484
64.1413254737854,100.0,504.689,100.0,-60.759605407714844
64.17437052726746,100.0,504.73,100.0,-60.76728057861328
64.2065634727478,100.0,504.756,100.0,-60.778419494628906
64.23551630973816,100.0,504.783,100.0,-60.78281021118164
64.26969313621521,100.0,504.846,100.0,-60.787025451660156
64.30581665039062,100.0,504.905,100.0,-60.79912185668945
64.33396029472351,100.0,505.044,100.0,-60.8062744140625
64.36585760116577,100.0,505.081,100.0,-60.814903259277344
64.39733409881592,100.0,505.134,100.0,-60.82281494140625
64.43235206604004,100.0,505.186,100.0,-60.8388786315918
64.46775460243225,100.0,505.307,100.0,-60.84748840332031
64.50045919418335,100.0,505.362,100.0,-60.85615158081055
64.53206729888916,100.0,505.408,100.0,-60.873069763183594
64.56500101089478,100.0,505.468,100.0,-60.88160705566406
64.5964605808258,100.0,505.735,100.0,-60.8953971862793
64.6291127204895,100.0,505.77,100.0,-60.921146392822266
64.66119122505188,100.0,505.825,100.0,-60.932167053222656
64.69332122802734,100.0,505.878,100.0,-60.942466735839844
64.72528314590454,100.0,505.997,100.0,-60.95253372192383
64.75722980499268,100.0,506.042,100.0,-60.96936798095703
64.78878688812256,100.0,506.113,100.0,-60.97626495361328
64.82087707519531,100.0,506.142,100.0,-60.98412322998047
64.85353708267212,100.0,506.22,100.0,-60.990962982177734
64.886070728302,100.0,506.348,100.0,-61.00742721557617
64.91989731788635,100.0,506.42,100.0,-61.01629638671875
64.95664620399475,100.0,506.457,100.0,-61.03413009643555
64.9865608215332,100.0,506.559,100.0,-61.044456481933594
65.03501892089844,100.0,506.728,100.0,-61.066986083984375
65.06685900688171,100.0,506.854,100.0,-61.07968521118164
65.09969329833984,100.0,506.928,100.0,-61.09020233154297
65.13336658477783,100.0,506.951,100.0,-61.109718322753906
65.16168212890625,100.0,506.989,100.0,-61.11759948730469
65.19377779960632,100.0,507.019,100.0,-61.12445831298828
65.22503066062927,100.0,507.115,100.0,-61.13057327270508
65.25682163238525,100.0,507.183,100.0,-61.14533996582031
65.288898229599,100.0,507.267,100.0,-61.15089416503906
65.32200932502747,100.0,507.336,100.0,-61.158260345458984
65.35319066047668,100.0,507.413,100.0,-61.166404724121094
65.38563394546509,100.0,507.528,100.0,-61.184547424316406
65.41790652275085,100.0,507.589,100.0,-61.193450927734375
65.45003294944763,100.0,507.664,100.0,-61.20244598388672
65.48316717147827,100.0,507.741,100.0,-61.22233581542969
65.51705741882324,100.0,507.887,100.0,-61.23210525512695
65.54983854293823,100.0,507.936,100.0,-61.24301528930664
65.58335876464844,100.0,508.006,100.0,-61.263248443603516
65.61141991615295,100.0,508.13,100.0,-61.27587127685547
65.63565015792847,100.0,508.186,100.0,-61.28749084472656
65.66749596595764,100.0,508.184,100.0,-61.29589080810547
65.70265054702759,100.0,508.261,100.0,-61.30318069458008
65.73469758033752,100.0,508.323,100.0,-61.317832946777344
65.76855325698853,100.0,508.432,100.0,-61.32778549194336
65.7986707687378,100.0,508.518,100.0,-61.334999084472656
65.81542229652405,100.0,508.594,100.0,-61.343711853027344
65.84754657745361,100.0,508.665,100.0,-61.35316467285156
65.88018155097961,100.0,508.674,100.0,-61.36297607421875
65.91164112091064,100.0,508.787,100.0,-61.377708435058594
65.94359731674194,100.0,508.824,100.0,-61.38565444946289
65.97603487968445,100.0,508.919,100.0,-61.39288330078125
66.01049780845642,100.0,508.965,100.0,-61.4105224609375
66.03511786460876,100.0,509.037,100.0,-61.419677734375
66.06729626655579,100.0,509.098,100.0,-61.42801284790039
66.09898805618286,100.0,509.152,100.0,-61.434837341308594
66.13130211830139,100.0,509.156,100.0,-61.441925048828125
66.16427254676819,100.0,509.31,100.0,-61.45716857910156
66.1960837841034,100.0,509.473,100.0,-61.46722412109375
66.2275710105896,100.0,509.534,100.0,-61.478668212890625
66.25955152511597,100.0,509.632,100.0,-61.501739501953125
66.29228186607361,100.0,509.707,100.0,-61.51378631591797
66.31992435455322,100.0,509.765,100.0,-61.525047302246094
66.35218691825867,100.0,509.83,100.0,-61.535987854003906
66.38506078720093,100.0,509.931,100.0,-61.55122756958008
66.41798973083496,100.0,510.013,100.0,-61.55896759033203
66.44999885559082,100.0,510.081,100.0,-61.56790542602539
66.48487496376038,100.0,510.152,100.0,-61.586856842041016
66.5136022567749,100.0,510.258,100.0,-61.596744537353516
66.54624533653259,100.0,510.316,100.0,-61.6054573059082
66.56778478622437,100.0,510.387,100.0,-61.6141357421875
66.60040473937988,100.0,510.445,100.0,-61.62334060668945
66.63697171211243,100.0,510.637,100.0,-61.64698791503906
66.66493582725525,100.0,510.703,100.0,-61.66053771972656
66.69733214378357,100.0,510.82,100.0,-61.6728515625
66.7295343875885,100.0,510.886,100.0,-61.684410095214844
66.76132488250732,100.0,510.951,100.0,-61.70641326904297
66.79376864433289,100.0,511.047,100.0,-61.7182731628418
66.82592630386353,100.0,511.118,100.0,-61.72987747192383
66.86217069625854,100.0,511.214,100.0,-61.74797058105469
66.88997268676758,100.0,511.26,100.0,-61.755210876464844
66.92213296890259,100.0,511.292,100.0,-61.762203216552734
66.95471334457397,100.0,511.354,100.0,-61.76842498779297
66.9871129989624,100.0,511.528,100.0,-61.78351593017578
67.03587889671326,100.0,511.617,100.0,-61.804107666015625
67.06886863708496,100.0,511.824,100.0,-61.816123962402344
67.1011893749237,100.0,511.909,100.0,-61.82944107055664
67.13554310798645,100.0,512.019,100.0,-61.85720443725586
67.16762232780457,100.0,512.131,100.0,-61.87250518798828
67.19863629341125,100.0,512.373,100.0,-61.89061737060547
67.23030829429626,100.0,512.44,100.0,-61.9073486328125
67.26213884353638,100.0,512.549,100.0,-61.938148498535156
67.29442596435547,100.0,512.629,100.0,-61.95297622680664
67.32566261291504,100.0,512.7,100.0,-61.96677017211914
67.361652135849,100.0,512.89,100.0,-61.99555587768555
67.38859844207764,100.0,513.014,100.0,-62.00566864013672
67.42054963111877,100.0,513.13,100.0,-62.01802062988281
67.45322036743164,100.0,513.218,100.0,-62.031776428222656
67.48464441299438,100.0,513.32,100.0,-62.05961608886719
67.51667475700378,100.0,513.477,100.0,-62.07317352294922
67.54791331291199,100.0,513.59,100.0,-62.08628845214844
67.58004069328308,100.0,513.707,100.0,-62.10049057006836
67.61177396774292,100.0,513.844,100.0,-62.13251876831055
67.63672113418579,100.0,513.971,100.0,-62.15015411376953
67.66809511184692,100.0,514.234,100.0,-62.16864776611328
67.70047950744629,100.0,514.327,100.0,-62.18767547607422
67.73745965957642,100.0,514.573,100.0,-62.228904724121094
67.7685158252716,100.0,514.692,100.0,-62.25117492675781
67.80135369300842,100.0,514.934,100.0,-62.272064208984375
67.83537554740906,100.0,515.052,100.0,-62.29303741455078
67.86757230758667,100.0,515.131,100.0,-62.33147430419922
67.89926815032959,100.0,515.224,100.0,-62.34850311279297
67.93114185333252,100.0,515.353,100.0,-62.36237335205078
67.96260666847229,100.0,515.451,100.0,-62.382755279541016
67.99549436569214,100.0,515.585,100.0,-62.39418029785156
68.02745318412781,100.0,515.714,100.0,-62.407814025878906
68.06121850013733,100.0,515.903,100.0,-62.43669891357422
68.09210324287415,100.0,515.993,100.0,-62.45159912109375
68.12521409988403,100.0,516.118,100.0,-62.46609115600586
68.15197610855103,100.0,516.209,100.0,-62.48173904418945
68.18804907798767,100.0,516.296,100.0,-62.51139450073242
68.21630620956421,100.0,516.391,100.0,-62.52581787109375
68.24803638458252,100.0,516.554,100.0,-62.538143157958984
68.28066325187683,100.0,516.638,100.0,-62.55174255371094
68.31204724311829,100.0,516.849,100.0,-62.58332824707031
68.34404683113098,100.0,516.979,100.0,-62.602169036865234
68.37698245048523,100.0,517.328,100.0,-62.62324905395508
68.40765738487244,100.0,517.445,100.0,-62.64607238769531
68.43874669075012,100.0,517.57,100.0,-62.688968658447266
68.46755146980286,100.0,517.705,100.0,-62.710121154785156
68.50356817245483,100.0,517.866,100.0,-62.732330322265625
68.53410387039185,100.0,518.217,100.0,-62.75529861450195
68.5675790309906,100.0,518.381,100.0,-62.79218673706055
68.59897232055664,100.0,518.545,100.0,-62.81364440917969
68.63166570663452,100.0,518.745,100.0,-62.83615493774414
68.66485595703125,100.0,519.052,100.0,-62.88527297973633
68.70134544372559,100.0,519.206,100.0,-62.90983581542969
68.73449897766113,100.0,519.32,100.0,-62.93425750732422
68.76611590385437,100.0,519.454,100.0,-62.978912353515625
68.79731678962708,100.0,519.681,100.0,-62.999534606933594
68.82978534698486,100.0,519.949,100.0,-63.01926803588867
68.8642168045044,100.0,520.102,100.0,-63.06968307495117
68.89361596107483,100.0,520.263,100.0,-63.09465408325195
68.9264395236969,100.0,520.496,100.0,-63.116912841796875
68.95820879936218,100.0,520.608,100.0,-63.138702392578125
68.99063372612,100.0,520.706,100.0,-63.177879333496094
69.02338314056396,100.0,520.875,100.0,-63.1983528137207
69.05555582046509,100.0,520.982,100.0,-63.217552185058594
69.08989691734314,100.0,521.187,100.0,-63.245452880859375
69.11854600906372,100.0,521.29,100.0,-63.25928497314453
69.15321588516235,100.0,521.435,100.0,-63.27325439453125
69.18490719795227,100.0,521.531,100.0,-63.28911590576172
69.21831440925598,100.0,521.706,100.0,-63.31911849975586
69.2499611377716,100.0,521.771,100.0,-63.33295822143555
69.28242063522339,100.0,521.823,100.0,-63.345420837402344
69.31508278846741,100.0,521.945,100.0,-63.368892669677734
69.36460280418396,100.0,522.155,100.0,-63.395572662353516
69.39548969268799,100.0,522.301,100.0,-63.41154098510742
69.42740321159363,100.0,522.495,100.0,-63.42860412597656
69.46014904975891,100.0,522.591,100.0,-63.44348907470703
69.49217438697815,100.0,522.649,100.0,-63.47107696533203
69.52409505844116,100.0,522.761,100.0,-63.48491668701172
69.5554370880127,100.0,522.934,100.0,-63.49897766113281
69.58879017829895,100.0,523.067,100.0,-63.52696228027344
69.61969923973083,100.0,523.129,100.0,-63.540252685546875
69.65231823921204,100.0,523.178,100.0,-63.549713134765625
69.68379163742065,100.0,523.236,100.0,-63.55828094482422
69.71640610694885,100.0,523.401,100.0,-63.57565689086914
69.75212216377258,100.0,523.511,100.0,-63.58544158935547
69.78375339508057,100.0,523.627,100.0,-63.59690475463867
69.81521129608154,100.0,523.722,100.0,-63.62329864501953
69.86317944526672,100.0,523.879,100.0,-63.64879608154297
69.90192580223083,100.0,523.975,100.0,-63.660430908203125
69.9358901977539,100.0,524.043,100.0,-63.670162200927734
69.96874332427979,100.0,524.122,100.0,-63.68999481201172
70.00121474266052,100.0,524.296,100.0,-63.701026916503906
70.03253841400146,100.0,524.461,100.0,-63.71234893798828
70.06529426574707,100.0,524.552,100.0,-63.742156982421875
70.1138563156128,100.0,524.715,100.0,-63.770408630371094
70.14742159843445,100.0,524.789,100.0,-63.78337097167969
70.1777720451355,100.0,524.865,100.0,-63.795902252197266
70.21042013168335,100.0,525.041,100.0,-63.804908752441406
70.24291372299194,100.0,525.127,100.0,-63.82470703125
70.28515434265137,100.0,525.205,100.0,-63.83620071411133
70.31760430335999,100.0,525.302,100.0,-63.857826232910156
70.34986281394958,100.0,525.388,100.0,-63.86722946166992
70.38185906410217,100.0,525.428,100.0,-63.877479553222656
70.41735196113586,100.0,525.524,100.0,-63.896827697753906
70.44626712799072,100.0,525.619,100.0,-63.90822219848633
70.47815346717834,100.0,525.808,100.0,-63.918067932128906
70.5098831653595,100.0,525.848,100.0,-63.93137741088867
70.54215550422668,100.0,525.903,100.0,-63.95323944091797
70.57381772994995,100.0,525.971,100.0,-63.963600158691406
70.6059308052063,100.0,526.04,100.0,-63.97390365600586
70.65312910079956,100.0,526.199,100.0,-63.989322662353516
70.68406176567078,100.0,526.274,100.0,-63.99870681762695
70.71852922439575,100.0,526.45,100.0,-64.01970672607422
70.75046563148499,100.0,526.526,100.0,-64.03105163574219
70.78533291816711,100.0,526.622,100.0,-64.04244995117188
70.81771540641785,100.0,526.682,100.0,-64.06615447998047
70.85056924819946,100.0,526.846,100.0,-64.07781982421875
70.88121223449707,100.0,526.979,100.0,-64.08975219726562
70.91662955284119,100.0,527.021,100.0,-64.11614990234375
70.94574999809265,100.0,527.065,100.0,-64.1268081665039
70.97720956802368,100.0,527.128,100.0,-64.13710021972656
71.00992727279663,100.0,527.304,100.0,-64.14718627929688
71.04196643829346,100.0,527.355,100.0,-64.16978454589844
71.073739528656,100.0,527.426,100.0,-64.18046569824219
71.10622310638428,100.0,527.472,100.0,-64.1881332397461
71.14116835594177,100.0,527.541,100.0,-64.20105743408203
71.17043924331665,100.0,527.629,100.0,-64.2071762084961
71.20154619216919,100.0,527.705,100.0,-64.2150650024414
71.23426842689514,100.0,527.781,100.0,-64.22383117675781
71.2663049697876,100.0,527.887,100.0,-64.2445297241211
71.29785513877869,100.0,528.003,100.0,-64.25430297851562
71.31716680526733,100.0,528.003,100.0,-64.26461029052734
71.35366773605347,100.0,528.101,100.0,-64.27483367919922
71.3852653503418,100.0,528.152,100.0,-64.28355407714844
71.41958928108215,100.0,528.173,100.0,-64.29874420166016
71.4503014087677,100.0,528.292,100.0,-64.30850982666016
71.48302149772644,100.0,528.436,100.0,-64.31786346435547
71.51508259773254,100.0,528.541,100.0,-64.34032440185547
71.5467267036438,100.0,528.606,100.0,-64.35181427001953
71.57921934127808,100.0,528.697,100.0,-64.36399841308594
71.6102294921875,100.0,528.832,100.0,-64.37654876708984
71.64269161224365,100.0,528.909,100.0,-64.39582824707031
71.69046688079834,100.0,529.04,100.0,-64.41427612304688
71.72282886505127,100.0,529.113,100.0,-64.42347717285156
71.75449681282043,100.0,529.162,100.0,-64.4331283569336
71.78652739524841,100.0,529.186,100.0,-64.44212341308594
71.81893658638,100.0,529.219,100.0,-64.45616912841797
71.84983491897583,100.0,529.365,100.0,-64.46371459960938
71.88485550880432,100.0,529.438,100.0,-64.47223663330078
71.91943216323853,100.0,529.502,100.0,-64.49067687988281
71.95151257514954,100.0,529.583,100.0,-64.4986572265625
71.98279643058777,100.0,529.639,100.0,-64.50643920898438
72.01864814758301,100.0,529.787,100.0,-64.52615356445312
72.04679250717163,100.0,529.899,100.0,-64.53952026367188
72.06740403175354,100.0,529.991,100.0,-64.55322265625
72.1014187335968,100.0,530.053,100.0,-64.56591033935547
72.13460803031921,100.0,530.109,100.0,-64.57695770263672
72.16979718208313,100.0,530.129,100.0,-64.5916748046875
72.20070099830627,100.0,530.162,100.0,-64.59671783447266
72.23265099525452,100.0,530.228,100.0,-64.60150146484375
72.26752614974976,100.0,530.347,100.0,-64.61376190185547
72.2966890335083,100.0,530.43,100.0,-64.62101745605469
72.32875466346741,100.0,530.496,100.0,-64.62965393066406
72.36128973960876,100.0,530.59,100.0,-64.6386489868164
72.37779092788696,100.0,530.706,100.0,-64.64909362792969
72.41854882240295,100.0,530.779,100.0,-64.67383575439453
72.45115971565247,100.0,530.904,100.0,-64.68521881103516
72.48287630081177,100.0,530.938,100.0,-64.6963882446289
72.51822805404663,100.0,531.015,100.0,-64.716064453125
72.54732418060303,100.0,531.081,100.0,-64.72615814208984
72.57870769500732,100.0,531.188,100.0,-64.73794555664062
72.61064887046814,100.0,531.267,100.0,-64.74722290039062
72.64273142814636,100.0,531.316,100.0,-64.76525115966797
72.67464685440063,100.0,531.397,100.0,-64.77489471435547
72.70635771751404,100.0,531.501,100.0,-64.78620147705078
72.74261426925659,100.0,531.667,100.0,-64.80974578857422
72.76937246322632,100.0,531.738,100.0,-64.81855773925781
72.80033373832703,100.0,531.803,100.0,-64.82781982421875
72.83171081542969,100.0,531.87,100.0,-64.8371810913086
72.86705565452576,100.0,531.968,100.0,-64.85519409179688
72.90020537376404,100.0,532.041,100.0,-64.86370849609375
72.93584609031677,100.0,532.074,100.0,-64.87284851074219
72.9688229560852,100.0,532.166,100.0,-64.8902816772461
72.99901103973389,100.0,532.224,100.0,-64.8981704711914
73.03077673912048,100.0,532.352,100.0,-64.9051513671875
73.06307196617126,100.0,532.368,100.0,-64.91543579101562
73.09471917152405,100.0,532.467,100.0,-64.93351745605469
73.12705302238464,100.0,532.511,100.0,-64.94320678710938
73.15841579437256,100.0,532.554,100.0,-64.94956970214844
73.17460417747498,100.0,532.554,100.0,-64.955810546875
73.20700192451477,100.0,532.688,100.0,-64.96259307861328
73.24351024627686,100.0,532.874,100.0,-64.98406982421875
73.27057480812073,100.0,532.91,100.0,-64.99555969238281
73.30288767814636,100.0,532.965,100.0,-65.00627136230469
73.33655071258545,100.0,533.049,100.0,-65.01565551757812
73.3694748878479,100.0,533.122,100.0,-65.03057098388672
73.40123796463013,100.0,533.203,100.0,-65.0379638671875
73.43220615386963,100.0,533.237,100.0,-65.0466079711914
73.47027540206909,100.0,533.293,100.0,-65.06194305419922
73.50154781341553,100.0,533.285,100.0,-65.06751251220703
73.53414106369019,100.0,533.31,100.0,-65.07102966308594
73.56717491149902,100.0,533.341,100.0,-65.07778930664062
73.59794330596924,100.0,533.499,100.0,-65.0829849243164
73.6298360824585,100.0,533.57,100.0,-65.09030151367188
73.66270542144775,100.0,533.62,100.0,-65.09855651855469
73.69404554367065,100.0,533.661,100.0,-65.11422729492188
73.72613763809204,100.0,533.695,100.0,-65.1211166381836
73.75854444503784,100.0,533.794,100.0,-65.12844848632812
73.79149150848389,100.0,533.843,100.0,-65.14258575439453
73.82315325737,100.0,533.967,100.0,-65.15289306640625
73.85555791854858,100.0,534.043,100.0,-65.16365814208984
73.88788771629333,100.0,534.121,100.0,-65.17463684082031
73.91924738883972,100.0,534.148,100.0,-65.18889617919922
73.95211458206177,100.0,534.129,100.0,-65.19422912597656
73.98610424995422,100.0,534.127,100.0,-65.19713592529297
74.0174949169159,100.0,534.098,100.0,-65.20050811767578
74.04930448532104,100.0,534.094,100.0,-65.19954681396484
74.07055568695068,100.0,534.094,100.0,-65.19829559326172
74.09810185432434,100.0,533.896,100.0,-65.19290924072266
74.12999939918518,100.0,533.814,100.0,-65.18426513671875
74.16866159439087,100.0,533.729,100.0,-65.16215515136719
74.20168685913086,100.0,533.594,100.0,-65.14937591552734
74.23490977287292,100.0,533.535,100.0,-65.1373291015625
74.26675653457642,100.0,533.452,100.0,-65.11293029785156
74.29875087738037,100.0,533.426,100.0,-65.10218048095703
74.33150553703308,100.0,533.321,100.0,-65.0923080444336
74.36297702789307,100.0,533.265,100.0,-65.08209228515625
74.39445543289185,100.0,533.143,100.0,-65.05929565429688
74.42658519744873,100.0,533.069,100.0,-65.04658508300781
74.45835781097412,100.0,533.017,100.0,-65.03483581542969
74.49100685119629,100.0,532.8,100.0,-65.02116394042969
74.51977610588074,100.0,532.728,100.0,-64.99580383300781
74.55046439170837,100.0,532.648,100.0,-64.98474884033203
74.58158707618713,100.0,532.583,100.0,-64.97322845458984
74.61363697052002,100.0,532.554,100.0,-64.96199798583984
74.64635801315308,100.0,532.443,100.0,-64.94287109375
74.67854404449463,100.0,532.404,100.0,-64.93391418457031
74.70940256118774,100.0,532.328,100.0,-64.92578887939453
74.74161839485168,100.0,532.243,100.0,-64.90663146972656
74.77456760406494,100.0,532.088,100.0,-64.89689636230469
74.8069519996643,100.0,532.031,100.0,-64.88566589355469
74.83878660202026,100.0,531.964,100.0,-64.87504577636719
74.86957025527954,100.0,531.873,100.0,-64.85296630859375
74.90111660957336,100.0,531.798,100.0,-64.84139251708984
74.93323945999146,100.0,531.7,100.0,-64.83150482177734
74.96726512908936,100.0,531.594,100.0,-64.81011199951172
74.9994387626648,100.0,531.506,100.0,-64.79798889160156
75.03313088417053,100.0,531.479,100.0,-64.7879867553711
75.06951022148132,100.0,531.384,100.0,-64.77132415771484
75.10000467300415,100.0,531.317,100.0,-64.76493072509766
75.13144063949585,100.0,531.269,100.0,-64.75767517089844
75.16338753700256,100.0,531.237,100.0,-64.75054168701172
75.19616389274597,100.0,531.186,100.0,-64.73870849609375
75.22796940803528,100.0,531.142,100.0,-64.73381042480469
75.25943660736084,100.0,531.093,100.0,-64.72863006591797
75.29449439048767,100.0,531.031,100.0,-64.71648406982422
75.3231098651886,100.0,531.004,100.0,-64.71072387695312
75.35563564300537,100.0,530.938,100.0,-64.70449829101562
75.38754892349243,100.0,530.915,100.0,-64.69950103759766
75.42096757888794,100.0,530.927,100.0,-64.69253540039062
75.45192885398865,100.0,530.92,100.0,-64.69065856933594
75.48385334014893,100.0,530.869,100.0,-64.68742370605469
75.52052617073059,100.0,530.781,100.0,-64.67820739746094
75.54715394973755,100.0,530.764,100.0,-64.67509460449219
75.58531308174133,100.0,530.712,100.0,-64.67228698730469
75.61904835700989,100.0,530.618,100.0,-64.6630859375
75.65350866317749,100.0,530.606,100.0,-64.65776062011719
75.68555092811584,100.0,530.611,100.0,-64.65342712402344
75.72026777267456,100.0,530.597,100.0,-64.6480712890625
75.75065112113953,100.0,530.602,100.0,-64.64653015136719
75.78196430206299,100.0,530.559,100.0,-64.64568328857422
75.81418991088867,100.0,530.582,100.0,-64.64347076416016
75.84770631790161,100.0,530.559,100.0,-64.64181518554688
75.87888836860657,100.0,530.551,100.0,-64.64017486572266
75.91046190261841,100.0,530.523,100.0,-64.63973999023438
75.9460334777832,100.0,530.548,100.0,-64.63862609863281
75.97543835639954,100.0,530.522,100.0,-64.63786315917969
76.00674152374268,100.0,530.516,100.0,-64.63717651367188
76.03887176513672,100.0,530.478,100.0,-64.63571166992188
76.07210230827332,100.0,530.481,100.0,-64.63331604003906
76.10302782058716,100.0,530.523,100.0,-64.63275909423828
76.1343765258789,100.0,530.53,100.0,-64.63421630859375
76.17124605178833,100.0,530.55,100.0,-64.63766479492188
76.19867730140686,100.0,530.56,100.0,-64.63945007324219
76.23091959953308,100.0,530.564,100.0,-64.64131927490234
76.26326751708984,100.0,530.563,100.0,-64.64299774169922
76.28602147102356,100.0,530.57,100.0,-64.64430236816406
76.31612825393677,100.0,530.549,100.0,-64.6456527709961
76.34995937347412,100.0,530.515,100.0,-64.64552307128906
76.38342094421387,100.0,530.506,100.0,-64.64437866210938
76.41569328308105,100.0,530.503,100.0,-64.64314270019531
76.44846820831299,100.0,530.506,100.0,-64.64143371582031
76.4793267250061,100.0,530.544,100.0,-64.64254760742188
76.51195120811462,100.0,530.589,100.0,-64.64427947998047
76.54391646385193,100.0,530.619,100.0,-64.64983367919922
76.57532072067261,100.0,530.611,100.0,-64.65193176269531
76.60870862007141,100.0,530.629,100.0,-64.654296875
76.63607168197632,100.0,530.63,100.0,-64.6561508178711
76.67180967330933,100.0,530.694,100.0,-64.66068267822266
76.70031785964966,100.0,530.73,100.0,-64.6636962890625
76.73293471336365,100.0,530.755,100.0,-64.66748809814453
76.76425743103027,100.0,530.744,100.0,-64.67141723632812
76.79604887962341,100.0,530.763,100.0,-64.67660522460938
76.82829594612122,100.0,530.8,100.0,-64.6790542602539
76.8603904247284,100.0,530.81,100.0,-64.68196105957031
76.896568775177,100.0,530.796,100.0,-64.68586730957031
76.9234881401062,100.0,530.823,100.0,-64.68792724609375
76.95654845237732,100.0,530.899,100.0,-64.69014739990234
77.00185656547546,100.0,530.935,100.0,-64.6988296508789
77.03372073173523,100.0,530.968,100.0,-64.70230865478516
77.07313513755798,100.0,530.961,100.0,-64.70884704589844
77.10087823867798,100.0,530.974,100.0,-64.71128845214844
77.13349509239197,100.0,530.985,100.0,-64.71351623535156
77.16682577133179,100.0,531.029,100.0,-64.71641540527344
77.20122861862183,100.0,531.044,100.0,-64.7205810546875
77.23432779312134,100.0,531.037,100.0,-64.7226791381836
77.26582717895508,100.0,531.031,100.0,-64.72388458251953
77.2985029220581,100.0,531.042,100.0,-64.72467041015625
77.32995557785034,100.0,531.092,100.0,-64.72528076171875
77.36228203773499,100.0,531.115,100.0,-64.72775268554688
77.3951518535614,100.0,531.167,100.0,-64.73474884033203
77.425945520401,100.0,531.177,100.0,-64.73832702636719
77.45778465270996,100.0,531.204,100.0,-64.74097442626953
77.49035406112671,100.0,531.206,100.0,-64.7440414428711
77.5225293636322,100.0,531.215,100.0,-64.74842071533203
77.55280566215515,100.0,531.212,100.0,-64.749755859375
77.58580732345581,100.0,531.213,100.0,-64.75033569335938
77.61844539642334,100.0,531.255,100.0,-64.75104522705078
77.64975047111511,100.0,531.281,100.0,-64.75593566894531
77.68204426765442,100.0,531.358,100.0,-64.7611312866211
77.73717308044434,100.0,531.413,100.0,-64.76956176757812
77.77208924293518,100.0,531.427,100.0,-64.77747344970703
77.79939103126526,100.0,531.388,100.0,-64.780029296875
77.83112215995789,100.0,531.412,100.0,-64.78022003173828
77.86357092857361,100.0,531.406,100.0,-64.78123474121094
77.89601540565491,100.0,531.425,100.0,-64.78260803222656
77.9277675151825,100.0,531.473,100.0,-64.78526306152344
77.95979857444763,100.0,531.48,100.0,-64.78719329833984
77.99188995361328,100.0,531.562,100.0,-64.78885650634766
78.02376055717468,100.0,531.596,100.0,-64.79834747314453
78.05631613731384,100.0,531.66,100.0,-64.80467987060547
78.08779335021973,100.0,531.674,100.0,-64.81211853027344
78.11975955963135,100.0,531.683,100.0,-64.81561279296875
78.15188479423523,100.0,531.742,100.0,-64.82308959960938
78.18646264076233,100.0,531.804,100.0,-64.82904815673828
78.21734046936035,100.0,531.834,100.0,-64.83348083496094
78.25027537345886,100.0,531.86,100.0,-64.84107971191406
78.28337025642395,100.0,531.902,100.0,-64.84457397460938
78.3152756690979,100.0,531.936,100.0,-64.8488540649414
78.33195400238037,100.0,532.005,100.0,-64.8533935546875
78.36353516578674,100.0,532.043,100.0,-64.85961151123047
78.3969132900238,100.0,532.07,100.0,-64.87153625488281
78.43480253219604,100.0,532.137,100.0,-64.87796783447266
78.47356128692627,100.0,532.15,100.0,-64.88774871826172
78.50194883346558,100.0,532.177,100.0,-64.89208984375
78.53333640098572,100.0,532.234,100.0,-64.89613342285156
78.5658860206604,100.0,532.277,100.0,-64.90049743652344
78.59871459007263,100.0,532.312,100.0,-64.91051483154297
78.63017106056213,100.0,532.361,100.0,-64.91625213623047
78.66253995895386,100.0,532.368,100.0,-64.92074584960938
78.69782781600952,100.0,532.432,100.0,-64.92816925048828
78.72485709190369,100.0,532.46,100.0,-64.93192291259766
78.7668809890747,100.0,532.495,100.0,-64.9357681274414
78.79846858978271,100.0,532.596,100.0,-64.94552612304688
78.83059930801392,100.0,532.633,100.0,-64.95130920410156
78.86219596862793,100.0,532.674,100.0,-64.95709228515625
78.89855408668518,100.0,532.702,100.0,-64.96858215332031
78.92669320106506,100.0,532.801,100.0,-64.97508239746094
78.95937323570251,100.0,532.854,100.0,-64.98153686523438
78.99159502983093,100.0,532.932,100.0,-64.98848724365234
79.02412915229797,100.0,532.952,100.0,-65.00391387939453
79.05608582496643,100.0,533.061,100.0,-65.01272583007812
79.0875346660614,100.0,533.068,100.0,-65.0201644897461
79.12454319000244,100.0,533.051,100.0,-65.02931213378906
79.15327548980713,100.0,533.032,100.0,-65.03084564208984
79.18545413017273,100.0,533.115,100.0,-65.03299713134766
79.2187979221344,100.0,533.129,100.0,-65.03660583496094
79.25098705291748,100.0,533.193,100.0,-65.04454803466797
79.2872576713562,100.0,533.236,100.0,-65.0498275756836
79.3172996044159,100.0,533.323,100.0,-65.05306243896484
79.35077548027039,100.0,533.385,100.0,-65.06102752685547
79.3826653957367,100.0,533.459,100.0,-65.06781005859375
79.41539931297302,100.0,533.448,100.0,-65.07591247558594
79.44783735275269,100.0,533.502,100.0,-65.08755493164062
79.47972202301025,100.0,533.515,100.0,-65.09217834472656
79.51150226593018,100.0,533.601,100.0,-65.09601593017578
79.5440239906311,100.0,533.622,100.0,-65.10232543945312
79.57600831985474,100.0,533.62,100.0,-65.11170196533203
79.6080732345581,100.0,533.687,100.0,-65.11750793457031
79.64090323448181,100.0,533.711,100.0,-65.12146759033203
79.67264795303345,100.0,533.795,100.0,-65.1314697265625
79.70386695861816,100.0,533.823,100.0,-65.13717651367188
79.73594927787781,100.0,533.914,100.0,-65.1451416015625
79.76792526245117,100.0,534.002,100.0,-65.15312194824219
79.79940676689148,100.0,534.025,100.0,-65.16705322265625
79.83548927307129,100.0,534.098,100.0,-65.17481231689453
79.87330937385559,100.0,534.154,100.0,-65.1850357055664
79.90093421936035,100.0,534.174,100.0,-65.19013977050781
79.9369854927063,100.0,534.207,100.0,-65.19462585449219
79.9683895111084,100.0,534.277,100.0,-65.19917297363281
80.00144743919373,100.0,534.338,100.0,-65.20968627929688
80.03298568725586,100.0,534.354,100.0,-65.21543884277344
80.06628775596619,100.0,534.386,100.0,-65.22026824951172
80.08129525184631,100.0,534.425,100.0,-65.22505187988281
80.11342549324036,100.0,534.425,100.0,-65.2301025390625
80.14536952972412,100.0,534.435,100.0,-65.23371887207031
80.1791467666626,100.0,534.444,100.0,-65.23847961425781
80.21010255813599,100.0,534.491,100.0,-65.24017333984375
80.24224424362183,100.0,534.538,100.0,-65.24320220947266
80.2759599685669,100.0,534.594,100.0,-65.2525405883789
80.30643081665039,100.0,534.626,100.0,-65.2577133178711
80.33729696273804,100.0,534.651,100.0,-65.26251983642578
80.36887693405151,100.0,534.714,100.0,-65.26741790771484
80.39988350868225,100.0,534.784,100.0,-65.27854919433594
80.43239283561707,100.0,534.824,100.0,-65.28490447998047
80.46470189094543,100.0,534.945,100.0,-65.29464721679688
80.50031924247742,100.0,535.026,100.0,-65.30834197998047
80.52831768989563,100.0,535.05,100.0,-65.31533813476562
80.56872606277466,100.0,535.068,100.0,-65.32145690917969
80.60125541687012,100.0,535.14,100.0,-65.33242797851562
80.63535332679749,100.0,535.156,100.0,-65.33756256103516
80.66659188270569,100.0,535.215,100.0,-65.34191131591797
80.69893312454224,100.0,535.233,100.0,-65.35221099853516
80.73090386390686,100.0,535.36,100.0,-65.35853576660156
80.76291942596436,100.0,535.398,100.0,-65.36553192138672
80.7988007068634,100.0,535.411,100.0,-65.377685546875
80.82568144798279,100.0,535.411,100.0,-65.381591796875
80.8567636013031,100.0,535.426,100.0,-65.38494110107422
80.88331747055054,100.0,535.443,100.0,-65.38795471191406
80.91483330726624,100.0,535.513,100.0,-65.39197540283203
80.95093750953674,100.0,535.527,100.0,-65.39903259277344
80.97840189933777,100.0,535.567,100.0,-65.40296173095703
81.01056027412415,100.0,535.631,100.0,-65.40843200683594
81.0427713394165,100.0,535.779,100.0,-65.41563415527344
81.07447147369385,100.0,535.825,100.0,-65.43199157714844
81.10632705688477,100.0,535.856,100.0,-65.43924713134766
81.13810205459595,100.0,535.882,100.0,-65.4456558227539
81.16951060295105,100.0,535.988,100.0,-65.45030975341797
81.20192813873291,100.0,536.03,100.0,-65.46102905273438
81.23462080955505,100.0,536.08,100.0,-65.46752166748047
81.27557063102722,100.0,536.151,100.0,-65.48230743408203
81.30178356170654,100.0,536.257,100.0,-65.4906234741211
81.33547163009644,100.0,536.294,100.0,-65.49871826171875
81.3670904636383,100.0,536.323,100.0,-65.5062026977539
81.40159511566162,100.0,536.356,100.0,-65.51908874511719
81.43444490432739,100.0,536.444,100.0,-65.525146484375
81.46693778038025,100.0,536.487,100.0,-65.53160095214844
81.49928784370422,100.0,536.503,100.0,-65.54339599609375
81.53077363967896,100.0,536.516,100.0,-65.5477294921875
81.56321549415588,100.0,536.608,100.0,-65.55268859863281
81.59474515914917,100.0,536.672,100.0,-65.5581283569336
81.62698793411255,100.0,536.728,100.0,-65.57182312011719
81.65789031982422,100.0,536.782,100.0,-65.57926940917969
81.69119691848755,100.0,536.829,100.0,-65.58667755126953
81.72580814361572,100.0,536.969,100.0,-65.59947967529297
81.75433707237244,100.0,537.014,100.0,-65.60718536376953
81.78658533096313,100.0,537.056,100.0,-65.61469268798828
81.8184552192688,100.0,537.125,100.0,-65.6219253540039
81.8501546382904,100.0,537.282,100.0,-65.63907623291016
81.8826355934143,100.0,537.367,100.0,-65.64920806884766
81.9144995212555,100.0,537.476,100.0,-65.66024780273438
81.95084810256958,100.0,537.505,100.0,-65.68363189697266
81.9901933670044,100.0,537.632,100.0,-65.69364166259766
82.01878476142883,100.0,537.658,100.0,-65.7041015625
82.05175971984863,100.0,537.764,100.0,-65.72362518310547
82.08619284629822,100.0,537.844,100.0,-65.73487091064453
82.11731243133545,100.0,537.997,100.0,-65.74567413330078
82.15096759796143,100.0,538.066,100.0,-65.7689437866211
82.18260359764099,100.0,538.156,100.0,-65.78113555908203
82.21404242515564,100.0,538.269,100.0,-65.79481506347656
82.24635767936707,100.0,538.368,100.0,-65.80904388427734
82.27824330329895,100.0,538.603,100.0,-65.83367919921875
82.31019496917725,100.0,538.645,100.0,-65.84735870361328
82.34139108657837,100.0,538.724,100.0,-65.85913848876953
82.37590169906616,100.0,538.793,100.0,-65.88249969482422
82.40468382835388,100.0,538.992,100.0,-65.8936767578125
82.43668007850647,100.0,539.079,100.0,-65.90724182128906
82.46777772903442,100.0,539.176,100.0,-65.92080688476562
82.50212335586548,100.0,539.273,100.0,-65.94903564453125
82.53373575210571,100.0,539.344,100.0,-65.96244049072266
82.56466507911682,100.0,539.521,100.0,-65.97466278076172
82.60186791419983,100.0,539.605,100.0,-66.00199127197266
82.62890577316284,100.0,539.647,100.0,-66.01359558105469
82.66082763671875,100.0,539.743,100.0,-66.02192687988281
82.70219326019287,100.0,539.892,100.0,-66.04051971435547
82.73511815071106,100.0,539.958,100.0,-66.0511703491211
82.76928329467773,100.0,540.086,100.0,-66.06156921386719
82.80219554901123,100.0,540.198,100.0,-66.0873031616211
82.83242416381836,100.0,540.241,100.0,-66.09777069091797
82.86470293998718,100.0,540.287,100.0,-66.10706329345703
82.89665389060974,100.0,540.321,100.0,-66.1155776977539
82.92870926856995,100.0,540.44,100.0,-66.13314056396484
82.96076035499573,100.0,540.602,100.0,-66.14385986328125
83.00195813179016,100.0,540.689,100.0,-66.16657257080078
83.0342288017273,100.0,540.717,100.0,-66.1761703491211
83.06656956672668,100.0,540.802,100.0,-66.18495178222656
83.10163354873657,100.0,540.888,100.0,-66.20194244384766
83.13015961647034,100.0,540.935,100.0,-66.2104263305664
83.16218852996826,100.0,541.021,100.0,-66.22004699707031
83.19372963905334,100.0,541.14,100.0,-66.22988891601562
83.22624111175537,100.0,541.242,100.0,-66.24552917480469
83.25917220115662,100.0,541.435,100.0,-66.25432586669922
83.2902467250824,100.0,541.504,100.0,-66.26870727539062
83.32619643211365,100.0,541.57,100.0,-66.29486846923828
83.3550214767456,100.0,541.644,100.0,-66.30663299560547
83.38667893409729,100.0,541.687,100.0,-66.31575012207031
83.41924905776978,100.0,541.74,100.0,-66.32405090332031
83.45217084884644,100.0,541.79,100.0,-66.33995056152344
83.48359060287476,100.0,541.828,100.0,-66.3470458984375
83.51437568664551,100.0,541.955,100.0,-66.35431671142578
83.53628659248352,100.0,541.999,100.0,-66.3624496459961
83.56848287582397,100.0,542.099,100.0,-66.37007904052734
83.60090446472168,100.0,542.156,100.0,-66.38899230957031
83.63207197189331,100.0,542.191,100.0,-66.39716339111328
83.66418099403381,100.0,542.268,100.0,-66.40621948242188
83.69752717018127,100.0,542.404,100.0,-66.41549682617188
83.72862410545349,100.0,542.514,100.0,-66.42979431152344
83.76032257080078,100.0,542.667,100.0,-66.43982696533203
83.79184174537659,100.0,542.742,100.0,-66.45352935791016
83.82399916648865,100.0,542.78,100.0,-66.46678161621094
83.85647177696228,100.0,542.862,100.0,-66.48796081542969
83.88883471488953,100.0,542.926,100.0,-66.49690246582031
83.92023634910583,100.0,543.052,100.0,-66.5059814453125
83.95322799682617,100.0,543.177,100.0,-66.53163146972656
83.9856276512146,100.0,543.301,100.0,-66.5470199584961
84.0166368484497,100.0,543.476,100.0,-66.56278228759766
84.04963994026184,100.0,543.553,100.0,-66.57733917236328
84.06905221939087,100.0,543.661,100.0,-66.59123992919922
84.10200762748718,100.0,543.785,100.0,-66.62188720703125
84.13659763336182,100.0,543.871,100.0,-66.63722229003906
84.16836452484131,100.0,543.947,100.0,-66.65162658691406
84.2028398513794,100.0,544.112,100.0,-66.67112731933594
84.23315525054932,100.0,544.242,100.0,-66.68283081054688
84.26638007164001,100.0,544.364,100.0,-66.69670104980469
84.29831767082214,100.0,544.492,100.0,-66.7119140625
84.33067417144775,100.0,544.692,100.0,-66.74474334716797
84.36272978782654,100.0,544.795,100.0,-66.76084899902344
84.39487171173096,100.0,544.878,100.0,-66.77693939208984
84.42775583267212,100.0,544.962,100.0,-66.8067626953125
84.45894503593445,100.0,545.017,100.0,-66.81964111328125
84.4910147190094,100.0,545.234,100.0,-66.83299255371094
84.52294850349426,100.0,545.378,100.0,-66.84759521484375
84.55504155158997,100.0,545.633,100.0,-66.8716812133789
84.58607840538025,100.0,545.756,100.0,-66.89212799072266
84.6180899143219,100.0,545.886,100.0,-66.9123764038086
84.65322852134705,100.0,546.024,100.0,-66.95352172851562
84.6814751625061,100.0,546.345,100.0,-66.97474670410156
84.71352529525757,100.0,546.504,100.0,-66.99785614013672
84.74580430984497,100.0,546.706,100.0,-67.02156066894531
84.77762198448181,100.0,546.866,100.0,-67.0733642578125
84.80229091644287,100.0,547.005,100.0,-67.0982666015625
84.83471918106079,100.0,547.178,100.0,-67.12381744384766
84.86698269844055,100.0,547.622,100.0,-67.14930725097656
84.90299654006958,100.0,547.902,100.0,-67.21429443359375
84.93204426765442,100.0,548.155,100.0,-67.25039672851562
84.96418380737305,100.0,548.425,100.0,-67.28849792480469
84.99593305587769,100.0,548.83,100.0,-67.32463836669922
85.02793312072754,100.0,549.056,100.0,-67.39627838134766
85.06106114387512,100.0,549.228,100.0,-67.42986297607422
85.09230303764343,100.0,549.457,100.0,-67.45443725585938
85.1185736656189,100.0,549.649,100.0,-67.48165130615234
85.15449357032776,100.0,550.165,100.0,-67.53697204589844
85.18320107460022,100.0,550.286,100.0,-67.57098388671875
85.21542692184448,100.0,550.454,100.0,-67.60093688964844
85.24806451797485,100.0,550.588,100.0,-67.62970733642578
85.27996397018433,100.0,550.919,100.0,-67.68244934082031
85.31156039237976,100.0,551.025,100.0,-67.70790100097656
85.3440203666687,100.0,551.157,100.0,-67.73058319091797
85.37811923027039,100.0,551.242,100.0,-67.7711181640625
85.40879487991333,100.0,551.375,100.0,-67.7899169921875
85.44041848182678,100.0,551.621,100.0,-67.80778503417969
85.47335910797119,100.0,551.785,100.0,-67.82589721679688
85.51780915260315,100.0,552.078,100.0,-67.86416625976562
85.55523252487183,100.0,552.167,100.0,-67.90327453613281
85.58582520484924,100.0,552.309,100.0,-67.92227172851562
85.61732506752014,100.0,552.467,100.0,-67.94236755371094
85.6487386226654,100.0,552.725,100.0,-67.96119689941406
85.68545198440552,100.0,552.819,100.0,-67.99006652832031
85.7169771194458,100.0,552.919,100.0,-68.0048599243164
85.74931335449219,100.0,553.232,100.0,-68.01937866210938
85.78154444694519,100.0,553.468,100.0,-68.06481170654297
85.81328296661377,100.0,553.552,100.0,-68.08551025390625
85.84589099884033,100.0,553.619,100.0,-68.10394287109375
85.87804222106934,100.0,553.743,100.0,-68.13638305664062
85.91025233268738,100.0,554.013,100.0,-68.15389251708984
85.94197201728821,100.0,554.129,100.0,-68.171875
85.9735038280487,100.0,554.216,100.0,-68.18961334228516
86.00679016113281,100.0,554.323,100.0,-68.22203063964844
86.03791689872742,100.0,554.39,100.0,-68.23626708984375
86.0700843334198,100.0,554.604,100.0,-68.25088500976562
86.10188961029053,100.0,554.668,100.0,-68.26557159423828
86.13402438163757,100.0,554.769,100.0,-68.29203033447266
86.16917324066162,100.0,554.863,100.0,-68.30538940429688
86.20508074760437,100.0,555.05,100.0,-68.32839965820312
86.23649597167969,100.0,555.156,100.0,-68.33865356445312
86.26777410507202,100.0,555.332,100.0,-68.35017395019531
86.30389547348022,100.0,555.427,100.0,-68.38074493408203
86.33482122421265,100.0,555.564,100.0,-68.39433288574219
86.36671018600464,100.0,555.623,100.0,-68.40703582763672
86.39989423751831,100.0,555.681,100.0,-68.41851806640625
86.43106722831726,100.0,555.759,100.0,-68.43964385986328
86.46295928955078,100.0,555.877,100.0,-68.4490966796875
86.494473695755,100.0,555.96,100.0,-68.45858764648438
86.53060483932495,100.0,555.994,100.0,-68.47718048095703
86.55920219421387,100.0,556.08,100.0,-68.48666381835938
86.5899429321289,100.0,556.152,100.0,-68.496337890625
86.62233114242554,100.0,556.351,100.0,-68.50691223144531
86.65350842475891,100.0,556.448,100.0,-68.53176879882812
86.68642616271973,100.0,556.526,100.0,-68.54425048828125
86.72015452384949,100.0,556.583,100.0,-68.55563354492188
86.7552137374878,100.0,556.73,100.0,-68.57218933105469
86.78409457206726,100.0,556.831,100.0,-68.58145904541016
86.81597328186035,100.0,557.018,100.0,-68.59224700927734
86.84801959991455,100.0,557.088,100.0,-68.60782623291016
86.88044500350952,100.0,557.143,100.0,-68.63496398925781
86.91208553314209,100.0,557.337,100.0,-68.64873504638672
86.95570135116577,100.0,557.442,100.0,-68.6766357421875
86.98323607444763,100.0,557.52,100.0,-68.69029998779297
87.01854205131531,100.0,557.631,100.0,-68.70246887207031
87.04924869537354,100.0,557.683,100.0,-68.71360778808594
87.08249282836914,100.0,557.77,100.0,-68.73457336425781
87.11449384689331,100.0,557.851,100.0,-68.74569702148438
87.14677619934082,100.0,558.021,100.0,-68.7572250366211
87.18109107017517,100.0,558.123,100.0,-68.78186798095703
87.21593689918518,100.0,558.232,100.0,-68.79112243652344
87.25130271911621,100.0,558.39,100.0,-68.80221557617188
87.28368330001831,100.0,558.468,100.0,-68.8245620727539
87.33215975761414,100.0,558.711,100.0,-68.85045623779297
87.36474752426147,100.0,558.787,100.0,-68.86508178710938
87.39598417282104,100.0,558.884,100.0,-68.87894439697266
87.43107461929321,100.0,558.999,100.0,-68.90819549560547
87.4598937034607,100.0,559.033,100.0,-68.92064666748047
87.49107789993286,100.0,559.177,100.0,-68.93292236328125
87.52298474311829,100.0,559.208,100.0,-68.9444808959961
87.55500411987305,100.0,559.278,100.0,-68.96373748779297
87.58727526664734,100.0,559.321,100.0,-68.97238159179688
87.61905097961426,100.0,559.383,100.0,-68.98103332519531
87.6562728881836,100.0,559.562,100.0,-69.00145721435547
87.6863579750061,100.0,559.644,100.0,-69.01263427734375
87.71902585029602,100.0,559.681,100.0,-69.02066802978516
87.75099563598633,100.0,559.805,100.0,-69.02783203125
87.78633642196655,100.0,559.877,100.0,-69.04287719726562
87.81679558753967,100.0,559.977,100.0,-69.05152130126953
87.84880471229553,100.0,560.156,100.0,-69.06185150146484
87.88115549087524,100.0,560.206,100.0,-69.08992767333984
87.91248297691345,100.0,560.265,100.0,-69.10214233398438
87.94465780258179,100.0,560.35,100.0,-69.11083984375
87.97718811035156,100.0,560.458,100.0,-69.12055969238281
88.00938534736633,100.0,560.557,100.0,-69.1445083618164
88.04071235656738,100.0,560.767,100.0,-69.158447265625
88.07302045822144,100.0,560.78,100.0,-69.17259216308594
88.1058828830719,100.0,560.861,100.0,-69.19469451904297
88.13725638389587,100.0,560.882,100.0,-69.20365142822266
88.16881966590881,100.0,560.943,100.0,-69.21253967285156
88.20138216018677,100.0,561.044,100.0,-69.22210693359375
88.23337697982788,100.0,561.159,100.0,-69.24016571044922
88.26636004447937,100.0,561.261,100.0,-69.2518310546875
88.30649018287659,100.0,561.501,100.0,-69.27046203613281
88.33329033851624,100.0,561.579,100.0,-69.28364562988281
88.36611914634705,100.0,561.607,100.0,-69.29655456542969
88.40240812301636,100.0,561.705,100.0,-69.30713653564453
88.43446183204651,100.0,561.784,100.0,-69.3306655883789
88.46847558021545,100.0,561.938,100.0,-69.3431625366211
88.50022840499878,100.0,562.054,100.0,-69.35475158691406
88.53226709365845,100.0,562.145,100.0,-69.3814697265625
88.56524586677551,100.0,562.307,100.0,-69.39405822753906
88.59678816795349,100.0,562.348,100.0,-69.40721130371094
88.62803626060486,100.0,562.424,100.0,-69.41848754882812
88.67549300193787,100.0,562.552,100.0,-69.44100189208984
88.70804738998413,100.0,562.628,100.0,-69.46190643310547
88.73947048187256,100.0,562.743,100.0,-69.47430419921875
88.7723970413208,100.0,562.917,100.0,-69.48638916015625
88.80614423751831,100.0,563.032,100.0,-69.51353454589844
88.83552837371826,100.0,563.073,100.0,-69.52562713623047
88.86674118041992,100.0,563.167,100.0,-69.53434753417969
88.89894819259644,100.0,563.242,100.0,-69.5444107055664
88.93046545982361,100.0,563.368,100.0,-69.5639419555664
88.9623773097992,100.0,563.443,100.0,-69.57391357421875
88.99443483352661,100.0,563.609,100.0,-69.58416748046875
89.03303146362305,100.0,563.676,100.0,-69.61176300048828
89.05934762954712,100.0,563.765,100.0,-69.62516784667969
89.09109783172607,100.0,563.857,100.0,-69.63878631591797
89.12540555000305,100.0,563.956,100.0,-69.65037536621094
89.1502332687378,100.0,564.008,100.0,-69.66118621826172
89.18656086921692,100.0,564.035,100.0,-69.6792984008789
89.21794080734253,100.0,564.165,100.0,-69.69048309326172
89.24872469902039,100.0,564.405,100.0,-69.70390319824219
89.28125882148743,100.0,564.571,100.0,-69.73593139648438
89.31402015686035,100.0,564.665,100.0,-69.74887084960938
89.35200834274292,100.0,564.788,100.0,-69.76217651367188
89.3835220336914,100.0,564.992,100.0,-69.79286193847656
89.41605043411255,100.0,565.115,100.0,-69.8079605102539
89.44793343544006,100.0,565.192,100.0,-69.8241195678711
89.48328495025635,100.0,565.276,100.0,-69.8536148071289
89.51245617866516,100.0,565.574,100.0,-69.87042999267578
89.54378962516785,100.0,565.726,100.0,-69.8888931274414
89.57566809654236,100.0,565.838,100.0,-69.90882110595703
89.60682678222656,100.0,565.904,100.0,-69.94515991210938
89.63905763626099,100.0,565.966,100.0,-69.96009826660156
89.67055034637451,100.0,566.071,100.0,-69.97245788574219
89.7090711593628,100.0,566.137,100.0,-69.9949951171875
89.73681831359863,100.0,566.208,100.0,-70.00568389892578
89.7667031288147,100.0,566.266,100.0,-70.01563262939453
89.7990243434906,100.0,566.401,100.0,-70.02557373046875
89.83659338951111,100.0,566.462,100.0,-70.04454040527344
89.86826038360596,100.0,566.57,100.0,-70.05105590820312
89.9011652469635,100.0,566.642,100.0,-70.05995178222656
89.9333860874176,100.0,566.818,100.0,-70.07966613769531
89.96476554870605,100.0,566.882,100.0,-70.09056091308594
89.99729132652283,100.0,566.937,100.0,-70.10104370117188
90.02928638458252,100.0,567.038,100.0,-70.11083984375
90.06046867370605,100.0,567.104,100.0,-70.1310043334961
90.09286379814148,100.0,567.126,100.0,-70.13917541503906
90.12453961372375,100.0,567.158,100.0,-70.14582061767578
90.15782880783081,100.0,567.2,100.0,-70.15747833251953
90.18912506103516,100.0,567.258,100.0,-70.163818359375
90.22144365310669,100.0,567.329,100.0,-70.1702880859375
90.25285363197327,100.0,567.351,100.0,-70.1756591796875
90.28510451316833,100.0,567.414,100.0,-70.18592834472656
90.31726169586182,100.0,567.462,100.0,-70.19187927246094
90.35045957565308,100.0,567.648,100.0,-70.19975280761719
90.38366341590881,100.0,567.692,100.0,-70.21652221679688
90.41794347763062,100.0,567.782,100.0,-70.22337341308594
90.4499876499176,100.0,567.814,100.0,-70.23200225830078
90.48372292518616,100.0,567.915,100.0,-70.24620056152344
90.51430034637451,100.0,567.993,100.0,-70.25390625
90.55182671546936,100.0,568.043,100.0,-70.26271057128906
90.5854914188385,100.0,568.099,100.0,-70.27964782714844
90.6176233291626,100.0,568.168,100.0,-70.2872314453125
90.64967036247253,100.0,568.213,100.0,-70.29408264160156
90.68125939369202,100.0,568.226,100.0,-70.30083465576172
90.71341967582703,100.0,568.289,100.0,-70.31253051757812
90.74379420280457,100.0,568.378,100.0,-70.31812286376953
90.77645015716553,100.0,568.429,100.0,-70.3246841430664
90.80876064300537,100.0,568.466,100.0,-70.33792114257812
90.84003520011902,100.0,568.551,100.0,-70.34606170654297
90.87156867980957,100.0,568.595,100.0,-70.35382080078125
90.90395927429199,100.0,568.771,100.0,-70.36202239990234
90.93645334243774,100.0,568.843,100.0,-70.38064575195312
90.96762895584106,100.0,568.918,100.0,-70.38935852050781
90.99993062019348,100.0,568.984,100.0,-70.39883422851562
91.03495287895203,100.0,569.046,100.0,-70.41645812988281
91.0628752708435,100.0,569.081,100.0,-70.42389678955078
91.09502458572388,100.0,569.171,100.0,-70.4306869506836
91.12723875045776,100.0,569.264,100.0,-70.43929290771484
91.14359498023987,100.0,569.33,100.0,-70.44943237304688
91.17539024353027,100.0,569.384,100.0,-70.45960998535156
91.20797300338745,100.0,569.467,100.0,-70.47986602783203
91.25076055526733,100.0,569.659,100.0,-70.491943359375
91.28438663482666,100.0,569.681,100.0,-70.51468658447266
91.33355808258057,100.0,569.768,100.0,-70.53260040283203
91.36708807945251,100.0,569.957,100.0,-70.54141998291016
91.39879560470581,100.0,570.057,100.0,-70.55287170410156
91.43107151985168,100.0,570.084,100.0,-70.56544494628906
91.46363544464111,100.0,570.131,100.0,-70.58528137207031
91.50096893310547,100.0,570.177,100.0,-70.5935287475586
91.5340211391449,100.0,570.222,100.0,-70.60621643066406
91.58427309989929,100.0,570.301,100.0,-70.6181640625
91.6139829158783,100.0,570.351,100.0,-70.62432861328125
91.64611887931824,100.0,570.402,100.0,-70.62864685058594
91.67924356460571,100.0,570.478,100.0,-70.63368225097656
91.70974540710449,100.0,570.642,100.0,-70.64813995361328
91.74163675308228,100.0,570.751,100.0,-70.65757751464844
91.77362132072449,100.0,570.886,100.0,-70.66902923583984
91.80864477157593,100.0,570.953,100.0,-70.6963882446289
91.83801531791687,100.0,571.032,100.0,-70.7094955444336
91.86989617347717,100.0,571.157,100.0,-70.72174835205078
91.9022524356842,100.0,571.223,100.0,-70.7333755493164
91.93654131889343,100.0,571.281,100.0,-70.75525665283203
91.96607828140259,100.0,571.389,100.0,-70.76748657226562
92.00319695472717,100.0,571.557,100.0,-70.77969360351562
92.03476166725159,100.0,571.591,100.0,-70.8030776977539
92.06830620765686,100.0,571.674,100.0,-70.81428527832031
92.10100054740906,100.0,571.733,100.0,-70.82487487792969
92.1333818435669,100.0,571.802,100.0,-70.84076690673828
92.16467261314392,100.0,571.897,100.0,-70.84996795654297
92.19749021530151,100.0,572.036,100.0,-70.857177734375
92.2292697429657,100.0,572.119,100.0,-70.8680648803711
92.26111626625061,100.0,572.188,100.0,-70.89061737060547
92.29312205314636,100.0,572.339,100.0,-70.90119171142578
92.3252432346344,100.0,572.41,100.0,-70.9126968383789
92.3586790561676,100.0,572.451,100.0,-70.93397521972656
92.38953161239624,100.0,572.538,100.0,-70.94477081298828
92.42160201072693,100.0,572.571,100.0,-70.9539566040039
92.45395398139954,100.0,572.775,100.0,-70.96517181396484
92.48624444007874,100.0,572.885,100.0,-70.9905776977539
92.51886653900146,100.0,572.97,100.0,-71.0039291381836
92.55145525932312,100.0,573.038,100.0,-71.01654052734375
92.58352184295654,100.0,573.182,100.0,-71.03511810302734
92.61512422561646,100.0,573.25,100.0,-71.04496765136719
92.64797234535217,100.0,573.3,100.0,-71.05487060546875
92.6797866821289,100.0,573.393,100.0,-71.0640640258789
92.71858668327332,100.0,573.487,100.0,-71.08372497558594
92.75027179718018,100.0,573.654,100.0,-71.0925521850586
92.76863265037537,100.0,573.767,100.0,-71.1058349609375
92.79996657371521,100.0,573.915,100.0,-71.12030029296875
92.83306813240051,100.0,573.967,100.0,-71.15174865722656
92.86439347267151,100.0,574.038,100.0,-71.1654281616211
92.89626169204712,100.0,574.18,100.0,-71.17891693115234
92.92858052253723,100.0,574.259,100.0,-71.191162109375
92.96157002449036,100.0,574.352,100.0,-71.21600341796875
92.99383544921875,100.0,574.436,100.0,-71.22870635986328
93.02688121795654,100.0,574.625,100.0,-71.23991394042969
93.05300760269165,100.0,574.711,100.0,-71.25386047363281
93.08613705635071,100.0,574.833,100.0,-71.28274536132812
93.11688876152039,100.0,575.028,100.0,-71.30197143554688
93.14772844314575,100.0,575.137,100.0,-71.32074737548828
93.17903900146484,100.0,575.398,100.0,-71.34141540527344
93.2117669582367,100.0,575.495,100.0,-71.37185668945312
93.24340629577637,100.0,575.607,100.0,-71.38692474365234
93.27525043487549,100.0,575.737,100.0,-71.40253448486328
93.3062252998352,100.0,575.885,100.0,-71.4193115234375
93.33809494972229,100.0,576.115,100.0,-71.45580291748047
93.36999750137329,100.0,576.207,100.0,-71.47406005859375
93.4014778137207,100.0,576.317,100.0,-71.49124145507812
93.43331170082092,100.0,576.384,100.0,-71.50833129882812
93.46702742576599,100.0,576.43,100.0,-71.53570556640625
93.50049328804016,100.0,576.483,100.0,-71.54500579833984
93.53738474845886,100.0,576.503,100.0,-71.56036376953125
93.56488394737244,100.0,576.541,100.0,-71.56641387939453
93.60104370117188,100.0,576.661,100.0,-71.57315063476562
93.63557314872742,100.0,576.754,100.0,-71.58841705322266
93.66585993766785,100.0,576.879,100.0,-71.59957885742188
93.69871926307678,100.0,577.025,100.0,-71.61370086669922
93.73047542572021,100.0,577.404,100.0,-71.63145446777344
93.76179456710815,100.0,577.556,100.0,-71.67529296875
93.79438638687134,100.0,577.682,100.0,-71.69713592529297
93.82635402679443,100.0,577.765,100.0,-71.71675109863281
93.86231398582458,100.0,577.965,100.0,-71.74481201171875
93.89086890220642,100.0,578.18,100.0,-71.75967407226562
93.92276930809021,100.0,578.362,100.0,-71.7794189453125
93.95499444007874,100.0,578.563,100.0,-71.80152893066406
93.98687696456909,100.0,578.787,100.0,-71.85394287109375
94.0371835231781,100.0,579.277,100.0,-71.91680145263672
94.06765460968018,100.0,580.116,100.0,-71.96672821044922
94.10134506225586,100.0,580.368,100.0,-72.0145034790039
94.13660764694214,100.0,580.513,100.0,-72.10150146484375
94.16794919967651,100.0,580.77,100.0,-72.14237976074219
94.19930768013,100.0,581.406,100.0,-72.1857681274414
94.23736071586609,100.0,581.718,100.0,-72.27820587158203
94.26584601402283,100.0,582.084,100.0,-72.32818603515625
94.2980272769928,100.0,582.444,100.0,-72.38028717041016
94.33103489875793,100.0,583.196,100.0,-72.43257141113281
94.36225485801697,100.0,583.581,100.0,-72.53074645996094
94.40956664085388,100.0,584.433,100.0,-72.62792205810547
94.44169569015503,100.0,585.021,100.0,-72.68419647216797
94.47278928756714,100.0,585.611,100.0,-72.75032043457031
94.50442337989807,100.0,647.503,100.0,-72.82405853271484
94.53875303268433,100.0,687.283,100.0,-79.19340515136719
94.56779026985168,100.0,712.292,100.0,-82.37909698486328
94.59993743896484,100.0,692.755,100.0,-85.53053283691406
94.63195085525513,100.0,809.482,100.0,-87.10658264160156
94.66845226287842,100.0,923.724,100.0,-91.74821472167969
94.69885492324829,100.0,870.809,100.0,-93.39857482910156
94.73076677322388,100.0,775.932,100.0,-94.71886444091797
94.76382541656494,100.0,605.671,100.0,-90.42675018310547
94.79505324363708,100.0,568.898,100.0,-84.74125671386719
94.82752394676208,100.0,556.29,100.0,-79.8314208984375
94.86927390098572,100.0,593.846,100.0,-74.5449447631836
94.89993786811829,100.0,588.313,100.0,-73.66448974609375
94.9383008480072,100.0,539.123,100.0,-71.26002502441406
94.96608924865723,100.0,540.641,100.0,-68.99455261230469
94.99822759628296,100.0,546.245,100.0,-67.36592102050781
95.0303726196289,100.0,560.746,100.0,-66.4045639038086
95.0630214214325,100.0,577.587,100.0,-67.2652587890625
95.09571194648743,100.0,592.914,100.0,-67.82125091552734
95.12670993804932,100.0,608.311,100.0,-68.94294738769531
95.16294026374817,100.0,610.285,100.0,-71.81686401367188
95.20044016838074,100.0,601.161,100.0,-72.88861083984375
95.2326807975769,100.0,617.992,100.0,-73.32720947265625
95.26430797576904,100.0,620.762,100.0,-75.3358154296875
95.29698586463928,100.0,615.231,100.0,-75.84272766113281
95.32859969139099,100.0,593.517,100.0,-76.25321197509766
95.36470007896423,100.0,590.164,100.0,-75.03441619873047
95.39247059822083,100.0,592.244,100.0,-74.65359497070312
95.41258931159973,100.0,594.148,100.0,-74.4443359375
95.44072961807251,100.0,609.673,100.0,-74.94058227539062
95.47357082366943,100.0,605.097,100.0,-75.13731384277344
95.50425505638123,100.0,605.907,100.0,-75.32681274414062
95.54094791412354,100.0,598.552,100.0,-75.27776336669922
95.56973600387573,100.0,615.704,100.0,-75.13208770751953
95.60211086273193,100.0,650.783,100.0,-75.74190521240234
95.6363754272461,100.0,669.09,100.0,-77.68707275390625
95.66713571548462,100.0,654.797,100.0,-81.76358032226562
95.69999623298645,100.0,626.783,100.0,-82.47827911376953
95.73409605026245,100.0,624.878,100.0,-81.83305358886719
95.76635408401489,100.0,632.666,100.0,-81.0799560546875
95.79767346382141,100.0,641.856,100.0,-80.9755859375
95.82869386672974,100.0,643.105,100.0,-81.23956298828125
95.86173915863037,100.0,645.794,100.0,-81.48414611816406
95.89372277259827,100.0,646.649,100.0,-82.02198028564453
95.925785779953,100.0,640.523,100.0,-81.94398498535156
95.95890259742737,100.0,639.77,100.0,-81.85272979736328
95.99002075195312,100.0,641.714,100.0,-81.75850677490234
96.0207576751709,100.0,644.85,100.0,-81.8811264038086
96.05322289466858,100.0,650.08,100.0,-82.18727111816406
96.08586812019348,100.0,653.133,100.0,-82.41549682617188
96.11768531799316,100.0,653.815,100.0,-82.89775085449219
96.1501259803772,100.0,650.648,100.0,-83.09416198730469
96.18477654457092,100.0,650.029,100.0,-83.10343933105469
96.21731042861938,100.0,649.839,100.0,-83.00957489013672
96.24194741249084,100.0,651.172,100.0,-82.97834014892578
96.26766443252563,100.0,652.521,100.0,-83.00306701660156
96.30185770988464,100.0,655.817,100.0,-83.07225799560547
96.33192133903503,100.0,658.133,100.0,-83.2579345703125
96.36864018440247,100.0,658.538,100.0,-83.68415069580078
96.39953708648682,100.0,658.346,100.0,-83.82769012451172
96.43205261230469,100.0,657.461,100.0,-83.9212417602539
96.46545052528381,100.0,658.848,100.0,-84.02251434326172
96.49696183204651,100.0,659.438,100.0,-84.09737396240234
96.52920699119568,100.0,660.893,100.0,-84.192138671875
96.56111717224121,100.0,661.241,100.0,-84.2771224975586
96.59388446807861,100.0,661.543,100.0,-84.4155044555664
96.62486410140991,100.0,662.119,100.0,-84.48348999023438
96.65754675865173,100.0,662.363,100.0,-84.54067993164062
96.69089794158936,100.0,662.909,100.0,-84.61738586425781
96.72166776657104,100.0,663.1,100.0,-84.65139770507812
96.76921463012695,100.0,663.464,100.0,-84.7081527709961
96.80047750473022,100.0,663.588,100.0,-84.73114013671875
96.84109091758728,100.0,663.711,100.0,-84.76577758789062
96.86909675598145,100.0,663.774,100.0,-84.77692413330078
96.90223145484924,100.0,664.034,100.0,-84.79052734375
96.93448257446289,100.0,664.126,100.0,-84.8001708984375
96.96769428253174,100.0,664.152,100.0,-84.81292724609375
96.9894027709961,100.0,664.139,100.0,-84.81314849853516
97.03442406654358,100.0,664.068,100.0,-84.8107681274414
97.06541776657104,100.0,664.047,100.0,-84.79497528076172
97.10061407089233,100.0,663.972,100.0,-84.7831802368164
97.13291358947754,100.0,663.818,100.0,-84.76859283447266
97.16663265228271,100.0,663.682,100.0,-84.73353576660156
97.19641494750977,100.0,663.587,100.0,-84.71331024169922
97.22847080230713,100.0,663.468,100.0,-84.69155883789062
97.26016163825989,100.0,663.158,100.0,-84.66635131835938
97.29413199424744,100.0,662.997,100.0,-84.61982727050781
97.31756258010864,100.0,662.802,100.0,-84.59657287597656
97.34963941574097,100.0,662.673,100.0,-84.57001495361328
97.38135409355164,100.0,662.454,100.0,-84.54378509521484
97.41339635848999,100.0,662.211,100.0,-84.51416015625
97.44456481933594,100.0,661.733,100.0,-84.4462661743164
97.47663378715515,100.0,661.536,100.0,-84.40873718261719
97.5090217590332,100.0,661.063,100.0,-84.37178039550781
97.54253435134888,100.0,661.063,100.0,-84.28726196289062
97.57307434082031,100.0,660.433,100.0,-84.2332534790039
97.60511827468872,100.0,659.801,100.0,-84.1792984008789
97.63777017593384,100.0,659.545,100.0,-84.12501525878906
97.66980242729187,100.0,659.232,100.0,-84.02156829833984
97.7033326625824,100.0,658.939,100.0,-83.97052001953125
97.7349579334259,100.0,658.37,100.0,-83.92127227783203
97.7682785987854,100.0,658.073,100.0,-83.82308959960938
97.81682300567627,100.0,657.431,100.0,-83.7462158203125
97.85102224349976,100.0,657.088,100.0,-83.7039794921875
97.88173174858093,100.0,656.733,100.0,-83.65869140625
97.9139494895935,100.0,656.419,100.0,-83.61058807373047
97.94629406929016,100.0,655.7,100.0,-83.51028442382812
97.9781186580658,100.0,655.344,100.0,-83.45818328857422
98.01047992706299,100.0,654.654,100.0,-83.40496063232422
98.04275846481323,100.0,654.291,100.0,-83.27118682861328
98.07454013824463,100.0,653.964,100.0,-83.20891571044922
98.10712242126465,100.0,653.188,100.0,-83.1485366821289
98.13882327079773,100.0,652.808,100.0,-83.08624267578125
98.1707763671875,100.0,652.432,100.0,-82.9636459350586
98.20206356048584,100.0,652.109,100.0,-82.90553283691406
98.23435425758362,100.0,651.459,100.0,-82.84986877441406
98.2684166431427,100.0,651.037,100.0,-82.73847198486328
98.29716992378235,100.0,650.647,100.0,-82.6806640625
98.3293833732605,100.0,650.276,100.0,-82.62309265136719
98.36741518974304,100.0,649.561,100.0,-82.52408599853516
98.3995463848114,100.0,649.177,100.0,-82.48026275634766
98.43038511276245,100.0,648.808,100.0,-82.43296813964844
98.46859383583069,100.0,648.129,100.0,-82.33370971679688
98.49971890449524,100.0,647.754,100.0,-82.28370666503906
98.53382205963135,100.0,647.382,100.0,-82.23197937011719
98.55175185203552,100.0,646.981,100.0,-82.17904663085938
98.58248019218445,100.0,646.6,100.0,-82.12397766113281
98.61457467079163,100.0,645.824,100.0,-82.0680923461914
98.6458067893982,100.0,645.419,100.0,-81.9242935180664
98.67845487594604,100.0,644.666,100.0,-81.85804748535156
98.71176886558533,100.0,644.327,100.0,-81.79251861572266
98.74280166625977,100.0,643.954,100.0,-81.66998291015625
98.774569272995,100.0,643.511,100.0,-81.60752868652344
98.80662727355957,100.0,642.754,100.0,-81.54663848876953
98.83842587471008,100.0,642.348,100.0,-81.48641967773438
98.87504458427429,100.0,641.972,100.0,-81.3663101196289
98.90242552757263,100.0,641.612,100.0,-81.30821228027344
98.93575024604797,100.0,641.211,100.0,-81.24952697753906
98.96584177017212,100.0,640.475,100.0,-81.20722961425781
98.99824857711792,100.0,640.106,100.0,-81.11434936523438
99.0300669670105,100.0,639.697,100.0,-81.0653076171875
99.06206059455872,100.0,639.357,100.0,-81.01314544677734
99.09572315216064,100.0,638.565,100.0,-80.90791320800781
99.13427209854126,100.0,638.204,100.0,-80.85263061523438
99.16938400268555,100.0,637.776,100.0,-80.7400131225586
99.20116567611694,100.0,636.644,100.0,-80.6831283569336
99.23315930366516,100.0,636.293,100.0,-80.60975646972656
99.26629900932312,100.0,635.9,100.0,-80.54124450683594
99.29832530021667,100.0,635.536,100.0,-80.4111557006836
99.33005547523499,100.0,634.843,100.0,-80.35101318359375
99.3619818687439,100.0,634.494,100.0,-80.29254150390625
99.37776565551758,100.0,634.494,100.0,-80.23576354980469
99.4103434085846,100.0,633.859,100.0,-80.18173217773438
99.45109057426453,100.0,633.537,100.0,-80.07884979248047
99.48278856277466,100.0,633.253,100.0,-80.03072357177734
99.51482105255127,100.0,632.625,100.0,-79.98212432861328
99.54629945755005,100.0,632.31,100.0,-79.91173553466797
99.57856321334839,100.0,632.016,100.0,-79.87369537353516
99.6106743812561,100.0,631.732,100.0,-79.834716796875
99.6428701877594,100.0,631.443,100.0,-79.79539489746094
99.67479753494263,100.0,630.921,100.0,-79.71701049804688
99.707040309906,100.0,630.694,100.0,-79.67826843261719
99.73930621147156,100.0,630.159,100.0,-79.64134979248047
99.77246975898743,100.0,629.93,100.0,-79.54825592041016
99.80398678779602,100.0,629.479,100.0,-79.50640869140625
99.83635234832764,100.0,629.33,100.0,-79.46747589111328
99.86913442611694,100.0,629.099,100.0,-79.40010070800781
99.90254259109497,100.0,628.863,100.0,-79.36669158935547
99.93480324745178,100.0,628.392,100.0,-79.33434295654297
99.97216558456421,100.0,628.132,100.0,-79.26605224609375
99.99980139732361,100.0,627.897,100.0,-79.23161315917969
100.03064560890198,100.0,627.661,100.0,-79.19728088378906
100.06284999847412,100.0,627.247,100.0,-79.16282653808594
100.09489417076111,100.0,627.052,100.0,-79.1003646850586
100.12643051147461,100.0,626.834,100.0,-79.06959533691406
100.159259557724,100.0,626.619,100.0,-79.04785919189453
100.19079566001892,100.0,626.408,100.0,-79.02404022216797
100.22294449806213,100.0,625.921,100.0,-78.97032928466797
100.25451445579529,100.0,625.713,100.0,-78.94050598144531
100.28650426864624,100.0,625.481,100.0,-78.91056060791016
100.31859230995178,100.0,625.294,100.0,-78.87950134277344
100.35061526298523,100.0,624.65,100.0,-78.80964660644531
100.38320231437683,100.0,624.427,100.0,-78.77198791503906
100.41457319259644,100.0,624.232,100.0,-78.7353286743164
100.4472668170929,100.0,624.053,100.0,-78.6681137084961
100.48531699180603,100.0,623.595,100.0,-78.63507843017578
100.52040719985962,100.0,623.35,100.0,-78.5677261352539
100.55132460594177,100.0,623.149,100.0,-78.53471374511719
100.58527660369873,100.0,622.735,100.0,-78.50289154052734
100.61692309379578,100.0,622.53,100.0,-78.4708251953125
100.65014600753784,100.0,622.292,100.0,-78.40658569335938
100.6832664012909,100.0,622.065,100.0,-78.37361145019531
100.71495866775513,100.0,621.857,100.0,-78.34989929199219
100.74734020233154,100.0,621.406,100.0,-78.29651641845703
100.77925944328308,100.0,621.177,100.0,-78.267822265625
100.81157326698303,100.0,620.983,100.0,-78.23771667480469
100.84431338310242,100.0,620.789,100.0,-78.17852783203125
100.87569856643677,100.0,620.297,100.0,-78.14688110351562
100.90831255912781,100.0,620.085,100.0,-78.11396026611328
100.94104146957397,100.0,619.688,100.0,-78.0812759399414
100.97322964668274,100.0,619.487,100.0,-78.00312805175781
101.01712107658386,100.0,619.027,100.0,-77.96736907958984
101.04947686195374,100.0,618.812,100.0,-77.89442443847656
101.08086919784546,100.0,618.565,100.0,-77.8580551147461
101.11309123039246,100.0,618.133,100.0,-77.82012176513672
101.14737033843994,100.0,617.896,100.0,-77.75151062011719
101.17815899848938,100.0,617.702,100.0,-77.7184829711914
101.2115466594696,100.0,617.483,100.0,-77.69474792480469
101.24300861358643,100.0,616.983,100.0,-77.66898345947266
101.28542947769165,100.0,616.755,100.0,-77.60853576660156
101.3179132938385,100.0,616.555,100.0,-77.57695007324219
101.34983611106873,100.0,616.044,100.0,-77.51263427734375
101.38200044631958,100.0,615.822,100.0,-77.47808074951172
101.41521143913269,100.0,615.377,100.0,-77.44376373291016
101.44620060920715,100.0,615.144,100.0,-77.35860443115234
101.4786868095398,100.0,614.681,100.0,-77.31775665283203
101.5111927986145,100.0,614.452,100.0,-77.27896118164062
101.5356969833374,100.0,614.29,100.0,-77.24118041992188
101.56755661964417,100.0,614.05,100.0,-77.20701599121094
101.60013771057129,100.0,613.8,100.0,-77.13695526123047
101.63111352920532,100.0,613.535,100.0,-77.10028839111328
101.6636438369751,100.0,613.052,100.0,-77.06300354003906
101.69588303565979,100.0,612.804,100.0,-76.98983001708984
101.7283124923706,100.0,612.589,100.0,-76.96331024169922
101.75914859771729,100.0,612.333,100.0,-76.9356460571289
101.79213690757751,100.0,612.097,100.0,-76.90534210205078
101.82414031028748,100.0,611.62,100.0,-76.84123992919922
101.85678505897522,100.0,611.359,100.0,-76.80781555175781
101.88892602920532,100.0,611.091,100.0,-76.7728042602539
101.92178463935852,100.0,610.855,100.0,-76.69991302490234
101.95381164550781,100.0,610.129,100.0,-76.65328216552734
101.98536252975464,100.0,609.813,100.0,-76.60890197753906
102.01749968528748,100.0,609.593,100.0,-76.56319427490234
102.0555112361908,100.0,609.324,100.0,-76.47819519042969
102.08405923843384,100.0,608.834,100.0,-76.4365005493164
102.11597728729248,100.0,608.577,100.0,-76.39659881591797
102.14903712272644,100.0,608.323,100.0,-76.3176498413086
102.18074798583984,100.0,608.055,100.0,-76.27801513671875
102.21408438682556,100.0,607.811,100.0,-76.23914337158203
102.24972176551819,100.0,607.25,100.0,-76.17032623291016
102.27808547019958,100.0,606.962,100.0,-76.13839721679688
102.30998206138611,100.0,606.698,100.0,-76.10359954833984
102.34258127212524,100.0,606.414,100.0,-76.06758880615234
102.37477231025696,100.0,605.922,100.0,-75.9911880493164
102.40732717514038,100.0,605.602,100.0,-75.95398712158203
102.4308385848999,100.0,605.334,100.0,-75.91375732421875
102.46775150299072,0.0,605.098,0.0,-78.86029052734375
102.50055193901062,0.0,604.8,0.0,-83.08153533935547
102.53312516212463,0.0,604.063,0.0,-84.56095123291016
102.55048704147339,0.0,604.063,0.0,-85.73727416992188
102.58279061317444,0.0,603.509,0.0,-86.66915130615234
102.61720037460327,0.0,603.254,0.0,-87.40726470947266
102.64939332008362,0.0,602.961,0.0,-88.4478759765625
102.68566727638245,0.0,602.519,0.0,-88.80955505371094
102.71657395362854,0.0,602.245,0.0,-89.0911865234375
102.75221586227417,0.0,601.933,0.0,-89.47190856933594
102.7842664718628,0.0,601.615,0.0,-89.5927963256836
102.81708264350891,0.0,601.118,0.0,-89.68287658691406
102.84797883033752,0.0,600.911,0.0,-89.79338073730469
102.87983918190002,0.0,600.656,0.0,-89.82272338867188
102.91184210777283,0.0,600.367,0.0,-89.83722686767578
102.94311785697937,0.0,600.101,0.0,-89.84085845947266
102.9753692150116,0.0,599.588,0.0,-89.84400939941406
103.00816106796265,0.0,599.289,0.0,-89.83370971679688
103.040292263031,0.0,599.041,0.0,-89.81582641601562
103.07183456420898,0.0,598.738,0.0,-89.7669448852539
103.10380339622498,0.0,598.223,0.0,-89.73572540283203
103.13492894172668,0.0,597.678,0.0,-89.70478057861328
103.16731286048889,0.0,597.458,0.0,-89.66018676757812
103.19908142089844,0.0,597.222,0.0,-89.57887268066406
103.23002171516418,0.0,596.954,0.0,-89.53905487060547
103.2621681690216,0.0,596.36,0.0,-89.49933624267578
103.29333257675171,0.0,596.078,0.0,-89.4570083618164
103.32604694366455,0.0,595.825,0.0,-89.37342834472656
103.3573067188263,0.0,595.547,0.0,-89.33209991455078
103.38544201850891,0.0,595.301,0.0,-89.2920150756836
103.41928577423096,0.0,594.666,0.0,-89.26321411132812
103.45124793052673,0.0,594.249,0.0,-89.19197082519531
103.48353314399719,0.0,593.933,0.0,-89.14810180664062
103.51557302474976,0.0,593.576,0.0,-89.10303497314453
103.54788041114807,0.0,593.21,0.0,-89.00524139404297
103.57903552055359,0.0,592.549,0.0,-88.957275390625
103.61092638969421,0.0,592.181,0.0,-88.90608215332031
103.64237856864929,0.0,591.767,0.0,-88.85328674316406
103.6669716835022,0.0,591.364,0.0,-88.79737091064453
103.70002293586731,0.0,590.954,0.0,-88.67999267578125
103.73098611831665,0.0,589.641,0.0,-88.6192855834961
103.76283383369446,0.0,589.153,0.0,-88.53678131103516
103.79571557044983,0.0,588.659,0.0,-88.455078125
103.82676935195923,0.0,588.136,0.0,-88.29191589355469
103.86008834838867,0.0,587.214,0.0,-88.21196746826172
103.89143466949463,0.0,586.788,0.0,-88.13398742675781
103.9242467880249,0.0,586.398,0.0,-87.98767852783203
103.95581555366516,0.0,585.951,0.0,-87.91705322265625
103.98756980895996,0.0,585.523,0.0,-87.84774017333984
104.01965045928955,0.0,584.596,0.0,-87.77703857421875
104.05114269256592,0.0,584.178,0.0,-87.65654754638672
104.08660173416138,0.0,583.731,0.0,-87.60317993164062
104.1181435585022,0.0,583.309,0.0,-87.54645538330078
104.14990878105164,0.0,582.459,0.0,-87.42825317382812
104.18162035942078,0.0,582.08,0.0,-87.36759185791016
104.216561794281,0.0,581.675,0.0,-87.30802917480469
104.25230932235718,0.0,580.754,0.0,-87.18673706054688
104.28297448158264,0.0,580.287,0.0,-87.12223815917969
104.31574583053589,0.0,579.812,0.0,-87.05599975585938
104.34983515739441,0.0,579.391,0.0,-86.92121887207031
104.3790807723999,0.0,578.521,0.0,-86.83628845214844
104.4116461277008,0.0,577.592,0.0,-86.75532531738281
104.44324398040771,0.0,577.142,0.0,-86.67578887939453
104.4755790233612,0.0,576.621,0.0,-86.52108764648438
104.50727272033691,0.0,576.115,0.0,-86.44326782226562
104.53952360153198,0.0,575.094,0.0,-86.36547088623047
104.57547235488892,0.0,574.626,0.0,-86.21098327636719
104.60326981544495,0.0,574.145,0.0,-86.13546752929688
104.63534641265869,0.0,573.611,0.0,-86.05843353271484
104.66806030273438,0.0,573.096,0.0,-86.00262451171875
104.69989919662476,0.0,572.013,0.0,-85.87574768066406
104.73444032669067,0.0,571.516,0.0,-85.80540466308594
104.76750063896179,0.0,571.003,0.0,-85.73381042480469
104.80261945724487,0.0,569.94,0.0,-85.58567810058594
104.83579683303833,0.0,569.398,0.0,-85.50882720947266
104.86829614639282,0.0,568.836,0.0,-85.43038940429688
104.90131711959839,0.0,568.277,0.0,-85.26798248291016
104.93364524841309,0.0,567.227,0.0,-85.18704986572266
104.9663736820221,0.0,566.681,0.0,-85.10566711425781
105.00149035453796,0.0,566.152,0.0,-84.94205474853516
105.03104376792908,0.0,565.034,0.0,-84.83592224121094
105.06292128562927,0.0,563.927,0.0,-84.73466491699219
105.09526896476746,0.0,563.353,0.0,-84.63724517822266
105.12663555145264,0.0,562.783,0.0,-84.44876861572266
105.15909719467163,0.0,562.223,0.0,-84.35746765136719
105.19093179702759,0.0,561.642,0.0,-84.26686096191406
105.22616362571716,0.0,560.524,0.0,-84.11357116699219
105.26824116706848,0.0,559.91,0.0,-84.04458618164062
105.28394055366516,0.0,559.315,0.0,-83.96981811523438
105.31584858894348,0.0,558.732,0.0,-83.8913345336914
105.34938454627991,0.0,558.173,0.0,-83.7287368774414
105.38015341758728,0.0,557.027,0.0,-83.64556884765625
105.41254305839539,0.0,556.414,0.0,-83.56171417236328
105.4442036151886,0.0,555.831,0.0,-83.4754409790039
105.47714376449585,0.0,555.26,0.0,-83.30178833007812
105.51765537261963,0.0,553.564,0.0,-83.19267272949219
105.54841446876526,0.0,553.005,0.0,-83.08786010742188
105.57037234306335,0.0,552.415,0.0,-82.98785400390625
105.60080146789551,0.0,551.805,0.0,-82.79393768310547
105.63302040100098,0.0,551.273,0.0,-82.70173645019531
105.66490030288696,0.0,550.206,0.0,-82.61263275146484
105.70089936256409,0.0,549.661,0.0,-82.44107055664062
105.72990822792053,0.0,549.082,0.0,-82.35565948486328
105.76371383666992,0.0,548.462,0.0,-82.26826477050781
105.78563594818115,0.0,547.88,0.0,-82.18092346191406
105.81691384315491,0.0,547.312,0.0,-82.1180648803711
105.8491141796112,0.0,546.776,0.0,-81.97980499267578
105.88071060180664,0.0,545.702,0.0,-81.90703582763672
105.91304564476013,0.0,545.147,0.0,-81.83289337158203
105.94511461257935,0.0,544.599,0.0,-81.75665283203125
105.97741031646729,0.0,544.047,0.0,-81.60023498535156
106.0094347000122,0.0,542.419,0.0,-81.52043914794922
106.04215574264526,0.0,541.868,0.0,-81.4178695678711
106.07374739646912,0.0,541.357,0.0,-81.22691345214844
106.1055006980896,0.0,540.823,0.0,-81.13715362548828
106.13746428489685,0.0,540.3,0.0,-81.05028533935547
106.16911029815674,0.0,539.187,0.0,-80.96480560302734
106.20311069488525,0.0,538.646,0.0,-80.7950439453125
106.23474502563477,0.0,538.071,0.0,-80.71025085449219
106.26876640319824,0.0,537.552,0.0,-80.62741088867188
106.30020213127136,0.0,536.492,0.0,-80.50477600097656
106.33428907394409,0.0,535.983,0.0,-80.43739318847656
106.36795210838318,0.0,535.451,0.0,-80.36823272705078
106.40162992477417,0.0,534.908,0.0,-80.2227783203125
106.43220090866089,0.0,533.909,0.0,-80.1482925415039
106.46477627754211,0.0,533.397,0.0,-80.07447814941406
106.49604630470276,0.0,532.901,0.0,-80.00006103515625
106.52863502502441,0.0,532.413,0.0,-79.85211181640625
106.56041550636292,0.0,531.383,0.0,-79.77670288085938
106.59250497817993,0.0,530.861,0.0,-79.7017593383789
106.61211013793945,0.0,529.828,0.0,-79.62599182128906
106.65493869781494,0.0,529.311,0.0,-79.43488311767578
106.68772172927856,0.0,528.318,0.0,-79.34708404541016
106.71977019309998,0.0,527.826,0.0,-79.26164245605469
106.75256371498108,0.0,527.349,0.0,-79.09967803955078
106.78473496437073,0.0,526.826,0.0,-79.02052307128906
106.81640529632568,0.0,526.341,0.0,-78.9432373046875
106.85226941108704,0.0,525.37,0.0,-78.7921142578125
106.88301730155945,0.0,524.871,0.0,-78.73861694335938
106.91629958152771,0.0,524.412,0.0,-78.68048095703125
106.95183634757996,0.0,523.439,0.0,-78.5576171875
106.98377060890198,0.0,523.009,0.0,-78.49249267578125
107.01819705963135,0.0,522.493,0.0,-78.42800903320312
107.0340723991394,0.0,522.025,0.0,-78.36038208007812
107.06646871566772,0.0,521.537,0.0,-78.29231262207031
107.09940958023071,0.0,521.063,0.0,-78.22303771972656
107.13144659996033,0.0,520.597,0.0,-78.08382415771484
107.1632912158966,0.0,519.166,0.0,-78.01318359375
107.19594883918762,0.0,518.719,0.0,-77.92293548583984
107.22923970222473,0.0,518.291,0.0,-77.75865173339844
107.25965404510498,0.0,517.785,0.0,-77.6798095703125
107.29207468032837,0.0,517.289,0.0,-77.60197448730469
107.32380175590515,0.0,516.318,0.0,-77.52543640136719
107.35922574996948,0.0,515.885,0.0,-77.3952865600586
107.38604974746704,0.0,515.465,0.0,-77.33890533447266
107.4179036617279,0.0,514.998,0.0,-77.28155517578125
107.45556855201721,0.0,514.56,0.0,-77.1602783203125
107.48223829269409,0.0,513.555,0.0,-77.09687805175781
107.51454186439514,0.0,513.118,0.0,-77.02920532226562
107.54639911651611,0.0,512.637,0.0,-76.96221923828125
107.57790541648865,0.0,512.167,0.0,-76.82500457763672
107.61791443824768,0.0,511.294,0.0,-76.75834655761719
107.65261030197144,0.0,510.858,0.0,-76.62403106689453
107.68444180488586,0.0,510.446,0.0,-76.55870056152344
107.71614861488342,0.0,509.087,0.0,-76.4732437133789
107.7486162185669,0.0,508.634,0.0,-76.3923568725586
107.78064107894897,0.0,508.182,0.0,-76.23909759521484
107.81212568283081,0.0,507.693,0.0,-76.16402435302734
107.84386324882507,0.0,506.765,0.0,-76.09008026123047
107.8767147064209,0.0,506.37,0.0,-75.94850158691406
107.90473198890686,0.0,505.976,0.0,-75.88246154785156
107.93503785133362,0.0,505.548,0.0,-75.81722259521484
107.96663808822632,0.0,505.12,0.0,-75.77054595947266
108.00467157363892,0.0,504.663,0.0,-75.66571044921875
108.03137302398682,0.0,503.79,0.0,-75.60913848876953
108.0626118183136,0.0,503.336,0.0,-75.55028533935547
108.09535002708435,0.0,502.901,0.0,-75.48921203613281
108.1311388015747,0.0,502.479,0.0,-75.36497497558594
108.15867257118225,0.0,501.642,0.0,-75.30255126953125
108.19149327278137,0.0,501.259,0.0,-75.24034118652344
108.22233271598816,0.0,500.844,0.0,-75.17958068847656
108.25449800491333,0.0,500.421,0.0,-75.05707550048828
108.28695058822632,0.0,499.587,0.0,-74.99598693847656
108.3192400932312,0.0,498.79,0.0,-74.93403625488281
108.35061621665955,0.0,498.365,0.0,-74.85604095458984
108.38432621955872,0.0,497.95,0.0,-74.70950317382812
108.41524910926819,0.0,497.526,0.0,-74.63967895507812
108.45434308052063,0.0,496.761,0.0,-74.50845336914062
108.48321509361267,0.0,496.338,0.0,-74.44485473632812
108.51525664329529,0.0,495.946,0.0,-74.38272094726562
108.54771327972412,0.0,495.108,0.0,-74.3203125
108.58023643493652,0.0,494.692,0.0,-74.21363067626953
108.61084842681885,0.0,494.272,0.0,-74.16513061523438
108.64365482330322,0.0,493.888,0.0,-74.11334228515625
108.65896487236023,0.0,493.473,0.0,-74.06048583984375
108.69141054153442,0.0,493.056,0.0,-74.00545501708984
108.7232894897461,0.0,492.656,0.0,-73.94862365722656
108.75554990768433,0.0,492.265,0.0,-73.83342742919922
108.78741765022278,0.0,491.472,0.0,-73.77576446533203
108.82004189491272,0.0,491.021,0.0,-73.71731567382812
108.85571622848511,0.0,490.591,0.0,-73.5943603515625
108.88508224487305,0.0,490.212,0.0,-73.53368377685547
108.9166693687439,0.0,489.033,0.0,-73.45808410644531
108.94841814041138,0.0,488.6,0.0,-73.38522338867188
108.98433637619019,0.0,488.217,0.0,-73.24610900878906
109.0187315940857,0.0,487.454,0.0,-73.18055725097656
109.05116891860962,0.0,487.069,0.0,-73.11760711669922
109.08895516395569,0.0,486.674,0.0,-72.99534606933594
109.120276927948,0.0,486.266,0.0,-72.93457794189453
109.15268111228943,0.0,485.475,0.0,-72.87429809570312
109.18513083457947,0.0,485.072,0.0,-72.75456237792969
109.217702627182,0.0,484.672,0.0,-72.71157836914062
109.24827218055725,0.0,484.276,0.0,-72.66481018066406
109.28223133087158,0.0,483.894,0.0,-72.56401062011719
109.31192421913147,0.0,483.186,0.0,-72.51242065429688
109.34385466575623,0.0,482.839,0.0,-72.46101379394531
109.3759925365448,0.0,482.46,0.0,-72.4097671508789
109.40850353240967,0.0,482.068,0.0,-72.30326843261719
109.4400691986084,0.0,481.275,0.0,-72.24797058105469
109.47864580154419,0.0,480.924,0.0,-72.13603210449219
109.5176088809967,0.0,479.803,0.0,-72.06417846679688
109.5500979423523,0.0,479.419,0.0,-71.99657440185547
109.58295464515686,0.0,479.038,0.0,-71.86785125732422
109.6151819229126,0.0,478.659,0.0,-71.80604553222656
109.64663338661194,0.0,478.262,0.0,-71.74472045898438
109.67821598052979,0.0,477.494,0.0,-71.6397705078125
109.71073770523071,0.0,477.141,0.0,-71.5933609008789
109.75732445716858,0.0,476.771,0.0,-71.49641418457031
109.7847170829773,0.0,476.026,0.0,-71.44609069824219
109.81724333763123,0.0,475.682,0.0,-71.39407348632812
109.85030484199524,0.0,475.285,0.0,-71.34237670898438
109.88191223144531,0.0,474.937,0.0,-71.23548889160156
109.913405418396,0.0,474.221,0.0,-71.18389129638672
109.94604897499084,0.0,473.859,0.0,-71.1302490234375
109.98190498352051,0.0,473.489,0.0,-71.02227783203125
110.0108208656311,0.0,473.077,0.0,-70.96597290039062
110.03553295135498,0.0,472.382,0.0,-70.89616394042969
110.06795978546143,0.0,472.002,0.0,-70.82916259765625
110.09993577003479,0.0,471.263,0.0,-70.76451873779297
110.13251543045044,0.0,470.873,0.0,-70.6409683227539
110.16501569747925,0.0,470.525,0.0,-70.58194732666016
110.19751381874084,0.0,470.21,0.0,-70.52616119384766
110.23137903213501,0.0,469.503,0.0,-70.44401550292969
110.26089525222778,0.0,469.129,0.0,-70.39891815185547
110.2922043800354,0.0,468.751,0.0,-70.35127258300781
110.32477855682373,0.0,468.348,0.0,-70.30145263671875
110.35722517967224,0.0,467.646,0.0,-70.19664764404297
110.38855004310608,0.0,467.269,0.0,-70.14408874511719
110.42088007926941,0.0,466.939,0.0,-70.09046936035156
110.45704293251038,0.0,466.566,0.0,-69.984619140625
110.48383259773254,0.0,466.236,0.0,-69.93233489990234
110.51871180534363,0.0,465.561,0.0,-69.88123321533203
110.55005645751953,0.0,464.921,0.0,-69.8297348022461
110.58366870880127,0.0,464.56,0.0,-69.70417022705078
110.61464381217957,0.0,464.225,0.0,-69.64527893066406
110.64720916748047,0.0,463.507,0.0,-69.58790588378906
110.68304681777954,0.0,463.158,0.0,-69.47535705566406
110.71200227737427,0.0,462.818,0.0,-69.42094421386719
110.74354195594788,0.0,462.486,0.0,-69.36785888671875
110.7752673625946,0.0,461.842,0.0,-69.31471252441406
110.80727815628052,0.0,461.488,0.0,-69.22862243652344
110.83875727653503,0.0,461.134,0.0,-69.1888656616211
110.8718810081482,0.0,460.808,0.0,-69.14605712890625
110.90681409835815,0.0,460.431,0.0,-69.05488586425781
110.93642592430115,0.0,459.816,0.0,-69.0083236694336
110.96805572509766,0.0,459.479,0.0,-68.96199798583984
111.00022506713867,0.0,459.174,0.0,-68.9146957397461
111.03292322158813,0.0,458.85,0.0,-68.82089233398438
111.0676486492157,0.0,458.286,0.0,-68.77465057373047
111.0995545387268,0.0,457.97,0.0,-68.73031616210938
111.13206028938293,0.0,457.653,0.0,-68.6399154663086
111.1683919429779,0.0,456.698,0.0,-68.57866668701172
111.20104432106018,0.0,456.406,0.0,-68.5224838256836
111.23512148857117,0.0,456.128,0.0,-68.41935729980469
111.26584029197693,0.0,455.859,0.0,-68.37201690673828
111.2977089881897,0.0,455.274,0.0,-68.32496643066406
111.32505750656128,0.0,454.974,0.0,-68.27976989746094
111.36141920089722,0.0,454.679,0.0,-68.19035339355469
111.39289116859436,0.0,454.384,0.0,-68.14615631103516
111.4251344203949,0.0,454.091,0.0,-68.10225677490234
111.4569444656372,0.0,453.556,0.0,-68.0384750366211
111.48846197128296,0.0,453.279,0.0,-68.00408935546875
111.51970362663269,0.0,452.989,0.0,-67.9682846069336
111.55213689804077,0.0,452.653,0.0,-67.93080139160156
111.5844349861145,0.0,452.369,0.0,-67.84894561767578
111.61585307121277,0.0,451.716,0.0,-67.8057861328125
111.65048289299011,0.0,451.441,0.0,-67.760986328125
111.68207168579102,0.0,451.097,0.0,-67.67106628417969
111.71433687210083,0.0,450.788,0.0,-67.62480163574219
111.74539828300476,0.0,449.844,0.0,-67.5787582397461
111.77718472480774,0.0,449.538,0.0,-67.5184555053711
111.8092908859253,0.0,449.237,0.0,-67.406982421875
111.84056377410889,0.0,448.929,0.0,-67.35447692871094
111.86819291114807,0.0,448.604,0.0,-67.30271911621094
111.89998769760132,0.0,447.991,0.0,-67.25294494628906
111.93536233901978,0.0,447.673,0.0,-67.15446472167969
111.96660232543945,0.0,447.374,0.0,-67.10652923583984
111.99918508529663,0.0,447.037,0.0,-67.057861328125
112.0334734916687,0.0,446.363,0.0,-66.9843978881836
112.06380033493042,0.0,446.059,0.0,-66.94267272949219
112.09583568572998,0.0,445.753,0.0,-66.90010070800781
112.12754416465759,0.0,445.406,0.0,-66.85677337646484
112.15132784843445,0.0,445.129,0.0,-66.81112670898438
112.18325972557068,0.0,444.787,0.0,-66.72027587890625
112.21530437469482,0.0,444.117,0.0,-66.6715316772461
112.24821782112122,0.0,443.736,0.0,-66.62346649169922
112.28451299667358,0.0,443.398,0.0,-66.52177429199219
112.3127601146698,0.0,443.072,0.0,-66.47114562988281
112.34390568733215,0.0,442.464,0.0,-66.42042541503906
112.37548446655273,0.0,441.806,0.0,-66.37224578857422
112.40773963928223,0.0,441.462,0.0,-66.2497329711914
112.44059729576111,0.0,441.089,0.0,-66.1901626586914
112.45945334434509,0.0,440.787,0.0,-66.1340560913086
112.48800325393677,0.0,440.465,0.0,-66.07981872558594
112.5195107460022,0.0,440.097,0.0,-66.02511596679688
112.5526020526886,0.0,439.499,0.0,-65.97322082519531
112.58349609375,0.0,439.169,0.0,-65.87301635742188
112.61982250213623,0.0,438.916,0.0,-65.83708190917969
112.65185475349426,0.0,438.581,0.0,-65.80135345458984
112.68535470962524,0.0,437.912,0.0,-65.72096252441406
112.71764349937439,0.0,437.567,0.0,-65.67715454101562
112.7496542930603,0.0,437.257,0.0,-65.63131713867188
112.78207230567932,0.0,436.917,0.0,-65.58537292480469
112.81433916091919,0.0,436.341,0.0,-65.4934310913086
112.86277937889099,0.0,435.647,0.0,-65.39923095703125
112.89501857757568,0.0,435.278,0.0,-65.35081481933594
112.92742776870728,0.0,434.962,0.0,-65.30038452148438
112.95910143852234,0.0,434.685,0.0,-65.20305633544922
112.99029469490051,0.0,434.338,0.0,-65.15422058105469
113.02277255058289,0.0,433.355,0.0,-65.09072875976562
113.0548357963562,0.0,433.052,0.0,-65.03117370605469
113.08709168434143,0.0,432.716,0.0,-64.92012023925781
113.11943411827087,0.0,432.419,0.0,-64.86787414550781
113.14988303184509,0.0,431.744,0.0,-64.81562042236328
113.18552827835083,0.0,431.444,0.0,-64.71434783935547
113.21751165390015,0.0,431.126,0.0,-64.66522216796875
113.25192141532898,0.0,430.825,0.0,-64.61730194091797
113.28586459159851,0.0,430.159,0.0,-64.54505920410156
113.3167953491211,0.0,429.831,0.0,-64.50434112548828
113.3505859375,0.0,429.477,0.0,-64.46163940429688
113.3854649066925,0.0,429.189,0.0,-64.37165069580078
113.41557145118713,0.0,428.572,0.0,-64.3272933959961
113.4475610256195,0.0,428.306,0.0,-64.28193664550781
113.47958588600159,0.0,427.969,0.0,-64.2381820678711
113.51163935661316,0.0,427.635,0.0,-64.14595031738281
113.54307532310486,0.0,427.335,0.0,-64.09969329833984
113.57484483718872,0.0,426.322,0.0,-64.0509033203125
113.6108627319336,0.0,425.952,0.0,-63.927406311035156
113.63971304893494,0.0,425.67,0.0,-63.870811462402344
113.67144751548767,0.0,425.352,0.0,-63.81629943847656
113.7029960155487,0.0,424.77,0.0,-63.765106201171875
113.73725509643555,0.0,424.446,0.0,-63.666015625
113.76869916915894,0.0,424.137,0.0,-63.63047409057617
113.80077791213989,0.0,423.834,0.0,-63.5926399230957
113.83526515960693,0.0,423.191,0.0,-63.51244354248047
113.86436486244202,0.0,422.882,0.0,-63.469261169433594
113.89616346359253,0.0,422.534,0.0,-63.42538070678711
113.9280002117157,0.0,422.217,0.0,-63.37931823730469
113.95905423164368,0.0,421.945,0.0,-63.2879753112793
114.00112462043762,0.0,421.309,0.0,-63.2421760559082
114.03610444068909,0.0,420.989,0.0,-63.14945983886719
114.06804537773132,0.0,420.41,0.0,-63.103271484375
114.10071802139282,0.0,420.132,0.0,-63.05830001831055
114.13300228118896,0.0,419.885,0.0,-63.014312744140625
114.16583013534546,0.0,419.593,0.0,-62.930137634277344
114.19706177711487,0.0,418.633,0.0,-62.8858757019043
114.22953200340271,0.0,418.33,0.0,-62.827781677246094
114.26870965957642,0.0,418.024,0.0,-62.719512939453125
114.29859256744385,0.0,417.729,0.0,-62.66859817504883
114.33600306510925,0.0,417.098,0.0,-62.56944274902344
114.36331391334534,0.0,416.822,0.0,-62.533668518066406
114.39585089683533,0.0,416.525,0.0,-62.496944427490234
114.42889261245728,0.0,416.218,0.0,-62.458553314208984
114.46315908432007,0.0,415.611,0.0,-62.37705612182617
114.49143958091736,0.0,415.316,0.0,-62.33474349975586
114.52404832839966,0.0,415.023,0.0,-62.292030334472656
114.56143379211426,0.0,414.748,0.0,-62.206703186035156
114.58698534965515,0.0,414.445,0.0,-62.163570404052734
114.61891746520996,0.0,414.164,0.0,-62.12078094482422
114.65088248252869,0.0,413.613,0.0,-62.07845687866211
114.68841409683228,0.0,413.003,0.0,-61.980838775634766
114.71378517150879,0.0,412.689,0.0,-61.92694854736328
114.75107765197754,0.0,412.108,0.0,-61.8747444152832
114.7866759300232,0.0,411.842,0.0,-61.77841567993164
114.81789326667786,0.0,411.546,0.0,-61.732154846191406
114.85069060325623,0.0,411.269,0.0,-61.6988410949707
114.88330459594727,0.0,410.639,0.0,-61.66388702392578
114.91486263275146,0.0,410.358,0.0,-61.58717346191406
114.94693493843079,0.0,410.041,0.0,-61.546363830566406
114.9795036315918,0.0,409.759,0.0,-61.503814697265625
115.01228761672974,0.0,409.489,0.0,-61.41954803466797
115.04229712486267,0.0,408.921,0.0,-61.37698745727539
115.07390546798706,0.0,408.612,0.0,-61.33503723144531
115.10623288154602,0.0,408.339,0.0,-61.29192352294922
115.13825583457947,0.0,408.064,0.0,-61.20729446411133
115.17059922218323,0.0,407.794,0.0,-61.165672302246094
115.2027325630188,0.0,407.238,0.0,-61.12321472167969
115.23745369911194,0.0,406.653,0.0,-61.02762222290039
115.26648116111755,0.0,406.368,0.0,-60.97599792480469
115.29940342903137,0.0,406.022,0.0,-60.92388153076172
115.33533024787903,0.0,405.452,0.0,-60.825748443603516
115.36680126190186,0.0,405.159,0.0,-60.778621673583984
115.39876341819763,0.0,404.928,0.0,-60.734893798828125
115.43845462799072,0.0,404.399,0.0,-60.66130065917969
115.46618056297302,0.0,404.399,0.0,-60.62915802001953
115.50234341621399,0.0,403.838,0.0,-60.60662841796875
115.53382921218872,0.0,403.285,0.0,-60.56791305541992
115.5670952796936,0.0,403.009,0.0,-60.489498138427734
115.59903907775879,0.0,402.814,0.0,-60.44915008544922
115.63131976127625,0.0,402.457,0.0,-60.411956787109375
115.66443538665771,0.0,402.164,0.0,-60.32811737060547
115.69541835784912,0.0,401.589,0.0,-60.28488540649414
115.72712016105652,0.0,401.305,0.0,-60.24222183227539
115.75924253463745,0.0,401.046,0.0,-60.199501037597656
115.79149651527405,0.0,400.869,0.0,-60.12030792236328
115.8237669467926,0.0,400.274,0.0,-60.079498291015625
115.85245299339294,0.0,400.004,0.0,-60.03916931152344
115.88822555541992,0.0,399.426,0.0,-59.94554901123047
115.91611886024475,0.0,399.245,0.0,-59.898956298828125
115.94829177856445,0.0,398.913,0.0,-59.851226806640625
115.98036909103394,0.0,398.364,0.0,-59.807586669921875
116.01233386993408,0.0,398.141,0.0,-59.72909927368164
116.04477906227112,0.0,397.808,0.0,-59.69652557373047
116.07632112503052,0.0,397.546,0.0,-59.659584045410156
116.11368060112,0.0,397.285,0.0,-59.58454513549805
116.13780808448792,0.0,397.017,0.0,-59.54633331298828
116.1680691242218,0.0,396.541,0.0,-59.50751876831055
116.20270299911499,0.0,396.226,0.0,-59.471092224121094
116.23411893844604,0.0,395.942,0.0,-59.43183898925781
116.26767206192017,0.0,395.638,0.0,-59.350013732910156
116.29835104942322,0.0,395.075,0.0,-59.307952880859375
116.33138871192932,0.0,394.871,0.0,-59.26589584350586
116.36481761932373,0.0,394.57,0.0,-59.18634796142578
116.39927959442139,0.0,394.048,0.0,-59.13517379760742
116.43182849884033,0.0,393.516,0.0,-59.086639404296875
116.46330118179321,0.0,393.24,0.0,-59.00634002685547
116.49438500404358,0.0,392.967,0.0,-58.97085952758789
116.52724194526672,0.0,392.761,0.0,-58.93415069580078
116.56466126441956,0.0,392.408,0.0,-58.85965347290039
116.59062671661377,0.0,391.88,0.0,-58.82035827636719
116.62384963035583,0.0,391.623,0.0,-58.780731201171875
116.65637040138245,0.0,391.358,0.0,-58.74143600463867
116.68799757957458,0.0,391.085,0.0,-58.66226577758789
116.72015285491943,0.0,390.527,0.0,-58.62145233154297
116.75213146209717,0.0,390.265,0.0,-58.58076858520508
116.78311228752136,0.0,390.109,0.0,-58.54043960571289
116.81489157676697,0.0,389.824,0.0,-58.467464447021484
116.86957621574402,0.0,389.041,0.0,-58.383304595947266
116.90099883079529,0.0,388.75,0.0,-58.3347053527832
116.93078184127808,0.0,388.251,0.0,-58.28721618652344
116.96633338928223,0.0,387.926,0.0,-58.19871139526367
116.99849390983582,0.0,387.686,0.0,-58.16607666015625
117.03067874908447,0.0,387.452,0.0,-58.13296127319336
117.06379079818726,0.0,386.939,0.0,-58.068111419677734
117.09434628486633,0.0,386.677,0.0,-58.0322380065918
117.12657618522644,0.0,386.44,0.0,-57.99557876586914
117.15817618370056,0.0,386.176,0.0,-57.959354400634766
117.19133830070496,0.0,385.966,0.0,-57.88691329956055
117.22280788421631,0.0,385.45,0.0,-57.851165771484375
117.25560235977173,0.0,385.188,0.0,-57.81430435180664
117.28842043876648,0.0,384.948,0.0,-57.73979187011719
117.31854009628296,0.0,384.574,0.0,-57.697471618652344
117.35105156898499,0.0,384.304,0.0,-57.655433654785156
117.3838267326355,0.0,383.645,0.0,-57.60750198364258
117.41599726676941,0.0,383.417,0.0,-57.519874572753906
117.44917273521423,0.0,383.157,0.0,-57.4782600402832
117.48373794555664,0.0,382.611,0.0,-57.439090728759766
117.51612091064453,0.0,382.343,0.0,-57.36677932739258
117.5481550693512,0.0,382.103,0.0,-57.33418655395508
117.58572936058044,0.0,381.86,0.0,-57.300987243652344
117.61733531951904,0.0,381.42,0.0,-57.23297119140625
117.6498908996582,0.0,381.091,0.0,-57.20015335083008
117.68350434303284,0.0,380.842,0.0,-57.16297149658203
117.71746158599854,0.0,380.594,0.0,-57.08855438232422
117.74392509460449,0.0,380.351,0.0,-57.051578521728516
117.77922630310059,0.0,379.846,0.0,-57.017120361328125
117.80059504508972,0.0,379.622,0.0,-56.97910690307617
117.83311820030212,0.0,379.35,0.0,-56.94228744506836
117.86561942100525,0.0,378.892,0.0,-56.85780334472656
117.89728236198425,0.0,378.635,0.0,-56.81300354003906
117.92810845375061,0.0,378.358,0.0,-56.768760681152344
117.96515250205994,0.0,377.835,0.0,-56.68263244628906
118.00192999839783,0.0,377.609,0.0,-56.642723083496094
118.03368043899536,0.0,377.391,0.0,-56.61396026611328
118.06507587432861,0.0,376.889,0.0,-56.55532455444336
118.11664366722107,0.0,376.664,0.0,-56.48924255371094
118.14534068107605,0.0,376.076,0.0,-56.45277786254883
118.17726755142212,0.0,375.852,0.0,-56.41474151611328
118.20964741706848,0.0,375.612,0.0,-56.37788391113281
118.24126505851746,0.0,375.414,0.0,-56.30659103393555
118.2736988067627,0.0,374.964,0.0,-56.27186584472656
118.30203866958618,0.0,374.728,0.0,-56.237937927246094
118.33413624763489,0.0,374.489,0.0,-56.203731536865234
118.36840319633484,0.0,374.165,0.0,-56.130775451660156
118.40053248405457,0.0,373.881,0.0,-56.09107971191406
118.43331098556519,0.0,373.236,0.0,-56.04376220703125
118.46518325805664,0.0,373.07,0.0,-55.96226501464844
118.5008773803711,0.0,372.85,0.0,-55.925384521484375
118.53410482406616,0.0,372.61,0.0,-55.89887237548828
118.56648445129395,0.0,372.067,0.0,-55.83949279785156
118.59670090675354,0.0,371.805,0.0,-55.8054313659668
118.62998366355896,0.0,371.568,0.0,-55.76999282836914
118.66536903381348,0.0,371.397,0.0,-55.70185089111328
118.69258832931519,0.0,371.107,0.0,-55.66628646850586
118.72480487823486,0.0,370.641,0.0,-55.63039016723633
118.7577748298645,0.0,370.452,0.0,-55.59524154663086
118.79131650924683,0.0,370.187,0.0,-55.527076721191406
118.82176280021667,0.0,369.934,0.0,-55.49131774902344
118.85380935668945,0.0,369.443,0.0,-55.45500564575195
118.88385319709778,0.0,369.014,0.0,-55.418731689453125
118.91774082183838,0.0,368.762,0.0,-55.33171844482422
118.9491183757782,0.0,368.514,0.0,-55.29011154174805
118.98118281364441,0.0,368.282,0.0,-55.250152587890625
119.01955223083496,0.0,367.799,0.0,-55.19120788574219
119.0521228313446,0.0,367.637,0.0,-55.15925979614258
119.08490014076233,0.0,367.311,0.0,-55.12966537475586
119.11730217933655,0.0,366.899,0.0,-55.06153106689453
119.15036988258362,0.0,366.684,0.0,-55.02875900268555
119.18399596214294,0.0,366.475,0.0,-54.996253967285156
119.21568846702576,0.0,366.204,0.0,-54.929893493652344
119.24739122390747,0.0,365.973,0.0,-54.89550018310547
119.27947688102722,0.0,365.555,0.0,-54.860923767089844
119.31676149368286,0.0,365.286,0.0,-54.793609619140625
119.34365153312683,0.0,365.071,0.0,-54.75959396362305
119.376305103302,0.0,364.865,0.0,-54.726470947265625
119.4073383808136,0.0,364.228,0.0,-54.684085845947266
119.43880343437195,0.0,363.926,0.0,-54.603965759277344
119.46981811523438,0.0,363.708,0.0,-54.564964294433594
119.50181698799133,0.0,363.554,0.0,-54.53670883178711
119.53437948226929,0.0,363.278,0.0,-54.51028823852539
119.55105209350586,0.0,363.078,0.0,-54.48012924194336
119.58257699012756,0.0,362.868,0.0,-54.45024871826172
119.61755585670471,0.0,362.444,0.0,-54.389686584472656
119.6489691734314,0.0,362.21,0.0,-54.35910415649414
119.68101334571838,0.0,361.984,0.0,-54.32741165161133
119.71894764900208,0.0,361.763,0.0,-54.26274871826172
119.75099968910217,0.0,361.275,0.0,-54.230064392089844
119.78547501564026,0.0,361.033,0.0,-54.1954231262207
119.81681489944458,0.0,360.798,0.0,-54.12493133544922
119.84888291358948,0.0,360.628,0.0,-54.09226608276367
119.88171744346619,0.0,360.163,0.0,-54.05791091918945
119.91308355331421,0.0,359.72,0.0,-54.024471282958984
119.94439935684204,0.0,359.511,0.0,-53.941810607910156
119.97665977478027,0.0,359.282,0.0,-53.90310287475586
120.00872874259949,0.0,359.086,0.0,-53.87501525878906
120.04076313972473,0.0,358.626,0.0,-53.82006072998047
120.07375955581665,0.0,358.408,0.0,-53.7887077331543
120.10013151168823,0.0,358.157,0.0,-53.757083892822266
120.13274598121643,0.0,357.94,0.0,-53.72385787963867
120.16867661476135,0.0,357.725,0.0,-53.65800476074219
120.1964955329895,0.0,357.574,0.0,-53.6280517578125
120.22784972190857,0.0,357.116,0.0,-53.59593963623047
120.26057386398315,0.0,356.887,0.0,-53.5643310546875
120.2926197052002,0.0,356.625,0.0,-53.49777603149414
120.32444715499878,0.0,356.417,0.0,-53.46430587768555
120.35595440864563,0.0,355.999,0.0,-53.42262268066406
120.39260482788086,0.0,355.606,0.0,-53.3469352722168
120.41773700714111,0.0,355.363,0.0,-53.32072448730469
120.45066976547241,0.0,355.126,0.0,-53.292057037353516
120.48374509811401,0.0,354.919,0.0,-53.26171112060547
120.51577758789062,0.0,354.432,0.0,-53.199642181396484
120.5474145412445,0.0,354.226,0.0,-53.16635513305664
120.58010625839233,0.0,354.064,0.0,-53.13370895385742
120.61327600479126,0.0,353.779,0.0,-53.1034049987793
120.65147852897644,0.0,353.339,0.0,-53.03620529174805
120.68297362327576,0.0,353.185,0.0,-53.002777099609375
120.71525382995605,0.0,352.934,0.0,-52.97220230102539
120.74665451049805,0.0,352.725,0.0,-52.907630920410156
120.77767777442932,0.0,352.265,0.0,-52.874568939208984
120.80997014045715,0.0,352.047,0.0,-52.84136962890625
120.84315395355225,0.0,351.84,0.0,-52.77574157714844
120.87344288825989,0.0,351.65,0.0,-52.74433898925781
120.90504312515259,0.0,351.461,0.0,-52.71385955810547
120.93661117553711,0.0,350.839,0.0,-52.675392150878906
120.96840500831604,0.0,350.594,0.0,-52.60035705566406
121.00054430961609,0.0,350.356,0.0,-52.56311798095703
121.03321123123169,0.0,350.102,0.0,-52.525447845458984
121.06883025169373,0.0,349.704,0.0,-52.47026824951172
121.09752202033997,0.0,349.572,0.0,-52.44231414794922
121.13576793670654,0.0,349.31,0.0,-52.41691207885742
121.17245435714722,0.0,348.901,0.0,-52.359745025634766
121.20234894752502,0.0,348.678,0.0,-52.33002471923828
121.23367834091187,0.0,348.478,0.0,-52.29936218261719
121.26631236076355,0.0,348.242,0.0,-52.23716735839844
121.29826927185059,0.0,347.844,0.0,-52.20545959472656
121.33063244819641,0.0,347.702,0.0,-52.17472839355469
121.36284065246582,0.0,347.477,0.0,-52.14667510986328
121.3950617313385,0.0,347.341,0.0,-52.090354919433594
121.427973985672,0.0,346.88,0.0,-52.06031799316406
121.45945072174072,0.0,346.644,0.0,-52.03028869628906
121.49059128761292,0.0,346.379,0.0,-51.96494674682617
121.52273941040039,0.0,346.122,0.0,-51.92961883544922
121.5548779964447,0.0,345.867,0.0,-51.89324951171875
121.58708882331848,0.0,345.387,0.0,-51.860076904296875
121.61920309066772,0.0,345.207,0.0,-51.78789520263672
121.6506290435791,0.0,344.948,0.0,-51.75183868408203
121.6832811832428,0.0,344.736,0.0,-51.71678161621094
121.71788334846497,0.0,344.293,0.0,-51.65652847290039
121.74936938285828,0.0,344.082,0.0,-51.629722595214844
121.78147888183594,0.0,343.882,0.0,-51.60184860229492
121.8132872581482,0.0,343.712,0.0,-51.57358932495117
121.8449878692627,0.0,343.369,0.0,-51.51964569091797
121.89673399925232,0.0,342.913,0.0,-51.465797424316406
121.93258690834045,0.0,342.665,0.0,-51.435935974121094
121.96406817436218,0.0,342.468,0.0,-51.4040412902832
121.99589896202087,0.0,342.255,0.0,-51.34116744995117
122.02785658836365,0.0,341.867,0.0,-51.31041717529297
122.05972599983215,0.0,341.655,0.0,-51.27995300292969
122.09127068519592,0.0,341.48,0.0,-51.24911880493164
122.12318515777588,0.0,341.289,0.0,-51.19028854370117
122.15477919578552,0.0,340.937,0.0,-51.161766052246094
122.1869695186615,0.0,340.729,0.0,-51.134056091308594
122.21957063674927,0.0,340.556,0.0,-51.0777587890625
122.24949955940247,0.0,340.425,0.0,-51.052398681640625
122.28189325332642,0.0,340.14,0.0,-51.022396087646484
122.31426548957825,0.0,339.496,0.0,-50.98236846923828
122.33039236068726,0.0,339.496,0.0,-50.944358825683594
122.36297297477722,0.0,339.13,0.0,-50.909706115722656
122.39486336708069,0.0,338.966,0.0,-50.84484100341797
122.42674231529236,0.0,338.749,0.0,-50.81324005126953
122.45808005332947,0.0,338.513,0.0,-50.790470123291016
122.493821144104,0.0,338.175,0.0,-50.73824691772461
122.52284002304077,0.0,338.042,0.0,-50.713260650634766
122.55095362663269,0.0,337.862,0.0,-50.689945220947266
122.58510780334473,0.0,337.583,0.0,-50.665924072265625
122.62012434005737,0.0,337.334,0.0,-50.60603713989258
122.65005135536194,0.0,336.844,0.0,-50.57206726074219
122.68314599990845,0.0,336.685,0.0,-50.53820037841797
122.7195360660553,0.0,336.564,0.0,-50.479217529296875
122.75202631950378,0.0,336.281,0.0,-50.45631790161133
122.78288388252258,0.0,336.048,0.0,-50.431358337402344
122.81537652015686,0.0,335.827,0.0,-50.40382385253906
122.8484046459198,0.0,335.634,0.0,-50.34575653076172
122.87992119789124,0.0,335.498,0.0,-50.31913375854492
122.91197395324707,0.0,335.036,0.0,-50.29163360595703
122.94431233406067,0.0,334.866,0.0,-50.23158264160156
122.97672438621521,0.0,334.541,0.0,-50.19676971435547
123.00836658477783,0.0,334.402,0.0,-50.16555404663086
123.04043769836426,0.0,333.989,0.0,-50.14297103881836
123.07243919372559,0.0,333.743,0.0,-50.09162902832031
123.10451173782349,0.0,333.51,0.0,-50.0627326965332
123.13696622848511,0.0,333.336,0.0,-50.0321159362793
123.1697154045105,0.0,333.185,0.0,-49.975059509277344
123.20069289207458,0.0,332.808,0.0,-49.945377349853516
123.23300790786743,0.0,332.55,0.0,-49.91798400878906
123.26827502250671,0.0,332.369,0.0,-49.85783386230469
123.30180501937866,0.0,332.172,0.0,-49.82815933227539
123.3345079421997,0.0,331.786,0.0,-49.79747009277344
123.37182521820068,0.0,331.465,0.0,-49.73388671875
123.39908361434937,0.0,331.293,0.0,-49.701568603515625
123.43207693099976,0.0,331.154,0.0,-49.67231369018555
123.46320867538452,0.0,330.948,0.0,-49.65126419067383
123.49603199958801,0.0,330.568,0.0,-49.60501480102539
123.52738499641418,0.0,330.365,0.0,-49.579219818115234
123.55856657028198,0.0,330.164,0.0,-49.55223846435547
123.59594988822937,0.0,329.918,0.0,-49.49406814575195
123.623526096344,0.0,329.698,0.0,-49.462852478027344
123.6555860042572,0.0,329.355,0.0,-49.432106018066406
123.68694925308228,0.0,329.229,0.0,-49.403541564941406
123.71968746185303,0.0,329.083,0.0,-49.353065490722656
123.75118136405945,0.0,328.883,0.0,-49.327125549316406
123.78422904014587,0.0,328.682,0.0,-49.30011749267578
123.81488251686096,0.0,328.357,0.0,-49.267066955566406
123.8508825302124,0.0,327.999,0.0,-49.2176513671875
123.88378167152405,0.0,327.804,0.0,-49.192726135253906
123.91527366638184,0.0,327.653,0.0,-49.1667366027832
123.94670844078064,0.0,327.446,0.0,-49.11520767211914
123.98457837104797,0.0,327.071,0.0,-49.088356018066406
124.0229742527008,0.0,326.859,0.0,-49.032501220703125
124.06602168083191,0.0,326.455,0.0,-49.00257873535156
124.09940981864929,0.0,326.278,0.0,-48.944541931152344
124.13203430175781,0.0,326.129,0.0,-48.91758346557617
124.16296601295471,0.0,325.812,0.0,-48.893043518066406
124.19545793533325,0.0,325.695,0.0,-48.84408950805664
124.22722482681274,0.0,325.469,0.0,-48.818023681640625
124.26011729240417,0.0,325.062,0.0,-48.7822151184082
124.29131722450256,0.0,324.669,0.0,-48.747535705566406
124.3279869556427,0.0,324.521,0.0,-48.68981170654297
124.3513572216034,0.0,324.351,0.0,-48.666297912597656
124.38301086425781,0.0,324.165,0.0,-48.6424674987793
124.41448330879211,0.0,324.044,0.0,-48.617698669433594
124.44635796546936,0.0,323.69,0.0,-48.569942474365234
124.47820615768433,0.0,323.485,0.0,-48.5460090637207
124.50993466377258,0.0,323.277,0.0,-48.52031707763672
124.5462052822113,0.0,323.126,0.0,-48.46718978881836
124.57356691360474,0.0,323.007,0.0,-48.44355010986328
124.60530257225037,0.0,322.607,0.0,-48.41697692871094
124.6373839378357,0.0,322.396,0.0,-48.3907356262207
124.6698830127716,0.0,322.193,0.0,-48.334415435791016
124.70248341560364,0.0,322.055,0.0,-48.30794143676758
124.73375034332275,0.0,321.733,0.0,-48.28199768066406
124.7712345123291,0.0,321.578,0.0,-48.23207092285156
124.80022406578064,0.0,321.397,0.0,-48.206817626953125
124.8316330909729,0.0,321.202,0.0,-48.180503845214844
124.86750912666321,0.0,320.713,0.0,-48.1476936340332
124.8994779586792,0.0,320.557,0.0,-48.08824920654297
124.93152403831482,0.0,320.438,0.0,-48.067413330078125
124.96341753005981,0.0,320.154,0.0,-48.04773712158203
124.99676895141602,0.0,319.823,0.0,-47.99488830566406
125.02784585952759,0.0,319.623,0.0,-47.97002410888672
125.05924940109253,0.0,319.469,0.0,-47.943790435791016
125.09154605865479,0.0,319.291,0.0,-47.91843032836914
125.1240644454956,0.0,319.096,0.0,-47.86606216430664
125.15621399879456,0.0,318.779,0.0,-47.83977127075195
125.18841171264648,0.0,318.624,0.0,-47.814571380615234
125.2219626903534,0.0,318.505,0.0,-47.76732635498047
125.25215792655945,0.0,318.256,0.0,-47.74073791503906
125.28362798690796,0.0,317.87,0.0,-47.71491241455078
125.31647157669067,0.0,317.7,0.0,-47.68674087524414
125.34896326065063,0.0,317.578,0.0,-47.634151458740234
125.38208508491516,0.0,317.23,0.0,-47.601558685302734
125.42240309715271,0.0,316.959,0.0,-47.55018615722656
125.45149064064026,0.0,316.765,0.0,-47.52947235107422
125.48565149307251,0.0,316.594,0.0,-47.50669860839844
125.51787495613098,0.0,316.407,0.0,-47.48328399658203
125.54940366744995,0.0,316.09,0.0,-47.43460464477539
125.58140134811401,0.0,315.935,0.0,-47.41044616699219
125.61238813400269,0.0,315.719,0.0,-47.38660430908203
125.647531747818,0.0,315.558,0.0,-47.334781646728516
125.6760802268982,0.0,315.368,0.0,-47.308311462402344
125.70823907852173,0.0,315.04,0.0,-47.283103942871094
125.73987412452698,0.0,314.855,0.0,-47.25727462768555
125.77151727676392,0.0,314.714,0.0,-47.20591354370117
125.80341815948486,0.0,314.538,0.0,-47.180564880371094
125.83523464202881,0.0,314.4,0.0,-47.156524658203125
125.86750340461731,0.0,314.036,0.0,-47.13193130493164
125.90162539482117,0.0,313.652,0.0,-47.071746826171875
125.93322157859802,0.0,313.489,0.0,-47.04636764526367
125.9675133228302,0.0,313.316,0.0,-47.02128219604492
125.99967932701111,0.0,313.008,0.0,-46.97080612182617
126.03064441680908,0.0,312.871,0.0,-46.94677734375
126.06332159042358,0.0,312.758,0.0,-46.92381286621094
126.09885549545288,0.0,312.537,0.0,-46.878387451171875
126.15026903152466,0.0,312.183,0.0,-46.828182220458984
126.18199229240417,0.0,311.929,0.0,-46.804931640625
126.21430277824402,0.0,311.771,0.0,-46.782615661621094
126.2464907169342,0.0,311.568,0.0,-46.73538589477539
126.27815890312195,0.0,311.34,0.0,-46.70805358886719
126.31087923049927,0.0,311.16,0.0,-46.6806755065918
126.34288430213928,0.0,310.732,0.0,-46.65641784667969
126.3751151561737,0.0,310.542,0.0,-46.59482192993164
126.40552520751953,0.0,310.37,0.0,-46.57251739501953
126.43747353553772,0.0,310.231,0.0,-46.549407958984375
126.46854758262634,0.0,310.092,0.0,-46.52705764770508
126.49989795684814,0.0,309.753,0.0,-46.483848571777344
126.53222942352295,0.0,309.578,0.0,-46.46028137207031
126.56499648094177,0.0,309.381,0.0,-46.436012268066406
126.59817600250244,0.0,309.232,0.0,-46.38543701171875
126.62862038612366,0.0,308.979,0.0,-46.36325454711914
126.66118240356445,0.0,308.847,0.0,-46.341064453125
126.69322395324707,0.0,308.671,0.0,-46.319664001464844
126.72583150863647,0.0,308.514,0.0,-46.2741813659668
126.75807905197144,0.0,308.318,0.0,-46.249568939208984
126.78994798660278,0.0,308.149,0.0,-46.2247200012207
126.82482886314392,0.0,307.662,0.0,-46.18669891357422
126.85122871398926,0.0,307.504,0.0,-46.15944290161133
126.88416790962219,0.0,307.365,0.0,-46.13298034667969
126.9180018901825,0.0,307.199,0.0,-46.107940673828125
126.95007109642029,0.0,306.852,0.0,-46.057552337646484
126.98496079444885,0.0,306.7,0.0,-46.03190231323242
127.01780915260315,0.0,306.521,0.0,-46.00696563720703
127.04892802238464,0.0,306.38,0.0,-45.95710372924805
127.08057284355164,0.0,306.108,0.0,-45.9323844909668
127.1118221282959,0.0,305.92,0.0,-45.91032409667969
127.14410781860352,0.0,305.728,0.0,-45.88666534423828
127.17553353309631,0.0,305.579,0.0,-45.837242126464844
127.20884823799133,0.0,305.435,0.0,-45.81365203857422
127.23929405212402,0.0,305.115,0.0,-45.789894104003906
127.27480125427246,0.0,304.965,0.0,-45.742820739746094
127.30330014228821,0.0,304.792,0.0,-45.718780517578125
127.3351583480835,0.0,304.638,0.0,-45.695003509521484
127.36745095252991,0.0,304.357,0.0,-45.666099548339844
127.4000244140625,0.0,304.065,0.0,-45.62491989135742
127.43357062339783,0.0,303.892,0.0,-45.60350036621094
127.46395015716553,0.0,303.722,0.0,-45.58094024658203
127.50003218650818,0.0,303.565,0.0,-45.534244537353516
127.53248047828674,0.0,303.235,0.0,-45.511085510253906
127.56311321258545,0.0,303.064,0.0,-45.486915588378906
127.58468103408813,0.0,302.939,0.0,-45.46229934692383
127.6170163154602,0.0,302.756,0.0,-45.43927001953125
127.65362167358398,0.0,302.575,0.0,-45.38996124267578
127.6830701828003,0.0,302.442,0.0,-45.36624526977539
127.71708631515503,0.0,302.161,0.0,-45.34346008300781
127.74715209007263,0.0,301.999,0.0,-45.321014404296875
127.77957844734192,0.0,301.62,0.0,-45.2657470703125
127.81252264976501,0.0,301.441,0.0,-45.24198532104492
127.84478521347046,0.0,301.339,0.0,-45.217384338378906
127.87710332870483,0.0,301.064,0.0,-45.176429748535156
127.90870380401611,0.0,300.915,0.0,-45.15469741821289
127.92608308792114,0.0,300.915,0.0,-45.13289260864258
127.95658254623413,0.0,300.52,0.0,-45.108543395996094
127.98884582519531,0.0,300.354,0.0,-45.083106994628906
128.0196738243103,0.0,300.181,0.0,-45.05772018432617
128.05151796340942,0.0,300.052,0.0,-45.008113861083984
128.08466124534607,0.0,299.772,0.0,-44.985347747802734
128.1154124736786,0.0,299.664,0.0,-44.96275329589844
128.15080189704895,0.0,299.516,0.0,-44.921016693115234
128.17980074882507,0.0,299.375,0.0,-44.90010452270508
128.2122688293457,0.0,299.221,0.0,-44.87870788574219
128.2510950565338,0.0,298.8,0.0,-44.82888412475586
128.28155994415283,0.0,298.619,0.0,-44.802040100097656
128.30313181877136,0.0,298.467,0.0,-44.782527923583984
128.3341863155365,0.0,298.323,0.0,-44.762306213378906
128.36552929878235,0.0,298.134,0.0,-44.741851806640625
128.40105414390564,0.0,298.019,0.0,-44.69828796386719
128.43069458007812,0.0,297.796,0.0,-44.67911911010742
128.46270155906677,0.0,297.628,0.0,-44.660247802734375
128.49377298355103,0.0,297.452,0.0,-44.63978958129883
128.52621269226074,0.0,297.258,0.0,-44.59375
128.55876111984253,0.0,296.973,0.0,-44.57014465332031
128.5844099521637,0.0,296.856,0.0,-44.547325134277344
128.61697101593018,0.0,296.708,0.0,-44.52595520019531
128.65026712417603,0.0,296.568,0.0,-44.48303985595703
128.68017578125,0.0,296.383,0.0,-44.459938049316406
128.7124321460724,0.0,296.252,0.0,-44.43775177001953
128.74433064460754,0.0,295.982,0.0,-44.41481018066406
128.776686668396,0.0,295.815,0.0,-44.37187957763672
128.80789518356323,0.0,295.668,0.0,-44.34986877441406
128.83997678756714,0.0,295.418,0.0,-44.32352828979492
128.87261319160461,0.0,295.074,0.0,-44.30434799194336
128.9040880203247,0.0,294.964,0.0,-44.26084518432617
128.93607330322266,0.0,294.829,0.0,-44.240360260009766
128.9683873653412,0.0,294.742,0.0,-44.220027923583984
129.00260519981384,0.0,294.387,0.0,-44.18315124511719
129.03389620780945,0.0,294.202,0.0,-44.16070556640625
129.05252480506897,0.0,294.202,0.0,-44.13671875
129.08126711845398,0.0,293.894,0.0,-44.113861083984375
129.1164412498474,0.0,293.744,0.0,-44.08987045288086
129.14879870414734,0.0,293.671,0.0,-44.066184997558594
129.18169045448303,0.0,293.488,0.0,-44.02383041381836
129.21332097053528,0.0,293.274,0.0,-44.004600524902344
129.24487137794495,0.0,293.13,0.0,-43.98517990112305
129.27809262275696,0.0,292.965,0.0,-43.944087982177734
129.30973267555237,0.0,292.829,0.0,-43.92314147949219
129.34207844734192,0.0,292.462,0.0,-43.89930725097656
129.3741810321808,0.0,292.4,0.0,-43.87538146972656
129.4066948890686,0.0,292.238,0.0,-43.83435821533203
129.4392101764679,0.0,292.146,0.0,-43.815345764160156
129.47094058990479,0.0,291.83,0.0,-43.801788330078125
129.50305247306824,0.0,291.499,0.0,-43.75529479980469
129.5353753566742,0.0,291.356,0.0,-43.73154067993164
129.5674319267273,0.0,291.283,0.0,-43.70829772949219
129.59933233261108,0.0,291.125,0.0,-43.68840026855469
129.64038801193237,0.0,290.836,0.0,-43.646759033203125
129.66749596595764,0.0,290.67,0.0,-43.62545394897461
129.70285820960999,0.0,290.513,0.0,-43.5804328918457
129.7349100112915,0.0,290.233,0.0,-43.55792236328125
129.7672312259674,0.0,290.029,0.0,-43.53599548339844
129.7983558177948,0.0,289.929,0.0,-43.511619567871094
129.83085107803345,0.0,289.757,0.0,-43.46672821044922
129.86301803588867,0.0,289.404,0.0,-43.44087219238281
129.89369654655457,0.0,289.273,0.0,-43.41646194458008
129.9277262687683,0.0,289.192,0.0,-43.37311935424805
129.95899033546448,0.0,289.087,0.0,-43.35432052612305
129.99048447608948,0.0,288.96,0.0,-43.33562469482422
130.02252674102783,0.0,288.709,0.0,-43.316619873046875
130.05436491966248,0.0,288.512,0.0,-43.27690887451172
130.08670806884766,0.0,288.346,0.0,-43.254573822021484
130.11905789375305,0.0,288.134,0.0,-43.23843765258789
130.15411639213562,0.0,287.784,0.0,-43.19562530517578
130.18480348587036,0.0,287.617,0.0,-43.1726188659668
130.21844935417175,0.0,287.468,0.0,-43.14894485473633
130.24990344047546,0.0,287.381,0.0,-43.125511169433594
130.28145289421082,0.0,287.108,0.0,-43.08456802368164
130.31268334388733,0.0,286.987,0.0,-43.06404113769531
130.35141348838806,0.0,286.847,0.0,-43.02415466308594
130.3830382823944,0.0,286.696,0.0,-43.00341796875
130.41641402244568,0.0,286.433,0.0,-42.983642578125
130.45227456092834,0.0,286.301,0.0,-42.94313430786133
130.48114800453186,0.0,286.222,0.0,-42.92534255981445
130.51304817199707,0.0,286.085,0.0,-42.90694046020508
130.54497122764587,0.0,285.745,0.0,-42.88746643066406
130.57735776901245,0.0,285.545,0.0,-42.841312408447266
130.61023354530334,0.0,285.444,0.0,-42.823665618896484
130.641676902771,0.0,285.134,0.0,-42.80687713623047
130.67754578590393,0.0,284.906,0.0,-42.75997543334961
130.707683801651,0.0,284.747,0.0,-42.73831558227539
130.74901747703552,0.0,284.668,0.0,-42.71599578857422
130.78115105628967,0.0,284.379,0.0,-42.67591094970703
130.8128023147583,0.0,284.167,0.0,-42.65561294555664
130.8445611000061,0.0,284.042,0.0,-42.63212585449219
130.8787670135498,0.0,283.932,0.0,-42.589073181152344
130.90894055366516,0.0,283.796,0.0,-42.56843948364258
130.94038724899292,0.0,283.579,0.0,-42.549110412597656
130.97216534614563,0.0,283.434,0.0,-42.53065490722656
131.0036997795105,0.0,283.267,0.0,-42.4906005859375
131.036128282547,0.0,283.065,0.0,-42.467132568359375
131.08515739440918,0.0,282.861,0.0,-42.42694854736328
131.11728954315186,0.0,282.715,0.0,-42.40652847290039
131.1507396697998,0.0,282.467,0.0,-42.38785171508789
131.1820821762085,0.0,282.307,0.0,-42.34716796875
131.21606373786926,0.0,282.015,0.0,-42.332088470458984
131.24737668037415,0.0,281.903,0.0,-42.30924987792969
131.27972984313965,0.0,281.632,0.0,-42.267581939697266
131.31175565719604,0.0,281.507,0.0,-42.24652862548828
131.34379625320435,0.0,281.341,0.0,-42.2260856628418
131.3756868839264,0.0,281.183,0.0,-42.20439910888672
131.40841341018677,0.0,280.994,0.0,-42.15798568725586
131.44075846672058,0.0,280.708,0.0,-42.13437271118164
131.47218680381775,0.0,280.577,0.0,-42.11130905151367
131.50555109977722,0.0,280.475,0.0,-42.06877136230469
131.53661680221558,0.0,280.36,0.0,-42.04935836791992
131.56924843788147,0.0,280.186,0.0,-42.028167724609375
131.60310125350952,0.0,279.925,0.0,-41.99187469482422
131.6332311630249,0.0,279.676,0.0,-41.97611999511719
131.6657359600067,0.0,279.589,0.0,-41.95457077026367
131.69789910316467,0.0,279.436,0.0,-41.93533706665039
131.73075246810913,0.0,279.149,0.0,-41.89625549316406
131.76743531227112,0.0,279.034,0.0,-41.87501525878906
131.80453491210938,0.0,278.901,0.0,-41.83473205566406
131.8342468738556,0.0,278.77,0.0,-41.814762115478516
131.86826753616333,0.0,278.499,0.0,-41.79443359375
131.89914798736572,0.0,278.396,0.0,-41.774375915527344
131.93281507492065,0.0,278.283,0.0,-41.737449645996094
131.96361708641052,0.0,278.185,0.0,-41.72035217285156
131.9963138103485,0.0,277.877,0.0,-41.70133972167969
132.03034663200378,0.0,277.718,0.0,-41.66071319580078
132.06053161621094,0.0,277.573,0.0,-41.6395378112793
132.09307026863098,0.0,277.312,0.0,-41.62422180175781
132.12504482269287,0.0,277.183,0.0,-41.60246276855469
132.15667271614075,0.0,276.854,0.0,-41.55824661254883
132.1883773803711,0.0,276.712,0.0,-41.535377502441406
132.2210648059845,0.0,276.566,0.0,-41.51280212402344
132.25508427619934,0.0,276.456,0.0,-41.46936798095703
132.28491592407227,0.0,276.21,0.0,-41.449363708496094
132.31636595726013,0.0,276.117,0.0,-41.42957305908203
132.34807872772217,0.0,276.016,0.0,-41.41145706176758
132.3807282447815,0.0,275.874,0.0,-41.376136779785156
132.41253924369812,0.0,275.764,0.0,-41.358543395996094
132.44560861587524,0.0,275.478,0.0,-41.34007263183594
132.48049473762512,0.0,275.351,0.0,-41.301536560058594
132.5171835422516,0.0,275.211,0.0,-41.281837463378906
132.5483522415161,0.0,275.07,0.0,-41.2617301940918
132.58473443984985,0.0,274.652,0.0,-41.226051330566406
132.61543250083923,0.0,274.5,0.0,-41.20415496826172
132.64759969711304,0.0,274.343,0.0,-41.181880950927734
132.68089866638184,0.0,274.21,0.0,-41.13698196411133
132.71420073509216,0.0,273.962,0.0,-41.11606979370117
132.74504160881042,0.0,273.855,0.0,-41.095428466796875
132.77750205993652,0.0,273.728,0.0,-41.0760498046875
132.81730842590332,0.0,273.472,0.0,-41.038047790527344
132.84983372688293,0.0,273.352,0.0,-41.01881790161133
132.88151001930237,0.0,273.194,0.0,-40.979827880859375
132.91353368759155,0.0,273.042,0.0,-40.95892333984375
132.94601464271545,0.0,272.936,0.0,-40.939369201660156
132.97854590415955,0.0,272.645,0.0,-40.92530822753906
133.00967073440552,0.0,272.52,0.0,-40.89008712768555
133.04296159744263,0.0,272.355,0.0,-40.87284851074219
133.0745189189911,0.0,272.215,0.0,-40.853614807128906
133.10677909851074,0.0,272.045,0.0,-40.8125
133.13902831077576,0.0,271.838,0.0,-40.792625427246094
133.17088198661804,0.0,271.716,0.0,-40.77396011352539
133.20308113098145,0.0,271.6,0.0,-40.75543212890625
133.2358753681183,0.0,271.457,0.0,-40.71822738647461
133.26768112182617,0.0,271.167,0.0,-40.69822692871094
133.30139112472534,0.0,271.053,0.0,-40.67790603637695
133.33267641067505,0.0,270.927,0.0,-40.63911056518555
133.36773586273193,0.0,270.854,0.0,-40.62213134765625
133.39894843101501,0.0,270.678,0.0,-40.60700225830078
133.43037629127502,0.0,270.538,0.0,-40.57542419433594
133.46314120292664,0.0,270.375,0.0,-40.56363296508789
133.49546694755554,0.0,270.21,0.0,-40.54864501953125
133.52718496322632,0.0,269.935,0.0,-40.53107452392578
133.55938529968262,0.0,269.746,0.0,-40.48392868041992
133.5921516418457,0.0,269.613,0.0,-40.46442413330078
133.62377548217773,0.0,269.478,0.0,-40.44474411010742
133.65594244003296,0.0,269.358,0.0,-40.405426025390625
133.68894934654236,0.0,269.045,0.0,-40.383888244628906
133.72051763534546,0.0,268.934,0.0,-40.362613677978516
133.75268077850342,0.0,268.823,0.0,-40.3425178527832
133.7849678993225,0.0,268.718,0.0,-40.30512237548828
133.81696152687073,0.0,268.592,0.0,-40.28676986694336
133.847980260849,0.0,268.311,0.0,-40.267677307128906
133.88382530212402,0.0,268.172,0.0,-40.228050231933594
133.9157576560974,0.0,268.026,0.0,-40.20747756958008
133.94513654708862,0.0,267.898,0.0,-40.187217712402344
133.98540782928467,0.0,267.632,0.0,-40.15565490722656
134.01433849334717,0.0,267.435,0.0,-40.139034271240234
134.03418111801147,0.0,267.336,0.0,-40.11891174316406
134.06695079803467,0.0,267.204,0.0,-40.100196838378906
134.09879875183105,0.0,267.083,0.0,-40.081180572509766
134.1307578086853,0.0,266.944,0.0,-40.043033599853516
134.1616656780243,0.0,266.704,0.0,-40.02436065673828
134.19438242912292,0.0,266.601,0.0,-40.005550384521484
134.22653484344482,0.0,266.513,0.0,-39.9876823425293
134.259756565094,0.0,266.393,0.0,-39.95436096191406
134.29097652435303,0.0,266.118,0.0,-39.93735122680664
134.32325410842896,0.0,266.004,0.0,-39.91862487792969
134.35568284988403,0.0,265.88,0.0,-39.88197326660156
134.38818669319153,0.0,265.763,0.0,-39.86383819580078
134.41648244857788,0.0,265.647,0.0,-39.84592056274414
134.44959497451782,0.0,265.394,0.0,-39.827919006347656
134.4822874069214,0.0,265.231,0.0,-39.79618835449219
134.5132236480713,0.0,265.15,0.0,-39.78003692626953
134.54593706130981,0.0,264.997,0.0,-39.765098571777344
134.57813334465027,0.0,264.794,0.0,-39.74806594848633
134.6091890335083,0.0,264.526,0.0,-39.706233978271484
134.64470863342285,0.0,264.416,0.0,-39.685604095458984
134.68407011032104,0.0,264.296,0.0,-39.64676284790039
134.7187614440918,0.0,264.019,0.0,-39.62636184692383
134.74935603141785,0.0,263.879,0.0,-39.6064453125
134.78211879730225,0.0,263.734,0.0,-39.56536865234375
134.81450986862183,0.0,263.62,0.0,-39.54551315307617
134.8461742401123,0.0,263.345,0.0,-39.52436065673828
134.87832236289978,0.0,263.25,0.0,-39.504276275634766
134.9153528213501,0.0,263.119,0.0,-39.46698760986328
134.95143723487854,0.0,262.935,0.0,-39.45100021362305
134.98331308364868,0.0,262.794,0.0,-39.422576904296875
135.01500964164734,0.0,262.682,0.0,-39.40848922729492
135.0471761226654,0.0,262.44,0.0,-39.393856048583984
135.0788300037384,0.0,262.335,0.0,-39.373329162597656
135.11045241355896,0.0,262.097,0.0,-39.33478927612305
135.14261627197266,0.0,261.968,0.0,-39.31611633300781
135.17481136322021,0.0,261.861,0.0,-39.29722213745117
135.2073459625244,0.0,261.73,0.0,-39.26052474975586
135.23889875411987,0.0,261.431,0.0,-39.24054718017578
135.27063751220703,0.0,261.301,0.0,-39.22010803222656
135.3029203414917,0.0,261.179,0.0,-39.199825286865234
135.33548140525818,0.0,261.082,0.0,-39.16160202026367
135.36965918540955,0.0,260.879,0.0,-39.14395523071289
135.40219688415527,0.0,260.78,0.0,-39.12718200683594
135.43421387672424,0.0,260.656,0.0,-39.09433364868164
135.4691002368927,0.0,260.53,0.0,-39.077091217041016
135.5006492137909,0.0,260.275,0.0,-39.05956268310547
135.53324842453003,0.0,260.172,0.0,-39.024044036865234
135.56510663032532,0.0,260.04,0.0,-39.01156234741211
135.584881067276,0.0,259.825,0.0,-38.997314453125
135.61245727539062,0.0,259.737,0.0,-38.97820281982422
135.644522190094,0.0,259.672,0.0,-38.960655212402344
135.6771411895752,0.0,259.525,0.0,-38.945289611816406
135.7090802192688,0.0,259.405,0.0,-38.91080856323242
135.7399537563324,0.0,259.112,0.0,-38.89247131347656
135.77283716201782,0.0,259.034,0.0,-38.87274932861328
135.8093719482422,0.0,258.902,0.0,-38.836944580078125
135.83655714988708,0.0,258.8,0.0,-38.819515228271484
135.86941361427307,0.0,258.607,0.0,-38.80298614501953
135.901597738266,0.0,258.499,0.0,-38.787025451660156
135.93410062789917,0.0,258.367,0.0,-38.75413131713867
135.9660234451294,0.0,258.237,0.0,-38.736488342285156
135.99727177619934,0.0,257.981,0.0,-38.71818161010742
136.03477549552917,0.0,257.878,0.0,-38.682159423828125
136.07036185264587,0.0,257.754,0.0,-38.66425323486328
136.10176491737366,0.0,257.533,0.0,-38.64638137817383
136.13448977470398,0.0,257.413,0.0,-38.616790771484375
136.165465593338,0.0,257.297,0.0,-38.60310363769531
136.19713592529297,0.0,257.147,0.0,-38.58855438232422
136.22909903526306,0.0,257.005,0.0,-38.5718994140625
136.2606339454651,0.0,256.64,0.0,-38.529998779296875
136.29297137260437,0.0,256.526,0.0,-38.508018493652344
136.32544922828674,0.0,256.434,0.0,-38.48716735839844
136.35867524147034,0.0,256.348,0.0,-38.45074462890625
136.3891282081604,0.0,256.159,0.0,-38.43510818481445
136.421142578125,0.0,256.052,0.0,-38.41918182373047
136.45392632484436,0.0,255.917,0.0,-38.40331268310547
136.47281527519226,0.0,255.799,0.0,-38.38630676269531
136.51895332336426,0.0,255.674,0.0,-38.35153579711914
136.55103754997253,0.0,255.446,0.0,-38.3330192565918
136.58371210098267,0.0,255.335,0.0,-38.298919677734375
136.61468815803528,0.0,255.236,0.0,-38.28672790527344
136.6475386619568,0.0,255.138,0.0,-38.27406311035156
136.67893171310425,0.0,255.007,0.0,-38.26105499267578
136.7110617160797,0.0,254.621,0.0,-38.229862213134766
136.74289655685425,0.0,254.499,0.0,-38.207801818847656
136.7846794128418,0.0,254.379,0.0,-38.165889739990234
136.8178255558014,0.0,254.184,0.0,-38.14671325683594
136.8522663116455,0.0,254.075,0.0,-38.12877655029297
136.883526802063,0.0,253.954,0.0,-38.09357452392578
136.91591954231262,0.0,253.818,0.0,-38.07511520385742
136.94741296768188,0.0,253.538,0.0,-38.05564498901367
136.9793348312378,0.0,253.423,0.0,-38.03590393066406
137.01200032234192,0.0,253.327,0.0,-37.99887466430664
137.04555463790894,0.0,253.241,0.0,-37.982391357421875
137.06804895401,0.0,253.156,0.0,-37.9670295715332
137.1005687713623,0.0,253.061,0.0,-37.95210647583008
137.13319659233093,0.0,252.761,0.0,-37.92816925048828
137.16544008255005,0.0,252.511,0.0,-37.912208557128906
137.1971299648285,0.0,252.401,0.0,-37.8902587890625
137.22894024848938,0.0,252.31,0.0,-37.869564056396484
137.26172804832458,0.0,252.188,0.0,-37.83183288574219
137.29364585876465,0.0,251.959,0.0,-37.81375503540039
137.32602977752686,0.0,251.865,0.0,-37.79554748535156
137.35905504226685,0.0,251.75,0.0,-37.761348724365234
137.39020371437073,0.0,251.625,0.0,-37.743804931640625
137.42221999168396,0.0,251.418,0.0,-37.72697067260742
137.45483899116516,0.0,251.291,0.0,-37.71039581298828
137.4847776889801,0.0,251.199,0.0,-37.676918029785156
137.5161612033844,0.0,251.103,0.0,-37.6612434387207
137.55215406417847,0.0,250.927,0.0,-37.6458854675293
137.5830433368683,0.0,250.825,0.0,-37.61732864379883
137.6175515651703,0.0,250.686,0.0,-37.60711669921875
137.6487352848053,0.0,250.544,0.0,-37.594261169433594
137.68529868125916,0.0,250.388,0.0,-37.56188201904297
137.71309781074524,0.0,250.022,0.0,-37.538536071777344
137.74558997154236,0.0,249.944,0.0,-37.51677322387695
137.77761244773865,0.0,249.827,0.0,-37.49755859375
137.8098418712616,0.0,249.698,0.0,-37.4595947265625
137.84253883361816,0.0,249.405,0.0,-37.440330505371094
137.87550044059753,0.0,249.284,0.0,-37.41947555541992
137.91040658950806,0.0,249.175,0.0,-37.37989807128906
137.9367127418518,0.0,249.067,0.0,-37.36138916015625
137.96899580955505,0.0,248.978,0.0,-37.34429931640625
138.0010530948639,0.0,248.796,0.0,-37.327423095703125
138.03331780433655,0.0,248.699,0.0,-37.297489166259766
138.06463074684143,0.0,248.586,0.0,-37.282222747802734
138.09784650802612,0.0,248.481,0.0,-37.27134704589844
138.1361575126648,0.0,248.247,0.0,-37.24595260620117
138.16438603401184,0.0,248.032,0.0,-37.23173522949219
138.20172572135925,0.0,247.941,0.0,-37.21257781982422
138.23558712005615,0.0,247.742,0.0,-37.17585372924805
138.26743340492249,0.0,247.632,0.0,-37.15980529785156
138.29924726486206,0.0,247.495,0.0,-37.14366149902344
138.3367509841919,0.0,247.403,0.0,-37.10990905761719
138.3643913269043,0.0,247.262,0.0,-37.092193603515625
138.39503836631775,0.0,247.028,0.0,-37.07362747192383
138.42807126045227,0.0,246.943,0.0,-37.056087493896484
138.46095037460327,0.0,246.846,0.0,-37.02412033081055
138.4907534122467,0.0,246.759,0.0,-37.00919723510742
138.52257442474365,0.0,246.686,0.0,-36.995479583740234
138.55553555488586,0.0,246.462,0.0,-36.98092269897461
138.58693170547485,0.0,246.329,0.0,-36.95878219604492
138.61946082115173,0.0,246.188,0.0,-36.9449462890625
138.65163683891296,0.0,246.054,0.0,-36.92914962768555
138.68444919586182,0.0,245.969,0.0,-36.89622497558594
138.71581745147705,0.0,245.681,0.0,-36.87678146362305
138.74793529510498,0.0,245.584,0.0,-36.85846710205078
138.78071880340576,0.0,245.483,0.0,-36.84107971191406
138.8125500679016,0.0,245.404,0.0,-36.808780670166016
138.8454761505127,0.0,245.32,0.0,-36.794151306152344
138.8769929409027,0.0,245.125,0.0,-36.7783203125
138.9019808769226,0.0,245.02,0.0,-36.76411819458008
138.93418383598328,0.0,244.9,0.0,-36.734130859375
138.96814703941345,0.0,244.78,0.0,-36.71799087524414
138.9996259212494,0.0,244.663,0.0,-36.701438903808594
139.0319948196411,0.0,244.474,0.0,-36.6850700378418
139.06384372711182,0.0,244.399,0.0,-36.65556335449219
139.09567189216614,0.0,244.281,0.0,-36.64049530029297
139.12765288352966,0.0,244.166,0.0,-36.62968063354492
139.14305996894836,0.0,244.088,0.0,-36.617313385009766
139.1846899986267,0.0,243.977,0.0,-36.592124938964844
139.21701765060425,0.0,243.601,0.0,-36.57807540893555
139.2489960193634,0.0,243.484,0.0,-36.55686950683594
139.28158712387085,0.0,243.38,0.0,-36.536354064941406
139.31359100341797,0.0,243.302,0.0,-36.49948501586914
139.34564304351807,0.0,243.105,0.0,-36.481082916259766
139.37854290008545,0.0,243.02,0.0,-36.465187072753906
139.4104607105255,0.0,242.903,0.0,-36.43452072143555
139.44337248802185,0.0,242.81,0.0,-36.41936111450195
139.47588539123535,0.0,242.567,0.0,-36.403114318847656
139.51332902908325,0.0,242.51,0.0,-36.37223434448242
139.54002475738525,0.0,242.428,0.0,-36.35855484008789
139.57235383987427,0.0,242.319,0.0,-36.34423828125
139.60243272781372,0.0,242.178,0.0,-36.328086853027344
139.63266944885254,0.0,241.894,0.0,-36.316429138183594
139.66818833351135,0.0,241.771,0.0,-36.28489303588867
139.69907641410828,0.0,241.669,0.0,-36.268402099609375
139.7380666732788,0.0,241.595,0.0,-36.23737335205078
139.76647901535034,0.0,241.226,0.0,-36.2165412902832
139.79841899871826,0.0,241.113,0.0,-36.19597625732422
139.83054304122925,0.0,241.005,0.0,-36.17618179321289
139.84638023376465,0.0,240.904,0.0,-36.15721130371094
139.8794093132019,0.0,240.846,0.0,-36.139183044433594
139.91379690170288,0.0,240.781,0.0,-36.1098747253418
139.9430868625641,0.0,240.702,0.0,-36.09675598144531
139.97476410865784,0.0,240.44,0.0,-36.08193588256836
140.00608277320862,0.0,240.31,0.0,-36.065879821777344
140.038911819458,0.0,240.188,0.0,-36.031436920166016
140.07060503959656,0.0,240.112,0.0,-36.0156364440918
140.10209608078003,0.0,239.926,0.0,-36.00083923339844
140.1396291255951,0.0,239.824,0.0,-35.970909118652344
140.16634726524353,0.0,239.755,0.0,-35.957275390625
140.1983253955841,0.0,239.631,0.0,-35.94237518310547
140.23398089408875,0.0,239.44,0.0,-35.92841339111328
140.26626062393188,0.0,239.306,0.0,-35.90682601928711
140.30318236351013,0.0,239.195,0.0,-35.89301300048828
140.33544301986694,0.0,239.076,0.0,-35.863006591796875
140.36854195594788,0.0,238.885,0.0,-35.84781265258789
140.39967441558838,0.0,238.841,0.0,-35.83287048339844
140.43215489387512,0.0,238.672,0.0,-35.82025909423828
140.46536016464233,0.0,238.609,0.0,-35.78992462158203
140.49697542190552,0.0,238.347,0.0,-35.7740478515625
140.529381275177,0.0,238.238,0.0,-35.75718307495117
140.5612711906433,0.0,238.117,0.0,-35.72307586669922
140.59333086013794,0.0,238.01,0.0,-35.706024169921875
140.62522077560425,0.0,237.824,0.0,-35.68975067138672
140.65766382217407,0.0,237.7,0.0,-35.67408752441406
140.68999695777893,0.0,237.603,0.0,-35.6415901184082
140.74382734298706,0.0,237.429,0.0,-35.612300872802734
140.78312134742737,0.0,237.236,0.0,-35.597923278808594
140.81538248062134,0.0,237.13,0.0,-35.56843185424805
140.84807705879211,0.0,237.006,0.0,-35.552513122558594
140.88015961647034,0.0,236.931,0.0,-35.541019439697266
140.91204643249512,0.0,236.738,0.0,-35.52979278564453
140.9446156024933,0.0,236.673,0.0,-35.50539779663086
140.97652339935303,0.0,236.58,0.0,-35.4937629699707
141.0076789855957,0.0,236.424,0.0,-35.481624603271484
141.03444957733154,0.0,236.315,0.0,-35.4664421081543
141.06723475456238,0.0,236.094,0.0,-35.43421936035156
141.10138535499573,0.0,235.999,0.0,-35.41819763183594
141.13450050354004,0.0,235.89,0.0,-35.402591705322266
141.16580533981323,0.0,235.827,0.0,-35.372589111328125
141.19689750671387,0.0,235.704,0.0,-35.357276916503906
141.22905206680298,0.0,235.537,0.0,-35.341556549072266
141.26519465446472,0.0,235.415,0.0,-35.31288528442383
141.30043387413025,0.0,235.341,0.0,-35.29900360107422
141.33123302459717,0.0,235.135,0.0,-35.2859001159668
141.3633575439453,0.0,235.05,0.0,-35.25676727294922
141.3952829837799,0.0,234.952,0.0,-35.246498107910156
141.4267156124115,0.0,234.844,0.0,-35.23521041870117
141.45926570892334,0.0,234.735,0.0,-35.22270202636719
141.4905297756195,0.0,234.427,0.0,-35.19100570678711
141.52329659461975,0.0,234.356,0.0,-35.173240661621094
141.5545210838318,0.0,234.239,0.0,-35.157283782958984
141.58846831321716,0.0,234.15,0.0,-35.12510299682617
141.61871433258057,0.0,234.065,0.0,-35.110172271728516
141.65041780471802,0.0,233.913,0.0,-35.094417572021484
141.68254137039185,0.0,233.83,0.0,-35.08163833618164
141.7152659893036,0.0,233.77,0.0,-35.057594299316406
141.7523214817047,0.0,233.622,0.0,-35.04756164550781
141.78421545028687,0.0,233.535,0.0,-35.036277770996094
141.81734681129456,0.0,233.444,0.0,-35.012550354003906
141.8488962650299,0.0,233.364,0.0,-35.00056838989258
141.88188290596008,0.0,233.149,0.0,-34.986900329589844
141.91266298294067,0.0,233.034,0.0,-34.963218688964844
141.94513702392578,0.0,232.913,0.0,-34.9514274597168
141.97607374191284,0.0,232.819,0.0,-34.93792724609375
142.00880789756775,0.0,232.7,0.0,-34.92424392700195
142.04052686691284,0.0,232.386,0.0,-34.894283294677734
142.07270526885986,0.0,232.312,0.0,-34.874427795410156
142.10428667068481,0.0,232.215,0.0,-34.85669708251953
142.136070728302,0.0,232.164,0.0,-34.83966064453125
142.1678855419159,0.0,232.105,0.0,-34.8121337890625
142.19994950294495,0.0,231.955,0.0,-34.79929733276367
142.23200941085815,0.0,231.869,0.0,-34.78739929199219
142.2640142440796,0.0,231.783,0.0,-34.763145446777344
142.29694485664368,0.0,231.684,0.0,-34.75029373168945
142.32817721366882,0.0,231.484,0.0,-34.737770080566406
142.3679690361023,0.0,231.372,0.0,-34.70889663696289
142.40059089660645,0.0,231.289,0.0,-34.69466781616211
142.43251585960388,0.0,231.179,0.0,-34.679779052734375
142.4666178226471,0.0,231.036,0.0,-34.65312576293945
142.5024847984314,0.0,230.918,0.0,-34.643856048583984
142.5328004360199,0.0,230.814,0.0,-34.6324577331543
142.56788182258606,0.0,230.566,0.0,-34.60588836669922
142.60031747817993,0.0,230.492,0.0,-34.5904426574707
142.63243865966797,0.0,230.415,0.0,-34.57610321044922
142.66578578948975,0.0,230.243,0.0,-34.545475006103516
142.69677710533142,0.0,229.985,0.0,-34.528167724609375
142.72897386550903,0.0,229.918,0.0,-34.509559631347656
142.76109743118286,0.0,229.831,0.0,-34.49311447143555
142.79234552383423,0.0,229.757,0.0,-34.463111877441406
142.82490634918213,0.0,229.731,0.0,-34.45166015625
142.85680603981018,0.0,229.545,0.0,-34.4395866394043
142.884681224823,0.0,229.487,0.0,-34.427188873291016
142.917067527771,0.0,229.393,0.0,-34.403995513916016
142.950261592865,0.0,229.322,0.0,-34.39253234863281
142.9814841747284,0.0,229.265,0.0,-34.38199996948242
143.01323008537292,0.0,229.054,0.0,-34.37457275390625
143.04558777809143,0.0,228.964,0.0,-34.35426330566406
143.077246427536,0.0,228.821,0.0,-34.34253692626953
143.1096682548523,0.0,228.745,0.0,-34.328128814697266
143.1428666114807,0.0,228.527,0.0,-34.29541778564453
143.1655297279358,0.0,228.486,0.0,-34.27965545654297
143.19883108139038,0.0,228.286,0.0,-34.26359176635742
143.23380708694458,0.0,228.248,0.0,-34.24806213378906
143.2651388645172,0.0,228.145,0.0,-34.22162628173828
143.29795265197754,0.0,227.946,0.0,-34.207672119140625
143.3293559551239,0.0,227.861,0.0,-34.19344711303711
143.36596012115479,0.0,227.777,0.0,-34.166099548339844
143.41764736175537,0.0,227.684,0.0,-34.144073486328125
143.45023322105408,0.0,227.588,0.0,-34.13285827636719
143.48039650917053,0.0,227.436,0.0,-34.12253952026367
143.51261639595032,0.0,227.333,0.0,-34.11122131347656
143.5452630519867,0.0,227.265,0.0,-34.08707809448242
143.5774223804474,0.0,227.161,0.0,-34.074310302734375
143.61014580726624,0.0,227.083,0.0,-34.06511306762695
143.6413004398346,0.0,226.925,0.0,-34.04619216918945
143.67313694953918,0.0,226.832,0.0,-34.035438537597656
143.70518517494202,0.0,226.756,0.0,-34.02385711669922
143.7375693321228,0.0,226.647,0.0,-34.01234436035156
143.77002382278442,0.0,226.392,0.0,-33.98386001586914
143.80120062828064,0.0,226.307,0.0,-33.96804428100586
143.83283281326294,0.0,226.211,0.0,-33.952903747558594
143.86527919769287,0.0,226.119,0.0,-33.93783187866211
143.90055084228516,0.0,225.972,0.0,-33.90960693359375
143.93559885025024,0.0,225.884,0.0,-33.89637756347656
143.96730256080627,0.0,225.822,0.0,-33.87099838256836
143.9978437423706,0.0,225.725,0.0,-33.85823059082031
144.0303852558136,0.0,225.611,0.0,-33.84589385986328
144.06176590919495,0.0,225.516,0.0,-33.835411071777344
144.09332752227783,0.0,225.468,0.0,-33.8138313293457
144.12634587287903,0.0,225.402,0.0,-33.80386734008789
144.15847301483154,0.0,225.332,0.0,-33.79388427734375
144.19010424613953,0.0,225.167,0.0,-33.77883529663086
144.24280381202698,0.0,225.071,0.0,-33.75886535644531
144.2701609134674,0.0,224.88,0.0,-33.74771499633789
144.3027482032776,0.0,224.767,0.0,-33.735198974609375
144.3349049091339,0.0,224.666,0.0,-33.721378326416016
144.3662428855896,0.0,224.458,0.0,-33.687870025634766
144.39769077301025,0.0,224.368,0.0,-33.67207717895508
144.42970657348633,0.0,224.313,0.0,-33.65834045410156
144.46847772598267,0.0,224.262,0.0,-33.63512420654297
144.49937677383423,0.0,224.089,0.0,-33.623836517333984
144.5311369895935,0.0,223.991,0.0,-33.61198806762695
144.56245017051697,0.0,223.906,0.0,-33.59937286376953
144.59425830841064,0.0,223.821,0.0,-33.57400131225586
144.63372659683228,0.0,223.645,0.0,-33.56147384643555
144.6689898967743,0.0,223.541,0.0,-33.53461837768555
144.7005422115326,0.0,223.434,0.0,-33.520118713378906
144.73261070251465,0.0,223.302,0.0,-33.50542449951172
144.76737213134766,0.0,223.226,0.0,-33.481510162353516
144.79589581489563,0.0,223.183,0.0,-33.471221923828125
144.8280429840088,0.0,223.148,0.0,-33.46247100830078
144.85935592651367,0.0,223.068,0.0,-33.453006744384766
144.89345002174377,0.0,222.869,0.0,-33.4313850402832
144.92290949821472,0.0,222.774,0.0,-33.42253494262695
144.9543445110321,0.0,222.664,0.0,-33.412330627441406
144.9851312637329,0.0,222.573,0.0,-33.40043640136719
145.01581287384033,0.0,222.423,0.0,-33.388038635253906
145.0475835800171,0.0,222.357,0.0,-33.3642463684082
145.08013820648193,0.0,222.273,0.0,-33.35284423828125
145.11167097091675,0.0,222.201,0.0,-33.341121673583984
145.14464473724365,0.0,222.142,0.0,-33.31892776489258
145.1762866973877,0.0,221.952,0.0,-33.30512237548828
145.20787477493286,0.0,221.866,0.0,-33.29322052001953
145.24016427993774,0.0,221.79,0.0,-33.281028747558594
145.27210545539856,0.0,221.715,0.0,-33.25724792480469
145.30395078659058,0.0,221.465,0.0,-33.24287414550781
145.33429408073425,0.0,221.386,0.0,-33.22777557373047
145.36908674240112,0.0,221.289,0.0,-33.198909759521484
145.401127576828,0.0,221.22,0.0,-33.18545150756836
145.43280339241028,0.0,221.087,0.0,-33.173988342285156
145.46534085273743,0.0,221.019,0.0,-33.161930084228516
145.49850392341614,0.0,220.969,0.0,-33.140071868896484
145.53435587882996,0.0,220.881,0.0,-33.12903594970703
145.56993985176086,0.0,220.722,0.0,-33.109596252441406
145.5979709625244,0.0,220.643,0.0,-33.10072708129883
145.6308388710022,0.0,220.551,0.0,-33.0911750793457
145.6625611782074,0.0,220.476,0.0,-33.08053970336914
145.6947376728058,0.0,220.313,0.0,-33.05882263183594
145.7260262966156,0.0,220.239,0.0,-33.04734802246094
145.75791215896606,0.0,220.158,0.0,-33.035972595214844
145.7961142063141,0.0,219.98,0.0,-33.00853729248047
145.82282209396362,0.0,219.912,0.0,-32.994049072265625
145.85481572151184,0.0,219.741,0.0,-32.980072021484375
145.88649082183838,0.0,219.676,0.0,-32.96611785888672
145.91927695274353,0.0,219.577,0.0,-32.939781188964844
145.95126342773438,0.0,219.522,0.0,-32.92771530151367
145.98285722732544,0.0,219.377,0.0,-32.915931701660156
146.01520252227783,0.0,219.307,0.0,-32.90448760986328
146.0349678993225,0.0,219.21,0.0,-32.89335250854492
146.06926608085632,0.0,219.131,0.0,-32.86933135986328
146.09984302520752,0.0,219.061,0.0,-32.85777282714844
146.13374876976013,0.0,218.971,0.0,-32.84569549560547
146.16626954078674,0.0,218.798,0.0,-32.8332633972168
146.19827842712402,0.0,218.717,0.0,-32.81446838378906
146.23108053207397,0.0,218.679,0.0,-32.80409622192383
146.26272439956665,0.0,218.627,0.0,-32.795101165771484
146.29547810554504,0.0,218.46,0.0,-32.776432037353516
146.32710218429565,0.0,218.368,0.0,-32.766326904296875
146.3591718673706,0.0,218.238,0.0,-32.75524139404297
146.39166927337646,0.0,218.164,0.0,-32.741798400878906
146.4232850074768,0.0,218.083,0.0,-32.71611022949219
146.45663404464722,0.0,217.934,0.0,-32.70368576049805
146.48773837089539,0.0,217.838,0.0,-32.69158172607422
146.5199122428894,0.0,217.751,0.0,-32.6658935546875
146.5516836643219,0.0,217.664,0.0,-32.65287780761719
146.5853455066681,0.0,217.49,0.0,-32.63953399658203
146.61797952651978,0.0,217.432,0.0,-32.614532470703125
146.65009427070618,0.0,217.368,0.0,-32.603271484375
146.6823856830597,0.0,217.301,0.0,-32.59519958496094
146.71505856513977,0.0,217.26,0.0,-32.58677673339844
146.7509741783142,0.0,217.125,0.0,-32.5706787109375
146.78407216072083,0.0,217.051,0.0,-32.562232971191406
146.80112385749817,0.0,216.956,0.0,-32.55317687988281
146.83333659172058,0.0,216.853,0.0,-32.542755126953125
146.86572313308716,0.0,216.716,0.0,-32.530941009521484
146.8979206085205,0.0,216.652,0.0,-32.50343704223633
146.9292290210724,0.0,216.528,0.0,-32.492069244384766
146.96054935455322,0.0,216.471,0.0,-32.480430603027344
146.9967019557953,0.0,216.406,0.0,-32.45914840698242
147.0245819091797,0.0,216.306,0.0,-32.44743728637695
147.0572440624237,0.0,216.2,0.0,-32.43452072143555
147.0893771648407,0.0,216.052,0.0,-32.421730041503906
147.12007236480713,0.0,216.017,0.0,-32.399410247802734
147.14978051185608,0.0,215.933,0.0,-32.388587951660156
147.1816897392273,0.0,215.87,0.0,-32.38082504272461
147.21366715431213,0.0,215.801,0.0,-32.372772216796875
147.24495339393616,0.0,215.65,0.0,-32.354881286621094
147.27645683288574,0.0,215.56,0.0,-32.34519577026367
147.30843997001648,0.0,215.45,0.0,-32.33448791503906
147.34065508842468,0.0,215.365,0.0,-32.32215118408203
147.37188386917114,0.0,215.232,0.0,-32.298500061035156
147.4041609764099,0.0,215.163,0.0,-32.2868766784668
147.43427896499634,0.0,215.079,0.0,-32.275569915771484
147.4647777080536,0.0,215.011,0.0,-32.263877868652344
147.4977719783783,0.0,214.941,0.0,-32.24146270751953
147.53197932243347,0.0,214.668,0.0,-32.22959899902344
147.56437826156616,0.0,214.587,0.0,-32.21341323852539
147.59645104408264,0.0,214.548,0.0,-32.18522262573242
147.62827610969543,0.0,214.392,0.0,-32.17274475097656
147.6664161682129,0.0,214.338,0.0,-32.16032409667969
147.6973912715912,0.0,214.248,0.0,-32.137245178222656
147.72936177253723,0.0,214.189,0.0,-32.126243591308594
147.76166343688965,0.0,214.06,0.0,-32.11579895019531
147.79379963874817,0.0,214.007,0.0,-32.09592056274414
147.82576894760132,0.0,213.946,0.0,-32.08656692504883
147.85817098617554,0.0,213.845,0.0,-32.07569885253906
147.89764714241028,0.0,213.691,0.0,-32.05806350708008
147.92255854606628,0.0,213.599,0.0,-32.04897689819336
147.95440864562988,0.0,213.563,0.0,-32.038665771484375
147.98595714569092,0.0,213.464,0.0,-32.029754638671875
148.01841926574707,0.0,213.39,0.0,-32.01927185058594
148.0345001220703,0.0,213.316,0.0,-32.00862503051758
148.0659534931183,0.0,213.218,0.0,-31.99785041809082
148.09859704971313,0.0,213.107,0.0,-31.972684860229492
148.1350531578064,0.0,213.018,0.0,-31.961854934692383
148.1706726551056,0.0,212.921,0.0,-31.939922332763672
148.2005045413971,0.0,212.9,0.0,-31.930700302124023
148.23215436935425,0.0,212.808,0.0,-31.920284271240234
148.26500034332275,0.0,212.704,0.0,-31.90969467163086
148.29736399650574,0.0,212.598,0.0,-31.890071868896484
148.3294780254364,0.0,212.517,0.0,-31.878925323486328
148.36168265342712,0.0,212.44,0.0,-31.867639541625977
148.3957953453064,0.0,212.251,0.0,-31.848529815673828
148.42593336105347,0.0,212.178,0.0,-31.837892532348633
148.45790266990662,0.0,212.115,0.0,-31.827163696289062
148.4884524345398,0.0,212.06,0.0,-31.816783905029297
148.52062273025513,0.0,211.996,0.0,-31.797325134277344
148.5524833202362,0.0,211.914,0.0,-31.788084030151367
148.58490991592407,0.0,211.879,0.0,-31.780357360839844
148.62229537963867,0.0,211.782,0.0,-31.76458740234375
148.6502447128296,0.0,211.712,0.0,-31.755313873291016
148.68110585212708,0.0,211.622,0.0,-31.74488639831543
148.7174961566925,0.0,211.482,0.0,-31.733570098876953
148.7493417263031,0.0,211.411,0.0,-31.712814331054688
148.78140950202942,0.0,211.345,0.0,-31.70250701904297
148.8139157295227,0.0,211.294,0.0,-31.692928314208984
148.8506519794464,0.0,211.154,0.0,-31.677698135375977
148.8837993144989,0.0,211.082,0.0,-31.669445037841797
148.9167070388794,0.0,210.985,0.0,-31.660552978515625
148.94899439811707,0.0,210.842,0.0,-31.64011001586914
148.98218941688538,0.0,210.773,0.0,-31.629318237304688
149.0136423110962,0.0,210.714,0.0,-31.61859130859375
149.04700112342834,0.0,210.573,0.0,-31.595008850097656
149.07675981521606,0.0,210.5,0.0,-31.582164764404297
149.10839986801147,0.0,210.421,0.0,-31.5694580078125
149.13996934890747,0.0,210.225,0.0,-31.556236267089844
149.1719229221344,0.0,210.151,0.0,-31.528968811035156
149.20408129692078,0.0,210.071,0.0,-31.515892028808594
149.222909450531,0.0,209.999,0.0,-31.503347396850586
149.26605939865112,0.0,209.873,0.0,-31.49151611328125
149.29834246635437,0.0,209.812,0.0,-31.469858169555664
149.33017563819885,0.0,209.776,0.0,-31.46230125427246
149.36248135566711,0.0,209.729,0.0,-31.45553970336914
149.39546489715576,0.0,209.645,0.0,-31.442380905151367
149.42684173583984,0.0,209.586,0.0,-31.436321258544922
149.46001529693604,0.0,209.514,0.0,-31.4296875
149.49112343788147,0.0,209.436,0.0,-31.422054290771484
149.52384996414185,0.0,209.376,0.0,-31.404659271240234
149.55121612548828,0.0,209.304,0.0,-31.3953914642334
149.5833661556244,0.0,209.063,0.0,-31.38355827331543
149.61758494377136,0.0,208.991,0.0,-31.36995506286621
149.64913201332092,0.0,208.913,0.0,-31.344104766845703
149.6812252998352,0.0,208.856,0.0,-31.332338333129883
149.71335530281067,0.0,208.784,0.0,-31.32244300842285
149.747967004776,0.0,208.72,0.0,-31.304729461669922
149.78415036201477,0.0,208.67,0.0,-31.2962646484375
149.81597685813904,0.0,208.561,0.0,-31.287567138671875
149.8478021621704,0.0,208.476,0.0,-31.273754119873047
149.87988018989563,0.0,208.433,0.0,-31.266267776489258
149.91273641586304,0.0,208.361,0.0,-31.259174346923828
149.94864153862,0.0,208.274,0.0,-31.241798400878906
149.97658324241638,0.0,208.126,0.0,-31.232311248779297
150.0089738368988,0.0,208.031,0.0,-31.22197723388672
150.0410008430481,0.0,207.97,0.0,-31.210487365722656
150.07350611686707,0.0,207.89,0.0,-31.188209533691406
150.10462164878845,0.0,207.808,0.0,-31.178112030029297
150.13665556907654,0.0,207.72,0.0,-31.169221878051758
150.1686658859253,0.0,207.586,0.0,-31.15916633605957
150.2010793685913,0.0,207.547,0.0,-31.135189056396484
150.2324824333191,0.0,207.518,0.0,-31.125926971435547
150.26430010795593,0.0,207.409,0.0,-31.116899490356445
150.28530359268188,0.0,207.304,0.0,-31.108261108398438
150.3172574043274,0.0,207.233,0.0,-31.09769630432129
150.35088443756104,0.0,207.171,0.0,-31.076763153076172
150.38307523727417,0.0,207.092,0.0,-31.06600570678711
150.41574883460999,0.0,207.048,0.0,-31.05636978149414
150.44836497306824,0.0,206.925,0.0,-31.03956413269043
150.47933769226074,0.0,206.89,0.0,-31.03234100341797
150.5123450756073,0.0,206.814,0.0,-31.025798797607422
150.54448556900024,0.0,206.76,0.0,-31.018051147460938
150.57664513587952,0.0,206.581,0.0,-31.00048828125
150.608167886734,0.0,206.521,0.0,-30.990163803100586
150.64015984535217,0.0,206.466,0.0,-30.98015022277832
150.67359733581543,0.0,206.424,0.0,-30.961929321289062
150.7030348777771,0.0,206.365,0.0,-30.953250885009766
150.7351996898651,0.0,206.178,0.0,-30.94148826599121
150.76757192611694,0.0,206.105,0.0,-30.930580139160156
150.80066180229187,0.0,206.07,0.0,-30.91011619567871
150.83532762527466,0.0,205.911,0.0,-30.900327682495117
150.86816382408142,0.0,205.85,0.0,-30.88957405090332
150.90104222297668,0.0,205.773,0.0,-30.868484497070312
150.9333291053772,0.0,205.705,0.0,-30.85785484313965
150.96933221817017,0.0,205.652,0.0,-30.849529266357422
151.00113606452942,0.0,205.573,0.0,-30.833410263061523
151.03471422195435,0.0,205.516,0.0,-30.82486915588379
151.06577110290527,0.0,205.42,0.0,-30.814746856689453
151.09896993637085,0.0,205.329,0.0,-30.800037384033203
151.13070034980774,0.0,205.28,0.0,-30.793224334716797
151.1639883518219,0.0,205.226,0.0,-30.78638458251953
151.19552397727966,0.0,205.145,0.0,-30.77930450439453
151.22704219818115,0.0,205.066,0.0,-30.76154327392578
151.2593638896942,0.0,204.935,0.0,-30.751794815063477
151.291850566864,0.0,204.824,0.0,-30.742204666137695
151.32463693618774,0.0,204.759,0.0,-30.719371795654297
151.3524169921875,0.0,204.668,0.0,-30.70735740661621
151.38560938835144,0.0,204.551,0.0,-30.69524574279785
151.41669392585754,0.0,204.468,0.0,-30.684791564941406
151.44926285743713,0.0,204.422,0.0,-30.66377830505371
151.48104071617126,0.0,204.354,0.0,-30.65373992919922
151.51261949539185,0.0,204.257,0.0,-30.642427444458008
151.54425144195557,0.0,204.165,0.0,-30.632524490356445
151.5764491558075,0.0,204.102,0.0,-30.616539001464844
151.6087875366211,0.0,204.08,0.0,-30.609251022338867
151.64038014411926,0.0,204.031,0.0,-30.60320281982422
151.6685175895691,0.0,204.009,0.0,-30.596965789794922
151.7013759613037,0.0,203.887,0.0,-30.58521270751953
151.734472990036,0.0,203.802,0.0,-30.578428268432617
151.76526856422424,0.0,203.694,0.0,-30.570066452026367
151.79923915863037,0.0,203.653,0.0,-30.55008888244629
151.82988119125366,0.0,203.569,0.0,-30.539730072021484
151.86333227157593,0.0,203.382,0.0,-30.527145385742188
151.87887382507324,0.0,203.382,0.0,-30.51507568359375
151.91672277450562,0.0,203.294,0.0,-30.50429916381836
151.95055532455444,0.0,203.206,0.0,-30.48407554626465
151.98149037361145,0.0,203.157,0.0,-30.474308013916016
152.01286458969116,0.0,203.055,0.0,-30.462974548339844
152.04539561271667,0.0,202.995,0.0,-30.452327728271484
152.07741856575012,0.0,202.934,0.0,-30.436370849609375
152.10939049720764,0.0,202.883,0.0,-30.4284610748291
152.14149975776672,0.0,202.813,0.0,-30.422847747802734
152.17685985565186,0.0,202.669,0.0,-30.408262252807617
152.20609712600708,0.0,202.627,0.0,-30.39968490600586
152.2377278804779,0.0,202.564,0.0,-30.39175796508789
152.2704951763153,0.0,202.498,0.0,-30.383451461791992
152.30279994010925,0.0,202.437,0.0,-30.36709213256836
152.33443474769592,0.0,202.359,0.0,-30.360437393188477
152.368417263031,0.0,202.305,0.0,-30.35247230529785
152.40218663215637,0.0,202.224,0.0,-30.33538055419922
152.43465852737427,0.0,202.033,0.0,-30.32621955871582
152.465970993042,0.0,201.939,0.0,-30.314130783081055
152.4983274936676,0.0,201.876,0.0,-30.301294326782227
152.53060674667358,0.0,201.822,0.0,-30.278064727783203
152.56255984306335,0.0,201.782,0.0,-30.268274307250977
152.59505891799927,0.0,201.696,0.0,-30.260953903198242
152.6263780593872,0.0,201.625,0.0,-30.24335479736328
152.65846490859985,0.0,201.548,0.0,-30.23359489440918
152.67555952072144,0.0,201.49,0.0,-30.224102020263672
152.70646238327026,0.0,201.437,0.0,-30.217254638671875
152.73895454406738,0.0,201.37,0.0,-30.210224151611328
152.77070593833923,0.0,201.312,0.0,-30.202457427978516
152.80253410339355,0.0,201.159,0.0,-30.185775756835938
152.83392763137817,0.0,201.108,0.0,-30.176105499267578
152.86662650108337,0.0,201.039,0.0,-30.166955947875977
152.902193069458,0.0,201.012,0.0,-30.149450302124023
152.93000054359436,0.0,200.964,0.0,-30.14171600341797
152.96669697761536,0.0,200.768,0.0,-30.133686065673828
152.99847054481506,0.0,200.71,0.0,-30.12223243713379
153.03081011772156,0.0,200.677,0.0,-30.102134704589844
153.06793642044067,0.0,200.588,0.0,-30.09284019470215
153.10157227516174,0.0,200.537,0.0,-30.077281951904297
153.13535594940186,0.0,200.466,0.0,-30.06880760192871
153.16597890853882,0.0,200.355,0.0,-30.06104850769043
153.1977744102478,0.0,200.296,0.0,-30.052536010742188
153.2296130657196,0.0,200.25,0.0,-30.03583526611328
153.2613389492035,0.0,200.18,0.0,-30.02709197998047
153.2931718826294,0.0,200.14,0.0,-30.019113540649414
153.32669854164124,0.0,200.01,0.0,-30.007604598999023
153.3587441444397,0.0,199.934,0.0,-29.999950408935547
153.38915181159973,0.0,199.863,0.0,-29.99127960205078
153.4213671684265,0.0,199.774,0.0,-29.982032775878906
153.45491743087769,0.0,199.722,0.0,-29.962650299072266
153.51685428619385,0.0,199.569,0.0,-29.9456787109375
153.55323386192322,0.0,199.523,0.0,-29.92821502685547
153.58120560646057,0.0,199.415,0.0,-29.917600631713867
153.61263179779053,0.0,199.317,0.0,-29.907878875732422
153.6448941230774,0.0,199.297,0.0,-29.898683547973633
153.67679452896118,0.0,199.241,0.0,-29.883529663085938
153.70920324325562,0.0,199.181,0.0,-29.875537872314453
153.7401089668274,0.0,199.099,0.0,-29.86637306213379
153.77881598472595,0.0,198.914,0.0,-29.850873947143555
153.80289840698242,0.0,198.834,0.0,-29.840896606445312
153.83267426490784,0.0,198.795,0.0,-29.830276489257812
153.86713004112244,0.0,198.777,0.0,-29.820890426635742
153.8984079360962,0.0,198.719,0.0,-29.813343048095703
153.93097758293152,0.0,198.636,0.0,-29.798538208007812
153.96287417411804,0.0,198.561,0.0,-29.791522979736328
153.99498105049133,0.0,198.532,0.0,-29.783401489257812
154.03174781799316,0.0,198.454,0.0,-29.76890754699707
154.06401443481445,0.0,198.429,0.0,-29.762752532958984
154.0967161655426,0.0,198.402,0.0,-29.75737762451172
154.12851929664612,0.0,198.265,0.0,-29.74341583251953
154.15985822677612,0.0,198.183,0.0,-29.733348846435547
154.19135308265686,0.0,198.058,0.0,-29.723421096801758
154.22334361076355,0.0,198.018,0.0,-29.713483810424805
154.25636744499207,0.0,198.003,0.0,-29.69745635986328
154.2886781692505,0.0,197.937,0.0,-29.689634323120117
154.32007694244385,0.0,197.752,0.0,-29.68053436279297
154.35306477546692,0.0,197.674,0.0,-29.658405303955078
154.383718252182,0.0,197.656,0.0,-29.649404525756836
154.41682147979736,0.0,197.605,0.0,-29.640762329101562
154.44831609725952,0.0,197.564,0.0,-29.634540557861328
154.4793622493744,0.0,197.45,0.0,-29.622196197509766
154.5171663761139,0.0,197.39,0.0,-29.615015029907227
154.55124258995056,0.0,197.339,0.0,-29.607376098632812
154.58421444892883,0.0,197.17,0.0,-29.59042739868164
154.61569261550903,0.0,197.112,0.0,-29.58041000366211
154.64789175987244,0.0,197.073,0.0,-29.570663452148438
154.68072128295898,0.0,196.991,0.0,-29.55217933654785
154.7145709991455,0.0,196.91,0.0,-29.54336929321289
154.74622511863708,0.0,196.85,0.0,-29.53532600402832
154.77783465385437,0.0,196.804,0.0,-29.519153594970703
154.80981969833374,0.0,196.723,0.0,-29.510101318359375
154.841712474823,0.0,196.638,0.0,-29.499980926513672
154.87412786483765,0.0,196.562,0.0,-29.49143409729004
154.90698337554932,0.0,196.466,0.0,-29.478958129882812
154.93857979774475,0.0,196.404,0.0,-29.470481872558594
154.9708695411682,0.0,196.33,0.0,-29.461763381958008
155.00370335578918,0.0,196.271,0.0,-29.443763732910156
155.0348949432373,0.0,196.244,0.0,-29.436851501464844
155.06766819953918,0.0,196.213,0.0,-29.430816650390625
155.0999915599823,0.0,196.162,0.0,-29.42528533935547
155.1313395500183,0.0,196.033,0.0,-29.412521362304688
155.16355180740356,0.0,195.995,0.0,-29.40484046936035
155.19566249847412,0.0,195.924,0.0,-29.397716522216797
155.2354166507721,0.0,195.783,0.0,-29.38106918334961
155.26607871055603,0.0,195.708,0.0,-29.371665954589844
155.30071353912354,0.0,195.659,0.0,-29.36166000366211
155.33155035972595,0.0,195.61,0.0,-29.34341812133789
155.36318111419678,0.0,195.549,0.0,-29.334430694580078
155.39579796791077,0.0,195.424,0.0,-29.32459831237793
155.42826890945435,0.0,195.35,0.0,-29.305814743041992
155.46134090423584,0.0,195.302,0.0,-29.296754837036133
155.49208784103394,0.0,195.287,0.0,-29.289573669433594
155.52463126182556,0.0,195.171,0.0,-29.280439376831055
155.55734848976135,0.0,195.127,0.0,-29.268325805664062
155.58855772018433,0.0,195.075,0.0,-29.26266098022461
155.61758613586426,0.0,195.054,0.0,-29.256526947021484
155.65515184402466,0.0,195.009,0.0,-29.24582290649414
155.68220901489258,0.0,194.941,0.0,-29.239116668701172
155.7142210006714,0.0,194.791,0.0,-29.233154296875
155.74491906166077,0.0,194.747,0.0,-29.223814010620117
155.777174949646,0.0,194.657,0.0,-29.20505142211914
155.80836176872253,0.0,194.61,0.0,-29.19568634033203
155.8403353691101,0.0,194.536,0.0,-29.185752868652344
155.87278127670288,0.0,194.398,0.0,-29.174461364746094
155.90472626686096,0.0,194.333,0.0,-29.154327392578125
155.93492102622986,0.0,194.322,0.0,-29.146528244018555
155.96653962135315,0.0,194.301,0.0,-29.140066146850586
156.00089240074158,0.0,194.178,0.0,-29.135517120361328
156.031991481781,0.0,194.091,0.0,-29.1231632232666
156.063631772995,0.0,194.054,0.0,-29.11490249633789
156.09647870063782,0.0,194.024,0.0,-29.107376098632812
156.11338591575623,0.0,193.989,0.0,-29.100711822509766
156.15016293525696,0.0,193.967,0.0,-29.094501495361328
156.18269419670105,0.0,193.865,0.0,-29.082490921020508
156.21235966682434,0.0,193.812,0.0,-29.07640838623047
156.24483585357666,0.0,193.773,0.0,-29.069869995117188
156.28016924858093,0.0,193.724,0.0,-29.0570125579834
156.30919122695923,0.0,193.681,0.0,-29.05052375793457
156.34067249298096,0.0,193.574,0.0,-29.04437255859375
156.37183284759521,0.0,193.447,0.0,-29.037010192871094
156.4037265777588,0.0,193.354,0.0,-29.01459312438965
156.4351212978363,0.0,193.319,0.0,-29.004425048828125
156.46725821495056,0.0,193.223,0.0,-28.99466323852539
156.4989206790924,0.0,193.203,0.0,-28.985811233520508
156.5320942401886,0.0,193.146,0.0,-28.970970153808594
156.5641930103302,0.0,193.089,0.0,-28.963136672973633
156.5960750579834,0.0,193.029,0.0,-28.954978942871094
156.63465476036072,0.0,192.883,0.0,-28.941688537597656
156.66685318946838,0.0,192.815,0.0,-28.933517456054688
156.6995391845703,0.0,192.776,0.0,-28.924758911132812
156.73152709007263,0.0,192.764,0.0,-28.910497665405273
156.7628140449524,0.0,192.663,0.0,-28.903884887695312
156.79474329948425,0.0,192.612,0.0,-28.897123336791992
156.826908826828,0.0,192.553,0.0,-28.890159606933594
156.85833883285522,0.0,192.48,0.0,-28.874271392822266
156.89058375358582,0.0,192.399,0.0,-28.864755630493164
156.92236137390137,0.0,192.309,0.0,-28.854949951171875
156.95641469955444,0.0,192.24,0.0,-28.838130950927734
156.9875316619873,0.0,192.207,0.0,-28.830415725708008
157.018963098526,0.0,192.17,0.0,-28.823320388793945
157.05071091651917,0.0,192.027,0.0,-28.815147399902344
157.0838963985443,0.0,191.947,0.0,-28.79998016357422
157.11564183235168,0.0,191.88,0.0,-28.792110443115234
157.14770030975342,0.0,191.844,0.0,-28.78363037109375
157.18134379386902,0.0,191.802,0.0,-28.768932342529297
157.21554565429688,0.0,191.759,0.0,-28.763689041137695
157.24623084068298,0.0,191.725,0.0,-28.758241653442383
157.27749752998352,0.0,191.662,0.0,-28.75300407409668
157.3094346523285,0.0,191.592,0.0,-28.740365982055664
157.35060954093933,0.0,191.532,0.0,-28.734760284423828
157.38321948051453,0.0,191.491,0.0,-28.72193145751953
157.41666650772095,0.0,191.387,0.0,-28.7150821685791
157.4490611553192,0.0,191.357,0.0,-28.708101272583008
157.4811806678772,0.0,191.275,0.0,-28.693876266479492
157.51266598701477,0.0,191.201,0.0,-28.685001373291016
157.5449459552765,0.0,191.073,0.0,-28.67540740966797
157.576895236969,0.0,191.035,0.0,-28.666105270385742
157.6086630821228,0.0,190.989,0.0,-28.649682998657227
157.64028644561768,0.0,190.912,0.0,-28.640644073486328
157.67258524894714,0.0,190.793,0.0,-28.63187599182129
157.69809532165527,0.0,190.75,0.0,-28.622692108154297
157.73413109779358,0.0,190.678,0.0,-28.605026245117188
157.76639938354492,0.0,190.618,0.0,-28.598356246948242
157.7969605922699,0.0,190.569,0.0,-28.591100692749023
157.83211493492126,0.0,190.497,0.0,-28.57635498046875
157.8622648715973,0.0,190.45,0.0,-28.570255279541016
157.89381504058838,0.0,190.411,0.0,-28.563976287841797
157.9258692264557,0.0,190.329,0.0,-28.55788803100586
157.9578893184662,0.0,190.217,0.0,-28.539836883544922
157.98990678787231,0.0,190.135,0.0,-28.530216217041016
158.02236700057983,0.0,190.107,0.0,-28.521804809570312
158.0514509677887,0.0,190.077,0.0,-28.514541625976562
158.08436822891235,0.0,190.023,0.0,-28.50123405456543
158.11642837524414,0.0,189.901,0.0,-28.49122428894043
158.15069603919983,0.0,189.878,0.0,-28.483728408813477
158.1829056739807,0.0,189.806,0.0,-28.47016143798828
158.21648859977722,0.0,189.735,0.0,-28.46187400817871
158.24779200553894,0.0,189.668,0.0,-28.453060150146484
158.28438925743103,0.0,189.614,0.0,-28.440706253051758
158.3163161277771,0.0,189.554,0.0,-28.435657501220703
158.3484547138214,0.0,189.506,0.0,-28.42963218688965
158.38018441200256,0.0,189.446,0.0,-28.42334747314453
158.41072535514832,0.0,189.437,0.0,-28.412010192871094
158.44323897361755,0.0,189.417,0.0,-28.407968521118164
158.47467732429504,0.0,189.378,0.0,-28.404369354248047
158.50893926620483,0.0,189.345,0.0,-28.396120071411133
158.53917980194092,0.0,189.27,0.0,-28.39006805419922
158.57097744941711,0.0,189.024,0.0,-28.378793716430664
158.60713648796082,0.0,188.987,0.0,-28.356706619262695
158.6356122493744,0.0,188.942,0.0,-28.347225189208984
158.66666412353516,0.0,188.874,0.0,-28.337425231933594
158.69796657562256,0.0,188.734,0.0,-28.32801628112793
158.73349785804749,0.0,188.677,0.0,-28.307369232177734
158.7675850391388,0.0,188.642,0.0,-28.29849624633789
158.78724265098572,0.0,188.612,0.0,-28.292064666748047
158.81801414489746,0.0,188.597,0.0,-28.286258697509766
158.8508505821228,0.0,188.525,0.0,-28.281558990478516
158.88066720962524,0.0,188.413,0.0,-28.268869400024414
158.91341471672058,0.0,188.382,0.0,-28.261594772338867
158.94499564170837,0.0,188.371,0.0,-28.255062103271484
158.97863721847534,0.0,188.364,0.0,-28.249942779541016
159.01070165634155,0.0,188.34,0.0,-28.242454528808594
159.0419704914093,0.0,188.287,0.0,-28.238800048828125
159.07578372955322,0.0,188.211,0.0,-28.23531723022461
159.10558342933655,0.0,188.188,0.0,-28.229774475097656
159.13853812217712,0.0,188.14,0.0,-28.2193660736084
159.16979718208313,0.0,188.035,0.0,-28.212127685546875
159.20154976844788,0.0,187.969,0.0,-28.205764770507812
159.23333525657654,0.0,187.891,0.0,-28.189762115478516
159.2653467655182,0.0,187.835,0.0,-28.181068420410156
159.29915308952332,0.0,187.686,0.0,-28.171207427978516
159.3336305618286,0.0,187.675,0.0,-28.153776168823242
159.36523151397705,0.0,187.615,0.0,-28.147974014282227
159.39780592918396,0.0,187.589,0.0,-28.141342163085938
159.43409538269043,0.0,187.544,0.0,-28.129451751708984
159.46755170822144,0.0,187.451,0.0,-28.12337875366211
159.498389005661,0.0,187.392,0.0,-28.11690330505371
159.53449606895447,0.0,187.34,0.0,-28.102445602416992
159.56539487838745,0.0,187.281,0.0,-28.09503746032715
159.59790658950806,0.0,187.269,0.0,-28.08929443359375
159.62987875938416,0.0,187.234,0.0,-28.084712982177734
159.6619279384613,0.0,187.192,0.0,-28.075044631958008
159.69360971450806,0.0,187.08,0.0,-28.066804885864258
159.7260332107544,0.0,187.021,0.0,-28.059978485107422
159.7581329345703,0.0,186.959,0.0,-28.04599952697754
159.79017567634583,0.0,186.909,0.0,-28.038551330566406
159.82203650474548,0.0,186.838,0.0,-28.030162811279297
159.85054469108582,0.0,186.78,0.0,-28.02159881591797
159.88402938842773,0.0,186.679,0.0,-28.00864601135254
159.9142825603485,0.0,186.63,0.0,-28.001815795898438
159.94714999198914,0.0,186.59,0.0,-27.994840621948242
159.9788293838501,0.0,186.536,0.0,-27.98813247680664
160.0109565258026,0.0,186.43,0.0,-27.97348976135254
160.042578458786,0.0,186.375,0.0,-27.965999603271484
160.07536101341248,0.0,186.367,0.0,-27.958267211914062
160.10981917381287,0.0,186.331,0.0,-27.94658851623535
160.1389708518982,0.0,186.283,0.0,-27.94050407409668
160.16784620285034,0.0,186.187,0.0,-27.934650421142578
160.198383808136,0.0,186.151,0.0,-27.92796516418457
160.23533153533936,0.0,186.111,0.0,-27.915430068969727
160.2667167186737,0.0,185.999,0.0,-27.906278610229492
160.29858016967773,0.0,185.937,0.0,-27.897628784179688
160.33603072166443,0.0,185.892,0.0,-27.883708953857422
160.36413741111755,0.0,185.859,0.0,-27.877336502075195
160.39968585968018,0.0,185.8,0.0,-27.870302200317383
160.43118953704834,0.0,185.701,0.0,-27.865230560302734
160.46590995788574,0.0,185.653,0.0,-27.853309631347656
160.49685740470886,0.0,185.639,0.0,-27.847002029418945
160.5291612148285,0.0,185.586,0.0,-27.841890335083008
160.56216526031494,0.0,185.534,0.0,-27.829721450805664
160.5943922996521,0.0,185.408,0.0,-27.819869995117188
160.6257197856903,0.0,185.299,0.0,-27.810546875
160.65847539901733,0.0,185.268,0.0,-27.793010711669922
160.7085199356079,0.0,185.208,0.0,-27.780254364013672
160.73906540870667,0.0,185.155,0.0,-27.775447845458984
160.77200412750244,0.0,185.098,0.0,-27.769874572753906
160.80470204353333,0.0,185.057,0.0,-27.763538360595703
160.8367600440979,0.0,185.009,0.0,-27.750988006591797
160.86869406700134,0.0,184.98,0.0,-27.746273040771484
160.90155625343323,0.0,184.939,0.0,-27.741762161254883
160.93475484848022,0.0,184.904,0.0,-27.732006072998047
160.96578669548035,0.0,184.783,0.0,-27.725112915039062
160.9990746974945,0.0,184.742,0.0,-27.718473434448242
161.03638696670532,0.0,184.735,0.0,-27.70694923400879
161.06310534477234,0.0,184.701,0.0,-27.70198631286621
161.0951111316681,0.0,184.614,0.0,-27.696544647216797
161.12674069404602,0.0,184.537,0.0,-27.69093894958496
161.15982627868652,0.0,184.471,0.0,-27.675642013549805
161.19129514694214,0.0,184.408,0.0,-27.66710090637207
161.2232813835144,0.0,184.383,0.0,-27.659780502319336
161.2551610469818,0.0,184.293,0.0,-27.652196884155273
161.28719830513,0.0,184.243,0.0,-27.637985229492188
161.31921219825745,0.0,184.204,0.0,-27.632781982421875
161.35021138191223,0.0,184.149,0.0,-27.627471923828125
161.38430190086365,0.0,184.071,0.0,-27.61532974243164
161.41525602340698,0.0,184.019,0.0,-27.609420776367188
161.4499900341034,0.0,183.973,0.0,-27.603008270263672
161.4865653514862,0.0,183.911,0.0,-27.589126586914062
161.51315236091614,0.0,183.84,0.0,-27.582666397094727
161.54474258422852,0.0,183.798,0.0,-27.57616424560547
161.57691383361816,0.0,183.774,0.0,-27.569717407226562
161.6013879776001,0.0,183.714,0.0,-27.564067840576172
161.63240432739258,0.0,183.674,0.0,-27.557519912719727
161.66781568527222,0.0,183.646,0.0,-27.545330047607422
161.69885778427124,0.0,183.546,0.0,-27.54018783569336
161.73057961463928,0.0,183.482,0.0,-27.533355712890625
161.76304388046265,0.0,183.438,0.0,-27.518306732177734
161.79558396339417,0.0,183.341,0.0,-27.50884437561035
161.82756280899048,0.0,183.256,0.0,-27.501121520996094
161.85919451713562,0.0,183.217,0.0,-27.48490333557129
161.89189338684082,0.0,183.203,0.0,-27.479246139526367
161.9225594997406,0.0,183.097,0.0,-27.474651336669922
161.94863057136536,0.0,183.083,0.0,-27.467008590698242
161.9856402873993,0.0,183.037,0.0,-27.454547882080078
162.01367950439453,0.0,182.949,0.0,-27.447160720825195
162.04685235023499,0.0,182.894,0.0,-27.440967559814453
162.07811450958252,0.0,182.868,0.0,-27.43422508239746
162.11005997657776,0.0,182.861,0.0,-27.423738479614258
162.14255285263062,0.0,182.81,0.0,-27.418437957763672
162.17477130889893,0.0,182.734,0.0,-27.41346549987793
162.21231985092163,0.0,182.679,0.0,-27.40177345275879
162.2383074760437,0.0,182.59,0.0,-27.393564224243164
162.27047657966614,0.0,182.588,0.0,-27.387468338012695
162.3020269870758,0.0,182.502,0.0,-27.38099479675293
162.33429169654846,0.0,182.489,0.0,-27.36983299255371
162.36848163604736,0.0,182.409,0.0,-27.36295509338379
162.40017747879028,0.0,182.372,0.0,-27.357969284057617
162.43125414848328,0.0,182.36,0.0,-27.352893829345703
162.46371841430664,0.0,182.247,0.0,-27.342838287353516
162.50101280212402,0.0,182.229,0.0,-27.336915969848633
162.53250169754028,0.0,182.164,0.0,-27.331897735595703
162.5643277168274,0.0,182.086,0.0,-27.31857681274414
162.59701561927795,0.0,182.019,0.0,-27.31266212463379
162.6292586326599,0.0,181.999,0.0,-27.305593490600586
162.66114902496338,0.0,181.955,0.0,-27.293460845947266
162.69345617294312,0.0,181.894,0.0,-27.28646469116211
162.72511863708496,0.0,181.812,0.0,-27.27957534790039
162.75752425193787,0.0,181.791,0.0,-27.272937774658203
162.79035186767578,0.0,181.744,0.0,-27.26121711730957
162.82172298431396,0.0,181.666,0.0,-27.25360107421875
162.85351872444153,0.0,181.602,0.0,-27.245357513427734
162.8872275352478,0.0,181.532,0.0,-27.23360824584961
162.91753482818604,0.0,181.517,0.0,-27.227975845336914
162.949542760849,0.0,181.502,0.0,-27.22332763671875
162.98174858093262,0.0,181.462,0.0,-27.21943473815918
163.0171000957489,0.0,181.396,0.0,-27.210208892822266
163.05229258537292,0.0,181.308,0.0,-27.205793380737305
163.08814692497253,0.0,181.271,0.0,-27.192485809326172
163.11520886421204,0.0,181.218,0.0,-27.18553924560547
163.14704251289368,0.0,181.16,0.0,-27.17829704284668
163.1795883178711,0.0,181.125,0.0,-27.172761917114258
163.21293902397156,0.0,181.072,0.0,-27.161224365234375
163.24327063560486,0.0,181.03,0.0,-27.155054092407227
163.27602219581604,0.0,180.9,0.0,-27.145687103271484
163.30660796165466,0.0,180.852,0.0,-27.13822364807129
163.33964610099792,0.0,180.822,0.0,-27.124082565307617
163.37181425094604,0.0,180.737,0.0,-27.115684509277344
163.40335965156555,0.0,180.655,0.0,-27.106090545654297
163.4353621006012,0.0,180.563,0.0,-27.09153175354004
163.4683883190155,0.0,180.532,0.0,-27.08462905883789
163.50033140182495,0.0,180.506,0.0,-27.078353881835938
163.53244137763977,0.0,180.487,0.0,-27.072772979736328
163.56707668304443,0.0,180.458,0.0,-27.06402587890625
163.5998854637146,0.0,180.426,0.0,-27.06073570251465
163.63112258911133,0.0,180.389,0.0,-27.05718231201172
163.6631681919098,0.0,180.342,0.0,-27.048471450805664
163.69500732421875,0.0,180.205,0.0,-27.042179107666016
163.73923921585083,0.0,180.165,0.0,-27.027740478515625
163.76575803756714,0.0,180.119,0.0,-27.020660400390625
163.78740787506104,0.0,180.069,0.0,-27.013408660888672
163.81618666648865,0.0,180.037,0.0,-27.00678062438965
163.84782123565674,0.0,179.993,0.0,-27.000137329101562
163.8791434764862,0.0,179.862,0.0,-26.99436378479004
163.91163086891174,0.0,179.825,0.0,-26.977767944335938
163.94326519966125,0.0,179.762,0.0,-26.969337463378906
163.97522401809692,0.0,179.768,0.0,-26.96341896057129
164.00635433197021,0.0,179.784,0.0,-26.95919418334961
164.03879237174988,0.0,179.773,0.0,-26.954906463623047
164.0779242515564,0.0,179.743,0.0,-26.953815460205078
164.09975504875183,0.0,179.704,0.0,-26.952014923095703
164.13057684898376,0.0,179.63,0.0,-26.949270248413086
164.1620855331421,0.0,179.599,0.0,-26.939441680908203
164.194979429245,0.0,179.529,0.0,-26.93384552001953
164.22590899467468,0.0,179.487,0.0,-26.92894744873047
164.26353645324707,0.0,179.441,0.0,-26.91791534423828
164.28981852531433,0.0,179.396,0.0,-26.91185188293457
164.32191061973572,0.0,179.33,0.0,-26.904666900634766
164.35447478294373,0.0,179.134,0.0,-26.89392852783203
164.3865258693695,0.0,179.062,0.0,-26.872100830078125
164.41815733909607,0.0,179.029,0.0,-26.8638916015625
164.4484577178955,0.0,179.001,0.0,-26.856502532958984
164.4878795146942,0.0,178.948,0.0,-26.84294891357422
164.51593399047852,0.0,178.919,0.0,-26.837963104248047
164.54699397087097,0.0,178.884,0.0,-26.833240509033203
164.57853198051453,0.0,178.833,0.0,-26.828462600708008
164.61740159988403,0.0,178.749,0.0,-26.81707000732422
164.64713788032532,0.0,178.72,0.0,-26.811290740966797
164.6798872947693,0.0,178.681,0.0,-26.805932998657227
164.71418976783752,0.0,178.625,0.0,-26.794231414794922
164.7439260482788,0.0,178.594,0.0,-26.788421630859375
164.77506351470947,0.0,178.487,0.0,-26.781944274902344
164.8074872493744,0.0,178.451,0.0,-26.775075912475586
164.8398084640503,0.0,178.338,0.0,-26.759132385253906
164.8720510005951,0.0,178.313,0.0,-26.751115798950195
164.9042935371399,0.0,178.292,0.0,-26.74437713623047
164.93851494789124,0.0,178.25,0.0,-26.735511779785156
164.96869349479675,0.0,178.205,0.0,-26.731578826904297
165.0012664794922,0.0,178.177,0.0,-26.726974487304688
165.03387451171875,0.0,178.172,0.0,-26.72256088256836
165.06515431404114,0.0,178.13,0.0,-26.716495513916016
165.11477088928223,0.0,178.093,0.0,-26.70974349975586
165.14929127693176,0.0,177.968,0.0,-26.704002380371094
165.18268609046936,0.0,177.94,0.0,-26.697782516479492
165.2170214653015,0.0,177.934,0.0,-26.687694549560547
165.2508156299591,0.0,177.836,0.0,-26.682615280151367
165.28148555755615,0.0,177.785,0.0,-26.676822662353516
165.31356978416443,0.0,177.704,0.0,-26.66246223449707
165.34541940689087,0.0,177.659,0.0,-26.654659271240234
165.378182888031,0.0,177.616,0.0,-26.64712142944336
165.4135868549347,0.0,177.535,0.0,-26.63372039794922
165.4419412612915,0.0,177.523,0.0,-26.628459930419922
165.47384905815125,0.0,177.476,0.0,-26.62420654296875
165.50530099868774,0.0,177.423,0.0,-26.61925506591797
165.53639912605286,0.0,177.356,0.0,-26.608232498168945
165.56867098808289,0.0,177.336,0.0,-26.602779388427734
165.60149836540222,0.0,177.284,0.0,-26.598026275634766
165.6339569091797,0.0,177.242,0.0,-26.592466354370117
165.66675472259521,0.0,177.183,0.0,-26.580066680908203
165.70001554489136,0.0,177.137,0.0,-26.575279235839844
165.73227262496948,0.0,177.09,0.0,-26.569904327392578
165.7640118598938,0.0,177.059,0.0,-26.558565139770508
165.796724319458,0.0,177.004,0.0,-26.552291870117188
165.8280532360077,0.0,176.918,0.0,-26.54627227783203
165.86742448806763,0.0,176.89,0.0,-26.533885955810547
165.89905047416687,0.0,176.838,0.0,-26.52745246887207
165.93276381492615,0.0,176.775,0.0,-26.521020889282227
165.96629333496094,0.0,176.749,0.0,-26.51150131225586
165.9972972869873,0.0,176.705,0.0,-26.507640838623047
166.0293686389923,0.0,176.687,0.0,-26.503108978271484
166.06628441810608,0.0,176.619,0.0,-26.493507385253906
166.09257197380066,0.0,176.505,0.0,-26.4862060546875
166.12426471710205,0.0,176.421,0.0,-26.47929573059082
166.15555334091187,0.0,176.404,0.0,-26.470722198486328
166.1882631778717,0.0,176.4,0.0,-26.45838737487793
166.2161636352539,0.0,176.34,0.0,-26.452085494995117
166.24797248840332,0.0,176.248,0.0,-26.446435928344727
166.2798147201538,0.0,176.205,0.0,-26.43960952758789
166.31552982330322,0.0,176.164,0.0,-26.426204681396484
166.34510898590088,0.0,176.125,0.0,-26.419757843017578
166.3772850036621,0.0,176.11,0.0,-26.414464950561523
166.40961241722107,0.0,176.054,0.0,-26.408721923828125
166.44299983978271,0.0,176.005,0.0,-26.399005889892578
166.4742889404297,0.0,175.984,0.0,-26.39440155029297
166.5064754486084,0.0,175.959,0.0,-26.391151428222656
166.54070115089417,0.0,175.844,0.0,-26.38330841064453
166.56792497634888,0.0,175.792,0.0,-26.377574920654297
166.59960412979126,0.0,175.747,0.0,-26.37124252319336
166.63078260421753,0.0,175.706,0.0,-26.36474609375
166.66530537605286,0.0,175.726,0.0,-26.35443878173828
166.69798851013184,0.0,175.676,0.0,-26.35108184814453
166.73308491706848,0.0,175.665,0.0,-26.34734535217285
166.76547122001648,0.0,175.618,0.0,-26.340200424194336
166.7981879711151,0.0,175.525,0.0,-26.335426330566406
166.82948851585388,0.0,175.475,0.0,-26.329986572265625
166.86207151412964,0.0,175.42,0.0,-26.323944091796875
166.87802052497864,0.0,175.366,0.0,-26.317230224609375
166.9095480442047,0.0,175.359,0.0,-26.310043334960938
166.94220423698425,0.0,175.333,0.0,-26.299354553222656
166.97440361976624,0.0,175.307,0.0,-26.294591903686523
167.0062117576599,0.0,175.212,0.0,-26.287202835083008
167.03788828849792,0.0,175.104,0.0,-26.279170989990234
167.06977033615112,0.0,175.077,0.0,-26.267047882080078
167.10159945487976,0.0,175.044,0.0,-26.26141929626465
167.13315320014954,0.0,175.019,0.0,-26.2559814453125
167.16716194152832,0.0,174.929,0.0,-26.245946884155273
167.1984372138977,0.0,174.897,0.0,-26.240089416503906
167.23117232322693,0.0,174.859,0.0,-26.234512329101562
167.2667772769928,0.0,174.848,0.0,-26.22439956665039
167.2979860305786,0.0,174.763,0.0,-26.218904495239258
167.33540987968445,0.0,174.733,0.0,-26.21368980407715
167.36742544174194,0.0,174.695,0.0,-26.203519821166992
167.39809489250183,0.0,174.623,0.0,-26.198930740356445
167.43028593063354,0.0,174.595,0.0,-26.193527221679688
167.46566200256348,0.0,174.558,0.0,-26.183273315429688
167.49486923217773,0.0,174.501,0.0,-26.177154541015625
167.52688455581665,0.0,174.45,0.0,-26.170568466186523
167.55905938148499,0.0,174.291,0.0,-26.16034507751465
167.5919589996338,0.0,174.238,0.0,-26.142719268798828
167.62317299842834,0.0,174.168,0.0,-26.136268615722656
167.6550304889679,0.0,174.148,0.0,-26.128673553466797
167.69190502166748,0.0,174.09,0.0,-26.115266799926758
167.71932697296143,0.0,174.043,0.0,-26.10966682434082
167.75058031082153,0.0,174.005,0.0,-26.104206085205078
167.78486728668213,0.0,173.971,0.0,-26.098722457885742
167.83245205879211,0.0,173.951,0.0,-26.08791160583496
167.86688494682312,0.0,173.942,0.0,-26.082412719726562
167.89737248420715,0.0,173.907,0.0,-26.079370498657227
167.92862129211426,0.0,173.771,0.0,-26.075298309326172
167.96040320396423,0.0,173.707,0.0,-26.068740844726562
168.0007405281067,0.0,173.668,0.0,-26.05415153503418
168.0327684879303,0.0,173.709,0.0,-26.0489444732666
168.06769490242004,0.0,173.672,0.0,-26.04413604736328
168.0979928970337,0.0,173.62,0.0,-26.04006576538086
168.13122463226318,0.0,173.537,0.0,-26.033706665039062
168.16311264038086,0.0,173.465,0.0,-26.02906608581543
168.1963312625885,0.0,173.37,0.0,-26.015254974365234
168.22846150398254,0.0,173.314,0.0,-26.008625030517578
168.25972938537598,0.0,173.29,0.0,-26.001436233520508
168.29306054115295,0.0,173.265,0.0,-25.98956871032715
168.33399724960327,0.0,173.197,0.0,-25.982810974121094
168.36678767204285,0.0,173.161,0.0,-25.972654342651367
168.3972990512848,0.0,173.149,0.0,-25.968502044677734
168.42942786216736,0.0,173.15,0.0,-25.96562957763672
168.46174955368042,0.0,172.983,0.0,-25.961013793945312
168.49384117126465,0.0,172.929,0.0,-25.945539474487305
168.52561831474304,0.0,172.87,0.0,-25.93975257873535
168.55771803855896,0.0,172.851,0.0,-25.933101654052734
168.59303188323975,0.0,172.809,0.0,-25.923280715942383
168.62156319618225,0.0,172.813,0.0,-25.91870880126953
168.6496090888977,0.0,172.718,0.0,-25.915639877319336
168.67722058296204,0.0,172.711,0.0,-25.909564971923828
168.70889377593994,0.0,172.666,0.0,-25.904861450195312
168.74894666671753,0.0,172.614,0.0,-25.893754959106445
168.78362441062927,0.0,172.563,0.0,-25.889419555664062
168.81711220741272,0.0,172.54,0.0,-25.879497528076172
168.85020852088928,0.0,172.539,0.0,-25.87651252746582
168.8821096420288,0.0,172.514,0.0,-25.874061584472656
168.91429543495178,0.0,172.502,0.0,-25.871381759643555
168.94637775421143,0.0,172.443,0.0,-25.865039825439453
168.97907972335815,0.0,172.4,0.0,-25.8612060546875
169.01186633110046,0.0,172.385,0.0,-25.857643127441406
169.04295682907104,0.0,172.344,0.0,-25.850570678710938
169.07519578933716,0.0,172.28,0.0,-25.845077514648438
169.1084005832672,0.0,172.128,0.0,-25.836610794067383
169.13943600654602,0.0,172.085,0.0,-25.828372955322266
169.16363406181335,0.0,172.007,0.0,-25.820453643798828
169.19931769371033,0.0,171.958,0.0,-25.80248260498047
169.23444509506226,0.0,171.901,0.0,-25.795944213867188
169.26833844184875,0.0,171.866,0.0,-25.7821102142334
169.29736709594727,0.0,171.822,0.0,-25.777250289916992
169.32963728904724,0.0,171.819,0.0,-25.771957397460938
169.35850739479065,0.0,171.764,0.0,-25.768047332763672
169.38373398780823,0.0,171.747,0.0,-25.763019561767578
169.41913866996765,0.0,171.713,0.0,-25.754257202148438
169.45018076896667,0.0,171.619,0.0,-25.74753189086914
169.48415565490723,0.0,171.563,0.0,-25.742244720458984
169.516126871109,0.0,171.524,0.0,-25.73609733581543
169.54812049865723,0.0,171.531,0.0,-25.72587776184082
169.5802149772644,0.0,171.489,0.0,-25.722017288208008
169.61253547668457,0.0,171.481,0.0,-25.718524932861328
169.64487838745117,0.0,171.46,0.0,-25.71303367614746
169.67757606506348,0.0,171.43,0.0,-25.709922790527344
169.70836400985718,0.0,171.379,0.0,-25.705631256103516
169.75017786026,0.0,171.277,0.0,-25.694381713867188
169.78476357460022,0.0,171.257,0.0,-25.689254760742188
169.81704092025757,0.0,171.179,0.0,-25.68054962158203
169.84959173202515,0.0,171.17,0.0,-25.676055908203125
169.88158750534058,0.0,171.151,0.0,-25.67245864868164
169.91903638839722,0.0,171.131,0.0,-25.66596794128418
169.94878101348877,0.0,171.064,0.0,-25.662418365478516
169.9812536239624,0.0,171.02,0.0,-25.658443450927734
170.0134654045105,0.0,170.99,0.0,-25.65375518798828
170.04613661766052,0.0,170.93,0.0,-25.643226623535156
170.07807850837708,0.0,170.892,0.0,-25.6373233795166
170.110209941864,0.0,170.794,0.0,-25.63102912902832
170.1300983428955,0.0,170.794,0.0,-25.624269485473633
170.16856980323792,0.0,170.699,0.0,-25.608585357666016
170.20033025741577,0.0,170.635,0.0,-25.60103988647461
170.2339265346527,0.0,170.63,0.0,-25.59528350830078
170.26542115211487,0.0,170.529,0.0,-25.589275360107422
170.2973597049713,0.0,170.501,0.0,-25.579452514648438
170.33000659942627,0.0,170.465,0.0,-25.574337005615234
170.36210823059082,0.0,170.438,0.0,-25.56916046142578
170.39488911628723,0.0,170.396,0.0,-25.559585571289062
170.42783856391907,0.0,170.356,0.0,-25.55571174621582
170.4672031402588,0.0,170.358,0.0,-25.551319122314453
170.49839615821838,0.0,170.319,0.0,-25.544815063476562
170.53047394752502,0.0,170.293,0.0,-25.542146682739258
170.56324911117554,0.0,170.268,0.0,-25.539247512817383
170.59553050994873,0.0,170.263,0.0,-25.533884048461914
170.62737488746643,0.0,170.221,0.0,-25.530559539794922
170.6592617034912,0.0,170.189,0.0,-25.527841567993164
170.69133496284485,0.0,170.162,0.0,-25.52499771118164
170.72288608551025,0.0,170.127,0.0,-25.518218994140625
170.75447511672974,0.0,170.093,0.0,-25.514169692993164
170.78668642044067,0.0,169.995,0.0,-25.50713539123535
170.81991314888,0.0,169.917,0.0,-25.496376037597656
170.85000801086426,0.0,169.885,0.0,-25.49077033996582
170.88413953781128,0.0,169.85,0.0,-25.485326766967773
170.91850447654724,0.0,169.798,0.0,-25.473737716674805
170.95013189315796,0.0,169.735,0.0,-25.467172622680664
170.9836995601654,0.0,169.715,0.0,-25.461761474609375
171.0153579711914,0.0,169.709,0.0,-25.456995010375977
171.04788994789124,0.0,169.67,0.0,-25.4490909576416
171.07873129844666,0.0,169.6,0.0,-25.44477653503418
171.11173033714294,0.0,169.558,0.0,-25.440053939819336
171.14281845092773,0.0,169.53,0.0,-25.434886932373047
171.17499089241028,0.0,169.481,0.0,-25.424360275268555
171.2086808681488,0.0,169.396,0.0,-25.417800903320312
171.23980021476746,0.0,169.355,0.0,-25.411895751953125
171.27142024040222,0.0,169.306,0.0,-25.399425506591797
171.30131840705872,0.0,169.272,0.0,-25.393285751342773
171.33515167236328,0.0,169.222,0.0,-25.386714935302734
171.36718487739563,0.0,169.198,0.0,-25.381622314453125
171.39915990829468,0.0,169.173,0.0,-25.37470817565918
171.43258452415466,0.0,169.167,0.0,-25.37141227722168
171.46309971809387,0.0,169.127,0.0,-25.368877410888672
171.49853324890137,0.0,169.077,0.0,-25.36258888244629
171.5332715511322,0.0,169.04,0.0,-25.359031677246094
171.55498099327087,0.0,169.014,0.0,-25.35496711730957
171.58319544792175,0.0,168.976,0.0,-25.350969314575195
171.61804509162903,0.0,168.955,0.0,-25.34651756286621
171.6504397392273,0.0,168.907,0.0,-25.33853530883789
171.68359208106995,0.0,168.888,0.0,-25.334707260131836
171.71608686447144,0.0,168.835,0.0,-25.331180572509766
171.7481334209442,0.0,168.8,0.0,-25.32155990600586
171.7798330783844,0.0,168.717,0.0,-25.316743850708008
171.8125331401825,0.0,168.666,0.0,-25.311025619506836
171.84462928771973,0.0,168.647,0.0,-25.29924774169922
171.8769338130951,0.0,168.622,0.0,-25.294231414794922
171.907212972641,0.0,168.589,0.0,-25.289215087890625
171.94044137001038,0.0,168.533,0.0,-25.28529167175293
171.955717086792,0.0,168.533,0.0,-25.28044891357422
171.98823308944702,0.0,168.449,0.0,-25.275482177734375
172.02784752845764,0.0,168.361,0.0,-25.262022018432617
172.0667703151703,0.0,168.262,0.0,-25.25623893737793
172.10008001327515,0.0,168.235,0.0,-25.243337631225586
172.132750749588,0.0,168.182,0.0,-25.2373104095459
172.16438722610474,0.0,168.179,0.0,-25.23070526123047
172.19608068466187,0.0,168.139,0.0,-25.22053337097168
172.23338794708252,0.0,168.113,0.0,-25.216487884521484
172.26321864128113,0.0,168.088,0.0,-25.21284294128418
172.28387665748596,0.0,168.083,0.0,-25.20924949645996
172.31564354896545,0.0,168.066,0.0,-25.206531524658203
172.3512270450592,0.0,168.038,0.0,-25.20108413696289
172.38320469856262,0.0,168.005,0.0,-25.19854736328125
172.41483354568481,0.0,167.976,0.0,-25.19598388671875
172.44607162475586,0.0,167.938,0.0,-25.18935203552246
172.4779281616211,0.0,167.868,0.0,-25.183799743652344
172.50954127311707,0.0,167.853,0.0,-25.179100036621094
172.5424816608429,0.0,167.734,0.0,-25.174602508544922
172.56605863571167,0.0,167.651,0.0,-25.167448043823242
172.5975341796875,0.0,167.632,0.0,-25.154809951782227
172.63001084327698,0.0,167.581,0.0,-25.148582458496094
172.66122150421143,0.0,167.561,0.0,-25.141881942749023
172.69574570655823,0.0,167.538,0.0,-25.13097381591797
172.72502851486206,0.0,167.464,0.0,-25.12436294555664
