Time(s),Setpoint (C),Temperature (C),TotalOutput (%),PIDOutput (%)
0.4917764663696289,0.0,23.421,0.0,-3.779750108718872
0.516068696975708,0.0,23.433,0.0,-3.761293411254883
0.5585968494415283,0.0,23.508,0.0,-3.745093822479248
0.5751631259918213,0.0,23.479,0.0,-3.730105400085449
0.6058402061462402,0.0,23.478,0.0,-3.714017391204834
0.6381189823150635,0.0,23.466,0.0,-3.683370590209961
0.6693956851959229,0.0,23.451,0.0,-3.6685428619384766
0.7006103992462158,0.0,23.478,0.0,-3.6559829711914062
0.7333924770355225,0.0,23.459,0.0,-3.644547939300537
0.7660057544708252,0.0,23.464,0.0,-3.622250556945801
0.7970218658447266,0.0,23.436,0.0,-3.6114351749420166
0.8295798301696777,0.0,23.429,0.0,-3.601433515548706
0.8608901500701904,0.0,23.429,0.0,-3.5929934978485107
0.886746883392334,0.0,23.426,0.0,-3.5853798389434814
0.9233856201171875,0.0,23.416,0.0,-3.5713038444519043
0.9549508094787598,0.0,23.41,0.0,-3.5649075508117676
0.990875244140625,0.0,23.453,0.0,-3.5550568103790283
1.0196776390075684,0.0,23.472,0.0,-3.5519824028015137
1.0581107139587402,0.0,23.468,0.0,-3.5498862266540527
1.0908825397491455,0.0,23.456,0.0,-3.5449485778808594
1.1210463047027588,0.0,23.43,0.0,-3.542614698410034
1.1529757976531982,0.0,23.436,0.0,-3.539241075515747
1.1934161186218262,0.0,23.427,0.0,-3.533843994140625
1.2167720794677734,0.0,23.438,0.0,-3.5319480895996094
1.2571053504943848,0.0,23.48,0.0,-3.5317697525024414
1.2907707691192627,0.0,23.489,0.0,-3.531799793243408
1.322479009628296,0.0,23.486,0.0,-3.5315911769866943
1.3569116592407227,0.0,23.466,0.0,-3.530931234359741
1.391813039779663,0.0,23.451,0.0,-3.528101921081543
1.4187953472137451,0.0,23.444,0.0,-3.526399850845337
1.4507555961608887,0.0,23.432,0.0,-3.524474620819092
1.4896395206451416,0.0,23.427,0.0,-3.5233147144317627
1.5214800834655762,0.0,23.418,0.0,-3.520022392272949
1.5540399551391602,0.0,23.405,0.0,-3.518115282058716
1.584897756576538,0.0,23.405,0.0,-3.516300916671753
1.608708143234253,0.0,23.405,0.0,-3.5151565074920654
1.6425178050994873,0.0,23.434,0.0,-3.5138893127441406
1.670245885848999,0.0,23.441,0.0,-3.5144429206848145
1.7020061016082764,0.0,23.433,0.0,-3.515148639678955
1.7406349182128906,0.0,23.411,0.0,-3.5154294967651367
1.7736320495605469,0.0,23.415,0.0,-3.514598846435547
1.8069534301757812,0.0,23.413,0.0,-3.5141096115112305
1.8369481563568115,0.0,23.389,0.0,-3.5136361122131348
1.8706891536712646,0.0,23.44,0.0,-3.5119359493255615
1.9011671543121338,0.0,23.451,0.0,-3.513075590133667
1.9175472259521484,0.0,23.451,0.0,-3.5144166946411133
1.9499061107635498,0.0,23.459,0.0,-3.516244888305664
1.9899468421936035,0.0,23.425,0.0,-3.5164661407470703
2.022321939468384,0.0,23.423,0.0,-3.51581072807312
2.0521323680877686,0.0,23.43,0.0,-3.514829635620117
2.0793039798736572,0.0,23.442,0.0,-3.5148184299468994
2.110708713531494,0.0,23.414,0.0,-3.515307903289795
2.136427879333496,0.0,23.407,0.0,-3.5145044326782227
2.1689515113830566,0.0,23.36,0.0,-3.5108962059020996
2.207491159439087,0.0,23.349,0.0,-3.508361339569092
2.2324864864349365,0.0,23.367,0.0,-3.507171630859375
2.2750542163848877,0.0,23.398,0.0,-3.5071945190429688
2.306042432785034,0.0,23.404,0.0,-3.507636308670044
2.3431975841522217,0.0,23.401,0.0,-3.508819103240967
2.370979070663452,0.0,23.401,0.0,-3.509061813354492
2.402644634246826,0.0,23.413,0.0,-3.509258508682251
2.434807062149048,0.0,23.412,0.0,-3.5099220275878906
2.4668750762939453,0.0,23.434,0.0,-3.511693000793457
2.498992919921875,0.0,23.438,0.0,-3.5133655071258545
2.5311553478240967,0.0,23.453,0.0,-3.514148712158203
2.5683979988098145,0.0,23.452,0.0,-3.5162646770477295
2.5956621170043945,0.0,23.433,0.0,-3.516139268875122
2.627302646636963,0.0,23.433,0.0,-3.5163612365722656
2.6520376205444336,0.0,23.432,0.0,-3.516180992126465
2.695509910583496,0.0,23.425,0.0,-3.5155255794525146
2.7263052463531494,0.0,23.4,0.0,-3.5141096115112305
2.7688350677490234,0.0,23.377,0.0,-3.51070237159729
2.8068721294403076,0.0,23.426,0.0,-3.5102531909942627
2.825972557067871,0.0,23.426,0.0,-3.5111331939697266
2.856849431991577,0.0,23.419,0.0,-3.511528253555298
2.8881683349609375,0.0,23.432,0.0,-3.5120491981506348
2.9204728603363037,0.0,23.429,0.0,-3.513239860534668
2.952347755432129,0.0,23.43,0.0,-3.513585090637207
2.9841105937957764,0.0,23.406,0.0,-3.5138907432556152
3.0182149410247803,0.0,23.37,0.0,-3.5115466117858887
3.0492665767669678,0.0,23.403,0.0,-3.509789228439331
3.0803120136260986,0.0,23.428,0.0,-3.509824275970459
3.1123783588409424,0.0,23.444,0.0,-3.5109119415283203
3.144528865814209,0.0,23.448,0.0,-3.5137789249420166
3.175769090652466,0.0,23.424,0.0,-3.5144388675689697
3.2074673175811768,0.0,23.417,0.0,-3.5143120288848877
3.243762969970703,0.0,23.435,0.0,-3.5143537521362305
3.273803472518921,0.0,23.43,0.0,-3.514479398727417
3.3033063411712646,0.0,23.422,0.0,-3.513604164123535
3.334610939025879,0.0,23.419,0.0,-3.5135529041290283
3.360219955444336,0.0,23.447,0.0,-3.5133848190307617
3.3897671699523926,0.0,23.464,0.0,-3.5144290924072266
3.4197580814361572,0.0,23.47,0.0,-3.5173654556274414
3.4509637355804443,0.0,23.459,0.0,-3.5179872512817383
3.493248224258423,0.0,23.494,0.0,-3.5207509994506836
3.5268542766571045,0.0,23.494,0.0,-3.522019386291504
3.5661814212799072,0.0,23.46,0.0,-3.5237300395965576
3.597348690032959,0.0,23.446,0.0,-3.523806095123291
3.6289217472076416,0.0,23.402,0.0,-3.5222456455230713
3.6584866046905518,0.0,23.421,0.0,-3.519167184829712
3.6836369037628174,0.0,23.401,0.0,-3.517571449279785
3.7243669033050537,0.0,23.467,0.0,-3.5149412155151367
3.757179021835327,0.0,23.474,0.0,-3.5162441730499268
3.788886785507202,0.0,23.48,0.0,-3.517552375793457
3.8214454650878906,0.0,23.482,0.0,-3.52004337310791
3.85294246673584,0.0,23.472,0.0,-3.52081561088562
3.8859031200408936,0.0,23.47,0.0,-3.5209813117980957
3.9185659885406494,0.0,23.431,0.0,-3.5193874835968018
3.948833703994751,0.0,23.405,0.0,-3.517030715942383
3.989701271057129,0.0,23.411,0.0,-3.515082359313965
4.021791458129883,0.0,23.438,0.0,-3.514242649078369
4.053636074066162,0.0,23.45,0.0,-3.5153560638427734
4.085352659225464,0.0,23.431,0.0,-3.5158498287200928
4.106108665466309,0.0,23.398,0.0,-3.5154404640197754
4.145451784133911,0.0,23.394,0.0,-3.5122733116149902
4.177578449249268,0.0,23.381,0.0,-3.5106053352355957
4.2095787525177,0.0,23.386,0.0,-3.5090410709381104
4.241434574127197,0.0,23.391,0.0,-3.508359909057617
4.273530960083008,0.0,23.395,0.0,-3.5080413818359375
4.305424928665161,0.0,23.403,0.0,-3.508380889892578
4.337581634521484,0.0,23.404,0.0,-3.508666515350342
4.370166540145874,0.0,23.379,0.0,-3.5075910091400146
4.418990612030029,0.0,23.409,0.0,-3.507169723510742
4.449795246124268,0.0,23.426,0.0,-3.508080005645752
4.481179714202881,0.0,23.421,0.0,-3.509514808654785
4.5235795974731445,0.0,23.376,0.0,-3.5097081661224365
4.555923223495483,0.0,23.359,0.0,-3.5086965560913086
4.588359832763672,0.0,23.387,0.0,-3.5072081089019775
4.620098352432251,0.0,23.398,0.0,-3.5077505111694336
4.6443190574646,0.0,23.414,0.0,-3.5088250637054443
4.680900812149048,0.0,23.361,0.0,-3.509202003479004
4.71315598487854,0.0,23.363,0.0,-3.507735013961792
4.745763063430786,0.0,23.367,0.0,-3.5060627460479736
4.781303882598877,0.0,23.433,0.0,-3.5065979957580566
4.83144736289978,0.0,23.422,0.0,-3.5100269317626953
4.8638012409210205,0.0,23.415,0.0,-3.5114457607269287
4.895633220672607,0.0,23.414,0.0,-3.5120327472686768
4.9282543659210205,0.0,23.43,0.0,-3.512176036834717
4.95986270904541,0.0,23.449,0.0,-3.5129494667053223
4.991930723190308,0.0,23.45,0.0,-3.5154356956481934
5.023945093154907,0.0,23.434,0.0,-3.5151352882385254
5.0569908618927,0.0,23.403,0.0,-3.5153472423553467
5.087836265563965,0.0,23.391,0.0,-3.514193296432495
5.120263576507568,0.0,23.392,0.0,-3.511728048324585
5.169016122817993,0.0,23.397,0.0,-3.510098934173584
5.201018810272217,0.0,23.403,0.0,-3.5101194381713867
5.23220419883728,0.0,23.384,0.0,-3.509384870529175
5.263763189315796,0.0,23.363,0.0,-3.5087814331054688
5.296536207199097,0.0,23.342,0.0,-3.5055346488952637
5.329068899154663,0.0,23.363,0.0,-3.5049591064453125
5.3616132736206055,0.0,23.393,0.0,-3.505500078201294
5.392729997634888,0.0,23.401,0.0,-3.5062317848205566
5.42451548576355,0.0,23.391,0.0,-3.5074493885040283
5.457247972488403,0.0,23.371,0.0,-3.506849765777588
5.488304376602173,0.0,23.371,0.0,-3.5056381225585938
5.5240795612335205,0.0,23.364,0.0,-3.5050551891326904
5.554308176040649,0.0,23.359,0.0,-3.5045390129089355
5.586569309234619,0.0,23.351,0.0,-3.5041537284851074
5.617951154708862,0.0,23.355,0.0,-3.5035343170166016
5.650389671325684,0.0,23.374,0.0,-3.502540111541748
5.682951211929321,0.0,23.381,0.0,-3.503303050994873
5.714891672134399,0.0,23.389,0.0,-3.504202127456665
5.746635913848877,0.0,23.375,0.0,-3.505720853805542
5.779019117355347,0.0,23.381,0.0,-3.505840539932251
5.811790227890015,0.0,23.388,0.0,-3.5061869621276855
5.8439412117004395,0.0,23.405,0.0,-3.50789737701416
5.875437498092651,0.0,23.416,0.0,-3.5092427730560303
5.908479452133179,0.0,23.459,0.0,-3.5114083290100098
5.939635515213013,0.0,23.444,0.0,-3.513740301132202
5.972144603729248,0.0,23.445,0.0,-3.515796661376953
6.0038793087005615,0.0,23.433,0.0,-3.515963554382324
6.036384105682373,0.0,23.393,0.0,-3.514387369155884
6.0692830085754395,0.0,23.403,0.0,-3.5131301879882812
6.10365104675293,0.0,23.415,0.0,-3.5125601291656494
6.136213302612305,0.0,23.407,0.0,-3.5126113891601562
6.1645801067352295,0.0,23.396,0.0,-3.51230525970459
6.183028221130371,0.0,23.373,0.0,-3.5115976333618164
6.223693609237671,0.0,23.375,0.0,-3.5091118812561035
6.256637096405029,0.0,23.389,0.0,-3.508241891860962
6.290593385696411,0.0,23.381,0.0,-3.5081636905670166
6.330599784851074,0.0,23.387,0.0,-3.507356882095337
6.363327503204346,0.0,23.379,0.0,-3.507420539855957
6.397632837295532,0.0,23.402,0.0,-3.5079030990600586
6.4279465675354,0.0,23.409,0.0,-3.5087924003601074
6.460377931594849,0.0,23.408,0.0,-3.5091898441314697
6.496108770370483,0.0,23.389,0.0,-3.5093846321105957
6.522936582565308,0.0,23.366,0.0,-3.5081350803375244
6.554556608200073,0.0,23.362,0.0,-3.507002592086792
6.586962938308716,0.0,23.364,0.0,-3.5062172412872314
6.616277694702148,0.0,23.386,0.0,-3.505619525909424
6.656593084335327,0.0,23.39,0.0,-3.506274700164795
6.688313007354736,0.0,23.391,0.0,-3.5067880153656006
6.721312522888184,0.0,23.393,0.0,-3.507750988006592
6.751460552215576,0.0,23.394,0.0,-3.5080692768096924
6.7841596603393555,0.0,23.379,0.0,-3.5083580017089844
6.815834283828735,0.0,23.398,0.0,-3.507951021194458
6.848351716995239,0.0,23.376,0.0,-3.507882833480835
6.87984824180603,0.0,23.378,0.0,-3.5070786476135254
6.910915374755859,0.0,23.379,0.0,-3.50692081451416
6.934689283370972,0.0,23.403,0.0,-3.506844997406006
6.966029405593872,0.0,23.393,0.0,-3.507798194885254
7.000076532363892,0.0,23.384,0.0,-3.507986545562744
7.03058385848999,0.0,23.396,0.0,-3.508178234100342
7.062446594238281,0.0,23.408,0.0,-3.508535623550415
7.098299741744995,0.0,23.418,0.0,-3.5103323459625244
7.126835584640503,0.0,23.413,0.0,-3.5109028816223145
7.157939910888672,0.0,23.43,0.0,-3.5120484828948975
7.182983160018921,0.0,23.458,0.0,-3.5140981674194336
7.216161727905273,0.0,23.447,0.0,-3.5156240463256836
7.247833728790283,0.0,23.425,0.0,-3.515981912612915
7.279942750930786,0.0,23.412,0.0,-3.5156641006469727
7.311347246170044,0.0,23.407,0.0,-3.5148510932922363
7.346939563751221,0.0,23.413,0.0,-3.51357102394104
7.375074148178101,0.0,23.392,0.0,-3.5128977298736572
7.408076524734497,0.0,23.405,0.0,-3.511824131011963
7.43998908996582,0.0,23.415,0.0,-3.5115365982055664
7.471355199813843,0.0,23.424,0.0,-3.512263774871826
7.503434896469116,0.0,23.412,0.0,-3.513092279434204
7.534885406494141,0.0,23.446,0.0,-3.512805223464966
7.575299501419067,0.0,23.439,0.0,-3.5146350860595703
7.608682632446289,0.0,23.452,0.0,-3.514944076538086
7.639830112457275,0.0,23.441,0.0,-3.5158865451812744
7.674659013748169,0.0,23.423,0.0,-3.5155694484710693
7.7004005908966064,0.0,23.439,0.0,-3.515787124633789
7.732456922531128,0.0,23.46,0.0,-3.516826629638672
7.764948844909668,0.0,23.457,0.0,-3.5171985626220703
7.797630548477173,0.0,23.447,0.0,-3.5177712440490723
7.8284265995025635,0.0,23.425,0.0,-3.516836166381836
7.86038875579834,0.0,23.427,0.0,-3.5161848068237305
7.892924070358276,0.0,23.457,0.0,-3.5156733989715576
7.924263000488281,0.0,23.435,0.0,-3.517061948776245
7.956664085388184,0.0,23.436,0.0,-3.516669750213623
7.989613056182861,0.0,23.427,0.0,-3.5164010524749756
8.023531198501587,0.0,23.443,0.0,-3.5160202980041504
8.052963256835938,0.0,23.408,0.0,-3.5155088901519775
8.091620683670044,100.0,23.421,100.0,-0.5143136978149414
8.125309228897095,100.0,25.359,100.0,3.724984645843506
8.156786918640137,100.0,29.737,100.0,5.107316017150879
8.18851351737976,100.0,31.909,100.0,6.125146865844727
8.217379808425903,100.0,32.167,100.0,6.855072021484375
8.258020877838135,100.0,32.212,100.0,7.908783435821533
8.289365291595459,100.0,32.176,100.0,8.295114517211914
8.322619676589966,100.0,32.168,100.0,8.869891166687012
8.358864307403564,100.0,32.201,100.0,9.081062316894531
8.39021921157837,100.0,32.262,100.0,9.254671096801758
8.425103664398193,100.0,32.311,100.0,9.51032543182373
8.46492052078247,100.0,32.325,100.0,9.605195999145508
8.498125076293945,100.0,32.405,100.0,9.747780799865723
8.53066873550415,100.0,32.468,100.0,9.800915718078613
8.560627460479736,100.0,32.598,100.0,9.843294143676758
8.592565298080444,100.0,32.716,100.0,9.874077796936035
8.625643014907837,100.0,32.799,100.0,9.912252426147461
8.656773567199707,100.0,32.986,100.0,9.924154281616211
8.688816785812378,100.0,33.052,100.0,9.930915832519531
8.724097967147827,100.0,33.166,100.0,9.936040878295898
8.754050493240356,100.0,33.283,100.0,9.933344841003418
8.785536050796509,100.0,33.575,100.0,9.92742919921875
8.812718152999878,100.0,33.72,100.0,9.917580604553223
8.840414047241211,100.0,33.856,100.0,9.905323028564453
8.874786376953125,100.0,34.03,100.0,9.874876976013184
8.904201745986938,100.0,34.177,100.0,9.857133865356445
8.936561822891235,100.0,34.543,100.0,9.837085723876953
8.968077898025513,100.0,34.753,100.0,9.815067291259766
9.007140159606934,100.0,34.938,100.0,9.764918327331543
9.037686347961426,100.0,35.121,100.0,9.738727569580078
9.068743228912354,100.0,35.34,100.0,9.719732284545898
9.090201139450073,100.0,35.518,100.0,9.697105407714844
9.124940872192383,100.0,36.192,100.0,9.647245407104492
9.156389474868774,100.0,36.453,100.0,9.609015464782715
9.199129104614258,100.0,36.702,100.0,9.530311584472656
9.229754209518433,100.0,37.148,100.0,9.491739273071289
9.28543496131897,100.0,37.622,100.0,9.416682243347168
9.316933155059814,100.0,37.896,100.0,9.37912654876709
9.3507559299469,100.0,38.188,100.0,9.299306869506836
9.381421089172363,100.0,38.81,100.0,9.256514549255371
9.417049407958984,100.0,39.127,100.0,9.211827278137207
9.441640853881836,100.0,39.443,100.0,9.165674209594727
9.46693468093872,100.0,39.749,100.0,9.118481636047363
9.508470058441162,100.0,40.095,100.0,9.021544456481934
9.539145946502686,100.0,40.873,100.0,8.969212532043457
9.574876308441162,100.0,41.279,100.0,8.85645866394043
9.618885040283203,100.0,42.092,100.0,8.798083305358887
9.651198863983154,100.0,42.517,100.0,8.673977851867676
9.682931184768677,100.0,42.977,100.0,8.608358383178711
9.725288391113281,100.0,43.914,100.0,8.504250526428223
9.756789684295654,100.0,44.41,100.0,8.445079803466797
9.789191961288452,100.0,44.886,100.0,8.381000518798828
9.81328821182251,100.0,45.916,100.0,8.314026832580566
9.849906206130981,100.0,46.385,100.0,8.133214950561523
9.885196685791016,100.0,47.361,100.0,8.04784107208252
9.905904769897461,100.0,47.819,100.0,7.963760852813721
9.938598871231079,100.0,48.373,100.0,7.882633686065674
9.971584796905518,100.0,48.956,100.0,7.7998504638671875
10.004628896713257,100.0,49.487,100.0,7.629852294921875
10.035701513290405,100.0,50.556,100.0,7.5443501472473145
10.059303522109985,100.0,51.065,100.0,7.460272312164307
10.089653491973877,100.0,51.609,100.0,7.377490043640137
10.12141227722168,100.0,52.135,100.0,7.294299602508545
10.153846740722656,100.0,52.668,100.0,7.129044055938721
10.184589147567749,100.0,53.216,100.0,7.0460076332092285
10.216313600540161,100.0,54.356,100.0,6.9620137214660645
10.257170915603638,100.0,54.948,100.0,6.789873123168945
10.279217004776001,100.0,55.521,100.0,6.702631950378418
10.31386137008667,100.0,56.067,100.0,6.616278171539307
10.342569351196289,100.0,57.201,100.0,6.529559135437012
10.375406742095947,100.0,57.788,100.0,6.355594635009766
10.40994119644165,100.0,58.365,100.0,6.267950057983398
10.439651489257812,100.0,58.963,100.0,6.179282188415527
10.476665019989014,100.0,60.221,100.0,6.043571949005127
10.501877546310425,100.0,60.859,100.0,5.965641498565674
10.535948276519775,100.0,61.513,100.0,5.882767200469971
10.568168640136719,100.0,62.755,100.0,5.79540491104126
10.590764045715332,100.0,63.444,100.0,5.6799092292785645
10.622490644454956,100.0,64.111,100.0,5.565958023071289
10.663766145706177,100.0,65.479,100.0,5.342978000640869
10.694900512695312,100.0,66.14,100.0,5.23355770111084
10.727797508239746,100.0,66.823,100.0,5.018802165985107
10.75847339630127,100.0,68.238,100.0,4.911695957183838
10.78206729888916,100.0,68.936,100.0,4.803520679473877
10.809300184249878,100.0,69.664,100.0,4.695545196533203
10.843652963638306,100.0,70.423,100.0,4.5865159034729
10.871714353561401,100.0,71.193,100.0,4.475426197052002
10.903343915939331,100.0,71.997,100.0,4.246321678161621
10.934297800064087,100.0,72.773,100.0,4.129294395446777
10.965818166732788,100.0,74.238,100.0,4.013269901275635
10.99837064743042,100.0,74.96,100.0,3.8982925415039062
11.040673732757568,100.0,75.694,100.0,3.671217918395996
11.072115659713745,100.0,77.25,100.0,3.556675672531128
11.103872060775757,100.0,78.035,100.0,3.3238484859466553
11.136996746063232,100.0,78.874,100.0,3.203831672668457
11.167921304702759,100.0,79.717,100.0,3.116720676422119
11.32233738899231,100.0,85.693,100.0,2.3489365577697754
11.336890459060669,100.0,86.596,100.0,2.20973801612854
11.36933422088623,100.0,87.489,100.0,2.070329189300537
11.401902675628662,100.0,88.408,100.0,1.7914581298828125
11.433530807495117,100.0,89.346,100.0,1.6503627300262451
11.465425491333008,100.0,91.209,100.0,1.5084679126739502
11.497354984283447,100.0,92.177,100.0,1.3663294315338135
11.529684782028198,100.0,93.127,100.0,1.0778886079788208
11.560635805130005,100.0,94.13,100.0,0.9308062195777893
11.593584775924683,100.0,96.123,100.0,0.7814484238624573
11.62489128112793,100.0,97.173,100.0,0.6316279172897339
11.657120704650879,100.0,98.201,100.0,0.3242875635623932
11.721490144729614,100.0,101.184,100.0,0.0908573567867279
11.753829717636108,100.0,102.158,100.0,-0.20416055619716644
11.78471064567566,100.0,103.208,100.0,-0.33425676822662354
11.808860778808594,100.0,104.222,100.0,-0.47179287672042847
11.840677261352539,100.0,105.269,100.0,-0.6135697364807129
11.872799634933472,100.0,106.322,100.0,-0.7599954605102539
11.9048752784729,100.0,109.48,100.0,-1.1068980693817139
11.936198234558105,100.0,110.567,100.0,-1.296441912651062
11.967727899551392,100.0,111.649,100.0,-1.4810535907745361
11.998400211334229,100.0,112.72,100.0,-1.6614712476730347
12.039225339889526,100.0,114.864,100.0,-2.011145830154419
12.071882724761963,100.0,115.944,100.0,-2.1823465824127197
12.10872483253479,100.0,116.971,100.0,-2.517869234085083
12.140737295150757,100.0,119.106,100.0,-2.6838107109069824
12.171647787094116,100.0,120.201,100.0,-2.8475422859191895
12.204704761505127,100.0,121.341,100.0,-3.1782217025756836
12.236094236373901,100.0,122.431,100.0,-3.344287157058716
12.267662763595581,100.0,123.481,100.0,-3.508361577987671
12.299505472183228,100.0,125.654,100.0,-3.672528028488159
12.330799579620361,100.0,126.752,100.0,-4.000796318054199
12.3631911277771,100.0,127.9,100.0,-4.167555809020996
12.395065546035767,100.0,129.029,100.0,-4.335361480712891
12.429867267608643,100.0,131.257,100.0,-4.589064598083496
12.458784341812134,100.0,132.395,100.0,-4.729411602020264
12.491140842437744,100.0,134.65,100.0,-4.877440452575684
12.524035215377808,100.0,135.788,100.0,-5.0783538818359375
12.55582857131958,100.0,138.07,100.0,-5.462509632110596
12.58892297744751,100.0,139.167,100.0,-5.648954391479492
12.620840787887573,100.0,140.317,100.0,-5.830471992492676
12.655939817428589,100.0,141.473,100.0,-6.189096450805664
12.684952974319458,100.0,142.635,100.0,-6.367221832275391
12.724573373794556,100.0,144.945,100.0,-6.544556140899658
12.756889343261719,100.0,146.125,100.0,-6.898261070251465
12.787910223007202,100.0,147.273,100.0,-7.074373722076416
12.820396423339844,100.0,149.636,100.0,-7.251990795135498
12.856141805648804,100.0,150.763,100.0,-7.604076385498047
12.893656969070435,100.0,151.93,100.0,-7.7793474197387695
12.92516303062439,100.0,154.233,100.0,-7.953263759613037
12.957581996917725,100.0,155.423,100.0,-8.30354118347168
12.988627910614014,100.0,156.574,100.0,-8.478625297546387
13.021337985992432,100.0,157.795,100.0,-8.656058311462402
13.057657480239868,100.0,160.149,100.0,-8.922853469848633
13.08529782295227,100.0,161.353,100.0,-9.071136474609375
13.11735200881958,100.0,163.74,100.0,-9.227466583251953
13.149481534957886,100.0,164.919,100.0,-9.439769744873047
13.181440830230713,100.0,167.326,100.0,-9.844510078430176
13.213221788406372,100.0,168.5,100.0,-10.040345191955566
13.246377229690552,100.0,169.667,100.0,-10.23179817199707
13.290844678878784,100.0,171.979,100.0,-10.604084968566895
13.323832273483276,100.0,173.198,100.0,-10.785627365112305
13.339987516403198,100.0,174.418,100.0,-10.967735290527344
13.370753765106201,100.0,175.629,100.0,-11.150301933288574
13.404196739196777,100.0,176.882,100.0,-11.332834243774414
13.435837745666504,100.0,178.126,100.0,-11.702272415161133
13.468188047409058,100.0,179.38,100.0,-11.888595581054688
13.500134944915771,100.0,181.783,100.0,-12.074286460876465
13.533046245574951,100.0,182.971,100.0,-12.440322875976562
13.56635332107544,100.0,184.162,100.0,-12.621698379516602
13.590473413467407,100.0,185.379,100.0,-12.803424835205078
13.622979164123535,100.0,186.609,100.0,-12.934335708618164
13.654592990875244,100.0,189.029,100.0,-13.230375289916992
13.687444686889648,100.0,190.258,100.0,-13.389568328857422
13.718953609466553,100.0,192.671,100.0,-13.555070877075195
13.750852108001709,100.0,193.918,100.0,-13.775201797485352
13.783469676971436,100.0,195.135,100.0,-14.19522476196289
13.816087007522583,100.0,197.579,100.0,-14.39594554901123
13.84734320640564,100.0,198.802,100.0,-14.593735694885254
13.879407167434692,100.0,200.031,100.0,-14.788372039794922
13.911856174468994,100.0,201.239,100.0,-15.170435905456543
13.943546533584595,100.0,203.605,100.0,-15.358201026916504
13.97514295578003,100.0,204.776,100.0,-15.542021751403809
14.006407737731934,100.0,205.925,100.0,-15.723501205444336
14.037772417068481,100.0,207.097,100.0,-16.079912185668945
14.068543434143066,100.0,209.441,100.0,-16.25810432434082
14.101679563522339,100.0,210.67,100.0,-16.433984756469727
14.133657217025757,100.0,211.827,100.0,-16.788320541381836
14.165709733963013,100.0,213.027,100.0,-16.965450286865234
14.208524227142334,100.0,215.378,100.0,-17.319446563720703
14.237765312194824,100.0,216.551,100.0,-17.495141983032227
14.265493392944336,100.0,217.639,100.0,-17.66708755493164
14.298510789871216,100.0,218.776,100.0,-17.790462493896484
14.3355233669281,100.0,221.021,100.0,-18.065099716186523
14.361990451812744,100.0,222.182,100.0,-18.212373733520508
14.394017696380615,100.0,223.301,100.0,-18.365964889526367
14.425098896026611,100.0,225.54,100.0,-18.522748947143555
14.45788288116455,100.0,226.633,100.0,-18.925582885742188
14.489059925079346,100.0,228.867,100.0,-19.115734100341797
14.520818948745728,100.0,229.981,100.0,-19.30011749267578
14.553159475326538,100.0,231.103,100.0,-19.48023223876953
14.58615255355835,100.0,232.186,100.0,-19.830530166625977
14.617112159729004,100.0,234.386,100.0,-20.000333786010742
14.649613380432129,100.0,235.497,100.0,-20.1695556640625
14.681210041046143,100.0,236.59,100.0,-20.337825775146484
14.706815242767334,100.0,237.705,100.0,-20.504615783691406
14.738786458969116,100.0,238.781,100.0,-20.83602523803711
14.770374298095703,100.0,239.874,100.0,-21.000219345092773
14.802898168563843,100.0,242.091,100.0,-21.16440200805664
14.835088968276978,100.0,243.206,100.0,-21.493972778320312
14.860865831375122,100.0,244.304,100.0,-21.658599853515625
14.891350269317627,100.0,245.382,100.0,-21.776870727539062
14.923044204711914,100.0,246.452,100.0,-21.904674530029297
14.955713272094727,100.0,247.504,100.0,-22.03965950012207
14.99609112739563,100.0,250.679,100.0,-22.368427276611328
15.028345584869385,100.0,251.732,100.0,-22.549997329711914
15.060337543487549,100.0,253.874,100.0,-22.89628028869629
15.093083620071411,100.0,254.91,100.0,-23.06621742248535
15.1253662109375,100.0,255.973,100.0,-23.232376098632812
15.157113552093506,100.0,257.048,100.0,-23.39671516418457
15.190224409103394,100.0,259.119,100.0,-23.719064712524414
15.222355842590332,100.0,260.139,100.0,-23.878854751586914
15.254622459411621,100.0,261.157,100.0,-24.036502838134766
15.286494493484497,100.0,262.2,100.0,-24.348094940185547
15.318653106689453,100.0,263.205,100.0,-24.502023696899414
15.351290702819824,100.0,265.28,100.0,-24.655834197998047
15.382458209991455,100.0,266.275,100.0,-24.809892654418945
15.409818887710571,100.0,267.349,100.0,-25.116561889648438
15.439427137374878,100.0,268.371,100.0,-25.270301818847656
15.47144103050232,100.0,269.399,100.0,-25.42385482788086
15.50383710861206,100.0,271.484,100.0,-25.579870223999023
15.541130542755127,100.0,272.511,100.0,-25.84453773498535
15.574104070663452,100.0,273.561,100.0,-25.96489715576172
15.605865240097046,100.0,274.555,100.0,-26.0938663482666
15.638282060623169,100.0,277.698,100.0,-26.366453170776367
15.668159008026123,100.0,278.779,100.0,-26.55410385131836
15.710787773132324,100.0,279.772,100.0,-26.91132164001465
15.742565155029297,100.0,281.823,100.0,-27.082744598388672
15.774278163909912,100.0,282.795,100.0,-27.248592376708984
15.806845664978027,100.0,283.856,100.0,-27.4093017578125
15.839027166366577,100.0,284.83,100.0,-27.72634506225586
15.871017694473267,100.0,286.875,100.0,-27.880359649658203
15.90375828742981,100.0,287.88,100.0,-28.035648345947266
15.935779094696045,100.0,288.863,100.0,-28.34150505065918
15.967726230621338,100.0,289.866,100.0,-28.492761611938477
15.998836517333984,100.0,291.851,100.0,-28.642822265625
16.030976057052612,100.0,292.878,100.0,-28.792503356933594
16.063130140304565,100.0,293.857,100.0,-29.092365264892578
16.09085202217102,100.0,294.803,100.0,-29.23928451538086
16.12317728996277,100.0,295.784,100.0,-29.38589096069336
16.155866622924805,100.0,296.712,100.0,-29.530038833618164
16.1872456073761,100.0,298.639,100.0,-29.745643615722656
16.220014810562134,100.0,299.627,100.0,-29.86506462097168
16.251479625701904,100.0,301.557,100.0,-29.99113655090332
16.27646017074585,100.0,302.529,100.0,-30.16197967529297
16.31622076034546,100.0,304.404,100.0,-30.48585319519043
16.348185777664185,100.0,305.368,100.0,-30.64078712463379
16.37326669692993,100.0,306.323,100.0,-30.793201446533203
16.413524627685547,100.0,307.283,100.0,-31.091712951660156
16.445555210113525,100.0,309.167,100.0,-31.2384033203125
16.477633237838745,100.0,310.057,100.0,-31.383237838745117
16.513880491256714,100.0,310.954,100.0,-31.66390609741211
16.541666507720947,100.0,311.859,100.0,-31.801694869995117
16.57397770881653,100.0,313.708,100.0,-31.939067840576172
16.605668306350708,100.0,314.611,100.0,-32.07652282714844
16.637738943099976,100.0,315.518,100.0,-32.348899841308594
16.669214963912964,100.0,316.405,100.0,-32.48358154296875
16.70099639892578,100.0,317.291,100.0,-32.61729049682617
16.73246955871582,100.0,319.114,100.0,-32.752315521240234
16.764941930770874,100.0,319.991,100.0,-32.953914642333984
16.79607844352722,100.0,321.726,100.0,-33.064414978027344
16.82564115524292,100.0,322.59,100.0,-33.215484619140625
16.857393980026245,100.0,323.465,100.0,-33.36140441894531
16.890502452850342,100.0,325.174,100.0,-33.642662048339844
16.921882152557373,100.0,326.012,100.0,-33.77845001220703
16.952394008636475,100.0,326.878,100.0,-33.9113655090332
16.995165824890137,100.0,328.568,100.0,-34.173316955566406
17.03298592567444,100.0,329.413,100.0,-34.30223846435547
17.06935954093933,100.0,330.263,100.0,-34.55766677856445
17.093523025512695,100.0,331.119,100.0,-34.685001373291016
17.124818086624146,100.0,332.787,100.0,-34.81216812133789
17.157350301742554,100.0,333.592,100.0,-34.93761444091797
17.189720630645752,100.0,334.406,100.0,-35.184165954589844
17.221679210662842,100.0,335.214,100.0,-35.306060791015625
17.25399684906006,100.0,336.027,100.0,-35.42747497558594
17.28540301322937,100.0,337.634,100.0,-35.54745864868164
17.31810760498047,100.0,338.436,100.0,-35.753929138183594
17.35002636909485,100.0,339.271,100.0,-35.84745788574219
17.38134527206421,100.0,340.083,100.0,-35.94820785522461
17.414673328399658,100.0,341.692,100.0,-36.16230010986328
17.44496250152588,100.0,343.288,100.0,-36.27398681640625
17.476752281188965,100.0,344.071,100.0,-36.42099380493164
17.507200002670288,100.0,344.838,100.0,-36.56114959716797
17.541939735412598,100.0,345.633,100.0,-36.825782775878906
17.571892976760864,100.0,347.144,100.0,-36.95196533203125
17.604235649108887,100.0,347.942,100.0,-37.074562072753906
17.640214204788208,100.0,348.662,100.0,-37.31401824951172
17.668854236602783,100.0,349.382,100.0,-37.42874526977539
17.708810091018677,100.0,350.582,100.0,-37.54219436645508
17.740891695022583,100.0,350.512,100.0,-37.710716247558594
17.773311853408813,100.0,350.478,100.0,-37.755706787109375
17.80610680580139,100.0,350.436,100.0,-37.778587341308594
17.844318389892578,100.0,351.044,100.0,-37.82704162597656
17.876578330993652,100.0,351.563,100.0,-37.86879348754883
17.908649921417236,100.0,352.213,100.0,-37.89616775512695
17.940775156021118,100.0,353.697,100.0,-38.00033187866211
17.974066972732544,100.0,354.492,100.0,-38.07394027709961
18.005536794662476,100.0,355.677,100.0,-38.15991973876953
18.042002201080322,100.0,356.249,100.0,-38.378082275390625
18.0695481300354,100.0,357.72,100.0,-38.48115158081055
18.101455450057983,100.0,358.407,100.0,-38.59266662597656
18.13446807861328,100.0,359.091,100.0,-38.70311737060547
18.16655659675598,100.0,359.758,100.0,-38.9202995300293
18.198288202285767,100.0,360.866,100.0,-39.018836975097656
18.22429919242859,100.0,361.533,100.0,-39.11656188964844
18.256417512893677,100.0,362.193,100.0,-39.21520233154297
18.29135012626648,100.0,362.889,100.0,-39.41504669189453
18.319753170013428,100.0,363.57,100.0,-39.5166015625
18.352214097976685,100.0,364.231,100.0,-39.617862701416016
18.384397268295288,100.0,365.688,100.0,-39.72158432006836
18.416752338409424,100.0,366.438,100.0,-39.93556213378906
18.448056936264038,100.0,367.271,100.0,-40.04901885986328
18.48060941696167,100.0,368.015,100.0,-40.13154220581055
18.51659345626831,100.0,370.11,100.0,-40.315189361572266
18.548656463623047,100.0,370.885,100.0,-40.44103240966797
18.580960035324097,100.0,371.655,100.0,-40.56568145751953
18.61275053024292,100.0,372.403,100.0,-40.68909454345703
18.64518117904663,100.0,373.989,100.0,-40.93388748168945
18.67754364013672,100.0,374.795,100.0,-41.05540466308594
18.709162950515747,100.0,375.423,100.0,-41.177589416503906
18.741424798965454,100.0,375.917,100.0,-41.39682388305664
18.773664236068726,100.0,376.929,100.0,-41.49238586425781
18.8050856590271,100.0,377.585,100.0,-41.582252502441406
18.837403297424316,100.0,378.331,100.0,-41.673641204833984
18.869602918624878,100.0,378.965,100.0,-41.86567687988281
18.918073654174805,100.0,380.302,100.0,-42.058311462402344
18.95073652267456,100.0,380.969,100.0,-42.156253814697266
18.981789588928223,100.0,382.45,100.0,-42.25901794433594
19.013371467590332,100.0,383.119,100.0,-42.362789154052734
19.04516625404358,100.0,383.783,100.0,-42.56767654418945
19.07706928253174,100.0,384.455,100.0,-42.641109466552734
19.108721494674683,100.0,385.1,100.0,-42.72071838378906
19.14263916015625,100.0,386.858,100.0,-42.913604736328125
19.172675132751465,100.0,387.464,100.0,-43.01659393310547
19.204297065734863,100.0,388.093,100.0,-43.11643981933594
19.235987663269043,100.0,388.746,100.0,-43.21479797363281
19.2711341381073,100.0,390.096,100.0,-43.41029357910156
19.294092416763306,100.0,390.096,100.0,-43.510379791259766
19.3259117603302,100.0,391.384,100.0,-43.61060333251953
19.35818886756897,100.0,391.959,100.0,-43.708831787109375
19.392966985702515,100.0,392.491,100.0,-43.894081115722656
19.422199249267578,100.0,393.036,100.0,-43.98164749145508
19.455275058746338,100.0,394.302,100.0,-44.07019805908203
19.48665189743042,100.0,394.966,100.0,-44.16065216064453
19.51858401298523,100.0,395.63,100.0,-44.34779357910156
19.550748825073242,100.0,396.27,100.0,-44.44261169433594
19.582770586013794,100.0,396.885,100.0,-44.53666305541992
19.618072271347046,100.0,398.105,100.0,-44.721744537353516
19.646371841430664,100.0,398.713,100.0,-44.81401824951172
19.673564672470093,100.0,399.332,100.0,-44.880313873291016
19.70502758026123,100.0,399.939,100.0,-44.95256423950195
19.737842321395874,100.0,400.56,100.0,-45.02900695800781
19.769834518432617,100.0,402.471,100.0,-45.22039794921875
19.801782369613647,100.0,403.065,100.0,-45.327980041503906
19.833351135253906,100.0,403.664,100.0,-45.43122863769531
19.87389087677002,100.0,404.816,100.0,-45.62607192993164
19.906768321990967,100.0,405.422,100.0,-45.720375061035156
19.947068452835083,100.0,406.098,100.0,-45.90937423706055
19.979445219039917,100.0,407.992,100.0,-46.018028259277344
20.011535167694092,100.0,408.973,100.0,-46.13682556152344
20.044685125350952,100.0,409.869,100.0,-46.396183013916016
20.076252698898315,100.0,410.534,100.0,-46.5203742980957
20.10805058479309,100.0,411.588,100.0,-46.63453674316406
20.139963388442993,100.0,412.139,100.0,-46.73801803588867
20.17279624938965,100.0,412.745,100.0,-46.931129455566406
20.20508050918579,100.0,413.393,100.0,-47.02668380737305
20.236436128616333,100.0,414.794,100.0,-47.127342224121094
20.268982410430908,100.0,415.367,100.0,-47.32154083251953
20.3007972240448,100.0,415.805,100.0,-47.389747619628906
20.333361387252808,100.0,416.291,100.0,-47.4555549621582
20.364510536193848,100.0,416.881,100.0,-47.521636962890625
20.396777391433716,100.0,418.846,100.0,-47.70054626464844
20.428233861923218,100.0,419.452,100.0,-47.80337142944336
20.46056842803955,100.0,420.087,100.0,-47.903316497802734
20.495553731918335,100.0,420.705,100.0,-48.09961700439453
20.5238299369812,100.0,421.869,100.0,-48.19633865356445
20.556586265563965,100.0,422.406,100.0,-48.28843307495117
20.588374376296997,100.0,423.013,100.0,-48.37712478637695
20.61924171447754,100.0,423.693,100.0,-48.558509826660156
20.644487380981445,100.0,424.451,100.0,-48.656734466552734
20.684198141098022,100.0,425.574,100.0,-48.75563049316406
20.721997022628784,100.0,425.965,100.0,-48.92771911621094
20.753265619277954,100.0,426.36,100.0,-49.002296447753906
20.78422260284424,100.0,427.256,100.0,-49.071231842041016
20.81696343421936,100.0,427.868,100.0,-49.141082763671875
20.84908366203308,100.0,428.535,100.0,-49.297245025634766
20.880775928497314,100.0,429.229,100.0,-49.384544372558594
20.912457942962646,100.0,430.705,100.0,-49.479087829589844
20.94580864906311,100.0,431.268,100.0,-49.67305374145508
20.976515769958496,100.0,431.984,100.0,-49.74198532104492
21.007992267608643,100.0,432.657,100.0,-49.820648193359375
21.04068660736084,100.0,434.153,100.0,-49.905067443847656
21.07169485092163,100.0,435.486,100.0,-50.14448165893555
21.13800358772278,100.0,436.943,100.0,-50.37395477294922
21.171172380447388,100.0,437.649,100.0,-50.60224533081055
21.201447010040283,100.0,438.707,100.0,-50.70853042602539
21.23375630378723,100.0,439.046,100.0,-50.80622100830078
21.27445888519287,100.0,439.564,100.0,-50.97275161743164
21.306739807128906,100.0,440.33,100.0,-51.046993255615234
21.332518815994263,100.0,440.915,100.0,-51.115509033203125
21.35701894760132,100.0,440.915,100.0,-51.18807601928711
21.39894127845764,100.0,442.131,100.0,-51.34313201904297
21.423178911209106,100.0,442.886,100.0,-51.43239974975586
21.4550564289093,100.0,443.547,100.0,-51.52442932128906
21.486515760421753,100.0,444.046,100.0,-51.61178970336914
21.523377180099487,100.0,445.135,100.0,-51.78181457519531
21.55114722251892,100.0,445.73,100.0,-51.842315673828125
21.583476066589355,100.0,446.505,100.0,-51.909423828125
21.61533808708191,100.0,447.197,100.0,-51.98927307128906
21.64730930328369,100.0,448.668,100.0,-52.18473815917969
21.679238319396973,100.0,449.24,100.0,-52.279388427734375
21.710675477981567,100.0,449.701,100.0,-52.371971130371094
21.742810249328613,100.0,450.183,100.0,-52.4582633972168
21.774954795837402,100.0,450.955,100.0,-52.619747161865234
21.80782675743103,100.0,451.3,100.0,-52.68857192993164
21.838687419891357,100.0,451.917,100.0,-52.751708984375
21.86991047859192,100.0,452.573,100.0,-52.821929931640625
21.902000427246094,100.0,453.938,100.0,-52.9840087890625
21.933293104171753,100.0,454.501,100.0,-53.07322311401367
21.96562886238098,100.0,455.027,100.0,-53.161441802978516
22.005046606063843,100.0,456.095,100.0,-53.3309326171875
22.037271738052368,100.0,456.627,100.0,-53.41432189941406
22.069069147109985,100.0,457.231,100.0,-53.4967041015625
22.093966484069824,100.0,457.761,100.0,-53.581321716308594
22.134376764297485,100.0,458.821,100.0,-53.7464599609375
22.167333364486694,100.0,459.372,100.0,-53.82789611816406
22.19947338104248,100.0,460.024,100.0,-53.99565887451172
22.232150077819824,100.0,460.62,100.0,-54.08283233642578
22.263440370559692,100.0,461.804,100.0,-54.17325210571289
22.296720027923584,100.0,462.286,100.0,-54.34455871582031
22.328099012374878,100.0,462.858,100.0,-54.42871856689453
22.360077381134033,100.0,463.397,100.0,-54.48931121826172
22.391971349716187,100.0,463.946,100.0,-54.554351806640625
22.424057960510254,100.0,465.057,100.0,-54.696468353271484
22.456928730010986,100.0,465.595,100.0,-54.77130126953125
22.48879861831665,100.0,466.704,100.0,-54.84750747680664
22.522948741912842,100.0,467.789,100.0,-55.04660415649414
22.555368423461914,100.0,468.456,100.0,-55.13969039916992
22.58834195137024,100.0,469.092,100.0,-55.23528289794922
22.619638681411743,100.0,469.761,100.0,-55.331485748291016
22.65228509902954,100.0,470.426,100.0,-55.52864456176758
22.68434190750122,100.0,471.522,100.0,-55.625389099121094
22.715307235717773,100.0,472.047,100.0,-55.71695327758789
22.756975173950195,100.0,472.947,100.0,-55.88996505737305
22.797406911849976,100.0,473.338,100.0,-56.0390625
22.831331253051758,100.0,473.661,100.0,-56.103458404541016
22.862443685531616,100.0,474.518,100.0,-56.16573715209961
22.89876437187195,100.0,474.946,100.0,-56.290550231933594
22.926464319229126,100.0,475.433,100.0,-56.354732513427734
22.958467483520508,100.0,476.198,100.0,-56.4322624206543
22.99082589149475,100.0,477.816,100.0,-56.52358627319336
23.022857904434204,100.0,478.694,100.0,-56.731380462646484
23.05495858192444,100.0,479.299,100.0,-56.811309814453125
23.088256359100342,100.0,479.969,100.0,-56.894107818603516
23.124442100524902,100.0,480.703,100.0,-57.07612609863281
23.168651819229126,100.0,482.222,100.0,-57.190711975097656
23.19986319541931,100.0,483.108,100.0,-57.381229400634766
23.231122255325317,100.0,483.56,100.0,-57.46771240234375
23.275465726852417,100.0,484.219,100.0,-57.634788513183594
23.306042432785034,100.0,485.644,100.0,-57.73245620727539
23.337777853012085,100.0,486.184,100.0,-57.827293395996094
23.37031364440918,100.0,486.447,100.0,-57.91863250732422
23.401749849319458,100.0,486.669,100.0,-58.05979919433594
23.434645414352417,100.0,487.581,100.0,-58.122867584228516
23.47603678703308,100.0,488.188,100.0,-58.25825119018555
23.514772176742554,100.0,489.26,100.0,-58.331199645996094
23.556784868240356,100.0,489.844,100.0,-58.483665466308594
23.590091466903687,100.0,490.312,100.0,-58.55924987792969
23.62122344970703,100.0,491.16,100.0,-58.63319396972656
23.653324842453003,100.0,491.408,100.0,-58.76130294799805
23.68539786338806,100.0,491.751,100.0,-58.80303955078125
23.717530965805054,100.0,492.299,100.0,-58.845645904541016
23.751232385635376,100.0,493.427,100.0,-58.981414794921875
23.78154706954956,100.0,494.198,100.0,-59.04236602783203
23.813960075378418,100.0,494.39,100.0,-59.118064880371094
23.84597420692444,100.0,494.649,100.0,-59.18086242675781
23.877887725830078,100.0,495.412,100.0,-59.290645599365234
23.90960931777954,100.0,495.944,100.0,-59.34600067138672
23.941776275634766,100.0,496.529,100.0,-59.407501220703125
23.976882219314575,100.0,497.125,100.0,-59.55046081542969
24.007251501083374,100.0,498.429,100.0,-59.62940216064453
24.03879404067993,100.0,499.316,100.0,-59.71657180786133
24.070854902267456,100.0,500.324,100.0,-59.81752014160156
24.102304935455322,100.0,501.462,100.0,-60.06814956665039
24.134284257888794,100.0,502.682,100.0,-60.21889114379883
24.15900182723999,100.0,503.924,100.0,-60.38323211669922
24.190265655517578,100.0,505.267,100.0,-60.56203842163086
24.218914031982422,100.0,507.923,100.0,-60.75204849243164
24.254586219787598,100.0,509.122,100.0,-61.09471130371094
24.287039041519165,100.0,510.187,100.0,-61.25222396850586
24.31080174446106,100.0,511.186,100.0,-61.41266632080078
24.3439462184906,100.0,512.871,100.0,-61.57242202758789
24.377249717712402,100.0,514.126,100.0,-61.926918029785156
24.407730102539062,100.0,514.669,100.0,-62.07368469238281
24.43926191329956,100.0,515.14,100.0,-62.20305633544922
24.471590757369995,100.0,515.657,100.0,-62.3159294128418
24.504574298858643,100.0,516.119,100.0,-62.50950622558594
24.536085605621338,100.0,517.042,100.0,-62.5941276550293
24.569084882736206,100.0,517.426,100.0,-62.67118453979492
24.603734254837036,100.0,517.849,100.0,-62.80561828613281
24.63251543045044,100.0,518.272,100.0,-62.867706298828125
24.664682388305664,100.0,519.273,100.0,-62.93027114868164
24.696241855621338,100.0,519.778,100.0,-62.9946174621582
24.728755712509155,100.0,520.274,100.0,-63.12614440917969
24.760483026504517,100.0,520.799,100.0,-63.19405746459961
24.79280161857605,100.0,521.846,100.0,-63.26356506347656
24.829060077667236,100.0,522.356,100.0,-63.405303955078125
24.856527090072632,100.0,522.874,100.0,-63.47721481323242
24.889277935028076,100.0,523.424,100.0,-63.52806854248047
24.919042348861694,100.0,523.965,100.0,-63.585845947265625
24.952195405960083,100.0,525.622,100.0,-63.717254638671875
24.9827139377594,100.0,526.164,100.0,-63.81110763549805
25.028544187545776,100.0,527.161,100.0,-63.98882293701172
25.058425664901733,100.0,527.598,100.0,-64.07255554199219
25.090340614318848,100.0,528.039,100.0,-64.1512222290039
25.122902870178223,100.0,528.496,100.0,-64.22614288330078
25.154117584228516,100.0,528.909,100.0,-64.36808776855469
25.185782194137573,100.0,529.75,100.0,-64.435302734375
25.217785120010376,100.0,530.161,100.0,-64.50030517578125
25.25408935546875,100.0,530.569,100.0,-64.62553405761719
25.28299331665039,100.0,530.979,100.0,-64.6865234375
25.31495976448059,100.0,531.845,100.0,-64.74768829345703
25.347570657730103,100.0,529.056,100.0,-64.80931091308594
25.37973690032959,100.0,526.25,100.0,-64.55763244628906
25.408844232559204,100.0,523.421,100.0,-64.29814147949219
25.440391302108765,100.0,520.592,100.0,-63.97685241699219
25.47210669517517,100.0,521.43,100.0,-63.745025634765625
25.504119634628296,100.0,521.883,100.0,-63.479942321777344
25.536081314086914,100.0,522.311,100.0,-63.400962829589844
25.568819046020508,100.0,522.727,100.0,-63.359703063964844
25.594197273254395,100.0,523.561,100.0,-63.34719467163086
25.632012367248535,100.0,524.487,100.0,-63.4155158996582
25.66424012184143,100.0,524.937,100.0,-63.469383239746094
25.689927339553833,100.0,525.442,100.0,-63.53114318847656
25.724143981933594,100.0,525.895,100.0,-63.60099792480469
25.756341695785522,100.0,549.309,100.0,-64.71519470214844
25.7884840965271,100.0,750.666,100.0,-68.32080078125
25.820212841033936,100.0,842.435,100.0,-74.65664672851562
25.85234022140503,100.0,890.409,100.0,-83.78025817871094
25.884549379348755,100.0,866.51,100.0,-87.02420806884766
25.91647696495056,100.0,793.982,100.0,-89.61936950683594
25.949418306350708,100.0,731.047,100.0,-91.69549560546875
25.981477975845337,100.0,731.449,100.0,-94.11759948730469
26.012382745742798,100.0,795.948,100.0,-95.29408264160156
26.0453143119812,100.0,864.006,100.0,-96.23526763916016
26.076170444488525,100.0,977.504,100.0,-96.98821258544922
26.108355045318604,100.0,918.759,100.0,-98.07245635986328
26.140467643737793,100.0,752.966,100.0,-98.45796966552734
26.1721773147583,100.0,776.306,100.0,-97.99334716796875
26.2039315700531,100.0,758.104,100.0,-98.19906616210938
26.235949516296387,100.0,798.475,100.0,-98.55925750732422
26.26840567588806,100.0,764.574,100.0,-98.84740447998047
26.29974365234375,100.0,770.368,100.0,-98.82981872558594
26.333601474761963,100.0,834.083,100.0,-99.25109100341797
26.36382818222046,100.0,794.049,100.0,-99.40087127685547
26.398393630981445,100.0,782.82,100.0,-99.52069854736328
26.431191205978394,100.0,714.789,100.0,-97.27241516113281
26.464200735092163,100.0,734.435,100.0,-95.95755004882812
26.49595332145691,100.0,743.508,100.0,-95.32061767578125
26.531575918197632,100.0,753.908,100.0,-95.64384460449219
26.55952739715576,100.0,766.692,100.0,-96.51507568359375
26.592281103134155,100.0,802.501,100.0,-97.2120590209961
26.62399458885193,100.0,950.99,100.0,-97.76964569091797
26.65617084503174,100.0,975.726,100.0,-98.57257843017578
26.68828058242798,100.0,954.217,100.0,-98.85806274414062
26.720173120498657,100.0,936.346,100.0,-99.0864486694336
26.752331733703613,100.0,840.032,100.0,-99.26915740966797
26.784525632858276,100.0,926.856,100.0,-99.53226470947266
26.81600522994995,100.0,926.856,100.0,-99.62581634521484
26.85601568222046,100.0,926.856,100.0,-99.7605209350586
26.88828468322754,100.0,926.856,100.0,-99.80841827392578
26.921080589294434,100.0,926.856,100.0,-99.84673309326172
26.953908443450928,100.0,926.856,100.0,-99.90190887451172
26.98664903640747,100.0,926.856,100.0,-99.9215316772461
27.017011880874634,100.0,926.856,100.0,-99.93722534179688
27.057514190673828,100.0,926.856,100.0,-99.95983123779297
27.088711977005005,100.0,926.856,100.0,-99.96786499023438
27.11977219581604,100.0,1027.741,100.0,-99.97429656982422
27.160366773605347,100.0,1013.019,100.0,-99.98355102539062
27.192794799804688,100.0,1244.415,100.0,-99.9868392944336
27.2234525680542,100.0,1244.415,100.0,-99.98947143554688
27.256850957870483,100.0,1244.415,100.0,-99.9932632446289
27.288224458694458,100.0,1244.415,100.0,-99.99461364746094
27.321435928344727,100.0,1244.415,100.0,-99.99568939208984
27.351820707321167,100.0,1244.415,100.0,-99.99655151367188
27.385276079177856,100.0,1225.585,100.0,-99.99779510498047
27.406373739242554,100.0,979.26,100.0,-99.99823760986328
27.447457313537598,100.0,879.839,100.0,-99.99858856201172
27.48206901550293,100.0,949.258,100.0,-99.99909973144531
27.512492179870605,100.0,857.616,100.0,-99.99928283691406
27.543026208877563,100.0,819.281,100.0,-99.99942779541016
27.574822902679443,100.0,759.714,100.0,-98.87939453125
27.606404066085815,100.0,766.505,100.0,-93.85098266601562
27.639148950576782,100.0,839.392,100.0,-94.8652114868164
27.670994997024536,100.0,852.937,100.0,-95.89217376708984
27.70813250541687,100.0,738.791,100.0,-94.16650390625
27.734777450561523,100.0,690.631,100.0,-90.34375
27.766209602355957,100.0,673.393,100.0,-86.83281707763672
27.80648183822632,100.0,652.791,100.0,-81.24945068359375
27.83775234222412,100.0,648.927,100.0,-79.28388214111328
27.870386123657227,100.0,650.078,100.0,-77.97811126708984
27.90182662010193,100.0,652.697,100.0,-77.1828842163086
27.93496060371399,100.0,654.015,100.0,-76.66178131103516
27.967061758041382,100.0,655.35,100.0,-76.76406860351562
27.998978853225708,100.0,656.656,100.0,-77.02330780029297
28.031189918518066,100.0,659.359,100.0,-77.7458267211914
28.063652276992798,100.0,662.151,100.0,-78.21536254882812
28.096010208129883,100.0,663.508,100.0,-78.78446197509766
28.12735867500305,100.0,664.945,100.0,-79.3619384765625
28.15970516204834,100.0,667.828,100.0,-80.51544189453125
28.19234585762024,100.0,669.248,100.0,-81.0777587890625
28.222312688827515,100.0,670.587,100.0,-81.62415313720703
28.25419521331787,100.0,671.905,100.0,-82.14903259277344
28.28782033920288,100.0,673.219,100.0,-83.13041687011719
28.3194260597229,100.0,675.633,100.0,-83.58545684814453
28.35126519203186,100.0,676.762,100.0,-84.0133056640625
28.390751361846924,100.0,677.859,100.0,-84.79289245605469
28.423056840896606,100.0,679.821,100.0,-85.14385223388672
28.45608162879944,100.0,680.699,100.0,-85.47113037109375
28.487694025039673,100.0,681.496,100.0,-86.05160522460938
28.52012062072754,100.0,682.285,100.0,-86.30828857421875
28.54440426826477,100.0,683.021,100.0,-86.54470825195312
28.577528715133667,100.0,684.364,100.0,-86.76311492919922
28.60994791984558,100.0,685.008,100.0,-87.14722442626953
28.642313718795776,100.0,685.581,100.0,-87.31623840332031
28.674234867095947,100.0,686.113,100.0,-87.4483413696289
28.706408262252808,100.0,687.803,100.0,-87.693603515625
28.738853454589844,100.0,688.41,100.0,-87.83407592773438
28.770208597183228,100.0,689.154,100.0,-87.96743774414062
28.80341863632202,100.0,689.92,100.0,-88.10057067871094
28.83515739440918,100.0,691.593,100.0,-88.36859130859375
28.86723017692566,100.0,692.448,100.0,-88.50709533691406
28.899152040481567,100.0,693.32,100.0,-88.64735412597656
28.931222677230835,100.0,694.165,100.0,-88.78935241699219
28.963002920150757,100.0,695.947,100.0,-89.0744857788086
28.989609003067017,100.0,696.834,100.0,-89.21886444091797
29.021472930908203,100.0,697.742,100.0,-89.36351776123047
29.053499937057495,100.0,698.608,100.0,-89.5090103149414
29.084420442581177,100.0,699.448,100.0,-89.79498291015625
29.117332458496094,100.0,700.276,100.0,-89.93429565429688
29.141749143600464,100.0,701.079,100.0,-90.07044982910156
29.186293125152588,100.0,702.573,100.0,-90.32954406738281
29.214191913604736,100.0,703.263,100.0,-90.45114135742188
29.247291088104248,100.0,703.953,100.0,-90.56842803955078
29.280545711517334,100.0,705.337,100.0,-90.6833724975586
29.31118369102478,100.0,706.031,100.0,-90.90385437011719
29.34299945831299,100.0,706.693,100.0,-91.01036071777344
29.375051736831665,100.0,707.303,100.0,-91.0869140625
29.412205457687378,100.0,708.96,100.0,-91.26927947998047
29.43893790245056,100.0,709.417,100.0,-91.3653793334961
29.47158408164978,100.0,709.876,100.0,-91.45333099365234
29.503878355026245,100.0,710.319,100.0,-91.53510284423828
29.535046577453613,100.0,710.707,100.0,-91.68152618408203
29.567051649093628,100.0,711.559,100.0,-91.74839782714844
29.59947657585144,100.0,711.884,100.0,-91.81278228759766
29.63157343864441,100.0,712.251,100.0,-91.87120056152344
29.66370987892151,100.0,712.527,100.0,-91.97679901123047
29.689661741256714,100.0,712.777,100.0,-92.02127075195312
29.722680807113647,100.0,713.282,100.0,-92.0634994506836
29.753434419631958,100.0,713.525,100.0,-92.10073852539062
29.78802466392517,100.0,713.71,100.0,-92.16630554199219
29.818700790405273,100.0,713.899,100.0,-92.19416809082031
29.84229826927185,100.0,714.072,100.0,-92.21929931640625
29.873815059661865,100.0,714.213,100.0,-92.24114990234375
29.906221389770508,100.0,714.416,100.0,-92.25948333740234
29.941328048706055,100.0,714.42,100.0,-92.28274536132812
29.979631662368774,100.0,714.551,100.0,-92.28913879394531
30.013616800308228,100.0,714.572,100.0,-92.29572296142578
30.044707775115967,100.0,714.657,100.0,-92.29539489746094
30.076719760894775,100.0,714.636,100.0,-92.29653930664062
30.109010219573975,100.0,714.602,100.0,-92.29451751708984
30.140037775039673,100.0,714.518,100.0,-92.28294372558594
30.17248797416687,100.0,714.425,100.0,-92.27386474609375
30.204646825790405,100.0,714.302,100.0,-92.2614974975586
30.239516735076904,100.0,714.172,100.0,-92.22647857666016
30.26961922645569,100.0,713.927,100.0,-92.20562744140625
30.300557613372803,100.0,713.814,100.0,-92.18352508544922
30.33138871192932,100.0,713.633,100.0,-92.16097259521484
30.362308025360107,100.0,713.44,100.0,-92.10702514648438
30.390045642852783,100.0,713.172,100.0,-92.07354736328125
30.42224621772766,100.0,712.621,100.0,-92.02435302734375
30.454447269439697,100.0,710.288,100.0,-91.94664001464844
30.488513231277466,100.0,708.628,100.0,-91.6680908203125
30.517810821533203,100.0,706.912,100.0,-91.47306823730469
30.549291610717773,100.0,705.309,100.0,-91.25663757324219
30.58175277709961,100.0,702.606,100.0,-91.0312728881836
30.613656759262085,100.0,701.431,100.0,-90.58765411376953
30.64091420173645,100.0,699.356,100.0,-90.42235565185547
30.67321228981018,100.0,698.386,100.0,-90.21208190917969
30.70674157142639,100.0,697.512,100.0,-90.01380157470703
30.73812484741211,100.0,695.78,100.0,-89.65608978271484
30.770068407058716,100.0,694.964,100.0,-89.49172973632812
30.802154064178467,100.0,694.131,100.0,-89.33662414550781
30.834542989730835,100.0,693.341,100.0,-89.18814086914062
30.86671733856201,100.0,691.882,100.0,-88.91338348388672
30.899066925048828,100.0,691.191,100.0,-88.78627014160156
30.940028429031372,100.0,690.488,100.0,-88.54954528808594
30.96406865119934,100.0,689.744,100.0,-88.4352035522461
30.99546766281128,100.0,689.028,100.0,-88.3233413696289
31.027520179748535,100.0,687.606,100.0,-88.21391296386719
31.05885124206543,100.0,686.941,100.0,-88.10563659667969
31.08989906311035,100.0,686.273,100.0,-87.89751434326172
31.122499465942383,100.0,685.612,100.0,-87.7965087890625
31.15328049659729,100.0,684.302,100.0,-87.6981430053711
31.189170837402344,100.0,683.645,100.0,-87.50238800048828
31.217868328094482,100.0,682.964,100.0,-87.40452575683594
31.2571439743042,100.0,682.244,100.0,-87.30462646484375
31.282395362854004,100.0,681.58,100.0,-87.20545959472656
31.316588163375854,100.0,679.482,100.0,-87.02622985839844
31.348076105117798,100.0,678.791,100.0,-86.9195556640625
31.380924701690674,100.0,678.105,100.0,-86.81379699707031
31.413934469223022,100.0,677.453,100.0,-86.60623931884766
31.44299006462097,100.0,676.139,100.0,-86.50527954101562
31.475704669952393,100.0,675.47,100.0,-86.40497589111328
31.50740933418274,100.0,674.809,100.0,-86.30498504638672
31.54162073135376,100.0,674.118,100.0,-86.10527038574219
31.57064938545227,100.0,673.457,100.0,-86.00556945800781
31.603015899658203,100.0,672.165,100.0,-85.906494140625
31.63550090789795,100.0,671.454,100.0,-85.80873107910156
31.667959213256836,100.0,670.793,100.0,-85.60932922363281
31.70101308822632,100.0,670.082,100.0,-85.50801849365234
31.732115983963013,100.0,668.753,100.0,-85.40505981445312
31.76623845100403,100.0,668.071,100.0,-85.20489501953125
31.804989337921143,100.0,667.39,100.0,-85.10416412353516
31.8373122215271,100.0,666.026,100.0,-85.00276184082031
31.86946439743042,100.0,665.365,100.0,-84.80089569091797
31.901859045028687,100.0,664.032,100.0,-84.7285385131836
31.918503046035767,100.0,663.308,100.0,-84.62198638916016
31.949472904205322,100.0,662.601,100.0,-84.51454162597656
31.98190712928772,100.0,661.939,100.0,-84.40713500976562
32.015889167785645,100.0,661.24,100.0,-84.1961669921875
32.04813838005066,100.0,659.914,100.0,-84.0919189453125
32.08963942527771,100.0,659.224,100.0,-83.88615417480469
32.12107563018799,100.0,657.819,100.0,-83.78204345703125
32.15382122993469,100.0,657.116,100.0,-83.67787170410156
32.18574070930481,100.0,656.418,100.0,-83.57325744628906
32.21770000457764,100.0,655.733,100.0,-83.36422729492188
32.250954151153564,100.0,655.034,100.0,-83.25970458984375
32.281752824783325,100.0,653.69,100.0,-83.15451049804688
32.31390976905823,100.0,653.012,100.0,-83.05207061767578
32.345420598983765,100.0,652.354,100.0,-82.84871673583984
32.37762427330017,100.0,651.701,100.0,-82.74854278564453
32.40928244590759,100.0,650.276,100.0,-82.64602661132812
32.44316577911377,100.0,649.595,100.0,-82.44003295898438
32.474027156829834,100.0,648.888,100.0,-82.33627319335938
32.505154848098755,100.0,648.197,100.0,-82.23249816894531
32.53585910797119,100.0,646.819,100.0,-82.12918090820312
32.56791043281555,100.0,645.392,100.0,-81.97334289550781
32.60014486312866,100.0,644.73,100.0,-81.85580444335938
32.64230751991272,100.0,644.007,100.0,-81.62979888916016
32.67242407798767,100.0,642.608,100.0,-81.5184555053711
32.70396876335144,100.0,641.874,100.0,-81.40875244140625
32.735737562179565,100.0,641.159,100.0,-81.2986068725586
32.76881122589111,100.0,640.485,100.0,-81.08135986328125
32.792248010635376,100.0,639.733,100.0,-80.97216796875
32.82413864135742,100.0,638.367,100.0,-80.86429595947266
32.85572695732117,100.0,637.665,100.0,-80.75813293457031
32.89302635192871,100.0,636.979,100.0,-80.54702758789062
32.92041826248169,100.0,636.189,100.0,-80.43816375732422
32.95233917236328,100.0,635.456,100.0,-80.32881927490234
32.98404335975647,100.0,634.062,100.0,-80.21981048583984
33.016655683517456,100.0,633.4,100.0,-80.0077133178711
33.048110246658325,100.0,632.708,100.0,-79.90312957763672
33.08054208755493,100.0,631.99,100.0,-79.79773712158203
33.11284041404724,100.0,630.517,100.0,-79.69053649902344
33.14454507827759,100.0,629.056,100.0,-79.50505065917969
33.17574882507324,100.0,628.35,100.0,-79.38919830322266
33.20542073249817,100.0,627.647,100.0,-79.27552032470703
33.238001108169556,100.0,626.927,100.0,-79.16370391845703
33.2706823348999,100.0,625.729,100.0,-78.94534301757812
33.302440881729126,100.0,625.199,100.0,-78.84478759765625
33.3344202041626,100.0,624.758,100.0,-78.75041198730469
33.359314918518066,100.0,624.319,100.0,-78.66454315185547
33.389514684677124,100.0,623.863,100.0,-78.58526611328125
33.422266721725464,100.0,623.068,100.0,-78.44190216064453
33.46557569503784,100.0,622.711,100.0,-78.3164291381836
33.497408866882324,100.0,622.339,100.0,-78.25921630859375
33.528910636901855,100.0,621.586,100.0,-78.2025146484375
33.56144595146179,100.0,621.215,100.0,-78.14913940429688
33.592726945877075,100.0,620.879,100.0,-78.04691314697266
33.624574422836304,100.0,620.57,100.0,-77.99962615966797
33.6562979221344,100.0,619.942,100.0,-77.95361328125
33.689098596572876,100.0,619.614,100.0,-77.90946197509766
33.72045397758484,100.0,619.324,100.0,-77.82327270507812
33.751909017562866,100.0,619.059,100.0,-77.7832260131836
33.78442192077637,100.0,618.769,100.0,-77.74372863769531
33.816771030426025,100.0,618.209,100.0,-77.70521545410156
33.84929037094116,100.0,617.897,100.0,-77.64054107666016
33.88023853302002,100.0,617.405,100.0,-77.61030578613281
33.90645098686218,100.0,617.161,100.0,-77.56936645507812
33.93743705749512,100.0,616.963,100.0,-77.53047943115234
33.96969437599182,100.0,616.529,100.0,-77.46110534667969
34.00149846076965,100.0,616.333,100.0,-77.42884826660156
34.03301763534546,100.0,616.133,100.0,-77.39840698242188
34.064276456832886,100.0,615.958,100.0,-77.36912536621094
34.09755349159241,100.0,615.619,100.0,-77.31604766845703
34.12864637374878,100.0,615.43,100.0,-77.29136657714844
34.15648007392883,100.0,615.22,100.0,-77.26668548583984
34.18928647041321,100.0,615.03,100.0,-77.24105072021484
34.221237897872925,100.0,614.861,100.0,-77.19071197509766
34.25348782539368,100.0,614.556,100.0,-77.16677856445312
34.285635471343994,100.0,614.436,100.0,-77.1443862915039
34.31767177581787,100.0,614.27,100.0,-77.10317993164062
34.34916424751282,100.0,614.115,100.0,-77.08242797851562
34.38161611557007,100.0,613.95,100.0,-77.0612564086914
34.409170389175415,100.0,613.544,100.0,-77.03713989257812
34.436020374298096,100.0,613.373,100.0,-77.01264953613281
34.47740054130554,100.0,613.182,100.0,-76.96295928955078
34.50785279273987,100.0,613.014,100.0,-76.9380111694336
34.53995871543884,100.0,612.642,100.0,-76.91197967529297
34.56657409667969,100.0,612.357,100.0,-76.88617706298828
34.597474336624146,100.0,612.225,100.0,-76.83393859863281
34.635942697525024,100.0,612.068,100.0,-76.81302642822266
34.6707980632782,100.0,611.7,100.0,-76.76881408691406
34.699936866760254,100.0,611.538,100.0,-76.74513244628906
34.74032545089722,100.0,611.376,100.0,-76.72147369384766
34.77260065078735,100.0,611.076,100.0,-76.67601013183594
34.80439782142639,100.0,610.884,100.0,-76.65291595458984
34.82797074317932,100.0,610.699,100.0,-76.62840270996094
34.85445022583008,100.0,610.518,100.0,-76.60306549072266
34.89614415168762,100.0,610.365,100.0,-76.55226135253906
34.926517963409424,100.0,610.252,100.0,-76.52957153320312
34.95826029777527,100.0,609.923,100.0,-76.50752258300781
34.99001932144165,100.0,609.773,100.0,-76.48390197753906
35.022462368011475,100.0,609.619,100.0,-76.43760681152344
35.054338216781616,100.0,609.485,100.0,-76.41547393798828
35.08623647689819,100.0,609.181,100.0,-76.39456176757812
35.12257218360901,100.0,608.971,100.0,-76.3471450805664
35.181416273117065,100.0,608.55,100.0,-76.29179382324219
35.213042974472046,100.0,608.297,100.0,-76.2662353515625
35.241257190704346,100.0,608.148,100.0,-76.24225616455078
35.26753115653992,100.0,607.793,100.0,-76.21878051757812
35.30582904815674,100.0,607.599,100.0,-76.17532348632812
35.32399821281433,100.0,607.457,100.0,-76.14788818359375
35.35866665840149,100.0,607.272,100.0,-76.12200927734375
35.392998933792114,100.0,607.126,100.0,-76.09554290771484
35.42689037322998,100.0,606.719,100.0,-76.04371643066406
35.4562292098999,100.0,606.561,100.0,-76.01573944091797
35.48828625679016,100.0,606.405,100.0,-75.98880004882812
35.52254891395569,100.0,606.297,100.0,-75.93944549560547
35.54712700843811,100.0,606.176,100.0,-75.91767883300781
35.5758855342865,100.0,605.911,100.0,-75.89675903320312
35.62513589859009,100.0,605.748,100.0,-75.8547592163086
35.6575083732605,100.0,605.405,100.0,-75.83304595947266
35.69834113121033,100.0,605.231,100.0,-75.7853775024414
35.722886085510254,100.0,605.051,100.0,-75.76039123535156
35.75389838218689,100.0,604.87,100.0,-75.73474884033203
35.789533376693726,100.0,604.478,100.0,-75.707763671875
35.810789823532104,100.0,604.311,100.0,-75.68016052246094
35.8530158996582,100.0,604.153,100.0,-75.62686920166016
35.877283811569214,100.0,604.02,100.0,-75.60231018066406
35.90650510787964,100.0,603.912,100.0,-75.58010864257812
35.947712421417236,100.0,603.587,100.0,-75.53485870361328
35.97340226173401,100.0,603.421,100.0,-75.51126098632812
35.9980833530426,100.0,603.098,100.0,-75.49430847167969
36.02959370613098,100.0,602.957,100.0,-75.46891021728516
36.06164336204529,100.0,602.79,100.0,-75.44461822509766
36.09425449371338,100.0,602.607,100.0,-75.42009735107422
36.125981092453,100.0,602.306,100.0,-75.36949157714844
36.15816140174866,100.0,602.167,100.0,-75.34552001953125
36.191762924194336,100.0,602.028,100.0,-75.32243347167969
36.22379159927368,100.0,601.866,100.0,-75.27716827392578
36.25683045387268,100.0,601.538,100.0,-75.25401306152344
36.28916883468628,100.0,601.372,100.0,-75.23036193847656
36.32190179824829,100.0,601.235,100.0,-75.18333435058594
36.35407257080078,100.0,600.946,100.0,-75.16019439697266
36.38625478744507,100.0,600.838,100.0,-75.13801574707031
36.42352890968323,100.0,600.718,100.0,-75.09800720214844
36.45033550262451,100.0,600.605,100.0,-75.07936096191406
36.48330521583557,100.0,600.312,100.0,-75.06045532226562
36.51424431800842,100.0,600.142,100.0,-75.04045104980469
36.545872926712036,100.0,599.981,100.0,-74.99691009521484
36.575082540512085,100.0,599.845,100.0,-74.97526550292969
36.624836921691895,100.0,599.514,100.0,-74.92977905273438
36.65371346473694,100.0,599.337,100.0,-74.90557098388672
36.69330644607544,100.0,598.851,100.0,-74.88018798828125
36.73368573188782,100.0,598.665,100.0,-74.8361587524414
36.765557050704956,100.0,598.467,100.0,-74.80974578857422
36.80460524559021,100.0,598.076,100.0,-74.75291442871094
36.837761878967285,100.0,598.076,100.0,-74.72431945800781
36.87361788749695,100.0,597.729,100.0,-74.67404174804688
36.90732288360596,100.0,597.327,100.0,-74.64505004882812
36.939873456954956,100.0,597.063,100.0,-74.61456298828125
36.96478247642517,100.0,596.806,100.0,-74.58121490478516
37.004897117614746,100.0,596.121,100.0,-74.50625610351562
37.03612518310547,100.0,595.731,100.0,-74.46205139160156
37.066914319992065,100.0,595.266,100.0,-74.4129638671875
37.10570478439331,100.0,594.733,100.0,-74.29303741455078
37.14652109146118,100.0,593.611,100.0,-74.22296142578125
37.17202425003052,100.0,592.959,100.0,-74.14588928222656
37.21237897872925,100.0,592.355,100.0,-73.97206115722656
37.23937201499939,100.0,591.079,100.0,-73.87802124023438
37.265028953552246,100.0,590.512,100.0,-73.78193664550781
37.30114197731018,100.0,589.959,100.0,-73.59246826171875
37.33387589454651,100.0,589.431,100.0,-73.50057983398438
37.36747169494629,100.0,588.942,100.0,-73.43270874023438
37.39947819709778,100.0,587.377,100.0,-73.268310546875
37.43036937713623,100.0,586.795,100.0,-73.17675018310547
37.46214771270752,100.0,586.254,100.0,-73.08497619628906
37.494717836380005,100.0,585.7,100.0,-72.994873046875
37.525630950927734,100.0,584.582,100.0,-72.81646728515625
37.557876110076904,100.0,584.029,100.0,-72.728271484375
37.58931756019592,100.0,583.479,100.0,-72.6407241821289
37.62132167816162,100.0,582.886,100.0,-72.55387115478516
37.65699338912964,100.0,581.656,100.0,-72.37622833251953
37.68949794769287,100.0,581.021,100.0,-72.28492736816406
37.725807428359985,100.0,580.364,100.0,-72.09640502929688
37.753483057022095,100.0,579.703,100.0,-71.99913787841797
37.786083936691284,100.0,578.297,100.0,-71.89955139160156
37.81750416755676,100.0,577.599,100.0,-71.79656982421875
37.84840989112854,100.0,576.892,100.0,-71.58611297607422
37.872870206832886,100.0,576.144,100.0,-71.47736358642578
37.90456008911133,100.0,575.374,100.0,-71.36561584472656
37.93683958053589,100.0,574.595,100.0,-71.25126647949219
37.963977098464966,100.0,573.002,100.0,-71.13465881347656
37.99622702598572,100.0,572.153,100.0,-71.01559448242188
38.03610920906067,100.0,571.27,100.0,-70.7660903930664
38.069217920303345,100.0,569.407,100.0,-70.63461303710938
38.10070610046387,100.0,568.501,100.0,-70.36111450195312
38.13256311416626,100.0,567.529,100.0,-70.21951293945312
38.16381072998047,100.0,566.607,100.0,-70.0770492553711
38.20078253746033,100.0,563.766,100.0,-69.82958984375
38.25332832336426,100.0,561.723,100.0,-69.51687622070312
38.2896728515625,100.0,560.706,100.0,-69.35894012451172
38.31341505050659,100.0,559.683,100.0,-69.20050048828125
38.33923935890198,100.0,558.679,100.0,-69.04159545898438
38.384114503860474,100.0,556.497,100.0,-68.72309875488281
38.41666030883789,100.0,555.452,100.0,-68.55904388427734
38.44779062271118,100.0,554.344,100.0,-68.39537048339844
38.46373653411865,100.0,553.199,100.0,-68.2294692993164
38.50491976737976,100.0,550.99,100.0,-67.89163208007812
38.53300595283508,100.0,549.925,100.0,-67.72132110595703
38.563758850097656,100.0,548.827,100.0,-67.55253601074219
38.60462474822998,100.0,547.731,100.0,-67.21480560302734
38.637415170669556,100.0,545.474,100.0,-67.04557800292969
38.66843342781067,100.0,544.392,100.0,-66.87450408935547
38.70041871070862,100.0,543.273,100.0,-66.53475952148438
38.73937273025513,100.0,540.991,100.0,-66.3642807006836
38.771403074264526,100.0,539.823,100.0,-66.19202423095703
38.797457695007324,100.0,538.636,100.0,-66.01810455322266
38.83097958564758,100.0,537.536,100.0,-65.66832733154297
38.857680797576904,100.0,536.439,100.0,-65.49635314941406
38.907198905944824,100.0,534.217,100.0,-65.15493774414062
38.95127081871033,100.0,532.008,100.0,-64.8160171508789
38.98405957221985,100.0,530.905,100.0,-64.6480712890625
39.015708208084106,100.0,528.728,100.0,-64.4356918334961
39.047731161117554,100.0,526.561,100.0,-64.2802505493164
39.07989025115967,100.0,525.48,100.0,-63.96485137939453
39.11113500595093,100.0,524.417,100.0,-63.806251525878906
39.14021944999695,100.0,523.342,100.0,-63.64773178100586
39.16781973838806,100.0,522.281,100.0,-63.48876953125
39.19912910461426,100.0,521.232,100.0,-63.33000183105469
39.23098540306091,100.0,519.12,100.0,-63.01365661621094
39.262420654296875,100.0,518.078,100.0,-62.855953216552734
39.304107904434204,100.0,516.094,100.0,-62.54405212402344
39.33757662773132,100.0,515.117,100.0,-62.39164352416992
39.3702826499939,100.0,514.156,100.0,-62.2413215637207
39.40350151062012,100.0,513.209,100.0,-61.947532653808594
39.443944692611694,100.0,511.277,100.0,-61.80216598510742
39.47983479499817,100.0,510.317,100.0,-61.514801025390625
39.518770694732666,100.0,508.435,100.0,-61.37295913696289
39.54749059677124,100.0,507.486,100.0,-61.23178482055664
39.57590365409851,100.0,506.543,100.0,-61.09096908569336
39.61811590194702,100.0,504.707,100.0,-60.81067657470703
39.65708804130554,100.0,503.803,100.0,-60.53649139404297
39.688456296920776,100.0,502.925,100.0,-60.402069091796875
39.73100662231445,100.0,501.143,100.0,-60.13526916503906
39.76208257675171,100.0,500.317,100.0,-60.00581741333008
39.79446029663086,100.0,499.473,100.0,-59.87801742553711
39.82528877258301,100.0,496.924,100.0,-59.75164794921875
39.85816979408264,100.0,496.072,100.0,-59.4721565246582
39.89055037498474,100.0,495.213,100.0,-59.35304641723633
39.921236991882324,100.0,494.402,100.0,-59.232383728027344
39.955610513687134,100.0,492.765,100.0,-58.991851806640625
39.988585472106934,100.0,491.975,100.0,-58.87234878540039
40.02137875556946,100.0,491.184,100.0,-58.75399398803711
40.04510760307312,100.0,490.412,100.0,-58.63640213012695
40.09054684638977,100.0,488.861,100.0,-58.40399932861328
40.12327027320862,100.0,488.114,100.0,-58.289329528808594
40.15455675125122,100.0,487.349,100.0,-58.06346130371094
40.18958067893982,100.0,485.896,100.0,-57.95245361328125
40.222684383392334,100.0,485.147,100.0,-57.84292984008789
40.253448247909546,100.0,484.432,100.0,-57.62538146972656
40.28556680679321,100.0,483.698,100.0,-57.51754379272461
40.31716322898865,100.0,482.293,100.0,-57.409523010253906
40.34929800033569,100.0,481.63,100.0,-57.3045539855957
40.38179659843445,100.0,480.935,100.0,-57.099693298339844
40.41404700279236,100.0,480.242,100.0,-56.997806549072266
40.44766354560852,100.0,478.804,100.0,-56.89482879638672
40.47331428527832,100.0,478.152,100.0,-56.79137420654297
40.49934673309326,100.0,476.83,100.0,-56.690101623535156
40.541611433029175,100.0,476.172,100.0,-56.51239776611328
40.57147932052612,100.0,475.509,100.0,-56.40909957885742
40.60574460029602,100.0,474.214,100.0,-56.20545196533203
40.629786252975464,100.0,473.587,100.0,-56.106971740722656
40.654168367385864,100.0,473.587,100.0,-56.010231018066406
40.689879179000854,100.0,472.337,100.0,-55.914730072021484
40.722506046295166,100.0,471.713,100.0,-55.82046890258789
40.756171464920044,100.0,471.096,100.0,-55.634403228759766
40.787014961242676,100.0,469.855,100.0,-55.541961669921875
40.81138515472412,100.0,469.855,100.0,-55.45023727416992
40.85620737075806,100.0,468.635,100.0,-55.26845932006836
40.88796806335449,100.0,468.043,100.0,-55.178871154785156
40.920265197753906,100.0,466.894,100.0,-55.091331481933594
40.952232122421265,100.0,466.351,100.0,-55.00426483154297
40.984182357788086,100.0,465.797,100.0,-54.83567428588867
41.01466941833496,100.0,465.261,100.0,-54.75358581542969
41.057111740112305,100.0,464.082,100.0,-54.58693313598633
41.0887725353241,100.0,463.53,100.0,-54.503662109375
41.12033224105835,100.0,462.959,100.0,-54.42024230957031
41.137328147888184,100.0,461.821,100.0,-54.31291198730469
41.16789484024048,100.0,461.269,100.0,-54.234840393066406
41.200021743774414,100.0,460.708,100.0,-54.156219482421875
41.23157525062561,100.0,459.714,100.0,-53.99964904785156
41.2712128162384,100.0,459.17,100.0,-53.92353439331055
41.30229830741882,100.0,458.679,100.0,-53.846561431884766
41.32730674743652,100.0,458.163,100.0,-53.77111053466797
41.35931062698364,100.0,457.129,100.0,-53.62040710449219
41.39069867134094,100.0,456.586,100.0,-53.544918060302734
41.42292642593384,100.0,456.06,100.0,-53.468257904052734
41.45693397521973,100.0,455.547,100.0,-53.3148307800293
41.48756170272827,100.0,455.061,100.0,-53.23966598510742
41.51913905143738,100.0,454.088,100.0,-53.16581726074219
41.55157661437988,100.0,453.588,100.0,-53.09233856201172
41.589072704315186,100.0,453.094,100.0,-52.945594787597656
41.60816955566406,100.0,452.578,100.0,-52.871543884277344
41.636879205703735,100.0,452.107,100.0,-52.798763275146484
41.66930603981018,100.0,451.659,100.0,-52.727901458740234
41.70134234428406,100.0,450.748,100.0,-52.65748977661133
41.7337327003479,100.0,450.295,100.0,-52.520755767822266
41.765219926834106,100.0,449.826,100.0,-52.45256423950195
41.797170639038086,100.0,449.391,100.0,-52.3856315612793
41.834577560424805,100.0,448.112,100.0,-52.268455505371094
41.86158299446106,100.0,447.684,100.0,-52.201446533203125
41.89399576187134,100.0,447.241,100.0,-52.135536193847656
41.92575764656067,100.0,446.786,100.0,-52.069828033447266
41.95713686943054,100.0,446.322,100.0,-51.936973571777344
41.990355253219604,100.0,445.923,100.0,-51.889122009277344
42.02215337753296,100.0,445.111,100.0,-51.83909606933594
42.054152488708496,100.0,444.275,100.0,-51.769981384277344
42.085848569869995,100.0,443.878,100.0,-51.63690948486328
42.10836458206177,100.0,443.495,100.0,-51.57270812988281
42.1391716003418,100.0,443.144,100.0,-51.51058578491211
42.171082496643066,100.0,442.783,100.0,-51.45138931274414
42.202834129333496,100.0,442.395,100.0,-51.394020080566406
42.2357120513916,100.0,442.035,100.0,-51.281097412109375
42.268099546432495,100.0,441.316,100.0,-51.22671890258789
42.299330949783325,100.0,440.94,100.0,-51.1725959777832
42.33346724510193,100.0,440.58,100.0,-51.064598083496094
42.363821029663086,100.0,440.193,100.0,-51.01011657714844
42.39624762535095,100.0,439.483,100.0,-50.956573486328125
42.4288694858551,100.0,439.121,100.0,-50.90330505371094
42.4606819152832,100.0,438.747,100.0,-50.79652404785156
42.49365520477295,100.0,438.324,100.0,-50.740474700927734
42.52665686607361,100.0,437.544,100.0,-50.684417724609375
42.55885052680969,100.0,437.139,100.0,-50.569297790527344
42.59042024612427,100.0,436.762,100.0,-50.51172637939453
42.62190556526184,100.0,436.335,100.0,-50.45240020751953
42.65290307998657,100.0,435.137,100.0,-50.39150619506836
42.68673849105835,100.0,434.741,100.0,-50.25969314575195
42.72792649269104,100.0,434.369,100.0,-50.20317840576172
42.75908136367798,100.0,433.524,100.0,-50.08822250366211
42.791927337646484,100.0,433.139,100.0,-50.02897644042969
42.82458543777466,100.0,432.723,100.0,-49.97015380859375
42.856496810913086,100.0,432.35,100.0,-49.91035079956055
42.888432264328,100.0,431.584,100.0,-49.792762756347656
42.92074489593506,100.0,431.245,100.0,-49.73480224609375
42.952641010284424,100.0,430.876,100.0,-49.678897857666016
42.985119104385376,100.0,430.506,100.0,-49.56792449951172
43.0172598361969,100.0,429.734,100.0,-49.51329803466797
43.050272941589355,100.0,429.329,100.0,-49.45664978027344
43.081220865249634,100.0,428.961,100.0,-49.39893341064453
43.113138914108276,100.0,428.598,100.0,-49.28571319580078
43.1466908454895,100.0,427.888,100.0,-49.23027420043945
43.18623495101929,100.0,427.497,100.0,-49.12012481689453
43.2129909992218,100.0,427.106,100.0,-49.063785552978516
43.2448673248291,100.0,426.742,100.0,-49.00798034667969
43.276705503463745,100.0,426.017,100.0,-48.95204544067383
43.308678150177,100.0,425.607,100.0,-48.84063720703125
43.33986830711365,100.0,425.202,100.0,-48.78290557861328
43.373530864715576,100.0,424.438,100.0,-48.7092170715332
43.416013956069946,100.0,423.755,100.0,-48.60205841064453
43.44742512702942,100.0,423.383,100.0,-48.54990005493164
43.48053812980652,100.0,423.024,100.0,-48.49699783325195
43.5118408203125,100.0,422.292,100.0,-48.391361236572266
43.54377245903015,100.0,421.93,100.0,-48.3376350402832
43.576178312301636,100.0,421.603,100.0,-48.28387451171875
43.61115884780884,100.0,421.237,100.0,-48.178688049316406
43.639559268951416,100.0,420.568,100.0,-48.126068115234375
43.6718955039978,100.0,420.22,100.0,-48.074928283691406
43.70476579666138,100.0,419.887,100.0,-48.02370071411133
43.73307776451111,100.0,419.556,100.0,-47.973026275634766
43.76536583900452,100.0,419.182,100.0,-47.87123107910156
43.79768681526184,100.0,418.468,100.0,-47.818695068359375
43.82940626144409,100.0,418.12,100.0,-47.76645278930664
43.86119198799133,100.0,417.756,100.0,-47.66154861450195
43.893758058547974,100.0,417.449,100.0,-47.610713958740234
43.92576313018799,100.0,416.71,100.0,-47.55955505371094
43.95668601989746,100.0,416.377,100.0,-47.506492614746094
43.98982620239258,100.0,416.014,100.0,-47.40155029296875
44.022552490234375,100.0,415.706,100.0,-47.350643157958984
44.05287957191467,100.0,415.057,100.0,-47.31409454345703
44.09052109718323,100.0,414.351,100.0,-47.2083854675293
44.124210357666016,100.0,413.991,100.0,-47.155479431152344
44.16399669647217,100.0,413.374,100.0,-47.05224609375
44.195526361465454,100.0,413.056,100.0,-47.00201416015625
44.22356963157654,100.0,412.726,100.0,-46.95258331298828
44.25697731971741,100.0,412.353,100.0,-46.903255462646484
44.28793692588806,100.0,412.048,100.0,-46.802642822265625
44.319950103759766,100.0,411.337,100.0,-46.750762939453125
44.352540731430054,100.0,411.031,100.0,-46.6998176574707
44.383678913116455,100.0,410.685,100.0,-46.650306701660156
44.41573214530945,100.0,410.364,100.0,-46.550724029541016
44.44758677482605,100.0,409.737,100.0,-46.50110626220703
44.480350494384766,100.0,409.457,100.0,-46.453189849853516
44.51212191581726,100.0,409.148,100.0,-46.36114501953125
44.54496502876282,100.0,408.83,100.0,-46.31493377685547
44.576658725738525,100.0,408.483,100.0,-46.26728057861328
44.608657360076904,100.0,407.804,100.0,-46.21787643432617
44.64038920402527,100.0,407.517,100.0,-46.12180709838867
44.67237329483032,100.0,407.23,100.0,-46.07588195800781
44.7055127620697,100.0,406.631,100.0,-46.042991638183594
44.737146854400635,100.0,405.982,100.0,-45.94695281982422
44.772785663604736,100.0,405.685,100.0,-45.89858627319336
44.80666494369507,100.0,405.379,100.0,-45.85126495361328
44.83180379867554,100.0,405.067,100.0,-45.804378509521484
44.86462926864624,100.0,404.42,100.0,-45.71120834350586
44.89494776725769,100.0,404.086,100.0,-45.66344451904297
44.92815566062927,100.0,403.761,100.0,-45.615028381347656
44.959312438964844,100.0,403.426,100.0,-45.56648254394531
44.99155020713806,100.0,403.15,100.0,-45.470436096191406
45.02328634262085,100.0,402.579,100.0,-45.42544174194336
45.05525207519531,100.0,402.303,100.0,-45.38042449951172
45.09110474586487,100.0,401.996,100.0,-45.292259216308594
45.11991310119629,100.0,401.693,100.0,-45.24778366088867
45.152172327041626,100.0,401.076,100.0,-45.20303726196289
45.183998107910156,100.0,400.748,100.0,-45.157867431640625
45.21643328666687,100.0,400.45,100.0,-45.06586837768555
45.24770474433899,100.0,400.128,100.0,-45.01942443847656
45.2808575630188,100.0,399.518,100.0,-44.973262786865234
45.32148742675781,100.0,398.902,100.0,-44.868099212646484
45.35310387611389,100.0,398.595,100.0,-44.824928283691406
45.38575220108032,100.0,398.038,100.0,-44.78116226196289
45.41559338569641,100.0,397.764,100.0,-44.69553756713867
45.447821378707886,100.0,397.483,100.0,-44.65365982055664
45.47941994667053,100.0,397.205,100.0,-44.61193084716797
45.496872663497925,100.0,396.896,100.0,-44.57042694091797
45.54168438911438,100.0,396.629,100.0,-44.48599624633789
45.57941794395447,100.0,396.014,100.0,-44.44310760498047
45.61215901374817,100.0,395.707,100.0,-44.399478912353516
45.64456868171692,100.0,395.345,100.0,-44.308197021484375
45.676241397857666,100.0,394.718,100.0,-44.26156997680664
45.70836424827576,100.0,394.416,100.0,-44.214210510253906
45.74144721031189,100.0,394.135,100.0,-44.121639251708984
45.77253556251526,100.0,393.858,100.0,-44.07710647583008
45.80387592315674,100.0,393.271,100.0,-44.03335952758789
45.840397119522095,100.0,393.003,100.0,-43.94584274291992
45.872538328170776,100.0,392.711,100.0,-43.90260314941406
45.90418457984924,100.0,392.422,100.0,-43.85942077636719
45.93598556518555,100.0,391.545,100.0,-43.80376434326172
45.96839761734009,100.0,391.225,100.0,-43.71253967285156
46.000680685043335,100.0,390.957,100.0,-43.67183303833008
46.03272032737732,100.0,390.692,100.0,-43.63151168823242
46.065794706344604,100.0,390.154,100.0,-43.551631927490234
46.09551477432251,100.0,389.88,100.0,-43.511962890625
46.12809896469116,100.0,389.59,100.0,-43.47211837768555
46.160282611846924,100.0,389.295,100.0,-43.43144989013672
46.19158172607422,100.0,388.988,100.0,-43.34721755981445
46.22471284866333,100.0,388.444,100.0,-43.304901123046875
46.25661611557007,100.0,388.174,100.0,-43.26321792602539
46.29439306259155,100.0,387.949,100.0,-43.18285369873047
46.325115442276,100.0,387.676,100.0,-43.14344024658203
46.356672048568726,100.0,387.053,100.0,-43.10271453857422
46.39340305328369,100.0,386.744,100.0,-43.01594543457031
46.422264099121094,100.0,386.463,100.0,-42.97246551513672
46.45393967628479,100.0,386.176,100.0,-42.92905044555664
46.486111879348755,100.0,385.659,100.0,-42.887542724609375
46.518375873565674,100.0,385.353,100.0,-42.80363464355469
46.55150485038757,100.0,385.077,100.0,-42.761383056640625
46.58183479309082,100.0,384.477,100.0,-42.73096466064453
46.61763310432434,100.0,383.964,100.0,-42.63929748535156
46.646013259887695,100.0,383.727,100.0,-42.59651184082031
46.67790079116821,100.0,383.464,100.0,-42.55571365356445
46.71129751205444,100.0,383.197,100.0,-42.51536560058594
46.743323802948,100.0,382.569,100.0,-42.43312072753906
46.77483868598938,100.0,382.318,100.0,-42.389678955078125
46.80809020996094,100.0,382.031,100.0,-42.34777069091797
46.843422174453735,100.0,381.771,100.0,-42.26421356201172
46.87048864364624,100.0,381.537,100.0,-42.22465896606445
46.900808334350586,100.0,380.988,100.0,-42.18379211425781
46.940189599990845,100.0,380.675,100.0,-42.14387512207031
46.96861553192139,100.0,380.374,100.0,-42.059322357177734
47.00913047790527,100.0,379.835,100.0,-42.017478942871094
47.04382085800171,100.0,379.603,100.0,-41.935890197753906
47.0726273059845,100.0,379.367,100.0,-41.89739990234375
47.10442280769348,100.0,379.094,100.0,-41.85837936401367
47.13709473609924,100.0,378.548,100.0,-41.819522857666016
47.16950702667236,100.0,377.974,100.0,-41.72682189941406
47.201605558395386,100.0,377.71,100.0,-41.68819808959961
47.23401165008545,100.0,377.448,100.0,-41.64945983886719
47.269575119018555,100.0,376.962,100.0,-41.573665618896484
47.29781460762024,100.0,376.692,100.0,-41.53607940673828
47.33064031600952,100.0,376.421,100.0,-41.497840881347656
47.36282014846802,100.0,376.12,100.0,-41.459049224853516
47.390339612960815,100.0,375.85,100.0,-41.41856384277344
47.423306703567505,100.0,375.345,100.0,-41.33881759643555
47.45411682128906,100.0,375.127,100.0,-41.29948806762695
47.48667573928833,100.0,374.887,100.0,-41.262062072753906
47.51904773712158,100.0,374.633,100.0,-41.1881103515625
47.550867795944214,100.0,374.374,100.0,-41.15068817138672
47.58244323730469,100.0,373.807,100.0,-41.111427307128906
47.61455297470093,100.0,373.529,100.0,-41.07178497314453
47.65401840209961,100.0,373.298,100.0,-40.99285125732422
47.69610929489136,100.0,372.856,100.0,-40.92005157470703
47.72363996505737,100.0,372.583,100.0,-40.88288116455078
47.756152391433716,100.0,372.296,100.0,-40.84416198730469
47.787585973739624,100.0,371.513,100.0,-40.80495834350586
47.81985950469971,100.0,371.256,100.0,-40.71874237060547
47.85225439071655,100.0,370.98,100.0,-40.68189239501953
47.884029388427734,100.0,370.728,100.0,-40.643898010253906
47.9199104309082,100.0,370.274,100.0,-40.568626403808594
47.95306205749512,100.0,370.02,100.0,-40.53292465209961
47.985403537750244,100.0,369.756,100.0,-40.4967155456543
48.018141746520996,100.0,369.486,100.0,-40.42176818847656
48.05016374588013,100.0,369.03,100.0,-40.38462448120117
48.08204412460327,100.0,368.815,100.0,-40.348663330078125
48.114661693573,100.0,368.561,100.0,-40.31386184692383
48.146355628967285,100.0,368.277,100.0,-40.24091339111328
48.178388357162476,100.0,367.742,100.0,-40.20245361328125
48.20951437950134,100.0,367.497,100.0,-40.16379928588867
48.24132585525513,100.0,367.251,100.0,-40.125633239746094
48.27350354194641,100.0,367.039,100.0,-40.051658630371094
48.304354190826416,100.0,366.794,100.0,-40.01543045043945
48.336467027664185,100.0,366.376,100.0,-39.981021881103516
48.377299308776855,100.0,366.103,100.0,-39.91167449951172
48.40940308570862,100.0,365.596,100.0,-39.864845275878906
48.44196581840515,100.0,365.059,100.0,-39.83061981201172
48.47140336036682,100.0,364.745,100.0,-39.75739288330078
48.505436182022095,100.0,364.48,100.0,-39.71778106689453
48.53680181503296,100.0,364.22,100.0,-39.678009033203125
48.57196593284607,100.0,363.983,100.0,-39.59971237182617
48.60018754005432,100.0,363.563,100.0,-39.56312561035156
48.63341760635376,100.0,363.346,100.0,-39.52794647216797
48.66496467590332,100.0,363.103,100.0,-39.49363708496094
48.69741654396057,100.0,362.913,100.0,-39.42604064941406
48.72908163070679,100.0,362.419,100.0,-39.39181137084961
48.760857343673706,100.0,362.207,100.0,-39.35734558105469
48.79643177986145,100.0,361.932,100.0,-39.28814697265625
48.82559633255005,100.0,361.731,100.0,-39.25411605834961
48.85707879066467,100.0,361.505,100.0,-39.220237731933594
48.88785004615784,100.0,361.027,100.0,-39.18596649169922
48.920228481292725,100.0,360.748,100.0,-39.11467361450195
48.95192790031433,100.0,360.498,100.0,-39.0777587890625
48.983365297317505,100.0,360.251,100.0,-39.04074478149414
49.02341628074646,100.0,359.548,100.0,-38.95843505859375
49.05578327178955,100.0,359.298,100.0,-38.91423416137695
49.08908295631409,100.0,359.044,100.0,-38.88201904296875
49.11484217643738,100.0,358.81,100.0,-38.848411560058594
49.14724659919739,100.0,358.381,100.0,-38.78162384033203
49.17877531051636,100.0,358.147,100.0,-38.74877166748047
49.21104598045349,100.0,357.934,100.0,-38.71546173095703
49.24670100212097,100.0,357.662,100.0,-38.64778137207031
49.27579307556152,100.0,357.188,100.0,-38.61391830444336
49.30803918838501,100.0,356.924,100.0,-38.578487396240234
49.339776039123535,100.0,356.727,100.0,-38.541893005371094
49.372350454330444,100.0,356.47,100.0,-38.47148132324219
49.40339112281799,100.0,356.046,100.0,-38.43708801269531
49.43647766113281,100.0,355.826,100.0,-38.40322494506836
49.46736240386963,100.0,355.602,100.0,-38.36968231201172
49.50047731399536,100.0,355.393,100.0,-38.30341339111328
49.53352475166321,100.0,354.91,100.0,-38.2713508605957
49.566752672195435,100.0,354.659,100.0,-38.236690521240234
49.59867858886719,100.0,354.421,100.0,-38.165592193603516
49.62982940673828,100.0,354.154,100.0,-38.12870407104492
49.662219285964966,100.0,353.944,100.0,-38.09321975708008
49.69791579246521,100.0,353.457,100.0,-38.021766662597656
49.72643423080444,100.0,353.02,100.0,-37.9773063659668
49.759217977523804,100.0,352.825,100.0,-37.94480895996094
49.7901725769043,100.0,352.587,100.0,-37.91339111328125
49.815160274505615,100.0,352.314,100.0,-37.8809814453125
49.847007036209106,100.0,351.843,100.0,-37.81240463256836
49.87867331504822,100.0,351.651,100.0,-37.77724838256836
49.91076064109802,100.0,351.433,100.0,-37.743858337402344
49.94821739196777,100.0,351.186,100.0,-37.67660903930664
49.975618839263916,100.0,350.952,100.0,-37.642234802246094
50.00716543197632,100.0,350.423,100.0,-37.60662841796875
50.04039812088013,100.0,350.216,100.0,-37.56959533691406
50.064868688583374,100.0,350.006,100.0,-37.534122467041016
50.10520648956299,100.0,349.811,100.0,-37.4668083190918
50.13720464706421,100.0,349.42,100.0,-37.43556213378906
50.17308521270752,100.0,349.172,100.0,-37.371829986572266
50.200578451156616,100.0,348.919,100.0,-37.337791442871094
50.23242378234863,100.0,348.664,100.0,-37.30257797241211
50.26500988006592,100.0,348.186,100.0,-37.26704406738281
50.3003044128418,100.0,347.991,100.0,-37.197540283203125
50.32838678359985,100.0,347.611,100.0,-37.157203674316406
50.36081910133362,100.0,347.431,100.0,-37.12029266357422
50.39361786842346,100.0,346.92,100.0,-37.093605041503906
50.42554783821106,100.0,346.655,100.0,-37.03285217285156
50.4580237865448,100.0,346.402,100.0,-36.99887466430664
50.490182876586914,100.0,346.139,100.0,-36.96377182006836
50.52544593811035,100.0,345.892,100.0,-36.89069366455078
50.556148052215576,100.0,345.436,100.0,-36.85536193847656
50.58108687400818,100.0,345.247,100.0,-36.819496154785156
50.621469497680664,100.0,345.04,100.0,-36.78565216064453
50.65458011627197,100.0,344.669,100.0,-36.72118377685547
50.68480944633484,100.0,344.473,100.0,-36.69084167480469
50.717158794403076,100.0,344.253,100.0,-36.66096115112305
50.750563859939575,100.0,344.016,100.0,-36.59861755371094
50.781036376953125,100.0,343.774,100.0,-36.565643310546875
50.813576459884644,100.0,343.319,100.0,-36.53301239013672
50.845521688461304,100.0,343.115,100.0,-36.49934387207031
50.878084897994995,100.0,342.939,100.0,-36.435489654541016
50.910649061203,100.0,342.705,100.0,-36.403438568115234
50.94252967834473,100.0,342.058,100.0,-36.3726806640625
50.97691559791565,100.0,341.824,100.0,-36.30089569091797
51.00621223449707,100.0,341.607,100.0,-36.269405364990234
51.037684202194214,100.0,341.394,100.0,-36.237709045410156
51.06549668312073,100.0,341.16,100.0,-36.20601272583008
51.09916877746582,100.0,340.746,100.0,-36.142337799072266
51.13239097595215,100.0,340.51,100.0,-36.11030197143555
51.16486430168152,100.0,340.307,100.0,-36.07735824584961
51.19173741340637,100.0,340.097,100.0,-36.04509735107422
51.22525691986084,100.0,339.868,100.0,-35.980430603027344
51.26298117637634,100.0,339.413,100.0,-35.94743728637695
51.29462194442749,100.0,339.2,100.0,-35.91404724121094
51.327763080596924,100.0,339.027,100.0,-35.84995651245117
51.359456062316895,100.0,338.656,100.0,-35.8202018737793
51.39271569252014,100.0,338.426,100.0,-35.79081726074219
51.426576137542725,100.0,338.208,100.0,-35.729007720947266
51.457396030426025,100.0,337.999,100.0,-35.69784927368164
51.49032473564148,100.0,337.542,100.0,-35.666221618652344
51.521445512771606,100.0,337.314,100.0,-35.633514404296875
51.55309844017029,100.0,337.097,100.0,-35.56728744506836
51.584776401519775,100.0,336.88,100.0,-35.53432083129883
51.61617350578308,100.0,336.467,100.0,-35.493202209472656
51.6522102355957,100.0,336.025,100.0,-35.42436981201172
51.681541442871094,100.0,335.844,100.0,-35.39487075805664
51.71262288093567,100.0,335.628,100.0,-35.3662109375
51.74475836753845,100.0,335.438,100.0,-35.33671951293945
51.77766728401184,100.0,335.009,100.0,-35.27799987792969
51.80831432342529,100.0,334.817,100.0,-35.24764633178711
51.83979296684265,100.0,334.609,100.0,-35.21780776977539
51.87608528137207,100.0,334.421,100.0,-35.158180236816406
51.90444755554199,100.0,334.201,100.0,-35.127803802490234
51.93838405609131,100.0,333.785,100.0,-35.096778869628906
51.98026990890503,100.0,333.569,100.0,-35.03511047363281
52.01166844367981,100.0,333.136,100.0,-35.00384521484375
52.04415011405945,100.0,332.934,100.0,-34.9720458984375
52.07737493515015,100.0,332.738,100.0,-34.909786224365234
52.10847306251526,100.0,332.552,100.0,-34.879783630371094
52.13988399505615,100.0,332.365,100.0,-34.85039520263672
52.173447608947754,100.0,331.972,100.0,-34.82113265991211
52.22225093841553,100.0,331.558,100.0,-34.76197052001953
52.253849506378174,100.0,331.102,100.0,-34.69129180908203
52.28511595726013,100.0,330.882,100.0,-34.65223693847656
52.31748652458191,100.0,330.691,100.0,-34.61570358276367
52.349528074264526,100.0,330.319,100.0,-34.58216094970703
52.38274121284485,100.0,330.145,100.0,-34.53230285644531
52.41343355178833,100.0,329.948,100.0,-34.5068473815918
52.44684338569641,100.0,329.736,100.0,-34.48054885864258
52.47823357582092,100.0,329.372,100.0,-34.425498962402344
52.51081418991089,100.0,329.194,100.0,-34.39832305908203
52.54326820373535,100.0,329.01,100.0,-34.371429443359375
52.574987173080444,100.0,328.797,100.0,-34.3444938659668
52.606916427612305,100.0,328.58,100.0,-34.28694152832031
52.657411098480225,100.0,328.196,100.0,-34.22813415527344
52.68442964553833,100.0,328.017,100.0,-34.199832916259766
52.73469948768616,100.0,327.658,100.0,-34.144859313964844
52.76787447929382,100.0,327.279,100.0,-34.11680221557617
52.798593044281006,100.0,327.093,100.0,-34.08897018432617
52.83023524284363,100.0,326.876,100.0,-34.03211212158203
52.86220073699951,100.0,326.478,100.0,-33.99446487426758
52.89424014091492,100.0,326.285,100.0,-33.95880126953125
52.92914056777954,100.0,325.894,100.0,-33.89263916015625
52.95785927772522,100.0,325.718,100.0,-33.868446350097656
52.991533279418945,100.0,325.532,100.0,-33.84394836425781
53.02264666557312,100.0,325.326,100.0,-33.81877899169922
53.054776430130005,100.0,324.954,100.0,-33.76665496826172
53.087793827056885,100.0,324.726,100.0,-33.73938751220703
53.11936163902283,100.0,324.512,100.0,-33.71025848388672
53.15551972389221,100.0,324.302,100.0,-33.6497917175293
53.18370604515076,100.0,324.008,100.0,-33.621463775634766
53.21620535850525,100.0,323.848,100.0,-33.59504699707031
53.250133991241455,100.0,323.665,100.0,-33.569435119628906
53.282360553741455,100.0,323.456,100.0,-33.516117095947266
53.31368088722229,100.0,323.064,100.0,-33.488033294677734
53.34568166732788,100.0,322.901,100.0,-33.45979690551758
53.38071537017822,100.0,322.711,100.0,-33.405120849609375
53.41902780532837,100.0,322.309,100.0,-33.3776741027832
53.45408058166504,100.0,322.089,100.0,-33.318641662597656
53.48614811897278,100.0,321.74,100.0,-33.282203674316406
53.51825428009033,100.0,321.581,100.0,-33.248870849609375
53.550830364227295,100.0,321.224,100.0,-33.2171630859375
53.58224320411682,100.0,321.034,100.0,-33.1646842956543
53.61409544944763,100.0,320.874,100.0,-33.14124298095703
53.64644527435303,100.0,320.694,100.0,-33.117919921875
53.67924189567566,100.0,320.281,100.0,-33.067176818847656
53.71080231666565,100.0,320.055,100.0,-33.04022979736328
53.742918491363525,100.0,319.872,100.0,-33.01137924194336
53.77531361579895,100.0,319.71,100.0,-32.98286437988281
53.80578899383545,100.0,319.509,100.0,-32.92735290527344
53.83750295639038,100.0,319.134,100.0,-32.89960479736328
53.870851278305054,100.0,318.953,100.0,-32.87135314941406
53.903090715408325,100.0,318.795,100.0,-32.84339141845703
53.93452739715576,100.0,318.613,100.0,-32.78975296020508
53.966620683670044,100.0,318.207,100.0,-32.7625617980957
53.9994421005249,100.0,318.011,100.0,-32.73385238647461
54.03123450279236,100.0,317.811,100.0,-32.67558670043945
54.062564849853516,100.0,317.645,100.0,-32.64743423461914
54.09718441963196,100.0,317.484,100.0,-32.62038803100586
54.1305148601532,100.0,316.92,100.0,-32.55818557739258
54.163044929504395,100.0,316.751,100.0,-32.525062561035156
54.19550919532776,100.0,316.567,100.0,-32.5009651184082
54.232072591781616,100.0,316.203,100.0,-32.45018768310547
54.25869369506836,100.0,315.984,100.0,-32.42456817626953
54.290149211883545,100.0,315.772,100.0,-32.39704513549805
54.32237434387207,100.0,315.62,100.0,-32.36833572387695
54.35380744934082,100.0,315.473,100.0,-32.34123229980469
54.38553261756897,100.0,315.154,100.0,-32.29096984863281
54.41843366622925,100.0,314.942,100.0,-32.266265869140625
54.449885845184326,100.0,314.726,100.0,-32.239707946777344
54.48224353790283,100.0,314.532,100.0,-32.18307876586914
54.514535665512085,100.0,314.186,100.0,-32.15617370605469
54.54738736152649,100.0,314.032,100.0,-32.128631591796875
54.579837799072266,100.0,313.811,100.0,-32.074153900146484
54.61205077171326,100.0,313.579,100.0,-32.04408264160156
54.64522194862366,100.0,313.23,100.0,-32.01469039916992
54.67661786079407,100.0,313.089,100.0,-31.986373901367188
54.708526372909546,100.0,312.926,100.0,-31.93428611755371
54.740562915802,100.0,312.766,100.0,-31.90912628173828
54.77325677871704,100.0,312.367,100.0,-31.874370574951172
54.806846380233765,100.0,312.052,100.0,-31.824316024780273
54.83435130119324,100.0,311.907,100.0,-31.799968719482422
54.866493225097656,100.0,311.7,100.0,-31.776508331298828
54.89718842506409,100.0,311.54,100.0,-31.751113891601562
54.93282222747803,100.0,311.341,100.0,-31.699979782104492
54.96232867240906,100.0,311.019,100.0,-31.673870086669922
54.99445343017578,100.0,310.812,100.0,-31.648845672607422
55.02633357048035,100.0,310.649,100.0,-31.622215270996094
55.05798935890198,100.0,310.469,100.0,-31.56991958618164
55.089452505111694,100.0,310.283,100.0,-31.543203353881836
55.12208390235901,100.0,309.955,100.0,-31.517196655273438
55.15739870071411,100.0,309.785,100.0,-31.465871810913086
55.18635630607605,100.0,309.625,100.0,-31.440750122070312
55.218772411346436,100.0,309.428,100.0,-31.41445541381836
55.2506263256073,100.0,309.071,100.0,-31.387622833251953
55.28470969200134,100.0,308.888,100.0,-31.334434509277344
55.314534425735474,100.0,308.711,100.0,-31.307729721069336
55.3406400680542,100.0,308.384,100.0,-31.27475357055664
55.381317138671875,100.0,308.063,100.0,-31.243532180786133
55.41353178024292,100.0,307.883,100.0,-31.193466186523438
55.44517993927002,100.0,307.724,100.0,-31.171096801757812
55.47771739959717,100.0,307.548,100.0,-31.148544311523438
55.510778188705444,100.0,307.165,100.0,-31.100791931152344
55.5362331867218,100.0,306.943,100.0,-31.074878692626953
55.575193643569946,100.0,306.785,100.0,-31.046899795532227
55.607081174850464,100.0,306.621,100.0,-31.0200138092041
55.63948440551758,100.0,306.354,100.0,-30.96979331970215
55.671173334121704,100.0,306.17,100.0,-30.94645881652832
55.70411539077759,100.0,305.996,100.0,-30.92206382751465
55.73671579360962,100.0,305.821,100.0,-30.872108459472656
55.768208026885986,100.0,305.489,100.0,-30.846290588378906
55.79930806159973,100.0,305.321,100.0,-30.821474075317383
55.831565141677856,100.0,305.115,100.0,-30.796592712402344
55.86435508728027,100.0,304.934,100.0,-30.743305206298828
55.90031933784485,100.0,304.453,100.0,-30.71734046936035
55.922261238098145,100.0,304.453,100.0,-30.685070037841797
55.953357219696045,100.0,304.138,100.0,-30.655153274536133
55.985342502593994,100.0,303.987,100.0,-30.599477767944336
56.017271757125854,100.0,303.803,100.0,-30.57996940612793
56.049525022506714,100.0,303.635,100.0,-30.55855941772461
56.0816433429718,100.0,303.421,100.0,-30.53632926940918
56.11327147483826,100.0,303.093,100.0,-30.485881805419922
56.146156311035156,100.0,302.917,100.0,-30.461450576782227
56.17786717414856,100.0,302.764,100.0,-30.436521530151367
56.21061992645264,100.0,302.605,100.0,-30.388015747070312
56.24402141571045,100.0,302.25,100.0,-30.36261749267578
56.27505326271057,100.0,302.089,100.0,-30.337472915649414
56.30641579627991,100.0,301.915,100.0,-30.312610626220703
56.33931350708008,100.0,301.757,100.0,-30.262649536132812
56.38856530189514,100.0,301.42,100.0,-30.21200942993164
56.4192373752594,100.0,301.264,100.0,-30.187652587890625
56.45122170448303,100.0,300.929,100.0,-30.162639617919922
56.48246169090271,100.0,300.699,100.0,-30.138086318969727
56.51490783691406,100.0,300.507,100.0,-30.08293914794922
56.54709339141846,100.0,300.349,100.0,-30.056123733520508
56.57941269874573,100.0,299.874,100.0,-30.02326774597168
56.61075830459595,100.0,299.698,100.0,-29.963172912597656
56.64211177825928,100.0,299.545,100.0,-29.941701889038086
56.6733078956604,100.0,299.383,100.0,-29.920080184936523
56.70529747009277,100.0,299.207,100.0,-29.897945404052734
56.73730278015137,100.0,298.862,100.0,-29.851226806640625
56.76882600784302,100.0,298.674,100.0,-29.826908111572266
56.80082726478577,100.0,298.504,100.0,-29.801555633544922
56.83749032020569,100.0,298.34,100.0,-29.750972747802734
56.86507320404053,100.0,298.175,100.0,-29.72591209411621
56.896854877471924,100.0,297.882,100.0,-29.702163696289062
56.928279399871826,100.0,297.693,100.0,-29.678544998168945
56.95549035072327,100.0,297.536,100.0,-29.6536808013916
56.99029898643494,100.0,297.333,100.0,-29.603063583374023
57.021331787109375,100.0,297.043,100.0,-29.577558517456055
57.055410623550415,100.0,296.876,100.0,-29.55362319946289
57.08598303794861,100.0,296.718,100.0,-29.50542449951172
57.11720371246338,100.0,296.523,100.0,-29.479995727539062
57.14930248260498,100.0,296.338,100.0,-29.45389175415039
57.18140721321106,100.0,295.895,100.0,-29.42239761352539
57.21395254135132,100.0,295.769,100.0,-29.367090225219727
57.24553966522217,100.0,295.621,100.0,-29.34188461303711
57.2777202129364,100.0,295.438,100.0,-29.323760986328125
57.312605142593384,100.0,295.087,100.0,-29.28229522705078
57.341203451156616,100.0,294.925,100.0,-29.259260177612305
57.3739709854126,100.0,294.812,100.0,-29.235950469970703
57.40561318397522,100.0,294.658,100.0,-29.214479446411133
57.43909478187561,100.0,294.503,100.0,-29.17063331604004
57.46408796310425,100.0,294.344,100.0,-29.14816665649414
57.50502943992615,100.0,293.999,100.0,-29.12483787536621
57.5365207195282,100.0,293.852,100.0,-29.077302932739258
57.56928277015686,100.0,293.543,100.0,-29.05426597595215
57.602643966674805,100.0,293.423,100.0,-29.030866622924805
57.636186838150024,100.0,293.277,100.0,-28.987201690673828
57.66879224777222,100.0,293.095,100.0,-28.963958740234375
57.71415305137634,100.0,292.741,100.0,-28.915346145629883
57.74026346206665,100.0,292.563,100.0,-28.889793395996094
57.77294111251831,100.0,292.403,100.0,-28.864574432373047
57.80379509925842,100.0,291.895,100.0,-28.83193016052246
57.83608865737915,100.0,291.73,100.0,-28.771535873413086
57.868698835372925,100.0,291.613,100.0,-28.74513816833496
57.90041542053223,100.0,291.458,100.0,-28.719560623168945
57.93231177330017,100.0,291.344,100.0,-28.701128005981445
57.964768409729004,100.0,291.028,100.0,-28.66465950012207
58.006662368774414,100.0,290.862,100.0,-28.644550323486328
58.03576326370239,100.0,290.682,100.0,-28.623294830322266
58.06565189361572,100.0,290.362,100.0,-28.576953887939453
58.098655462265015,100.0,290.207,100.0,-28.553775787353516
58.13066244125366,100.0,290.01,100.0,-28.53059196472168
58.16458702087402,100.0,289.845,100.0,-28.48065948486328
58.194900035858154,100.0,289.505,100.0,-28.454578399658203
58.22658157348633,100.0,289.382,100.0,-28.429412841796875
58.25892972946167,100.0,289.24,100.0,-28.406057357788086
58.29065823554993,100.0,289.092,100.0,-28.360763549804688
58.322518825531006,100.0,288.949,100.0,-28.338590621948242
58.36563682556152,100.0,288.658,100.0,-28.29486656188965
58.39886832237244,100.0,288.516,100.0,-28.273202896118164
58.42909288406372,100.0,288.516,100.0,-28.2576904296875
58.46062159538269,100.0,288.516,100.0,-28.246915817260742
58.49225044250488,100.0,287.709,100.0,-28.227981567382812
58.51613521575928,100.0,287.523,100.0,-28.193470001220703
58.554542541503906,100.0,287.399,100.0,-28.160072326660156
58.590139389038086,100.0,287.258,100.0,-28.102344512939453
58.61904311180115,100.0,287.107,100.0,-28.07568359375
58.65099000930786,100.0,286.791,100.0,-28.05029296875
58.683918476104736,100.0,286.608,100.0,-28.024635314941406
58.715837240219116,100.0,286.479,100.0,-27.973880767822266
58.74761343002319,100.0,286.331,100.0,-27.950002670288086
58.77923798561096,100.0,286.072,100.0,-27.92704963684082
58.81465935707092,100.0,285.87,100.0,-27.881511688232422
58.843480825424194,100.0,285.745,100.0,-27.8590145111084
58.87568664550781,100.0,285.378,100.0,-27.827457427978516
58.90790677070618,100.0,285.102,100.0,-27.799198150634766
58.939019441604614,100.0,284.941,100.0,-27.74581527709961
58.97064709663391,100.0,284.79,100.0,-27.72040367126465
59.003105878829956,100.0,284.62,100.0,-27.702068328857422
59.04076552391052,100.0,284.437,100.0,-27.660184860229492
59.07216215133667,100.0,284.123,100.0,-27.63812255859375
59.09877920150757,100.0,283.976,100.0,-27.615570068359375
59.12333059310913,100.0,283.832,100.0,-27.593219757080078
59.15462064743042,100.0,283.694,100.0,-27.571144104003906
59.19195604324341,100.0,283.566,100.0,-27.528684616088867
59.21876096725464,100.0,283.231,100.0,-27.50628089904785
59.250884771347046,100.0,283.085,100.0,-27.483640670776367
59.283573150634766,100.0,282.931,100.0,-27.46122932434082
59.31518840789795,100.0,282.801,100.0,-27.416969299316406
59.34735989570618,100.0,282.651,100.0,-27.39512062072754
59.3787624835968,100.0,282.371,100.0,-27.37360382080078
59.411691665649414,100.0,282.247,100.0,-27.35225486755371
59.44409775733948,100.0,282.096,100.0,-27.31074333190918
59.476576805114746,100.0,281.942,100.0,-27.289228439331055
59.50866436958313,100.0,281.613,100.0,-27.267101287841797
59.5407018661499,100.0,281.275,100.0,-27.213207244873047
59.57334804534912,100.0,281.093,100.0,-27.18292999267578
59.597843647003174,100.0,280.971,100.0,-27.155628204345703
59.62205648422241,100.0,280.836,100.0,-27.130102157592773
59.653974294662476,100.0,280.733,100.0,-27.1073055267334
59.6861937046051,100.0,280.625,100.0,-27.090944290161133
59.71837830543518,100.0,280.321,100.0,-27.056819915771484
59.75835657119751,100.0,280.164,100.0,-27.038286209106445
59.78415584564209,100.0,279.998,100.0,-27.018543243408203
59.82367444038391,100.0,279.711,100.0,-26.9764461517334
59.855879068374634,100.0,279.563,100.0,-26.95520782470703
59.89178228378296,100.0,279.442,100.0,-26.913204193115234
59.920249938964844,100.0,279.293,100.0,-26.892229080200195
59.95263195037842,100.0,278.995,100.0,-26.87141227722168
59.98493409156799,100.0,278.822,100.0,-26.84970474243164
60.01686191558838,100.0,278.689,100.0,-26.804656982421875
60.04873299598694,100.0,278.538,100.0,-26.7823486328125
60.08086442947388,100.0,278.285,100.0,-26.760543823242188
60.10579776763916,100.0,278.146,100.0,-26.73992919921875
60.14797377586365,100.0,277.985,100.0,-26.697755813598633
60.17978262901306,100.0,277.837,100.0,-26.676025390625
60.21180057525635,100.0,277.404,100.0,-26.647565841674805
60.243125677108765,100.0,277.404,100.0,-26.602252960205078
60.275306701660156,100.0,277.098,100.0,-26.588672637939453
60.30693292617798,100.0,276.916,100.0,-26.56648063659668
60.34255003929138,100.0,276.583,100.0,-26.517959594726562
60.371257305145264,100.0,276.444,100.0,-26.493637084960938
60.40233397483826,100.0,276.336,100.0,-26.470163345336914
60.435728311538696,100.0,276.22,100.0,-26.44865608215332
60.46708035469055,100.0,276.076,100.0,-26.40775489807129
60.509350299835205,100.0,275.774,100.0,-26.38654327392578
60.543811559677124,100.0,275.623,100.0,-26.34333038330078
60.57217812538147,100.0,275.491,100.0,-26.32212257385254
60.60438060760498,100.0,275.21,100.0,-26.30230712890625
60.63773798942566,100.0,275.084,100.0,-26.280916213989258
60.67828178405762,100.0,274.818,100.0,-26.23998260498047
60.70401048660278,100.0,274.683,100.0,-26.219715118408203
60.73588013648987,100.0,274.49,100.0,-26.19951057434082
60.7693886756897,100.0,274.329,100.0,-26.153823852539062
60.800299882888794,100.0,274.183,100.0,-26.130977630615234
60.83260226249695,100.0,273.988,100.0,-26.106273651123047
60.864795446395874,100.0,273.73,100.0,-26.08416748046875
60.89733338356018,100.0,273.567,100.0,-26.038393020629883
60.9288694858551,100.0,273.408,100.0,-26.021648406982422
60.961177349090576,100.0,273.238,100.0,-26.003185272216797
60.99415040016174,100.0,273.008,100.0,-25.96355438232422
61.02542686462402,100.0,272.884,100.0,-25.94487762451172
61.05794048309326,100.0,272.741,100.0,-25.926353454589844
61.09038162231445,100.0,272.608,100.0,-25.907135009765625
61.12173318862915,100.0,272.256,100.0,-25.86646270751953
61.153289556503296,100.0,272.121,100.0,-25.843761444091797
61.198461294174194,100.0,271.972,100.0,-25.799392700195312
61.221975803375244,100.0,271.864,100.0,-25.778766632080078
61.24833273887634,100.0,271.768,100.0,-25.759902954101562
61.28006625175476,100.0,271.491,100.0,-25.741470336914062
61.312827587127686,100.0,271.368,100.0,-25.721641540527344
61.344759464263916,100.0,271.232,100.0,-25.6826229095459
61.376604318618774,100.0,271.106,100.0,-25.663249969482422
61.40819334983826,100.0,270.822,100.0,-25.643939971923828
61.44547200202942,100.0,270.69,100.0,-25.603378295898438
61.47299551963806,100.0,270.413,100.0,-25.577198028564453
61.504634141922,100.0,270.278,100.0,-25.552377700805664
61.537976026535034,100.0,270.122,100.0,-25.527740478515625
61.56927680969238,100.0,269.871,100.0,-25.486740112304688
61.600947856903076,100.0,269.745,100.0,-25.469839096069336
61.63323521614075,100.0,269.636,100.0,-25.45259666442871
61.670416831970215,100.0,269.503,100.0,-25.418298721313477
61.698198080062866,100.0,269.209,100.0,-25.399253845214844
61.7233829498291,100.0,269.057,100.0,-25.37984275817871
61.74741888046265,100.0,269.057,100.0,-25.359516143798828
61.77944540977478,100.0,268.797,100.0,-25.339448928833008
61.81201648712158,100.0,268.689,100.0,-25.31949234008789
61.84565544128418,100.0,268.558,100.0,-25.281536102294922
61.87667393684387,100.0,268.406,100.0,-25.261478424072266
61.904881954193115,100.0,268.269,100.0,-25.241275787353516
61.94575333595276,100.0,267.964,100.0,-25.19818878173828
61.978729009628296,100.0,267.853,100.0,-25.178058624267578
62.00965213775635,100.0,267.615,100.0,-25.157432556152344
62.04158139228821,100.0,267.349,100.0,-25.138690948486328
62.07427144050598,100.0,267.246,100.0,-25.091838836669922
62.105096101760864,100.0,267.246,100.0,-25.07571029663086
62.13786172866821,100.0,266.974,100.0,-25.052898406982422
62.16927766799927,100.0,266.677,100.0,-25.00751304626465
62.20131301879883,100.0,266.555,100.0,-24.9909610748291
62.23059797286987,100.0,266.415,100.0,-24.974136352539062
62.2717809677124,100.0,266.192,100.0,-24.940216064453125
62.3022186756134,100.0,266.033,100.0,-24.9228515625
62.33444023132324,100.0,265.896,100.0,-24.90379524230957
62.36715364456177,100.0,265.725,100.0,-24.88434600830078
62.39890432357788,100.0,265.462,100.0,-24.842239379882812
62.4315664768219,100.0,265.338,100.0,-24.821645736694336
62.463032245635986,100.0,265.2,100.0,-24.801565170288086
62.49719452857971,100.0,265.087,100.0,-24.761932373046875
62.527522563934326,100.0,264.878,100.0,-24.743350982666016
62.559253454208374,100.0,264.786,100.0,-24.725921630859375
62.59942102432251,100.0,264.644,100.0,-24.69209098815918
62.63286471366882,100.0,264.339,100.0,-24.6733455657959
62.67181730270386,100.0,264.204,100.0,-24.633108139038086
62.70443296432495,100.0,264.064,100.0,-24.612659454345703
62.736899614334106,100.0,263.684,100.0,-24.588346481323242
62.773213148117065,100.0,263.554,100.0,-24.541061401367188
62.80154776573181,100.0,263.385,100.0,-24.517173767089844
62.8332781791687,100.0,263.249,100.0,-24.49407958984375
62.86490511894226,100.0,263.125,100.0,-24.477317810058594
62.897788763046265,100.0,262.904,100.0,-24.442827224731445
62.92849826812744,100.0,262.793,100.0,-24.426441192626953
62.96103382110596,100.0,262.664,100.0,-24.410165786743164
62.996426582336426,100.0,262.53,100.0,-24.37550163269043
63.024980783462524,100.0,262.252,100.0,-24.357250213623047
63.05706739425659,100.0,262.141,100.0,-24.338064193725586
63.0888135433197,100.0,262.04,100.0,-24.319583892822266
63.12325143814087,100.0,261.917,100.0,-24.284374237060547
63.172627449035645,100.0,261.636,100.0,-24.246585845947266
63.20035791397095,100.0,261.501,100.0,-24.227014541625977
63.231903076171875,100.0,261.244,100.0,-24.206758499145508
63.26372838020325,100.0,261.098,100.0,-24.187442779541016
63.296114683151245,100.0,260.974,100.0,-24.147687911987305
63.33643341064453,100.0,260.862,100.0,-24.128768920898438
63.361069202423096,100.0,260.616,100.0,-24.104829788208008
63.39839768409729,100.0,260.331,100.0,-24.0580997467041
63.42652654647827,100.0,260.199,100.0,-24.03580665588379
63.45805811882019,100.0,260.04,100.0,-24.012958526611328
63.49062705039978,100.0,259.941,100.0,-23.996370315551758
63.52225732803345,100.0,259.748,100.0,-23.96493911743164
63.554240226745605,100.0,259.654,100.0,-23.95016098022461
63.58641982078552,100.0,259.506,100.0,-23.93581771850586
63.61822557449341,100.0,259.368,100.0,-23.919523239135742
63.65032362937927,100.0,259.089,100.0,-23.88340187072754
63.6823513507843,100.0,258.977,100.0,-23.864452362060547
63.71540117263794,100.0,258.833,100.0,-23.846086502075195
63.747138023376465,100.0,258.74,100.0,-23.80901527404785
63.779523611068726,100.0,258.542,100.0,-23.79287338256836
63.81085801124573,100.0,258.442,100.0,-23.77642059326172
63.85574698448181,100.0,258.316,100.0,-23.74382209777832
63.88778281211853,100.0,258.018,100.0,-23.725481033325195
63.91979742050171,100.0,257.883,100.0,-23.706167221069336
63.95126175880432,100.0,257.729,100.0,-23.66583824157715
63.982933044433594,100.0,257.577,100.0,-23.644432067871094
64.01507210731506,100.0,257.247,100.0,-23.624454498291016
64.04950428009033,100.0,257.142,100.0,-23.578662872314453
64.08921551704407,100.0,257.013,100.0,-23.557340621948242
64.12065267562866,100.0,256.734,100.0,-23.536212921142578
64.15318727493286,100.0,256.604,100.0,-23.4993953704834
64.18468570709229,100.0,256.497,100.0,-23.483016967773438
64.21754240989685,100.0,256.368,100.0,-23.46688461303711
64.25109648704529,100.0,256.154,100.0,-23.433006286621094
64.28099966049194,100.0,256.027,100.0,-23.416824340820312
64.31337428092957,100.0,255.944,100.0,-23.39996910095215
64.34607696533203,100.0,255.821,100.0,-23.384431838989258
64.37338542938232,100.0,255.7,100.0,-23.35157012939453
64.40475845336914,100.0,255.418,100.0,-23.333269119262695
64.43564200401306,100.0,255.277,100.0,-23.314613342285156
64.46807169914246,100.0,255.143,100.0,-23.295225143432617
64.50030541419983,100.0,255.048,100.0,-23.257341384887695
64.533203125,100.0,254.882,100.0,-23.237247467041016
64.56438755989075,100.0,254.605,100.0,-23.21810531616211
64.59738183021545,100.0,254.447,100.0,-23.197227478027344
64.62855911254883,100.0,254.37,100.0,-23.15634536743164
64.66071510314941,100.0,254.257,100.0,-23.137834548950195
64.69231581687927,100.0,253.93,100.0,-23.116376876831055
64.72555017471313,100.0,253.795,100.0,-23.074180603027344
64.75638222694397,100.0,253.68,100.0,-23.058944702148438
64.78946924209595,100.0,253.557,100.0,-23.043354034423828
64.81432557106018,100.0,253.442,100.0,-23.027135848999023
64.8450562953949,100.0,253.365,100.0,-23.010761260986328
64.8774642944336,100.0,253.223,100.0,-22.979331970214844
64.90735697746277,100.0,252.974,100.0,-22.96290397644043
64.93845987319946,100.0,252.828,100.0,-22.945322036743164
64.97009992599487,100.0,252.722,100.0,-22.926549911499023
65.00132822990417,100.0,252.57,100.0,-22.889179229736328
65.03417181968689,100.0,252.436,100.0,-22.869543075561523
65.06542730331421,100.0,252.149,100.0,-22.84902572631836
65.10140919685364,100.0,251.973,100.0,-22.80600357055664
65.13055562973022,100.0,251.875,100.0,-22.78557586669922
65.16258406639099,100.0,251.764,100.0,-22.766122817993164
65.19444704055786,100.0,251.566,100.0,-22.74885368347168
65.22720050811768,100.0,251.438,100.0,-22.71356773376465
65.25971817970276,100.0,251.329,100.0,-22.696184158325195
65.29093551635742,100.0,251.2,100.0,-22.683731079101562
65.32834911346436,100.0,250.979,100.0,-22.654155731201172
65.35553503036499,100.0,250.862,100.0,-22.639415740966797
65.38749551773071,100.0,250.716,100.0,-22.624038696289062
65.43579006195068,100.0,250.424,100.0,-22.58843421936035
65.46828126907349,100.0,250.283,100.0,-22.56899642944336
65.49745154380798,100.0,250.176,100.0,-22.548973083496094
65.53225493431091,100.0,249.989,100.0,-22.512378692626953
65.56334948539734,100.0,249.892,100.0,-22.495677947998047
65.5966682434082,100.0,249.772,100.0,-22.47963523864746
65.62842631340027,100.0,249.681,100.0,-22.447481155395508
65.6599850654602,100.0,249.566,100.0,-22.43147850036621
65.69188714027405,100.0,249.343,100.0,-22.415491104125977
65.72282242774963,100.0,249.087,100.0,-22.399219512939453
65.75476217269897,100.0,248.931,100.0,-22.353837966918945
65.78689813613892,100.0,248.835,100.0,-22.332988739013672
65.81971073150635,100.0,248.751,100.0,-22.314298629760742
65.85159277915955,100.0,248.499,100.0,-22.285032272338867
65.88361811637878,100.0,248.395,100.0,-22.269495010375977
65.91588139533997,100.0,248.241,100.0,-22.25404930114746
65.94639086723328,100.0,248.124,100.0,-22.236568450927734
65.9722547531128,100.0,248.028,100.0,-22.21906280517578
66.00403618812561,100.0,247.822,100.0,-22.184720993041992
66.03607296943665,100.0,247.735,100.0,-22.1690616607666
66.06790447235107,100.0,247.592,100.0,-22.154218673706055
66.09950709342957,100.0,247.462,100.0,-22.137649536132812
66.13163900375366,100.0,247.347,100.0,-22.102935791015625
66.16146063804626,100.0,247.124,100.0,-22.084884643554688
66.20481634140015,100.0,247.03,100.0,-22.05193519592285
66.23706650733948,100.0,246.902,100.0,-22.0350341796875
66.26754856109619,100.0,246.679,100.0,-22.018882751464844
66.30039858818054,100.0,246.549,100.0,-22.001924514770508
66.3327751159668,100.0,246.288,100.0,-21.960540771484375
66.36435151100159,100.0,246.16,100.0,-21.937744140625
66.3969578742981,100.0,245.912,100.0,-21.91559600830078
66.42979073524475,100.0,245.771,100.0,-21.87318992614746
66.4621467590332,100.0,245.659,100.0,-21.85301399230957
66.48740196228027,100.0,245.569,100.0,-21.834625244140625
66.51894760131836,100.0,245.479,100.0,-21.821399688720703
66.55159568786621,100.0,245.291,100.0,-21.795955657958984
66.5834002494812,100.0,245.166,100.0,-21.782716751098633
66.61513781547546,100.0,245.055,100.0,-21.768156051635742
66.64726662635803,100.0,244.933,100.0,-21.753149032592773
66.6799213886261,100.0,244.802,100.0,-21.720481872558594
66.71150207519531,100.0,244.563,100.0,-21.70411491394043
66.74315810203552,100.0,244.452,100.0,-21.68655776977539
66.78118133544922,100.0,244.362,100.0,-21.652921676635742
66.82466244697571,100.0,244.145,100.0,-21.63655662536621
66.85593581199646,100.0,244.019,100.0,-21.603412628173828
66.8885977268219,100.0,243.889,100.0,-21.585750579833984
66.93008136749268,100.0,243.637,100.0,-21.54999542236328
66.96195912361145,100.0,243.514,100.0,-21.531391143798828
66.99412417411804,100.0,243.295,100.0,-21.51392364501953
67.01449465751648,100.0,243.295,100.0,-21.49612045288086
67.05504941940308,100.0,243.019,100.0,-21.459697723388672
67.08733987808228,100.0,242.891,100.0,-21.43996810913086
67.11768770217896,100.0,242.809,100.0,-21.422195434570312
67.15098690986633,100.0,242.531,100.0,-21.40371322631836
67.18160057067871,100.0,242.416,100.0,-21.370317459106445
67.21326994895935,100.0,242.295,100.0,-21.35556983947754
67.24612379074097,100.0,242.161,100.0,-21.340007781982422
67.28085565567017,100.0,242.031,100.0,-21.305768966674805
67.30973982810974,100.0,241.769,100.0,-21.28878402709961
67.34128665924072,100.0,241.625,100.0,-21.269927978515625
67.37346744537354,100.0,241.512,100.0,-21.25021743774414
67.40560913085938,100.0,241.389,100.0,-21.212173461914062
67.43844270706177,100.0,241.163,100.0,-21.193143844604492
67.47017455101013,100.0,241.042,100.0,-21.1751708984375
67.50742077827454,100.0,240.931,100.0,-21.13947868347168
67.53482747077942,100.0,240.827,100.0,-21.122400283813477
67.56601047515869,100.0,240.641,100.0,-21.105772018432617
67.5988621711731,100.0,240.495,100.0,-21.090412139892578
67.633065700531,100.0,240.374,100.0,-21.055984497070312
67.66378951072693,100.0,240.261,100.0,-21.038747787475586
67.69640874862671,100.0,240.024,100.0,-21.020679473876953
67.72784233093262,100.0,239.823,100.0,-21.003353118896484
67.7601318359375,100.0,239.739,100.0,-20.96368408203125
67.7928454875946,100.0,239.631,100.0,-20.945589065551758
67.82405090332031,100.0,239.385,100.0,-20.9272518157959
67.85793280601501,100.0,239.26,100.0,-20.890554428100586
67.88786792755127,100.0,239.123,100.0,-20.871503829956055
67.91845488548279,100.0,239.019,100.0,-20.85772705078125
67.95082592964172,100.0,238.915,100.0,-20.843656539916992
67.98332667350769,100.0,238.767,100.0,-20.815248489379883
68.01585245132446,100.0,238.663,100.0,-20.802993774414062
68.04643106460571,100.0,238.553,100.0,-20.7900447845459
68.07322931289673,100.0,238.435,100.0,-20.776290893554688
68.1085193157196,100.0,238.299,100.0,-20.745330810546875
68.13682985305786,100.0,238.073,100.0,-20.728343963623047
68.16918158531189,100.0,237.96,100.0,-20.71186637878418
68.20165061950684,100.0,237.843,100.0,-20.695240020751953
68.23426938056946,100.0,237.75,100.0,-20.662214279174805
68.26668405532837,100.0,237.657,100.0,-20.646713256835938
68.30876755714417,100.0,237.407,100.0,-20.613197326660156
68.34081387519836,100.0,237.286,100.0,-20.595823287963867
68.37189865112305,100.0,236.926,100.0,-20.57649803161621
68.40317821502686,100.0,236.821,100.0,-20.554075241088867
68.43587875366211,100.0,236.726,100.0,-20.514013290405273
68.46714234352112,100.0,236.624,100.0,-20.49580192565918
68.49965643882751,100.0,236.537,100.0,-20.478994369506836
68.53478050231934,100.0,236.314,100.0,-20.445707321166992
68.5652232170105,100.0,236.19,100.0,-20.43366241455078
68.5893177986145,100.0,236.062,100.0,-20.42005157470703
68.63066339492798,100.0,235.863,100.0,-20.405046463012695
68.66249060630798,100.0,235.771,100.0,-20.37470245361328
68.69433498382568,100.0,235.656,100.0,-20.360403060913086
68.72648525238037,100.0,235.58,100.0,-20.34538459777832
68.75996565818787,100.0,235.483,100.0,-20.31743812561035
68.79109930992126,100.0,235.269,100.0,-20.30443572998047
68.82262372970581,100.0,235.139,100.0,-20.28925895690918
68.85462546348572,100.0,235.022,100.0,-20.27289581298828
68.88731074333191,100.0,234.862,100.0,-20.237340927124023
68.91868615150452,100.0,234.66,100.0,-20.220521926879883
68.95092368125916,100.0,234.543,100.0,-20.202991485595703
68.98445010185242,100.0,234.482,100.0,-20.170059204101562
69.01822400093079,100.0,234.391,100.0,-20.15525245666504
69.05802965164185,100.0,234.24,100.0,-20.12893295288086
69.08318567276001,100.0,234.001,100.0,-20.109622955322266
69.11408829689026,100.0,233.86,100.0,-20.089609146118164
69.14788126945496,100.0,233.767,100.0,-20.071083068847656
69.18031430244446,100.0,233.554,100.0,-20.054433822631836
69.21195602416992,100.0,233.459,100.0,-20.01983642578125
69.24321055412292,100.0,233.35,100.0,-20.00311279296875
69.27560448646545,100.0,233.199,100.0,-19.984722137451172
69.30722951889038,100.0,233.028,100.0,-19.97138214111328
69.33993363380432,100.0,232.904,100.0,-19.94557762145996
69.37216353416443,100.0,232.856,100.0,-19.93132781982422
69.40324759483337,100.0,232.743,100.0,-19.919137954711914
69.43668794631958,100.0,232.493,100.0,-19.89056396484375
69.46823167800903,100.0,232.37,100.0,-19.874855041503906
69.50094771385193,100.0,232.27,100.0,-19.858360290527344
69.53360414505005,100.0,232.211,100.0,-19.828102111816406
69.56592607498169,100.0,232.146,100.0,-19.81527328491211
69.59729290008545,100.0,231.916,100.0,-19.80138397216797
69.62981843948364,100.0,231.802,100.0,-19.786579132080078
69.66042995452881,100.0,231.671,100.0,-19.754526138305664
69.68846774101257,100.0,231.554,100.0,-19.737567901611328
69.72221159934998,100.0,231.352,100.0,-19.71678924560547
69.75206589698792,100.0,231.183,100.0,-19.696931838989258
69.79346966743469,100.0,231.044,100.0,-19.66183090209961
69.8239803314209,100.0,230.952,100.0,-19.644821166992188
69.85613012313843,100.0,230.855,100.0,-19.632535934448242
69.88892483711243,100.0,230.633,100.0,-19.6055850982666
69.92097353935242,100.0,230.512,100.0,-19.591341018676758
69.95268225669861,100.0,230.363,100.0,-19.576078414916992
69.98451328277588,100.0,230.257,100.0,-19.541908264160156
70.01694250106812,100.0,230.062,100.0,-19.524478912353516
70.04891109466553,100.0,229.976,100.0,-19.508821487426758
70.08094048500061,100.0,229.887,100.0,-19.493946075439453
70.1130211353302,100.0,229.824,100.0,-19.46660614013672
70.14491581916809,100.0,229.631,100.0,-19.452978134155273
70.17646932601929,100.0,229.523,100.0,-19.43960952758789
70.2061676979065,100.0,229.416,100.0,-19.42555046081543
70.23751497268677,100.0,229.336,100.0,-19.397184371948242
70.26936435699463,100.0,229.238,100.0,-19.38319206237793
70.3021023273468,100.0,228.878,100.0,-19.368589401245117
70.33438873291016,100.0,228.737,100.0,-19.34755516052246
70.36475706100464,100.0,228.631,100.0,-19.306018829345703
70.3975727558136,100.0,228.546,100.0,-19.287708282470703
70.44015955924988,100.0,228.36,100.0,-19.25409698486328
70.48058581352234,100.0,228.271,100.0,-19.238603591918945
70.51189494132996,100.0,228.012,100.0,-19.214542388916016
70.54437398910522,100.0,227.904,100.0,-19.199703216552734
70.57743835449219,100.0,227.783,100.0,-19.184526443481445
70.61058378219604,100.0,227.713,100.0,-19.154067993164062
70.64091658592224,100.0,227.57,100.0,-19.140893936157227
70.673419713974,100.0,227.49,100.0,-19.128337860107422
70.70431017875671,100.0,227.392,100.0,-19.11608123779297
70.73089408874512,100.0,227.277,100.0,-19.103290557861328
70.7706561088562,100.0,227.032,100.0,-19.07392120361328
70.80322504043579,100.0,226.926,100.0,-19.05793571472168
70.83586382865906,100.0,226.822,100.0,-19.025951385498047
70.86706638336182,100.0,226.767,100.0,-19.012096405029297
70.89950799942017,100.0,226.558,100.0,-18.99848747253418
70.93100643157959,100.0,226.502,100.0,-18.98367691040039
70.96332502365112,100.0,226.406,100.0,-18.957353591918945
70.99587488174438,100.0,226.185,100.0,-18.93856430053711
71.02779936790466,100.0,225.904,100.0,-18.91864585876465
71.05793333053589,100.0,225.803,100.0,-18.898422241210938
71.09069108963013,100.0,225.697,100.0,-18.86101531982422
71.12239980697632,100.0,225.589,100.0,-18.847675323486328
71.15451049804688,100.0,225.501,100.0,-18.833669662475586
71.18831086158752,100.0,225.356,100.0,-18.806921005249023
71.23001289367676,100.0,225.281,100.0,-18.794872283935547
71.2559757232666,100.0,225.159,100.0,-18.783218383789062
71.28823018074036,100.0,225.036,100.0,-18.75519561767578
71.31971383094788,100.0,224.785,100.0,-18.738622665405273
71.35147500038147,100.0,224.675,100.0,-18.722063064575195
71.38353776931763,100.0,224.568,100.0,-18.70543670654297
71.41464853286743,100.0,224.491,100.0,-18.673669815063477
71.44763922691345,100.0,224.365,100.0,-18.65880584716797
71.47997498512268,100.0,224.324,100.0,-18.64673614501953
71.51137018203735,100.0,224.212,100.0,-18.624643325805664
71.5431399345398,100.0,224.181,100.0,-18.614959716796875
71.57458996772766,100.0,223.88,100.0,-18.601215362548828
71.60651850700378,100.0,223.782,100.0,-18.585710525512695
71.63900780677795,100.0,223.613,100.0,-18.552146911621094
71.66911268234253,100.0,223.452,100.0,-18.532072067260742
71.70013427734375,100.0,223.372,100.0,-18.513975143432617
71.73263335227966,100.0,223.226,100.0,-18.497758865356445
71.76546835899353,100.0,223.15,100.0,-18.46906280517578
71.81565952301025,100.0,222.952,100.0,-18.44122314453125
71.84400749206543,100.0,222.857,100.0,-18.426923751831055
71.87645745277405,100.0,222.74,100.0,-18.411746978759766
71.90938091278076,100.0,222.54,100.0,-18.395347595214844
71.94140028953552,100.0,222.4,100.0,-18.363983154296875
71.97340798377991,100.0,222.295,100.0,-18.34758758544922
72.00524759292603,100.0,222.204,100.0,-18.33189582824707
72.04046678543091,100.0,222.021,100.0,-18.304380416870117
72.0690324306488,100.0,221.942,100.0,-18.29323959350586
72.10140132904053,100.0,221.843,100.0,-18.282100677490234
72.13267636299133,100.0,221.723,100.0,-18.270109176635742
72.16585159301758,100.0,221.508,100.0,-18.242856979370117
72.19662833213806,100.0,221.407,100.0,-18.22797966003418
72.22831583023071,100.0,221.323,100.0,-18.212993621826172
72.26017427444458,100.0,221.195,100.0,-18.198637008666992
72.29274868965149,100.0,221.116,100.0,-18.1682186126709
72.33127927780151,100.0,220.947,100.0,-18.154298782348633
72.3639702796936,100.0,220.881,100.0,-18.12786865234375
72.39570784568787,100.0,220.754,100.0,-18.113510131835938
72.42793488502502,100.0,220.568,100.0,-18.09967803955078
72.45979809761047,100.0,220.47,100.0,-18.08541488647461
72.49089026451111,100.0,220.391,100.0,-18.05733871459961
72.52404165267944,100.0,220.271,100.0,-18.042470932006836
72.55493998527527,100.0,220.005,100.0,-18.028581619262695
72.58878493309021,100.0,219.923,100.0,-17.993972778320312
72.61772298812866,100.0,219.831,100.0,-17.978046417236328
72.64163422584534,100.0,219.724,100.0,-17.962020874023438
72.6696240901947,100.0,219.662,100.0,-17.94780921936035
72.70255494117737,100.0,219.557,100.0,-17.933198928833008
72.73497200012207,100.0,219.342,100.0,-17.917858123779297
72.76686429977417,100.0,219.25,100.0,-17.891555786132812
72.7980101108551,100.0,219.14,100.0,-17.87995147705078
72.8422737121582,100.0,219.039,100.0,-17.85373306274414
72.8710286617279,100.0,218.826,100.0,-17.840099334716797
72.90233135223389,100.0,218.751,100.0,-17.825397491455078
72.93461871147156,100.0,218.683,100.0,-17.81163215637207
72.96650195121765,100.0,218.608,100.0,-17.786632537841797
72.99902939796448,100.0,218.54,100.0,-17.77504539489746
73.0317440032959,100.0,218.349,100.0,-17.763042449951172
73.06295847892761,100.0,218.233,100.0,-17.7502498626709
73.096116065979,100.0,218.145,100.0,-17.722383499145508
73.12834882736206,100.0,217.94,100.0,-17.70909881591797
73.16111779212952,100.0,217.731,100.0,-17.694259643554688
73.19298577308655,100.0,217.627,100.0,-17.6560115814209
73.22432327270508,100.0,217.561,100.0,-17.6395206451416
73.25630760192871,100.0,217.481,100.0,-17.624181747436523
73.28699231147766,100.0,217.312,100.0,-17.610368728637695
73.31886458396912,100.0,217.205,100.0,-17.589202880859375
73.34357070922852,100.0,217.099,100.0,-17.57675552368164
73.37254238128662,100.0,216.99,100.0,-17.56342124938965
73.40472364425659,100.0,216.88,100.0,-17.549272537231445
73.43715023994446,100.0,216.821,100.0,-17.53445053100586
73.46920704841614,100.0,216.622,100.0,-17.507675170898438
73.50144028663635,100.0,216.552,100.0,-17.49367332458496
73.53417682647705,100.0,216.458,100.0,-17.48064613342285
73.56921696662903,100.0,216.373,100.0,-17.454259872436523
73.59849882125854,100.0,216.186,100.0,-17.440662384033203
73.62999057769775,100.0,216.071,100.0,-17.427223205566406
73.66209363937378,100.0,215.981,100.0,-17.412731170654297
73.69466590881348,100.0,215.903,100.0,-17.384912490844727
73.72691988945007,100.0,215.793,100.0,-17.37053871154785
73.75989127159119,100.0,215.654,100.0,-17.357219696044922
73.79379034042358,100.0,215.553,100.0,-17.33161163330078
73.8238217830658,100.0,215.386,100.0,-17.31515884399414
73.85567331314087,100.0,215.267,100.0,-17.30316734313965
73.88865637779236,100.0,215.2,100.0,-17.28963279724121
73.92240595817566,100.0,214.991,100.0,-17.264495849609375
73.95487594604492,100.0,214.899,100.0,-17.250320434570312
73.98758268356323,100.0,214.774,100.0,-17.23621940612793
74.01976490020752,100.0,214.57,100.0,-17.204421997070312
74.04412508010864,100.0,214.57,100.0,-17.18910026550293
74.07623863220215,100.0,214.401,100.0,-17.174598693847656
74.10735440254211,100.0,214.326,100.0,-17.16043472290039
74.13906192779541,100.0,214.242,100.0,-17.147083282470703
74.17197799682617,100.0,214.146,100.0,-17.120559692382812
74.203937292099,100.0,213.997,100.0,-17.108531951904297
74.23593807220459,100.0,213.916,100.0,-17.09610366821289
74.2684257030487,100.0,213.83,100.0,-17.07144546508789
74.3008816242218,100.0,213.728,100.0,-17.058311462402344
74.33212852478027,100.0,213.447,100.0,-17.045007705688477
74.36489915847778,100.0,213.293,100.0,-17.027503967285156
74.39615607261658,100.0,213.235,100.0,-16.991628646850586
74.42368507385254,100.0,213.088,100.0,-16.973379135131836
74.4639220237732,100.0,212.991,100.0,-16.957643508911133
74.49628806114197,100.0,212.873,100.0,-16.93524932861328
74.52873682975769,100.0,212.804,100.0,-16.923845291137695
74.5605947971344,100.0,212.688,100.0,-16.912879943847656
74.59661269187927,100.0,212.487,100.0,-16.88730239868164
74.62533402442932,100.0,212.38,100.0,-16.873510360717773
74.65588307380676,100.0,212.279,100.0,-16.85907745361328
74.68978548049927,100.0,212.139,100.0,-16.844406127929688
74.7152202129364,100.0,212.046,100.0,-16.827913284301758
74.74699807167053,100.0,211.976,100.0,-16.797489166259766
74.77921438217163,100.0,211.879,100.0,-16.785470962524414
74.81015968322754,100.0,211.815,100.0,-16.7744083404541
74.84611487388611,100.0,211.749,100.0,-16.753734588623047
74.87548065185547,100.0,211.626,100.0,-16.741424560546875
74.90671563148499,100.0,211.463,100.0,-16.73000717163086
74.93890976905823,100.0,211.259,100.0,-16.717639923095703
74.97089219093323,100.0,211.17,100.0,-16.683691024780273
75.00370168685913,100.0,211.073,100.0,-16.66756248474121
75.03612422943115,100.0,210.96,100.0,-16.651071548461914
75.07059097290039,100.0,210.783,100.0,-16.620546340942383
75.10036659240723,100.0,210.69,100.0,-16.605609893798828
75.13148713111877,100.0,210.596,100.0,-16.59481430053711
75.16397023200989,100.0,210.51,100.0,-16.583267211914062
75.19604921340942,100.0,210.306,100.0,-16.55845069885254
75.22780513763428,100.0,210.233,100.0,-16.545166015625
75.25999355316162,100.0,210.146,100.0,-16.532550811767578
75.2962396144867,100.0,210.089,100.0,-16.50837516784668
75.32411551475525,100.0,209.907,100.0,-16.496845245361328
75.35762429237366,100.0,209.842,100.0,-16.48435401916504
75.3886079788208,100.0,209.76,100.0,-16.47266387939453
75.42938375473022,100.0,209.76,100.0,-16.452451705932617
75.46130609512329,100.0,209.76,100.0,-16.446617126464844
75.49759221076965,100.0,209.412,100.0,-16.42580223083496
75.54656934738159,100.0,209.237,100.0,-16.39470100402832
75.5784900188446,100.0,209.131,100.0,-16.378755569458008
75.61014223098755,100.0,209.06,100.0,-16.364110946655273
75.64209151268005,100.0,208.833,100.0,-16.3472900390625
75.67422461509705,100.0,208.768,100.0,-16.322784423828125
75.70604944229126,100.0,208.67,100.0,-16.311323165893555
75.73848867416382,100.0,208.589,100.0,-16.299036026000977
75.7713873386383,100.0,208.522,100.0,-16.275238037109375
75.80156087875366,100.0,208.326,100.0,-16.263477325439453
75.8341166973114,100.0,208.26,100.0,-16.25031280517578
75.8661949634552,100.0,208.156,100.0,-16.238035202026367
75.89791893959045,100.0,208.047,100.0,-16.210752487182617
75.92987704277039,100.0,207.901,100.0,-16.1976318359375
75.9623703956604,100.0,207.837,100.0,-16.184932708740234
75.99755525588989,100.0,207.757,100.0,-16.161279678344727
76.02331447601318,100.0,207.684,100.0,-16.14974594116211
76.05475997924805,100.0,207.598,100.0,-16.137889862060547
76.08688163757324,100.0,207.4,100.0,-16.12518882751465
76.12316846847534,100.0,207.25,100.0,-16.096031188964844
76.17544507980347,100.0,207.076,100.0,-16.065675735473633
76.20554637908936,100.0,206.993,100.0,-16.05154037475586
76.23872995376587,100.0,206.883,100.0,-16.03668975830078
76.27054977416992,100.0,206.753,100.0,-16.010786056518555
76.3022027015686,100.0,206.679,100.0,-15.998735427856445
76.33469033241272,100.0,206.603,100.0,-15.990120887756348
76.36687421798706,100.0,206.515,100.0,-15.980963706970215
76.39985918998718,100.0,206.374,100.0,-15.960658073425293
76.43107175827026,100.0,206.302,100.0,-15.950568199157715
76.46316981315613,100.0,206.249,100.0,-15.940391540527344
76.4958610534668,100.0,206.165,100.0,-15.920733451843262
76.52773308753967,100.0,205.965,100.0,-15.908761978149414
76.56693649291992,100.0,205.849,100.0,-15.896431922912598
76.59946370124817,100.0,205.741,100.0,-15.868091583251953
76.63124775886536,100.0,205.565,100.0,-15.853310585021973
76.66326880455017,100.0,205.484,100.0,-15.83929443359375
76.69691157341003,100.0,205.413,100.0,-15.812887191772461
76.72961235046387,100.0,205.361,100.0,-15.80145263671875
76.76106071472168,100.0,205.238,100.0,-15.790712356567383
76.7933452129364,100.0,205.065,100.0,-15.780462265014648
76.82469487190247,100.0,205.065,100.0,-15.75533390045166
76.85707116127014,100.0,204.842,100.0,-15.738432884216309
76.90742683410645,100.0,204.659,100.0,-15.706396102905273
76.9390721321106,100.0,204.584,100.0,-15.691776275634766
76.97079277038574,100.0,204.458,100.0,-15.678396224975586
77.00359106063843,100.0,204.394,100.0,-15.657520294189453
77.03598594665527,100.0,204.331,100.0,-15.648785591125488
77.06849122047424,100.0,204.258,100.0,-15.640058517456055
77.09825301170349,100.0,204.085,100.0,-15.621317863464355
77.13153314590454,100.0,203.986,100.0,-15.61042594909668
77.16492247581482,100.0,203.906,100.0,-15.598475456237793
77.19660234451294,100.0,203.818,100.0,-15.574172973632812
77.22810959815979,100.0,203.668,100.0,-15.561783790588379
77.2603611946106,100.0,203.61,100.0,-15.550021171569824
77.29238843917847,100.0,203.515,100.0,-15.539119720458984
77.32480072975159,100.0,203.445,100.0,-15.515897750854492
77.35594773292542,100.0,203.344,100.0,-15.503445625305176
77.38883185386658,100.0,203.157,100.0,-15.489069938659668
77.4197723865509,100.0,202.99,100.0,-15.476110458374023
77.45166778564453,100.0,202.934,100.0,-15.445335388183594
77.48453402519226,100.0,202.83,100.0,-15.430510520935059
77.51569986343384,100.0,202.703,100.0,-15.417533874511719
77.54866218566895,100.0,202.627,100.0,-15.392834663391113
77.58114409446716,100.0,202.559,100.0,-15.381227493286133
77.60641884803772,100.0,202.473,100.0,-15.369312286376953
77.63893389701843,100.0,202.384,100.0,-15.357028007507324
77.67047786712646,100.0,202.202,100.0,-15.34819507598877
77.70253562927246,100.0,202.083,100.0,-15.32726764678955
77.73431873321533,100.0,202.056,100.0,-15.314491271972656
77.76692605018616,100.0,201.985,100.0,-15.304119110107422
77.79841089248657,100.0,201.901,100.0,-15.282849311828613
77.8309645652771,100.0,201.727,100.0,-15.272690773010254
77.86370277404785,100.0,201.626,100.0,-15.260501861572266
77.89493870735168,100.0,201.552,100.0,-15.247457504272461
77.92815494537354,100.0,201.441,100.0,-15.2211332321167
77.95966935157776,100.0,201.275,100.0,-15.207395553588867
77.9916124343872,100.0,201.185,100.0,-15.194178581237793
78.02387547492981,100.0,201.114,100.0,-15.168168067932129
78.05643153190613,100.0,201.031,100.0,-15.155549049377441
78.08741617202759,100.0,200.793,100.0,-15.142038345336914
78.11868858337402,100.0,200.734,100.0,-15.126665115356445
78.1549084186554,100.0,200.716,100.0,-15.102285385131836
78.18592095375061,100.0,200.633,100.0,-15.091215133666992
78.2184145450592,100.0,200.491,100.0,-15.080674171447754
78.24980473518372,100.0,200.372,100.0,-15.057172775268555
78.28229713439941,100.0,200.302,100.0,-15.048006057739258
78.31607675552368,100.0,200.212,100.0,-15.038622856140137
78.35143423080444,100.0,200.11,100.0,-15.016523361206055
78.3794333934784,100.0,199.961,100.0,-15.005748748779297
78.41131043434143,100.0,199.873,100.0,-14.994132041931152
78.4430284500122,100.0,199.827,100.0,-14.982074737548828
78.47512435913086,100.0,199.723,100.0,-14.959468841552734
78.50683403015137,100.0,199.601,100.0,-14.948394775390625
78.53840351104736,100.0,199.529,100.0,-14.937763214111328
78.5709936618805,100.0,199.457,100.0,-14.927132606506348
78.60330581665039,100.0,199.366,100.0,-14.905068397521973
78.63441014289856,100.0,199.281,100.0,-14.893264770507812
78.66273403167725,100.0,199.036,100.0,-14.881595611572266
78.68724012374878,100.0,199.036,100.0,-14.866044044494629
78.71942806243896,100.0,198.844,100.0,-14.851696014404297
78.75317740440369,100.0,198.733,100.0,-14.820030212402344
78.78266978263855,100.0,198.733,100.0,-14.808255195617676
78.81571054458618,100.0,198.618,100.0,-14.794981002807617
78.84690690040588,100.0,198.555,100.0,-14.78432846069336
78.87947702407837,100.0,198.475,100.0,-14.765355110168457
78.91091680526733,100.0,198.397,100.0,-14.758417129516602
78.9433958530426,100.0,198.313,100.0,-14.75040340423584
78.9794282913208,100.0,198.23,100.0,-14.731352806091309
79.00321698188782,100.0,198.072,100.0,-14.721365928649902
79.04284882545471,100.0,197.976,100.0,-14.710493087768555
79.07394909858704,100.0,197.898,100.0,-14.698640823364258
79.10574960708618,100.0,197.719,100.0,-14.673721313476562
79.13815093040466,100.0,197.654,100.0,-14.661189079284668
79.16911220550537,100.0,197.552,100.0,-14.649370193481445
79.22198176383972,100.0,197.427,100.0,-14.624897003173828
79.25462102890015,100.0,197.356,100.0,-14.602493286132812
79.28671169281006,100.0,197.226,100.0,-14.593172073364258
79.31833600997925,100.0,197.157,100.0,-14.5824556350708
79.35081601142883,100.0,197.069,100.0,-14.560590744018555
79.38297939300537,100.0,196.856,100.0,-14.5435209274292
79.41692209243774,100.0,196.741,100.0,-14.526101112365723
79.44799542427063,100.0,196.56,100.0,-14.509523391723633
79.47948932647705,100.0,196.509,100.0,-14.47961711883545
79.51085805892944,100.0,196.451,100.0,-14.467127799987793
79.54293894767761,100.0,196.387,100.0,-14.455459594726562
79.58031630516052,100.0,196.278,100.0,-14.438718795776367
79.60735034942627,100.0,196.194,100.0,-14.430908203125
79.6398377418518,100.0,196.136,100.0,-14.421975135803223
79.67092418670654,100.0,196.047,100.0,-14.413251876831055
79.7047221660614,100.0,195.907,100.0,-14.394070625305176
79.73987150192261,100.0,195.794,100.0,-14.383857727050781
79.7703845500946,100.0,195.708,100.0,-14.371804237365723
79.80602741241455,100.0,195.601,100.0,-14.346017837524414
79.8346631526947,100.0,195.554,100.0,-14.334248542785645
79.86650538444519,100.0,195.465,100.0,-14.324281692504883
79.89861273765564,100.0,195.372,100.0,-14.314910888671875
79.93088936805725,100.0,195.276,100.0,-14.292753219604492
79.9624719619751,100.0,195.154,100.0,-14.279252052307129
79.99511170387268,100.0,195.06,100.0,-14.265460968017578
80.03089118003845,100.0,194.988,100.0,-14.245208740234375
80.05833578109741,100.0,194.9,100.0,-14.234235763549805
80.09056401252747,100.0,194.812,100.0,-14.22265625
80.12240505218506,100.0,194.599,100.0,-14.208887100219727
80.154470205307,100.0,194.496,100.0,-14.181116104125977
80.18665361404419,100.0,194.41,100.0,-14.167144775390625
80.21847462654114,100.0,194.348,100.0,-14.156972885131836
80.24867510795593,100.0,194.252,100.0,-14.147137641906738
80.28890037536621,100.0,194.109,100.0,-14.125042915344238
80.32082319259644,100.0,194.046,100.0,-14.114276885986328
80.35271048545837,100.0,194.002,100.0,-14.103922843933105
80.38526725769043,100.0,193.859,100.0,-14.084863662719727
80.44002890586853,100.0,193.681,100.0,-14.064059257507324
80.46621417999268,100.0,193.581,100.0,-14.052762985229492
80.50625038146973,100.0,193.507,100.0,-14.028358459472656
80.53786659240723,100.0,193.374,100.0,-14.01677417755127
80.56993293762207,100.0,193.334,100.0,-14.005687713623047
80.60226154327393,100.0,193.275,100.0,-13.996033668518066
80.63531255722046,100.0,193.199,100.0,-13.97685718536377
80.66805934906006,100.0,193.033,100.0,-13.962872505187988
80.69951939582825,100.0,192.862,100.0,-13.947943687438965
80.73078465461731,100.0,192.804,100.0,-13.922317504882812
80.7623176574707,100.0,192.722,100.0,-13.910054206848145
80.80639863014221,100.0,192.608,100.0,-13.888446807861328
80.83835005760193,100.0,192.48,100.0,-13.875555038452148
80.87080550193787,100.0,192.388,100.0,-13.862339973449707
80.9024248123169,100.0,192.211,100.0,-13.852743148803711
80.93391370773315,100.0,192.175,100.0,-13.831299781799316
80.96624374389648,100.0,192.1,100.0,-13.821640968322754
80.99871706962585,100.0,191.997,100.0,-13.811630249023438
81.03115630149841,100.0,191.933,100.0,-13.78920841217041
81.0633897781372,100.0,191.823,100.0,-13.777767181396484
81.09510660171509,100.0,191.804,100.0,-13.768467903137207
81.127760887146,100.0,191.737,100.0,-13.76107406616211
81.15823125839233,100.0,191.668,100.0,-13.744661331176758
81.19070315361023,100.0,191.486,100.0,-13.735357284545898
81.22416687011719,100.0,191.403,100.0,-13.724393844604492
81.25693607330322,100.0,191.359,100.0,-13.702875137329102
81.2893054485321,100.0,191.264,100.0,-13.691625595092773
81.32082486152649,100.0,191.015,100.0,-13.677397727966309
81.35317754745483,100.0,190.949,100.0,-13.66259765625
81.38541388511658,100.0,190.885,100.0,-13.636329650878906
81.4174873828888,100.0,190.816,100.0,-13.62426471710205
81.44904828071594,100.0,190.728,100.0,-13.61373519897461
81.48135161399841,100.0,190.647,100.0,-13.594222068786621
81.51321291923523,100.0,190.574,100.0,-13.583950996398926
81.54519176483154,100.0,190.499,100.0,-13.576598167419434
81.57804775238037,100.0,190.395,100.0,-13.56834602355957
81.60977673530579,100.0,190.258,100.0,-13.548343658447266
81.64186501502991,100.0,190.174,100.0,-13.538074493408203
81.6745011806488,100.0,190.095,100.0,-13.527167320251465
81.70661783218384,100.0,189.99,100.0,-13.503472328186035
81.73853182792664,100.0,189.854,100.0,-13.490758895874023
81.77170062065125,100.0,189.787,100.0,-13.479402542114258
81.80370283126831,100.0,189.71,100.0,-13.468387603759766
81.8358461856842,100.0,189.649,100.0,-13.4465970993042
81.86517453193665,100.0,189.52,100.0,-13.435482025146484
81.90325880050659,100.0,189.467,100.0,-13.425535202026367
81.93823027610779,100.0,189.39,100.0,-13.406320571899414
81.96965599060059,100.0,189.135,100.0,-13.395052909851074
82.00167274475098,100.0,189.036,100.0,-13.380402565002441
82.03419160842896,100.0,188.984,100.0,-13.352378845214844
82.06660270690918,100.0,188.887,100.0,-13.338764190673828
82.09818363189697,100.0,188.81,100.0,-13.325614929199219
82.13025379180908,100.0,188.667,100.0,-13.314133644104004
82.16335105895996,100.0,188.585,100.0,-13.289446830749512
82.19492149353027,100.0,188.523,100.0,-13.277914047241211
82.22671675682068,100.0,188.479,100.0,-13.269621849060059
82.25899600982666,100.0,188.399,100.0,-13.255751609802246
82.29043507575989,100.0,188.344,100.0,-13.249089241027832
82.32225775718689,100.0,188.284,100.0,-13.24219799041748
82.35497832298279,100.0,188.211,100.0,-13.234906196594238
82.38694262504578,100.0,188.125,100.0,-13.2195405960083
82.41774320602417,100.0,188.04,100.0,-13.212309837341309
82.45068216323853,100.0,187.95,100.0,-13.203662872314453
82.48577737808228,100.0,187.883,100.0,-13.183698654174805
82.51464414596558,100.0,187.795,100.0,-13.172772407531738
82.54651618003845,100.0,187.639,100.0,-13.161394119262695
82.57929587364197,100.0,187.551,100.0,-13.150006294250488
82.61360001564026,100.0,187.453,100.0,-13.125181198120117
82.64691591262817,100.0,187.363,100.0,-13.11318302154541
82.67917084693909,100.0,187.283,100.0,-13.103279113769531
82.71051287651062,100.0,187.221,100.0,-13.08266544342041
82.7425467967987,100.0,187.121,100.0,-13.071171760559082
82.77450561523438,100.0,186.964,100.0,-13.059226989746094
82.8070216178894,100.0,186.9,100.0,-13.047566413879395
82.83813619613647,100.0,186.808,100.0,-13.024510383605957
82.87180495262146,100.0,186.733,100.0,-13.012718200683594
82.90282893180847,100.0,186.572,100.0,-13.00123405456543
82.93542623519897,100.0,186.509,100.0,-12.980316162109375
82.9673478603363,100.0,186.434,100.0,-12.97144889831543
82.99944686889648,100.0,186.359,100.0,-12.962014198303223
83.0318078994751,100.0,186.311,100.0,-12.952134132385254
83.06205034255981,100.0,186.21,100.0,-12.93450927734375
83.09557962417603,100.0,186.139,100.0,-12.926278114318848
83.12602281570435,100.0,186.064,100.0,-12.917476654052734
83.15812611579895,100.0,185.925,100.0,-12.90805721282959
83.19104146957397,100.0,185.833,100.0,-12.88241195678711
83.22225499153137,100.0,185.663,100.0,-12.87051010131836
83.25383138656616,100.0,185.601,100.0,-12.857074737548828
83.29079914093018,100.0,185.553,100.0,-12.833590507507324
83.31856203079224,100.0,185.471,100.0,-12.822175979614258
83.34246683120728,100.0,185.405,100.0,-12.8111572265625
83.37359046936035,100.0,185.302,100.0,-12.798892974853516
83.40599822998047,100.0,185.118,100.0,-12.786003112792969
83.43920040130615,100.0,185.086,100.0,-12.76199722290039
83.46943211555481,100.0,185.043,100.0,-12.752367973327637
83.5016520023346,100.0,184.972,100.0,-12.745516777038574
83.5365686416626,100.0,184.852,100.0,-12.730466842651367
83.56554436683655,100.0,184.775,100.0,-12.722273826599121
83.59355902671814,100.0,184.732,100.0,-12.713251113891602
83.62965893745422,100.0,184.685,100.0,-12.705009460449219
83.65621757507324,100.0,184.605,100.0,-12.697197914123535
83.6872296333313,100.0,184.532,100.0,-12.678919792175293
83.71944737434387,100.0,184.367,100.0,-12.669185638427734
83.75294160842896,100.0,184.31,100.0,-12.65822696685791
83.78715324401855,100.0,184.258,100.0,-12.638219833374023
83.81175684928894,100.0,184.18,100.0,-12.627998352050781
83.84332585334778,100.0,184.102,100.0,-12.617345809936523
83.87108826637268,100.0,183.844,100.0,-12.602667808532715
83.90266227722168,100.0,183.774,100.0,-12.587991714477539
83.9389967918396,100.0,183.698,100.0,-12.561014175415039
83.97425770759583,100.0,183.642,100.0,-12.549003601074219
83.99823760986328,100.0,183.584,100.0,-12.537866592407227
84.02710199356079,100.0,183.402,100.0,-12.525979995727539
84.06273365020752,100.0,183.349,100.0,-12.50239372253418
84.09867191314697,100.0,183.257,100.0,-12.490463256835938
84.12097692489624,100.0,183.182,100.0,-12.478686332702637
84.15717434883118,100.0,182.999,100.0,-12.467827796936035
84.20345306396484,100.0,182.948,100.0,-12.445161819458008
84.24591112136841,100.0,182.824,100.0,-12.428426742553711
84.28564953804016,100.0,182.769,100.0,-12.419273376464844
84.31952548027039,100.0,182.731,100.0,-12.405637741088867
84.34460353851318,100.0,182.654,100.0,-12.399433135986328
84.37880563735962,100.0,182.567,100.0,-12.391939163208008
84.40581798553467,100.0,182.472,100.0,-12.383014678955078
84.44495511054993,100.0,182.299,100.0,-12.359928131103516
84.47668242454529,100.0,182.224,100.0,-12.348562240600586
84.50600385665894,100.0,182.172,100.0,-12.337156295776367
84.54740238189697,100.0,182.08,100.0,-12.317919731140137
84.5809428691864,100.0,182.022,100.0,-12.309030532836914
84.60503315925598,100.0,181.949,100.0,-12.300252914428711
84.63835573196411,100.0,181.774,100.0,-12.276895523071289
84.66906189918518,100.0,181.696,100.0,-12.263300895690918
84.70637392997742,100.0,181.621,100.0,-12.250983238220215
84.73997092247009,100.0,181.587,100.0,-12.232797622680664
84.80389046669006,100.0,181.392,100.0,-12.217015266418457
84.84067440032959,100.0,181.303,100.0,-12.196982383728027
84.86735939979553,100.0,181.199,100.0,-12.184993743896484
84.90530967712402,100.0,181.159,100.0,-12.174579620361328
84.93737196922302,100.0,180.989,100.0,-12.155547142028809
84.97020936012268,100.0,180.946,100.0,-12.146293640136719
85.0019884109497,100.0,180.848,100.0,-12.137866973876953
85.03386640548706,100.0,180.794,100.0,-12.127767562866211
85.05924940109253,100.0,180.759,100.0,-12.118215560913086
85.10443997383118,100.0,180.647,100.0,-12.10014820098877
85.13647508621216,100.0,180.568,100.0,-12.092255592346191
85.1686429977417,100.0,180.464,100.0,-12.073999404907227
85.20613074302673,100.0,180.381,100.0,-12.06589126586914
85.24118280410767,100.0,180.344,100.0,-12.048437118530273
85.26965665817261,100.0,180.274,100.0,-12.039654731750488
85.2953679561615,100.0,180.228,100.0,-12.031429290771484
85.32493543624878,100.0,180.09,100.0,-12.022834777832031
85.3565502166748,100.0,179.942,100.0,-12.013612747192383
85.38898825645447,100.0,179.874,100.0,-11.988459587097168
85.42291378974915,100.0,179.818,100.0,-11.977106094360352
85.45616817474365,100.0,179.727,100.0,-11.96628189086914
85.49021053314209,100.0,179.7,100.0,-11.949520111083984
85.52135252952576,100.0,179.641,100.0,-11.941641807556152
85.54530668258667,100.0,179.59,100.0,-11.933917999267578
85.58249711990356,100.0,179.499,100.0,-11.924629211425781
85.60840439796448,100.0,179.409,100.0,-11.917945861816406
85.64120030403137,100.0,179.244,100.0,-11.900421142578125
85.67321062088013,100.0,179.161,100.0,-11.889986038208008
85.70529198646545,100.0,179.101,100.0,-11.87891960144043
85.74028825759888,100.0,179.029,100.0,-11.857633590698242
85.77303266525269,100.0,178.95,100.0,-11.847929000854492
85.80556344985962,100.0,178.888,100.0,-11.839546203613281
85.83621430397034,100.0,178.802,100.0,-11.830965042114258
85.86476159095764,100.0,178.727,100.0,-11.811040878295898
85.89246582984924,100.0,178.611,100.0,-11.798797607421875
85.92211532592773,100.0,178.47,100.0,-11.786397933959961
85.95511722564697,100.0,178.416,100.0,-11.774850845336914
85.98000717163086,100.0,178.347,100.0,-11.76418399810791
86.01166939735413,100.0,178.322,100.0,-11.753570556640625
86.04407930374146,100.0,178.261,100.0,-11.736078262329102
86.07739806175232,100.0,178.201,100.0,-11.727306365966797
86.12453174591064,100.0,178.054,100.0,-11.707992553710938
86.15691232681274,100.0,177.953,100.0,-11.699260711669922
86.19618463516235,100.0,177.872,100.0,-11.680854797363281
86.22053503990173,100.0,177.794,100.0,-11.670628547668457
86.2519793510437,100.0,177.691,100.0,-11.65891170501709
86.28737473487854,100.0,177.574,100.0,-11.647138595581055
86.31318998336792,100.0,177.501,100.0,-11.638561248779297
86.35300135612488,100.0,177.468,100.0,-11.622214317321777
86.38415741920471,100.0,177.408,100.0,-11.61472225189209
86.40209984779358,100.0,177.331,100.0,-11.606918334960938
86.43561267852783,100.0,177.264,100.0,-11.598153114318848
86.47477769851685,100.0,177.15,100.0,-11.580004692077637
86.50677156448364,100.0,177.102,100.0,-11.571229934692383
86.53140115737915,100.0,177.075,100.0,-11.562922477722168
86.57077479362488,100.0,176.981,100.0,-11.548690795898438
86.60436987876892,100.0,176.887,100.0,-11.541865348815918
86.63567638397217,100.0,176.819,100.0,-11.533111572265625
86.65163826942444,100.0,176.752,100.0,-11.52395248413086
86.6828236579895,100.0,176.664,100.0,-11.51452350616455
86.71494126319885,100.0,176.557,100.0,-11.491850852966309
86.74737358093262,100.0,176.479,100.0,-11.479658126831055
86.77952122688293,100.0,176.345,100.0,-11.468119621276855
86.81175565719604,100.0,176.269,100.0,-11.45667839050293
86.84165620803833,100.0,176.199,100.0,-11.433819770812988
86.87234997749329,100.0,176.137,100.0,-11.422977447509766
86.9083845615387,100.0,176.053,100.0,-11.413653373718262
86.93750071525574,100.0,176.027,100.0,-11.404915809631348
86.97010946273804,100.0,175.979,100.0,-11.390435218811035
87.00039005279541,100.0,175.896,100.0,-11.385409355163574
87.03234195709229,100.0,175.844,100.0,-11.378534317016602
87.06749296188354,100.0,175.722,100.0,-11.363673210144043
87.09724831581116,100.0,175.687,100.0,-11.355850219726562
87.12357568740845,100.0,175.61,100.0,-11.348797798156738
87.17058825492859,100.0,175.467,100.0,-11.332149505615234
87.20392227172852,100.0,175.405,100.0,-11.322607040405273
87.23471260070801,100.0,175.363,100.0,-11.313082695007324
87.26869320869446,0.0,175.305,0.0,-14.29574203491211
87.29947566986084,0.0,175.191,0.0,-16.687816619873047
87.3424813747406,0.0,175.071,0.0,-20.123676300048828
87.37469124794006,0.0,175.021,0.0,-21.34205436706543
87.40833234786987,0.0,174.86,0.0,-22.313392639160156
87.44513487815857,0.0,174.781,0.0,-23.70625877380371
87.47152829170227,0.0,174.739,0.0,-24.199420928955078
87.50411653518677,0.0,174.669,0.0,-24.591785430908203
87.53585839271545,0.0,174.532,0.0,-24.90314292907715
87.57608437538147,0.0,174.451,0.0,-25.345935821533203
87.61194157600403,0.0,174.351,0.0,-25.50192642211914
87.64426183700562,0.0,174.255,0.0,-25.72309112548828
87.67460131645203,0.0,174.221,0.0,-25.79873275756836
87.70134449005127,0.0,174.117,0.0,-25.858556747436523
87.73263692855835,0.0,174.061,0.0,-25.902755737304688
87.76524901390076,0.0,174.028,0.0,-25.936521530151367
87.7970929145813,0.0,173.903,0.0,-25.98119354248047
87.82839131355286,0.0,173.85,0.0,-25.994850158691406
87.8614935874939,0.0,173.812,0.0,-26.004268646240234
87.8945243358612,0.0,173.762,0.0,-26.01482582092285
87.92450141906738,0.0,173.657,0.0,-26.015562057495117
87.95049476623535,0.0,173.657,0.0,-26.015504837036133
87.9894688129425,0.0,173.525,0.0,-26.012975692749023
88.0147762298584,0.0,173.479,0.0,-26.009246826171875
88.05405163764954,0.0,173.285,0.0,-25.996685028076172
88.0897741317749,0.0,173.253,0.0,-25.988265991210938
88.1152036190033,0.0,173.199,0.0,-25.98094940185547
88.15513443946838,0.0,173.109,0.0,-25.964576721191406
88.18368005752563,0.0,172.974,0.0,-25.9564266204834
88.23015451431274,0.0,172.921,0.0,-25.93743896484375
88.26317286491394,0.0,172.766,0.0,-25.928064346313477
88.29578566551208,0.0,172.726,0.0,-25.909912109375
88.33945393562317,0.0,172.675,0.0,-25.90283966064453
88.35699772834778,0.0,172.646,0.0,-25.895727157592773
88.38817930221558,0.0,172.581,0.0,-25.889495849609375
88.42660689353943,0.0,172.453,0.0,-25.875757217407227
88.46047186851501,0.0,172.348,0.0,-25.86736297607422
88.49261903762817,0.0,172.312,0.0,-25.847801208496094
88.5243124961853,0.0,172.189,0.0,-25.837684631347656
88.55124068260193,0.0,172.139,0.0,-25.82869529724121
