Time(s),Setpoint (C),Temperature (C),TotalOutput (%),PIDOutput (%)
0.521054744720459,3.2224518236034783e-06,1.5349564112143187e-19,4.5438843016392e+30,7.038780273336919e+28
0.6257586479187012,0.0,22.0,0.0,0.0
0.7392418384552002,0.0,22.024999618530273,0.0,0.0
0.8517146110534668,0.0,21.99749755859375,0.0,0.0
0.9634742736816406,0.0,21.972745895385742,0.0,0.0
1.0750887393951416,0.0,21.950469970703125,0.0,0.0
1.1858365535736084,0.0,21.95542335510254,0.0,0.0
1.2984638214111328,0.0,21.934879302978516,0.0,0.0
1.4694159030914307,0.0,21.941390991210938,0.0,0.0
1.6949045658111572,0.0,21.94725227355957,0.0,0.0
1.9200518131256104,0.0,21.95252799987793,0.0,0.0
2.1450209617614746,0.0,21.982275009155273,0.0,0.0
2.370983362197876,0.0,21.934045791625977,0.0,0.0
2.5958127975463867,0.0,21.940641403198242,0.0,0.0
2.8206868171691895,0.0,21.946577072143555,0.0,0.0
3.0461463928222656,0.0,21.926918029785156,0.0,0.0
3.271916389465332,0.0,21.959226608276367,0.0,0.0
3.4969680309295654,0.0,21.96330451965332,0.0,0.0
3.7218399047851562,0.0,21.941972732543945,0.0,0.0
3.9471468925476074,0.0,21.922773361206055,0.0,0.0
4.173202037811279,0.0,21.930496215820312,0.0,0.0
4.397990942001343,0.0,21.912445068359375,0.0,0.0
4.623211622238159,0.0,21.921201705932617,0.0,0.0
4.848452091217041,0.0,21.879079818725586,0.0,0.0
5.073408842086792,0.0,21.891172409057617,0.0,0.0
5.295000314712524,0.0,21.902055740356445,0.0,0.0
5.519873380661011,0.0,21.88684844970703,0.0,0.0
5.74996018409729,0.0,21.8731632232666,0.0,0.0
5.970901966094971,0.0,21.910846710205078,0.0,0.0
6.196019172668457,0.0,21.919761657714844,0.0,0.0
6.4211509227752686,0.0,21.852785110473633,0.0,0.0
6.646642208099365,0.0,21.842504501342773,0.0,0.0
6.871570587158203,0.0,21.858253479003906,0.0,0.0
7.097089052200317,0.0,21.897428512573242,0.0,0.0
7.321967601776123,0.0,21.907686233520508,0.0,0.0
7.547510623931885,0.0,21.91691780090332,0.0,0.0
7.77311635017395,0.0,21.900224685668945,0.0,0.0
7.997955560684204,0.0,21.88520050048828,0.0,0.0
8.223291635513306,0.0,21.921680450439453,0.0,0.0
8.448996305465698,0.0,21.92951202392578,0.0,0.0
8.673979759216309,0.0,21.91156005859375,0.0,0.0
8.898977994918823,0.0,21.84540367126465,0.0,0.0
9.124023675918579,0.0,21.78586196899414,0.0,0.0
9.34945273399353,0.0,21.732275009155273,0.0,0.0
9.574895858764648,0.0,21.709047317504883,0.0,0.0
9.800150632858276,0.0,21.738142013549805,0.0,0.0
10.02522873878479,0.0,21.714326858520508,0.0,0.0
10.250568151473999,0.0,21.717893600463867,0.0,0.0
10.475664615631104,0.0,21.746105194091797,0.0,0.0
10.700904607772827,0.0,21.771495819091797,0.0,0.0
10.922830581665039,0.0,21.74434471130371,0.0,0.0
11.148104429244995,0.0,21.694910049438477,0.0,0.0
11.372703313827515,0.0,21.675418853759766,0.0,0.0
11.598294973373413,0.0,21.70787811279297,0.0,0.0
11.823253870010376,0.0,21.737091064453125,0.0,0.0
12.049327611923218,0.0,21.68838119506836,0.0,0.0
12.273818969726562,0.0,21.66954231262207,0.0,0.0
12.499386072158813,0.0,21.677587509155273,0.0,0.0
12.724854469299316,0.0,21.68482780456543,0.0,0.0
12.950079679489136,0.0,21.666343688964844,0.0,0.0
13.174808979034424,0.0,21.649707794189453,0.0,0.0
13.400521039962769,0.0,21.609737396240234,0.0,0.0
13.625367641448975,0.0,21.573762893676758,0.0,0.0
13.85113787651062,0.0,21.56638526916504,0.0,0.0
14.076152801513672,0.0,21.6097469329834,0.0,0.0
14.301057815551758,0.0,21.573772430419922,0.0,0.0
14.526703357696533,0.0,21.566394805908203,0.0,0.0
14.752004384994507,0.0,21.559755325317383,0.0,0.0
14.977148294448853,0.0,21.55377960205078,0.0,0.0
15.202978134155273,0.0,21.59840202331543,0.0,0.0
15.42816948890686,0.0,21.61355972290039,0.0,0.0
15.65323543548584,0.0,21.57720375061035,0.0,0.0
15.874131679534912,0.0,21.594482421875,0.0,0.0
16.100000143051147,0.0,21.61003303527832,0.0,0.0
16.324784755706787,0.0,21.649030685424805,0.0,0.0
16.55410599708557,0.0,21.65912628173828,0.0,0.0
16.77505326271057,0.0,21.668212890625,0.0,0.0
17.00074815750122,0.0,21.651390075683594,0.0,0.0
17.225514888763428,0.0,21.686250686645508,0.0,0.0
17.451280117034912,0.0,21.667625427246094,0.0,0.0
17.6764075756073,0.0,21.650861740112305,0.0,0.0
17.90211033821106,0.0,21.635774612426758,0.0,0.0
18.126883029937744,0.0,21.622196197509766,0.0,0.0
18.35220217704773,0.0,21.584976196289062,0.0,0.0
18.577160120010376,0.0,21.62647819519043,0.0,0.0
18.803163290023804,0.0,21.63882827758789,0.0,0.0
19.028056383132935,0.0,21.649944305419922,0.0,0.0
19.253164052963257,0.0,21.63494873046875,0.0,0.0
19.478917360305786,0.0,21.62145233154297,0.0,0.0
19.704122304916382,0.0,21.60930633544922,0.0,0.0
19.92903423309326,0.0,21.59837532043457,0.0,0.0
20.15432071685791,0.0,21.588537216186523,0.0,0.0
20.37970757484436,0.0,21.52968406677246,0.0,0.0
20.60492444038391,0.0,21.526714324951172,0.0,0.0
20.8301899433136,0.0,21.549041748046875,0.0,0.0
21.05523443222046,0.0,21.59413719177246,0.0,0.0
21.28093719482422,0.0,21.609722137451172,0.0,0.0
21.506115913391113,0.0,21.623748779296875,0.0,0.0
21.73112678527832,0.0,21.611373901367188,0.0,0.0
21.956360578536987,0.0,21.600234985351562,0.0,0.0
22.182137727737427,0.0,21.5902099609375,0.0,0.0
22.40255045890808,0.0,21.60618782043457,0.0,0.0
22.62811279296875,0.0,21.620567321777344,0.0,0.0
22.85329532623291,0.0,21.633508682250977,0.0,0.0
23.08311176300049,0.0,21.67015838623047,0.0,0.0
23.30401086807251,0.0,21.653141021728516,0.0,0.0
23.529208421707153,0.0,21.61282730102539,0.0,0.0
23.755014419555664,0.0,21.601543426513672,0.0,0.0
23.979729652404785,0.0,21.641389846801758,0.0,0.0
24.205089330673218,0.0,21.652250289916992,0.0,0.0
24.430418968200684,0.0,21.63702392578125,0.0,0.0
24.656229734420776,0.0,21.6483211517334,0.0,0.0
24.88154101371765,0.0,21.65848731994629,0.0,0.0
25.106316089630127,0.0,21.617637634277344,0.0,0.0
25.3310649394989,0.0,21.655874252319336,0.0,0.0
25.55643320083618,0.0,21.665285110473633,0.0,0.0
25.782190561294556,0.0,21.64875602722168,0.0,0.0
26.006887197494507,0.0,21.658878326416016,0.0,0.0
26.23219633102417,0.0,21.66798973083496,0.0,0.0
26.457610845565796,0.0,21.65118980407715,0.0,0.0
26.683186054229736,0.0,21.661069869995117,0.0,0.0
26.90798330307007,0.0,21.644962310791016,0.0,0.0
27.133658170700073,0.0,21.65546417236328,0.0,0.0
27.358566999435425,0.0,21.614917755126953,0.0,0.0
27.583780765533447,0.0,21.603425979614258,0.0,0.0
27.80912947654724,0.0,21.593082427978516,0.0,0.0
28.034453630447388,0.0,21.583772659301758,0.0,0.0
28.256357192993164,0.0,21.575393676757812,0.0,0.0
28.48118281364441,0.0,21.54285430908203,0.0,0.0
28.706210613250732,0.0,21.5385684967041,0.0,0.0
28.931803464889526,0.0,21.50971031188965,0.0,0.0
29.15669298171997,0.0,21.533737182617188,0.0,0.0
29.382185459136963,0.0,21.580364227294922,0.0,0.0
29.60700488090515,0.0,21.597326278686523,0.0,0.0
29.83250331878662,0.0,21.562593460083008,0.0,0.0
30.05767822265625,0.0,21.58133316040039,0.0,0.0
30.283114910125732,0.0,21.59819793701172,0.0,0.0
30.508084774017334,0.0,21.61337661743164,0.0,0.0
30.73385000228882,0.0,21.60203742980957,0.0,0.0
30.958675384521484,0.0,21.641834259033203,0.0,0.0
31.18423342704773,0.0,21.627649307250977,0.0,0.0
31.40953779220581,0.0,21.664884567260742,0.0,0.0
31.63499402999878,0.0,21.648395538330078,0.0,0.0
31.85997223854065,0.0,21.658554077148438,0.0,0.0
32.085572719573975,0.0,21.66769790649414,0.0,0.0
32.310240268707275,0.0,21.675926208496094,0.0,0.0
32.535735845565796,0.0,21.683332443237305,0.0,0.0
32.76109719276428,0.0,21.639999389648438,0.0,0.0
32.98636555671692,0.0,21.625999450683594,0.0,0.0
33.20786476135254,0.0,21.613399505615234,0.0,0.0
33.43324041366577,0.0,21.627058029174805,0.0,0.0
33.6621572971344,0.0,21.63935089111328,0.0,0.0
33.887547731399536,0.0,21.60041618347168,0.0,0.0
34.10839080810547,0.0,21.615373611450195,0.0,0.0
34.33432459831238,0.0,21.603836059570312,0.0,0.0
34.558908462524414,0.0,21.59345245361328,0.0,0.0
34.78425121307373,0.0,21.559106826782227,0.0,0.0
35.0094153881073,0.0,21.55319595336914,0.0,0.0
35.235126972198486,0.0,21.597877502441406,0.0,0.0
35.46010446548462,0.0,21.588088989257812,0.0,0.0
35.68519616127014,0.0,21.62928009033203,0.0,0.0
35.91108846664429,0.0,21.616352081298828,0.0,0.0
36.13622164726257,0.0,21.60471534729004,0.0,0.0
36.36128330230713,0.0,21.644243240356445,0.0,0.0
36.586268186569214,0.0,21.629817962646484,0.0,0.0
36.812116384506226,0.0,21.591835021972656,0.0,0.0
37.03723502159119,0.0,21.582651138305664,0.0,0.0
37.262319803237915,0.0,21.574384689331055,0.0,0.0
37.48756170272827,0.0,21.59194564819336,0.0,0.0
37.71283006668091,0.0,21.607749938964844,0.0,0.0
37.93816947937012,0.0,21.596973419189453,0.0,0.0
38.16318655014038,0.0,21.612274169921875,0.0,0.0
38.38828730583191,0.0,21.62604522705078,0.0,0.0
38.61372447013855,0.0,21.638439178466797,0.0,0.0
38.83927607536316,0.0,21.649593353271484,0.0,0.0
39.060463666915894,0.0,21.65963363647461,0.0,0.0
39.28627896308899,0.0,21.593669891357422,0.0,0.0
39.511146783828735,0.0,21.609302520751953,0.0,0.0
39.73585915565491,0.0,21.623371124267578,0.0,0.0
39.96151542663574,0.0,21.58603286743164,0.0,0.0
40.1872034072876,0.0,21.527429580688477,0.0,0.0
40.412251234054565,0.0,21.52468490600586,0.0,0.0
40.63725256919861,0.0,21.54721450805664,0.0,0.0
40.86232018470764,0.0,21.592493057250977,0.0,0.0
41.088173151016235,0.0,21.60824203491211,0.0,0.0
41.31273579597473,0.0,21.522418975830078,0.0,0.0
41.538341999053955,0.0,21.545175552368164,0.0,0.0
41.764140367507935,0.0,21.515657424926758,0.0,0.0
41.989227056503296,0.0,21.51409149169922,0.0,0.0
42.214207887649536,0.0,21.51268196105957,0.0,0.0
42.43942475318909,0.0,21.56141471862793,0.0,0.0
42.66521501541138,0.0,21.580272674560547,0.0,0.0
42.889806032180786,0.0,21.62224578857422,0.0,0.0
43.11525225639343,0.0,21.585020065307617,0.0,0.0
43.34080719947815,0.0,21.601516723632812,0.0,0.0
43.566282510757446,0.0,21.616363525390625,0.0,0.0
43.79070043563843,0.0,21.654727935791016,0.0,0.0
44.016186237335205,0.0,21.639253616333008,0.0,0.0
44.2413125038147,0.0,21.625328063964844,0.0,0.0
44.467241287231445,0.0,21.612794876098633,0.0,0.0
44.69184446334839,0.0,21.65151596069336,0.0,0.0
44.91742825508118,0.0,21.611364364624023,0.0,0.0
45.1424241065979,0.0,21.575227737426758,0.0,0.0
45.3682427406311,0.0,21.592702865600586,0.0,0.0
45.59010863304138,0.0,21.633432388305664,0.0,0.0
45.81435942649841,0.0,21.64508819580078,0.0,0.0
46.039543867111206,0.0,21.605579376220703,0.0,0.0
46.26505470275879,0.0,21.620019912719727,0.0,0.0
46.490084409713745,0.0,21.583017349243164,0.0,0.0
46.71533703804016,0.0,21.62471580505371,0.0,0.0
46.940749406814575,0.0,21.587244033813477,0.0,0.0
47.16622257232666,0.0,21.62851905822754,0.0,0.0
47.39097809791565,0.0,21.615665435791016,0.0,0.0
47.61657166481018,0.0,21.654098510742188,0.0,0.0
47.84144854545593,0.0,21.688688278198242,0.0,0.0
48.067198038101196,0.0,21.669818878173828,0.0,0.0
48.292142152786255,0.0,21.652835845947266,0.0,0.0
48.51774191856384,0.0,21.68755340576172,0.0,0.0
48.74254894256592,0.0,21.693796157836914,0.0,0.0
48.96795582771301,0.0,21.69941520690918,0.0,0.0
49.19332671165466,0.0,21.729473114013672,0.0,0.0
49.419228315353394,0.0,21.731525421142578,0.0,0.0
49.64420747756958,0.0,21.73337173461914,0.0,0.0
49.86923956871033,0.0,21.73503303527832,0.0,0.0
50.09431290626526,0.0,21.711528778076172,0.0,0.0
50.32007455825806,0.0,21.69037437438965,0.0,0.0
50.54058909416199,0.0,21.696334838867188,0.0,0.0
50.7703275680542,0.0,21.651700973510742,0.0,0.0
50.99539828300476,0.0,21.611530303955078,0.0,0.0
51.21721935272217,0.0,21.60037612915039,0.0,0.0
51.44178032875061,0.0,21.615337371826172,0.0,0.0
51.66734504699707,0.0,21.603803634643555,0.0,0.0
51.89229488372803,0.0,21.61842155456543,0.0,0.0
52.1178674697876,0.0,21.656579971313477,0.0,0.0
52.34306192398071,0.0,21.615921020507812,0.0,0.0
52.568275451660156,0.0,21.62932777404785,0.0,0.0
52.79355597496033,0.0,21.591394424438477,0.0,0.0
53.01885223388672,0.0,21.58225440979004,0.0,0.0
53.2438747882843,0.0,21.599027633666992,0.0,0.0
53.46939945220947,0.0,21.614124298095703,0.0,0.0
53.69431233406067,0.0,21.602710723876953,0.0,0.0
53.919814586639404,0.0,21.61743927001953,0.0,0.0
54.145201206207275,0.0,21.605693817138672,0.0,0.0
54.37035584449768,0.0,21.595123291015625,0.0,0.0
54.59551644325256,0.0,21.585609436035156,0.0,0.0
54.82096219062805,0.0,21.602046966552734,0.0,0.0
55.04607367515564,0.0,21.616840362548828,0.0,0.0
55.271583795547485,0.0,21.60515594482422,0.0,0.0
55.49721598625183,0.0,21.569639205932617,0.0,0.0
55.72243571281433,0.0,21.58767318725586,0.0,0.0
55.9474561214447,0.0,21.528905868530273,0.0,0.0
56.16862940788269,0.0,21.501014709472656,0.0,0.0
56.39416432380676,0.0,21.525911331176758,0.0,0.0
56.61864638328552,0.0,21.523319244384766,0.0,0.0
56.84423208236694,0.0,21.570987701416016,0.0,0.0
57.06981182098389,0.0,21.538888931274414,0.0,0.0
57.29518938064575,0.0,21.53499984741211,0.0,0.0
57.52022099494934,0.0,21.5314998626709,0.0,0.0
57.745370626449585,0.0,21.553348541259766,0.0,0.0
57.97073435783386,0.0,21.54801368713379,0.0,0.0
58.195597410202026,0.0,21.543210983276367,0.0,0.0
58.42125058174133,0.0,21.563888549804688,0.0,0.0
58.646103858947754,0.0,21.58249855041504,0.0,0.0
58.8720817565918,0.0,21.624248504638672,0.0,0.0
59.09726309776306,0.0,21.6118221282959,0.0,0.0
59.322376012802124,0.0,21.60063934326172,0.0,0.0
59.54745531082153,0.0,21.590574264526367,0.0,0.0
59.77264976501465,0.0,21.58151626586914,0.0,0.0
59.99837827682495,0.0,21.5733642578125,0.0,0.0
60.2230498790741,0.0,21.44102668762207,0.0,0.0
60.44862937927246,0.0,21.371923446655273,0.0,0.0
60.67347002029419,0.0,21.28472900390625,0.0,0.0
60.89922261238098,0.0,21.181255340576172,0.0,0.0
61.12005925178528,0.0,21.13813018798828,0.0,0.0
61.3456928730011,0.0,21.074316024780273,0.0,0.0
61.574612855911255,0.0,20.991884231567383,0.0,0.0
61.800267457962036,0.0,20.967695236206055,0.0,0.0
62.02149820327759,0.0,20.995925903320312,0.0,0.0
62.24669432640076,0.0,20.946332931518555,0.0,0.0
62.47230887413025,0.0,20.926700592041016,0.0,0.0
62.69714832305908,0.0,21.059030532836914,0.0,0.0
62.92212748527527,0.0,21.05312728881836,0.0,0.0
63.14814615249634,0.0,21.022815704345703,0.0,0.0
63.37272524833679,0.0,20.995534896850586,0.0,0.0
63.59818696975708,0.0,20.97098159790039,0.0,0.0
63.823174715042114,0.0,20.873882293701172,0.0,0.0
64.04918813705444,0.0,20.861494064331055,0.0,0.0
64.27370429039001,0.0,20.775344848632812,0.0,0.0
64.49917817115784,0.0,20.772809982299805,0.0,0.0
64.724280834198,0.0,20.97052764892578,0.0,0.0
64.95020413398743,0.0,21.098474502563477,0.0,0.0
65.17476749420166,0.0,21.163625717163086,0.0,0.0
65.40041399002075,0.0,21.147262573242188,0.0,0.0
65.62567830085754,0.0,21.332534790039062,0.0,0.0
65.85125398635864,0.0,21.324281692504883,0.0,0.0
66.07611680030823,0.0,21.316852569580078,0.0,0.0
66.30142951011658,0.0,21.385168075561523,0.0,0.0
66.52661728858948,0.0,21.396650314331055,0.0,0.0
66.75233840942383,0.0,21.38198471069336,0.0,0.0
66.97719097137451,0.0,21.39378547668457,0.0,0.0
67.20243167877197,0.0,21.554405212402344,0.0,0.0
67.42743515968323,0.0,21.67396354675293,0.0,0.0
67.64930248260498,0.0,21.7315673828125,0.0,0.0
67.87797379493713,0.0,21.833410263061523,0.0,0.0
68.1037745475769,0.0,21.900068283081055,0.0,0.0
68.32923769950867,0.0,21.935060501098633,0.0,0.0
68.55028891563416,0.0,21.966554641723633,0.0,0.0
68.77501940727234,0.0,21.969900131225586,0.0,0.0
69.00040435791016,0.0,21.922908782958984,0.0,0.0
69.22619366645813,0.0,21.85561752319336,0.0,0.0
69.451242685318,0.0,21.87005615234375,0.0,0.0
69.67628288269043,0.0,21.858049392700195,0.0,0.0
69.90128922462463,0.0,21.922243118286133,0.0,0.0
70.12699890136719,0.0,22.030017852783203,0.0,0.0
70.3517472743988,0.0,22.102014541625977,0.0,0.0
70.57724261283875,0.0,22.19181251525879,0.0,0.0
70.80282783508301,0.0,22.247631072998047,0.0,0.0
71.02780437469482,0.0,22.322866439819336,0.0,0.0
71.25287747383118,0.0,22.41558074951172,0.0,0.0
71.47837471961975,0.0,22.4990234375,0.0,0.0
71.70413184165955,0.0,22.524120330810547,0.0,0.0
71.92923736572266,0.0,22.546707153320312,0.0,0.0
72.15425109863281,0.0,22.617036819458008,0.0,0.0
72.379714012146,0.0,22.655332565307617,0.0,0.0
72.6054527759552,0.0,22.714799880981445,0.0,0.0
72.82977032661438,0.0,22.743318557739258,0.0,0.0
73.05510520935059,0.0,22.818986892700195,0.0,0.0
73.28071618080139,0.0,22.887088775634766,0.0,0.0
73.5018208026886,0.0,22.973379135131836,0.0,0.0
73.72736668586731,0.0,23.02604103088379,0.0,0.0
73.95210146903992,0.0,23.073436737060547,0.0,0.0
74.17735981941223,0.0,23.091093063354492,0.0,0.0
74.40271091461182,0.0,23.081981658935547,0.0,0.0
74.6280288696289,0.0,23.073781967163086,0.0,0.0
74.85338759422302,0.0,22.84140396118164,0.0,0.0
75.07883501052856,0.0,22.63226318359375,0.0,0.0
75.30431866645813,0.0,22.494035720825195,0.0,0.0
75.52883553504944,0.0,22.394630432128906,0.0,0.0
75.75452184677124,0.0,22.33016586303711,0.0,0.0
75.98025512695312,0.0,22.27214813232422,0.0,0.0
76.20540070533752,0.0,22.19493293762207,0.0,0.0
76.43036651611328,0.0,22.125438690185547,0.0,0.0
76.65544056892395,0.0,22.03789520263672,0.0,0.0
76.88050556182861,0.0,22.009103775024414,0.0,0.0
77.10587310791016,0.0,21.958192825317383,0.0,0.0
77.33096075057983,0.0,21.912372589111328,0.0,0.0
77.5562539100647,0.0,21.87113380432129,0.0,0.0
77.78219676017761,0.0,21.83401870727539,0.0,0.0
78.00678610801697,0.0,21.800615310668945,0.0,0.0
78.23225784301758,0.0,21.79555320739746,0.0,0.0
78.45353102684021,0.0,21.790996551513672,0.0,0.0
78.68334150314331,0.0,21.76189613342285,0.0,0.0
78.90822958946228,0.0,21.735706329345703,0.0,0.0
79.1334433555603,0.0,21.712135314941406,0.0,0.0
79.35464072227478,0.0,21.71592140197754,0.0,0.0
79.58022093772888,0.0,21.719327926635742,0.0,0.0
79.8052990436554,0.0,21.747394561767578,0.0,0.0
80.03050398826599,0.0,21.74765396118164,0.0,0.0
80.25534343719482,0.0,21.747886657714844,0.0,0.0
80.48127698898315,0.0,21.748096466064453,0.0,0.0
80.70596671104431,0.0,21.7482852935791,0.0,0.0
80.9316074848175,0.0,21.72345542907715,0.0,0.0
81.15656876564026,0.0,21.751110076904297,0.0,0.0
81.38240337371826,0.0,21.75099754333496,0.0,0.0
81.60713624954224,0.0,21.750896453857422,0.0,0.0
81.83220100402832,0.0,21.775806427001953,0.0,0.0
82.05748653411865,0.0,21.79822540283203,0.0,0.0
82.28292942047119,0.0,21.79340171813965,0.0,0.0
82.50817275047302,0.0,21.789060592651367,0.0,0.0
82.73331952095032,0.0,21.785152435302734,0.0,0.0
82.9586091041565,0.0,21.781635284423828,0.0,0.0
83.18436169624329,0.0,21.8034725189209,0.0,0.0
83.40908622741699,0.0,21.848125457763672,0.0,0.0
83.63455986976624,0.0,21.88831329345703,0.0,0.0
83.86023497581482,0.0,21.874481201171875,0.0,0.0
84.08541178703308,0.0,21.862031936645508,0.0,0.0
84.3104944229126,0.0,21.875829696655273,0.0,0.0
84.53632497787476,0.0,21.888246536254883,0.0,0.0
84.76126956939697,0.0,21.874420166015625,0.0,0.0
84.9818868637085,0.0,21.886978149414062,0.0,0.0
85.21173095703125,0.0,21.89828109741211,0.0,0.0
85.43728256225586,0.0,21.9084529876709,0.0,0.0
85.66230297088623,0.0,21.9176082611084,0.0,0.0
85.88356947898865,0.0,21.92584800720215,0.0,0.0
86.10866403579712,0.0,21.933263778686523,0.0,0.0
86.33436512947083,0.0,21.914936065673828,0.0,0.0
86.55923414230347,0.0,22.148441314697266,0.0,0.0
86.78434157371521,0.0,22.33359718322754,0.0,0.0
87.00974631309509,0.0,22.525236129760742,0.0,0.0
87.23531699180603,0.0,22.622713088989258,0.0,0.0
87.46031618118286,0.0,22.760440826416016,0.0,0.0
87.68540906906128,0.0,22.884395599365234,0.0,0.0
87.91112637519836,0.0,22.97095489501953,0.0,0.0
88.1356680393219,0.0,22.998859405517578,0.0,0.0
88.36095762252808,0.0,23.073972702026367,0.0,0.0
88.58653783798218,0.0,23.116575241088867,0.0,0.0
88.81222176551819,0.0,23.12991714477539,0.0,0.0
89.03708243370056,0.0,23.116924285888672,0.0,0.0
89.26209497451782,0.0,23.1052303314209,0.0,0.0
89.4876480102539,0.0,23.09470558166504,0.0,0.0
89.71261668205261,0.0,23.135234832763672,0.0,0.0
89.93847417831421,0.0,23.1217098236084,0.0,0.0
90.16346073150635,0.0,23.10953712463379,0.0,0.0
90.38849830627441,0.0,23.148582458496094,0.0,0.0
90.61443305015564,0.0,23.18372344970703,0.0,0.0
90.83499670028687,0.0,23.16534996032715,0.0,0.0
91.05999779701233,0.0,23.148813247680664,0.0,0.0
91.28532814979553,0.0,23.133930206298828,0.0,0.0
91.51128888130188,0.0,23.12053680419922,0.0,0.0
91.73580002784729,0.0,23.13348388671875,0.0,0.0
91.96130895614624,0.0,23.120134353637695,0.0,0.0
92.18679094314575,0.0,23.15812110900879,0.0,0.0
92.4124071598053,0.0,23.19230842590332,0.0,0.0
92.6373929977417,0.0,23.22307777404785,0.0,0.0
92.86255884170532,0.0,23.225770950317383,0.0,0.0
93.08842444419861,0.0,23.228193283081055,0.0,0.0
93.31333422660828,0.0,23.23037338256836,0.0,0.0
93.53848838806152,0.0,23.232336044311523,0.0,0.0
93.76349067687988,0.0,23.184101104736328,0.0,0.0
93.9884467124939,0.0,23.16568946838379,0.0,0.0
94.21429538726807,0.0,23.149118423461914,0.0,0.0
94.43909049034119,0.0,23.134204864501953,0.0,0.0
94.66474866867065,0.0,23.145784378051758,0.0,0.0
94.88960146903992,0.0,23.156206130981445,0.0,0.0
95.11531686782837,0.0,23.165586471557617,0.0,0.0
95.34035158157349,0.0,23.124027252197266,0.0,0.0
95.56549620628357,0.0,23.111623764038086,0.0,0.0
95.7907087802887,0.0,23.100460052490234,0.0,0.0
96.01628398895264,0.0,23.065412521362305,0.0,0.0
96.24145007133484,0.0,23.00887107849121,0.0,0.0
96.46282196044922,0.0,22.982982635498047,0.0,0.0
96.68851566314697,0.0,22.959684371948242,0.0,0.0
96.91327810287476,0.0,22.86371612548828,0.0,0.0
97.13838720321655,0.0,22.877344131469727,0.0,0.0
97.3643844127655,0.0,22.88960838317871,0.0,0.0
97.58890914916992,0.0,22.85064697265625,0.0,0.0
97.81437873840332,0.0,22.865581512451172,0.0,0.0
98.03922200202942,0.0,22.8790225982666,0.0,0.0
98.26503872871399,0.0,22.866119384765625,0.0,0.0
98.48976612091064,0.0,22.879507064819336,0.0,0.0
98.71521759033203,0.0,22.86655616760254,0.0,0.0
98.94034790992737,0.0,22.854900360107422,0.0,0.0
99.16643142700195,0.0,22.844409942626953,0.0,0.0
99.39083814620972,0.0,22.809968948364258,0.0,0.0
99.6162211894989,0.0,22.803970336914062,0.0,0.0
99.84146213531494,0.0,22.798572540283203,0.0,0.0
100.06685042381287,0.0,22.79371452331543,0.0,0.0
100.29195547103882,0.0,22.789342880249023,0.0,0.0
100.51748728752136,0.0,22.760408401489258,0.0,0.0
100.74284195899963,0.0,22.709367752075195,0.0,0.0
100.96818089485168,0.0,22.688430786132812,0.0,0.0
101.19345903396606,0.0,22.719587326049805,0.0,0.0
101.41447472572327,0.0,22.697628021240234,0.0,0.0
101.63951134681702,0.0,22.727863311767578,0.0,0.0
101.86539554595947,0.0,22.705076217651367,0.0,0.0
102.09020495414734,0.0,22.684568405151367,0.0,0.0
102.31560564041138,0.0,22.641111373901367,0.0,0.0
102.54052972793579,0.0,22.626998901367188,0.0,0.0
102.76567792892456,0.0,22.61429786682129,0.0,0.0
102.99130749702454,0.0,22.602867126464844,0.0,0.0
103.21654176712036,0.0,22.592580795288086,0.0,0.0
103.4418773651123,0.0,22.583322525024414,0.0,0.0
103.66750645637512,0.0,22.574989318847656,0.0,0.0
103.89245700836182,0.0,22.542490005493164,0.0,0.0
104.11767148971558,0.0,22.538240432739258,0.0,0.0
104.34333229064941,0.0,22.509416580200195,0.0,0.0
104.56835126876831,0.0,22.483474731445312,0.0,0.0
104.79337286949158,0.0,22.485126495361328,0.0,0.0
105.01893591880798,0.0,22.486614227294922,0.0,0.0
105.24432826042175,0.0,22.43795394897461,0.0,0.0
105.46922731399536,0.0,22.44415855407715,0.0,0.0
105.69467735290527,0.0,22.424741744995117,0.0,0.0
105.91948127746582,0.0,22.432266235351562,0.0,0.0
106.14507126808167,0.0,22.389039993286133,0.0,0.0
106.37001752853394,0.0,22.37513542175293,0.0,0.0
106.59585785865784,0.0,22.362621307373047,0.0,0.0
106.82151484489441,0.0,22.35135841369629,0.0,0.0
107.04635262489319,0.0,22.366222381591797,0.0,0.0
107.27126693725586,0.0,22.35460090637207,0.0,0.0
107.49673247337341,0.0,22.369140625,0.0,0.0
107.72167468070984,0.0,22.382226943969727,0.0,0.0
107.9432578086853,0.0,22.39400291442871,0.0,0.0
108.16851162910461,0.0,22.379602432250977,0.0,0.0
108.39380359649658,0.0,22.39164161682129,0.0,0.0
108.6227355003357,0.0,22.402477264404297,0.0,0.0
108.84433150291443,0.0,22.387229919433594,0.0,0.0
109.06950998306274,0.0,22.39850616455078,0.0,0.0
109.29497861862183,0.0,22.383655548095703,0.0,0.0
109.52043628692627,0.0,22.370290756225586,0.0,0.0
109.74536204338074,0.0,22.358261108398438,0.0,0.0
109.97043347358704,0.0,22.372434616088867,0.0,0.0
110.1964042186737,0.0,22.360191345214844,0.0,0.0
110.42151379585266,0.0,22.299171447753906,0.0,0.0
110.64628386497498,0.0,22.31925392150879,0.0,0.0
110.87167239189148,0.0,22.312328338623047,0.0,0.0
111.09732675552368,0.0,22.306095123291016,0.0,0.0
111.32212519645691,0.0,22.27548599243164,0.0,0.0
111.54744863510132,0.0,22.272937774658203,0.0,0.0
111.77326107025146,0.0,22.27064323425293,0.0,0.0
111.99846601486206,0.0,22.268579483032227,0.0,0.0
112.22296118736267,0.0,22.266721725463867,0.0,0.0
112.44846773147583,0.0,22.240049362182617,0.0,0.0
112.67347073554993,0.0,22.191043853759766,0.0,0.0
112.89943194389343,0.0,22.19693946838379,0.0,0.0
113.12400889396667,0.0,22.17724609375,0.0,0.0
113.34967613220215,0.0,22.134519577026367,0.0,0.0
113.57482552528381,0.0,22.12106704711914,0.0,0.0
113.79577851295471,0.0,22.158960342407227,0.0,0.0
114.02139496803284,0.0,22.143064498901367,0.0,0.0
114.24635052680969,0.0,21.803756713867188,0.0,0.0
114.47151184082031,0.0,21.873380661010742,0.0,0.0
114.69742774963379,0.0,21.586042404174805,0.0,0.0
114.92268824577332,0.0,21.352436065673828,0.0,0.0
115.14764451980591,0.0,21.492191314697266,0.0,0.0
115.37269735336304,0.0,21.592971801757812,0.0,0.0
115.59836506843567,0.0,21.25867462158203,0.0,0.0
115.82327008247375,0.0,21.05780601501465,0.0,0.0
116.04842901229858,0.0,20.827024459838867,0.0,0.0
116.27364802360535,0.0,20.619321823120117,0.0,0.0
116.49945902824402,0.0,20.40738868713379,0.0,0.0
116.72431945800781,0.0,20.416648864746094,0.0,0.0
116.94975328445435,0.0,20.34998321533203,0.0,0.0
117.17486619949341,0.0,20.464984893798828,0.0,0.0
117.40054965019226,0.0,20.418485641479492,0.0,0.0
117.62526988983154,0.0,20.35163688659668,0.0,0.0
117.8512613773346,0.0,20.341472625732422,0.0,0.0
118.07636213302612,0.0,20.30732536315918,0.0,0.0
118.30146718025208,0.0,20.301591873168945,0.0,0.0
118.52657294273376,0.0,20.296432495117188,0.0,0.0
118.74741196632385,0.0,20.29178810119629,0.0,0.0
118.97281074523926,0.0,20.31260871887207,0.0,0.0
119.19799971580505,0.0,20.33134651184082,0.0,0.0
119.427401304245,0.0,20.34821128845215,0.0,0.0
119.64887809753418,0.0,20.388389587402344,0.0,0.0
119.8739116191864,0.0,20.44955062866211,0.0,0.0
120.09932065010071,0.0,20.479595184326172,0.0,0.0
120.32458972930908,0.0,20.581634521484375,0.0,0.0
120.55042743682861,0.0,20.67346954345703,0.0,0.0
120.77520036697388,0.0,20.731122970581055,0.0,0.0
121.00022912025452,0.0,20.833009719848633,0.0,0.0
121.22556257247925,0.0,20.924707412719727,0.0,0.0
121.4510989189148,0.0,21.032236099243164,0.0,0.0
121.67604327201843,0.0,21.15401268005371,0.0,0.0
121.90161371231079,0.0,21.188610076904297,0.0,0.0
122.12699317932129,0.0,21.21974754333496,0.0,0.0
122.35192656517029,0.0,21.297773361206055,0.0,0.0
122.57732796669006,0.0,21.342994689941406,0.0,0.0
122.80265164375305,0.0,21.38369369506836,0.0,0.0
123.02836227416992,0.0,21.42032241821289,0.0,0.0
123.25346684455872,0.0,21.478290557861328,0.0,0.0
123.47841095924377,0.0,21.53046226501465,0.0,0.0
123.70380187034607,0.0,21.602415084838867,0.0,0.0
123.92883825302124,0.0,21.642173767089844,0.0,0.0
124.15463590621948,0.0,21.67795753479004,0.0,0.0
124.37949323654175,0.0,21.760160446166992,0.0,0.0
124.60063767433167,0.0,21.90914535522461,0.0,0.0
124.82572674751282,0.0,22.0682315826416,0.0,0.0
125.0514931678772,0.0,22.161407470703125,0.0,0.0
125.27636003494263,0.0,22.29526710510254,0.0,0.0
125.50177145004272,0.0,22.365739822387695,0.0,0.0
125.72740006446838,0.0,22.42916488647461,0.0,0.0
125.95252060890198,0.0,22.46124839782715,0.0,0.0
126.17745351791382,0.0,22.490121841430664,0.0,0.0
126.40300345420837,0.0,22.541109085083008,0.0,0.0
126.62828278541565,0.0,22.536996841430664,0.0,0.0
126.85347962379456,0.0,22.583295822143555,0.0,0.0
127.07860350608826,0.0,22.574966430664062,0.0,0.0
127.3045015335083,0.0,22.59246826171875,0.0,0.0
127.52877473831177,0.0,22.60822105407715,0.0,0.0
127.75421524047852,0.0,22.647397994995117,0.0,0.0
127.97969651222229,0.0,22.657657623291016,0.0,0.0
128.20464491844177,0.0,22.71689224243164,0.0,0.0
128.43048477172852,0.0,22.745201110839844,0.0,0.0
128.65535974502563,0.0,22.74567985534668,0.0,0.0
128.88076400756836,0.0,22.69611167907715,0.0,0.0
129.10587167739868,0.0,22.726499557495117,0.0,0.0
129.3313853740692,0.0,22.778850555419922,0.0,0.0
129.5564103126526,0.0,22.85096549987793,0.0,0.0
129.7818808555603,0.0,22.84086799621582,0.0,0.0
130.00686764717102,0.0,22.88178062438965,0.0,0.0
130.23251819610596,0.0,22.893600463867188,0.0,0.0
130.45744967460632,0.0,22.879240036010742,0.0,0.0
130.68333911895752,0.0,22.84131622314453,0.0,0.0
130.90788102149963,0.0,22.832183837890625,0.0,0.0
131.1291229724884,0.0,22.84896469116211,0.0,0.0
131.35455632209778,0.0,22.939067840576172,0.0,0.0
131.5801661014557,0.0,22.995161056518555,0.0,0.0
131.80488204956055,0.0,23.045644760131836,0.0,0.0
132.03049206733704,0.0,23.041078567504883,0.0,0.0
132.25624990463257,0.0,23.086971282958984,0.0,0.0
132.4814269542694,0.0,23.178274154663086,0.0,0.0
132.70630764961243,0.0,23.260446548461914,0.0,0.0
132.93141174316406,0.0,23.284400939941406,0.0,0.0
133.15640425682068,0.0,23.330961227416992,0.0,0.0
133.38195490837097,0.0,23.49786376953125,0.0,0.0
133.60692811012268,0.0,23.623077392578125,0.0,0.0
133.8326346874237,0.0,23.710769653320312,0.0,0.0
134.05744075775146,0.0,23.73969268798828,0.0,0.0
134.2830617427826,0.0,23.840723037719727,0.0,0.0
134.50838613510132,0.0,23.90665054321289,0.0,0.0
134.73358511924744,0.0,23.94098472595215,0.0,0.0
134.9589340686798,0.0,23.99688720703125,0.0,0.0
135.18453907966614,0.0,24.07219886779785,0.0,0.0
135.40935254096985,0.0,24.114978790283203,0.0,0.0
135.63480305671692,0.0,24.17848014831543,0.0,0.0
135.86036086082458,0.0,24.235631942749023,0.0,0.0
136.08155417442322,0.0,24.23706817626953,0.0,0.0
136.30620503425598,0.0,24.26336097717285,0.0,0.0
136.53587126731873,0.0,24.212024688720703,0.0,0.0
136.7566454410553,0.0,24.26582145690918,0.0,0.0
136.98203039169312,0.0,24.28923988342285,0.0,0.0
137.2072639465332,0.0,24.410314559936523,0.0,0.0
137.43282508850098,0.0,24.469282150268555,0.0,0.0
137.6579487323761,0.0,24.547353744506836,0.0,0.0
137.88352489471436,0.0,24.567617416381836,0.0,0.0
138.10846281051636,0.0,24.610855102539062,0.0,0.0
138.33392930030823,0.0,24.674768447875977,0.0,0.0
138.55937719345093,0.0,24.732290267944336,0.0,0.0
138.78442811965942,0.0,24.834060668945312,0.0,0.0
139.00949573516846,0.0,24.925655364990234,0.0,0.0
139.2350070476532,0.0,24.958087921142578,0.0,0.0
139.46037244796753,0.0,25.03727912902832,0.0,0.0
139.6852262020111,0.0,25.058549880981445,0.0,0.0
139.91064453125,0.0,25.102693557739258,0.0,0.0
140.13640809059143,0.0,25.142423629760742,0.0,0.0
140.36097693443298,0.0,25.203182220458984,0.0,0.0
140.58652114868164,0.0,25.257863998413086,0.0,0.0
140.8116419315338,0.0,25.282075881958008,0.0,0.0
141.0374858379364,0.0,25.328868865966797,0.0,0.0
141.26258659362793,0.0,25.395980834960938,0.0,0.0
141.4876639842987,0.0,26.206382751464844,0.0,0.0
141.7086374759674,0.0,26.93574333190918,0.0,0.0
141.93435096740723,0.0,27.617168426513672,0.0,0.0
142.15955233573914,0.0,27.930452346801758,0.0,0.0
142.38425850868225,0.0,28.437406539916992,0.0,0.0
142.60979533195496,0.0,29.11866569519043,0.0,0.0
142.83491134643555,0.0,29.331798553466797,0.0,0.0
143.06052207946777,0.0,29.323617935180664,0.0,0.0
143.28562927246094,0.0,29.26625633239746,0.0,0.0
143.5104696750641,0.0,29.139629364013672,0.0,0.0
143.736492395401,0.0,28.950666427612305,0.0,0.0
143.96162796020508,0.0,29.15559959411621,0.0,0.0
144.186537027359,0.0,29.490039825439453,0.0,0.0
144.41241097450256,0.0,29.641035079956055,0.0,0.0
144.6377625465393,0.0,30.101930618286133,0.0,0.0
144.86249995231628,0.0,30.491737365722656,0.0,0.0
145.08774209022522,0.0,30.79256248474121,0.0,0.0
145.31351566314697,0.0,31.088306427001953,0.0,0.0
145.5381019115448,0.0,31.254474639892578,0.0,0.0
145.76358938217163,0.0,31.479026794433594,0.0,0.0
145.98924732208252,0.0,31.506122589111328,0.0,0.0
146.21445965766907,0.0,31.080509185791016,0.0,0.0
146.43923592567444,0.0,31.272457122802734,0.0,0.0
146.66049361228943,0.0,31.470211029052734,0.0,0.0
146.88593697547913,0.0,31.598188400268555,0.0,0.0
147.11173510551453,0.0,31.73836898803711,0.0,0.0
147.34018659591675,0.0,31.439531326293945,0.0,0.0
147.56153392791748,0.0,31.57057762145996,0.0,0.0
147.7869644165039,0.0,31.66351890563965,0.0,0.0
148.01259636878967,0.0,31.74716567993164,0.0,0.0
148.23779034614563,0.0,31.82244873046875,0.0,0.0
148.46263003349304,0.0,31.915203094482422,0.0,0.0
148.6875467300415,0.0,31.973682403564453,0.0,0.0
148.91291546821594,0.0,32.02631378173828,0.0,0.0
149.13815426826477,0.0,32.04867935180664,0.0,0.0
149.3635938167572,0.0,32.09381103515625,0.0,0.0
149.58885502815247,0.0,32.10942840576172,0.0,0.0
149.81431984901428,0.0,32.173484802246094,0.0,0.0
150.03927278518677,0.0,32.20613479614258,0.0,0.0
150.26485991477966,0.0,32.260520935058594,0.0,0.0
150.4897701740265,0.0,32.25946807861328,0.0,0.0
150.71558475494385,0.0,32.25851821899414,0.0,0.0
150.94031882286072,0.0,32.28266525268555,0.0,0.0
151.16586995124817,0.0,32.279396057128906,0.0,0.0
151.3908495903015,0.0,32.301456451416016,0.0,0.0
151.61630964279175,0.0,32.321311950683594,0.0,0.0
151.8415641784668,0.0,32.33917999267578,0.0,0.0
152.06704688072205,0.0,32.355262756347656,0.0,0.0
152.2925786972046,0.0,32.394737243652344,0.0,0.0
152.5176420211792,0.0,32.43026351928711,0.0,0.0
152.74268770217896,0.0,32.46223831176758,0.0,0.0
152.96772861480713,0.0,32.49101257324219,0.0,0.0
153.18912553787231,0.0,32.516910552978516,0.0,0.0
153.41455841064453,0.0,32.540218353271484,0.0,0.0
153.6439666748047,0.0,32.561195373535156,0.0,0.0
153.8695683479309,0.0,32.555076599121094,0.0,0.0
154.08990740776062,0.0,32.57456970214844,0.0,0.0
154.31550478935242,0.0,32.59211349487305,0.0,0.0
154.54066586494446,0.0,32.60790252685547,0.0,0.0
154.76597046852112,0.0,32.62211227416992,0.0,0.0
154.9911766052246,0.0,32.559898376464844,0.0,0.0
155.21660995483398,0.0,32.57890701293945,0.0,0.0
155.44186687469482,0.0,32.52101516723633,0.0,0.0
155.66732692718506,0.0,32.568912506103516,0.0,0.0
155.89235305786133,0.0,32.512020111083984,0.0,0.0
156.11745882034302,0.0,32.51081848144531,0.0,0.0
156.3430540561676,0.0,32.53473663330078,0.0,0.0
156.56835341453552,0.0,32.5312614440918,0.0,0.0
156.7935585975647,0.0,32.503135681152344,0.0,0.0
157.01882982254028,0.0,32.50282287597656,0.0,0.0
157.24458765983582,0.0,32.4775390625,0.0,0.0
157.46915817260742,0.0,32.45478439331055,0.0,0.0
157.6947991847992,0.0,32.434303283691406,0.0,0.0
157.9197223186493,0.0,32.415870666503906,0.0,0.0
158.14479041099548,0.0,32.42428207397461,0.0,0.0
158.37077379226685,0.0,32.40685272216797,0.0,0.0
158.59565997123718,0.0,32.441165924072266,0.0,0.0
158.82069373130798,0.0,32.472049713134766,0.0,0.0
159.042462348938,0.0,32.49984359741211,0.0,0.0
159.26781010627747,0.0,32.49985885620117,0.0,0.0
159.49252581596375,0.0,32.524871826171875,0.0,0.0
159.71804213523865,0.0,32.547386169433594,0.0,0.0
159.94354367256165,0.0,32.56764602661133,0.0,0.0
160.16854739189148,0.0,32.585880279541016,0.0,0.0
160.39345240592957,0.0,32.577293395996094,0.0,0.0
160.6190321445465,0.0,32.56956481933594,0.0,0.0
160.84380912780762,0.0,32.51260757446289,0.0,0.0
161.06959414482117,0.0,32.48634719848633,0.0,0.0
161.29469466209412,0.0,32.462711334228516,0.0,0.0
161.5207166671753,0.0,32.46643829345703,0.0,0.0
161.74561166763306,0.0,32.46979522705078,0.0,0.0
161.97049164772034,0.0,32.472816467285156,0.0,0.0
162.19568490982056,0.0,32.45053482055664,0.0,0.0
162.42095160484314,0.0,32.43048095703125,0.0,0.0
162.64653158187866,0.0,32.38743209838867,0.0,0.0
162.87137913703918,0.0,32.373687744140625,0.0,0.0
163.0969603061676,0.0,32.33631896972656,0.0,0.0
163.3224458694458,0.0,32.32768630981445,0.0,0.0
163.54766488075256,0.0,32.26991653442383,0.0,0.0
163.7723572254181,0.0,32.26792526245117,0.0,0.0
163.99397158622742,0.0,32.26613235473633,0.0,0.0
164.2190341949463,0.0,32.289520263671875,0.0,0.0
164.44860339164734,0.0,32.28556823730469,0.0,0.0
164.67345571517944,0.0,32.28200912475586,0.0,0.0
164.89496302604675,0.0,32.303810119628906,0.0,0.0
165.12070035934448,0.0,32.323429107666016,0.0,0.0
165.3456687927246,0.0,32.366085052490234,0.0,0.0
165.5708646774292,0.0,32.379478454589844,0.0,0.0
165.79621624946594,0.0,32.39152908325195,0.0,0.0
166.0209858417511,0.0,32.377376556396484,0.0,0.0
166.24669885635376,0.0,32.41463851928711,0.0,0.0
166.47173762321472,0.0,32.39817428588867,0.0,0.0
166.69754695892334,0.0,32.408355712890625,0.0,0.0
166.92193484306335,0.0,32.4675178527832,0.0,0.0
167.1476447582245,0.0,32.47076416015625,0.0,0.0
167.37266182899475,0.0,32.523685455322266,0.0,0.0
167.59867024421692,0.0,32.54631805419922,0.0,0.0
167.82316780090332,0.0,32.56668472290039,0.0,0.0
168.04855871200562,0.0,32.635013580322266,0.0,0.0
168.27363276481628,0.0,32.696510314941406,0.0,0.0
168.49884128570557,0.0,32.72686004638672,0.0,0.0
168.7241714000702,0.0,32.7791748046875,0.0,0.0
168.9496259689331,0.0,32.826255798339844,0.0,0.0
169.1749460697174,0.0,32.79362869262695,0.0,0.0
169.40033292770386,0.0,32.814266204833984,0.0,0.0
169.62510871887207,0.0,32.807838439941406,0.0,0.0
169.85071277618408,0.0,32.82705307006836,0.0,0.0
170.07646703720093,0.0,32.744346618652344,0.0,0.0
170.3015787601471,0.0,32.71990966796875,0.0,0.0
170.5221381187439,0.0,32.672916412353516,0.0,0.0
170.7518093585968,0.0,32.63062286376953,0.0,0.0
170.9775424003601,0.0,32.592559814453125,0.0,0.0
171.20258235931396,0.0,32.533302307128906,0.0,0.0
171.42357778549194,0.0,32.47997283935547,0.0,0.0
171.6488754749298,0.0,32.431976318359375,0.0,0.0
171.87390565872192,0.0,32.38877868652344,0.0,0.0
172.09965991973877,0.0,32.32490158081055,0.0,0.0
172.32461714744568,0.0,32.24241256713867,0.0,0.0
172.55004215240479,0.0,32.16817092895508,0.0,0.0
172.775559425354,0.0,32.15135192871094,0.0,0.0
173.00017285346985,0.0,32.1112174987793,0.0,0.0
173.22577953338623,0.0,32.075096130371094,0.0,0.0
173.45112657546997,0.0,32.01758575439453,0.0,0.0
173.67662644386292,0.0,32.01582717895508,0.0,0.0
173.90164470672607,0.0,32.014244079589844,0.0,0.0
174.12645626068115,0.0,31.987817764282227,0.0,0.0
174.35217785835266,0.0,31.989036560058594,0.0,0.0
174.57699847221375,0.0,31.965131759643555,0.0,0.0
174.80245113372803,0.0,31.94361686706543,0.0,0.0
175.02769660949707,0.0,31.87425422668457,0.0,0.0
175.25287580490112,0.0,31.911828994750977,0.0,0.0
175.47871327400208,0.0,31.895645141601562,0.0,0.0
175.7038722038269,0.0,31.90608024597168,0.0,0.0
175.9290292263031,0.0,31.940471649169922,0.0,0.0
176.15381479263306,0.0,31.94642448425293,0.0,0.0
176.3756000995636,0.0,31.976781845092773,0.0,0.0
176.60071110725403,0.0,31.9541015625,0.0,0.0
176.82594394683838,0.0,31.48369026184082,0.0,0.0
177.0507333278656,0.0,31.185321807861328,0.0,0.0
177.2767415046692,0.0,31.366788864135742,0.0,0.0
177.50176358222961,0.0,31.530109405517578,0.0,0.0
177.7271101474762,0.0,31.72709846496582,0.0,0.0
177.95268392562866,0.0,31.854387283325195,0.0,0.0
178.1776418685913,0.0,31.96894645690918,0.0,0.0
178.40281128883362,0.0,32.072052001953125,0.0,0.0
178.62851405143738,0.0,32.16484451293945,0.0,0.0
178.8530731201172,0.0,32.24835968017578,0.0,0.0
179.07870602607727,0.0,32.3485221862793,0.0,0.0
179.30392217636108,0.0,32.33866882324219,0.0,0.0
179.52915930747986,0.0,32.32979965209961,0.0,0.0
179.75418996810913,0.0,32.271820068359375,0.0,0.0
179.97977685928345,0.0,31.869638442993164,0.0,0.0
180.20462656021118,0.0,31.932674407958984,0.0,0.0
180.42987847328186,0.0,31.589406967163086,0.0,0.0
180.65523886680603,0.0,31.58046531677246,0.0,0.0
180.8803358078003,0.0,31.497419357299805,0.0,0.0
181.1058144569397,0.0,31.297677993774414,0.0,0.0
181.32761025428772,0.0,31.34290885925293,0.0,0.0
181.55614972114563,0.0,31.108617782592773,0.0,0.0
181.7817268371582,0.0,30.99775505065918,0.0,0.0
182.00300908088684,0.0,31.097980499267578,0.0,0.0
182.22863912582397,0.0,31.013181686401367,0.0,0.0
182.45371532440186,0.0,30.911863327026367,0.0,0.0
182.6786859035492,0.0,31.47067642211914,0.0,0.0
182.90389370918274,0.0,31.9486083984375,0.0,0.0
183.12981247901917,0.0,31.85374641418457,0.0,0.0
183.35442399978638,0.0,31.76837158203125,0.0,0.0
183.5798282623291,0.0,31.591533660888672,0.0,0.0
183.80490803718567,0.0,31.407379150390625,0.0,0.0
184.03074598312378,0.0,31.266639709472656,0.0,0.0
184.25546526908875,0.0,31.13997459411621,0.0,0.0
184.48103260993958,0.0,31.07597541809082,0.0,0.0
184.70592617988586,0.0,31.043378829956055,0.0,0.0
184.93159794807434,0.0,31.014041900634766,0.0,0.0
185.15636467933655,0.0,31.012638092041016,0.0,0.0
185.3821520805359,0.0,31.036373138427734,0.0,0.0
185.60712027549744,0.0,31.082735061645508,0.0,0.0
185.83271384239197,0.0,31.049461364746094,0.0,0.0
186.05768060684204,0.0,31.094514846801758,0.0,0.0
186.28319764137268,0.0,31.1850643157959,0.0,0.0
186.50862622261047,0.0,31.266557693481445,0.0,0.0
186.73371529579163,0.0,31.339902877807617,0.0,0.0
186.95460319519043,0.0,31.405912399291992,0.0,0.0
187.18010902404785,0.0,31.540319442749023,0.0,0.0
187.40510892868042,0.0,31.661287307739258,0.0,0.0
187.63073539733887,0.0,31.795156478881836,0.0,0.0
187.8557105064392,0.0,31.940641403198242,0.0,0.0
188.0817310810089,0.0,32.07157516479492,0.0,0.0
188.3061327934265,0.0,32.21441650390625,0.0,0.0
188.53170466423035,0.0,32.34297180175781,0.0,0.0
188.75692439079285,0.0,32.43367385864258,0.0,0.0
188.98270654678345,0.0,32.540306091308594,0.0,0.0
189.20756769180298,0.0,32.63627243041992,0.0,0.0
189.4327347278595,0.0,32.747642517089844,0.0,0.0
189.65811967849731,0.0,32.847877502441406,0.0,0.0
189.88299703598022,0.0,32.96308898925781,0.0,0.0
190.10857701301575,0.0,33.06678009033203,0.0,0.0
190.33372473716736,0.0,33.16010284423828,0.0,0.0
190.55905628204346,0.0,33.294090270996094,0.0,0.0
190.78409385681152,0.0,33.33967971801758,0.0,0.0
191.00963735580444,0.0,33.480709075927734,0.0,0.0
191.23469829559326,0.0,33.582637786865234,0.0,0.0
191.45976376533508,0.0,33.59937286376953,0.0,0.0
191.68555235862732,0.0,33.68943405151367,0.0,0.0
191.91050672531128,0.0,33.74549102783203,0.0,0.0
192.13590359687805,0.0,33.84593963623047,0.0,0.0
192.36099863052368,0.0,33.96134567260742,0.0,0.0
192.58620619773865,0.0,33.9652099609375,0.0,0.0
192.81168270111084,0.0,34.068687438964844,0.0,0.0
193.03700494766235,0.0,34.21181869506836,0.0,0.0
193.2627272605896,0.0,34.315635681152344,0.0,0.0
193.4836220741272,0.0,34.4340705871582,0.0,0.0
193.70867252349854,0.0,34.515663146972656,0.0,0.0
193.93407368659973,0.0,34.614097595214844,0.0,0.0
194.15886998176575,0.0,34.67768859863281,0.0,0.0
194.3847050666809,0.0,34.759918212890625,0.0,0.0
194.6097173690796,0.0,34.858924865722656,0.0,0.0
194.83481407165527,0.0,34.94803237915039,0.0,0.0
195.06073307991028,0.0,35.028228759765625,0.0,0.0
195.28575229644775,0.0,35.07540512084961,0.0,0.0
195.5104696750641,0.0,35.092864990234375,0.0,0.0
195.73660492897034,0.0,35.13357925415039,0.0,0.0
195.9617040157318,0.0,35.17021942138672,0.0,0.0
196.18684220314026,0.0,35.22819519042969,0.0,0.0
196.4119474887848,0.0,35.255374908447266,0.0,0.0
196.63720870018005,0.0,35.25483703613281,0.0,0.0
196.86287784576416,0.0,35.279354095458984,0.0,0.0
197.0876145362854,0.0,35.30141830444336,0.0,0.0
197.3130705356598,0.0,35.2962760925293,0.0,0.0
197.53811478614807,0.0,35.34164810180664,0.0,0.0
197.76373744010925,0.0,35.35748291015625,0.0,0.0
197.98855233192444,0.0,35.396732330322266,0.0,0.0
198.21409702301025,0.0,35.40705871582031,0.0,0.0
198.43576407432556,0.0,35.416351318359375,0.0,0.0
198.6647663116455,0.0,35.47471618652344,0.0,0.0
198.8895707130432,0.0,35.47724533081055,0.0,0.0
199.1153678894043,0.0,35.55451965332031,0.0,0.0
199.33684611320496,0.0,35.574066162109375,0.0,0.0
199.56170415878296,0.0,35.56665802001953,0.0,0.0
199.78696584701538,0.0,35.63499069213867,0.0,0.0
200.0125494003296,0.0,35.69649124145508,0.0,0.0
200.23730492591858,0.0,35.7518424987793,0.0,0.0
200.4627377986908,0.0,35.801658630371094,0.0,0.0
200.68778657913208,0.0,35.89649200439453,0.0,0.0
200.9136824607849,0.0,35.956844329833984,0.0,0.0
201.13825631141663,0.0,36.03615951538086,0.0,0.0
201.36376571655273,0.0,36.107540130615234,0.0,0.0
201.58872199058533,0.0,36.171783447265625,0.0,0.0
201.81419610977173,0.0,36.2296028137207,0.0,0.0
202.03940296173096,0.0,36.281639099121094,0.0,0.0
202.26472973823547,0.0,36.35347366333008,0.0,0.0
202.4901967048645,0.0,36.493125915527344,0.0,0.0
202.71511435508728,0.0,36.493812561035156,0.0,0.0
202.94022178649902,0.0,36.544429779052734,0.0,0.0
203.16595029830933,0.0,36.639984130859375,0.0,0.0
203.39107990264893,0.0,36.72598648071289,0.0,0.0
203.61609482765198,0.0,36.80338668823242,0.0,0.0
203.8414351940155,0.0,36.848045349121094,0.0,0.0
204.06680393218994,0.0,36.93824005126953,0.0,0.0
204.28812885284424,0.0,37.01941680908203,0.0,0.0
204.51379776000977,0.0,37.04247283935547,0.0,0.0
204.7385699748993,0.0,37.13822555541992,0.0,0.0
204.96391582489014,0.0,37.19940185546875,0.0,0.0
205.1888666152954,0.0,37.25446319580078,0.0,0.0
205.41447162628174,0.0,37.279014587402344,0.0,0.0
205.6395320892334,0.0,37.326114654541016,0.0,0.0
205.86470437049866,0.0,37.36850357055664,0.0,0.0
206.09023594856262,0.0,37.4316520690918,0.0,0.0
206.31576013565063,0.0,37.48848342895508,0.0,0.0
206.54066944122314,0.0,37.58963394165039,0.0,0.0
206.76601672172546,0.0,37.655670166015625,0.0,0.0
206.9917254447937,0.0,37.690101623535156,0.0,0.0
207.2168252468109,0.0,37.72108840942383,0.0,0.0
207.44175457954407,0.0,37.79897689819336,0.0,0.0
207.66719698905945,0.0,37.844078063964844,0.0,0.0
207.892103433609,0.0,37.85966873168945,0.0,0.0
208.11778092384338,0.0,37.89870071411133,0.0,0.0
208.34301900863647,0.0,37.93383026123047,0.0,0.0
208.56869673728943,0.0,37.96544647216797,0.0,0.0
208.79368543624878,0.0,37.96889877319336,0.0,0.0
209.01880192756653,0.0,38.0720100402832,0.0,0.0
209.23964953422546,0.0,38.11480712890625,0.0,0.0
209.4696192741394,0.0,38.128326416015625,0.0,0.0
209.69442915916443,0.0,38.16549301147461,0.0,0.0
209.91975831985474,0.0,38.17394256591797,0.0,0.0
210.14084792137146,0.0,38.206546783447266,0.0,0.0
210.3659884929657,0.0,38.26089096069336,0.0,0.0
210.5916965007782,0.0,38.25979995727539,0.0,0.0
210.8168261051178,0.0,38.258819580078125,0.0,0.0
211.04193544387817,0.0,38.18293762207031,0.0,0.0
211.2677583694458,0.0,38.21464157104492,0.0,0.0
211.49284410476685,0.0,38.19317626953125,0.0,0.0
211.71784043312073,0.0,38.173858642578125,0.0,0.0
211.94305849075317,0.0,38.18147277832031,0.0,0.0
212.16877722740173,0.0,38.213321685791016,0.0,0.0
212.3938069343567,0.0,38.24198532104492,0.0,0.0
212.61886715888977,0.0,38.267784118652344,0.0,0.0
212.84428215026855,0.0,38.26600646972656,0.0,0.0
213.06987404823303,0.0,38.264404296875,0.0,0.0
213.2948341369629,0.0,38.23796081542969,0.0,0.0
213.52003574371338,0.0,38.21416473388672,0.0,0.0
213.74569034576416,0.0,38.192745208740234,0.0,0.0
213.97030448913574,0.0,38.17346954345703,0.0,0.0
214.1957459449768,0.0,38.15612030029297,0.0,0.0
214.4208378791809,0.0,38.140506744384766,0.0,0.0
214.64596271514893,0.0,38.201454162597656,0.0,0.0
214.8712990283966,0.0,38.15631103515625,0.0,0.0
215.0969796180725,0.0,38.11568069458008,0.0,0.0
215.3218274116516,0.0,37.92911148071289,0.0,0.0
215.54783058166504,0.0,37.71120071411133,0.0,0.0
215.77244353294373,0.0,37.56507873535156,0.0,0.0
215.9979157447815,0.0,37.38357162475586,0.0,0.0
216.22284531593323,0.0,37.14521408081055,0.0,0.0
216.4487750530243,0.0,37.00569152832031,0.0,0.0
216.66992902755737,0.0,36.880123138427734,0.0,0.0
216.89490485191345,0.0,36.79210662841797,0.0,0.0
217.12011456489563,0.0,36.63789749145508,0.0,0.0
217.34555220603943,0.0,36.59910583496094,0.0,0.0
217.57065773010254,0.0,36.56419372558594,0.0,0.0
217.79595518112183,0.0,36.58277130126953,0.0,0.0
218.02110075950623,0.0,36.599491119384766,0.0,0.0
218.24646663665771,0.0,36.589542388916016,0.0,0.0
218.47148656845093,0.0,36.65558624267578,0.0,0.0
218.69699048995972,0.0,36.6650276184082,0.0,0.0
218.92192244529724,0.0,36.7235221862793,0.0,0.0
219.14787030220032,0.0,36.801170349121094,0.0,0.0
219.37248063087463,0.0,36.87105178833008,0.0,0.0
219.5981786251068,0.0,36.958946228027344,0.0,0.0
219.8231611251831,0.0,37.088050842285156,0.0,0.0
220.04882407188416,0.0,37.229244232177734,0.0,0.0
220.27377891540527,0.0,37.35631561279297,0.0,0.0
220.49932193756104,0.0,37.445682525634766,0.0,0.0
220.72427034378052,0.0,37.576114654541016,0.0,0.0
220.9498643875122,0.0,37.69350051879883,0.0,0.0
221.17490482330322,0.0,37.774147033691406,0.0,0.0
221.4007511138916,0.0,37.921730041503906,0.0,0.0
221.6211919784546,0.0,37.97955322265625,0.0,0.0
221.84686136245728,0.0,38.081600189208984,0.0,0.0
222.07179999351501,0.0,38.19843673706055,0.0,0.0
222.29766273498535,0.0,38.50359344482422,0.0,0.0
222.52223825454712,0.0,39.4282341003418,0.0,0.0
222.74792790412903,0.0,40.26041030883789,0.0,0.0
222.97275471687317,0.0,40.93436813354492,0.0,0.0
223.19880867004395,0.0,40.76593017578125,0.0,0.0
223.42327785491943,0.0,40.689334869384766,0.0,0.0
223.64878821372986,0.0,40.59539794921875,0.0,0.0
223.8741090297699,0.0,40.58585739135742,0.0,0.0
224.09984874725342,0.0,40.5772705078125,0.0,0.0
224.32474565505981,0.0,40.569541931152344,0.0,0.0
224.5499267578125,0.0,40.53759002685547,0.0,0.0
224.77513074874878,0.0,40.63383102416992,0.0,0.0
225.00024127960205,0.0,40.7204475402832,0.0,0.0
225.22577357292175,0.0,40.77340316772461,0.0,0.0
225.4510269165039,0.0,40.84606170654297,0.0,0.0
225.67629408836365,0.0,40.88645553588867,0.0,0.0
225.90185570716858,0.0,40.947811126708984,0.0,0.0
226.1268994808197,0.0,41.05302810668945,0.0,0.0
226.3519787788391,0.0,41.12272262573242,0.0,0.0
226.57774472236633,0.0,41.185447692871094,0.0,0.0
226.80235147476196,0.0,41.266902923583984,0.0,0.0
227.0275478363037,0.0,41.365211486816406,0.0,0.0
227.24902844429016,0.0,41.45368957519531,0.0,0.0
227.47414469718933,0.0,41.558319091796875,0.0,0.0
227.69986128807068,0.0,41.65248489379883,0.0,0.0
227.92492938041687,0.0,41.73723602294922,0.0,0.0
228.15015244483948,0.0,42.56351089477539,0.0,0.0
228.37584400177002,0.0,43.307159423828125,0.0,0.0
228.6008734703064,0.0,43.976444244384766,0.0,0.0
228.82583498954773,0.0,44.17879867553711,0.0,0.0
229.05120182037354,0.0,44.060916900634766,0.0,0.0
229.27683544158936,0.0,43.97982406616211,0.0,0.0
229.50195860862732,0.0,44.006839752197266,0.0,0.0
229.72693181037903,0.0,44.056156158447266,0.0,0.0
229.9520571231842,0.0,44.10054016113281,0.0,0.0
230.17747616767883,0.0,44.14048767089844,0.0,0.0
230.4030146598816,0.0,44.17643737792969,0.0,0.0
230.62798500061035,0.0,44.18379211425781,0.0,0.0
230.85379457473755,0.0,44.19041061401367,0.0,0.0
231.07844758033752,0.0,44.19636917114258,0.0,0.0
231.30393290519714,0.0,44.17673110961914,0.0,0.0
231.52909302711487,0.0,44.1590576171875,0.0,0.0
231.75418829917908,0.0,44.16815185546875,0.0,0.0
231.97985363006592,0.0,44.25133514404297,0.0,0.0
232.20064163208008,0.0,44.326202392578125,0.0,0.0
232.42604517936707,0.0,44.443580627441406,0.0,0.0
232.6518201828003,0.0,44.54922103881836,0.0,0.0
232.8768379688263,0.0,44.619300842285156,0.0,0.0
233.1020314693451,0.0,44.807373046875,0.0,0.0
233.3272545337677,0.0,45.00163269042969,0.0,0.0
233.55305290222168,0.0,45.17646789550781,0.0,0.0
233.7780568599701,0.0,45.33382034301758,0.0,0.0
234.002676486969,0.0,45.50043869018555,0.0,0.0
234.22798991203308,0.0,45.60039520263672,0.0,0.0
234.4533977508545,0.0,45.79035568237305,0.0,0.0
234.67887496948242,0.0,45.98632049560547,0.0,0.0
234.90397572517395,0.0,46.162689208984375,0.0,0.0
235.12978053092957,0.0,46.3214225769043,0.0,0.0
235.35437774658203,0.0,46.46427917480469,0.0,0.0
235.57990217208862,0.0,46.59285354614258,0.0,0.0
235.80477905273438,0.0,46.73356628417969,0.0,0.0
236.0304033756256,0.0,46.860206604003906,0.0,0.0
236.25551462173462,0.0,46.99918746948242,0.0,0.0
236.48071336746216,0.0,47.124267578125,0.0,0.0
236.70583367347717,0.0,47.16183853149414,0.0,0.0
236.93188762664795,0.0,47.24565124511719,0.0,0.0
237.1564028263092,0.0,47.34608459472656,0.0,0.0
237.38209104537964,0.0,47.46147537231445,0.0,0.0
237.60724902153015,0.0,47.54032897949219,0.0,0.0
237.83302187919617,0.0,47.636295318603516,0.0,0.0
238.05779695510864,0.0,47.772666931152344,0.0,0.0
238.2830126285553,0.0,47.89540100097656,0.0,0.0
238.50872254371643,0.0,47.98086166381836,0.0,0.0
238.72991394996643,0.0,48.10777282714844,0.0,0.0
238.9544849395752,0.0,48.19699478149414,0.0,0.0
239.17992520332336,0.0,48.327293395996094,0.0,0.0
239.4099838733673,0.0,48.41956329345703,0.0,0.0
239.6309299468994,0.0,48.50260543823242,0.0,0.0
239.85565757751465,0.0,48.552345275878906,0.0,0.0
240.08105444908142,0.0,48.622108459472656,0.0,0.0
240.30629110336304,0.0,48.65989685058594,0.0,0.0
240.53144359588623,0.0,48.69390869140625,0.0,0.0
240.75645875930786,0.0,48.69951629638672,0.0,0.0
240.98187375068665,0.0,48.679561614990234,0.0,0.0
241.2075297832489,0.0,48.736602783203125,0.0,0.0
241.43287682533264,0.0,48.73794174194336,0.0,0.0
241.65801167488098,0.0,48.7641487121582,0.0,0.0
241.88332962989807,0.0,48.8127326965332,0.0,0.0
242.10858345031738,0.0,48.93145751953125,0.0,0.0
242.33399152755737,0.0,49.013309478759766,0.0,0.0
242.55906629562378,0.0,49.08697509765625,0.0,0.0
242.78400945663452,0.0,49.203277587890625,0.0,0.0
243.00917434692383,0.0,49.2829475402832,0.0,0.0
243.2349510192871,0.0,49.4046516418457,0.0,0.0
243.45992374420166,0.0,49.5391845703125,0.0,0.0
243.68183302879333,0.0,49.685264587402344,0.0,0.0
243.9108943939209,0.0,49.7917366027832,0.0,0.0
244.13611578941345,0.0,49.912559509277344,0.0,0.0
244.36114358901978,0.0,49.99630355834961,0.0,0.0
244.5829451084137,0.0,50.09667205810547,0.0,0.0
244.8073444366455,0.0,50.21200180053711,0.0,0.0
245.0329990386963,0.0,50.34080123901367,0.0,0.0
245.2581503391266,0.0,50.43172073364258,0.0,0.0
245.48392367362976,0.0,50.513545989990234,0.0,0.0
245.70893359184265,0.0,50.66218948364258,0.0,0.0
245.93395042419434,0.0,50.77096939086914,0.0,0.0
246.1592469215393,0.0,50.89387130737305,0.0,0.0
246.38496041297913,0.0,50.9794807434082,0.0,0.0
246.6099715232849,0.0,51.0565299987793,0.0,0.0
246.83492422103882,0.0,51.150875091552734,0.0,0.0
247.06033158302307,0.0,51.28578567504883,0.0,0.0
247.28592610359192,0.0,51.40720748901367,0.0,0.0
247.51092910766602,0.0,51.51648712158203,0.0,0.0
247.7363519668579,0.0,51.63983917236328,0.0,0.0
247.96184468269348,0.0,51.7508544921875,0.0,0.0
248.18646693229675,0.0,51.92576599121094,0.0,0.0
248.41185688972473,0.0,52.03318786621094,0.0,0.0
248.6371088027954,0.0,52.154869079589844,0.0,0.0
248.86287093162537,0.0,52.31438064575195,0.0,0.0
249.08755350112915,0.0,52.38294219970703,0.0,0.0
249.31300449371338,0.0,52.544647216796875,0.0,0.0
249.53413724899292,0.0,52.66518020629883,0.0,0.0
249.75990915298462,0.0,52.848663330078125,0.0,0.0
249.98483777046204,0.0,53.013797760009766,0.0,0.0
250.21403884887695,0.0,53.13741683959961,0.0,0.0
250.4353473186493,0.0,53.29867172241211,0.0,0.0
250.6609296798706,0.0,53.41880416870117,0.0,0.0
250.88593173027039,0.0,53.476924896240234,0.0,0.0
251.11084628105164,0.0,53.60422897338867,0.0,0.0
251.33620262145996,0.0,53.69380569458008,0.0,0.0
251.5613899230957,0.0,53.824424743652344,0.0,0.0
251.7867238521576,0.0,53.9169807434082,0.0,0.0
252.01203632354736,0.0,53.950279235839844,0.0,0.0
252.23719835281372,0.0,54.05524826049805,0.0,0.0
252.46294283866882,0.0,54.12472152709961,0.0,0.0
252.68764209747314,0.0,54.26224899291992,0.0,0.0
252.91326475143433,0.0,54.36102294921875,0.0,0.0
253.13809275627136,0.0,54.474918365478516,0.0,0.0
253.36368775367737,0.0,54.60242462158203,0.0,0.0
253.5885989665985,0.0,54.69218063354492,0.0,0.0
253.81416702270508,0.0,54.7729606628418,0.0,0.0
254.03935265541077,0.0,54.895660400390625,0.0,0.0
254.26505517959595,0.0,54.956092834472656,0.0,0.0
254.48995208740234,0.0,55.08548355102539,0.0,0.0
254.71494841575623,0.0,55.17693328857422,0.0,0.0
254.94063544273376,0.0,55.20923614501953,0.0,0.0
255.1659379005432,0.0,55.26331329345703,0.0,0.0
255.39066243171692,0.0,55.336978912353516,0.0,0.0
255.61614894866943,0.0,55.45328140258789,0.0,0.0
255.8419008255005,0.0,55.557952880859375,0.0,0.0
256.0629894733429,0.0,55.652156829833984,0.0,0.0
256.2877678871155,0.0,55.736942291259766,0.0,0.0
256.513475894928,0.0,55.8382453918457,0.0,0.0
256.74292397499084,0.0,55.904422760009766,0.0,0.0
256.9640882015228,0.0,55.93898010253906,0.0,0.0
257.18887758255005,0.0,55.9450798034668,0.0,0.0
257.4149658679962,0.0,55.97557067871094,0.0,0.0
257.6396851539612,0.0,56.003013610839844,0.0,0.0
257.8649764060974,0.0,56.0277099609375,0.0,0.0
258.0901186466217,0.0,56.0749397277832,0.0,0.0
258.31591963768005,0.0,56.1424446105957,0.0,0.0
258.5408601760864,0.0,56.128196716308594,0.0,0.0
258.76605010032654,0.0,56.16537857055664,0.0,0.0
258.991281747818,0.0,56.1988410949707,0.0,0.0
259.2169964313507,0.0,56.203956604003906,0.0,0.0
259.4420425891876,0.0,56.25856018066406,0.0,0.0
259.6670255661011,0.0,56.2577018737793,0.0,0.0
259.89248919487,0.0,56.28193283081055,0.0,0.0
260.11797976493835,0.0,56.25373840332031,0.0,0.0
260.34296131134033,0.0,56.27836608886719,0.0,0.0
260.56816935539246,0.0,56.250526428222656,0.0,0.0
260.79390048980713,0.0,56.25047302246094,0.0,0.0
261.01850509643555,0.0,56.27542495727539,0.0,0.0
261.24392914772034,0.0,56.322879791259766,0.0,0.0
261.4694516658783,0.0,56.39059066772461,0.0,0.0
261.69498562812805,0.0,56.42652893066406,0.0,0.0
261.915650844574,0.0,56.4588737487793,0.0,0.0
262.14079093933105,0.0,56.48798370361328,0.0,0.0
262.36620116233826,0.0,56.5391845703125,0.0,0.0
262.59190487861633,0.0,56.58526611328125,0.0,0.0
262.81704688072205,0.0,56.60173797607422,0.0,0.0
263.04198598861694,0.0,56.61656188964844,0.0,0.0
263.26733589172363,0.0,56.654903411865234,0.0,0.0
263.4929406642914,0.0,56.66440963745117,0.0,0.0
263.7180001735687,0.0,56.62296676635742,0.0,0.0
263.9430613517761,0.0,56.66067123413086,0.0,0.0
264.16854095458984,0.0,56.694602966308594,0.0,0.0
264.3941984176636,0.0,56.775142669677734,0.0,0.0
264.61863231658936,0.0,56.79762649536133,0.0,0.0
264.8442063331604,0.0,56.867862701416016,0.0,0.0
265.0697913169861,0.0,56.93107604980469,0.0,0.0
265.2949962615967,0.0,57.037967681884766,0.0,0.0
265.5198345184326,0.0,57.10917282104492,0.0,0.0
265.7452390193939,0.0,57.173255920410156,0.0,0.0
265.9705686569214,0.0,57.205928802490234,0.0,0.0
266.1960253715515,0.0,57.18533706665039,0.0,0.0
266.42078280448914,0.0,57.216800689697266,0.0,0.0
266.64636731147766,0.0,57.245121002197266,0.0,0.0
266.867999792099,0.0,57.270606994628906,0.0,0.0
267.09298038482666,0.0,57.2685432434082,0.0,0.0
267.32184886932373,0.0,57.266685485839844,0.0,0.0
267.54329895973206,0.0,57.31501770019531,0.0,0.0
267.76845049858093,0.0,57.358516693115234,0.0,0.0
267.99382042884827,0.0,57.397666931152344,0.0,0.0
268.21900606155396,0.0,57.40789794921875,0.0,0.0
268.44453835487366,0.0,57.41710662841797,0.0,0.0
268.6695511341095,0.0,57.500396728515625,0.0,0.0
268.89455795288086,0.0,57.575355529785156,0.0,0.0
269.1200280189514,0.0,57.61781692504883,0.0,0.0
269.3457655906677,0.0,57.75603485107422,0.0,0.0
269.57048988342285,0.0,57.88043212890625,0.0,0.0
269.79606080055237,0.0,58.01738739013672,0.0,0.0
270.0210485458374,0.0,58.06564712524414,0.0,0.0
270.24697709083557,0.0,58.18408203125,0.0,0.0
270.47176456451416,0.0,58.290672302246094,0.0,0.0
270.6970589160919,0.0,58.38660430908203,0.0,0.0
270.922061920166,0.0,58.44794464111328,0.0,0.0
271.1477346420288,0.0,58.52814865112305,0.0,0.0
271.3725275993347,0.0,58.65032958984375,0.0,0.0
271.598237991333,0.0,58.760292053222656,0.0,0.0
271.82334756851196,0.0,58.88426208496094,0.0,0.0
272.04903197288513,0.0,58.97083282470703,0.0,0.0
272.27393436431885,0.0,59.07374954223633,0.0,0.0
272.49507188796997,0.0,59.191375732421875,0.0,0.0
272.720187664032,0.0,59.322235107421875,0.0,0.0
272.94606256484985,0.0,59.46501159667969,0.0,0.0
273.1706099510193,0.0,59.51850891113281,0.0,0.0
273.39621448516846,0.0,59.641658782958984,0.0,0.0
273.6212258338928,0.0,59.75249099731445,0.0,0.0
273.8468155860901,0.0,59.85224151611328,0.0,0.0
274.071697473526,0.0,59.96701431274414,0.0,0.0
274.29710054397583,0.0,60.09531021118164,0.0,0.0
274.52259850502014,0.0,60.1607780456543,0.0,0.0
274.7480585575104,0.0,60.194698333740234,0.0,0.0
274.97294759750366,0.0,60.22522735595703,0.0,0.0
275.1980996131897,0.0,60.27770233154297,0.0,0.0
275.42346596717834,0.0,60.34992980957031,0.0,0.0
275.64867520332336,0.0,60.41493225097656,0.0,0.0
275.87410020828247,0.0,60.44843673706055,0.0,0.0
276.09952116012573,0.0,60.50358963012695,0.0,0.0
276.32498598098755,0.0,60.57822799682617,0.0,0.0
276.54968309402466,0.0,60.670406341552734,0.0,0.0
276.77507042884827,0.0,60.70336151123047,0.0,0.0
277.0003755092621,0.0,60.75802230834961,0.0,0.0
277.22607231140137,0.0,60.807220458984375,0.0,0.0
277.45108294487,0.0,60.851497650146484,0.0,0.0
277.6762099266052,0.0,60.94134521484375,0.0,0.0
277.9015371799469,0.0,60.99721145629883,0.0,0.0
278.12696409225464,0.0,61.09748840332031,0.0,0.0
278.3517472743988,0.0,61.13774108886719,0.0,0.0
278.5772821903229,0.0,61.1989631652832,0.0,0.0
278.8028120994568,0.0,61.229068756103516,0.0,0.0
279.024041891098,0.0,61.281158447265625,0.0,0.0
279.24905133247375,0.0,61.27804183959961,0.0,0.0
279.4744312763214,0.0,61.30023956298828,0.0,0.0
279.7001087665558,0.0,61.22021484375,0.0,0.0
279.9250445365906,0.0,61.22319030761719,0.0,0.0
280.15011382102966,0.0,61.225868225097656,0.0,0.0
280.37535858154297,0.0,61.25328063964844,0.0,0.0
280.60108256340027,0.0,61.30295181274414,0.0,0.0
280.8257100582123,0.0,61.34765625,0.0,0.0
281.05092787742615,0.0,61.38788986206055,0.0,0.0
281.27631521224976,0.0,61.39910125732422,0.0,0.0
281.5021438598633,0.0,61.359188079833984,0.0,0.0
281.7270050048828,0.0,61.29826736450195,0.0,0.0
281.9525029659271,0.0,61.29343795776367,0.0,0.0
282.1779947280884,0.0,61.289093017578125,0.0,0.0
282.4027290344238,0.0,61.210182189941406,0.0,0.0
282.6276664733887,0.0,61.164161682128906,0.0,0.0
282.8531939983368,0.0,61.147743225097656,0.0,0.0
283.0790476799011,0.0,61.05796813964844,0.0,0.0
283.30348920822144,0.0,60.9771728515625,0.0,0.0
283.5292091369629,0.0,60.9294548034668,0.0,0.0
283.7543137073517,0.0,60.9115104675293,0.0,0.0
283.97598671913147,0.0,60.89535903930664,0.0,0.0
284.2005639076233,0.0,60.93082046508789,0.0,0.0
284.42620038986206,0.0,61.01273727416992,0.0,0.0
284.65510606765747,0.0,61.1114616394043,0.0,0.0
284.8767795562744,0.0,61.200313568115234,0.0,0.0
285.1021354198456,0.0,61.28028106689453,0.0,0.0
285.3271384239197,0.0,61.37725067138672,0.0,0.0
285.5526616573334,0.0,61.43952560424805,0.0,0.0
285.7774269580841,0.0,61.49557113647461,0.0,0.0
286.0028324127197,0.0,61.596012115478516,0.0,0.0
286.22790241241455,0.0,61.68640899658203,0.0,0.0
286.4533417224884,0.0,61.84276580810547,0.0,0.0
286.67907762527466,0.0,61.93349075317383,0.0,0.0
286.9037687778473,0.0,62.040138244628906,0.0,0.0
287.12926387786865,0.0,62.13612365722656,0.0,0.0
287.3541843891144,0.0,62.22250747680664,0.0,0.0
287.5800783634186,0.0,62.2752571105957,0.0,0.0
287.80483651161194,0.0,62.322731018066406,0.0,0.0
288.030375957489,0.0,62.36545944213867,0.0,0.0
288.255606174469,0.0,62.42891311645508,0.0,0.0
288.4811477661133,0.0,62.53601837158203,0.0,0.0
288.70607233047485,0.0,62.657413482666016,0.0,0.0
288.9310429096222,0.0,62.716670989990234,0.0,0.0
289.15699315071106,0.0,62.79500198364258,0.0,0.0
289.3821403980255,0.0,62.86549758911133,0.0,0.0
289.6070773601532,0.0,62.9289436340332,0.0,0.0
289.82847809791565,0.0,62.986045837402344,0.0,0.0
290.05353808403015,0.0,62.93743896484375,0.0,0.0
290.2791283130646,0.0,62.91869354248047,0.0,0.0
290.5040650367737,0.0,62.87682342529297,0.0,0.0
290.72954630851746,0.0,63.06413650512695,0.0,0.0
290.95449447631836,0.0,63.98271942138672,0.0,0.0
291.18015336990356,0.0,64.9094467163086,0.0,0.0
291.4050738811493,0.0,67.76850128173828,0.0,0.0
291.63045501708984,0.0,70.816650390625,0.0,0.0
291.8560061454773,0.0,73.9599838256836,0.0,0.0
292.08076453208923,0.0,76.31398010253906,0.0,0.0
292.3062210083008,0.0,77.15757751464844,0.0,0.0
292.53133749961853,0.0,76.89181518554688,0.0,0.0
292.7568562030792,0.0,76.77762603759766,0.0,0.0
292.9821903705597,0.0,76.64986419677734,0.0,0.0
293.2071521282196,0.0,76.90988159179688,0.0,0.0
293.4327759742737,0.0,77.0938949584961,0.0,0.0
293.6581039428711,0.0,77.18450927734375,0.0,0.0
293.8829348087311,0.0,77.14105987548828,0.0,0.0
294.1085283756256,0.0,77.00194549560547,0.0,0.0
294.33411502838135,0.0,76.87674713134766,0.0,0.0
294.5587980747223,0.0,76.66407012939453,0.0,0.0
294.78025364875793,0.0,76.39765930175781,0.0,0.0
295.00550150871277,0.0,76.05789184570312,0.0,0.0
295.23579931259155,0.0,75.72710418701172,0.0,0.0
295.4601662158966,0.0,75.37938690185547,0.0,0.0
295.6813428401947,0.0,75.06644439697266,0.0,0.0
295.9065041542053,0.0,73.63479614257812,0.0,0.0
296.13206601142883,0.0,71.6213150024414,0.0,0.0
296.3570408821106,0.0,71.20918273925781,0.0,0.0
296.58225321769714,0.0,70.23826599121094,0.0,0.0
296.8080449104309,0.0,70.06443786621094,0.0,0.0
297.03313159942627,0.0,69.95799255371094,0.0,0.0
297.258118391037,0.0,69.86219024658203,0.0,0.0
297.48351073265076,0.0,69.50096893310547,0.0,0.0
297.7092401981354,0.0,68.97586822509766,0.0,0.0
297.93414855003357,0.0,68.40328216552734,0.0,0.0
298.15918231010437,0.0,67.83795166015625,0.0,0.0
298.38423371315,0.0,67.1541519165039,0.0,0.0
298.61009430885315,0.0,66.46373748779297,0.0,0.0
298.83512711524963,0.0,65.79236602783203,0.0,0.0
299.0601351261139,0.0,65.13813018798828,0.0,0.0
299.28590178489685,0.0,64.49931335449219,0.0,0.0
299.5111663341522,0.0,64.74938201904297,0.0,0.0
299.7358558177948,0.0,65.99944305419922,0.0,0.0
299.9614269733429,0.0,66.82450103759766,0.0,0.0
300.1864604949951,0.0,66.06704711914062,0.0,0.0
300.4121205806732,0.0,65.23534393310547,0.0,0.0
300.63690161705017,0.0,64.48680877685547,0.0,0.0
300.8625066280365,0.0,63.738128662109375,0.0,0.0
301.0873794555664,0.0,62.96431350708008,0.0,0.0
301.30912947654724,0.0,62.1928825378418,0.0,0.0
301.5342137813568,0.0,61.473594665527344,0.0,0.0
301.7635533809662,0.0,60.726234436035156,0.0,0.0
301.9886839389801,0.0,60.00360870361328,0.0,0.0
302.21011185646057,0.0,59.3282470703125,0.0,0.0
302.43566489219666,0.0,58.64542007446289,0.0,0.0
302.66049790382385,0.0,57.88087463378906,0.0,0.0
302.88581132888794,0.0,57.142784118652344,0.0,0.0
303.1111595630646,0.0,56.40350341796875,0.0,0.0
303.3360514640808,0.0,55.66315460205078,0.0,0.0
303.562043428421,0.0,54.946834564208984,0.0,0.0
303.7865607738495,0.0,54.25214767456055,0.0,0.0
304.0121703147888,0.0,53.601932525634766,0.0,0.0
304.237056016922,0.0,52.94173812866211,0.0,0.0
304.4630687236786,0.0,52.32256317138672,0.0,0.0
304.6876037120819,0.0,51.74030685424805,0.0,0.0
304.9131953716278,0.0,51.19127655029297,0.0,0.0
305.1381793022156,0.0,50.697147369384766,0.0,0.0
305.3635039329529,0.0,50.17742919921875,0.0,0.0
305.5889594554901,0.0,49.65968322753906,0.0,0.0
305.8138699531555,0.0,49.1687126159668,0.0,0.0
306.03951239585876,0.0,48.90184020996094,0.0,0.0
306.2651779651642,0.0,48.61165237426758,0.0,0.0
306.49007201194763,0.0,48.375484466552734,0.0,0.0
306.7153263092041,0.0,48.21293258666992,0.0,0.0
306.94053411483765,0.0,48.141639709472656,0.0,0.0
307.16217041015625,0.0,47.80247116088867,0.0,0.0
307.3868043422699,0.0,47.44722366333008,0.0,0.0
307.6122901439667,0.0,47.15250015258789,0.0,0.0
307.83735251426697,0.0,46.88724899291992,0.0,0.0
308.0632121562958,0.0,46.59852600097656,0.0,0.0
308.2878816127777,0.0,46.18867111206055,0.0,0.0
308.5131528377533,0.0,45.819801330566406,0.0,0.0
308.7383670806885,0.0,45.56282043457031,0.0,0.0
308.963582277298,0.0,45.25653839111328,0.0,0.0
309.18905663490295,0.0,45.055885314941406,0.0,0.0
309.4144117832184,0.0,44.925296783447266,0.0,0.0
309.6400556564331,0.0,44.78276443481445,0.0,0.0
309.8652231693268,0.0,44.70448684692383,0.0,0.0
310.09016370773315,0.0,44.634037017822266,0.0,0.0
310.3155481815338,0.0,44.6456298828125,0.0,0.0
310.5411524772644,0.0,44.631065368652344,0.0,0.0
310.7660596370697,0.0,44.7929573059082,0.0,0.0
310.99123525619507,0.0,44.93865966796875,0.0,0.0
311.21624422073364,0.0,45.16979217529297,0.0,0.0
311.44224286079407,0.0,45.27781295776367,0.0,0.0
311.66722893714905,0.0,45.375030517578125,0.0,0.0
311.89243268966675,0.0,45.48752975463867,0.0,0.0
312.1135947704315,0.0,45.56377410888672,0.0,0.0
312.3388304710388,0.0,45.7073974609375,0.0,0.0
312.5681927204132,0.0,46.0866584777832,0.0,0.0
312.78925824165344,0.0,46.3279914855957,0.0,0.0
313.0151045322418,0.0,46.8201904296875,0.0,0.0
313.24015641212463,0.0,47.3631706237793,0.0,0.0
313.4651780128479,0.0,47.72685241699219,0.0,0.0
313.69022130966187,0.0,48.05416488647461,0.0,0.0
313.9156565666199,0.0,47.52375030517578,0.0,0.0
314.14109230041504,0.0,47.34637451171875,0.0,0.0
314.36621141433716,0.0,47.73673629760742,0.0,0.0
314.59127831459045,0.0,47.81306076049805,0.0,0.0
314.81725788116455,0.0,48.481754302978516,0.0,0.0
315.04219126701355,0.0,48.38357925415039,0.0,0.0
315.26731967926025,0.0,48.24522018432617,0.0,0.0
315.49256920814514,0.0,48.09569549560547,0.0,0.0
315.71820163726807,0.0,47.936126708984375,0.0,0.0
315.9432227611542,0.0,47.71751403808594,0.0,0.0
316.16836953163147,0.0,47.54576110839844,0.0,0.0
316.3937203884125,0.0,47.36618423461914,0.0,0.0
316.61900877952576,0.0,47.12956619262695,0.0,0.0
316.8440182209015,0.0,46.91660690307617,0.0,0.0
317.06947112083435,0.0,46.69994354248047,0.0,0.0
317.29516077041626,0.0,46.42995071411133,0.0,0.0
317.5197455883026,0.0,46.48695373535156,0.0,0.0
317.7411787509918,0.0,46.63825607299805,0.0,0.0
317.9663197994232,0.0,46.52442932128906,0.0,0.0
318.19210171699524,0.0,47.1719856262207,0.0,0.0
318.41732239723206,0.0,48.629783630371094,0.0,0.0
318.642201423645,0.0,49.291805267333984,0.0,0.0
318.8676607608795,0.0,50.03762435913086,0.0,0.0
319.0927348136902,0.0,50.38385772705078,0.0,0.0
319.3182439804077,0.0,50.42047119140625,0.0,0.0
319.543310880661,0.0,50.67842102050781,0.0,0.0
319.7687714099884,0.0,50.935577392578125,0.0,0.0
319.9939181804657,0.0,51.01701736450195,0.0,0.0
320.2189025878906,0.0,51.040313720703125,0.0,0.0
320.4443564414978,0.0,51.086280822753906,0.0,0.0
320.669451713562,0.0,51.12765121459961,0.0,0.0
320.8953652381897,0.0,51.164886474609375,0.0,0.0
321.119891166687,0.0,51.27339553833008,0.0,0.0
321.34537410736084,0.0,51.44605255126953,0.0,0.0
321.57059359550476,0.0,51.65144348144531,0.0,0.0
321.79620575904846,0.0,51.91129684448242,0.0,0.0
322.02105712890625,0.0,52.170166015625,0.0,0.0
322.2465465068817,0.0,52.42814636230469,0.0,0.0
322.47139525413513,0.0,52.51033020019531,0.0,0.0
322.69759225845337,0.0,52.559295654296875,0.0,0.0
322.9221889972687,0.0,52.62836456298828,0.0,0.0
323.1475782394409,0.0,52.690528869628906,0.0,0.0
323.372581243515,0.0,52.846473693847656,0.0,0.0
323.5982413291931,0.0,53.03682327270508,0.0,0.0
323.8232686519623,0.0,53.258140563964844,0.0,0.0
324.0487735271454,0.0,53.50732421875,0.0,0.0
324.26957178115845,0.0,53.731590270996094,0.0,0.0
324.4953062534332,0.0,53.95842742919922,0.0,0.0
324.72014236450195,0.0,54.21258544921875,0.0,0.0
324.9453637599945,0.0,54.416324615478516,0.0,0.0
325.1706395149231,0.0,54.69968795776367,0.0,0.0
325.396297454834,0.0,54.97971725463867,0.0,0.0
325.6212272644043,0.0,55.18174362182617,0.0,0.0
325.8470718860626,0.0,55.41356658935547,0.0,0.0
326.07172536849976,0.0,55.64720916748047,0.0,0.0
326.29726338386536,0.0,55.857486724853516,0.0,0.0
326.5224015712738,0.0,56.07173538208008,0.0,0.0
326.7480375766754,0.0,56.06455993652344,0.0,0.0
326.9730007648468,0.0,56.08310317993164,0.0,0.0
327.1983428001404,0.0,56.124794006347656,0.0,0.0
327.4235329627991,0.0,56.187313079833984,0.0,0.0
327.6492655277252,0.0,56.193580627441406,0.0,0.0
327.8742480278015,0.0,56.27422332763672,0.0,0.0
328.09936571121216,0.0,56.3468017578125,0.0,0.0
328.32464051246643,0.0,56.4121208190918,0.0,0.0
328.55034494400024,0.0,56.52090835571289,0.0,0.0
328.7752261161804,0.0,56.54381561279297,0.0,0.0
329.0001895427704,0.0,56.63943099975586,0.0,0.0
329.2213809490204,0.0,56.75048828125,0.0,0.0
329.44722747802734,0.0,56.825439453125,0.0,0.0
329.6759035587311,0.0,56.942893981933594,0.0,0.0
329.90149092674255,0.0,57.04860305786133,0.0,0.0
330.12276577949524,0.0,57.19374084472656,0.0,0.0
330.3478789329529,0.0,57.249366760253906,0.0,0.0
330.5728507041931,0.0,57.32442855834961,0.0,0.0
330.7984504699707,0.0,57.39198303222656,0.0,0.0
331.023695230484,0.0,57.477783203125,0.0,0.0
331.24924659729004,0.0,57.58000183105469,0.0,0.0
331.47398614883423,0.0,57.64699935913086,0.0,0.0
331.69968152046204,0.0,57.707298278808594,0.0,0.0
331.92525911331177,0.0,57.786563873291016,0.0,0.0
332.1502995491028,0.0,57.88290786743164,0.0,0.0
332.37548828125,0.0,57.9696159362793,0.0,0.0
332.60028982162476,0.0,58.04765319824219,0.0,0.0
332.8262605667114,0.0,58.142887115478516,0.0,0.0
333.05131816864014,0.0,58.228599548339844,0.0,0.0
333.2764129638672,0.0,58.30574035644531,0.0,0.0
333.50206780433655,0.0,58.40016555786133,0.0,0.0
333.7273075580597,0.0,58.51014709472656,0.0,0.0
333.952027797699,0.0,58.584129333496094,0.0,0.0
334.17744040489197,0.0,58.675716400146484,0.0,0.0
334.40258836746216,0.0,58.78314208984375,0.0,0.0
334.6283037662506,0.0,58.854827880859375,0.0,0.0
334.8531274795532,0.0,58.91934585571289,0.0,0.0
335.07442355155945,0.0,59.00240707397461,0.0,0.0
335.3002812862396,0.0,59.07716369628906,0.0,0.0
335.5251317024231,0.0,59.14444351196289,0.0,0.0
335.7502965927124,0.0,59.154998779296875,0.0,0.0
335.9755165576935,0.0,59.16449737548828,0.0,0.0
336.2013761997223,0.0,59.148048400878906,0.0,0.0
336.42569971084595,0.0,59.158241271972656,0.0,0.0
336.65138483047485,0.0,59.167415618896484,0.0,0.0
336.87651467323303,0.0,59.150672912597656,0.0,0.0
337.10205578804016,0.0,59.085601806640625,0.0,0.0
337.32739877700806,0.0,59.02703857421875,0.0,0.0
337.55209374427795,0.0,58.999332427978516,0.0,0.0
337.77774024009705,0.0,58.949398040771484,0.0,0.0
338.00272035598755,0.0,59.82946014404297,0.0,0.0
338.22834038734436,0.0,59.47151184082031,0.0,0.0
338.45326137542725,0.0,58.89936065673828,0.0,0.0
338.6791818141937,0.0,58.259422302246094,0.0,0.0
338.9037330150604,0.0,58.20848083496094,0.0,0.0
339.1292450428009,0.0,58.23762893676758,0.0,0.0
339.3541967868805,0.0,57.88886260986328,0.0,0.0
339.5802595615387,0.0,57.324974060058594,0.0,0.0
339.80481243133545,0.0,57.74247741699219,0.0,0.0
340.0263545513153,0.0,57.643226623535156,0.0,0.0
340.25167083740234,0.0,56.60390090942383,0.0,0.0
340.48104333877563,0.0,56.16850662231445,0.0,0.0
340.70623660087585,0.0,55.30165481567383,0.0,0.0
340.9313609600067,0.0,54.99648666381836,0.0,0.0
341.1567072868347,0.0,54.4968376159668,0.0,0.0
341.3816342353821,0.0,54.5721549987793,0.0,0.0
341.60285568237305,0.0,54.61493682861328,0.0,0.0
341.82839035987854,0.0,54.32844161987305,0.0,0.0
342.05344009399414,0.0,53.72059631347656,0.0,0.0
342.27869963645935,0.0,54.44853210449219,0.0,0.0
342.50388765335083,0.0,54.30367660522461,0.0,0.0
342.7292664051056,0.0,54.29830551147461,0.0,0.0
342.9545090198517,0.0,53.993473052978516,0.0,0.0
343.18044900894165,0.0,53.694122314453125,0.0,0.0
343.4054117202759,0.0,53.349708557128906,0.0,0.0
343.63057017326355,0.0,52.9897346496582,0.0,0.0
343.8557674884796,0.0,52.69076156616211,0.0,0.0
344.08134508132935,0.0,52.37168502807617,0.0,0.0
344.3060693740845,0.0,51.95951461791992,0.0,0.0
344.5317032337189,0.0,51.5385627746582,0.0,0.0
344.75729393959045,0.0,52.034706115722656,0.0,0.0
344.98235750198364,0.0,52.65623474121094,0.0,0.0
345.20732736587524,0.0,53.290611267089844,0.0,0.0
345.4328291416168,0.0,54.486549377441406,0.0,0.0
345.6579921245575,0.0,54.862892150878906,0.0,0.0
345.8829610347748,0.0,54.976600646972656,0.0,0.0
346.1084260940552,0.0,55.12894058227539,0.0,0.0
346.3342356681824,0.0,54.86604690551758,0.0,0.0
346.55498003959656,0.0,54.50444030761719,0.0,0.0
346.7803325653076,0.0,54.303993225097656,0.0,0.0
347.00944542884827,0.0,53.32359313964844,0.0,0.0
347.2352170944214,0.0,52.241233825683594,0.0,0.0
347.45626401901245,0.0,51.86710739135742,0.0,0.0
347.6813714504242,0.0,51.10539627075195,0.0,0.0
347.90642976760864,0.0,50.194854736328125,0.0,0.0
348.13225984573364,0.0,50.150367736816406,0.0,0.0
348.35731387138367,0.0,50.085330963134766,0.0,0.0
348.5823860168457,0.0,49.70179748535156,0.0,0.0
348.80756068229675,0.0,49.306617736816406,0.0,0.0
349.0325572490692,0.0,49.1009521484375,0.0,0.0
349.25832295417786,0.0,48.715858459472656,0.0,0.0
349.4835000038147,0.0,48.46927261352539,0.0,0.0
349.70876240730286,0.0,48.22234344482422,0.0,0.0
349.9344358444214,0.0,48.025108337402344,0.0,0.0
350.1594624519348,0.0,47.5475959777832,0.0,0.0
350.3844516277313,0.0,46.96783447265625,0.0,0.0
350.6095235347748,0.0,46.446048736572266,0.0,0.0
350.8352243900299,0.0,46.001441955566406,0.0,0.0
351.0604193210602,0.0,45.90129852294922,0.0,0.0
351.2855086326599,0.0,45.5611686706543,0.0,0.0
351.5114710330963,0.0,45.10504913330078,0.0,0.0
351.7359347343445,0.0,44.619544982910156,0.0,0.0
351.9614779949188,0.0,44.50758743286133,0.0,0.0
352.18650913238525,0.0,44.35682678222656,0.0,0.0
352.40834307670593,0.0,44.771141052246094,0.0,0.0
352.6334855556488,0.0,45.14402389526367,0.0,0.0
352.85835552215576,0.0,45.40462112426758,0.0,0.0
353.083571434021,0.0,45.21415710449219,0.0,0.0
353.30898237228394,0.0,45.092742919921875,0.0,0.0
353.5344054698944,0.0,44.85847091674805,0.0,0.0
353.7595648765564,0.0,44.59762191772461,0.0,0.0
353.9849021434784,0.0,44.237857818603516,0.0,0.0
354.21036314964294,0.0,44.03907012939453,0.0,0.0
354.4353573322296,0.0,43.78516387939453,0.0,0.0
354.6604435443878,0.0,43.35664749145508,0.0,0.0
354.88567781448364,0.0,43.14598083496094,0.0,0.0
355.1114275455475,0.0,43.1563835144043,0.0,0.0
355.3360438346863,0.0,43.06574249267578,0.0,0.0
355.5617108345032,0.0,43.85916519165039,0.0,0.0
355.7867851257324,0.0,44.59824752807617,0.0,0.0
356.0124053955078,0.0,45.11341857910156,0.0,0.0
356.2371680736542,0.0,45.57707595825195,0.0,0.0
356.4626064300537,0.0,46.044368743896484,0.0,0.0
356.68760800361633,0.0,46.98992919921875,0.0,0.0
356.91342186927795,0.0,47.29093551635742,0.0,0.0
357.138160943985,0.0,47.361839294433594,0.0,0.0
357.3596167564392,0.0,47.70065689086914,0.0,0.0
357.5889801979065,0.0,48.08059310913086,0.0,0.0
357.814412355423,0.0,48.447532653808594,0.0,0.0
358.0352358818054,0.0,48.602779388427734,0.0,0.0
358.26066422462463,0.0,48.79249954223633,0.0,0.0
358.485878944397,0.0,49.238250732421875,0.0,0.0
358.71128392219543,0.0,49.41442108154297,0.0,0.0
358.93670201301575,0.0,49.64797592163086,0.0,0.0
359.1619277000427,0.0,49.6331787109375,0.0,0.0
359.3868246078491,0.0,49.8698616027832,0.0,0.0
359.61241364479065,0.0,49.8328742980957,0.0,0.0
359.83740735054016,0.0,50.04958724975586,0.0,0.0
360.06331038475037,0.0,49.86962890625,0.0,0.0
360.28773069381714,0.0,49.582664489746094,0.0,0.0
360.51353216171265,0.0,50.37439727783203,0.0,0.0
360.7385263442993,0.0,50.33695602416992,0.0,0.0
360.96360063552856,0.0,50.07826232910156,0.0,0.0
361.1892912387848,0.0,49.9454345703125,0.0,0.0
361.41453886032104,0.0,49.6508903503418,0.0,0.0
361.63972759246826,0.0,49.08580017089844,0.0,0.0
361.8650200366974,0.0,48.67721939086914,0.0,0.0
362.09007000923157,0.0,48.259498596191406,0.0,0.0
362.3156065940857,0.0,47.98354721069336,0.0,0.0
362.54045271873474,0.0,47.5851936340332,0.0,0.0
362.7664954662323,0.0,47.27667236328125,0.0,0.0
362.9913766384125,0.0,46.99900436401367,0.0,0.0
363.2163665294647,0.0,46.72410202026367,0.0,0.0
363.4424386024475,0.0,46.476688385009766,0.0,0.0
363.66741919517517,0.0,46.27901840209961,0.0,0.0
363.88825511932373,0.0,46.02611541748047,0.0,0.0
364.11759996414185,0.0,45.773502349853516,0.0,0.0
364.34334111213684,0.0,45.92115020751953,0.0,0.0
364.56448101997375,0.0,46.004032135009766,0.0,0.0
364.78945684432983,0.0,45.80363082885742,0.0,0.0
365.0144262313843,0.0,45.67326736450195,0.0,0.0
365.2402968406677,0.0,45.48093795776367,0.0,0.0
365.46547651290894,0.0,45.282840728759766,0.0,0.0
365.6903965473175,0.0,44.95455551147461,0.0,0.0
365.91559767723083,0.0,45.009098052978516,0.0,0.0
366.14136600494385,0.0,45.03318786621094,0.0,0.0
366.3664538860321,0.0,45.07986831665039,0.0,0.0
366.59146070480347,0.0,45.09688186645508,0.0,0.0
366.81682205200195,0.0,45.01219177246094,0.0,0.0
367.0421259403229,0.0,44.76097106933594,0.0,0.0
367.2674672603607,0.0,44.68487548828125,0.0,0.0
367.4926106929779,0.0,44.616390228271484,0.0,0.0
367.7183344364166,0.0,44.52975082397461,0.0,0.0
367.9430387020111,0.0,44.30177307128906,0.0,0.0
368.1681900024414,0.0,44.1465950012207,0.0,0.0
368.3937437534332,0.0,43.98193359375,0.0,0.0
368.61870670318604,0.0,43.933738708496094,0.0,0.0
368.8441548347473,0.0,43.76536178588867,0.0,0.0
369.06924772262573,0.0,44.16382598876953,0.0,0.0
369.2947051525116,0.0,45.02244567871094,0.0,0.0
369.51630759239197,0.0,45.94519805908203,0.0,0.0
369.7414484024048,0.0,46.70067596435547,0.0,0.0
369.9664533138275,0.0,46.68061065673828,0.0,0.0
370.19156646728516,0.0,46.58755111694336,0.0,0.0
370.41668367385864,0.0,46.40379333496094,0.0,0.0
370.64250683784485,0.0,46.038414001464844,0.0,0.0
370.86718702316284,0.0,45.60956954956055,0.0,0.0
371.09288144111633,0.0,45.198612213134766,0.0,0.0
371.31836557388306,0.0,44.75374984741211,0.0,0.0
371.54342317581177,0.0,44.328372955322266,0.0,0.0
371.76833987236023,0.0,43.97053527832031,0.0,0.0
371.9936761856079,0.0,43.54848098754883,0.0,0.0
372.2188341617584,0.0,43.14363098144531,0.0,0.0
372.4444787502289,0.0,42.70426559448242,0.0,0.0
372.6692461967468,0.0,42.308837890625,0.0,0.0
372.8945634365082,0.0,42.002952575683594,0.0,0.0
373.1200280189514,0.0,41.87765884399414,0.0,0.0
373.34548687934875,0.0,41.639892578125,0.0,0.0
373.57044219970703,0.0,41.400901794433594,0.0,0.0
373.7963082790375,0.0,41.13581085205078,0.0,0.0
374.02107858657837,0.0,40.947227478027344,0.0,0.0
374.2462730407715,0.0,40.85250473022461,0.0,0.0
374.4676330089569,0.0,40.64225387573242,0.0,0.0
374.69344329833984,0.0,40.55302429199219,0.0,0.0
374.9222888946533,0.0,40.447723388671875,0.0,0.0
375.1475546360016,0.0,40.42795181274414,0.0,0.0
375.3684549331665,0.0,40.41015625,0.0,0.0
375.59411811828613,0.0,40.369140625,0.0,0.0
375.8192117214203,0.0,40.382225036621094,0.0,0.0
376.04429745674133,0.0,40.34400177001953,0.0,0.0
376.26967430114746,0.0,40.309600830078125,0.0,0.0
376.4956171512604,0.0,40.17864227294922,0.0,0.0
376.7201657295227,0.0,40.0607795715332,0.0,0.0
376.9453625679016,0.0,39.854698181152344,0.0,0.0
377.17056703567505,0.0,39.69422912597656,0.0,0.0
377.39659571647644,0.0,39.5498046875,0.0,0.0
377.6212058067322,0.0,39.36982345581055,0.0,0.0
377.84654688835144,0.0,39.182838439941406,0.0,0.0
378.0719554424286,0.0,39.064552307128906,0.0,0.0
378.29750061035156,0.0,38.858097076416016,0.0,0.0
378.5224006175995,0.0,38.79728698730469,0.0,0.0
378.74778604507446,0.0,38.69255828857422,0.0,0.0
378.972993850708,0.0,38.723304748535156,0.0,0.0
379.19849252700806,0.0,38.850975036621094,0.0,0.0
379.42347264289856,0.0,38.840877532958984,0.0,0.0
379.6484694480896,0.0,38.90678787231445,0.0,0.0
379.87412452697754,0.0,38.99110794067383,0.0,0.0
380.0994646549225,0.0,39.11699676513672,0.0,0.0
380.3206205368042,0.0,39.155296325683594,0.0,0.0
380.54590940475464,0.0,39.21476364135742,0.0,0.0
380.7707533836365,0.0,39.343284606933594,0.0,0.0
380.9964246749878,0.0,39.308956146240234,0.0,0.0
381.22134041786194,0.0,39.15306091308594,0.0,0.0
381.4470462799072,0.0,39.0627555847168,0.0,0.0
381.67208456993103,0.0,38.956478118896484,0.0,0.0
381.89747643470764,0.0,38.8608283996582,0.0,0.0
382.1225974559784,0.0,38.274742126464844,0.0,0.0
382.34848189353943,0.0,37.722267150878906,0.0,0.0
382.5734348297119,0.0,37.250038146972656,0.0,0.0
382.79847168922424,0.0,37.07503128051758,0.0,0.0
383.02383399009705,0.0,37.36752700805664,0.0,0.0
383.24948263168335,0.0,37.705772399902344,0.0,0.0
383.47453260421753,0.0,37.96019744873047,0.0,0.0
383.69955611228943,0.0,38.16417694091797,0.0,0.0
383.92488741874695,0.0,38.59775924682617,0.0,0.0
384.14976501464844,0.0,38.86298370361328,0.0,0.0
384.3755066394806,0.0,39.201683044433594,0.0,0.0
384.60062170028687,0.0,39.60651397705078,0.0,0.0
384.82605385780334,0.0,39.970863342285156,0.0,0.0
385.0514030456543,0.0,40.14877700805664,0.0,0.0
385.276572227478,0.0,40.28390121459961,0.0,0.0
385.50149750709534,0.0,40.455509185791016,0.0,0.0
385.7275507450104,0.0,40.60995864868164,0.0,0.0
385.95198678970337,0.0,40.77396011352539,0.0,0.0
386.1775469779968,0.0,40.92156219482422,0.0,0.0
386.4025328159332,0.0,41.0044059753418,0.0,0.0
386.62849164009094,0.0,41.07896423339844,0.0,0.0
386.8495602607727,0.0,41.07106399536133,0.0,0.0
387.07457661628723,0.0,41.21395492553711,0.0,0.0
387.2996928691864,0.0,41.592559814453125,0.0,0.0
387.52541422843933,0.0,41.908302307128906,0.0,0.0
387.75059032440186,0.0,42.092472076416016,0.0,0.0
387.97558522224426,0.0,42.23322296142578,0.0,0.0
388.20110177993774,0.0,42.35989761352539,0.0,0.0
388.4265308380127,0.0,42.44890594482422,0.0,0.0
388.6513891220093,0.0,42.50401306152344,0.0,0.0
388.8767342567444,0.0,42.52861404418945,0.0,0.0
389.1018452644348,0.0,42.67575454711914,0.0,0.0
389.32748079299927,0.0,42.83317565917969,0.0,0.0
389.5521864891052,0.0,42.87485885620117,0.0,0.0
389.77765417099,0.0,42.81237030029297,0.0,0.0
390.00284004211426,0.0,42.75613021850586,0.0,0.0
390.22858572006226,0.0,42.655513763427734,0.0,0.0
390.45321559906006,0.0,42.56496047973633,0.0,0.0
390.6786847114563,0.0,42.43346405029297,0.0,0.0
390.90375661849976,0.0,42.31511688232422,0.0,0.0
391.1294057369232,0.0,42.233604431152344,0.0,0.0
391.3542037010193,0.0,42.1102409362793,0.0,0.0
391.5798354148865,0.0,41.99921417236328,0.0,0.0
391.8015034198761,0.0,41.94929504394531,0.0,0.0
392.0301263332367,0.0,41.80436325073242,0.0,0.0
392.2556278705597,0.0,41.72392272949219,0.0,0.0
392.48099637031555,0.0,41.651527404785156,0.0,0.0
392.7016427516937,0.0,41.58637237548828,0.0,0.0
392.92748737335205,0.0,41.527732849121094,0.0,0.0
393.1522512435913,0.0,41.49995803833008,0.0,0.0
393.3778464794159,0.0,41.47496032714844,0.0,0.0
393.602970123291,0.0,41.45246505737305,0.0,0.0
393.8284397125244,0.0,41.43221664428711,0.0,0.0
394.05348229408264,0.0,41.41399383544922,0.0,0.0
394.2790718078613,0.0,41.3975944519043,0.0,0.0
394.503867149353,0.0,41.382835388183594,0.0,0.0
394.7296071052551,0.0,41.36955261230469,0.0,0.0
394.9546685218811,0.0,41.35759735107422,0.0,0.0
395.18053698539734,0.0,41.3718376159668,0.0,0.0
395.40489768981934,0.0,41.35965347290039,0.0,0.0
395.6302044391632,0.0,41.398685455322266,0.0,0.0
395.85592007637024,0.0,41.433815002441406,0.0,0.0
396.0815477371216,0.0,41.440433502197266,0.0,0.0
396.3065404891968,0.0,41.47138977050781,0.0,0.0
396.5316414833069,0.0,41.49924850463867,0.0,0.0
396.75689148902893,0.0,41.524322509765625,0.0,0.0
396.9819087982178,0.0,41.54689025878906,0.0,0.0
397.2074625492096,0.0,41.592201232910156,0.0,0.0
397.43267917633057,0.0,41.60797882080078,0.0,0.0
397.65369963645935,0.0,41.6221809387207,0.0,0.0
397.8789870738983,0.0,41.684959411621094,0.0,0.0
398.104195356369,0.0,41.71646499633789,0.0,0.0
398.3295907974243,0.0,41.74481964111328,0.0,0.0
398.5546987056732,0.0,41.77033615112305,0.0,0.0
398.78062319755554,0.0,41.7682991027832,0.0,0.0
399.00549960136414,0.0,41.81646728515625,0.0,0.0
399.230854511261,0.0,41.784820556640625,0.0,0.0
399.4564447402954,0.0,41.831336975097656,0.0,0.0
399.6809928417206,0.0,41.89820098876953,0.0,0.0
399.906503200531,0.0,41.98338317871094,0.0,0.0
400.13151359558105,0.0,42.0350456237793,0.0,0.0
400.3575773239136,0.0,42.05653762817383,0.0,0.0
400.5822710990906,0.0,42.125885009765625,0.0,0.0
400.8071885108948,0.0,42.1382942199707,0.0,0.0
401.03304076194763,0.0,42.199466705322266,0.0,0.0
401.2585802078247,0.0,42.17951965332031,0.0,0.0
401.48332595825195,0.0,42.18656539916992,0.0,0.0
401.70870900154114,0.0,42.16790771484375,0.0,0.0
401.9342577457428,0.0,42.12611389160156,0.0,0.0
402.15930342674255,0.0,42.113502502441406,0.0,0.0
402.3844826221466,0.0,42.12715148925781,0.0,0.0
402.6055953502655,0.0,42.114437103271484,0.0,0.0
402.83474946022034,0.0,42.10299301147461,0.0,0.0
403.0603942871094,0.0,42.067691802978516,0.0,0.0
403.2813744544983,0.0,41.98591995239258,0.0,0.0
403.50674653053284,0.0,41.987327575683594,0.0,0.0
403.7323966026306,0.0,41.963592529296875,0.0,0.0
403.9576609134674,0.0,41.942230224609375,0.0,0.0
404.18229055404663,0.0,41.923004150390625,0.0,0.0
404.40774941444397,0.0,41.90570068359375,0.0,0.0
404.6335914134979,0.0,41.86513137817383,0.0,0.0
404.85857939720154,0.0,41.828617095947266,0.0,0.0
405.08363103866577,0.0,41.82075500488281,0.0,0.0
405.3090167045593,0.0,41.838680267333984,0.0,0.0
405.53456115722656,0.0,41.829811096191406,0.0,0.0
405.75932145118713,0.0,41.79682922363281,0.0,0.0
405.984619140625,0.0,41.792144775390625,0.0,0.0
406.20948910713196,0.0,41.78792953491211,0.0,0.0
406.4350743293762,0.0,41.75913619995117,0.0,0.0
406.66060400009155,0.0,41.73322296142578,0.0,0.0
406.8853747844696,0.0,41.684898376464844,0.0,0.0
407.1111195087433,0.0,41.64140701293945,0.0,0.0
407.3360161781311,0.0,41.602264404296875,0.0,0.0
407.5615930557251,0.0,41.56703567504883,0.0,0.0
407.78659892082214,0.0,41.51033020019531,0.0,0.0
408.0122723579407,0.0,41.434295654296875,0.0,0.0
408.2369840145111,0.0,41.390865325927734,0.0,0.0
408.46267557144165,0.0,41.30177688598633,0.0,0.0
408.68776178359985,0.0,41.2715950012207,0.0,0.0
408.9137055873871,0.0,41.24443435668945,0.0,0.0
409.13450288772583,0.0,41.26999282836914,0.0,0.0
409.36364912986755,0.0,41.26799392700195,0.0,0.0
409.5889804363251,0.0,41.24119186401367,0.0,0.0
409.81057620048523,0.0,41.29207229614258,0.0,0.0
410.0351564884186,0.0,41.38786315917969,0.0,0.0
410.2607378959656,0.0,41.44907760620117,0.0,0.0
410.4857280254364,0.0,41.47916793823242,0.0,0.0
410.7108311653137,0.0,41.506248474121094,0.0,0.0
410.93639278411865,0.0,41.53062057495117,0.0,0.0
411.16176652908325,0.0,41.57755661010742,0.0,0.0
411.3867599964142,0.0,41.61980056762695,0.0,0.0
411.6124494075775,0.0,41.65782165527344,0.0,0.0
411.8372802734375,0.0,41.692039489746094,0.0,0.0
412.0628571510315,0.0,41.722835540771484,0.0,0.0
412.28783440589905,0.0,41.750553131103516,0.0,0.0
412.5136432647705,0.0,41.77549743652344,0.0,0.0
412.73852348327637,0.0,41.772945404052734,0.0,0.0
412.9638931751251,0.0,41.795650482177734,0.0,0.0
413.18915939331055,0.0,41.81608581542969,0.0,0.0
413.41462421417236,0.0,41.80947494506836,0.0,0.0
413.6396417617798,0.0,41.778526306152344,0.0,0.0
413.8648827075958,0.0,41.750675201416016,0.0,0.0
414.09063959121704,0.0,41.725608825683594,0.0,0.0
414.31564450263977,0.0,41.72804641723633,0.0,0.0
414.5407691001892,0.0,41.70524215698242,0.0,0.0
414.76206374168396,0.0,41.734718322753906,0.0,0.0
414.9870853424072,0.0,41.736244201660156,0.0,0.0
415.2125632762909,0.0,41.73761749267578,0.0,0.0
415.4376404285431,0.0,41.738853454589844,0.0,0.0
415.66314482688904,0.0,41.739967346191406,0.0,0.0
415.8882689476013,0.0,41.740970611572266,0.0,0.0
416.11370515823364,0.0,41.74187088012695,0.0,0.0
416.33879017829895,0.0,41.74268341064453,0.0,0.0
416.56457710266113,0.0,41.743412017822266,0.0,0.0
416.78964924812317,0.0,41.76906967163086,0.0,0.0
417.0144212245941,0.0,41.76716232299805,0.0,0.0
417.2396149635315,0.0,41.765445709228516,0.0,0.0
417.4657516479492,0.0,42.96390151977539,0.0,0.0
417.6906168460846,0.0,43.61751174926758,0.0,0.0
417.91564440727234,0.0,44.10575866699219,0.0,0.0
418.1409146785736,0.0,44.495182037353516,0.0,0.0
418.36580300331116,0.0,44.82066345214844,0.0,0.0
418.59121561050415,0.0,45.038597106933594,0.0,0.0
418.81667470932007,0.0,45.20973587036133,0.0,0.0
419.04193472862244,0.0,45.263763427734375,0.0,0.0
419.2676365375519,0.0,45.23738479614258,0.0,0.0
419.49259877204895,0.0,45.16364669799805,0.0,0.0
419.7137703895569,0.0,45.022281646728516,0.0,0.0
419.9390711784363,0.0,44.9200553894043,0.0,0.0
420.16814041137695,0.0,44.80304718017578,0.0,0.0
420.39381980895996,0.0,44.647743225097656,0.0,0.0
420.6144723892212,0.0,44.482967376708984,0.0,0.0
420.84054374694824,0.0,44.28466796875,0.0,0.0
421.0657150745392,0.0,44.081199645996094,0.0,0.0
421.29064083099365,0.0,43.848079681396484,0.0,0.0
421.515851020813,0.0,43.188270568847656,0.0,0.0
421.7416133880615,0.0,42.54444122314453,0.0,0.0
421.96759819984436,0.0,41.964996337890625,0.0,0.0
422.1916751861572,0.0,41.41849899291992,0.0,0.0
422.4167330265045,0.0,40.901649475097656,0.0,0.0
422.6427116394043,0.0,40.436485290527344,0.0,0.0
422.86761713027954,0.0,39.967838287353516,0.0,0.0
423.09277510643005,0.0,39.54605484008789,0.0,0.0
423.31804299354553,0.0,39.116451263427734,0.0,0.0
423.54370737075806,0.0,38.704803466796875,0.0,0.0
423.7683095932007,0.0,38.309322357177734,0.0,0.0
423.9935851097107,0.0,38.103389739990234,0.0,0.0
424.2188460826874,0.0,37.843048095703125,0.0,0.0
424.4446837902069,0.0,37.50874328613281,0.0,0.0
424.66930890083313,0.0,37.18286895751953,0.0,0.0
424.89491033554077,0.0,36.88957977294922,0.0,0.0
425.1197693347931,0.0,36.550621032714844,0.0,0.0
425.3454735279083,0.0,36.195556640625,0.0,0.0
425.5666973590851,0.0,35.92599868774414,0.0,0.0
425.791930437088,0.0,35.6083984375,0.0,0.0
426.0175561904907,0.0,35.347557067871094,0.0,0.0
426.242728471756,0.0,35.062801361083984,0.0,0.0
426.46761107444763,0.0,34.75651931762695,0.0,0.0
426.69723439216614,0.0,34.50586700439453,0.0,0.0
426.92265033721924,0.0,34.30527877807617,0.0,0.0
427.14340233802795,0.0,34.04975128173828,0.0,0.0
427.368549823761,0.0,33.81977462768555,0.0,0.0
427.59400606155396,0.0,33.58779525756836,0.0,0.0
427.819171667099,0.0,33.3540153503418,0.0,0.0
428.0446879863739,0.0,33.14361572265625,0.0,0.0
428.26963663101196,0.0,32.97925567626953,0.0,0.0
428.4952085018158,0.0,32.78133010864258,0.0,0.0
428.7201192378998,0.0,32.60319519042969,0.0,0.0
428.9457423686981,0.0,32.39287567138672,0.0,0.0
429.170893907547,0.0,32.25358581542969,0.0,0.0
429.3959114551544,0.0,32.07822799682617,0.0,0.0
429.62160444259644,0.0,31.870405197143555,0.0,0.0
429.8476505279541,0.0,31.708364486694336,0.0,0.0
430.0718266963959,0.0,31.56252670288086,0.0,0.0
430.29767322540283,0.0,31.45627212524414,0.0,0.0
430.52276253700256,0.0,31.335643768310547,0.0,0.0
430.74770307540894,0.0,31.15207862854004,0.0,0.0
430.97295331954956,0.0,31.011871337890625,0.0,0.0
431.19875597953796,0.0,30.86068344116211,0.0,0.0
431.4237730503082,0.0,30.699613571166992,0.0,0.0
431.6486916542053,0.0,30.554651260375977,0.0,0.0
431.8740954399109,0.0,30.449186325073242,0.0,0.0
432.09577989578247,0.0,30.30426597595215,0.0,0.0
432.3204770088196,0.0,30.173837661743164,0.0,0.0
432.54579639434814,0.0,30.081453323364258,0.0,0.0
432.7710347175598,0.0,29.97330665588379,0.0,0.0
432.9961950778961,0.0,29.925975799560547,0.0,0.0
433.22128677368164,0.0,29.883378982543945,0.0,0.0
433.44689083099365,0.0,29.845041275024414,0.0,0.0
433.6726884841919,0.0,29.810537338256836,0.0,0.0
433.89729499816895,0.0,29.80448341369629,0.0,0.0
434.1227033138275,0.0,29.799034118652344,0.0,0.0
434.3480267524719,0.0,29.76913070678711,0.0,0.0
434.5737602710724,0.0,29.71721649169922,0.0,0.0
434.7987787723541,0.0,29.670494079589844,0.0,0.0
435.02387022972107,0.0,29.628442764282227,0.0,0.0
435.24913358688354,0.0,29.565597534179688,0.0,0.0
435.47485852241516,0.0,29.509037017822266,0.0,0.0
435.6994535923004,0.0,29.43313217163086,0.0,0.0
435.9247078895569,0.0,29.364818572998047,0.0,0.0
436.1506381034851,0.0,29.278335571289062,0.0,0.0
436.37580013275146,0.0,29.17550277709961,0.0,0.0
436.60071206092834,0.0,29.08295249938965,0.0,0.0
436.8258466720581,0.0,28.949655532836914,0.0,0.0
437.0470299720764,0.0,28.879690170288086,0.0,0.0
437.2767770290375,0.0,28.791719436645508,0.0,0.0
437.5016191005707,0.0,28.71254539489746,0.0,0.0
437.7269546985626,0.0,28.616289138793945,0.0,0.0
437.9481887817383,0.0,28.529659271240234,0.0,0.0
438.1737778186798,0.0,28.451692581176758,0.0,0.0
438.39869236946106,0.0,28.331523895263672,0.0,0.0
438.62389087677,0.0,28.248371124267578,0.0,0.0
438.8496823310852,0.0,28.14853286743164,0.0,0.0
439.074693441391,0.0,28.08367919921875,0.0,0.0
439.2999629974365,0.0,28.025310516357422,0.0,0.0
439.52502369880676,0.0,27.9727783203125,0.0,0.0
439.7507426738739,0.0,27.90049934387207,0.0,0.0
439.9759213924408,0.0,27.810449600219727,0.0,0.0
440.20075488090515,0.0,27.72940444946289,0.0,0.0
440.42615580558777,0.0,27.656463623046875,0.0,0.0
440.6511654853821,0.0,27.590816497802734,0.0,0.0
440.87672758102417,0.0,27.531734466552734,0.0,0.0
441.10167384147644,0.0,27.478561401367188,0.0,0.0
441.32710695266724,0.0,27.405704498291016,0.0,0.0
441.55218958854675,0.0,27.340131759643555,0.0,0.0
441.7778363227844,0.0,27.231117248535156,0.0,0.0
442.0027062892914,0.0,27.158004760742188,0.0,0.0
442.22817969322205,0.0,27.117202758789062,0.0,0.0
442.45318961143494,0.0,27.080480575561523,0.0,0.0
442.67876076698303,0.0,26.97243309020996,0.0,0.0
442.8998157978058,0.0,26.900188446044922,0.0,0.0
443.1249496936798,0.0,26.810169219970703,0.0,0.0
443.35062432289124,0.0,26.72915267944336,0.0,0.0
443.5758261680603,0.0,26.681236267089844,0.0,0.0
443.8008563518524,0.0,26.588111877441406,0.0,0.0
444.0267827510834,0.0,26.55430030822754,0.0,0.0
444.25122570991516,0.0,26.498870849609375,0.0,0.0
444.4768843650818,0.0,26.473983764648438,0.0,0.0
444.7019057273865,0.0,26.451583862304688,0.0,0.0
444.927770614624,0.0,26.40642547607422,0.0,0.0
445.1523768901825,0.0,26.365781784057617,0.0,0.0
445.3773889541626,0.0,26.32920265197754,0.0,0.0
445.60285353660583,0.0,26.296281814575195,0.0,0.0
445.82819414138794,0.0,26.216651916503906,0.0,0.0
446.05360651016235,0.0,26.19498634338379,0.0,0.0
446.2790253162384,0.0,26.125486373901367,0.0,0.0
446.5045006275177,0.0,26.03793716430664,0.0,0.0
446.7296452522278,0.0,26.034143447875977,0.0,0.0
446.9546022415161,0.0,26.030729293823242,0.0,0.0
447.17990231513977,0.0,25.9776554107666,0.0,0.0
447.4056193828583,0.0,25.95488929748535,0.0,0.0
447.6308083534241,0.0,25.8843994140625,0.0,0.0
447.85572576522827,0.0,25.870960235595703,0.0,0.0
448.0811188220978,0.0,25.808862686157227,0.0,0.0
448.30679297447205,0.0,25.802976608276367,0.0,0.0
448.53168082237244,0.0,25.722679138183594,0.0,0.0
448.7567915916443,0.0,25.72541046142578,0.0,0.0
448.98219561576843,0.0,25.652868270874023,0.0,0.0
449.20777440071106,0.0,25.662582397460938,0.0,0.0
449.42881417274475,0.0,25.69632339477539,0.0,0.0
449.65378284454346,0.0,25.701690673828125,0.0,0.0
449.87910318374634,0.0,25.731521606445312,0.0,0.0
450.10403847694397,0.0,25.75836944580078,0.0,0.0
450.3295433521271,0.0,25.707530975341797,0.0,0.0
450.5548403263092,0.0,25.66177749633789,0.0,0.0
450.7806234359741,0.0,25.67059898376465,0.0,0.0
451.00589299201965,0.0,25.70353889465332,0.0,0.0
451.23041105270386,0.0,25.683183670043945,0.0,0.0
451.4559144973755,0.0,25.66486358642578,0.0,0.0
451.68174266815186,0.0,25.64837646484375,0.0,0.0
451.90675926208496,0.0,25.658538818359375,0.0,0.0
452.1319348812103,0.0,25.66768455505371,0.0,0.0
452.35724425315857,0.0,25.700916290283203,0.0,0.0
452.5825524330139,0.0,25.70582389831543,0.0,0.0
452.8079323768616,0.0,25.710241317749023,0.0,0.0
453.03279304504395,0.0,25.73921775817871,0.0,0.0
453.2581911087036,0.0,25.765295028686523,0.0,0.0
453.4837427139282,0.0,25.813764572143555,0.0,0.0
453.70842003822327,0.0,25.832387924194336,0.0,0.0
453.9339292049408,0.0,25.874149322509766,0.0,0.0
454.1592764854431,0.0,25.886734008789062,0.0,0.0
454.3808090686798,0.0,25.87306022644043,0.0,0.0
454.6098394393921,0.0,25.860754013061523,0.0,0.0
454.83471393585205,0.0,25.824676513671875,0.0,0.0
455.0563414096832,0.0,25.767208099365234,0.0,0.0
455.2816467285156,0.0,25.765487670898438,0.0,0.0
455.50666975975037,0.0,25.763938903808594,0.0,0.0
455.7319459915161,0.0,25.812543869018555,0.0,0.0
455.95724058151245,0.0,25.831289291381836,0.0,0.0
456.1828327178955,0.0,25.848159790039062,0.0,0.0
456.40761637687683,0.0,25.888343811035156,0.0,0.0
456.6331436634064,0.0,25.89950942993164,0.0,0.0
456.8588664531708,0.0,25.859556198120117,0.0,0.0
457.08374309539795,0.0,25.89859962463379,0.0,0.0
457.30884981155396,0.0,25.933738708496094,0.0,0.0
457.5338876247406,0.0,25.99036407470703,0.0,0.0
457.7598223686218,0.0,26.016326904296875,0.0,0.0
457.9845268726349,0.0,26.03969383239746,0.0,0.0
458.20995807647705,0.0,26.06072425842285,0.0,0.0
458.4349048137665,0.0,26.104650497436523,0.0,0.0
458.6606252193451,0.0,26.144184112548828,0.0,0.0
458.8855059146881,0.0,26.15476417541504,0.0,0.0
459.11108326911926,0.0,26.189287185668945,0.0,0.0
459.3360028266907,0.0,26.22035789489746,0.0,0.0
459.56133556365967,0.0,26.298322677612305,0.0,0.0
459.786856174469,0.0,26.343488693237305,0.0,0.0
460.0079758167267,0.0,26.459138870239258,0.0,0.0
460.2337923049927,0.0,26.538225173950195,0.0,0.0
460.4584000110626,0.0,26.60940170288086,0.0,0.0
460.68382120132446,0.0,26.6734619140625,0.0,0.0
460.9090402126312,0.0,26.70611572265625,0.0,0.0
461.1344258785248,0.0,26.7605037689209,0.0,0.0
461.35986495018005,0.0,26.834453582763672,0.0,0.0
461.58463883399963,0.0,26.9010066986084,0.0,0.0
461.80993700027466,0.0,26.960905075073242,0.0,0.0
462.035222530365,0.0,27.039813995361328,0.0,0.0
462.260835647583,0.0,27.11083221435547,0.0,0.0
462.48570799827576,0.0,27.149747848510742,0.0,0.0
462.71125650405884,0.0,27.20977210998535,0.0,0.0
462.9361844062805,0.0,27.18879508972168,0.0,0.0
463.1618866920471,0.0,27.194915771484375,0.0,0.0
463.3867156505585,0.0,27.200424194335938,0.0,0.0
463.61271834373474,0.0,27.23038101196289,0.0,0.0
463.8377904891968,0.0,27.20734214782715,0.0,0.0
464.0628311634064,0.0,27.211606979370117,0.0,0.0
464.2879219055176,0.0,27.21544647216797,0.0,0.0
464.513836145401,0.0,27.19390106201172,0.0,0.0
464.7386631965637,0.0,27.19951057434082,0.0,0.0
464.9594421386719,0.0,27.154558181762695,0.0,0.0
465.1890923976898,0.0,27.139102935791016,0.0,0.0
465.41486287117004,0.0,27.125192642211914,0.0,0.0
465.6398694515228,0.0,27.112672805786133,0.0,0.0
465.8610019683838,0.0,27.076404571533203,0.0,0.0
466.08593678474426,0.0,27.018762588500977,0.0,0.0
466.3111186027527,0.0,27.01688575744629,0.0,0.0
466.53631067276,0.0,26.990196228027344,0.0,0.0
466.761971950531,0.0,26.966175079345703,0.0,0.0
466.9871368408203,0.0,26.944555282592773,0.0,0.0
467.2123429775238,0.0,26.875099182128906,0.0,0.0
467.4373791217804,0.0,26.862586975097656,0.0,0.0
467.6629557609558,0.0,26.85132598876953,0.0,0.0
467.88837599754333,0.0,26.866193771362305,0.0,0.0
468.1131680011749,0.0,26.854572296142578,0.0,0.0
468.3388235569,0.0,26.844114303588867,0.0,0.0
468.56393814086914,0.0,26.859703063964844,0.0,0.0
468.7897777557373,0.0,26.823732376098633,0.0,0.0
469.01486802101135,0.0,26.916358947753906,0.0,0.0
469.23983240127563,0.0,26.899721145629883,0.0,0.0
469.4652268886566,0.0,26.884748458862305,0.0,0.0
469.6900863647461,0.0,26.871273040771484,0.0,0.0
469.9159951210022,0.0,26.459144592285156,0.0,0.0
470.14089179039,0.0,26.188228607177734,0.0,0.0
470.36592650413513,0.0,26.06940460205078,0.0,0.0
470.5919072628021,0.0,26.187463760375977,0.0,0.0
470.81709003448486,0.0,26.443716049194336,0.0,0.0
471.0419602394104,0.0,26.599342346191406,0.0,0.0
471.2668478488922,0.0,26.139408111572266,0.0,0.0
471.48888993263245,0.0,25.725467681884766,0.0,0.0
471.7177245616913,0.0,25.677919387817383,0.0,0.0
471.9431219100952,0.0,25.285125732421875,0.0,0.0
472.1681568622589,0.0,24.931612014770508,0.0,0.0
472.3898458480835,0.0,24.613449096679688,0.0,0.0
472.6147849559784,0.0,24.377103805541992,0.0,0.0
472.83985471725464,0.0,24.06439208984375,0.0,0.0
473.06514978408813,0.0,23.832950592041016,0.0,0.0
473.2908089160919,0.0,23.699655532836914,0.0,0.0
473.5159983634949,0.0,23.47968864440918,0.0,0.0
473.74099588394165,0.0,23.306718826293945,0.0,0.0
473.9669671058655,0.0,23.101045608520508,0.0,0.0
474.1919732093811,0.0,22.965940475463867,0.0,0.0
474.41658568382263,0.0,22.819345474243164,0.0,0.0
474.64184617996216,0.0,22.787410736083984,0.0,0.0
474.8674306869507,0.0,22.73366928100586,0.0,0.0
475.09289383888245,0.0,22.810302734375,0.0,0.0
475.3178369998932,0.0,22.70427131652832,0.0,0.0
475.54340147972107,0.0,22.583843231201172,0.0,0.0
475.76829195022583,0.0,23.050458908081055,0.0,0.0
475.9934401512146,0.0,23.170412063598633,0.0,0.0
476.21885418891907,0.0,23.078371047973633,0.0,0.0
476.4447560310364,0.0,23.370532989501953,0.0,0.0
476.66928243637085,0.0,23.708478927612305,0.0,0.0
476.8949909210205,0.0,23.812631607055664,0.0,0.0
477.11982321739197,0.0,23.781368255615234,0.0,0.0
477.34180450439453,0.0,24.078229904174805,0.0,0.0
477.5670790672302,0.0,24.14540672302246,0.0,0.0
477.79187178611755,0.0,23.95586585998535,0.0,0.0
478.0170474052429,0.0,23.710277557373047,0.0,0.0
478.2425208091736,0.0,23.88924789428711,0.0,0.0
478.4675102233887,0.0,24.2003231048584,0.0,0.0
478.692964553833,0.0,24.505290985107422,0.0,0.0
478.9178955554962,0.0,24.204761505126953,0.0,0.0
479.1438910961151,0.0,23.859285354614258,0.0,0.0
479.3684506416321,0.0,23.798357009887695,0.0,0.0
479.59401273727417,0.0,23.568519592285156,0.0,0.0
479.8190417289734,0.0,23.36166763305664,0.0,0.0
480.0446968078613,0.0,23.12550163269043,0.0,0.0
480.2696747779846,0.0,22.91295051574707,0.0,0.0
480.4953017234802,0.0,22.721654891967773,0.0,0.0
480.7206814289093,0.0,22.799489974975586,0.0,0.0
480.9458849430084,0.0,22.669540405273438,0.0,0.0
481.1705298423767,0.0,22.577585220336914,0.0,0.0
481.3959016799927,0.0,22.66982650756836,0.0,0.0
481.62182426452637,0.0,22.72784423828125,0.0,0.0
481.8468551635742,0.0,22.905059814453125,0.0,0.0
482.07185554504395,0.0,23.31455421447754,0.0,0.0
482.2930872440338,0.0,23.708099365234375,0.0,0.0
482.522588968277,0.0,24.087289810180664,0.0,0.0
482.74794697761536,0.0,24.428560256958008,0.0,0.0
482.97293877601624,0.0,24.73570442199707,0.0,0.0
483.19435453414917,0.0,25.01213264465332,0.0,0.0
483.4192988872528,0.0,25.1859188079834,0.0,0.0
483.64497923851013,0.0,25.39232635498047,0.0,0.0
483.86977672576904,0.0,25.55309295654297,0.0,0.0
484.0953245162964,0.0,25.67278289794922,0.0,0.0
484.32010865211487,0.0,25.780502319335938,0.0,0.0
484.5459306240082,0.0,25.877450942993164,0.0,0.0
484.7709274291992,0.0,25.98970603942871,0.0,0.0
484.9964759349823,0.0,26.090736389160156,0.0,0.0
485.2218964099884,0.0,26.131662368774414,0.0,0.0
485.4468903541565,0.0,26.143495559692383,0.0,0.0
485.6720747947693,0.0,26.17914581298828,0.0,0.0
485.8977656364441,0.0,26.21122932434082,0.0,0.0
486.1229758262634,0.0,26.265104293823242,0.0,0.0
486.34792399406433,0.0,26.288593292236328,0.0,0.0
486.5730814933777,0.0,26.30973243713379,0.0,0.0
486.79900670051575,0.0,26.328758239746094,0.0,0.0
487.0239350795746,0.0,26.34588050842285,0.0,0.0
487.2490499019623,0.0,26.361291885375977,0.0,0.0
487.47433519363403,0.0,26.37516212463379,0.0,0.0
487.699321269989,0.0,26.387645721435547,0.0,0.0
487.92465233802795,0.0,26.398880004882812,0.0,0.0
488.14595127105713,0.0,26.383991241455078,0.0,0.0
488.371378660202,0.0,26.420591354370117,0.0,0.0
488.59700560569763,0.0,26.353532791137695,0.0,0.0
488.82191157341003,0.0,26.34317970275879,0.0,0.0
489.0471086502075,0.0,26.333860397338867,0.0,0.0
489.2723877429962,0.0,26.32547378540039,0.0,0.0
489.4979531764984,0.0,26.342926025390625,0.0,0.0
489.7229549884796,0.0,26.30863380432129,0.0,0.0
489.9481976032257,0.0,26.35276985168457,0.0,0.0
490.17381143569946,0.0,26.342493057250977,0.0,0.0
490.398992061615,0.0,26.35824203491211,0.0,0.0
490.6239318847656,0.0,26.42241859436035,0.0,0.0
490.8489944934845,0.0,26.405176162719727,0.0,0.0
491.0750524997711,0.0,26.339658737182617,0.0,0.0
491.3001470565796,0.0,26.03069305419922,0.0,0.0
491.5250198841095,0.0,25.70262336730957,0.0,0.0
491.75011682510376,0.0,25.18235969543457,0.0,0.0
491.9759871959686,0.0,24.689123153686523,0.0,0.0
492.20080399513245,0.0,24.495210647583008,0.0,0.0
492.42605471611023,0.0,24.645689010620117,0.0,0.0
492.65107250213623,0.0,24.73111915588379,0.0,0.0
492.876975774765,0.0,24.8330078125,0.0,0.0
493.10170698165894,0.0,24.974706649780273,0.0,0.0
493.32719349861145,0.0,25.102235794067383,0.0,0.0
493.5521411895752,0.0,25.317012786865234,0.0,0.0
493.77743649482727,0.0,25.385311126708984,0.0,0.0
494.0026626586914,0.0,25.49677848815918,0.0,0.0
494.2278742790222,0.0,25.59709930419922,0.0,0.0
494.4534432888031,0.0,25.737388610839844,0.0,0.0
494.6749978065491,0.0,25.91364860534668,0.0,0.0
494.9001603126526,0.0,25.947282791137695,0.0,0.0
495.1252076625824,0.0,26.002553939819336,0.0,0.0
495.3502950668335,0.0,26.12729835510254,0.0,0.0
495.576101064682,0.0,26.264568328857422,0.0,0.0
495.8007810115814,0.0,26.388111114501953,0.0,0.0
496.02630281448364,0.0,26.474300384521484,0.0,0.0
496.25120067596436,0.0,26.551870346069336,0.0,0.0
496.47699093818665,0.0,26.62168312072754,0.0,0.0
496.7017548084259,0.0,26.659515380859375,0.0,0.0
496.9273543357849,0.0,26.69356346130371,0.0,0.0
497.1523106098175,0.0,26.774206161499023,0.0,0.0
497.3775370121002,0.0,26.77178382873535,0.0,0.0
497.60301518440247,0.0,26.794605255126953,0.0,0.0
497.82843136787415,0.0,26.840145111083984,0.0,0.0
498.05356884002686,0.0,26.83112907409668,0.0,0.0
498.27906942367554,0.0,26.823015213012695,0.0,0.0
498.50413274765015,0.0,26.815711975097656,0.0,0.0
498.7298560142517,0.0,26.809139251708984,0.0,0.0
498.95487451553345,0.0,26.803224563598633,0.0,0.0
499.1800446510315,0.0,26.722902297973633,0.0,0.0
499.4052596092224,0.0,26.700611114501953,0.0,0.0
499.6305913925171,0.0,26.655550003051758,0.0,0.0
499.8557913303375,0.0,26.614994049072266,0.0,0.0
500.08111453056335,0.0,26.578493118286133,0.0,0.0
500.3020431995392,0.0,26.545642852783203,0.0,0.0
500.5280017852783,0.0,26.54107666015625,0.0,0.0
500.75253415107727,0.0,26.486968994140625,0.0,0.0
500.9777603149414,0.0,26.488271713256836,0.0,0.0
501.20301818847656,0.0,26.46444320678711,0.0,0.0
501.42908096313477,0.0,26.417999267578125,0.0,0.0
501.6536431312561,0.0,26.401199340820312,0.0,0.0
501.8793158531189,0.0,26.461078643798828,0.0,0.0
502.10434460639954,0.0,26.564970016479492,0.0,0.0
502.3300406932831,0.0,26.5584716796875,0.0,0.0
502.5549829006195,0.0,26.602624893188477,0.0,0.0
502.7802269458771,0.0,26.592361450195312,0.0,0.0
503.00536370277405,0.0,26.5831241607666,0.0,0.0
503.2310438156128,0.0,26.599809646606445,0.0,0.0
503.4560401439667,0.0,26.639829635620117,0.0,0.0
503.681254863739,0.0,26.800846099853516,0.0,0.0
503.9069826602936,0.0,26.82076072692871,0.0,0.0
504.1314043998718,0.0,26.83868408203125,0.0,0.0
504.3568630218506,0.0,26.904815673828125,0.0,0.0
504.58239459991455,0.0,27.11433219909668,0.0,0.0
504.8080427646637,0.0,27.327898025512695,0.0,0.0
505.033260345459,0.0,27.420108795166016,0.0,0.0
505.25396823883057,0.0,27.428096771240234,0.0,0.0
505.47946858406067,0.0,27.41028594970703,0.0,0.0
505.70465540885925,0.0,27.394256591796875,0.0,0.0
505.9300880432129,0.0,27.404830932617188,0.0,0.0
506.1550281047821,0.0,27.439346313476562,0.0,0.0
506.3803040981293,0.0,27.545412063598633,0.0,0.0
506.6057929992676,0.0,27.61587142944336,0.0,0.0
506.83098101615906,0.0,27.70428466796875,0.0,0.0
507.05618619918823,0.0,27.70885467529297,0.0,0.0
507.28120136260986,0.0,27.86296844482422,0.0,0.0
507.50642251968384,0.0,27.876670837402344,0.0,0.0
507.73203897476196,0.0,27.889001846313477,0.0,0.0
507.9571716785431,0.0,27.850101470947266,0.0,0.0
508.18372225761414,0.0,27.865089416503906,0.0,0.0
508.40764594078064,0.0,27.878578186035156,0.0,0.0
508.63302969932556,0.0,27.84071922302246,0.0,0.0
508.85826325416565,0.0,27.856645584106445,0.0,0.0
509.08315801620483,0.0,27.845979690551758,0.0,0.0
509.3085141181946,0.0,27.611379623413086,0.0,0.0
509.5337255001068,0.0,27.425241470336914,0.0,0.0
509.7592098712921,0.0,27.107715606689453,0.0,0.0
509.9845447540283,0.0,26.59694480895996,0.0,0.0
510.205459356308,0.0,26.162250518798828,0.0,0.0
510.4349744319916,0.0,25.94602394104004,0.0,0.0
510.66007232666016,0.0,25.801422119140625,0.0,0.0
510.88552141189575,0.0,25.446279525756836,0.0,0.0
511.106773853302,0.0,25.176651000976562,0.0,0.0
511.33209133148193,0.0,24.808984756469727,0.0,0.0
511.55715465545654,0.0,24.628084182739258,0.0,0.0
511.7832853794098,0.0,24.340274810791016,0.0,0.0
512.0076792240143,0.0,24.156246185302734,0.0,0.0
512.2332735061646,0.0,23.915620803833008,0.0,0.0
512.4589374065399,0.0,23.799057006835938,0.0,0.0
512.6835927963257,0.0,23.59415054321289,0.0,0.0
512.9091062545776,0.0,23.40973472595215,0.0,0.0
513.1340892314911,0.0,23.218759536743164,0.0,0.0
513.3599121570587,0.0,23.121883392333984,0.0,0.0
513.584748506546,0.0,23.009695053100586,0.0,0.0
513.8100690841675,0.0,22.933725357055664,0.0,0.0
514.0351316928864,0.0,22.84035301208496,0.0,0.0
514.2610969543457,0.0,22.85631561279297,0.0,0.0
514.4858887195587,0.0,22.845684051513672,0.0,0.0
514.7111608982086,0.0,22.811115264892578,0.0,0.0
514.9365558624268,0.0,22.730003356933594,0.0,0.0
515.1620571613312,0.0,22.73200225830078,0.0,0.0
515.3870887756348,0.0,22.758800506591797,0.0,0.0
515.612229347229,0.0,22.757919311523438,0.0,0.0
515.8379402160645,0.0,22.78212547302246,0.0,0.0
516.0630352497101,0.0,22.82891273498535,0.0,0.0
516.2879984378815,0.0,22.9210205078125,0.0,0.0
516.5132157802582,0.0,22.95391845703125,0.0,0.0
516.7343339920044,0.0,23.033525466918945,0.0,0.0
516.963629245758,0.0,23.08017349243164,0.0,0.0
517.1890077590942,0.0,23.122156143188477,0.0,0.0
517.4143614768982,0.0,23.159940719604492,0.0,0.0
517.6352927684784,0.0,23.193946838378906,0.0,0.0
517.8611361980438,0.0,23.299551010131836,0.0,0.0
518.0859844684601,0.0,23.36959457397461,0.0,0.0
518.3114881515503,0.0,23.482635498046875,0.0,0.0
518.5363507270813,0.0,23.609371185302734,0.0,0.0
518.7622072696686,0.0,23.723434448242188,0.0,0.0
518.9870316982269,0.0,23.80109214782715,0.0,0.0
519.2126379013062,0.0,23.84598159790039,0.0,0.0
519.438145160675,0.0,23.91138458251953,0.0,0.0
519.6630859375,0.0,24.045246124267578,0.0,0.0
519.8882009983063,0.0,24.115720748901367,0.0,0.0
520.1140310764313,0.0,24.15414810180664,0.0,0.0
520.3390774726868,0.0,24.238733291625977,0.0,0.0
520.5641703605652,0.0,24.339859008789062,0.0,0.0
520.7889730930328,0.0,24.405872344970703,0.0,0.0
521.0150508880615,0.0,24.515283584594727,0.0,0.0
521.2400462627411,0.0,24.663755416870117,0.0,0.0
521.4651303291321,0.0,24.722379684448242,0.0,0.0
521.6905539035797,0.0,24.800140380859375,0.0,0.0
521.9155580997467,0.0,24.820125579833984,0.0,0.0
522.1410658359528,0.0,24.888111114501953,0.0,0.0
522.3663306236267,0.0,24.924299240112305,0.0,0.0
522.5875391960144,0.0,24.95686912536621,0.0,0.0
522.8122851848602,0.0,24.986181259155273,0.0,0.0
523.038033246994,0.0,24.98756217956543,0.0,0.0
523.2668862342834,0.0,25.013805389404297,0.0,0.0
523.488480091095,0.0,25.037424087524414,0.0,0.0
523.7141199111938,0.0,25.158681869506836,0.0,0.0
523.9392297267914,0.0,25.21781349182129,0.0,0.0
524.1641011238098,0.0,25.271032333374023,0.0,0.0
524.3892142772675,0.0,25.31892967224121,0.0,0.0
524.6150965690613,0.0,25.3370361328125,0.0,0.0
524.8400564193726,0.0,25.403331756591797,0.0,0.0
525.0652334690094,0.0,25.412996292114258,0.0,0.0
525.2910449504852,0.0,25.471696853637695,0.0,0.0
525.516295671463,0.0,25.524526596069336,0.0,0.0
525.7411272525787,0.0,25.572072982788086,0.0,0.0
525.9663779735565,0.0,25.589866638183594,0.0,0.0
526.1918036937714,0.0,25.63088035583496,0.0,0.0
526.4167428016663,0.0,25.66779136657715,0.0,0.0
526.6421835422516,0.0,25.67601203918457,0.0,0.0
526.8672256469727,0.0,25.68341064453125,0.0,0.0
527.0925400257111,0.0,25.6900691986084,0.0,0.0
527.3176620006561,0.0,25.746061325073242,0.0,0.0
527.5431973934174,0.0,25.771455764770508,0.0,0.0
527.7682588100433,0.0,25.794309616088867,0.0,0.0
527.9936373233795,0.0,25.864877700805664,0.0,0.0
528.2187821865082,0.0,25.953388214111328,0.0,0.0
528.4402041435242,0.0,26.033048629760742,0.0,0.0
528.6662139892578,0.0,26.1047420501709,0.0,0.0
528.8911423683167,0.0,26.169265747070312,0.0,0.0
529.116245508194,0.0,26.252338409423828,0.0,0.0
529.341356754303,0.0,26.327104568481445,0.0,0.0
529.5666143894196,0.0,26.36939239501953,0.0,0.0
529.7915642261505,0.0,26.407451629638672,0.0,0.0
530.0169394016266,0.0,26.44170570373535,0.0,0.0
530.242511510849,0.0,26.497535705566406,0.0,0.0
530.4674501419067,0.0,26.472782135009766,0.0,0.0
530.6932575702667,0.0,26.575502395629883,0.0,0.0
530.9178333282471,0.0,26.667951583862305,0.0,0.0
531.1435134410858,0.0,26.776155471801758,0.0,0.0
531.3684694766998,0.0,26.848539352416992,0.0,0.0
531.5941498279572,0.0,26.913684844970703,0.0,0.0
531.8188724517822,0.0,26.92231559753418,0.0,0.0
532.0446469783783,0.0,26.980083465576172,0.0,0.0
532.2697563171387,0.0,27.032073974609375,0.0,0.0
532.4951899051666,0.0,27.028865814208984,0.0,0.0
532.7202293872833,0.0,27.075979232788086,0.0,0.0
532.9453105926514,0.0,27.043380737304688,0.0,0.0
533.1711332798004,0.0,27.064043045043945,0.0,0.0
533.3961396217346,0.0,27.107637405395508,0.0,0.0
533.6213004589081,0.0,27.19687271118164,0.0,0.0
533.847175359726,0.0,27.25218391418457,0.0,0.0
534.0720980167389,0.0,27.301963806152344,0.0,0.0
534.2972605228424,0.0,27.346765518188477,0.0,0.0
534.5224230289459,0.0,27.362089157104492,0.0,0.0
534.7481734752655,0.0,27.475879669189453,0.0,0.0
534.9686269760132,0.0,27.528289794921875,0.0,0.0
535.1941802501678,0.0,27.600460052490234,0.0,0.0
535.4195458889008,0.0,27.690414428710938,0.0,0.0
535.645177602768,0.0,27.721370697021484,0.0,0.0
535.8697309494019,0.0,27.749231338500977,0.0,0.0
536.095201253891,0.0,27.774307250976562,0.0,0.0
536.3205037117004,0.0,27.84687614440918,0.0,0.0
536.5462086200714,0.0,27.862186431884766,0.0,0.0
536.7710411548615,0.0,27.925968170166016,0.0,0.0
536.9963729381561,0.0,27.98337173461914,0.0,0.0
537.2214233875275,0.0,28.010034561157227,0.0,0.0
537.4470672607422,0.0,28.03403091430664,0.0,0.0
537.6719024181366,0.0,28.03062629699707,0.0,0.0
537.8970923423767,0.0,28.102563858032227,0.0,0.0
538.1231997013092,0.0,28.14230728149414,0.0,0.0
538.3481800556183,0.0,28.153076171875,0.0,0.0
538.5731294155121,0.0,28.187768936157227,0.0,0.0
538.7985634803772,0.0,28.318992614746094,0.0,0.0
539.0242097377777,0.0,28.38709259033203,0.0,0.0
539.2491090297699,0.0,28.52338218688965,0.0,0.0
539.4743480682373,0.0,28.546043395996094,0.0,0.0
539.6992852687836,0.0,28.666439056396484,0.0,0.0
539.9211089611053,0.0,28.74979591369629,0.0,0.0
540.1464366912842,0.0,28.82481575012207,0.0,0.0
540.3710339069366,0.0,28.867332458496094,0.0,0.0
540.5965602397919,0.0,28.930599212646484,0.0,0.0
540.8221514225006,0.0,29.01253890991211,0.0,0.0
541.0472033023834,0.0,29.086284637451172,0.0,0.0
541.2722415924072,0.0,29.127656936645508,0.0,0.0
541.4976305961609,0.0,29.264890670776367,0.0,0.0
541.7228882312775,0.0,29.338401794433594,0.0,0.0
541.9481990337372,0.0,29.4295597076416,0.0,0.0
542.173342704773,0.0,29.486602783203125,0.0,0.0
542.3985073566437,0.0,29.56294059753418,0.0,0.0
542.6240847110748,0.0,29.731645584106445,0.0,0.0
542.8492841720581,0.0,29.833480834960938,0.0,0.0
543.0745537281036,0.0,29.950132369995117,0.0,0.0
543.2994196414948,0.0,30.030118942260742,0.0,0.0
543.5251815319061,0.0,30.127107620239258,0.0,0.0
543.7500450611115,0.0,30.239397048950195,0.0,0.0
543.9756598472595,0.0,30.340456008911133,0.0,0.0
544.200483083725,0.0,30.381410598754883,0.0,0.0
544.4261291027069,0.0,30.46826934814453,0.0,0.0
544.6510672569275,0.0,30.5964412689209,0.0,0.0
544.876722574234,0.0,30.66179656982422,0.0,0.0
545.1015114784241,0.0,30.72061538696289,0.0,0.0
545.3272075653076,0.0,30.82355308532715,0.0,0.0
545.5482597351074,0.0,30.891197204589844,0.0,0.0
545.7737526893616,0.0,30.902076721191406,0.0,0.0
545.9984822273254,0.0,30.93686866760254,0.0,0.0
546.2242503166199,0.0,31.01818084716797,0.0,0.0
546.4493341445923,0.0,31.066362380981445,0.0,0.0
546.6747369766235,0.0,31.109725952148438,0.0,0.0
546.8996591567993,0.0,31.12375259399414,0.0,0.0
547.1251559257507,0.0,31.08637809753418,0.0,0.0
547.3501381874084,0.0,31.077739715576172,0.0,0.0
547.5753407478333,0.0,31.0949649810791,0.0,0.0
547.8006761074066,0.0,31.1104679107666,0.0,0.0
548.026309967041,0.0,31.049419403076172,0.0,0.0
548.2511730194092,0.0,31.01947784423828,0.0,0.0
548.4770457744598,0.0,31.01753044128418,0.0,0.0
548.7018961906433,0.0,31.015777587890625,0.0,0.0
548.9273693561554,0.0,31.064199447631836,0.0,0.0
549.1523473262787,0.0,31.107778549194336,0.0,0.0
549.377879858017,0.0,31.14699935913086,0.0,0.0
549.6030647754669,0.0,31.18229866027832,0.0,0.0
549.8284275531769,0.0,31.214067459106445,0.0,0.0
550.0536625385284,0.0,31.242660522460938,0.0,0.0
550.2792475223541,0.0,31.293392181396484,0.0,0.0
550.4998834133148,0.0,31.31405258178711,0.0,0.0
550.7253458499908,0.0,31.332645416259766,0.0,0.0
550.9503469467163,0.0,31.299381256103516,0.0,0.0
551.1802117824554,0.0,31.26944351196289,0.0,0.0
551.4010503292084,0.0,31.267498016357422,0.0,0.0
551.6265847682953,0.0,31.290746688842773,0.0,0.0
551.8515174388885,0.0,31.336669921875,0.0,0.0
552.0771970748901,0.0,31.403003692626953,0.0,0.0
552.3019781112671,0.0,31.362703323364258,0.0,0.0
552.5276064872742,0.0,31.376432418823242,0.0,0.0
552.7527828216553,0.0,31.3887882232666,0.0,0.0
552.9782531261444,0.0,31.47490882873535,0.0,0.0
553.2032113075256,0.0,31.577417373657227,0.0,0.0
553.4286322593689,0.0,31.594675064086914,0.0,0.0
553.6541714668274,0.0,31.635208129882812,0.0,0.0
553.8788347244263,0.0,31.696687698364258,0.0,0.0
554.1042413711548,0.0,31.702016830444336,0.0,0.0
554.3301229476929,0.0,31.70681381225586,0.0,0.0
554.5552110671997,0.0,31.636131286621094,0.0,0.0
554.780219078064,0.0,31.64751625061035,0.0,0.0
555.0053579807281,0.0,31.65776252746582,0.0,0.0
555.2312331199646,0.0,31.59198570251465,0.0,0.0
555.4561779499054,0.0,31.532787322998047,0.0,0.0
555.681248664856,0.0,31.504507064819336,0.0,0.0
555.9061870574951,0.0,31.454055786132812,0.0,0.0
556.1315534114838,0.0,31.458648681640625,0.0,0.0
556.3572676181793,0.0,31.437782287597656,0.0,0.0
556.5822370052338,0.0,31.369003295898438,0.0,0.0
556.8076577186584,0.0,31.30710220336914,0.0,0.0
557.0292811393738,0.0,31.276391983032227,0.0,0.0
557.2541954517365,0.0,31.24875259399414,0.0,0.0
557.4793236255646,0.0,31.17387580871582,0.0,0.0
557.7082169055939,0.0,31.131488800048828,0.0,0.0
557.9302706718445,0.0,31.168338775634766,0.0,0.0
558.1552073955536,0.0,31.151504516601562,0.0,0.0
558.3800091743469,0.0,31.136354446411133,0.0,0.0
558.6060786247253,0.0,31.122718811035156,0.0,0.0
558.8312780857086,0.0,31.11044692993164,0.0,0.0
559.0562117099762,0.0,31.02440071105957,0.0,0.0
559.2813799381256,0.0,31.046960830688477,0.0,0.0
559.50634765625,0.0,31.042264938354492,0.0,0.0
559.7321698665619,0.0,31.03803825378418,0.0,0.0
559.9572639465332,0.0,31.059234619140625,0.0,0.0
560.1824197769165,0.0,31.00330924987793,0.0,0.0
560.4081981182098,0.0,30.977977752685547,0.0,0.0
560.6328148841858,0.0,31.005178451538086,0.0,0.0
560.8583626747131,0.0,31.12965965270996,0.0,0.0
561.0832607746124,0.0,31.141693115234375,0.0,0.0
561.3095886707306,0.0,31.177522659301758,0.0,0.0
561.5338792800903,0.0,31.234769821166992,0.0,0.0
561.7593328952789,0.0,31.31129264831543,0.0,0.0
561.9843971729279,0.0,31.355161666870117,0.0,0.0
562.2095992565155,0.0,31.46964454650879,0.0,0.0
562.4348294734955,0.0,31.44767951965332,0.0,0.0
562.6603953838348,0.0,31.452911376953125,0.0,0.0
562.8822803497314,0.0,31.307619094848633,0.0,0.0
563.1066818237305,0.0,31.101856231689453,0.0,0.0
563.3320305347443,0.0,30.94167137145996,0.0,0.0
563.5574777126312,0.0,30.87250328063965,0.0,0.0
563.7826385498047,0.0,30.810251235961914,0.0,0.0
564.0082130432129,0.0,31.904224395751953,0.0,0.0
564.2329318523407,0.0,32.83879852294922,0.0,0.0
564.4584696292877,0.0,33.6549186706543,0.0,0.0
564.6834807395935,0.0,34.33942794799805,0.0,0.0
564.9094016551971,0.0,34.930484771728516,0.0,0.0
565.1340217590332,0.0,35.53743362426758,0.0,0.0
565.3592326641083,0.0,36.03369140625,0.0,0.0
565.5845131874084,0.0,36.48031997680664,0.0,0.0
565.8102362155914,0.0,36.8572883605957,0.0,0.0
566.0351536273956,0.0,37.19655990600586,0.0,0.0
566.2607545852661,0.0,37.52690124511719,0.0,0.0
566.4857003688812,0.0,37.724212646484375,0.0,0.0
566.7113044261932,0.0,37.926788330078125,0.0,0.0
566.936386346817,0.0,38.084110260009766,0.0,0.0
567.1613194942474,0.0,38.22570037841797,0.0,0.0
567.3871643543243,0.0,38.35313034057617,0.0,0.0
567.6123158931732,0.0,38.49281311035156,0.0,0.0
567.8332672119141,0.0,38.59353256225586,0.0,0.0
568.0592002868652,0.0,38.60917663574219,0.0,0.0
568.2836892604828,0.0,38.648258209228516,0.0,0.0
568.5133371353149,0.0,38.63343048095703,0.0,0.0
568.7341487407684,0.0,38.67008972167969,0.0,0.0
568.959511756897,0.0,38.60308074951172,0.0,0.0
569.1848111152649,0.0,38.567771911621094,0.0,0.0
569.4104552268982,0.0,38.585994720458984,0.0,0.0
569.6352672576904,0.0,38.50239562988281,0.0,0.0
569.8609485626221,0.0,38.47715759277344,0.0,0.0
570.0858285427094,0.0,38.50444030761719,0.0,0.0
570.3114438056946,0.0,38.528995513916016,0.0,0.0
570.536669254303,0.0,38.526092529296875,0.0,0.0
570.7622518539429,0.0,38.448482513427734,0.0,0.0
570.987179517746,0.0,38.37863540649414,0.0,0.0
571.2124624252319,0.0,38.290771484375,0.0,0.0
571.4382693767548,0.0,38.31169128417969,0.0,0.0
571.6633746623993,0.0,38.18052291870117,0.0,0.0
571.8882672786713,0.0,38.03746795654297,0.0,0.0
572.1133699417114,0.0,37.88372039794922,0.0,0.0
572.3384416103363,0.0,37.7453498840332,0.0,0.0
572.5642890930176,0.0,37.6958122253418,0.0,0.0
572.7889478206635,0.0,37.65122985839844,0.0,0.0
573.0147123336792,0.0,37.58610534667969,0.0,0.0
573.2403786182404,0.0,37.552494049072266,0.0,0.0
573.4654593467712,0.0,37.52224349975586,0.0,0.0
573.6862275600433,0.0,37.47002029418945,0.0,0.0
573.9112002849579,0.0,37.32301712036133,0.0,0.0
574.1368582248688,0.0,37.290714263916016,0.0,0.0
574.3618304729462,0.0,37.23664093017578,0.0,0.0
574.5872719287872,0.0,37.1879768371582,0.0,0.0
574.8123223781586,0.0,37.119178771972656,0.0,0.0
575.0383253097534,0.0,37.0572624206543,0.0,0.0
575.2633264064789,0.0,36.97653579711914,0.0,0.0
575.4880654811859,0.0,36.90388107299805,0.0,0.0
575.7136673927307,0.0,36.81349182128906,0.0,0.0
575.9393486976624,0.0,36.75714111328125,0.0,0.0
576.1642680168152,0.0,36.706424713134766,0.0,0.0
576.3894352912903,0.0,36.66078186035156,0.0,0.0
576.6147706508636,0.0,36.59469985961914,0.0,0.0
576.8403422832489,0.0,36.53522872924805,0.0,0.0
577.0654172897339,0.0,36.431705474853516,0.0,0.0
577.2906622886658,0.0,36.36353302001953,0.0,0.0
577.5156147480011,0.0,36.302181243896484,0.0,0.0
577.7413442134857,0.0,36.221961975097656,0.0,0.0
577.9660847187042,0.0,36.1247673034668,0.0,0.0
578.1916980743408,0.0,36.06229019165039,0.0,0.0
578.4165868759155,0.0,35.956058502197266,0.0,0.0
578.6423516273499,0.0,35.860450744628906,0.0,0.0
578.8671605587006,0.0,35.74940490722656,0.0,0.0
579.0932011604309,0.0,35.67446517944336,0.0,0.0
579.317666053772,0.0,35.58201599121094,0.0,0.0
579.5433526039124,0.0,35.47381591796875,0.0,0.0
579.768458366394,0.0,35.401432037353516,0.0,0.0
579.9942877292633,0.0,35.28628921508789,0.0,0.0
580.2154772281647,0.0,35.20766067504883,0.0,0.0
580.4402546882629,0.0,35.11189270019531,0.0,0.0
580.6651799678802,0.0,35.07570266723633,0.0,0.0
580.8912396430969,0.0,35.018131256103516,0.0,0.0
581.1159045696259,0.0,35.06631851196289,0.0,0.0
581.3409471511841,0.0,35.10968780517578,0.0,0.0
581.5663249492645,0.0,35.223716735839844,0.0,0.0
581.7923138141632,0.0,35.17634201049805,0.0,0.0
582.0167915821075,0.0,35.108707427978516,0.0,0.0
582.2423014640808,0.0,34.99783706665039,0.0,0.0
582.4674692153931,0.0,34.848052978515625,0.0,0.0
582.6933469772339,0.0,34.663246154785156,0.0,0.0
582.9178969860077,0.0,34.52191925048828,0.0,0.0
583.1434278488159,0.0,34.244728088378906,0.0,0.0
583.3687214851379,0.0,33.97025680541992,0.0,0.0
583.5938503742218,0.0,33.74822998046875,0.0,0.0
583.8189404010773,0.0,33.47340393066406,0.0,0.0
584.0445272922516,0.0,33.2010612487793,0.0,0.0
584.2697274684906,0.0,32.93095397949219,0.0,0.0
584.4948403835297,0.0,32.71285629272461,0.0,0.0
584.7202744483948,0.0,32.46657180786133,0.0,0.0
584.9455151557922,0.0,32.24491500854492,0.0,0.0
585.1664974689484,0.0,32.0454216003418,0.0,0.0
585.3922128677368,0.0,31.86587905883789,0.0,0.0
585.6214423179626,0.0,31.604290008544922,0.0,0.0
585.8427040576935,0.0,31.393861770629883,0.0,0.0
586.067586183548,0.0,31.179473876953125,0.0,0.0
586.2932798862457,0.0,30.98652458190918,0.0,0.0
586.5180315971375,0.0,30.812870025634766,0.0,0.0
586.7436058521271,0.0,30.631582260131836,0.0,0.0
586.968606710434,0.0,30.443424224853516,0.0,0.0
587.1944167613983,0.0,30.29907989501953,0.0,0.0
587.4194414615631,0.0,30.1441707611084,0.0,0.0
587.644814491272,0.0,30.029752731323242,0.0,0.0
587.8703832626343,0.0,29.87677764892578,0.0,0.0
588.095388174057,0.0,29.714099884033203,0.0,0.0
588.3204050064087,0.0,29.517688751220703,0.0,0.0
588.5458528995514,0.0,29.340919494628906,0.0,0.0
588.7713615894318,0.0,29.231826782226562,0.0,0.0
588.9964969158173,0.0,29.108642578125,0.0,0.0
589.2215042114258,0.0,28.99777603149414,0.0,0.0
589.4469637870789,0.0,28.847997665405273,0.0,0.0
589.6723711490631,0.0,28.663198471069336,0.0,0.0
589.897243976593,0.0,28.57187843322754,0.0,0.0
590.1225187778473,0.0,28.414690017700195,0.0,0.0
590.3483533859253,0.0,28.298221588134766,0.0,0.0
590.5734782218933,0.0,28.168399810791016,0.0,0.0
590.7940843105316,0.0,28.07655906677246,0.0,0.0
591.0196304321289,0.0,27.918901443481445,0.0,0.0
591.2454268932343,0.0,27.80200958251953,0.0,0.0
591.4703812599182,0.0,27.67180824279785,0.0,0.0
591.6953227519989,0.0,27.579626083374023,0.0,0.0
591.9207661151886,0.0,27.471662521362305,0.0,0.0
592.1464281082153,0.0,27.34949493408203,0.0,0.0
592.3713545799255,0.0,27.264543533325195,0.0,0.0
592.5964782238007,0.0,27.21308708190918,0.0,0.0
592.8214211463928,0.0,27.116777420043945,0.0,0.0
593.0471856594086,0.0,27.030099868774414,0.0,0.0
593.2723398208618,0.0,26.952089309692383,0.0,0.0
593.4975414276123,0.0,26.881879806518555,0.0,0.0
593.7232882976532,0.0,26.768692016601562,0.0,0.0
593.948516368866,0.0,26.66682243347168,0.0,0.0
594.1734042167664,0.0,26.625139236450195,0.0,0.0
594.3987140655518,0.0,26.58762550354004,0.0,0.0
594.6240210533142,0.0,26.47886085510254,0.0,0.0
594.8489465713501,0.0,26.43097496032715,0.0,0.0
595.0743820667267,0.0,26.362876892089844,0.0,0.0
595.2994284629822,0.0,26.301589965820312,0.0,0.0
596.2290470600128,0.0,26.2214298248291,0.0,0.0
596.3352448940277,0.0,26.124286651611328,0.0,0.0
596.4393479824066,0.0,26.08685874938965,0.0,0.0
596.5537424087524,0.0,26.02817153930664,0.0,0.0
596.6718187332153,0.0,25.950353622436523,0.0,0.0
596.7925415039062,0.0,25.905317306518555,0.0,0.0
596.9106721878052,0.0,25.789785385131836,0.0,0.0
597.0980064868927,0.0,25.710805892944336,0.0,0.0
597.3235399723053,0.0,25.61472511291504,0.0,0.0
597.5483574867249,0.0,25.553251266479492,0.0,0.0
597.773503780365,0.0,25.4979248046875,0.0,0.0
597.9988040924072,0.0,25.423131942749023,0.0,0.0
598.2243106365204,0.0,25.380817413330078,0.0,0.0
598.4493386745453,0.0,25.31773567199707,0.0,0.0
598.6746156215668,0.0,25.285961151123047,0.0,0.0
598.8994905948639,0.0,25.207365036010742,0.0,0.0
599.1254525184631,0.0,25.16162872314453,0.0,0.0
599.3503415584564,0.0,25.09546661376953,0.0,0.0
599.5756556987762,0.0,25.035919189453125,0.0,0.0
599.8009371757507,0.0,25.007326126098633,0.0,0.0
600.0263819694519,0.0,24.93159294128418,0.0,0.0
600.2514793872833,0.0,24.8884334564209,0.0,0.0
600.4763219356537,0.0,24.89958953857422,0.0,0.0
600.7018005847931,0.0,24.859630584716797,0.0,0.0
600.927410364151,0.0,24.84866714477539,0.0,0.0
601.152715921402,0.0,24.788799285888672,0.0,0.0
601.3778638839722,0.0,24.73491859436035,0.0,0.0
601.602920293808,0.0,24.736427307128906,0.0,0.0
601.828554391861,0.0,24.712783813476562,0.0,0.0
602.0536203384399,0.0,24.691505432128906,0.0,0.0
602.2744693756104,0.0,24.67235565185547,0.0,0.0
602.6572535037994,0.0,24.63011932373047,0.0,0.0
602.7293450832367,0.0,24.592105865478516,0.0,0.0
602.9547531604767,0.0,24.532894134521484,0.0,0.0
603.1763098239899,0.0,24.504602432250977,0.0,0.0
603.4014534950256,0.0,24.479141235351562,0.0,0.0
603.6265320777893,0.0,24.48122787475586,0.0,0.0
603.8517959117889,0.0,24.558103561401367,0.0,0.0
604.0773458480835,0.0,24.62729263305664,0.0,0.0
604.3024070262909,0.0,24.73956298828125,0.0,0.0
604.527459859848,0.0,24.840606689453125,0.0,0.0
604.7528157234192,0.0,24.93154525756836,0.0,0.0
604.9782106876373,0.0,25.03839111328125,0.0,0.0
605.259238243103,0.0,25.1595516204834,0.0,0.0
605.4283874034882,0.0,25.31859588623047,0.0,0.0
605.6540284156799,0.0,25.436735153198242,0.0,0.0
605.87939620018,0.0,25.5180606842041,0.0,0.0
606.3068244457245,0.0,25.59125328063965,0.0,0.0
606.3913533687592,0.0,25.682126998901367,0.0,0.0
606.5555582046509,0.0,25.738914489746094,0.0,0.0
606.7803349494934,0.0,25.790021896362305,0.0,0.0
607.0054013729095,0.0,25.861019134521484,0.0,0.0
607.2306222915649,0.0,25.874916076660156,0.0,0.0
607.4557764530182,0.0,25.912424087524414,0.0,0.0
607.6807198524475,0.0,25.921180725097656,0.0,0.0
607.9744882583618,0.0,25.929061889648438,0.0,0.0
608.1275372505188,0.0,25.936155319213867,0.0,0.0
608.3527746200562,0.0,25.917539596557617,0.0,0.0
608.5779929161072,0.0,25.875783920288086,0.0,0.0
608.8030247688293,0.0,25.863204956054688,0.0,0.0
609.0283718109131,0.0,25.82688331604004,0.0,0.0
609.2540926933289,0.0,25.74419403076172,0.0,0.0
609.4788217544556,0.0,25.694772720336914,0.0,0.0
609.7043418884277,0.0,25.65029525756836,0.0,0.0
609.9297528266907,0.0,25.61026382446289,0.0,0.0
610.1553120613098,0.0,25.59923553466797,0.0,0.0
610.3799407482147,0.0,25.56431007385254,0.0,0.0
610.6054582595825,0.0,25.50787925720215,0.0,0.0
610.8309309482574,0.0,25.40709114074707,0.0,0.0
611.056704044342,0.0,25.316381454467773,0.0,0.0
611.281126499176,0.0,25.28474235534668,0.0,0.0
611.506457567215,0.0,25.23126792907715,0.0,0.0
611.7318506240845,0.0,25.208141326904297,0.0,0.0
611.9570226669312,0.0,25.212326049804688,0.0,0.0
612.1820893287659,0.0,25.166093826293945,0.0,0.0
612.4074943065643,0.0,25.149484634399414,0.0,0.0
612.6325914859772,0.0,25.059534072875977,0.0,0.0
612.8580594062805,0.0,25.07857894897461,0.0,0.0
613.0795755386353,0.0,24.99571990966797,0.0,0.0
613.3047819137573,0.0,24.946147918701172,0.0,0.0
613.5340852737427,0.0,24.901533126831055,0.0,0.0
613.759471654892,0.0,24.811378479003906,0.0,0.0
613.9801874160767,0.0,24.780241012573242,0.0,0.0
614.2057647705078,0.0,24.752216339111328,0.0,0.0
614.4315526485443,0.0,24.701993942260742,0.0,0.0
614.6560957431793,0.0,24.65679359436035,0.0,0.0
614.8815593719482,0.0,24.641115188598633,0.0,0.0
615.1065270900726,0.0,24.577003479003906,0.0,0.0
615.3321363925934,0.0,24.49430274963379,0.0,0.0
615.5573885440826,0.0,24.394872665405273,0.0,0.0
615.7827234268188,0.0,24.355384826660156,0.0,0.0
616.0081446170807,0.0,24.31984519958496,0.0,0.0
616.232913017273,0.0,24.23785972595215,0.0,0.0
